utc_sec,hor_err_m(nan=no solution),ver_err_m
6.538000000000000000e+04,nan,nan
6.538100000000000000e+04,nan,nan
6.538200000000000000e+04,nan,nan
6.538300000000000000e+04,nan,nan
6.538400000000000000e+04,nan,nan
6.538500000000000000e+04,nan,nan
6.538600000000000000e+04,6.707824737863392339e-02,1.932257568184612279e-02
6.538700000000000000e+04,5.876493662910728388e-02,2.363058551980162444e-02
6.538800000000000000e+04,7.033907998375596438e-02,5.297786593462609425e-03
6.538900000000000000e+04,1.730637469140643842e-02,6.887410650145130500e-03
6.539000000000000000e+04,2.445083013465368382e-02,3.870988401706802490e-03
6.539100000000000000e+04,2.820251206845651032e-02,6.584849165163064906e-03
6.539200000000000000e+04,5.311336533821953143e-02,6.653646971679473901e-03
6.539300000000000000e+04,1.532499455462648860e-02,6.901709122749709931e-04
6.539400000000000000e+04,1.382115310151552263e-02,8.877701797625444421e-04
6.539500000000000000e+04,1.240820541808129208e-02,2.701618575355716877e-03
6.539600000000000000e+04,3.655854170245467077e-02,6.392186388669400272e-04
6.539700000000000000e+04,9.524725632533317388e-01,3.831696819568622056e-03
6.539800000000000000e+04,2.341006561954680265e+00,8.503701597857897532e-03
6.539900000000000000e+04,4.670197869675377866e+00,3.626041164376762882e-02
6.540000000000000000e+04,7.008491715115066079e+00,6.145762794110876115e-02
6.540100000000000000e+04,6.835281779878305208e+00,3.235361034385951795e-01
6.540200000000000000e+04,8.138186734331734229e+00,4.373029052970648922e-01
6.540300000000000000e+04,2.986152420908962490e+00,8.600950673726546203e-01
6.540400000000000000e+04,2.940318904486376450e+00,1.100732888639302187e+00
6.540500000000000000e+04,3.629099853813025689e+00,1.274260559405160365e+00
6.540600000000000000e+04,3.970102488736348079e+00,1.556005541964124550e+00
6.540700000000000000e+04,3.645224785731259853e+00,1.712678772886446321e+00
6.540800000000000000e+04,5.820694050455029966e+00,1.899278699167178619e+00
6.540900000000000000e+04,5.517735936100621963e+00,1.790150051007767029e+00
6.541000000000000000e+04,1.135587628602729104e+01,1.846929417776810300e+00
6.541100000000000000e+04,1.777595972294333393e+01,2.005807256635172564e+00
6.541200000000000000e+04,2.640036924440749999e+01,1.988162334009998755e+00
6.541300000000000000e+04,5.143884858286306638e+01,1.941807216632544630e+00
6.541400000000000000e+04,6.421179854585227531e+01,1.803031777242395606e+00
6.541500000000000000e+04,7.694213427993200582e+01,1.574429038132453273e+00
6.541600000000000000e+04,nan,nan
6.541700000000000000e+04,nan,nan
6.541800000000000000e+04,nan,nan
6.541900000000000000e+04,2.850944186845207451e+00,3.607112314608251213e-01
6.542000000000000000e+04,3.842154741775198890e+00,5.347771183066910572e-01
6.542100000000000000e+04,4.609493706032827376e+00,6.577301267781032745e-01
6.542200000000000000e+04,1.021726853462052453e+01,1.296562664809344234e+00
6.542300000000000000e+04,7.118712232060720346e+00,8.519030960022841992e-01
6.542400000000000000e+04,1.446978243627369309e+01,1.283560488244015030e+00
6.542500000000000000e+04,1.712232400562351131e+01,5.983404572175397007e-01
6.542600000000000000e+04,2.482776396178814338e+01,2.157615673200581341e-01
6.542700000000000000e+04,6.361781961133525698e+01,3.462948475212366262e-01
6.542800000000000000e+04,5.621621298434931902e+01,2.169607932232360259e-01
6.542900000000000000e+04,6.076458526619671119e+01,1.903642567259093754e+00
6.543000000000000000e+04,4.646244604167549852e+01,2.558486646275359711e-02
6.543100000000000000e+04,nan,nan
6.543200000000000000e+04,nan,nan
6.543300000000000000e+04,nan,nan
6.543400000000000000e+04,5.253085255379654761e-01,1.767974458056329468e-01
6.543500000000000000e+04,1.555914112533280713e+00,4.639133486455593314e-02
6.543600000000000000e+04,4.791027637478336570e-02,5.897730849593929570e-02
6.543700000000000000e+04,1.139343739879197515e-01,5.191646510735958842e-02
6.543800000000000000e+04,5.592064351070077238e-02,6.167108432653889416e-02
6.543900000000000000e+04,4.531442262069070026e-02,6.109478109695287706e-02
6.544000000000000000e+04,3.348821866814032100e-02,2.625196484873115743e-02
6.544100000000000000e+04,6.000886204008296088e-02,3.690636914640843536e-02
6.544200000000000000e+04,3.939565977221728965e-02,1.011770143430468227e-02
6.544300000000000000e+04,7.478749702554240986e-02,1.435657373386645119e-02
6.544400000000000000e+04,1.280757939846077255e-02,7.745983932460065446e-03
6.544500000000000000e+04,1.068609864174614454e-01,1.394946303351651817e-02
6.544600000000000000e+04,1.160724751209734305e-02,1.470582961750846462e-02
6.544700000000000000e+04,7.196629621649806852e-02,1.021818313208447404e-02
6.544800000000000000e+04,2.510450822662263146e-02,6.643314538555447624e-03
6.544900000000000000e+04,2.425173196055759386e-02,1.813635492613915878e-02
6.545000000000000000e+04,1.026059733106235439e-02,1.951297419508937758e-02
6.545100000000000000e+04,4.351773749689385844e-03,1.704254955128033100e-02
6.545200000000000000e+04,3.078512057369546875e-03,1.358000174086552991e-02
6.545300000000000000e+04,9.128479163045931030e-03,1.377594292796492648e-02
6.545400000000000000e+04,7.480883342222563459e-03,1.123085796417171156e-02
6.545500000000000000e+04,1.202882427637027782e-02,1.456043123707780051e-02
6.545600000000000000e+04,5.746919970667215688e-02,1.537691220934633840e-02
6.545700000000000000e+04,1.628676672304872966e-02,1.397496681766164511e-02
6.545800000000000000e+04,3.238931867606564818e-02,1.229250192534117603e-02
6.545900000000000000e+04,1.721052646974998920e-02,1.844226719064522360e-02
6.546000000000000000e+04,1.758920076568931679e-02,1.056807697590420210e-03
6.546100000000000000e+04,3.629871761917655149e-02,1.289680641420407970e-03
6.546200000000000000e+04,1.782932574198421716e-02,2.049211590152413918e-03
6.546300000000000000e+04,2.665127836328662347e-02,3.398825309461683125e-03
6.546400000000000000e+04,2.055095334709856891e-01,1.673131376247731852e-02
6.546500000000000000e+04,5.604639109267050417e-02,1.930634004170235507e-02
6.546600000000000000e+04,8.567020767235151990e-02,2.571898880795564502e-02
6.546700000000000000e+04,6.328010592352903418e-02,5.091944938051412572e-02
6.546800000000000000e+04,7.734964935731918068e-02,3.405193443672860365e-02
6.546900000000000000e+04,1.571171571238211273e-02,3.254237817113303510e-02
6.547000000000000000e+04,2.153673654782444213e-01,2.695964232196068622e-02
6.547100000000000000e+04,5.425652540446848637e-02,1.254150571925083391e-02
6.547200000000000000e+04,5.501107986400442795e-02,2.979861284531981624e-03
6.547300000000000000e+04,1.033396952030634919e-01,5.863156976833039380e-04
6.547400000000000000e+04,8.312238040027397634e-02,4.713005935082392739e-03
6.547500000000000000e+04,1.401618695684824500e-01,8.835948403487670078e-03
6.547600000000000000e+04,1.318480999224906636e-01,1.088285550079071129e-02
6.547700000000000000e+04,2.108151549676640368e-01,2.878563295237324127e-02
6.547800000000000000e+04,2.230634757804279278e-01,8.785805829938819755e-02
6.547900000000000000e+04,7.896302036204840002e-02,3.725715188878275796e-02
6.548000000000000000e+04,6.394921216236797157e-02,4.917022557275974037e-02
6.548100000000000000e+04,7.477558990249597026e-02,4.796579410145529465e-02
6.548200000000000000e+04,1.058115285185193405e-01,7.556346499580257614e-02
6.548300000000000000e+04,1.189179683302454410e-01,8.363467789663658891e-02
6.548400000000000000e+04,8.620947968035932996e-02,4.967880503956756399e-02
6.548500000000000000e+04,2.194907625796735026e-02,1.763989158624212905e-02
6.548600000000000000e+04,7.631772375906954731e-02,1.587774569768640731e-02
6.548700000000000000e+04,4.399447524542848820e-02,3.695074514192597803e-03
6.548800000000000000e+04,5.514648301084348198e-02,1.878600251425055490e-02
6.548900000000000000e+04,5.768331006144393480e-02,8.760343876208054326e-03
6.549000000000000000e+04,9.735414915209271436e-02,3.325480161115557109e-02
6.549100000000000000e+04,5.991747529141688844e-02,3.258875502981339878e-02
6.549200000000000000e+04,9.010944811968162049e-02,2.110786887845250703e-02
6.549300000000000000e+04,7.816725407727756481e-02,4.651472866902750525e-02
6.549400000000000000e+04,7.745618585618263552e-02,4.775658841247931718e-02
6.549500000000000000e+04,5.072206919460463953e-02,5.080423063033912001e-02
6.549600000000000000e+04,9.483561220711782258e-02,4.498556069717807304e-02
6.549700000000000000e+04,1.627061910274391413e-02,3.766757267247555774e-02
6.549800000000000000e+04,9.966301993868083298e-02,5.133994585184531445e-02
6.549900000000000000e+04,2.962159365093837773e-02,4.306853127234155920e-02
6.550000000000000000e+04,8.016587211039281902e-02,5.075539861421596299e-02
6.550100000000000000e+04,1.694164597630665875e-02,2.444537510209698894e-02
6.550200000000000000e+04,7.394160600826757586e-03,2.120244939935034267e-02
6.550300000000000000e+04,3.238093826191244806e-02,1.618685203589897981e-02
6.550400000000000000e+04,4.778476592353426283e-02,1.096145723234798197e-02
6.550500000000000000e+04,4.368086501547003425e-02,1.408669977882581748e-02
6.550600000000000000e+04,5.162494932640181167e-02,3.120389499153830570e-03
6.550700000000000000e+04,4.010582451912206303e-02,5.227996288935443658e-03
6.550800000000000000e+04,4.493471501189793410e-02,5.432766538522315614e-03
6.550900000000000000e+04,4.981581644616264737e-02,1.392624559911581628e-02
6.551000000000000000e+04,9.753809051271296326e-02,1.367762053477328266e-02
6.551100000000000000e+04,9.532100320639742830e-02,3.265458946567534326e-02
6.551200000000000000e+04,1.041896676874412286e-01,4.615149818555508432e-02
6.551300000000000000e+04,9.518911362088426642e-02,2.806916499278244714e-02
6.551400000000000000e+04,1.622628517444212881e-01,3.895498410486197827e-02
6.551500000000000000e+04,7.691530912690273947e-02,1.619668473338364834e-02
6.551600000000000000e+04,1.264077023374063635e-01,1.600978044572087811e-02
6.551700000000000000e+04,7.646084765415440965e-02,2.874735734934574793e-03
6.551800000000000000e+04,4.560393979341725162e-02,5.575358378802519610e-03
6.551900000000000000e+04,8.045192175618011074e-03,2.203740094703121599e-02
6.552000000000000000e+04,3.453364219888961639e-02,3.190167260947163186e-02
6.552100000000000000e+04,4.096648807947042559e-02,4.155727996041136407e-02
6.552200000000000000e+04,1.545888832492811962e-02,1.210202939601856542e-02
6.552300000000000000e+04,1.596848276286031570e-02,2.382448662652691951e-02
6.552400000000000000e+04,4.352361503467171155e-02,2.720947354773883831e-02
6.552500000000000000e+04,1.678281118643711392e-02,2.535911041582039616e-02
6.552600000000000000e+04,9.822092816654619252e-02,1.300614815686884640e-02
6.552700000000000000e+04,5.663324596780263190e-03,2.125927913797909241e-02
6.552800000000000000e+04,1.248801261561739429e-01,2.250481225767586579e-02
6.552900000000000000e+04,1.271697785491585596e-02,2.738682098056699488e-02
6.553000000000000000e+04,1.270261934697427264e-01,1.042722255770911488e-02
6.553100000000000000e+04,2.149097050712249490e-02,7.791416071366796814e-03
6.553200000000000000e+04,8.207655826677559552e-02,8.420719405776821986e-03
6.553300000000000000e+04,1.177209939320671313e-02,5.711572080421944975e-03
6.553400000000000000e+04,2.248072500691907644e-02,3.042386076156589070e-03
6.553500000000000000e+04,4.370716572811597644e-02,1.545921870196309555e-03
6.553600000000000000e+04,3.689504291765528105e-02,1.626184291423626860e-02
6.553700000000000000e+04,5.425861168873066798e-02,1.653369118122682835e-02
6.553800000000000000e+04,3.386075136938094393e-02,2.238625550922535012e-02
6.553900000000000000e+04,4.596322195260123256e-02,2.389792300387938440e-02
6.554000000000000000e+04,2.709664015209285737e-02,2.444794674014261204e-02
6.554100000000000000e+04,2.549932707958428232e-02,2.609662197415474338e-02
6.554200000000000000e+04,1.590790962114413745e-02,2.602840818098428599e-02
6.554300000000000000e+04,2.346145883395284876e-02,2.650278647946535671e-02
6.554400000000000000e+04,1.100212522329154993e-02,2.276285195768323888e-02
6.554500000000000000e+04,2.231486239120195753e-02,2.352801611878163612e-02
6.554600000000000000e+04,1.606552354156611517e-01,2.488866680857171332e-02
6.554700000000000000e+04,2.681555405527459232e-02,2.720133350005227157e-02
6.554800000000000000e+04,1.187155881688060910e-01,3.104835754561818817e-02
6.554900000000000000e+04,3.802107701301021131e-02,3.366183907595043934e-02
6.555000000000000000e+04,8.500040402843569640e-03,3.220729109023068304e-02
6.555100000000000000e+04,5.056287114356373957e-02,2.710988422190396818e-02
6.555200000000000000e+04,4.117274380346845619e-02,1.158187845439329067e-02
6.555300000000000000e+04,4.569063932363041231e-02,2.991879286843968089e-02
6.555400000000000000e+04,3.585463326495381270e-02,3.121087965951474530e-02
6.555500000000000000e+04,9.737116711785825940e-02,1.883524456117413592e-02
6.555600000000000000e+04,6.618677522538234104e-02,1.706815726346988527e-02
6.555700000000000000e+04,6.910228223438363848e-02,2.063909896544657840e-02
6.555800000000000000e+04,1.218347133899781859e-01,3.114258016972470955e-02
6.555900000000000000e+04,1.047111403118365647e-01,4.405119206706942236e-02
6.556000000000000000e+04,9.518683041175687864e-02,4.974160514517578235e-02
6.556100000000000000e+04,1.303916409907265872e-01,5.850448341790581708e-02
6.556200000000000000e+04,1.528525515251150380e-01,6.808319901684889430e-02
6.556300000000000000e+04,1.841979051591011718e-01,7.558698807123676033e-02
6.556400000000000000e+04,2.767481223746158792e-01,1.004599262687246863e-01
6.556500000000000000e+04,2.520844822351320791e-01,1.042434945123549284e-01
6.556600000000000000e+04,4.035517020793200627e-01,1.363296805479556895e-01
6.556700000000000000e+04,3.484571989433280503e-01,1.578697794597996307e-01
6.556800000000000000e+04,5.391734828922423173e-01,1.916754819960466705e-01
6.556900000000000000e+04,4.462147387659534115e-01,2.233707085335048248e-01
6.557000000000000000e+04,4.666865754660221577e-01,2.698973175731342877e-01
6.557100000000000000e+04,4.794680074675390924e-01,3.238881772246475776e-01
6.557200000000000000e+04,5.393113311719978098e-01,3.579332643167187911e-01
6.557300000000000000e+04,4.769575432520012370e-01,3.694352914528629128e-01
6.557400000000000000e+04,2.729244468280064284e-01,1.700665196051946992e-01
6.557500000000000000e+04,1.999549507384074387e-01,5.812697673974298596e-03
6.557600000000000000e+04,1.184180373401835379e-01,5.818452358702685956e-02
6.557700000000000000e+04,2.283362075476833356e-02,3.176144869984831587e-02
6.557800000000000000e+04,2.739197734054240468e-02,5.012972265861925791e-02
6.557900000000000000e+04,8.180104415206798651e-02,5.338093672437516091e-02
6.558000000000000000e+04,1.262983293782040661e-01,7.688171829744128161e-02
6.558100000000000000e+04,2.041578146909827918e-01,7.636948386331354754e-02
6.558200000000000000e+04,2.466663251809592672e-01,9.432978329401286999e-02
6.558300000000000000e+04,2.221421861334913483e-01,7.077833690224899499e-02
6.558400000000000000e+04,2.293696145908475370e-01,8.224064131108832498e-02
6.558500000000000000e+04,1.151165219236538195e-01,3.945864166527002226e-02
6.558600000000000000e+04,7.267512302341970487e-02,2.275996780278788378e-03
6.558700000000000000e+04,8.380548339942733849e-02,5.036411630907622339e-03
6.558800000000000000e+04,1.213032246235502404e-01,2.080046510282684835e-02
6.558900000000000000e+04,8.218678509157439915e-02,1.580885914142449167e-02
6.559000000000000000e+04,1.852859458983815710e-01,1.797798164672848031e-02
6.559100000000000000e+04,7.852048479945160364e-02,1.146584927301397272e-02
6.559200000000000000e+04,2.752330377701462383e-01,1.040875614712355457e-02
6.559300000000000000e+04,1.269956586541604870e-01,4.857887169182006915e-03
6.559400000000000000e+04,5.551225979928784554e-02,1.005174537180408834e-03
6.559500000000000000e+04,4.692540014176186519e-02,2.390899616012731599e-02
6.559600000000000000e+04,2.446105855250459704e-01,8.601868471290075036e-03
6.559700000000000000e+04,1.125924956181148240e-01,9.478183711584264870e-03
6.559800000000000000e+04,2.939419037487930875e-01,3.359427872794107373e-02
6.559900000000000000e+04,2.278806605589351886e-01,2.904288413797928570e-02
6.560000000000000000e+04,3.397041198788379734e-01,4.643550324161260789e-02
6.560100000000000000e+04,2.772270705873753349e-01,2.582307244188086770e-02
6.560200000000000000e+04,3.655521481416513230e-01,3.064759376827375092e-02
6.560300000000000000e+04,4.027902130659818392e-01,3.997693766950938254e-02
6.560400000000000000e+04,4.203382613341547502e-01,2.654512929585273184e-02
6.560500000000000000e+04,5.186274971551878554e-01,5.335337098016523782e-02
6.560600000000000000e+04,3.656438073758616070e-01,1.858550851662954528e-02
6.560700000000000000e+04,3.455517099831452721e-01,1.178206174936313744e-02
6.560800000000000000e+04,1.902805451543141402e-01,1.839363194780219146e-02
6.560900000000000000e+04,2.241021695397031332e-01,2.940389618776428904e-02
6.561000000000000000e+04,3.993532019311631376e-01,2.872569215882592175e-02
6.561100000000000000e+04,4.655504475528379760e-01,4.461012167699784925e-02
6.561200000000000000e+04,5.615234523963664737e-01,6.187783276790170817e-02
6.561300000000000000e+04,4.574081714536771814e-01,2.093519680337365685e-01
6.561400000000000000e+04,3.922145938596809933e-01,1.432194827296928707e-01
6.561500000000000000e+04,9.084963513999706752e-02,2.973488707516125373e-02
6.561600000000000000e+04,1.756042554210130724e-01,3.822380647715206692e-02
6.561700000000000000e+04,1.104344881422220231e-01,4.102870960542759349e-02
6.561800000000000000e+04,5.560951945668456131e-02,4.233632670923270780e-02
6.561900000000000000e+04,1.739588488917625034e-02,1.890186524062542617e-02
6.562000000000000000e+04,5.208268458951721691e-02,4.857065180416952899e-04
6.562100000000000000e+04,1.997896957809722207e-02,1.439324898209903836e-02
6.562200000000000000e+04,6.262301332882454219e-02,1.117132979480928157e-02
6.562300000000000000e+04,6.379363236020988218e-03,2.051438303553965170e-02
6.562400000000000000e+04,3.245941360445149526e-02,2.654812014014140686e-02
6.562500000000000000e+04,2.171513017731549477e-02,2.099294970295417784e-02
6.562600000000000000e+04,4.429970286385395695e-02,2.186108369260963968e-02
6.562700000000000000e+04,5.674788580214674971e-02,3.248498089172713321e-02
6.562800000000000000e+04,8.648779489212790605e-02,5.339230410748641020e-02
6.562900000000000000e+04,1.141787667493526365e-01,6.604235536196867429e-02
6.563000000000000000e+04,7.071568796152470637e-02,2.870216869811770266e-02
6.563100000000000000e+04,4.637312910253874043e-02,3.152276069658910274e-02
6.563200000000000000e+04,2.894602427726161720e-02,3.598782781469367364e-02
6.563300000000000000e+04,4.417291068763371659e-02,4.315361922460780875e-02
6.563400000000000000e+04,7.777156723121314563e-02,2.246361442293220989e-02
6.563500000000000000e+04,1.371264149856549729e-02,2.806933817575441026e-02
6.563600000000000000e+04,6.627459717693365282e-02,1.429218143222499293e-02
6.563700000000000000e+04,2.101296189867686223e-02,8.374083778626584262e-03
6.563800000000000000e+04,5.099056052807693362e-02,1.936740837851402830e-02
6.563900000000000000e+04,2.492682440229835802e-02,9.553883374834981623e-03
6.564000000000000000e+04,5.852036246877934805e-02,9.913663322290489077e-03
6.564100000000000000e+04,2.453861543141366147e-02,1.230831927403741588e-02
6.564200000000000000e+04,5.854721859565125558e-02,3.991507319538456500e-02
6.564300000000000000e+04,1.465587310827081401e-02,2.778100484837509043e-02
6.564400000000000000e+04,9.421044401026393289e-02,3.765670491081607452e-02
6.564500000000000000e+04,2.053335776054654102e-02,3.122042806013780591e-02
6.564600000000000000e+04,2.191293643676367822e-02,3.445182584695771766e-02
6.564700000000000000e+04,2.840684012662451907e-02,2.949854998722756250e-02
6.564800000000000000e+04,3.758974983225277233e-02,1.771258660228269832e-02
6.564900000000000000e+04,2.902703159039839165e-02,2.805705603426034145e-02
6.565000000000000000e+04,2.012978009752124653e-01,2.134701693524476696e-02
6.565100000000000000e+04,4.542516376641268783e-02,2.325961050964409083e-02
6.565200000000000000e+04,1.264943593773172892e-01,1.385154210725403345e-02
6.565300000000000000e+04,2.168067392542396415e-02,9.890718583626778582e-03
6.565400000000000000e+04,2.349403491096251351e-01,2.594583011248374760e-03
6.565500000000000000e+04,6.799179979636613136e-02,7.100575362667171930e-03
6.565600000000000000e+04,1.427445755608166278e-01,1.877607035604711427e-02
6.565700000000000000e+04,1.173499696127622699e-01,3.365220019934511697e-02
6.565800000000000000e+04,2.047111454951701937e-01,4.570623019721153923e-02
6.565900000000000000e+04,1.313299699397492415e-01,5.854641203238841740e-02
6.566000000000000000e+04,8.591569585011507582e-02,3.942133217777765708e-02
6.566100000000000000e+04,4.829918041442626819e-02,4.430931732864351602e-02
6.566200000000000000e+04,5.135032314271544690e-02,6.110323795649463818e-02
6.566300000000000000e+04,6.312542261965607693e-02,7.787392627245992571e-02
6.566400000000000000e+04,9.967447737287474241e-02,1.195867681398148363e-01
6.566500000000000000e+04,1.117160062190988845e-01,1.503414453811764417e-01
6.566600000000000000e+04,8.940396755615875879e-02,2.013198703271328327e-01
6.566700000000000000e+04,1.150389880545333865e-01,2.351908986496109577e-01
6.566800000000000000e+04,7.324237588524269704e-02,2.922686638196836384e-01
6.566900000000000000e+04,1.565942561627271801e-01,3.037694481606756369e-01
6.567000000000000000e+04,9.865303648177307927e-02,3.775681424870978020e-01
6.567100000000000000e+04,1.778422034082313419e-01,4.216423185612523383e-01
6.567200000000000000e+04,4.795885892676203799e-01,4.840537957776795963e-01
6.567300000000000000e+04,6.418283776071916913e-01,4.568341829392696951e-01
6.567400000000000000e+04,8.090995872535157174e-01,4.879137421741983616e-01
6.567500000000000000e+04,7.959525905947646418e-01,5.328614479042226293e-01
6.567600000000000000e+04,1.207314617196960510e-01,3.772640042283033068e-01
6.567700000000000000e+04,9.856816820621386310e-02,3.510382493628920741e-01
6.567800000000000000e+04,1.344142828336222506e-01,1.369048181041740975e-01
6.567900000000000000e+04,5.691581349111020371e-02,1.207004912973452804e-02
6.568000000000000000e+04,1.249008581871492718e-01,9.465239155908022894e-03
6.568100000000000000e+04,2.731837670947987254e-02,1.610319108206326177e-02
6.568200000000000000e+04,7.239543453884053625e-02,1.495509592994359593e-02
6.568300000000000000e+04,9.884073486999309099e-03,1.306936857604412694e-02
6.568400000000000000e+04,4.468623899320389725e-02,1.180650473890310082e-02
6.568500000000000000e+04,1.718168710830080340e-02,2.145763400219991013e-03
6.568600000000000000e+04,7.889032229410511410e-02,1.466502955554283005e-02
6.568700000000000000e+04,3.028965164737433893e-02,1.047190769303441016e-02
6.568800000000000000e+04,5.242330957270470437e-02,2.365398562712162089e-02
6.568900000000000000e+04,4.232380928405667098e-02,3.140170334675662644e-02
6.569000000000000000e+04,4.014751048227652858e-02,4.876809162623274574e-02
6.569100000000000000e+04,6.984959984792615817e-02,5.326811485572324756e-02
6.569200000000000000e+04,9.667888075973042616e-02,7.834470746442301348e-02
6.569300000000000000e+04,1.291959298040809279e-01,8.233874662514262255e-02
6.569400000000000000e+04,1.961649268010974279e-01,1.205649419330954153e-01
6.569500000000000000e+04,2.256034815255653359e-01,1.208180444590283287e-01
6.569600000000000000e+04,3.042595167031000858e-01,1.719422808057746721e-01
6.569700000000000000e+04,1.605345725523384393e-01,1.132331250870910466e-01
6.569800000000000000e+04,2.172013063605099936e-01,1.375252464716281153e-01
6.569900000000000000e+04,2.710823827554328935e-01,1.528010481650152741e-01
6.570000000000000000e+04,3.403967993336310949e-01,1.619167915590860041e-01
6.570100000000000000e+04,1.415844278352233476e-01,6.593492605119877226e-02
6.570200000000000000e+04,1.166806643860097137e-01,1.888223845025427394e-02
6.570300000000000000e+04,2.637291967088414499e-02,4.852540440499142349e-02
6.570400000000000000e+04,7.077225497919290009e-02,5.705952655756307834e-02
6.570500000000000000e+04,2.276442143653622380e-02,3.397634917463632220e-02
6.570600000000000000e+04,1.533845898917135242e-01,9.050416145047979199e-03
6.570700000000000000e+04,2.670865366224573975e-02,4.344546922797842825e-03
6.570800000000000000e+04,2.792844711578251760e-02,6.065292457415161209e-03
6.570900000000000000e+04,6.934803263066023626e-02,1.542959645190133955e-03
6.571000000000000000e+04,4.834770712175859991e-02,3.231902113230766815e-03
6.571100000000000000e+04,1.583812256821047482e-01,7.026702816848029443e-05
6.571200000000000000e+04,3.895691806980535604e-02,1.176030348975531936e-02
6.571300000000000000e+04,5.189746870929827505e-02,1.330837930441974848e-02
6.571400000000000000e+04,4.990961704525857107e-02,1.429756408597615547e-02
6.571500000000000000e+04,3.513597403793425333e-02,1.807790178799795200e-02
6.571600000000000000e+04,2.193536675182739815e-01,1.652696072397752403e-02
6.571700000000000000e+04,6.352440739242609657e-02,7.472886974150050321e-03
6.571800000000000000e+04,2.106353180104136857e-01,1.844954676043286668e-02
6.571900000000000000e+04,8.397429413838836121e-02,4.146573939358155769e-02
6.572000000000000000e+04,6.962035378914403771e-02,6.729226241906327566e-02
6.572100000000000000e+04,5.618954252101243663e-02,7.362255444959653339e-02
6.572200000000000000e+04,5.244184367011307107e-02,7.406810682270104085e-02
6.572300000000000000e+04,1.223506771574921388e-02,6.027563409458414068e-02
6.572400000000000000e+04,1.696101299483725872e-02,4.895040264132610730e-02
6.572500000000000000e+04,2.849709547933150858e-02,4.152598671354246207e-02
6.572600000000000000e+04,6.189170974421762117e-02,3.252697832979073445e-02
6.572700000000000000e+04,4.173295250440382104e-02,3.441763779059020534e-02
6.572800000000000000e+04,4.763849235141092570e-02,4.220753691842266120e-02
6.572900000000000000e+04,7.130723836888622214e-02,3.822725361781714737e-02
6.573000000000000000e+04,8.096693020726000722e-02,2.390086011249259457e-02
6.573100000000000000e+04,7.889292302954925562e-02,4.577387208566985333e-03
6.573200000000000000e+04,3.539554290414944487e-02,1.263705713471163783e-02
6.573300000000000000e+04,1.360936034228200919e-01,2.984851736323718141e-02
6.573400000000000000e+04,2.472562078618764925e-01,4.221529710223542731e-02
6.573500000000000000e+04,2.948167316875202060e-01,3.235048454317612787e-02
6.573600000000000000e+04,2.055855474605640387e-01,4.815419639576989930e-03
6.573700000000000000e+04,2.220286824671809933e-01,3.544800874558884374e-03
6.573800000000000000e+04,8.044201813716207738e-02,2.173336291423128008e-02
6.573900000000000000e+04,9.879143731500472647e-02,5.759568693467043143e-02
6.574000000000000000e+04,1.738047735930973656e-02,3.919188481335944552e-02
6.574100000000000000e+04,1.136996599500626239e-02,4.585981749571910182e-02
6.574200000000000000e+04,2.237738037217287812e-02,5.108606043213659298e-02
6.574300000000000000e+04,3.088179841174571241e-02,5.606039696444481413e-02
6.574400000000000000e+04,3.183775456240763024e-02,5.037970082733000954e-02
6.574500000000000000e+04,4.363587503869034018e-02,5.314811062035013078e-02
6.574600000000000000e+04,3.349434124723170425e-02,5.247086742862344666e-02
6.574700000000000000e+04,4.137539078696677447e-02,5.255435500408872640e-02
6.574800000000000000e+04,3.035544373737257898e-02,4.993882391487353134e-02
6.574900000000000000e+04,3.674290429700860505e-02,5.366918129400471971e-02
6.575000000000000000e+04,3.462640109444512643e-02,5.235591089247748631e-02
6.575100000000000000e+04,3.986928663736920980e-02,5.252585913703711196e-02
6.575200000000000000e+04,3.358757730675183267e-02,4.909317772624061105e-02
6.575300000000000000e+04,3.771845212510007567e-02,5.145873723862476323e-02
6.575400000000000000e+04,4.035616930948752318e-02,5.533082462494409715e-02
6.575500000000000000e+04,4.698802003721124637e-02,5.522976551076352880e-02
6.575600000000000000e+04,4.122787575360525175e-02,5.314368418632509083e-02
6.575700000000000000e+04,3.927499691794891779e-02,5.214137777774469074e-02
6.575800000000000000e+04,3.863648365121956363e-02,4.857330526857156494e-02
6.575900000000000000e+04,3.540125089815060466e-02,4.981616694659651845e-02
6.576000000000000000e+04,3.264340554426000546e-02,5.223818152596237940e-02
6.576100000000000000e+04,3.091022103877711161e-02,5.152630447011408155e-02
6.576200000000000000e+04,9.867200724727907823e-02,5.367442093120500246e-02
6.576300000000000000e+04,1.632028710804223071e-02,6.154330677244529424e-02
6.576400000000000000e+04,4.150878244882712231e-02,7.288503082976188763e-02
6.576500000000000000e+04,2.668299844328313880e-02,8.965415562743400679e-02
6.576600000000000000e+04,4.777234824552748643e-02,1.083470671665265894e-01
6.576700000000000000e+04,7.607266648377117302e-02,1.200852858652782240e-01
6.576800000000000000e+04,1.349435986125807618e-01,1.308790239289410740e-01
6.576900000000000000e+04,1.552273507270434671e-01,1.590103193589091912e-01
6.577000000000000000e+04,1.405906702074984638e-01,1.778322260880552674e-01
6.577100000000000000e+04,1.814534194716483084e-01,1.957660743520869828e-01
6.577200000000000000e+04,1.240633657718546723e-01,2.090318365208928553e-01
6.577300000000000000e+04,1.431835055857191563e-01,2.213086997200767181e-01
6.577400000000000000e+04,1.573632102442156511e-01,2.085731068378767761e-01
6.577500000000000000e+04,1.184049679121471910e-01,2.201937646031444373e-01
6.577600000000000000e+04,1.046417750177777994e-01,1.744974088179096494e-01
6.577700000000000000e+04,5.544728001632739933e-02,1.078166213409263996e-01
6.577800000000000000e+04,1.812895358809337720e-01,2.944948928505852770e-02
6.577900000000000000e+04,5.809396525963718416e-02,2.499867771753661039e-02
6.578000000000000000e+04,1.317207263099784142e-01,1.906755010955629714e-02
6.578100000000000000e+04,6.694150806973486745e-02,1.443741060620129524e-02
6.578200000000000000e+04,8.604413212360495500e-02,2.231130761669453122e-02
6.578300000000000000e+04,9.926137360332601411e-02,1.359787801500456084e-02
6.578400000000000000e+04,1.601283757055151635e-01,3.901188985065928705e-02
6.578500000000000000e+04,2.183610295371447574e-01,3.768752285413157210e-02
6.578600000000000000e+04,1.601838091080122206e-01,4.733176931500349127e-02
6.578700000000000000e+04,2.531172495522825416e-01,6.736145363534262742e-02
6.578800000000000000e+04,8.313224352084586100e-01,1.632714213686794480e-01
6.578900000000000000e+04,1.399886575998452010e+00,2.582161417971953199e-01
6.579000000000000000e+04,2.321140323152018681e+00,4.019827972777103575e-01
6.579100000000000000e+04,3.045900401371353983e+00,4.480032224707701793e-01
6.579200000000000000e+04,3.748033563638201837e+00,5.249194729960788841e-01
6.579300000000000000e+04,4.283792865505835934e+00,5.727497822055087617e-01
6.579400000000000000e+04,5.152465817551059146e+00,6.478440362015782661e-01
6.579500000000000000e+04,5.554330624739280076e+00,6.954651574203141173e-01
6.579600000000000000e+04,6.111475433585324524e+00,6.424334830065849822e-01
6.579700000000000000e+04,6.641835221646834597e+00,6.526012112493524420e-01
6.579800000000000000e+04,7.873177155023854290e+00,6.691436479961567763e-01
6.579900000000000000e+04,8.164977801663322765e+00,7.384249869958470214e-01
6.580000000000000000e+04,8.810769614437173658e+00,8.450324242935476349e-01
6.580100000000000000e+04,9.568971367940598327e+00,9.657995762239544035e-01
6.580200000000000000e+04,1.033712969563867823e+01,1.120951604719829131e+00
6.580300000000000000e+04,1.096519256511555973e+01,1.184814817071843329e+00
6.580400000000000000e+04,1.148661275251725478e+01,1.287766222184540954e+00
6.580500000000000000e+04,1.200048779634655993e+01,1.314058835318672624e+00
6.580600000000000000e+04,1.226529208469607291e+01,1.374291249201530007e+00
6.580700000000000000e+04,1.269742190986175423e+01,1.433077499596112414e+00
6.580800000000000000e+04,1.239324036666563700e+01,1.488960570031362174e+00
6.580900000000000000e+04,1.283800133362411167e+01,1.545452495401541171e+00
6.581000000000000000e+04,1.322169070215676001e+01,1.657332995744482673e+00
6.581100000000000000e+04,1.331690328529145084e+01,1.736797610626041433e+00
6.581200000000000000e+04,1.302206588609775828e+01,1.831740238578863256e+00
6.581300000000000000e+04,1.340387740669811656e+01,1.913810712638141842e+00
6.581400000000000000e+04,1.337983508122223952e+01,2.000731341974633537e+00
6.581500000000000000e+04,1.332802826847233746e+01,2.080844973164134082e+00
6.581600000000000000e+04,1.339460029980431344e+01,2.231689679353975109e+00
6.581700000000000000e+04,1.325002322775933905e+01,2.348930448466989063e+00
6.581800000000000000e+04,1.308660767977389838e+01,2.479248211255937306e+00
6.581900000000000000e+04,1.292718811248601263e+01,2.554664609967433719e+00
6.582000000000000000e+04,1.266525090704690548e+01,2.643770416642927223e+00
6.582100000000000000e+04,1.292981972931212908e+01,2.687964304867133336e+00
6.582200000000000000e+04,1.308989509158663012e+01,2.842633836896167221e+00
6.582300000000000000e+04,1.320218417849561909e+01,2.874282743806251261e+00
6.582400000000000000e+04,1.319924936096483670e+01,2.958674441536922828e+00
6.582500000000000000e+04,1.328541338776146574e+01,2.989237810312574961e+00
6.582600000000000000e+04,1.340447632935365974e+01,2.995375863116464643e+00
6.582700000000000000e+04,1.347134259602624695e+01,3.082366584203986459e+00
6.582800000000000000e+04,1.372413157016328356e+01,3.131594646797264847e+00
6.582900000000000000e+04,1.394589665024789049e+01,3.174609197464489441e+00
6.583000000000000000e+04,1.408178732258262755e+01,3.264380630813530804e+00
6.583100000000000000e+04,1.405152538863257661e+01,3.357362658599519989e+00
6.583200000000000000e+04,1.405502828283175454e+01,3.461141156111206652e+00
6.583300000000000000e+04,1.402462847784657995e+01,3.525753540507696737e+00
6.583400000000000000e+04,1.411333182362111671e+01,3.606373252258366691e+00
6.583500000000000000e+04,1.427643920010192247e+01,3.641379875108725628e+00
6.583600000000000000e+04,1.463416685529565697e+01,3.676628140716799109e+00
6.583700000000000000e+04,1.478273533289397079e+01,3.715034633103484918e+00
6.583800000000000000e+04,1.525217335387687534e+01,3.766251478388665586e+00
6.583900000000000000e+04,1.589942864231884201e+01,3.789795708826993348e+00
6.584000000000000000e+04,1.675450980634432696e+01,3.891417990303410512e+00
6.584100000000000000e+04,1.715348112245374779e+01,4.014564616670496022e+00
6.584200000000000000e+04,1.774131342409187795e+01,4.167758677292328073e+00
6.584300000000000000e+04,1.804632085028226030e+01,4.286114667562534564e+00
6.584400000000000000e+04,1.860512831892827279e+01,4.458461769934769059e+00
6.584500000000000000e+04,1.888396528682230269e+01,4.534569307438726327e+00
6.584600000000000000e+04,1.936050703161676978e+01,4.686833968190279975e+00
6.584700000000000000e+04,1.968054168812181004e+01,4.820974277221250048e+00
6.584800000000000000e+04,2.022691559975950781e+01,4.946100206164365964e+00
6.584900000000000000e+04,2.042810148049920116e+01,5.010607437525210983e+00
6.585000000000000000e+04,2.087799310395328689e+01,5.188491924780040954e+00
6.585100000000000000e+04,2.102945271847093878e+01,5.369374442001989323e+00
6.585200000000000000e+04,2.142148708461440521e+01,5.521271589963438586e+00
6.585300000000000000e+04,2.150592701272625717e+01,5.633848522591790697e+00
6.585400000000000000e+04,2.170270970832159207e+01,5.822266248039400516e+00
6.585500000000000000e+04,2.184060337193013623e+01,5.928084494399079141e+00
6.585600000000000000e+04,2.191689517472297410e+01,6.080660937130538457e+00
6.585700000000000000e+04,2.201308491669283640e+01,6.190550314891050121e+00
6.585800000000000000e+04,2.193209156726750919e+01,6.369485937859000302e+00
6.585900000000000000e+04,2.209941718774403441e+01,6.475908344476369649e+00
6.586000000000000000e+04,2.188809067480613280e+01,6.606594023807842220e+00
6.586100000000000000e+04,2.197198983840769060e+01,6.692051446313591612e+00
6.586200000000000000e+04,2.174584380056567667e+01,6.825841134828306345e+00
6.586300000000000000e+04,2.172540293974820713e+01,6.875352273519940383e+00
6.586400000000000000e+04,2.070356127034844107e+01,6.876911299302201463e+00
6.586500000000000000e+04,2.034160588687573679e+01,6.879678821819224410e+00
6.586600000000000000e+04,1.990106519073887625e+01,6.925411120574418433e+00
6.586700000000000000e+04,1.952313533432750603e+01,6.936383355672463225e+00
6.586800000000000000e+04,1.909073046931785456e+01,6.972566171544707814e+00
6.586900000000000000e+04,1.861439694589776650e+01,6.899224047378918812e+00
6.587000000000000000e+04,1.789597266191103486e+01,6.828492801183329242e+00
6.587100000000000000e+04,1.724121264439604673e+01,6.710130340468774435e+00
6.587200000000000000e+04,1.639163308529177243e+01,6.653519772384240305e+00
6.587300000000000000e+04,1.566751255089189065e+01,6.563016051663591810e+00
6.587400000000000000e+04,1.490101916972635721e+01,6.524184756606649316e+00
6.587500000000000000e+04,1.427639001458164003e+01,6.481943988684266245e+00
6.587600000000000000e+04,1.363721921973241180e+01,6.499395627494415351e+00
6.587700000000000000e+04,1.308471910256452730e+01,6.517920530760145326e+00
6.587800000000000000e+04,1.247264128497489288e+01,6.612613930159319864e+00
6.587900000000000000e+04,1.186096896960293456e+01,6.672312611309831887e+00
6.588000000000000000e+04,1.105480532266444804e+01,6.769197305658076758e+00
6.588100000000000000e+04,1.018334945123674551e+01,6.817141546063606228e+00
6.588200000000000000e+04,9.689131110543906189e+00,6.874318510538103055e+00
6.588300000000000000e+04,9.372544299069108575e+00,6.893623549340002654e+00
6.588400000000000000e+04,8.669708904458687471e+00,6.696819618040597888e+00
6.588500000000000000e+04,8.388850373097266555e+00,6.579056932021497772e+00
6.588600000000000000e+04,8.697346288975438711e+00,6.359306055394174706e+00
6.588700000000000000e+04,8.683670920763464807e+00,6.369644953229556705e+00
6.588800000000000000e+04,7.985444084535479270e+00,6.517477011515079077e+00
6.588900000000000000e+04,7.639855724837218531e+00,6.573072043167680789e+00
6.589000000000000000e+04,7.060969290230755036e+00,6.604197898732310001e+00
6.589100000000000000e+04,6.841461611499189743e+00,6.607674159759882038e+00
6.589200000000000000e+04,6.979893281767407309e+00,6.236952481505138479e+00
6.589300000000000000e+04,6.923400719183442575e+00,5.992296894405152230e+00
6.589400000000000000e+04,6.907458425371215682e+00,5.975409283834952845e+00
6.589500000000000000e+04,6.979322281722309285e+00,5.967567281278706837e+00
6.589600000000000000e+04,6.965477616272576888e+00,5.969945042938376467e+00
6.589700000000000000e+04,6.997778922147981362e+00,5.986055328132447784e+00
6.589800000000000000e+04,6.982049397937417190e+00,5.985411621761553391e+00
6.589900000000000000e+04,6.996228480339126143e+00,6.003889242196263965e+00
6.590000000000000000e+04,6.958104774688133709e+00,6.006617588362995974e+00
6.590100000000000000e+04,6.970701951552075393e+00,6.007178492964740713e+00
6.590200000000000000e+04,7.006939778509350347e+00,6.007710216582764495e+00
6.590300000000000000e+04,7.030920442121383118e+00,5.998831055019527625e+00
6.590400000000000000e+04,7.007032105549028778e+00,5.993271218663193345e+00
6.590500000000000000e+04,6.931064714777177116e+00,5.989449776824185889e+00
6.590600000000000000e+04,6.794116698638079654e+00,5.982082075046659675e+00
6.590700000000000000e+04,6.654818342812249377e+00,5.984628387454426601e+00
6.590800000000000000e+04,6.453162326027539031e+00,6.027101125616933786e+00
6.590900000000000000e+04,6.209202454541355998e+00,6.046353577434171456e+00
6.591000000000000000e+04,5.871717208425558887e+00,6.096476539588676857e+00
6.591100000000000000e+04,5.670018584190730238e+00,6.134277313899929140e+00
6.591200000000000000e+04,5.408853482792873812e+00,6.171649930550795027e+00
6.591300000000000000e+04,5.257386489204435520e+00,6.113923360770172621e+00
6.591400000000000000e+04,5.116483376840939457e+00,6.138853306103946750e+00
6.591500000000000000e+04,5.034604503900909300e+00,6.153006401526838864e+00
6.591600000000000000e+04,4.921177850788140518e+00,6.143718310014920192e+00
6.591700000000000000e+04,4.885848827023821173e+00,6.150500731771939122e+00
6.591800000000000000e+04,4.914533285894382431e+00,6.175991550807141905e+00
6.591900000000000000e+04,5.046938855235819865e+00,6.216932769097459399e+00
6.592000000000000000e+04,5.336377595773081239e+00,6.263018738145563979e+00
6.592100000000000000e+04,5.637415072918544823e+00,6.243898376999204913e+00
6.592200000000000000e+04,6.209185670126817769e+00,6.145966957116040241e+00
6.592300000000000000e+04,6.817144325767460877e+00,6.139930476075347698e+00
6.592400000000000000e+04,7.380263562909703090e+00,6.114861188312012530e+00
6.592500000000000000e+04,7.553688682893017869e+00,6.181878129331705551e+00
6.592600000000000000e+04,8.996663813483747774e+00,6.109016938564757915e+00
6.592700000000000000e+04,9.771591015426460913e+00,6.110052016077158754e+00
6.592800000000000000e+04,1.092677777167865827e+01,6.130529535325591084e+00
6.592900000000000000e+04,1.167875157714349932e+01,6.135664131721039638e+00
6.593000000000000000e+04,1.317528750468844478e+01,6.149319934498835849e+00
6.593100000000000000e+04,1.382461054868017669e+01,6.024981270634396147e+00
6.593200000000000000e+04,1.534820112860280261e+01,6.044118098623231461e+00
6.593300000000000000e+04,1.625672326792618350e+01,6.038848950131555426e+00
6.593400000000000000e+04,1.794343133089797959e+01,6.079660181104042493e+00
6.593500000000000000e+04,1.896079347006451954e+01,6.109371195955783485e+00
6.593600000000000000e+04,2.017787441907406887e+01,6.168924963550451501e+00
6.593700000000000000e+04,2.230030249299007394e+01,6.261005159520880881e+00
6.593800000000000000e+04,2.371061999616947702e+01,6.380656801852546245e+00
6.593900000000000000e+04,2.625032185624755598e+01,6.520418469859944999e+00
6.594000000000000000e+04,2.786327237402305101e+01,6.659161842828606126e+00
6.594100000000000000e+04,3.032075828449700694e+01,6.816425477205412697e+00
6.594200000000000000e+04,3.199959234196133551e+01,6.947009849050555630e+00
6.594300000000000000e+04,3.453291372895752431e+01,7.110801859180751805e+00
6.594400000000000000e+04,3.634568949757071721e+01,7.214551509385747075e+00
6.594500000000000000e+04,3.900243104684257389e+01,7.361849576671188444e+00
6.594600000000000000e+04,4.090211791800206953e+01,7.459404063164932097e+00
6.594700000000000000e+04,4.387756124087446352e+01,7.615523181707169798e+00
6.594800000000000000e+04,4.592691860126662107e+01,7.723868342450014524e+00
6.594900000000000000e+04,4.900306949395889689e+01,7.859552818997471491e+00
6.595000000000000000e+04,5.111593725459727011e+01,7.938172174020613703e+00
6.595100000000000000e+04,5.436693687634821970e+01,8.046071459307372109e+00
6.595200000000000000e+04,5.653182174413090877e+01,8.121617363219565178e+00
6.595300000000000000e+04,5.997265601467292129e+01,8.209223633039510304e+00
6.595400000000000000e+04,6.220890405722397531e+01,8.274608864711384015e+00
6.595500000000000000e+04,6.583758592066618576e+01,8.335896233770927921e+00
6.595600000000000000e+04,6.840949504430024319e+01,8.360261387793615384e+00
6.595700000000000000e+04,7.308099803341693246e+01,8.354526297834521387e+00
6.595800000000000000e+04,7.581207618659119873e+01,8.329661392188111080e+00
6.595900000000000000e+04,7.794726783817839078e+01,8.254496955175994799e+00
6.596000000000000000e+04,8.029819662027350091e+01,8.286922685749789963e+00
6.596100000000000000e+04,8.234245341151732589e+01,8.271311412137091423e+00
6.596200000000000000e+04,8.442141952539664373e+01,8.266736469099249973e+00
6.596300000000000000e+04,8.627010876771444714e+01,7.989596164049573623e+00
6.596400000000000000e+04,8.869045966930372060e+01,7.987272263143641027e+00
6.596500000000000000e+04,9.111760779260401932e+01,7.724709393406303803e+00
6.596600000000000000e+04,9.359059245220890944e+01,7.704157346192200606e+00
6.596700000000000000e+04,9.543385160538119294e+01,7.386854858245198052e+00
6.596800000000000000e+04,nan,nan
6.596900000000000000e+04,nan,nan
6.597000000000000000e+04,nan,nan
6.597100000000000000e+04,nan,nan
6.597200000000000000e+04,nan,nan
6.597300000000000000e+04,nan,nan
6.597400000000000000e+04,nan,nan
6.597500000000000000e+04,nan,nan
6.597600000000000000e+04,nan,nan
6.597700000000000000e+04,nan,nan
6.597800000000000000e+04,nan,nan
6.597900000000000000e+04,nan,nan
6.598000000000000000e+04,nan,nan
6.598100000000000000e+04,nan,nan
6.598200000000000000e+04,nan,nan
6.598300000000000000e+04,3.667691278793128173e+00,1.045952946652847659e+00
6.598400000000000000e+04,4.545883832325998242e+00,1.194942071818780205e+00
6.598500000000000000e+04,7.372536809728778451e+00,1.242213278042889169e+00
6.598600000000000000e+04,1.404677335796838555e+01,1.271978464961279753e+00
6.598700000000000000e+04,2.306825811526060122e+01,1.458434199577687274e+00
6.598800000000000000e+04,1.364699857960870766e+01,1.453234030049760594e+00
6.598900000000000000e+04,1.769508094888895755e+01,1.753246334569302345e+00
6.599000000000000000e+04,1.595952439709973136e+00,1.100335324102311940e+00
6.599100000000000000e+04,1.554058706839809956e+00,1.251148938801057486e+00
6.599200000000000000e+04,1.286165467835964860e+00,2.724651545087803939e-01
6.599300000000000000e+04,1.330828499310540369e+00,2.098524636146006372e-01
6.599400000000000000e+04,1.324195095769831854e+00,7.681263653409723391e-01
6.599500000000000000e+04,1.571595412699410499e+00,7.298511048183671246e-01
6.599600000000000000e+04,1.228973192805618231e+00,6.115094365838111834e-01
6.599700000000000000e+04,1.348924329203816219e+00,5.752975683084053937e-01
6.599800000000000000e+04,8.407224581336957270e-01,1.367519166578468059e-01
6.599900000000000000e+04,7.666153382279723427e-01,1.013268933379084524e-01
6.600000000000000000e+04,5.963049514603951939e-01,1.914787270768610883e-01
6.600100000000000000e+04,2.844073450904938127e-01,1.169436770668798031e-01
6.600200000000000000e+04,7.180405779525214083e-01,2.155758412840452776e-01
6.600300000000000000e+04,1.075629892624133888e+00,1.784523715569108493e-01
6.600400000000000000e+04,1.800427195791063140e+00,2.585871644562522942e-01
6.600500000000000000e+04,2.483010456565173829e+00,3.164709050940262003e-01
6.600600000000000000e+04,3.616324600076377127e+00,4.719642734251263683e-01
6.600700000000000000e+04,4.594493358307202513e+00,5.785354071350894412e-01
6.600800000000000000e+04,6.002910602200590695e+00,7.464633713540163029e-01
6.600900000000000000e+04,7.245773590708475709e+00,8.671663653142762662e-01
6.601000000000000000e+04,9.091027361583337907e+00,1.059067104568361506e+00
6.601100000000000000e+04,1.059370755256723662e+01,1.198722570392224185e+00
6.601200000000000000e+04,1.303447451654279021e+01,1.414436566875850732e+00
6.601300000000000000e+04,1.498732252699383416e+01,1.581920901704656934e+00
6.601400000000000000e+04,1.792397789099833716e+01,1.821436988259853562e+00
6.601500000000000000e+04,2.014933968751643789e+01,1.999359554254401372e+00
6.601600000000000000e+04,2.331446937917754170e+01,2.253978540041417844e+00
6.601700000000000000e+04,2.596304708583727816e+01,2.477716890531768357e+00
6.601800000000000000e+04,2.887945745037747969e+01,2.753074802018133482e+00
6.601900000000000000e+04,3.076413553296022485e+01,2.917855377040036391e+00
6.602000000000000000e+04,3.197585094886450818e+01,3.029528912713566058e+00
6.602100000000000000e+04,3.353622850207818118e+01,3.150027455880403338e+00
6.602200000000000000e+04,3.473742821973137751e+01,3.229751387986440569e+00
6.602300000000000000e+04,3.637917032512068971e+01,3.300041431003051251e+00
6.602400000000000000e+04,3.973271031437180056e+01,3.422313495911411430e+00
6.602500000000000000e+04,4.247450073103471624e+01,3.526343701388621632e+00
6.602600000000000000e+04,4.639545852270904902e+01,3.596044191514319532e+00
6.602700000000000000e+04,4.977579196997901079e+01,3.703396760554577671e+00
6.602800000000000000e+04,5.462909987934238387e+01,3.769488560322979964e+00
6.602900000000000000e+04,5.829832123670311006e+01,3.839434768990259261e+00
6.603000000000000000e+04,6.205206624446994113e+01,3.891399944275522493e+00
6.603100000000000000e+04,nan,nan
6.603200000000000000e+04,nan,nan
6.603300000000000000e+04,nan,nan
6.603400000000000000e+04,nan,nan
6.603500000000000000e+04,nan,nan
6.603600000000000000e+04,5.412173639351903764e-01,1.568986660943934019e-01
6.603700000000000000e+04,1.358690878008837366e+00,4.901460122946064146e-01
6.603800000000000000e+04,7.957531379074588018e-02,6.700348670292566311e-01
6.603900000000000000e+04,9.811349134185011478e-02,6.893430282799957176e-01
6.604000000000000000e+04,5.290235771693541089e-01,1.107732438038015355e+00
6.604100000000000000e+04,5.231691320660121214e-01,1.136063515056180639e+00
6.604200000000000000e+04,4.923118425993115443e-01,1.334076948893558434e+00
6.604300000000000000e+04,4.839147861012396690e-01,1.271874872353338848e+00
6.604400000000000000e+04,6.371615655555199487e-01,1.281957461134110243e+00
6.604500000000000000e+04,7.274159124679105970e-01,1.226733561981664167e+00
6.604600000000000000e+04,3.658187973936095072e-01,1.170686408330637418e+00
6.604700000000000000e+04,2.859963046348245608e-01,1.143446634998753542e+00
6.604800000000000000e+04,3.036028728723412229e-01,1.141635625623308448e+00
6.604900000000000000e+04,3.318480929268414203e-01,1.148785866495767083e+00
6.605000000000000000e+04,2.431394648661796831e-01,1.136354561120177742e+00
6.605100000000000000e+04,2.242221418883042772e-01,1.125561625414326805e+00
6.605200000000000000e+04,1.934291690848408130e-01,1.102602734783751259e+00
6.605300000000000000e+04,3.783107548085183902e-01,1.093854056022754317e+00
6.605400000000000000e+04,2.228273325211853062e-01,1.011930160927193345e+00
6.605500000000000000e+04,4.089493968045283534e-01,9.972441488921588437e-01
6.605600000000000000e+04,3.234221709114873389e-01,9.641250109079355646e-01
6.605700000000000000e+04,4.240365224886039064e-01,9.561899354358052161e-01
6.605800000000000000e+04,3.799994193419845567e-01,9.421295663101287854e-01
6.605900000000000000e+04,3.904706407830836890e-01,9.425429964195404242e-01
6.606000000000000000e+04,5.252507595505631066e-01,9.674980591530657481e-01
6.606100000000000000e+04,6.006090940479338336e-01,9.793488500848119838e-01
6.606200000000000000e+04,7.174101112480496534e-01,1.018931559194343084e+00
6.606300000000000000e+04,7.170622028465729603e-01,1.058696213686792564e+00
6.606400000000000000e+04,9.119572057407822063e-01,1.120190704997949815e+00
6.606500000000000000e+04,9.611485312866275832e-01,1.153744086550345216e+00
6.606600000000000000e+04,1.225704840156425890e+00,1.216544533482764479e+00
6.606700000000000000e+04,1.495751975307372028e+00,1.231464823724987001e+00
6.606800000000000000e+04,2.516089139245786477e+00,1.226153009256952142e+00
6.606900000000000000e+04,3.220658247961229126e+00,1.217729976215635279e+00
6.607000000000000000e+04,4.595035366280672662e+00,1.196772367272792792e+00
6.607100000000000000e+04,4.744894426172384883e+00,1.137372285716136577e+00
6.607200000000000000e+04,1.610674743986727275e+00,1.009112077922848183e+00
6.607300000000000000e+04,7.911496152295576234e-01,1.054596425618011146e+00
6.607400000000000000e+04,5.544718354968807272e-01,1.125771306306708741e+00
6.607500000000000000e+04,4.723126665281439651e-01,1.147840632170855635e+00
6.607600000000000000e+04,3.431630838964577213e-01,1.303541553561301969e+00
6.607700000000000000e+04,3.404112179012707684e-01,1.330472950513588826e+00
6.607800000000000000e+04,3.856635339137726159e-01,1.341718239760981701e+00
6.607900000000000000e+04,3.562464322081752566e-01,1.355232684958052491e+00
6.608000000000000000e+04,3.306111016342939690e-01,1.437533493035361598e+00
6.608100000000000000e+04,3.659557302489006014e-01,1.494723397450361313e+00
6.608200000000000000e+04,4.049364531322479088e-01,1.614995632166620121e+00
6.608300000000000000e+04,4.291792952741193545e-01,1.694518825295321829e+00
6.608400000000000000e+04,4.029634277247333696e-01,1.689177691582042229e+00
6.608500000000000000e+04,3.905219910358216917e-01,1.694749381956221379e+00
6.608600000000000000e+04,3.856843050236090087e-01,1.685683005467878193e+00
6.608700000000000000e+04,3.860446859143557008e-01,1.718101368496608661e+00
6.608800000000000000e+04,3.816321609101442913e-01,1.748881656920702410e+00
6.608900000000000000e+04,3.758133000373574117e-01,1.789298290239701439e+00
6.609000000000000000e+04,3.705539325414387575e-01,1.815653387247362360e+00
6.609100000000000000e+04,3.860351568716327009e-01,1.865404379782533040e+00
6.609200000000000000e+04,4.127692700159830141e-01,1.901643425162145906e+00
6.609300000000000000e+04,4.446764046617392441e-01,1.976425667256523022e+00
6.609400000000000000e+04,4.519351775677923344e-01,2.003739257387175066e+00
6.609500000000000000e+04,4.514663108646654877e-01,2.016773567123636646e+00
6.609600000000000000e+04,5.096129943160285780e-01,2.118478833139020523e+00
6.609700000000000000e+04,5.445590210597136549e-01,2.161775032643312500e+00
6.609800000000000000e+04,5.140466967807314491e-01,2.150213988263538933e+00
6.609900000000000000e+04,5.150940935747440053e-01,2.136881255663207302e+00
6.610000000000000000e+04,5.060263173057845121e-01,2.132893862805059548e+00
6.610100000000000000e+04,4.990627788207733784e-01,2.126842846803971732e+00
6.610200000000000000e+04,4.793946378283384102e-01,2.106778008986549100e+00
6.610300000000000000e+04,4.640252868444353918e-01,2.070524445309931849e+00
6.610400000000000000e+04,4.695944353369174706e-01,2.049086874567593419e+00
6.610500000000000000e+04,4.758310503388217261e-01,2.053327092048889746e+00
6.610600000000000000e+04,4.946373214271753138e-01,2.074513151865463811e+00
6.610700000000000000e+04,4.935914451991130214e-01,2.068317340069672383e+00
6.610800000000000000e+04,4.964877004782743408e-01,2.031277131906888744e+00
6.610900000000000000e+04,4.908924238461776501e-01,2.035266451632312901e+00
6.611000000000000000e+04,5.315547823385844417e-01,2.089508440838052650e+00
6.611100000000000000e+04,5.555564867354748637e-01,2.114296543941891038e+00
6.611200000000000000e+04,5.791807076917098174e-01,2.148850066262866676e+00
6.611300000000000000e+04,5.808073503982559282e-01,2.162609157365595003e+00
6.611400000000000000e+04,5.949939343804308001e-01,2.181562198302378519e+00
6.611500000000000000e+04,5.984707849515513711e-01,2.194818366483063166e+00
6.611600000000000000e+04,6.053343150961607577e-01,2.185747406360553757e+00
6.611700000000000000e+04,6.058757392290220478e-01,2.187055179800764915e+00
6.611800000000000000e+04,6.116336428268400738e-01,2.196098608446493294e+00
6.611900000000000000e+04,6.255821514022703589e-01,2.201146374474857392e+00
6.612000000000000000e+04,6.399119694500384758e-01,2.197782638852839199e+00
6.612100000000000000e+04,6.443748015475387891e-01,2.202929180896540107e+00
6.612200000000000000e+04,6.491367499817141118e-01,2.254065344644114788e+00
6.612300000000000000e+04,6.528349280429103230e-01,2.276052079065099321e+00
6.612400000000000000e+04,6.477978897290534999e-01,2.302178882490537148e+00
6.612500000000000000e+04,6.422377624057518108e-01,2.313395307922866628e+00
6.612600000000000000e+04,6.461319682847479484e-01,2.299257015561305906e+00
6.612700000000000000e+04,6.387023319688738265e-01,2.304113539705106906e+00
6.612800000000000000e+04,6.338027343421629434e-01,2.329779044231036433e+00
6.612900000000000000e+04,6.411858625016962909e-01,2.355930900499230152e+00
6.613000000000000000e+04,6.787901552750459366e-01,2.325180529491917003e+00
6.613100000000000000e+04,7.349189036325673996e-01,2.329802047273218157e+00
6.613200000000000000e+04,7.651017442437860749e-01,2.302314857385847624e+00
6.613300000000000000e+04,7.904307635741888438e-01,2.303804889325630434e+00
6.613400000000000000e+04,8.483902693449290044e-01,2.310729040977011373e+00
6.613500000000000000e+04,8.411808410033392303e-01,2.311997397153791489e+00
6.613600000000000000e+04,8.994858180379671220e-01,2.328106773329448487e+00
6.613700000000000000e+04,8.720219647478191227e-01,2.323637423222902676e+00
6.613800000000000000e+04,1.033387952065995430e+00,2.315448786056210295e+00
6.613900000000000000e+04,1.045286503502115716e+00,2.297875562409195549e+00
6.614000000000000000e+04,1.146648682711669087e+00,2.211465376895366930e+00
6.614100000000000000e+04,1.276756351965492753e+00,2.197294663371053502e+00
6.614200000000000000e+04,1.513363021697573974e+00,2.132985080532244559e+00
6.614300000000000000e+04,1.650256852781256667e+00,2.075532219688124957e+00
6.614400000000000000e+04,1.446333645982798455e+00,1.984085305802345545e+00
6.614500000000000000e+04,1.039448971161888835e+00,1.845377132052136160e+00
6.614600000000000000e+04,3.048905288053753271e+00,1.436795311024841704e+00
6.614700000000000000e+04,3.942879478147006900e+00,1.502696505390638482e+00
6.614800000000000000e+04,5.488277321552033072e+00,1.683202238384085891e+00
6.614900000000000000e+04,6.201784282111285407e+00,1.754162796556931969e+00
6.615000000000000000e+04,7.270818852084769190e+00,1.844505905570024140e+00
6.615100000000000000e+04,7.847428685077813881e+00,1.906027246620324300e+00
6.615200000000000000e+04,8.554681533577319641e+00,2.016044165296510648e+00
6.615300000000000000e+04,9.012076803603994435e+00,2.091843497708220312e+00
6.615400000000000000e+04,9.584987619586984309e+00,2.204071124192311437e+00
6.615500000000000000e+04,9.965016057572862351e+00,2.300589631900921361e+00
6.615600000000000000e+04,1.028862224893640054e+01,2.494665730604159748e+00
6.615700000000000000e+04,1.055798019869776816e+01,2.609355316195596686e+00
6.615800000000000000e+04,1.086317622600862975e+01,2.806590321418893197e+00
6.615900000000000000e+04,1.113171372525676617e+01,2.913448140513592133e+00
6.616000000000000000e+04,1.190749933158017804e+01,3.034525863173753280e+00
6.616100000000000000e+04,1.252148071596857015e+01,3.107448976324432621e+00
6.616200000000000000e+04,1.346289059097293972e+01,3.217269662777542116e+00
6.616300000000000000e+04,1.409249362940968453e+01,3.318337099022893533e+00
6.616400000000000000e+04,1.464248338879295552e+01,3.360966250200689398e+00
6.616500000000000000e+04,1.356267450527473528e+01,3.633671811932550622e+00
6.616600000000000000e+04,1.392303767407184267e+01,3.932510462342629687e+00
6.616700000000000000e+04,1.456934211343989816e+01,4.137137101287438057e+00
6.616800000000000000e+04,1.546592788082980086e+01,3.976359948405475908e+00
6.616900000000000000e+04,1.628076860209574050e+01,4.067006660521959915e+00
6.617000000000000000e+04,1.703303847149252803e+01,4.171206302230233476e+00
6.617100000000000000e+04,1.780116554643769433e+01,4.202671219288526494e+00
6.617200000000000000e+04,1.914695527396375496e+01,4.278032682913829987e+00
6.617300000000000000e+04,2.013099472506334564e+01,4.407621283293539527e+00
6.617400000000000000e+04,2.085283329530378538e+01,4.462604493212952050e+00
6.617500000000000000e+04,2.189436665362069334e+01,4.649542839859396537e+00
6.617600000000000000e+04,2.194885837861168199e+01,4.620432061723739992e+00
6.617700000000000000e+04,2.183083809792887564e+01,4.467362227240247563e+00
6.617800000000000000e+04,2.174413173476238725e+01,4.377725945831908660e+00
6.617900000000000000e+04,2.159106568406020088e+01,4.145142443535275056e+00
6.618000000000000000e+04,2.134319050710356080e+01,3.927924339067307535e+00
6.618100000000000000e+04,2.168395055959856776e+01,3.456554635294561528e+00
6.618200000000000000e+04,2.068113708484223068e+01,3.342067364998297929e+00
6.618300000000000000e+04,2.026764668224675248e+01,3.270932432151456126e+00
6.618400000000000000e+04,2.112215949736370391e+01,3.273145087016309684e+00
6.618500000000000000e+04,2.058564733359234467e+01,2.951266445027491692e+00
6.618600000000000000e+04,1.986012754659047630e+01,2.975155341913002793e+00
6.618700000000000000e+04,nan,nan
6.618800000000000000e+04,nan,nan
6.618900000000000000e+04,nan,nan
6.619000000000000000e+04,nan,nan
6.619100000000000000e+04,1.820799340053470328e+00,6.013765570062970411e+00
6.619200000000000000e+04,1.659458327685399803e+00,6.352756494755923633e+00
6.619300000000000000e+04,2.613789590497030968e+00,6.438726742818931648e+00
6.619400000000000000e+04,3.557444350372412245e+00,5.987901140585497828e+00
6.619500000000000000e+04,5.422832153028133817e+00,6.059996205272907055e+00
6.619600000000000000e+04,5.215188920451134358e+00,6.659755783156544595e+00
6.619700000000000000e+04,6.887217940806372951e+00,7.171871295752760389e+00
6.619800000000000000e+04,9.959115660178523566e-01,4.716411768866056065e+00
6.619900000000000000e+04,9.324783844251619547e-01,4.847906473025298979e+00
6.620000000000000000e+04,9.661599779865227555e-01,5.005131691510741554e+00
6.620100000000000000e+04,1.538076982445379937e+00,5.143045118130542548e+00
6.620200000000000000e+04,2.492626380014281828e+00,5.139800827360005542e+00
6.620300000000000000e+04,3.562309190495528188e+00,5.326974853505350715e+00
6.620400000000000000e+04,6.654832213837903465e-01,4.772137729440864007e+00
6.620500000000000000e+04,7.463155282731133155e-01,4.948883939525652309e+00
6.620600000000000000e+04,8.829972309165717848e-01,5.194310986239912609e+00
6.620700000000000000e+04,1.009470537200183093e+00,5.368848970679544585e+00
6.620800000000000000e+04,1.300612181153681046e+00,5.565852791562157620e+00
6.620900000000000000e+04,1.607813976575423132e+00,5.744450837376396279e+00
6.621000000000000000e+04,1.673316907755585614e+00,5.856212924694457200e+00
6.621100000000000000e+04,2.195999776176834839e+00,6.014388811527542344e+00
6.621200000000000000e+04,2.882056286310205717e+00,6.183804447386929581e+00
6.621300000000000000e+04,3.432895891185981707e+00,6.307479379324083979e+00
6.621400000000000000e+04,3.949473543495208627e+00,6.356960702630159332e+00
6.621500000000000000e+04,4.384513156858544036e+00,6.383270966301111571e+00
6.621600000000000000e+04,4.667359951754543879e+00,6.347976622426627635e+00
6.621700000000000000e+04,4.887578210561341230e+00,6.340054412563313591e+00
6.621800000000000000e+04,5.057141445484570674e+00,6.175063544397774606e+00
6.621900000000000000e+04,5.291613816529991077e+00,6.137377543612682729e+00
6.622000000000000000e+04,5.408479494033199053e+00,5.960601604594822689e+00
6.622100000000000000e+04,5.599262654193944755e+00,5.907235932245822774e+00
6.622200000000000000e+04,5.722621532880487472e+00,5.799370169290695820e+00
6.622300000000000000e+04,5.879602681914658291e+00,5.779622967452040960e+00
6.622400000000000000e+04,5.918854369700658147e+00,5.799879429497945438e+00
6.622500000000000000e+04,5.952233372054107186e+00,5.842905704088147800e+00
6.622600000000000000e+04,5.529110965216400331e+00,5.816923964568392336e+00
6.622700000000000000e+04,5.233862888997539820e+00,5.770208470093059816e+00
6.622800000000000000e+04,4.391572406766431236e+00,5.719513276510294730e+00
6.622900000000000000e+04,4.453918137212472317e+00,5.993576212896730482e+00
6.623000000000000000e+04,4.074534290563106786e+00,5.336774626683371991e+00
6.623100000000000000e+04,4.041410085701769184e+00,5.321664598872068552e+00
6.623200000000000000e+04,3.982840839440902059e+00,5.223869500127086951e+00
6.623300000000000000e+04,3.975317526831904313e+00,5.189394609664363500e+00
6.623400000000000000e+04,3.605067201427308188e+00,4.923939058172448924e+00
6.623500000000000000e+04,3.012352893762401340e+00,4.411316419759964802e+00
6.623600000000000000e+04,2.058039514389680136e+00,3.451115869857936502e+00
6.623700000000000000e+04,1.975908136621810085e+00,3.441316511904629394e+00
6.623800000000000000e+04,1.726167361479022944e+00,3.450540736296943578e+00
6.623900000000000000e+04,1.413327084014990076e+00,3.894640406834513513e+00
6.624000000000000000e+04,1.421702902550338043e+00,3.919479141604657713e+00
6.624100000000000000e+04,1.421672034572188936e+00,3.891478294241574432e+00
6.624200000000000000e+04,1.425244762645429875e+00,3.907895408291272688e+00
6.624300000000000000e+04,1.429567549463280685e+00,3.902296492815345630e+00
6.624400000000000000e+04,1.426826160663928533e+00,3.920038009480729002e+00
6.624500000000000000e+04,1.430476966769010261e+00,3.905498027703634634e+00
6.624600000000000000e+04,1.431140075707848514e+00,3.943769091814496974e+00
6.624700000000000000e+04,1.436926578921742026e+00,3.947380503816001251e+00
6.624800000000000000e+04,1.429453113662956243e+00,3.953963351044924579e+00
6.624900000000000000e+04,1.435837425678863077e+00,3.959294725802806170e+00
6.625000000000000000e+04,1.431267347417210178e+00,3.972540758433925845e+00
6.625100000000000000e+04,1.441069584507452817e+00,3.973674868512985014e+00
6.625200000000000000e+04,1.434962357947141331e+00,3.963753219652256021e+00
6.625300000000000000e+04,1.445646581713508905e+00,3.961848453845016493e+00
6.625400000000000000e+04,1.436218194691598837e+00,3.962001456324756532e+00
6.625500000000000000e+04,1.434271241782810069e+00,3.955674198295421107e+00
6.625600000000000000e+04,1.463794077532743376e+00,3.968299897039232249e+00
6.625700000000000000e+04,1.478822701345486657e+00,3.977454301106799761e+00
6.625800000000000000e+04,1.447464177462822299e+00,3.968036996008780903e+00
6.625900000000000000e+04,1.434390030733337484e+00,3.964124206240335013e+00
6.626000000000000000e+04,1.430632167311569836e+00,3.967176253256440077e+00
6.626100000000000000e+04,1.424551076033500285e+00,3.969786880165729670e+00
6.626200000000000000e+04,1.422289253906956041e+00,3.972497295224325597e+00
6.626300000000000000e+04,1.416713381019118145e+00,3.975448254983835028e+00
6.626400000000000000e+04,1.411926735578914238e+00,3.977707249818664081e+00
6.626500000000000000e+04,1.412906122064703451e+00,3.976635800806974430e+00
6.626600000000000000e+04,1.411822849003739666e+00,3.971785334065648598e+00
6.626700000000000000e+04,1.412783455987492998e+00,3.972540690676309438e+00
6.626800000000000000e+04,1.413783489818041472e+00,3.990948157231834159e+00
6.626900000000000000e+04,1.412573914472867731e+00,4.003838969349478916e+00
6.627000000000000000e+04,1.411464974540440176e+00,4.003131353548338822e+00
6.627100000000000000e+04,1.411659046016391361e+00,4.001716785333323756e+00
6.627200000000000000e+04,1.404949234109099887e+00,4.013847756871671280e+00
6.627300000000000000e+04,1.403058430884225771e+00,4.013665277847035640e+00
6.627400000000000000e+04,1.399692456821840292e+00,4.013247100265495249e+00
6.627500000000000000e+04,1.399003236786398485e+00,4.022870562665289640e+00
6.627600000000000000e+04,1.394897871039747494e+00,4.022478391326041347e+00
6.627700000000000000e+04,1.390845787573824044e+00,4.021517593521561906e+00
6.627800000000000000e+04,1.385086073905794857e+00,4.018889196748357762e+00
6.627900000000000000e+04,1.380942894057871628e+00,4.026428935276188170e+00
6.628000000000000000e+04,1.387967513561217947e+00,4.028057471584171267e+00
6.628100000000000000e+04,1.392054865492277083e+00,4.027801666642009337e+00
6.628200000000000000e+04,1.396146344509113346e+00,4.033980813024585999e+00
6.628300000000000000e+04,1.393849463378990183e+00,4.036576136086564404e+00
6.628400000000000000e+04,1.400842272181203496e+00,4.036892036156091379e+00
6.628500000000000000e+04,1.401573220733011382e+00,4.035977782408355807e+00
6.628600000000000000e+04,1.400544115247297494e+00,4.032630743510463134e+00
6.628700000000000000e+04,1.397646258051979506e+00,4.030509053317404167e+00
6.628800000000000000e+04,1.397022920278931268e+00,4.030199809158064639e+00
6.628900000000000000e+04,1.394363805023269398e+00,4.028833294695647993e+00
6.629000000000000000e+04,1.393530907683472098e+00,4.036739067305763484e+00
6.629100000000000000e+04,1.389808475938673737e+00,4.036399034616630743e+00
6.629200000000000000e+04,1.393545755015102028e+00,4.036338205271009727e+00
6.629300000000000000e+04,1.394034153767011786e+00,4.033143591290624386e+00
6.629400000000000000e+04,1.393092316203252912e+00,4.031362495913590749e+00
6.629500000000000000e+04,1.394921418273239677e+00,4.035109222914561755e+00
6.629600000000000000e+04,1.397317152235183713e+00,4.035598805392311306e+00
6.629700000000000000e+04,1.396756097057748391e+00,4.035852644227501784e+00
6.629800000000000000e+04,1.394999984344623911e+00,4.038792551432162981e+00
6.629900000000000000e+04,1.394674948290340444e+00,4.037000796354792698e+00
6.630000000000000000e+04,1.391029111462770418e+00,4.038841863664393017e+00
6.630100000000000000e+04,1.389490150981830485e+00,4.042560897364463557e+00
6.630200000000000000e+04,1.386222941873606951e+00,4.044908369250775237e+00
6.630300000000000000e+04,1.386198205244741688e+00,4.042918785156642159e+00
6.630400000000000000e+04,1.385978353057504719e+00,4.044636192574206035e+00
6.630500000000000000e+04,1.381273440017690479e+00,4.043491355922538943e+00
6.630600000000000000e+04,1.383264668212889070e+00,4.033246663243589936e+00
6.630700000000000000e+04,1.383009411015062362e+00,4.033701652973224583e+00
6.630800000000000000e+04,1.336637475221209792e+00,4.034662979917435166e+00
6.630900000000000000e+04,1.320135732721793076e+00,4.034475595759161592e+00
6.631000000000000000e+04,1.352556104434036177e+00,4.009769316391619043e+00
6.631100000000000000e+04,1.379761338643253676e+00,4.008225368248163889e+00
6.631200000000000000e+04,1.493990687601173040e+00,4.000093962756029242e+00
6.631300000000000000e+04,1.498573681025444637e+00,3.992760399303472596e+00
6.631400000000000000e+04,1.560367247086104969e+00,3.984373677294339444e+00
6.631500000000000000e+04,1.591960390725033037e+00,4.011250663342895706e+00
6.631600000000000000e+04,1.673450995973124078e+00,4.067483265417971339e+00
6.631700000000000000e+04,1.791790510306507045e+00,4.113345860088097439e+00
6.631800000000000000e+04,2.022167391102699163e+00,4.172918776133929697e+00
6.631900000000000000e+04,2.227503330327259778e+00,4.196640400010512195e+00
6.632000000000000000e+04,2.430265070556596463e+00,4.231390540163323166e+00
6.632100000000000000e+04,2.528828250270709788e+00,4.244187767991853377e+00
6.632200000000000000e+04,2.578069681741342656e+00,4.245066951616198736e+00
6.632300000000000000e+04,2.583214126056028626e+00,4.250138193111475005e+00
6.632400000000000000e+04,2.562467717076303497e+00,4.146620519138989991e+00
6.632500000000000000e+04,2.509045262618581518e+00,4.077818678521685669e+00
6.632600000000000000e+04,2.406507804397593819e+00,3.954413591601744216e+00
6.632700000000000000e+04,2.280326943623069536e+00,3.874974422023072407e+00
6.632800000000000000e+04,2.079841627909322810e+00,3.728306617126259326e+00
6.632900000000000000e+04,1.891857778725194894e+00,3.601377635666960231e+00
6.633000000000000000e+04,1.641015846751337603e+00,3.418554448154633718e+00
6.633100000000000000e+04,1.407748573297504358e+00,3.248883022779461172e+00
6.633200000000000000e+04,1.229458990668028884e+00,3.000091221615541315e+00
6.633300000000000000e+04,9.409594880286170637e-01,2.763658548099934720e+00
6.633400000000000000e+04,8.423944808184868904e-01,2.528631483810556801e+00
6.633500000000000000e+04,1.024354424250291773e+00,2.374836113227857481e+00
6.633600000000000000e+04,1.096921207720946256e+00,2.638909237678936037e+00
6.633700000000000000e+04,1.037681014220184439e+00,3.006035821151115783e+00
6.633800000000000000e+04,1.017011848019164333e+00,3.161274206946686149e+00
6.633900000000000000e+04,1.008649377961437610e+00,3.176600852596653368e+00
6.634000000000000000e+04,1.047126110219156914e+00,3.127999918723665118e+00
6.634100000000000000e+04,1.055468610210330782e+00,3.091201965992436129e+00
6.634200000000000000e+04,9.759164073034740650e-01,3.017011773346869319e+00
6.634300000000000000e+04,9.588069106942221920e-01,2.930313928744203267e+00
6.634400000000000000e+04,9.085258191296760044e-01,2.896633472568083789e+00
6.634500000000000000e+04,8.868291502095595469e-01,2.820751533527175781e+00
6.634600000000000000e+04,9.091816596160960939e-01,2.786315643150482302e+00
6.634700000000000000e+04,9.037116691633296783e-01,2.732346743523891064e+00
6.634800000000000000e+04,8.812551237031245321e-01,2.683743541383854847e+00
6.634900000000000000e+04,8.317529386788308221e-01,2.653264657464196929e+00
6.635000000000000000e+04,7.507685108433170829e-01,2.603700095698140871e+00
6.635100000000000000e+04,6.730371541927551160e-01,2.563953516523197251e+00
6.635200000000000000e+04,6.061526182101295568e-01,2.532667921017139889e+00
6.635300000000000000e+04,5.711914981604953034e-01,2.510202001690286622e+00
6.635400000000000000e+04,5.364522210323380280e-01,2.442928307250189945e+00
6.635500000000000000e+04,4.954429589966223291e-01,2.406834680323854059e+00
6.635600000000000000e+04,5.295117514654550384e-01,2.380036112656711111e+00
6.635700000000000000e+04,5.615789284515811941e-01,2.376259012647526703e+00
6.635800000000000000e+04,7.184338062681123738e-01,2.395288735879164577e+00
6.635900000000000000e+04,8.755415744711956272e-01,2.397635398354525549e+00
6.636000000000000000e+04,9.775947436354889275e-01,2.359613442015055185e+00
6.636100000000000000e+04,1.008974265974664108e+00,2.295286727529504134e+00
6.636200000000000000e+04,1.037424279577106701e+00,2.191209177068811798e+00
6.636300000000000000e+04,1.048645679835930045e+00,2.121615086405990169e+00
6.636400000000000000e+04,1.150657470219511369e+00,2.046200496978350714e+00
6.636500000000000000e+04,1.150666709353395101e+00,1.972458239795853885e+00
6.636600000000000000e+04,1.195270616054913138e+00,1.891584273630385837e+00
6.636700000000000000e+04,1.224703438951399548e+00,1.828407557145769857e+00
6.636800000000000000e+04,1.084148941731455817e+00,1.740627277571459075e+00
6.636900000000000000e+04,1.110226347775933320e+00,1.689144582273673478e+00
6.637000000000000000e+04,4.554178043118218833e-01,1.526119428510247289e+00
6.637100000000000000e+04,1.585268550815256416e-01,1.531572787208688169e+00
6.637200000000000000e+04,4.549566159712710722e-01,1.460261063862240860e+00
6.637300000000000000e+04,5.114261406955059597e-01,1.632863948724780911e+00
6.637400000000000000e+04,5.220723016015780260e-01,1.641258283920290495e+00
6.637500000000000000e+04,4.850872439093707467e-01,1.575788841375759475e+00
6.637600000000000000e+04,5.799294109087264060e-01,1.733359590833073227e+00
6.637700000000000000e+04,5.846534932901364945e-01,1.732894593355199575e+00
6.637800000000000000e+04,5.854453060301966216e-01,1.729137133088222811e+00
6.637900000000000000e+04,5.837943722756148146e-01,1.730783926287752905e+00
6.638000000000000000e+04,5.842525049991386110e-01,1.731753623586962831e+00
6.638100000000000000e+04,5.804363513005208475e-01,1.733127350977802905e+00
6.638200000000000000e+04,5.788262997146893518e-01,1.736595631997509770e+00
6.638300000000000000e+04,5.778242519835616875e-01,1.738180803364025806e+00
6.638400000000000000e+04,5.891240181033786660e-01,1.735010845142088698e+00
6.638500000000000000e+04,5.828317300707435145e-01,1.737292112621053874e+00
6.638600000000000000e+04,5.303969607429774857e-01,1.736524961658254540e+00
6.638700000000000000e+04,5.062317210735692852e-01,1.739961216460502058e+00
6.638800000000000000e+04,4.911328795311318274e-01,1.734761291687538787e+00
6.638900000000000000e+04,5.032471990929104910e-01,1.739739853486410581e+00
6.639000000000000000e+04,4.827479996021705744e-01,1.756071084338184818e+00
6.639100000000000000e+04,4.864649095292372105e-01,1.773875024636859976e+00
6.639200000000000000e+04,4.960311064996260622e-01,1.769674820101876378e+00
6.639300000000000000e+04,4.843146651777607281e-01,1.767747343924767733e+00
6.639400000000000000e+04,4.534344033475493640e-01,1.777908167502307180e+00
6.639500000000000000e+04,4.336796149731000360e-01,1.789926494232698673e+00
6.639600000000000000e+04,3.871800569470464914e-01,1.801705544346067001e+00
6.639700000000000000e+04,3.550733791376267656e-01,1.809997707900105723e+00
6.639800000000000000e+04,3.324420650089926488e-01,1.767883820015843099e+00
6.639900000000000000e+04,3.427233533503833973e-01,1.800625741954441139e+00
6.640000000000000000e+04,3.374383799980213983e-01,1.824700035869831538e+00
6.640100000000000000e+04,3.366888580878309445e-01,1.833150195028345308e+00
6.640200000000000000e+04,3.240693271103110562e-01,1.828958809140317499e+00
6.640300000000000000e+04,3.093718296267878864e-01,1.844790030855239849e+00
6.640400000000000000e+04,3.170773946738675297e-01,1.871788894468654263e+00
6.640500000000000000e+04,2.997400164391786359e-01,1.887154024090911264e+00
6.640600000000000000e+04,3.063806013814757145e-01,1.915149627341762084e+00
6.640700000000000000e+04,2.730604306441943296e-01,1.925414608292093988e+00
6.640800000000000000e+04,1.330993427689440012e-01,1.896038497483807816e+00
6.640900000000000000e+04,1.913915716709658488e-01,1.901744983318742754e+00
6.641000000000000000e+04,3.605458768892783050e-01,1.924857575144272914e+00
6.641100000000000000e+04,5.906465637162140458e-01,1.945422509000518829e+00
6.641200000000000000e+04,2.360161336694198975e-01,1.869598420768294744e+00
6.641300000000000000e+04,2.458256447265846356e-01,1.849112685748220741e+00
6.641400000000000000e+04,2.397611123677758360e-01,1.839886501017033993e+00
6.641500000000000000e+04,2.388874502017840906e-01,1.839623376724581760e+00
6.641600000000000000e+04,2.370249111196993386e-01,1.853890927727086080e+00
6.641700000000000000e+04,2.363469780857374025e-01,1.853703051510052546e+00
6.641800000000000000e+04,2.343709790302399842e-01,1.866135372317870633e+00
6.641900000000000000e+04,2.435908551170957448e-01,1.866105361901595927e+00
6.642000000000000000e+04,2.552529523362291330e-01,1.882354273245507414e+00
6.642100000000000000e+04,2.642640526372170839e-01,1.886787334252062465e+00
6.642200000000000000e+04,2.814609554093369104e-01,1.901232315425314567e+00
6.642300000000000000e+04,2.946451808427298369e-01,1.904163606890190152e+00
6.642400000000000000e+04,3.053723637203024088e-01,1.904076831362317535e+00
6.642500000000000000e+04,3.011006649463527363e-01,1.909145757717453762e+00
6.642600000000000000e+04,3.034312284602307397e-01,1.903036063634903741e+00
6.642700000000000000e+04,3.102936303541792840e-01,1.902556142157209251e+00
6.642800000000000000e+04,2.899643347124427062e-01,1.901364924935876388e+00
6.642900000000000000e+04,2.957659656504919576e-01,1.903133062498422845e+00
6.643000000000000000e+04,2.779118684873148060e-01,1.905516761009884874e+00
6.643100000000000000e+04,2.682305384789188674e-01,1.906386219508135582e+00
6.643200000000000000e+04,2.584475697017938334e-01,1.903857590916306464e+00
6.643300000000000000e+04,2.591627260171980307e-01,1.900505766647604844e+00
6.643400000000000000e+04,2.465715674458534845e-01,1.905659673377069652e+00
6.643500000000000000e+04,2.422985104409658697e-01,1.904355664375955826e+00
6.643600000000000000e+04,2.397180486623049778e-01,1.903636924561684651e+00
6.643700000000000000e+04,2.318944004157874328e-01,1.894612619219415706e+00
6.643800000000000000e+04,2.332005791821112062e-01,1.899388677629250566e+00
6.643900000000000000e+04,2.235490698326937919e-01,1.894864538217518657e+00
6.644000000000000000e+04,2.213162245016779550e-01,1.895228387487545518e+00
6.644100000000000000e+04,2.088978155704504514e-01,1.897424391367522389e+00
6.644200000000000000e+04,2.174240238578978301e-01,1.905562930290638946e+00
6.644300000000000000e+04,2.137908377211580613e-01,1.905976443101749851e+00
6.644400000000000000e+04,2.235599296050922447e-01,1.909671186528200337e+00
6.644500000000000000e+04,2.252342051683078328e-01,1.909085120829381310e+00
6.644600000000000000e+04,2.335769503816924886e-01,1.913179847370873432e+00
6.644700000000000000e+04,2.375313283537175968e-01,1.911225928306869548e+00
6.644800000000000000e+04,2.394829884023673694e-01,1.911165800285029803e+00
6.644900000000000000e+04,2.447043974731789029e-01,1.913728603423216157e+00
6.645000000000000000e+04,2.419328533892655675e-01,1.919211026012114019e+00
6.645100000000000000e+04,2.486225263685753473e-01,1.917687988689802836e+00
6.645200000000000000e+04,2.362316752403682829e-01,1.912628632457746392e+00
6.645300000000000000e+04,2.322654547477842613e-01,1.907603434034250256e+00
6.645400000000000000e+04,2.318212373788001157e-01,1.900421580766781915e+00
6.645500000000000000e+04,2.288954476006763994e-01,1.900505095365176089e+00
6.645600000000000000e+04,2.015388741700497033e-01,1.899612517193478567e+00
6.645700000000000000e+04,1.988733117949163798e-01,1.898032087717503202e+00
6.645800000000000000e+04,1.460507477954026134e-01,1.900195532509236784e+00
6.645900000000000000e+04,1.502404133613597370e-01,1.901165176123974732e+00
6.646000000000000000e+04,2.028159612566400039e-01,1.902458331418774407e+00
6.646100000000000000e+04,2.021244455893342618e-01,1.886904674096843593e+00
6.646200000000000000e+04,1.388969178139658200e-01,1.897974094595760164e+00
6.646300000000000000e+04,1.109762895773372116e-01,1.893442166180530961e+00
6.646400000000000000e+04,6.973621290993539668e-02,1.898162858140754139e+00
6.646500000000000000e+04,6.279289416382116684e-02,1.905823304822121145e+00
6.646600000000000000e+04,4.847875661746187115e-02,1.913969692251377808e+00
6.646700000000000000e+04,1.646627697663745685e-02,1.902519230084728008e+00
6.646800000000000000e+04,1.356837237699113352e-01,1.912539635629155299e+00
6.646900000000000000e+04,1.774345631365624731e-01,1.910038511772064851e+00
6.647000000000000000e+04,4.743789790263985839e-01,1.941148236919762127e+00
6.647100000000000000e+04,5.423558504578341877e-01,1.937660100264519514e+00
6.647200000000000000e+04,6.578208150765411100e-01,1.928942760397831080e+00
6.647300000000000000e+04,7.475245161442345410e-01,1.931391349318001716e+00
6.647400000000000000e+04,9.504584382634371220e-01,1.938296925048412334e+00
6.647500000000000000e+04,1.053123170440059209e+00,1.951894993416299684e+00
6.647600000000000000e+04,1.207224577829047574e+00,1.968165108888939585e+00
6.647700000000000000e+04,1.309519064825034329e+00,1.975319986441924414e+00
6.647800000000000000e+04,1.454004733097911561e+00,2.007213251922461694e+00
6.647900000000000000e+04,1.550426135351633761e+00,2.018781372474009572e+00
6.648000000000000000e+04,1.541306897742820148e+00,2.019376599539825179e+00
6.648100000000000000e+04,1.545726835468368199e+00,2.015576694429213944e+00
6.648200000000000000e+04,1.426729045893508907e+00,1.951560564557517807e+00
6.648300000000000000e+04,1.349236580315511969e+00,1.908229803284289261e+00
6.648400000000000000e+04,1.203773065545436394e+00,1.825876532716353751e+00
6.648500000000000000e+04,1.092036398534330210e+00,1.724185617685442651e+00
6.648600000000000000e+04,9.021400218391362191e-01,1.582077041336955148e+00
6.648700000000000000e+04,8.086718547570989069e-01,1.505419974444979658e+00
6.648800000000000000e+04,7.446063128349057481e-01,1.400618029977657386e+00
6.648900000000000000e+04,6.947147040831566089e-01,1.321562127939500897e+00
6.649000000000000000e+04,6.372378747641994634e-01,1.200041230729173236e+00
6.649100000000000000e+04,6.079591292799343405e-01,1.116975028632193556e+00
6.649200000000000000e+04,5.478630077016093392e-01,9.760043613653657246e-01
6.649300000000000000e+04,2.734951628555579717e-01,6.334402145642386017e-01
6.649400000000000000e+04,3.766985932093631917e-02,7.286183718557737166e-02
6.649500000000000000e+04,6.762200161459956671e-02,1.911597257754635848e-01
6.649600000000000000e+04,7.824154333479121926e-02,2.055924814920295773e-01
6.649700000000000000e+04,1.007159050838750819e-01,2.474602814309907473e-01
6.649800000000000000e+04,1.300328720695614060e-01,3.345817076405790402e-01
6.649900000000000000e+04,1.450081603193309476e-01,3.776479880122423083e-01
6.650000000000000000e+04,1.791551524952315066e-01,4.323199261907486601e-01
6.650100000000000000e+04,1.854892171402459100e-01,4.276787725392257045e-01
6.650200000000000000e+04,1.167283240535910288e-01,2.120959093258782957e-01
6.650300000000000000e+04,9.065071234061593264e-02,5.614004317839338398e-02
6.650400000000000000e+04,9.161680597356904043e-02,2.763442814451977370e-02
6.650500000000000000e+04,1.234357720888037135e-01,7.743553552316484456e-03
6.650600000000000000e+04,1.943569092511204244e-01,3.558454267714594721e-02
6.650700000000000000e+04,2.371206410852128299e-01,6.509505928566028388e-02
6.650800000000000000e+04,3.356492350789243573e-01,1.226518579514142004e-01
6.650900000000000000e+04,3.828541042046131881e-01,1.619376691615208586e-01
6.651000000000000000e+04,3.838139945258977059e-01,2.333106041292651867e-01
6.651100000000000000e+04,4.384926499309096393e-01,2.992406261339262130e-01
6.651200000000000000e+04,7.484402734523681877e-01,3.690838020590199164e-01
6.651300000000000000e+04,8.226633910287467488e-01,4.225772685601896228e-01
6.651400000000000000e+04,9.023914843166773725e-01,4.610260073800382941e-01
6.651500000000000000e+04,1.018709698409401510e+00,5.306622453173979181e-01
6.651600000000000000e+04,1.186569994415978879e+00,6.022994993951620302e-01
6.651700000000000000e+04,1.247075374200938169e+00,6.656359956678326029e-01
6.651800000000000000e+04,1.361157839777355605e+00,7.592492431151427468e-01
6.651900000000000000e+04,1.418314046092591152e+00,8.445640078758085423e-01
6.652000000000000000e+04,1.421564990361719349e+00,9.926054071195444806e-01
6.652100000000000000e+04,1.389425608474091023e+00,1.043182021439816864e+00
6.652200000000000000e+04,1.341852620403385821e+00,1.065444829443286778e+00
6.652300000000000000e+04,1.543979067560723673e+00,1.028222091664476423e+00
6.652400000000000000e+04,1.506263323904340368e+00,9.228954514193823400e-01
6.652500000000000000e+04,1.360214182105998093e+00,8.782986797085108321e-01
6.652600000000000000e+04,9.973940161663934489e-01,7.402861064430581450e-01
6.652700000000000000e+04,1.113320857768522076e+00,8.090681084472048923e-01
6.652800000000000000e+04,1.029462751433735557e+00,7.840593008509895157e-01
6.652900000000000000e+04,7.950403930555802745e-01,8.033236869898630061e-01
6.653000000000000000e+04,5.889913191580596896e-01,7.118399090819096386e-01
6.653100000000000000e+04,4.647717394574686911e-01,4.803936628406617615e-01
6.653200000000000000e+04,5.142301707606475869e-01,3.540617356359945234e-01
6.653300000000000000e+04,4.521556849856614435e-01,2.386617712993484020e-01
6.653400000000000000e+04,2.196645726748276961e-01,1.356745965179904090e-01
6.653500000000000000e+04,1.525771463076548706e-01,9.791286703990564888e-02
6.653600000000000000e+04,9.697252281528791207e-02,5.675178998129837282e-02
6.653700000000000000e+04,1.466304048339569510e-01,6.460122880544361124e-02
6.653800000000000000e+04,2.429720060318033004e-01,7.722311351769661769e-02
6.653900000000000000e+04,3.340361826704373871e-01,7.874336760973932314e-02
6.654000000000000000e+04,2.671540901392446821e-01,5.259726164525702075e-02
6.654100000000000000e+04,2.865697070269684898e-01,1.281821723824805304e-02
6.654200000000000000e+04,2.804889659812195291e-01,3.876536119531692748e-02
6.654300000000000000e+04,3.108497900404768588e-01,4.366327561031368987e-02
6.654400000000000000e+04,2.618889256971655422e-01,8.143448166829259094e-02
6.654500000000000000e+04,2.801142461775043557e-01,9.738293715664880779e-02
6.654600000000000000e+04,1.846515564550538224e-01,8.614215163470717584e-02
6.654700000000000000e+04,2.069424986765191488e-01,1.031439388233224008e-01
6.654800000000000000e+04,1.123402993033597308e-01,1.545771330317862180e-01
6.654900000000000000e+04,1.251979598178795117e-01,1.407975472516511672e-01
6.655000000000000000e+04,8.949877188119963189e-02,1.462842717710621798e-01
6.655100000000000000e+04,8.447602378264475187e-02,1.599644535234112652e-01
6.655200000000000000e+04,9.252345895031874323e-02,1.467410915819549189e-01
6.655300000000000000e+04,1.007898063004456085e-01,1.380965454927363112e-01
6.655400000000000000e+04,1.051786873849717835e-01,1.404235792762484891e-01
6.655500000000000000e+04,1.055799978404722977e-01,1.458511695082869153e-01
6.655600000000000000e+04,1.109646533220886300e-01,1.369176650142875928e-01
6.655700000000000000e+04,1.073646028913125688e-01,1.368021377113848303e-01
6.655800000000000000e+04,1.081676980173147951e-01,1.312709556049149739e-01
6.655900000000000000e+04,1.023756590091714352e-01,1.317938429035372394e-01
6.656000000000000000e+04,1.165509879730916021e-01,1.191251388234988440e-01
6.656100000000000000e+04,1.163694706961369701e-01,1.013014170056685259e-01
6.656200000000000000e+04,1.090789330061863044e-01,7.341289166038933445e-02
6.656300000000000000e+04,1.266491523745837677e-01,4.449999985726549312e-02
6.656400000000000000e+04,1.347612346229202229e-01,8.704176034974864251e-03
6.656500000000000000e+04,1.567845486362111906e-01,4.738905146801641877e-03
6.656600000000000000e+04,2.077934777902104013e-01,3.899936732363329384e-03
6.656700000000000000e+04,2.339168825198198187e-01,1.864290952158143000e-02
6.656800000000000000e+04,2.827681621963229475e-01,4.082660139420823953e-02
6.656900000000000000e+04,3.225117495186851646e-01,5.928554949744579972e-02
6.657000000000000000e+04,4.275932148295533697e-01,6.503940956755727143e-02
6.657100000000000000e+04,4.817368541571701024e-01,8.220885753407713992e-02
6.657200000000000000e+04,5.426980090064874584e-01,1.047121348230533044e-01
6.657300000000000000e+04,4.624883087295323381e-01,8.448232149383017031e-02
6.657400000000000000e+04,2.893480384654832926e-01,3.313317664486703507e-02
6.657500000000000000e+04,8.296741965227753812e-02,1.861053999618889065e-04
6.657600000000000000e+04,9.785563432077823420e-02,9.432134260872970799e-03
6.657700000000000000e+04,1.161902217545353472e-01,1.767351584753384941e-02
6.657800000000000000e+04,1.189026426445994739e-01,1.656294555611736996e-02
6.657900000000000000e+04,1.301008325707924684e-01,2.148214866503295184e-02
6.658000000000000000e+04,1.025156898615964263e-01,2.145654600952084934e-02
6.658100000000000000e+04,7.956606421127904172e-02,1.901818049374881525e-02
6.658200000000000000e+04,3.642976533152522678e-02,2.918859129157169718e-02
6.658300000000000000e+04,5.057849054744339816e-03,5.340882366272126092e-02
6.658400000000000000e+04,5.318078176700067466e-02,5.497508035142928406e-02
6.658500000000000000e+04,8.264395692677385663e-02,6.027827804791385802e-02
6.658600000000000000e+04,3.300827726269293244e-02,3.499296582576505443e-02
6.658700000000000000e+04,5.713774365713272796e-02,3.144745151704242403e-02
6.658800000000000000e+04,8.699466709754592741e-02,2.717270924326697923e-02
6.658900000000000000e+04,1.124338449442385257e-01,3.343813864655587054e-02
6.659000000000000000e+04,7.103345439296168684e-02,1.730623938972186693e-02
6.659100000000000000e+04,7.562345341734759419e-02,9.016591273546481489e-03
6.659200000000000000e+04,7.710173666111998225e-02,2.007262163457212978e-02
6.659300000000000000e+04,8.608133084635354038e-02,4.608878642864056019e-02
6.659400000000000000e+04,9.323513724328083563e-02,4.903810638214167739e-02
6.659500000000000000e+04,1.202792728244704429e-01,6.284860691226867857e-02
6.659600000000000000e+04,1.329445031382973375e-01,7.947099910798272049e-02
6.659700000000000000e+04,1.249544006402480700e-01,7.611991547702245953e-02
6.659800000000000000e+04,1.806662266729726629e-01,9.628379428270150697e-02
6.659900000000000000e+04,1.662585905632318617e-01,9.251036564470282997e-02
6.660000000000000000e+04,1.291667817853736355e-01,5.513871843566775510e-02
6.660100000000000000e+04,7.814354469618341181e-02,2.603562088269839592e-02
6.660200000000000000e+04,5.968087256268372193e-02,6.415380318326668885e-03
6.660300000000000000e+04,5.312816321895958566e-02,1.499547778599463754e-02
6.660400000000000000e+04,1.308810369742340329e-01,3.204732945178534465e-02
6.660500000000000000e+04,1.193096506526679368e-01,3.900368380138985458e-02
6.660600000000000000e+04,2.110281833276882527e-02,4.278373427033344001e-02
6.660700000000000000e+04,4.908258666416863425e-02,4.978251995595428525e-02
6.660800000000000000e+04,1.170752306093143374e-01,4.434320822008075424e-02
6.660900000000000000e+04,1.152483302409074289e-01,3.669724633141768777e-02
6.661000000000000000e+04,1.096320434416249989e-01,2.760074304280735191e-02
6.661100000000000000e+04,1.183716730026551783e-01,3.194158652470235893e-02
6.661200000000000000e+04,8.235213524714347921e-02,1.287556256963284795e-02
6.661300000000000000e+04,4.104225486585064836e-02,8.703798127559281284e-03
6.661400000000000000e+04,4.376230585018108660e-02,1.098226527746604120e-02
6.661500000000000000e+04,5.422001583249558970e-02,2.249396458655894548e-02
6.661600000000000000e+04,7.359211696485484788e-02,4.108154693250654077e-02
6.661700000000000000e+04,5.680230165441522289e-02,4.344908811161829476e-02
6.661800000000000000e+04,4.590084883312458425e-02,2.438520499116947349e-02
6.661900000000000000e+04,4.231215098493955329e-02,2.122266656499149917e-02
6.662000000000000000e+04,3.886169289753376582e-02,2.062565036915486871e-03
6.662100000000000000e+04,4.973997228520417313e-02,1.596433594102109055e-03
6.662200000000000000e+04,3.133469457762876748e-02,4.520462095825905635e-03
6.662300000000000000e+04,1.803719893698976437e-02,2.659603715361669174e-03
6.662400000000000000e+04,3.277282326952119657e-02,1.260429678086794070e-02
6.662500000000000000e+04,5.597581348600181445e-02,6.388072367844443988e-03
6.662600000000000000e+04,8.768651853166258003e-02,6.255467406166559385e-03
6.662700000000000000e+04,9.852855452789906210e-02,1.857542339032747236e-02
6.662800000000000000e+04,8.360819662281498976e-02,1.484345111688867291e-02
6.662900000000000000e+04,8.786714470685526301e-02,1.023955597814207863e-02
6.663000000000000000e+04,7.601872920470584272e-02,2.087024679637750069e-02
6.663100000000000000e+04,7.754126269211417122e-02,3.307850562343972456e-02
6.663200000000000000e+04,8.824929602634039305e-02,5.098610563595329381e-02
6.663300000000000000e+04,1.127378519912388410e-01,6.343859884462332843e-02
6.663400000000000000e+04,1.643427407641699090e-01,8.047100061699907769e-02
6.663500000000000000e+04,1.755489549450486297e-01,9.295280289506280269e-02
6.663600000000000000e+04,1.745365509356114897e-01,7.780715676791771784e-02
6.663700000000000000e+04,1.255586678927299582e-01,6.489620980255850213e-02
6.663800000000000000e+04,1.490885561789972724e-01,6.524463929259027850e-02
6.663900000000000000e+04,1.781934036843633995e-01,6.687939305517787147e-02
6.664000000000000000e+04,1.855837440501262314e-01,7.846813593238621820e-02
6.664100000000000000e+04,1.602502303812497197e-01,7.427651825351944126e-02
6.664200000000000000e+04,8.242335311834841916e-02,7.149310817036180765e-02
6.664300000000000000e+04,1.752332253837503642e-02,3.583493326748410368e-02
6.664400000000000000e+04,3.491704277277167534e-02,8.026112411982921913e-03
6.664500000000000000e+04,4.763404416155805898e-02,2.669430934999184046e-02
6.664600000000000000e+04,7.191092907048286798e-02,4.032225263512145830e-02
6.664700000000000000e+04,9.390095538823060861e-02,5.220350356113101498e-02
6.664800000000000000e+04,7.972585280173127842e-02,8.865625522667386349e-02
6.664900000000000000e+04,6.754105761161363630e-02,1.110020523081658439e-01
6.665000000000000000e+04,2.430099836324411608e-02,1.099801590270175211e-01
6.665100000000000000e+04,3.851637167553090269e-02,1.086830292241032225e-01
6.665200000000000000e+04,5.686271585376495574e-02,8.710356982646771939e-02
6.665300000000000000e+04,4.770065876079809114e-02,6.269326635998595521e-02
6.665400000000000000e+04,7.285141025464059172e-02,5.168280992338480928e-02
6.665500000000000000e+04,7.420485462892946471e-02,3.775318475932465390e-02
6.665600000000000000e+04,1.567013673957080577e-01,1.238092264431145395e-02
6.665700000000000000e+04,1.909900842730272441e-01,1.251918589720446562e-02
6.665800000000000000e+04,1.195985840124944438e-01,1.040200825005399565e-02
6.665900000000000000e+04,1.645720472955616298e-01,2.659364955896847960e-02
6.666000000000000000e+04,2.079035208663057854e-01,5.581700209692996850e-02
6.666100000000000000e+04,2.505948945126601490e-01,6.918492239137208344e-02
6.666200000000000000e+04,3.077175955720445888e-01,1.274041356413562198e-01
6.666300000000000000e+04,4.011760195275907437e-01,1.510686544544199705e-01
6.666400000000000000e+04,5.308608169873052507e-01,2.209879249374822052e-01
6.666500000000000000e+04,5.163243622938384902e-01,2.193754379041976676e-01
6.666600000000000000e+04,6.333165936060446422e-01,1.712343892186680705e-01
6.666700000000000000e+04,4.520462190542264835e-01,1.279183571177000545e-01
6.666800000000000000e+04,1.360979626538167397e-01,1.989443226712239721e-02
6.666900000000000000e+04,1.910950394483106884e-01,2.312096292912002582e-02
6.667000000000000000e+04,1.301343679855659352e-01,1.886330455021578700e-02
6.667100000000000000e+04,1.465605506622443266e-01,3.185761849412926949e-02
6.667200000000000000e+04,1.267724713961182192e-01,2.262474708380324273e-02
6.667300000000000000e+04,1.079114905993456552e-01,2.740787210794337625e-02
6.667400000000000000e+04,1.403108661214863828e-01,5.333633516166713662e-02
6.667500000000000000e+04,1.497457183779559442e-01,7.784211553105535586e-02
6.667600000000000000e+04,1.253927660197051985e-01,5.494130822955156646e-02
6.667700000000000000e+04,1.060676618659366077e-01,5.428205163669019839e-02
6.667800000000000000e+04,5.515602041868376132e-02,6.011768005909345902e-02
6.667900000000000000e+04,7.025670723943948370e-02,7.425890410911506478e-02
6.668000000000000000e+04,6.058608718994531322e-02,7.315910803677638796e-02
6.668100000000000000e+04,9.366096619302545501e-02,7.312046241046132877e-02
6.668200000000000000e+04,1.127270003146677024e-01,9.257174998752404349e-02
6.668300000000000000e+04,1.131514423789563850e-01,9.517721087540920166e-02
6.668400000000000000e+04,6.845453326760905788e-02,7.505349866408295156e-02
6.668500000000000000e+04,6.770801767184637943e-02,4.975436383847764432e-02
6.668600000000000000e+04,4.543775069129549898e-02,4.855922804339840582e-02
6.668700000000000000e+04,3.329503645282650554e-02,4.945318628046635467e-02
6.668800000000000000e+04,4.925715305252088144e-02,4.298129492632440929e-02
6.668900000000000000e+04,3.680643736700415364e-02,4.073709432307381917e-02
6.669000000000000000e+04,4.849904091660979522e-02,2.469837968636667824e-02
6.669100000000000000e+04,3.242083742273998287e-02,1.801764486923218556e-02
6.669200000000000000e+04,4.190219522946408981e-02,4.969229374072625660e-03
6.669300000000000000e+04,1.664597381800840895e-02,1.753817423481862647e-02
6.669400000000000000e+04,1.730567359715205061e-02,3.311033428951759561e-02
6.669500000000000000e+04,5.057525180621095379e-02,4.586425019437712081e-02
6.669600000000000000e+04,6.219879003695778785e-02,3.496624170556472677e-02
6.669700000000000000e+04,8.393603831679827265e-02,3.699093347553272793e-02
6.669800000000000000e+04,5.295510012806173283e-02,5.464404277329748538e-03
6.669900000000000000e+04,9.754812806531967806e-02,6.500851601664692225e-03
6.670000000000000000e+04,1.064805098344009521e-01,2.953400050989429815e-02
6.670100000000000000e+04,1.057531991548870953e-01,4.271921045074122958e-02
6.670200000000000000e+04,1.310136987823407595e-01,8.342369903902380202e-02
6.670300000000000000e+04,1.079833841128282623e-01,9.168533645988929948e-02
6.670400000000000000e+04,5.581630896449275847e-02,7.384446867901317546e-02
6.670500000000000000e+04,2.551409250945334273e-02,9.642548637947001566e-02
6.670600000000000000e+04,7.136892123793096843e-02,4.730819392831975279e-02
6.670700000000000000e+04,8.264790780285667660e-02,4.899983977698951776e-02
6.670800000000000000e+04,7.969801281173601037e-02,3.493095302227189336e-02
6.670900000000000000e+04,8.053246229370468467e-02,3.908181990010817231e-02
6.671000000000000000e+04,8.537315656830897492e-02,3.148904029124466319e-02
6.671100000000000000e+04,8.748794723374082871e-02,2.936090489832920980e-02
6.671200000000000000e+04,7.221732558495733145e-02,1.873009313316131852e-02
6.671300000000000000e+04,4.910581986713788427e-02,1.956170766263909400e-02
6.671400000000000000e+04,1.344978845046048213e-02,1.088002813317601181e-02
6.671500000000000000e+04,1.716363427813907480e-02,1.172232160396546874e-02
6.671600000000000000e+04,1.267097350919386134e-01,3.325524841457649927e-05
6.671700000000000000e+04,1.581359261527956750e-01,5.629144037030187064e-03
6.671800000000000000e+04,1.001478774115152764e-01,1.134859461517478962e-02
6.671900000000000000e+04,1.443750985760048344e-01,3.801045185963403128e-02
6.672000000000000000e+04,1.515692772308604441e-01,1.185081505771634625e-02
6.672100000000000000e+04,1.226595016104290448e-01,3.780862852785560335e-03
6.672200000000000000e+04,6.798447866303802822e-02,4.537963986088300317e-03
6.672300000000000000e+04,5.365103575409897740e-02,9.558530734008030549e-03
6.672400000000000000e+04,1.122159072405975316e-02,7.583786828181615647e-03
6.672500000000000000e+04,1.817187959811625633e-02,1.390430930577224444e-02
6.672600000000000000e+04,2.300600225500556636e-02,5.386223511003151998e-03
6.672700000000000000e+04,3.731377626454422669e-02,1.506390531041290615e-03
6.672800000000000000e+04,2.437794319870609239e-02,3.568129490261640058e-03
6.672900000000000000e+04,3.027122474920260556e-02,1.953308449687440884e-02
6.673000000000000000e+04,2.976176451306324078e-02,2.757242915437174702e-02
6.673100000000000000e+04,5.825374974339665030e-02,4.528559361575901221e-02
6.673200000000000000e+04,6.388157609861183639e-02,3.095957925113168585e-02
6.673300000000000000e+04,8.885958743800041748e-02,3.845108982657308161e-02
6.673400000000000000e+04,1.222168458462878499e-01,4.507764078143594588e-02
6.673500000000000000e+04,1.606533910219578587e-01,4.819153553076915841e-02
6.673600000000000000e+04,1.299852946431814538e-01,3.516111765863172423e-02
6.673700000000000000e+04,1.692249670214007462e-01,4.559254178233018706e-02
6.673800000000000000e+04,2.090638496463071150e-01,5.620103261297870745e-02
6.673900000000000000e+04,2.562069643011868902e-01,6.648681235111908450e-02
6.674000000000000000e+04,3.589138836319254455e-01,1.142303229788055319e-01
6.674100000000000000e+04,3.888786803277032855e-01,1.346317308527247292e-01
6.674200000000000000e+04,4.166007401157544310e-01,1.529018766474372626e-01
6.674300000000000000e+04,4.137706974603641008e-01,1.348087639894153256e-01
6.674400000000000000e+04,3.872374940837718937e-01,1.551503632843420633e-01
6.674500000000000000e+04,4.913459900063389396e-01,1.783930283448071918e-01
6.674600000000000000e+04,5.339807446133535418e-01,1.312842113782508591e-01
6.674700000000000000e+04,5.870648701078522436e-01,1.869155022347399608e-01
6.674800000000000000e+04,7.309289164114962656e-01,2.738740241013601917e-01
6.674900000000000000e+04,7.602939959328033348e-01,3.021068849569239489e-01
6.675000000000000000e+04,8.008011344209973181e-01,3.647401585104930177e-01
6.675100000000000000e+04,8.305489024298959855e-01,4.019989177676670522e-01
6.675200000000000000e+04,8.566430754328672181e-01,4.579238615259555445e-01
6.675300000000000000e+04,8.599193071926279908e-01,4.852037071937083113e-01
6.675400000000000000e+04,8.449575251225794892e-01,5.331586585015912760e-01
6.675500000000000000e+04,8.301267709327831978e-01,5.735038226471900202e-01
6.675600000000000000e+04,8.624520423939483482e-01,6.319141861266110993e-01
6.675700000000000000e+04,8.720809378900513664e-01,6.591427748125582298e-01
6.675800000000000000e+04,8.908666913487002237e-01,7.174306523102380595e-01
6.675900000000000000e+04,8.966220518750472879e-01,7.636827868001283548e-01
6.676000000000000000e+04,9.519645775725726899e-01,8.332078920118064502e-01
6.676100000000000000e+04,9.640099998313897967e-01,8.904147991385080729e-01
6.676200000000000000e+04,9.910675050839831135e-01,9.350562719214181584e-01
6.676300000000000000e+04,9.722787146554517923e-01,1.007723946854515162e+00
6.676400000000000000e+04,1.035320192756694402e+00,1.066440192767160511e+00
6.676500000000000000e+04,1.041540323836078086e+00,1.095510238830645022e+00
6.676600000000000000e+04,1.044618162135199757e+00,1.147870470987207625e+00
6.676700000000000000e+04,1.100859592212890092e+00,1.187868007743052345e+00
6.676800000000000000e+04,8.728592229518984391e-01,1.204918474448925636e+00
6.676900000000000000e+04,8.640290219201889332e-01,1.240709756203541403e+00
6.677000000000000000e+04,8.623073383582854357e-01,1.135855792050390889e+00
6.677100000000000000e+04,8.322898849016621137e-01,1.105661955845372191e+00
6.677200000000000000e+04,8.510477897184381968e-01,1.061343425230024451e+00
6.677300000000000000e+04,8.333052010139628818e-01,1.057671294483046864e+00
6.677400000000000000e+04,8.479028203070588798e-01,1.040256421780064500e+00
6.677500000000000000e+04,8.338540828239582314e-01,1.028970928032833854e+00
6.677600000000000000e+04,8.172562428902900855e-01,1.021840909317575097e+00
6.677700000000000000e+04,7.985150992750463805e-01,1.008553486328953142e+00
6.677800000000000000e+04,8.252292551989435232e-01,1.008474828034078286e+00
6.677900000000000000e+04,8.251327174494633709e-01,1.009610272195335057e+00
6.678000000000000000e+04,8.365471471854259988e-01,1.017745863926016625e+00
6.678100000000000000e+04,8.411093435092753534e-01,1.016438771376797945e+00
6.678200000000000000e+04,8.410117786337888424e-01,1.020300829795434794e+00
6.678300000000000000e+04,8.420065999887914598e-01,1.015312236333532070e+00
6.678400000000000000e+04,7.124933943663953606e-01,1.021469346383927501e+00
6.678500000000000000e+04,7.243393695076943972e-01,1.025367432882729801e+00
6.678600000000000000e+04,7.409807767365412801e-01,1.037258376172808028e+00
6.678700000000000000e+04,7.487861082188362882e-01,1.029190239142934615e+00
6.678800000000000000e+04,7.889146954437679105e-01,9.992923931599708709e-01
6.678900000000000000e+04,8.252251272456825326e-01,1.004464787852004548e+00
6.679000000000000000e+04,8.517207939893650659e-01,1.008609932134000076e+00
6.679100000000000000e+04,8.847717167058534171e-01,1.008795666561166371e+00
6.679200000000000000e+04,8.953399196078035693e-01,1.026696216216670621e+00
6.679300000000000000e+04,9.161485846010886114e-01,1.064733801521654755e+00
6.679400000000000000e+04,9.920110646047028968e-01,1.086797319429315678e+00
6.679500000000000000e+04,1.011468687221320106e+00,1.103544777656896514e+00
6.679600000000000000e+04,1.042292600092865840e+00,1.129166622945788845e+00
6.679700000000000000e+04,1.025234570490014097e+00,1.155285017003251369e+00
6.679800000000000000e+04,1.037105936544086893e+00,1.181920563393976664e+00
6.679900000000000000e+04,1.056248810916085024e+00,1.309389871399375238e+00
6.680000000000000000e+04,1.136536623398814561e+00,1.463819027230723435e+00
6.680100000000000000e+04,1.089532575469461806e+00,1.565142399777517568e+00
6.680200000000000000e+04,1.093644952372009760e+00,1.619209662415556750e+00
6.680300000000000000e+04,1.031552730665092898e+00,1.709396321416615905e+00
6.680400000000000000e+04,9.384771604034162218e-01,1.846372119428192349e+00
6.680500000000000000e+04,8.578817557188481713e-01,1.930412320786164315e+00
6.680600000000000000e+04,7.762629900720086074e-01,2.071150429639047275e+00
6.680700000000000000e+04,7.154456864763700796e-01,2.135954574546314433e+00
6.680800000000000000e+04,6.761934463750230995e-01,2.173111867013904686e+00
6.680900000000000000e+04,6.009137831927110485e-01,2.243838459314812184e+00
6.681000000000000000e+04,5.143012163059293984e-01,2.297668079324417079e+00
6.681100000000000000e+04,4.375231901663331202e-01,2.328971062737938524e+00
6.681200000000000000e+04,3.842520654137141500e-01,2.309004810160054433e+00
6.681300000000000000e+04,6.022127776743857464e-01,2.203135916216471202e+00
6.681400000000000000e+04,6.974044886859124270e-01,1.871577026681006117e+00
6.681500000000000000e+04,6.844619214163230048e-01,1.847710318133078289e+00
6.681600000000000000e+04,6.840190630441955744e-01,1.831271636407649339e+00
6.681700000000000000e+04,6.680963987531995940e-01,1.798322986872136653e+00
6.681800000000000000e+04,6.688239409679151981e-01,1.787614087953571129e+00
6.681900000000000000e+04,6.647941092709981348e-01,1.779881155780536517e+00
6.682000000000000000e+04,6.616900403436865030e-01,1.772310603771718007e+00
6.682100000000000000e+04,6.535595635374419343e-01,1.754306761291335448e+00
6.682200000000000000e+04,6.497793205230362190e-01,1.751376171885677735e+00
6.682300000000000000e+04,6.455994734975875060e-01,1.747300358137756859e+00
6.682400000000000000e+04,6.351757716457503422e-01,1.741578730167894662e+00
6.682500000000000000e+04,6.325172324100052368e-01,1.740235673209731715e+00
6.682600000000000000e+04,6.189879172964043441e-01,1.736960943721914674e+00
6.682700000000000000e+04,6.021997212278815681e-01,1.734946045675986426e+00
6.682800000000000000e+04,6.054423589069126699e-01,1.740422445598316159e+00
6.682900000000000000e+04,5.881014577419243494e-01,1.742240281058961671e+00
6.683000000000000000e+04,5.773850793072958787e-01,1.748477376896463653e+00
6.683100000000000000e+04,5.585882690579715426e-01,1.750712122248987868e+00
6.683200000000000000e+04,5.086878327324915183e-01,1.746258034130214298e+00
6.683300000000000000e+04,5.658251385127589517e-01,1.665520268640772628e+00
6.683400000000000000e+04,5.707914243874718796e-01,1.664784362125953265e+00
6.683500000000000000e+04,6.013560815446171715e-01,1.657836131044682304e+00
6.683600000000000000e+04,6.186920745355692919e-01,1.659799338252653911e+00
6.683700000000000000e+04,6.199097743358440438e-01,1.647763674326498062e+00
6.683800000000000000e+04,6.313639548786127431e-01,1.638341186753628165e+00
6.683900000000000000e+04,6.289016632096048331e-01,1.637343837069618502e+00
6.684000000000000000e+04,6.301256521978536584e-01,1.622195271532369532e+00
6.684100000000000000e+04,6.278991436589627106e-01,1.621073232194412128e+00
6.684200000000000000e+04,6.255562832525595196e-01,1.622416459520309218e+00
6.684300000000000000e+04,6.230261869681784637e-01,1.615804776875776838e+00
6.684400000000000000e+04,6.135441723360736122e-01,1.550730877408390995e+00
6.684500000000000000e+04,6.104001488552142085e-01,1.543012624848344672e+00
6.684600000000000000e+04,6.091854146357820188e-01,1.538849777797668850e+00
6.684700000000000000e+04,6.054066953270050844e-01,1.537191766901596424e+00
6.684800000000000000e+04,5.889053555471956969e-01,1.530964702060963134e+00
6.684900000000000000e+04,5.913811298176898656e-01,1.539559325349948438e+00
6.685000000000000000e+04,6.641822727415467309e-01,1.542953527885796206e+00
6.685100000000000000e+04,6.425533345284325515e-01,1.551275871830984698e+00
6.685200000000000000e+04,6.418655609355931047e-01,1.500546456027958442e+00
6.685300000000000000e+04,6.213677157095536252e-01,1.494552621327027708e+00
6.685400000000000000e+04,5.600022264015011020e-01,1.431033086517953024e+00
6.685500000000000000e+04,5.481642369840946660e-01,1.373055285788922220e+00
6.685600000000000000e+04,5.126873245026816184e-01,1.294952395112400012e+00
6.685700000000000000e+04,4.839299139168349861e-01,1.221029918759597876e+00
6.685800000000000000e+04,4.229276521241810416e-01,1.120248163577958422e+00
6.685900000000000000e+04,4.033997932591957825e-01,1.020247531193863466e+00
6.686000000000000000e+04,3.977073445760795911e-01,8.562843196257468037e-01
6.686100000000000000e+04,4.450183212148065004e-01,7.217090960776992858e-01
6.686200000000000000e+04,5.407085188900742079e-01,5.697792542547865935e-01
6.686300000000000000e+04,6.144750730866230803e-01,4.516777049365501284e-01
6.686400000000000000e+04,5.754992699010031965e-01,2.177138215876439631e-01
6.686500000000000000e+04,6.578860902329570770e-01,1.456113816867663502e-01
6.686600000000000000e+04,3.580711259495829579e-01,7.259028182975768573e-02
6.686700000000000000e+04,2.553651193738207259e-01,6.610954024547766039e-02
6.686800000000000000e+04,1.359275594544467336e-01,4.854684690071664477e-02
6.686900000000000000e+04,1.461893960436972950e-01,5.737821528708053620e-02
6.687000000000000000e+04,1.532658605556318776e-01,4.506093427541202345e-02
6.687100000000000000e+04,1.093642188756273614e-01,7.797453324112524342e-03
6.687200000000000000e+04,3.348878665039100450e-02,1.136484498991308101e-02
6.687300000000000000e+04,4.922815897656302592e-02,4.968957206873625410e-03
6.687400000000000000e+04,6.121895555217261170e-02,2.340737872074782899e-03
6.687500000000000000e+04,6.930325399241585305e-02,1.063365857428166805e-02
6.687600000000000000e+04,5.456100798429529275e-02,1.057224226356368035e-02
6.687700000000000000e+04,6.539118518687335457e-02,1.244793926774789838e-02
6.687800000000000000e+04,6.742591125371819039e-02,1.429579671117409134e-02
6.687900000000000000e+04,7.198305595829480874e-02,3.363967507207377139e-02
6.688000000000000000e+04,9.394626705430507430e-02,6.079425569256358131e-02
6.688100000000000000e+04,7.233868531574029481e-02,5.061777011456314312e-02
6.688200000000000000e+04,8.328463679280626031e-02,5.608480559058293125e-02
6.688300000000000000e+04,9.112542221891951899e-02,6.417671314759942902e-02
6.688400000000000000e+04,1.419964830081875407e-01,8.463382519313000785e-02
6.688500000000000000e+04,1.754876165507557317e-01,1.042299405511712962e-01
6.688600000000000000e+04,2.085124109463233344e-01,1.526671069895790822e-01
6.688700000000000000e+04,1.176548872485638497e-01,1.056732166191345357e-01
6.688800000000000000e+04,1.549712726790924977e-01,1.634594844543428849e-01
6.688900000000000000e+04,9.699556583635686458e-02,1.132531471510844767e-01
6.689000000000000000e+04,1.608628529555540532e-01,1.203546283704497455e-01
6.689100000000000000e+04,1.355769443097807059e-01,9.195161529282813717e-02
6.689200000000000000e+04,1.507389415166789093e-01,1.141270107364640296e-01
6.689300000000000000e+04,1.723444311944029028e-01,1.195424470306925002e-01
6.689400000000000000e+04,9.974634196451284684e-02,1.089021345680443176e-01
6.689500000000000000e+04,1.165539149394296675e-01,1.156997238994250665e-01
6.689600000000000000e+04,3.528029694573459746e-02,6.205261693278885105e-02
6.689700000000000000e+04,3.812189374366855427e-02,6.069870295778301283e-02
6.689800000000000000e+04,2.205097356163531960e-02,3.641399100326125904e-02
6.689900000000000000e+04,2.301900095852260630e-02,3.904931208157691458e-02
6.690000000000000000e+04,1.492064160793780091e-02,2.744795628453644554e-02
6.690100000000000000e+04,1.696419096287953357e-02,2.684874977066087354e-02
6.690200000000000000e+04,3.086935613981627545e-03,1.189384997377018749e-02
6.690300000000000000e+04,1.560802348446829399e-02,1.045927895096454563e-02
6.690400000000000000e+04,1.243605221664472182e-01,1.155999820081987650e-02
6.690500000000000000e+04,1.154927464849787866e-01,7.928361380418635918e-03
6.690600000000000000e+04,1.119278330582847009e-01,4.141410878837348264e-04
6.690700000000000000e+04,9.938935098464381224e-02,2.120423577705565776e-02
6.690800000000000000e+04,9.057755574321231518e-02,1.203826737499369415e-02
6.690900000000000000e+04,8.695355979333584118e-02,9.383815287261398908e-03
6.691000000000000000e+04,6.293305154614878272e-02,2.230574152226338924e-02
6.691100000000000000e+04,5.647113340382720059e-02,2.898322738210623584e-02
6.691200000000000000e+04,1.237413217461267312e-01,2.385069859535349224e-02
6.691300000000000000e+04,1.653123296884592697e-01,2.300766667186948666e-02
6.691400000000000000e+04,2.192228719119517777e-01,2.578023084621250405e-02
6.691500000000000000e+04,2.744933240862791335e-01,2.437133169335936600e-02
6.691600000000000000e+04,3.489606569100467959e-01,1.738958934045342630e-02
6.691700000000000000e+04,4.297618867814480548e-01,1.994379098245957493e-03
6.691800000000000000e+04,4.768000569062244010e-01,2.178997512673319648e-02
6.691900000000000000e+04,3.699462565788240731e-01,3.179937189881343329e-02
6.692000000000000000e+04,5.532836039041199028e-01,1.377346594164308158e-02
6.692100000000000000e+04,6.138762033731901546e-01,2.287551787161135053e-02
6.692200000000000000e+04,7.600672108392660942e-01,4.485078661797103905e-02
6.692300000000000000e+04,8.469095707910083703e-01,4.482084693887244953e-02
6.692400000000000000e+04,1.022745089732082446e+00,5.998738251115298681e-02
6.692500000000000000e+04,1.161987988503928149e+00,8.906067318324772941e-02
6.692600000000000000e+04,1.373020337127712986e+00,6.885060954508048781e-02
6.692700000000000000e+04,1.541152745710858918e+00,7.719405200291262759e-02
6.692800000000000000e+04,1.787922943464856695e+00,9.754739847003790487e-02
6.692900000000000000e+04,1.965323765201432815e+00,1.066366518704739974e-01
6.693000000000000000e+04,2.254875021060545492e+00,1.300465812556943490e-01
6.693100000000000000e+04,2.437777793978666008e+00,1.311912717144387841e-01
6.693200000000000000e+04,2.559558846763036133e+00,2.117370083661391789e-01
6.693300000000000000e+04,2.632598570530914728e+00,2.588288235389128999e-01
6.693400000000000000e+04,2.762464932560070530e+00,1.776319607659857525e-01
6.693500000000000000e+04,2.949165439764813712e+00,1.303963595592954050e-01
6.693600000000000000e+04,2.977248471706915200e+00,1.298048515662948432e-01
6.693700000000000000e+04,2.783622829003833843e+00,4.381974419348111383e-02
6.693800000000000000e+04,2.671096318620113763e+00,9.898784757249856625e-02
6.693900000000000000e+04,2.027353261562878650e+00,2.518203819233271190e-01
6.694000000000000000e+04,1.820576732219427063e+00,2.378716004725447419e-01
6.694100000000000000e+04,1.440629310262335316e+00,1.628957787091671605e-01
6.694200000000000000e+04,9.579327911342681023e-01,6.809272018855949682e-03
6.694300000000000000e+04,9.576446601456659602e-01,6.464318817123171357e-04
6.694400000000000000e+04,9.693034323562236265e-01,1.835805978796400950e-03
6.694500000000000000e+04,9.821468701323067263e-01,2.227458497799261750e-03
6.694600000000000000e+04,9.707672891630902967e-01,1.107679656452731365e-02
6.694700000000000000e+04,9.841955417776996340e-01,7.869406646044296849e-03
6.694800000000000000e+04,1.084710423362078124e+00,2.472846342818613152e-02
6.694900000000000000e+04,1.107546309464977341e+00,2.955916204875563835e-02
6.695000000000000000e+04,1.098670879316158810e+00,5.588330023531540292e-02
6.695100000000000000e+04,1.109966275422170634e+00,6.324408827020988610e-02
6.695200000000000000e+04,1.118746167316110540e+00,5.864077403257184073e-02
6.695300000000000000e+04,1.121567496972896816e+00,4.978580261318299449e-02
6.695400000000000000e+04,1.114021721417570054e+00,4.731127350691011202e-02
6.695500000000000000e+04,1.116263771136177363e+00,4.138986345300921244e-02
6.695600000000000000e+04,1.107061926636912830e+00,3.956797026286906771e-02
6.695700000000000000e+04,1.102071953082611300e+00,3.738703582803637460e-02
6.695800000000000000e+04,1.093484216790920227e+00,3.614327497506764075e-02
6.695900000000000000e+04,1.098449370975460804e+00,3.279507645410362215e-02
6.696000000000000000e+04,1.066831933687014011e+00,3.218259245150889569e-02
6.696100000000000000e+04,1.074496366557581295e+00,3.125740423727307871e-02
6.696200000000000000e+04,1.039196044634981275e+00,3.457716677489486301e-02
6.696300000000000000e+04,1.029753723558127776e+00,3.342835253667786333e-02
6.696400000000000000e+04,9.702573107219629733e-01,1.748403326182668138e-02
6.696500000000000000e+04,9.723482788403827737e-01,1.398268648391365332e-02
6.696600000000000000e+04,8.848936956943336263e-01,1.213036020741142806e-02
6.696700000000000000e+04,8.806815827470361180e-01,9.460963051992621331e-04
6.696800000000000000e+04,8.716053965285581739e-01,8.499700684957645080e-03
6.696900000000000000e+04,8.508776508995210541e-01,2.891903056806199857e-03
6.697000000000000000e+04,8.199114455041165428e-01,2.267096434490056822e-02
6.697100000000000000e+04,7.967944654611397448e-01,2.443339081955997472e-02
6.697200000000000000e+04,8.231042984426398812e-01,2.840520898571341490e-02
6.697300000000000000e+04,7.713086522986268845e-01,1.779616862214794537e-02
6.697400000000000000e+04,6.900225616557884578e-01,1.827669281689381364e-02
6.697500000000000000e+04,6.283613794948609277e-01,4.014201859103394554e-02
6.697600000000000000e+04,5.548347305171656973e-01,8.897005165023230688e-02
6.697700000000000000e+04,4.326346236904426990e-01,9.691433390652548496e-02
6.697800000000000000e+04,2.761730323096069362e-01,1.088865524001612073e-01
6.697900000000000000e+04,2.376387353594690832e-01,1.168190276496439139e-01
6.698000000000000000e+04,4.954262611199771738e-01,1.386132155706256697e-01
6.698100000000000000e+04,7.717711799770505809e-01,8.618136484880878356e-02
6.698200000000000000e+04,9.181922962353433748e-01,1.246739685256059715e-02
6.698300000000000000e+04,7.200012307035832393e-01,3.592198796348355927e-02
6.698400000000000000e+04,6.957595239939745602e-01,8.785973926290679969e-02
6.698500000000000000e+04,6.877342434465626431e-01,8.737697839367442043e-02
6.698600000000000000e+04,6.991325734612712228e-01,8.313567659750376038e-02
6.698700000000000000e+04,6.965152780131859123e-01,7.506167411543884782e-02
6.698800000000000000e+04,7.067015510311512871e-01,7.586419076470818368e-02
6.698900000000000000e+04,7.136253347387075952e-01,7.648993021219041566e-02
6.699000000000000000e+04,7.158458136222348722e-01,7.978101808989990218e-02
6.699100000000000000e+04,7.158418229159130286e-01,7.987932614620874006e-02
6.699200000000000000e+04,7.160583137153143651e-01,8.182722121787833203e-02
6.699300000000000000e+04,7.182365190029025293e-01,8.366679804547771937e-02
6.699400000000000000e+04,7.162061671533558327e-01,8.035269156394519996e-02
6.699500000000000000e+04,7.120460394458310027e-01,8.232738215662394055e-02
6.699600000000000000e+04,7.119962243125705914e-01,8.347143192904482589e-02
6.699700000000000000e+04,7.123021991125174646e-01,8.402161373239636077e-02
6.699800000000000000e+04,7.088498682713202381e-01,8.341950858417135350e-02
6.699900000000000000e+04,7.026086813643149798e-01,8.315760519949222385e-02
6.700000000000000000e+04,7.079105063843615930e-01,8.432859554046601147e-02
6.700100000000000000e+04,7.036710296997255032e-01,8.488788413410475187e-02
6.700200000000000000e+04,7.047758486713474602e-01,8.685611662377823450e-02
6.700300000000000000e+04,6.978662409089588792e-01,9.075329486691074976e-02
6.700400000000000000e+04,7.067199116307889550e-01,8.420609045614213528e-02
6.700500000000000000e+04,7.086075763630476088e-01,7.969527697354905627e-02
6.700600000000000000e+04,7.084919285671757994e-01,8.375273511316194686e-02
6.700700000000000000e+04,7.113544162882270427e-01,8.447286130181907993e-02
6.700800000000000000e+04,7.088549529421215301e-01,8.218351736276829911e-02
6.700900000000000000e+04,7.090193659495225287e-01,8.197560858657837457e-02
6.701000000000000000e+04,7.098549486273801890e-01,8.417787475874760617e-02
6.701100000000000000e+04,7.046544641846547163e-01,8.774997084172042605e-02
6.701200000000000000e+04,7.080164294434463379e-01,8.581121964993343454e-02
6.701300000000000000e+04,7.011713973086782792e-01,7.284419510476425330e-02
6.701400000000000000e+04,7.079870511571298985e-01,7.093948454204834775e-02
6.701500000000000000e+04,7.039916492787289259e-01,7.525622061611514368e-02
6.701600000000000000e+04,7.120558295988790309e-01,7.914686814183724550e-02
6.701700000000000000e+04,7.116669952483544170e-01,8.457416708966647434e-02
6.701800000000000000e+04,6.895134591381076872e-01,8.390295673708436652e-02
6.701900000000000000e+04,6.824730616971588226e-01,8.681968297102216070e-02
6.702000000000000000e+04,6.146566575734960791e-01,8.497478198672325789e-02
6.702100000000000000e+04,6.111385538338887091e-01,9.961564789137256071e-02
6.702200000000000000e+04,6.875627564019044513e-01,9.729708914282397814e-02
6.702300000000000000e+04,6.832744488599079569e-01,9.741810564054986799e-02
6.702400000000000000e+04,7.004421777875809996e-01,9.302855764019923868e-02
6.702500000000000000e+04,6.942548696956358789e-01,8.297289830756682250e-02
6.702600000000000000e+04,6.633539137943416097e-01,6.798927857087377902e-02
6.702700000000000000e+04,6.465581373695242773e-01,6.748438882136653660e-02
6.702800000000000000e+04,6.758105862802934460e-01,2.916602342046559215e-02
6.702900000000000000e+04,6.265673818923204186e-01,4.387297184136329520e-02
6.703000000000000000e+04,5.618365176715511833e-01,4.030768499842807273e-02
6.703100000000000000e+04,5.123553702899537043e-01,3.783879134158496527e-02
6.703200000000000000e+04,4.085940112881084052e-01,2.063458857601574437e-02
6.703300000000000000e+04,3.489177416507621698e-01,8.383382622319857091e-03
6.703400000000000000e+04,2.618735437541853117e-01,1.608776928733846034e-03
6.703500000000000000e+04,1.957653863330667543e-01,1.566301544985293503e-02
6.703600000000000000e+04,3.979283239195949284e-02,4.162985093265447745e-02
6.703700000000000000e+04,8.942977671254394301e-02,5.924618737926579115e-02
6.703800000000000000e+04,1.881157572466149730e-01,1.023808356507629469e-01
6.703900000000000000e+04,2.676946282776381802e-01,1.385242121936087756e-01
6.704000000000000000e+04,4.627912569461047343e-01,1.956963147626389343e-01
6.704100000000000000e+04,6.123223789298744002e-01,2.787154553310564609e-01
6.704200000000000000e+04,6.685752732464010917e-01,3.698767504418256635e-01
6.704300000000000000e+04,7.688702623696426208e-01,4.064937599892850528e-01
6.704400000000000000e+04,3.814554220743179846e-01,4.113462478097957842e-01
6.704500000000000000e+04,5.122339879434582022e-01,2.554172432869101783e-01
6.704600000000000000e+04,4.929295617412592367e-01,1.490720707113304400e-01
6.704700000000000000e+04,4.997068894163285147e-01,1.235273068564914922e-01
6.704800000000000000e+04,5.157938753432095291e-01,1.115369709328746239e-01
6.704900000000000000e+04,5.048249994777722627e-01,1.111517766658352002e-01
6.705000000000000000e+04,5.120094879850085601e-01,1.001482117489409518e-01
6.705100000000000000e+04,5.190349271819870713e-01,9.366735037459861246e-02
6.705200000000000000e+04,5.299516160902486561e-01,8.635496330339265114e-02
6.705300000000000000e+04,5.356228055254399489e-01,8.349408214580122944e-02
6.705400000000000000e+04,5.487696014376488574e-01,7.779875254121648709e-02
6.705500000000000000e+04,5.630332226584471300e-01,7.897144353725948918e-02
6.705600000000000000e+04,6.313300253972844445e-01,7.435212803093804723e-02
6.705700000000000000e+04,6.487976451085096796e-01,6.521380727505388109e-02
6.705800000000000000e+04,6.459131877608972339e-01,5.024900985797842168e-02
6.705900000000000000e+04,6.608849541732945143e-01,4.897788675338077269e-02
6.706000000000000000e+04,6.885324789548291635e-01,4.602313850178063603e-02
6.706100000000000000e+04,7.128702452081365770e-01,4.810438555193385923e-02
6.706200000000000000e+04,7.552790215039234534e-01,4.987084437486544175e-02
6.706300000000000000e+04,7.760390911936988489e-01,6.941270551926947974e-02
6.706400000000000000e+04,8.177184464151479037e-01,9.626878713570619084e-02
6.706500000000000000e+04,8.564394277694261648e-01,1.092612410394977474e-01
6.706600000000000000e+04,8.779233172767846316e-01,1.331809478555321391e-01
6.706700000000000000e+04,9.037049722210850344e-01,1.629237425940281980e-01
6.706800000000000000e+04,9.370827406744504096e-01,2.188157847627998365e-01
6.706900000000000000e+04,9.889791846168418665e-01,2.492671558447909774e-01
6.707000000000000000e+04,1.032286931885195713e+00,3.108979543707661719e-01
6.707100000000000000e+04,1.095215987222214027e+00,3.542561463553539625e-01
6.707200000000000000e+04,1.111501404436664897e+00,4.213305322436866618e-01
6.707300000000000000e+04,1.170673507638803512e+00,4.434136777611712432e-01
6.707400000000000000e+04,1.667667150988882518e+00,4.404050531505845356e-01
6.707500000000000000e+04,1.755578195299765998e+00,4.295554079801711111e-01
6.707600000000000000e+04,1.096812650250115873e+00,3.988182042098316060e-01
6.707700000000000000e+04,1.115219199189523280e+00,4.101702756523941673e-01
6.707800000000000000e+04,9.373941242926158157e-01,3.153867601877351490e-01
6.707900000000000000e+04,9.233140532588242078e-01,2.748834348775055503e-01
6.708000000000000000e+04,9.137176322520194072e-01,2.371909805683074524e-01
6.708100000000000000e+04,8.968923070938848996e-01,2.453757260495201820e-01
6.708200000000000000e+04,8.855313133282487481e-01,2.207089473692782633e-01
6.708300000000000000e+04,9.013052383280519830e-01,1.860285684418521157e-01
6.708400000000000000e+04,8.626940343841494885e-01,1.571985596979708077e-01
6.708500000000000000e+04,8.559699824259395795e-01,1.612853749036773365e-01
6.708600000000000000e+04,8.261400328257885173e-01,1.792588594111315103e-01
6.708700000000000000e+04,8.157819286065601805e-01,1.785394971831628652e-01
6.708800000000000000e+04,8.706927088986808894e-01,1.996551782786788465e-01
6.708900000000000000e+04,9.089371126564298464e-01,2.076256943490228934e-01
6.709000000000000000e+04,1.268598315076274741e+00,2.418667728863717059e-01
6.709100000000000000e+04,1.431484380450044114e+00,2.514691761418212934e-01
6.709200000000000000e+04,1.412232994613786818e+00,2.788213537127930408e-01
6.709300000000000000e+04,1.443009871450730230e+00,3.005250232593716930e-01
6.709400000000000000e+04,1.429013280034471700e+00,2.971936587027101950e-01
6.709500000000000000e+04,1.381196895502955435e+00,2.913790497893664622e-01
6.709600000000000000e+04,1.273546959975602411e+00,2.897708269383478807e-01
6.709700000000000000e+04,1.201618465460772667e+00,3.064689806428155805e-01
6.709800000000000000e+04,9.548240590695011853e-01,3.660990206938734559e-01
6.709900000000000000e+04,8.435256980273075911e-01,4.211338112241733711e-01
6.710000000000000000e+04,3.945070255256569181e-01,5.640165617801500275e-01
6.710100000000000000e+04,2.164061367847744388e-01,3.364094474577541405e-01
6.710200000000000000e+04,3.400918103932930592e-01,1.666029667135973114e-01
6.710300000000000000e+04,4.204648131295328772e-01,1.684681875058444689e-01
6.710400000000000000e+04,3.449143126371611023e-01,9.212524903995245040e-02
6.710500000000000000e+04,3.425673868968836522e-01,6.533787646697675200e-02
6.710600000000000000e+04,2.760093675295356985e-01,3.318548992908176842e-02
6.710700000000000000e+04,8.908297671200007817e-02,5.707960931438549324e-03
6.710800000000000000e+04,2.008911454499757998e-02,1.029308998337086223e-03
6.710900000000000000e+04,5.704477660072865969e-02,1.391306300925876371e-02
6.711000000000000000e+04,4.364215547829208147e-02,1.168474503469951742e-02
6.711100000000000000e+04,7.475596135180510859e-02,1.408184090890785001e-02
6.711200000000000000e+04,3.263386160531112773e-02,3.345001117381229960e-03
6.711300000000000000e+04,4.210645688342637416e-02,2.064781119809566690e-03
6.711400000000000000e+04,1.986203895884218473e-02,6.437902862781896829e-03
6.711500000000000000e+04,1.852788739592860570e-02,6.990415266905358749e-03
6.711600000000000000e+04,1.903126156529325735e-02,8.388493898664250992e-03
6.711700000000000000e+04,1.895774566270231123e-02,7.998579038897446480e-03
6.711800000000000000e+04,1.768683977960711085e-02,9.166391949118946059e-03
6.711900000000000000e+04,1.805116986557182834e-02,9.798476451273074872e-03
6.712000000000000000e+04,1.784417401240231960e-02,5.787390387087754107e-03
6.712100000000000000e+04,1.981403788347873771e-02,4.737093513213608276e-03
6.712200000000000000e+04,2.144286831296209062e-02,3.317590224202859872e-03
6.712300000000000000e+04,2.448387904233629078e-02,3.001454304278894369e-03
6.712400000000000000e+04,2.240121426715537337e-02,2.533790646403133451e-03
6.712500000000000000e+04,2.823343017846347697e-02,6.499468092897586757e-04
6.712600000000000000e+04,3.389960864866149726e-02,7.160054697735063201e-03
6.712700000000000000e+04,4.067246915424307940e-02,1.005375713614498068e-02
6.712800000000000000e+04,1.207017997773528195e-01,9.333061314471535752e-03
6.712900000000000000e+04,1.062929856510795440e-01,2.175067585157108851e-02
6.713000000000000000e+04,4.631738624486762129e-02,2.033237128204490318e-02
6.713100000000000000e+04,4.967659759619159204e-02,1.206191845703585841e-02
6.713200000000000000e+04,3.065680941799063530e-02,3.500765483347478835e-02
6.713300000000000000e+04,5.091261381776396311e-02,3.430996007959663530e-02
6.713400000000000000e+04,1.633955785515581530e-02,1.794047648436603026e-02
6.713500000000000000e+04,1.613780012795354088e-02,1.728864522119977210e-02
6.713600000000000000e+04,6.555234776863733126e-02,1.565973075581084117e-02
6.713700000000000000e+04,8.647760989804059717e-02,2.139926119996005127e-02
6.713800000000000000e+04,1.001245246853887244e-01,5.214780827344611680e-03
6.713900000000000000e+04,1.244674959726191771e-01,7.260937626856645011e-03
6.714000000000000000e+04,1.922080360580070424e-01,1.106210247887773335e-02
6.714100000000000000e+04,2.468243318342339121e-01,8.925660757320486027e-03
6.714200000000000000e+04,2.350268350460376632e-01,4.678776298823805746e-02
6.714300000000000000e+04,2.171708143880687059e-01,5.501223659282672429e-02
6.714400000000000000e+04,2.062308827623262897e-01,7.424228271260702172e-02
6.714500000000000000e+04,1.516582058236576047e-01,4.319185764711974684e-02
6.714600000000000000e+04,6.210007433904644880e-02,1.263586275011618909e-02
6.714700000000000000e+04,6.038553510234404703e-02,9.089144896584855360e-03
6.714800000000000000e+04,2.006237633258030686e-02,4.419211901115716046e-03
6.714900000000000000e+04,2.328607989408531739e-02,8.116798009695003202e-03
6.715000000000000000e+04,1.978874443066683947e-02,1.406718581389299061e-03
6.715100000000000000e+04,1.964989672502611556e-02,3.029475753280053141e-05
6.715200000000000000e+04,1.547905754046806359e-02,5.586383745860956651e-03
6.715300000000000000e+04,1.497359284166054419e-02,7.169239535027571719e-03
6.715400000000000000e+04,1.057408060120880108e-02,8.916039646010176511e-03
6.715500000000000000e+04,1.303655281077052697e-02,7.135702585703285195e-03
6.715600000000000000e+04,5.544277331451363117e-03,9.753830232327231897e-03
6.715700000000000000e+04,4.813880801899432689e-03,1.070539806134718219e-02
6.715800000000000000e+04,8.498855053143808402e-03,1.522352706449936477e-02
6.715900000000000000e+04,9.213990874397538777e-03,1.779657261453237993e-02
6.716000000000000000e+04,6.434875896921987692e-02,2.140551955400837869e-02
6.716100000000000000e+04,4.117288246611010977e-02,2.463081531298527693e-02
6.716200000000000000e+04,1.045327752335175470e-02,4.216703309695191138e-02
6.716300000000000000e+04,2.509987644175882410e-02,5.278885373605746167e-02
6.716400000000000000e+04,1.054369796236950679e-01,5.259394548674833914e-02
6.716500000000000000e+04,1.301454711516599472e-01,6.135585778203633822e-02
6.716600000000000000e+04,7.404266672767130519e-02,5.606609469419865377e-02
6.716700000000000000e+04,1.023225498156257879e-01,5.771755502834352569e-02
6.716800000000000000e+04,7.123360186397630078e-02,8.064637665317064830e-03
6.716900000000000000e+04,9.510494886183082364e-02,8.911679649941106618e-04
6.717000000000000000e+04,7.795406964135560834e-02,2.483803597349165670e-02
6.717100000000000000e+04,8.294238213412194471e-02,2.806786249275106115e-02
6.717200000000000000e+04,2.387585966467175094e-02,6.448723698145641947e-03
6.717300000000000000e+04,2.882335961721309986e-02,4.009204595011084393e-03
6.717400000000000000e+04,7.728995664256088638e-02,3.770683377730676966e-03
6.717500000000000000e+04,9.114657848169548104e-02,4.197277863205783888e-03
6.717600000000000000e+04,8.668820509312528955e-02,9.259893746239811207e-03
6.717700000000000000e+04,7.801720718496366058e-02,2.181635379832513877e-02
6.717800000000000000e+04,9.921877511049750908e-02,3.792407525454777328e-02
6.717900000000000000e+04,7.775332526830436297e-02,3.123360713850686921e-02
6.718000000000000000e+04,1.181305046400661224e-01,6.814528344334647159e-02
6.718100000000000000e+04,1.291033155887562345e-01,8.776152645256374285e-02
6.718200000000000000e+04,1.558007782305709243e-01,9.913125719201332231e-02
6.718300000000000000e+04,1.823251958820180374e-01,1.186911639285739284e-01
6.718400000000000000e+04,1.591898992815574954e-01,1.428752132095176819e-01
6.718500000000000000e+04,2.098512259523910850e-01,1.714657156732464216e-01
6.718600000000000000e+04,2.165085303314672194e-01,2.092212864712408305e-01
6.718700000000000000e+04,3.042312124412332452e-01,2.346232280519622293e-01
6.718800000000000000e+04,3.830325358835546812e-01,2.664612510795052458e-01
6.718900000000000000e+04,4.842511101014599917e-01,2.842271668567981635e-01
6.719000000000000000e+04,5.708662053279562887e-01,3.158710611935653390e-01
6.719100000000000000e+04,6.913358106677088832e-01,3.339765414728148585e-01
6.719200000000000000e+04,9.943971660753894160e-01,5.089826065430713697e-01
6.719300000000000000e+04,1.144196641409320092e+00,5.585242459141923632e-01
6.719400000000000000e+04,1.391768045154274214e+00,6.292244936801587585e-01
6.719500000000000000e+04,1.550511356740327473e+00,6.776985921031553062e-01
6.719600000000000000e+04,1.813676354431089210e+00,7.818925543897279340e-01
6.719700000000000000e+04,1.961984746664358070e+00,8.248672146327358234e-01
6.719800000000000000e+04,2.073135037648459633e+00,9.259276862841652189e-01
6.719900000000000000e+04,2.118667372859051490e+00,1.022262271319554827e+00
6.720000000000000000e+04,2.166363518446011494e+00,1.071579457010912506e+00
6.720100000000000000e+04,2.245225378710231201e+00,1.057095317589748618e+00
6.720200000000000000e+04,2.191694649121529448e+00,1.075542073066305448e+00
6.720300000000000000e+04,2.271824408211838620e+00,1.012795853135525448e+00
6.720400000000000000e+04,2.129483628769000880e+00,8.658655087430737751e-01
6.720500000000000000e+04,2.137926586765217962e+00,8.889903748321899002e-01
6.720600000000000000e+04,1.996371393072548406e+00,8.263745010498801946e-01
6.720700000000000000e+04,1.967829063428823355e+00,8.530952380284695380e-01
6.720800000000000000e+04,1.955123290340477382e+00,8.249021022851614759e-01
6.720900000000000000e+04,1.919660438776442879e+00,8.220281288019215538e-01
6.721000000000000000e+04,1.937372234971306506e+00,8.038665759382368492e-01
6.721100000000000000e+04,1.929602965718691054e+00,7.926282923239682532e-01
6.721200000000000000e+04,1.961010352762377895e+00,7.874669169419732384e-01
6.721300000000000000e+04,1.950440248705503477e+00,7.769539207823790150e-01
6.721400000000000000e+04,1.951276563273060205e+00,7.761180429065746011e-01
6.721500000000000000e+04,1.956799611585847254e+00,7.608580190847540337e-01
6.721600000000000000e+04,1.983966510051820453e+00,7.464504031723961930e-01
6.721700000000000000e+04,2.013527953068243281e+00,7.059471227798574944e-01
6.721800000000000000e+04,2.074364199455646318e+00,6.306458095626723548e-01
6.721900000000000000e+04,2.117667916325166377e+00,6.094464078686314679e-01
6.722000000000000000e+04,2.164505451886650444e+00,5.473408834731507966e-01
6.722100000000000000e+04,2.204151405100543748e+00,5.039679501784526394e-01
6.722200000000000000e+04,2.273185119183454894e+00,4.458173921308699050e-01
6.722300000000000000e+04,2.310826172450086258e+00,4.073570550989522587e-01
6.722400000000000000e+04,2.376223333324047449e+00,3.529186909035111341e-01
6.722500000000000000e+04,2.402099431883232050e+00,3.299288240503166492e-01
6.722600000000000000e+04,2.452816303758664329e+00,2.718995397368857425e-01
6.722700000000000000e+04,2.455377229961529295e+00,2.485778140984677975e-01
6.722800000000000000e+04,2.430468531710527014e+00,2.352696546216570539e-01
6.722900000000000000e+04,2.381523928076794139e+00,2.232525401840064205e-01
6.723000000000000000e+04,2.246789421300443568e+00,2.298752582990246651e-01
6.723100000000000000e+04,1.925348301325188416e+00,3.213701585592296794e-01
6.723200000000000000e+04,1.902135605698901610e+00,3.889285533699933239e-01
6.723300000000000000e+04,1.912809176095449759e+00,4.119162059921528396e-01
6.723400000000000000e+04,1.920221699269429205e+00,4.523530877828711994e-01
6.723500000000000000e+04,1.896240058823675856e+00,5.669768805004942180e-01
6.723600000000000000e+04,1.934591914902758614e+00,5.920224061475707344e-01
6.723700000000000000e+04,1.988206418298681388e+00,6.056633690542625459e-01
6.723800000000000000e+04,2.082493624873937854e+00,5.590603085725724952e-01
6.723900000000000000e+04,2.160205746123709858e+00,5.562620305270513654e-01
6.724000000000000000e+04,2.298581919981359523e+00,5.389637037835264266e-01
6.724100000000000000e+04,2.381241620014629135e+00,5.422797662901253091e-01
6.724200000000000000e+04,2.518858316181530554e+00,5.460693032027101879e-01
6.724300000000000000e+04,2.606995982913483445e+00,5.522840690001800112e-01
6.724400000000000000e+04,2.740674121591743173e+00,5.733987235360835655e-01
6.724500000000000000e+04,2.824708453107390493e+00,6.025676194815474673e-01
6.724600000000000000e+04,3.023453759179395739e+00,6.003304839183662978e-01
6.724700000000000000e+04,3.141344026476065476e+00,6.245315062329162004e-01
6.724800000000000000e+04,3.309918282811836754e+00,6.943358922405593603e-01
6.724900000000000000e+04,3.441190395445012484e+00,6.858548814355245327e-01
6.725000000000000000e+04,3.554828912412137942e+00,7.559722118387490752e-01
6.725100000000000000e+04,3.395608674672262683e+00,8.460080621418271107e-01
6.725200000000000000e+04,3.420284590099921473e+00,8.786225088158801100e-01
6.725300000000000000e+04,3.425562097815654905e+00,8.832433761864066923e-01
6.725400000000000000e+04,3.501700920589022825e+00,9.289111439342789822e-01
6.725500000000000000e+04,3.561560117527565517e+00,9.566353490361514389e-01
6.725600000000000000e+04,3.157924554011262153e+00,9.490393697657601990e-01
6.725700000000000000e+04,3.100929609954816701e+00,9.498804616054385974e-01
6.725800000000000000e+04,2.626294789452775724e+00,6.635163710223856981e-01
6.725900000000000000e+04,2.554581923181017622e+00,5.496930231258936317e-01
6.726000000000000000e+04,2.545289089378423242e+00,5.508936915618001251e-01
6.726100000000000000e+04,2.545744721607321903e+00,5.447096003468310244e-01
6.726200000000000000e+04,2.527541332851146016e+00,5.347873877873894344e-01
6.726300000000000000e+04,2.532464872421964497e+00,5.315449539467742568e-01
6.726400000000000000e+04,2.542026128797360229e+00,5.258256971333423735e-01
6.726500000000000000e+04,2.565232954635757068e+00,5.104747643539155888e-01
6.726600000000000000e+04,2.570776267739531828e+00,4.905730087110988791e-01
6.726700000000000000e+04,2.573546592481473549e+00,4.701444035186383985e-01
6.726800000000000000e+04,2.567772930817063592e+00,4.275134619543905501e-01
6.726900000000000000e+04,2.557335879559232694e+00,4.096274397184060945e-01
6.727000000000000000e+04,2.533980614891835792e+00,4.102329746201860416e-01
6.727100000000000000e+04,2.500132600588156784e+00,3.966644810747936845e-01
6.727200000000000000e+04,2.444231033386361052e+00,4.012337484131442977e-01
6.727300000000000000e+04,2.417305649913623622e+00,3.847625808282586490e-01
6.727400000000000000e+04,2.371795197169367597e+00,3.648041475499397279e-01
6.727500000000000000e+04,2.324978736853231531e+00,3.555243598355417589e-01
6.727600000000000000e+04,2.309445075520817792e+00,3.376100076535131222e-01
6.727700000000000000e+04,2.275326788813444079e+00,3.302341054683033406e-01
6.727800000000000000e+04,2.247643941129092937e+00,3.291188548558423577e-01
6.727900000000000000e+04,2.235460978568815982e+00,3.276500969733575630e-01
6.728000000000000000e+04,2.202674040899097907e+00,3.483495104777176721e-01
6.728100000000000000e+04,2.172712140887866461e+00,3.717447848420576406e-01
6.728200000000000000e+04,2.140271196454043956e+00,3.857235401533358754e-01
6.728300000000000000e+04,2.061993043499931400e+00,3.839251786040449588e-01
6.728400000000000000e+04,1.917719244522162914e+00,4.009489889870998525e-01
6.728500000000000000e+04,1.788782960940201283e+00,4.291104554856346454e-01
6.728600000000000000e+04,1.672151371587374813e+00,4.561152200864029282e-01
6.728700000000000000e+04,1.626278075234537379e+00,4.694221063074230926e-01
6.728800000000000000e+04,1.538410951674656690e+00,4.650444131575284246e-01
6.728900000000000000e+04,1.504574105255455985e+00,4.682575794149776982e-01
6.729000000000000000e+04,1.403682416425385382e+00,4.626464588477148254e-01
6.729100000000000000e+04,1.362053952428173842e+00,4.460841471032352956e-01
6.729200000000000000e+04,1.266871416662728844e+00,4.529570512615279654e-01
6.729300000000000000e+04,1.208873065570041927e+00,4.579114118322564764e-01
6.729400000000000000e+04,1.150503475054110991e+00,5.024203719652504674e-01
6.729500000000000000e+04,1.111130184465056736e+00,6.338508366056565535e-01
6.729600000000000000e+04,1.071195246624803588e+00,3.752808873031128201e-01
6.729700000000000000e+04,1.022821705810120330e+00,5.097824307539617905e-01
6.729800000000000000e+04,1.130687893728570703e+00,6.337632534951964658e-01
6.729900000000000000e+04,1.317179847485951516e+00,7.036477129506621964e-01
6.730000000000000000e+04,1.324965270262611128e+00,8.988684280415206729e-01
6.730100000000000000e+04,1.386699597948180429e+00,1.143976672039688225e+00
6.730200000000000000e+04,1.308613095827399153e+00,1.005798142282664287e+00
6.730300000000000000e+04,1.251790312900899593e+00,1.153347334707323313e+00
6.730400000000000000e+04,1.092199844799536246e+00,1.376640731149969099e+00
6.730500000000000000e+04,1.139844771102016097e+00,1.493971493554134611e+00
6.730600000000000000e+04,1.042835825382058212e+00,1.595380708863586960e+00
6.730700000000000000e+04,1.045541735200915534e+00,1.688556986529668791e+00
6.730800000000000000e+04,9.146217878813467372e-01,1.564232056492471656e+00
6.730900000000000000e+04,8.353529414046082513e-01,1.190798208376598666e+00
6.731000000000000000e+04,3.323411976199173612e+00,2.606828775319414149e+00
6.731100000000000000e+04,1.332315924937373630e+01,9.548243436947096541e+00
6.731200000000000000e+04,2.248998991575201956e+01,1.274631630701483687e+01
6.731300000000000000e+04,2.980409471051316217e+01,3.461264025171075787e-01
6.731400000000000000e+04,nan,nan
6.731500000000000000e+04,nan,nan
6.731600000000000000e+04,nan,nan
6.731700000000000000e+04,nan,nan
6.731800000000000000e+04,1.104837260401308008e+01,8.357044342276296334e-01
6.731900000000000000e+04,2.391928237443922001e+01,4.427235537454620840e+00
6.732000000000000000e+04,1.634328089114596949e+01,1.298477658133045054e+00
6.732100000000000000e+04,2.507480480392985100e+01,8.028794943921724325e-01
6.732200000000000000e+04,2.378915885781134776e+01,2.848350695837119417e+00
6.732300000000000000e+04,3.027501044323989987e+01,2.661780841539695075e+00
6.732400000000000000e+04,3.036801944657438668e+01,2.532774860340659018e+00
6.732500000000000000e+04,3.481043036348783204e+01,2.583317013392971262e+00
6.732600000000000000e+04,3.274254951128060043e+01,4.255314473258984265e+00
6.732700000000000000e+04,3.414670444410394623e+01,4.563295724723690938e+00
6.732800000000000000e+04,3.038164760191259717e+01,4.875769717446154061e+00
6.732900000000000000e+04,2.920974150254919977e+01,5.133719546507631293e+00
6.733000000000000000e+04,2.888971613169904629e+01,5.005650678181343238e+00
6.733100000000000000e+04,2.728595957010529816e+01,4.902101405876020834e+00
6.733200000000000000e+04,2.590712644762243144e+01,5.410897210991787887e+00
6.733300000000000000e+04,2.429967198243030424e+01,5.795496144224443924e+00
6.733400000000000000e+04,2.783295956612846922e+01,5.420671534251454204e+00
6.733500000000000000e+04,3.012391474029283955e+01,4.935272297275105302e+00
6.733600000000000000e+04,3.280702019977062633e+01,6.667912122406676190e+00
6.733700000000000000e+04,3.633271971987043969e+01,6.487314279700743924e+00
6.733800000000000000e+04,3.545580226677144253e+01,1.075021430567474567e+01
6.733900000000000000e+04,3.664808727011104850e+01,1.111332419050456721e+01
6.734000000000000000e+04,4.169461262160750437e+01,1.389368431900561518e+01
6.734100000000000000e+04,4.309724258565736221e+01,1.430940180239460702e+01
6.734200000000000000e+04,3.908127356587368695e+01,1.698977293678777301e+01
6.734300000000000000e+04,3.955837511456431344e+01,1.767946352609738625e+01
6.734400000000000000e+04,3.981113913698464302e+01,2.030596429195536246e+01
6.734500000000000000e+04,4.053345065619782162e+01,2.115664553185073871e+01
6.734600000000000000e+04,4.193133778150799174e+01,2.357252181201097585e+01
6.734700000000000000e+04,4.284542765187337210e+01,2.452072426191450205e+01
6.734800000000000000e+04,4.749198724702643659e+01,2.973961916009474749e+01
6.734900000000000000e+04,4.904798906324646168e+01,3.097129741512463497e+01
6.735000000000000000e+04,5.014891123556251529e+01,3.120977731595111848e+01
6.735100000000000000e+04,5.262173749342630913e+01,3.241556418007665741e+01
6.735200000000000000e+04,5.363260846991352793e+01,3.149002200627030490e+01
6.735300000000000000e+04,5.706534740358367230e+01,3.260848510857563554e+01
6.735400000000000000e+04,5.066827435803997304e+01,2.857034603596179068e+01
6.735500000000000000e+04,5.290819803691535839e+01,2.953148075478402035e+01
6.735600000000000000e+04,6.455641693320605157e+01,3.187182380062131770e+01
6.735700000000000000e+04,6.887810332628728816e+01,3.292019321828045264e+01
6.735800000000000000e+04,6.091087553225934670e+01,3.247494135081981881e+01
6.735900000000000000e+04,6.497478670162789172e+01,3.349817811589799987e+01
6.736000000000000000e+04,6.112923271988415053e+01,3.787522881972958544e+01
6.736100000000000000e+04,5.941721034598213436e+01,3.949981441056198861e+01
6.736200000000000000e+04,5.742272353395185291e+01,4.172883685219088079e+01
6.736300000000000000e+04,6.051798743286187232e+01,4.303131091254853402e+01
6.736400000000000000e+04,5.695713317021409949e+01,3.933511017250773989e+01
6.736500000000000000e+04,6.033211744363088513e+01,4.046261055917785399e+01
6.736600000000000000e+04,5.632935419376993735e+01,3.811319691985679015e+01
6.736700000000000000e+04,5.933460140040877207e+01,3.911730824289352171e+01
6.736800000000000000e+04,4.977830077101052808e+01,3.551921508748946366e+01
6.736900000000000000e+04,5.092236590673545749e+01,3.639327663715041439e+01
6.737000000000000000e+04,4.600978919501315545e+01,2.855814189505615985e+01
6.737100000000000000e+04,4.689342420616134177e+01,2.920415374122369911e+01
6.737200000000000000e+04,4.955166594871716512e+01,2.900032964521399492e+01
6.737300000000000000e+04,5.068496030934134211e+01,2.966114818970158851e+01
6.737400000000000000e+04,4.836049922424818703e+01,2.975087319962049293e+01
6.737500000000000000e+04,4.951379838416008994e+01,3.033146858275840430e+01
6.737600000000000000e+04,nan,nan
6.737700000000000000e+04,nan,nan
6.737800000000000000e+04,nan,nan
6.737900000000000000e+04,nan,nan
6.738000000000000000e+04,nan,nan
6.738100000000000000e+04,1.656888022900349311e+00,3.457033566700324911e-01
6.738200000000000000e+04,1.828894490601967737e+00,1.735633185839308368e+00
6.738300000000000000e+04,1.988094399859735129e+00,1.733597923602047786e+00
6.738400000000000000e+04,9.365952483342820933e-01,2.711733815588033281e-01
6.738500000000000000e+04,2.114822032141267183e+00,2.194407610371129635e-01
6.738600000000000000e+04,1.887705549262262084e+00,1.131348752091270171e-01
6.738700000000000000e+04,3.130750937728085326e+00,4.256296938734749347e-02
6.738800000000000000e+04,2.780099016170803683e+00,1.255464261865121500e+00
6.738900000000000000e+04,3.450577514303667215e+00,1.662616423699361690e+00
6.739000000000000000e+04,4.274984077610039179e+00,2.208752210546915506e+00
6.739100000000000000e+04,5.729176869437972108e+00,2.584500431184224567e+00
6.739200000000000000e+04,1.028103549558186991e+01,1.838624652192311970e+00
6.739300000000000000e+04,1.650990826691552016e+01,2.036876407316167814e+00
6.739400000000000000e+04,2.934814553121125158e+01,3.678437302902349160e+00
6.739500000000000000e+04,4.295125696288191364e+01,4.148241944378408874e+00
6.739600000000000000e+04,6.473089143391241862e+01,5.717137193610380308e+00
6.739700000000000000e+04,7.335346713617249748e+01,5.984845517231313750e+00
6.739800000000000000e+04,8.048868299926508030e+01,5.505553381829784598e+00
6.739900000000000000e+04,4.937155111192321755e+01,3.125937476813959393e+00
6.740000000000000000e+04,4.527703793218630324e+01,1.284347288463202119e+00
6.740100000000000000e+04,4.355399590042743796e+01,4.106889883621960280e-01
6.740200000000000000e+04,5.719839734872370229e+01,2.637672309091243505e-02
6.740300000000000000e+04,5.790103978314440525e+01,8.130529955821543808e-01
6.740400000000000000e+04,8.464290470660948529e+01,2.523544288151157389e+00
6.740500000000000000e+04,8.364037296314218395e+01,2.453378524600346111e+00
6.740600000000000000e+04,8.960657868181087338e+01,3.290968621028422803e+00
6.740700000000000000e+04,8.856887380194224590e+01,3.371616436333273015e+00
6.740800000000000000e+04,8.419219609732779475e+01,4.672286552342796995e+00
6.740900000000000000e+04,8.586891977526947528e+01,4.976186372933298685e+00
6.741000000000000000e+04,8.511699174819548830e+01,1.109708619205166258e+01
6.741100000000000000e+04,8.707734063637883537e+01,1.151987991743648365e+01
6.741200000000000000e+04,8.720879724044945647e+01,1.067083437935892221e+01
6.741300000000000000e+04,8.944323015407435662e+01,1.109476318637608472e+01
6.741400000000000000e+04,9.042569582510306248e+01,1.116248594826237195e+01
6.741500000000000000e+04,9.305578448101455535e+01,1.167606976997218027e+01
6.741600000000000000e+04,9.876498258812272013e+01,1.357001009511244405e+01
6.741700000000000000e+04,1.033370375038211364e+02,1.445825168144646966e+01
6.741800000000000000e+04,1.123413866431195345e+02,1.529677171734018515e+01
6.741900000000000000e+04,1.189708120546707164e+02,1.627118919642562389e+01
6.742000000000000000e+04,1.238736387652705844e+02,1.553913220536582429e+01
6.742100000000000000e+04,1.298209033310048426e+02,1.638219757211270888e+01
6.742200000000000000e+04,1.391024884664919341e+02,1.703365195306925273e+01
6.742300000000000000e+04,1.468044926374707302e+02,1.831655139052342207e+01
6.742400000000000000e+04,1.618519210200356042e+02,1.926345770174094696e+01
6.742500000000000000e+04,1.732067275964630255e+02,1.964219472011628653e+01
6.742600000000000000e+04,1.697430204555658690e+02,1.980560829016110347e+01
6.742700000000000000e+04,1.803037440014031745e+02,2.028149736094407274e+01
6.742800000000000000e+04,1.714635147089362306e+02,2.150098518389841473e+01
6.742900000000000000e+04,1.806000256095905740e+02,2.220477474322793654e+01
6.743000000000000000e+04,1.611051399300274909e+02,3.617073885893412211e+01
6.743100000000000000e+04,1.657156530055566179e+02,3.752437619656002710e+01
6.743200000000000000e+04,1.564436856149760047e+02,4.023822564225144305e+01
6.743300000000000000e+04,1.601191042712691797e+02,4.172893919312888755e+01
6.743400000000000000e+04,1.629967745280312101e+02,4.493096833079683705e+01
6.743500000000000000e+04,1.670017682520152391e+02,4.645505564508031426e+01
6.743600000000000000e+04,1.580668364604007081e+02,4.753168829801570894e+01
6.743700000000000000e+04,1.582648499605181769e+02,4.540589045793023359e+01
6.743800000000000000e+04,1.599902536604332681e+02,4.421262562747075009e+01
6.743900000000000000e+04,1.608764839660578616e+02,4.718498559867416020e+01
6.744000000000000000e+04,1.615644337331473821e+02,4.839976370285192786e+01
6.744100000000000000e+04,1.618250308091227510e+02,4.919243920076639398e+01
6.744200000000000000e+04,1.617638863793237931e+02,5.038102458544503293e+01
6.744300000000000000e+04,1.616084597590609633e+02,5.110894727789931125e+01
6.744400000000000000e+04,1.606477793058528789e+02,5.226103964763868248e+01
6.744500000000000000e+04,1.597938951933821841e+02,5.306877544913994171e+01
6.744600000000000000e+04,1.583923576540618114e+02,5.426506483828182326e+01
6.744700000000000000e+04,1.570004325296874867e+02,5.507816426058283099e+01
6.744800000000000000e+04,1.550404546139072295e+02,5.622117292644703923e+01
6.744900000000000000e+04,1.533068218434009964e+02,5.704151082181285659e+01
6.745000000000000000e+04,1.511532187615786427e+02,5.815121077261249383e+01
6.745100000000000000e+04,1.492689598367896053e+02,5.889502007312204057e+01
6.745200000000000000e+04,1.471267546196461637e+02,5.993503621417423943e+01
6.745300000000000000e+04,1.452187481452366455e+02,6.064776504053303796e+01
6.745400000000000000e+04,1.432460233125115678e+02,6.163983193159458551e+01
6.745500000000000000e+04,1.414743045579908198e+02,6.225956655358900349e+01
6.745600000000000000e+04,1.400419123777651009e+02,6.290937957737749997e+01
6.745700000000000000e+04,1.387392834992848236e+02,6.331907192431068410e+01
6.745800000000000000e+04,1.386626664425426156e+02,6.345615576927253443e+01
6.745900000000000000e+04,1.388620650435209711e+02,6.349534443492961344e+01
6.746000000000000000e+04,1.401066578875351638e+02,6.345418333213880402e+01
6.746100000000000000e+04,1.416207868179682237e+02,6.357556866263154660e+01
6.746200000000000000e+04,1.456054902706886196e+02,6.377461484929009572e+01
6.746300000000000000e+04,1.492236597346826841e+02,6.403325889656201753e+01
6.746400000000000000e+04,1.562963850394081362e+02,6.448154767003288157e+01
6.746500000000000000e+04,1.621495293444647245e+02,6.479854773864107642e+01
6.746600000000000000e+04,1.721728627953268926e+02,6.530372046038453959e+01
6.746700000000000000e+04,1.793911841967585872e+02,6.561129435605522531e+01
6.746800000000000000e+04,1.897769394198540738e+02,6.583238633007883323e+01
6.746900000000000000e+04,1.963470087588534341e+02,6.591219605947989635e+01
6.747000000000000000e+04,2.058567765796127276e+02,6.593927867521797737e+01
6.747100000000000000e+04,2.121663678837861369e+02,6.585774063602312367e+01
6.747200000000000000e+04,2.207872098286985647e+02,6.556765053654385156e+01
6.747300000000000000e+04,2.264562421161877808e+02,6.535890035371329532e+01
6.747400000000000000e+04,2.353598106004671990e+02,6.497803189580180572e+01
6.747500000000000000e+04,2.416681029077515745e+02,6.468721890267426033e+01
6.747600000000000000e+04,2.509879688827100779e+02,6.419398154639142717e+01
6.747700000000000000e+04,2.570772224001555628e+02,6.377536855169547181e+01
6.747800000000000000e+04,2.661869738753849219e+02,6.313055635668250432e+01
6.747900000000000000e+04,2.723232060484543808e+02,6.262621423889856942e+01
6.748000000000000000e+04,2.810997263714040173e+02,6.184620651402559588e+01
6.748100000000000000e+04,2.867120388947177503e+02,6.119919887606654640e+01
6.748200000000000000e+04,2.936374094904427920e+02,6.035376299366571118e+01
6.748300000000000000e+04,2.976103056809948271e+02,5.962687009023321139e+01
6.748400000000000000e+04,3.010877742097993064e+02,5.890205013148984392e+01
6.748500000000000000e+04,nan,nan
6.748600000000000000e+04,nan,nan
6.748700000000000000e+04,nan,nan
6.748800000000000000e+04,nan,nan
6.748900000000000000e+04,nan,nan
6.749000000000000000e+04,2.066888381956367482e+00,1.045802231818250050e+00
6.749100000000000000e+04,4.674109989041740576e+00,1.013986345191035809e+00
6.749200000000000000e+04,5.485045524333421740e-01,7.753146911013715226e-01
6.749300000000000000e+04,2.131426155337989403e+00,6.318162035723986492e-01
6.749400000000000000e+04,2.460234926174745151e+00,7.920275896618420575e-01
6.749500000000000000e+04,4.647048574394778697e+00,6.139923235806890034e-01
6.749600000000000000e+04,7.337257320022779972e+00,4.199074433172924614e-01
6.749700000000000000e+04,1.022952760302664998e+01,2.242784982961012474e-01
6.749800000000000000e+04,1.479510073178501450e+01,1.027263937501693647e+00
6.749900000000000000e+04,1.818445475623522256e+01,1.500819499288901682e+00
6.750000000000000000e+04,2.316049201328458551e+01,1.926388596243334916e+00
6.750100000000000000e+04,2.769278880186219993e+01,2.409331976651465368e+00
6.750200000000000000e+04,3.345346507106499701e+01,2.630967087673454330e+00
6.750300000000000000e+04,4.223768487009645867e+01,1.678724437616253340e+00
6.750400000000000000e+04,nan,nan
6.750500000000000000e+04,nan,nan
6.750600000000000000e+04,nan,nan
6.750700000000000000e+04,nan,nan
6.750800000000000000e+04,nan,nan
6.750900000000000000e+04,nan,nan
6.751000000000000000e+04,nan,nan
6.751100000000000000e+04,nan,nan
6.751200000000000000e+04,nan,nan
6.751300000000000000e+04,nan,nan
6.751400000000000000e+04,nan,nan
6.751500000000000000e+04,nan,nan
6.751600000000000000e+04,nan,nan
6.751700000000000000e+04,nan,nan
6.751800000000000000e+04,nan,nan
6.751900000000000000e+04,1.200553262422725354e+01,3.089847878820208393e+00
6.752000000000000000e+04,2.679335803219524337e+01,7.908803823821571655e+00
6.752100000000000000e+04,1.903754907785598860e+01,1.102479533535273504e+00
6.752200000000000000e+04,2.850808586276666290e+01,1.777252058885672170e+00
6.752300000000000000e+04,4.123616667765873700e+01,1.581303802148177340e+00
6.752400000000000000e+04,5.322095719401017533e+01,2.214366177626601484e+00
6.752500000000000000e+04,7.217166262038347213e+01,2.980582368891113276e+00
6.752600000000000000e+04,8.725552092853277486e+01,3.887263652756189458e+00
6.752700000000000000e+04,9.907203092817796630e+01,2.202314940049028280e+00
6.752800000000000000e+04,1.145707085328686929e+02,2.701670724206920227e+00
6.752900000000000000e+04,1.153945896739166557e+02,2.968810981832724849e+00
6.753000000000000000e+04,1.296835770923304096e+02,3.216236567138459179e+00
6.753100000000000000e+04,1.420294957024203484e+02,6.141618276348246752e+00
6.753200000000000000e+04,1.570680799566272299e+02,6.583851954666304351e+00
6.753300000000000000e+04,1.576779134736769095e+02,1.265423436600439899e+01
6.753400000000000000e+04,1.719059909479667851e+02,1.352315514964229592e+01
6.753500000000000000e+04,1.641435381680173862e+02,1.986850173565083466e+01
6.753600000000000000e+04,1.767577730983674371e+02,2.100641551283593245e+01
6.753700000000000000e+04,1.746063046413739528e+02,2.291249246016197105e+01
6.753800000000000000e+04,1.864663291297403589e+02,2.378119824117534620e+01
6.753900000000000000e+04,1.654042107770704320e+02,2.420737803356591655e+01
6.754000000000000000e+04,1.750935525577735064e+02,2.502364063552568751e+01
6.754100000000000000e+04,1.437790823177078039e+02,2.156337545289004609e+01
6.754200000000000000e+04,1.566764895299245666e+02,2.189141497811755954e+01
6.754300000000000000e+04,1.737547879203980870e+02,2.208992329983122715e+01
6.754400000000000000e+04,1.885935554030934611e+02,2.179464127554697228e+01
6.754500000000000000e+04,2.097404677285331331e+02,2.175896729159761023e+01
6.754600000000000000e+04,2.266176699598895254e+02,2.139824080366067349e+01
6.754700000000000000e+04,2.482460973081533382e+02,2.177181780851593373e+01
6.754800000000000000e+04,2.655001178443115464e+02,2.164350735965645356e+01
6.754900000000000000e+04,2.900052358425280659e+02,2.182466470733987762e+01
6.755000000000000000e+04,3.078196215617734879e+02,2.174673056164235518e+01
6.755100000000000000e+04,3.301263413239593092e+02,2.235458091407098635e+01
6.755200000000000000e+04,3.480143011596506426e+02,2.236992622258556196e+01
6.755300000000000000e+04,3.675524059300541353e+02,2.368067997514589607e+01
6.755400000000000000e+04,3.840172222237197843e+02,2.417807105346723517e+01
6.755500000000000000e+04,4.109373540568265639e+02,2.454331430185564855e+01
6.755600000000000000e+04,4.304023881623591024e+02,2.462600399547919139e+01
6.755700000000000000e+04,4.604989637097599484e+02,2.478219323530430529e+01
6.755800000000000000e+04,4.842041843432605219e+02,2.427766606786754622e+01
6.755900000000000000e+04,5.201065672503057158e+02,2.359969249798684032e+01
6.756000000000000000e+04,5.478789926725644364e+02,2.244826586742558305e+01
6.756100000000000000e+04,5.895276754558846051e+02,2.103756163176687011e+01
6.756200000000000000e+04,6.219213543110496403e+02,1.928340682595834465e+01
6.756300000000000000e+04,6.707249335974299811e+02,1.700772867656784371e+01
6.756400000000000000e+04,7.064411167665411995e+02,1.514591488059004121e+01
6.756500000000000000e+04,7.605843623487934337e+02,1.277325104729104055e+01
6.756600000000000000e+04,8.015401450591568846e+02,1.054223374709316374e+01
6.756700000000000000e+04,8.491578692580942516e+02,1.129816043899256428e+01
6.756800000000000000e+04,8.820580083878310234e+02,1.150798735627366298e+01
6.756900000000000000e+04,9.166818775699000525e+02,1.523991298141941542e+01
6.757000000000000000e+04,9.468586303109018445e+02,1.640694475455624257e+01
6.757100000000000000e+04,9.946444370507651911e+02,1.760918168734029976e+01
6.757200000000000000e+04,1.029091602859417435e+03,1.803407506035983943e+01
6.757300000000000000e+04,1.083300063376561866e+03,1.824703082197316917e+01
6.757400000000000000e+04,1.122585502288998896e+03,1.793374475935208423e+01
6.757500000000000000e+04,nan,nan
6.757600000000000000e+04,nan,nan
6.757700000000000000e+04,nan,nan
6.757800000000000000e+04,nan,nan
6.757900000000000000e+04,nan,nan
6.758000000000000000e+04,2.145322098086260176e+00,5.831594761818905681e-01
6.758100000000000000e+04,2.138486360238337269e+00,5.572032992485418390e-01
6.758200000000000000e+04,5.054043214855595600e+00,6.214739112075022831e-01
6.758300000000000000e+04,1.502203368031930220e+00,3.630019574717522346e-01
6.758400000000000000e+04,1.735734595385372225e+00,4.220830016620240599e-01
6.758500000000000000e+04,4.971171143306725715e-01,7.959804749452814576e-02
6.758600000000000000e+04,2.848431601542909863e+00,2.000967650581841895e-01
6.758700000000000000e+04,1.339507659508602089e+01,1.945032117927993909e+00
6.758800000000000000e+04,2.576233064677736806e+01,3.703673720539207181e+00
6.758900000000000000e+04,4.890062393126368079e+01,6.209492892649585372e+00
6.759000000000000000e+04,6.911012802388044918e+01,8.922754595740421735e+00
6.759100000000000000e+04,1.055273617715895540e+02,1.441172571096656441e+01
6.759200000000000000e+04,1.320682017845730059e+02,2.022946832197845168e+01
6.759300000000000000e+04,1.687007302060518725e+02,2.545107825845632732e+01
6.759400000000000000e+04,1.988008285189823710e+02,2.998444651634625302e+01
6.759500000000000000e+04,2.410131648405589715e+02,3.627940605523918549e+01
6.759600000000000000e+04,2.712536637426093762e+02,4.096700300106416393e+01
6.759700000000000000e+04,3.067301585522982919e+02,4.742915604985865485e+01
6.759800000000000000e+04,3.339723925883037055e+02,5.202472169999348495e+01
6.759900000000000000e+04,2.650849845754267449e+02,3.748598589077529653e+01
6.760000000000000000e+04,3.522388774320579046e+02,5.973536143083098438e+01
6.760100000000000000e+04,3.784692961975244998e+02,6.827408185352415160e+01
6.760200000000000000e+04,3.951214722716202346e+02,7.397318773065987330e+01
6.760300000000000000e+04,4.194361457448872557e+02,8.244850614296376534e+01
6.760400000000000000e+04,4.364527691738920794e+02,8.814161159100480347e+01
6.760500000000000000e+04,4.635321471803502504e+02,9.646187429489094711e+01
6.760600000000000000e+04,4.844873975842961613e+02,1.021109591443993452e+02
6.760700000000000000e+04,5.207280118833215283e+02,1.108502857515080677e+02
6.760800000000000000e+04,5.465914627363899854e+02,1.167671505483506280e+02
6.760900000000000000e+04,nan,nan
6.761000000000000000e+04,nan,nan
6.761100000000000000e+04,nan,nan
6.761200000000000000e+04,nan,nan
6.761300000000000000e+04,nan,nan
6.761400000000000000e+04,nan,nan
6.761500000000000000e+04,nan,nan
6.761600000000000000e+04,1.546600188261186837e-01,1.214681607549294995e-02
6.761700000000000000e+04,7.946845626747912616e-01,1.790955556002344906e-01
6.761800000000000000e+04,3.814923814190666063e-01,4.474555713421324299e-02
6.761900000000000000e+04,2.379854509851622169e-01,1.842103796645986336e-01
6.762000000000000000e+04,7.613468528099067711e-01,2.168980719677762181e-01
6.762100000000000000e+04,3.179946527399563738e+00,2.248880305106126798e-01
6.762200000000000000e+04,6.364942608146262337e+00,2.849267088509179757e-01
6.762300000000000000e+04,1.143824535531716613e+01,7.063834991749828873e-01
6.762400000000000000e+04,2.145549940438388870e+00,6.338484740097882764e-01
6.762500000000000000e+04,2.673201369682051798e+00,1.092810385678795626e+00
6.762600000000000000e+04,9.840504812128457734e-01,5.476289249980581531e-01
6.762700000000000000e+04,1.009954533813993471e+00,3.425284590393147255e-01
6.762800000000000000e+04,1.393690279082208772e+00,7.919324036120087840e-01
6.762900000000000000e+04,1.853868411912440006e+00,5.453368821616422224e-01
6.763000000000000000e+04,2.171633819584025904e+00,5.974073827240502510e-01
6.763100000000000000e+04,2.769747596863904704e+00,6.033636840304978932e-02
6.763200000000000000e+04,2.783407866150728438e+00,2.447472004249107158e-03
6.763300000000000000e+04,3.556580188500786388e+00,4.081372956718070100e-01
6.763400000000000000e+04,3.170109962272297910e+00,5.219972638417260669e-01
6.763500000000000000e+04,3.987782773721376905e+00,9.878854023470040602e-01
6.763600000000000000e+04,3.534569721671534381e+00,7.132541884878591532e-01
6.763700000000000000e+04,4.104200074352140959e+00,1.234177056387679272e+00
6.763800000000000000e+04,3.907623941895264519e+00,9.763533332203735426e-01
6.763900000000000000e+04,5.402716461363546330e+00,2.045042717078203509e+00
6.764000000000000000e+04,9.450129771717616478e+00,4.382428020664292490e+00
6.764100000000000000e+04,1.246804174307947477e+01,5.509602904049778260e+00
6.764200000000000000e+04,1.961991074108048849e+01,6.533511363821379092e+00
6.764300000000000000e+04,2.411827305565108048e+01,7.765798781254023453e+00
6.764400000000000000e+04,3.288542985823487186e+01,9.638391162476459328e+00
6.764500000000000000e+04,3.809234167409179861e+01,1.120061796795006259e+01
6.764600000000000000e+04,4.700264387539128563e+01,1.327182870935624592e+01
6.764700000000000000e+04,4.944890724149748706e+01,1.397602163592249269e+01
6.764800000000000000e+04,5.615387282062167884e+01,1.652742258861732338e+01
6.764900000000000000e+04,6.202884477269621044e+01,1.804266168570669393e+01
6.765000000000000000e+04,6.313447807952297097e+01,1.951536149587047575e+01
6.765100000000000000e+04,6.885316724161407365e+01,2.100446261808949444e+01
6.765200000000000000e+04,6.700684075013165852e+01,2.184657992121132963e+01
6.765300000000000000e+04,7.152185722388719569e+01,2.340335246973765493e+01
6.765400000000000000e+04,6.230770135464404547e+01,2.285746809890603970e+01
6.765500000000000000e+04,6.471289970072105291e+01,2.419906557659830781e+01
6.765600000000000000e+04,8.059468516944191663e+01,2.635381342974604735e+01
6.765700000000000000e+04,8.339638959255499628e+01,2.734391342351541354e+01
6.765800000000000000e+04,7.727808789694462632e+01,2.371256970087754468e+01
6.765900000000000000e+04,7.582373521255615856e+01,2.436492624914970051e+01
6.766000000000000000e+04,6.118516214799122110e+01,1.781231754291957259e+01
6.766100000000000000e+04,5.876151206178383291e+01,1.829595422520838355e+01
6.766200000000000000e+04,6.810082700093347796e+01,1.953923637843323746e+01
6.766300000000000000e+04,7.552546323097418224e+01,1.837076635198832975e+01
6.766400000000000000e+04,9.512021052357323470e+01,1.525694909969656266e+01
6.766500000000000000e+04,9.408737592941949401e+01,1.596730720045679419e+01
6.766600000000000000e+04,1.098344223904312287e+02,1.084524503817754848e+01
6.766700000000000000e+04,1.069435003328770648e+02,1.399575443346806480e+01
6.766800000000000000e+04,1.116013102961843373e+02,1.528931097108788606e+01
6.766900000000000000e+04,1.154919883336182096e+02,1.627022836143087403e+01
6.767000000000000000e+04,nan,nan
6.767100000000000000e+04,nan,nan
6.767200000000000000e+04,nan,nan
6.767300000000000000e+04,nan,nan
6.767400000000000000e+04,nan,nan
6.767500000000000000e+04,1.378525505689493835e+00,6.665509668241114127e-01
6.767600000000000000e+04,2.470123213946458396e+00,5.480701323618788479e-01
6.767700000000000000e+04,1.981824937406668541e+00,9.141907244930749243e-01
6.767800000000000000e+04,3.618680999285067479e+00,9.897033472139113996e-01
6.767900000000000000e+04,1.653729311830574478e+00,7.263927002099137553e-01
6.768000000000000000e+04,2.946747842109142645e+00,6.948235536476943253e-01
6.768100000000000000e+04,5.652272004893346136e+00,1.099286285517557360e+00
6.768200000000000000e+04,1.240545790726948816e+01,1.498032452865118103e+00
6.768300000000000000e+04,4.371893560181547400e+00,1.051767085747272290e+00
6.768400000000000000e+04,1.902307955004291173e+01,1.548647590734155699e+00
6.768500000000000000e+04,1.321892598566120514e+00,3.599350233048141945e-01
6.768600000000000000e+04,4.751578152347422646e-01,3.519909335826909569e-01
6.768700000000000000e+04,2.801922903661329567e+00,6.499860417155218784e-01
6.768800000000000000e+04,5.839402182397153140e+00,6.322931186415061688e-01
6.768900000000000000e+04,7.360408289843144436e-01,1.090769368396159678e+00
6.769000000000000000e+04,4.915199958313285045e+00,9.013517958366605853e-01
6.769100000000000000e+04,3.399689859907255585e+00,6.113584210525147000e-01
6.769200000000000000e+04,6.321831695202235757e+00,4.527466489841387443e-01
6.769300000000000000e+04,3.669099524590506700e+00,1.601871214508882701e+00
6.769400000000000000e+04,8.790517333788489651e+00,1.667456080520182127e+00
6.769500000000000000e+04,7.778501331850418588e+00,2.180351933040078904e+00
6.769600000000000000e+04,7.885684322440467575e+00,2.573793121513880067e+00
6.769700000000000000e+04,4.331647902496815306e+00,2.485588578349911870e+00
6.769800000000000000e+04,4.034325436603727333e+00,2.327682717447096650e+00
6.769900000000000000e+04,4.085310858896112229e+00,2.748696070869897312e+00
6.770000000000000000e+04,8.621949667315144339e+00,2.569157502384641134e+00
6.770100000000000000e+04,1.547046302048377164e+01,2.922564295705186055e+00
6.770200000000000000e+04,1.936023660082864950e+01,2.827726840264013219e+00
6.770300000000000000e+04,2.710571698921541994e+01,2.221100732335827388e+00
6.770400000000000000e+04,3.010126651786754692e+01,2.136384214939667459e+00
6.770500000000000000e+04,5.114638062251565742e+01,1.248087531128717842e+00
6.770600000000000000e+04,5.447725682190407781e+01,1.170873693333469134e+00
6.770700000000000000e+04,5.693271504664475913e+01,1.866215228902859735e+00
6.770800000000000000e+04,5.824105348429526430e+01,1.887529738738408014e+00
6.770900000000000000e+04,5.406985392879916219e+01,3.335526083095452066e+00
6.771000000000000000e+04,5.264626175413214071e+01,3.545667574201260663e+00
6.771100000000000000e+04,5.313179297301774540e+01,6.256429219193854863e+00
6.771200000000000000e+04,5.000689190677888973e+01,6.701364266242510581e+00
6.771300000000000000e+04,5.757155171365663193e+01,2.966558418941147579e+00
6.771400000000000000e+04,4.835165227591867421e+01,6.740044080403830407e+00
6.771500000000000000e+04,4.452293514139402930e+01,7.100185338924852374e+00
6.771600000000000000e+04,4.229423752016390381e+01,7.135510028281267125e+00
6.771700000000000000e+04,3.805131087360616959e+01,7.298480098095144086e+00
6.771800000000000000e+04,3.573184882052176903e+01,7.371925120978762180e+00
6.771900000000000000e+04,3.340010588818687154e+01,7.269297155490466622e+00
6.772000000000000000e+04,3.137580721175702436e+01,7.357096772073902002e+00
6.772100000000000000e+04,3.049616081498733422e+01,7.545003633062336235e+00
6.772200000000000000e+04,3.041330379849455312e+01,7.550131560335771042e+00
6.772300000000000000e+04,3.269714950029730716e+01,7.885156941243604223e+00
6.772400000000000000e+04,3.528537154362084749e+01,8.145548741498817691e+00
6.772500000000000000e+04,4.156519573971151260e+01,8.487776222865488052e+00
6.772600000000000000e+04,4.624818646513386255e+01,9.091096641254910793e+00
6.772700000000000000e+04,nan,nan
6.772800000000000000e+04,nan,nan
6.772900000000000000e+04,nan,nan
6.773000000000000000e+04,nan,nan
6.773100000000000000e+04,nan,nan
6.773200000000000000e+04,nan,nan
6.773300000000000000e+04,5.786826414197629553e+00,3.535443440272771909e-01
6.773400000000000000e+04,8.979330949242955384e+00,4.166285205011632797e-01
6.773500000000000000e+04,1.061347029909656126e+00,6.709004374805260795e-03
6.773600000000000000e+04,3.625535552238672743e+00,3.590919544115394046e-01
6.773700000000000000e+04,8.966727060046952857e+00,4.193173211627367891e-01
6.773800000000000000e+04,1.508752698586175178e+01,2.827975853275788154e-01
6.773900000000000000e+04,1.502111197932001296e+01,2.000036569977687861e+00
6.774000000000000000e+04,2.055269587917043950e+01,2.478875370184319138e+00
6.774100000000000000e+04,1.859647083735740480e+01,9.601293022294186130e-01
6.774200000000000000e+04,2.356335270187603825e+01,1.149851058185682007e+00
6.774300000000000000e+04,1.162657537472898994e+01,4.070691066379112044e+00
6.774400000000000000e+04,1.400746290651965786e+01,4.617434295867688832e+00
6.774500000000000000e+04,9.257467199239893807e-01,2.807103544437261178e+00
6.774600000000000000e+04,2.092952125629061744e+00,2.796185227766223136e+00
6.774700000000000000e+04,1.568362073209348173e+00,4.582377641717791050e+00
6.774800000000000000e+04,2.497177532141936940e+00,4.616765188911273299e+00
6.774900000000000000e+04,4.380394919796513520e+00,3.650993619110629140e+00
6.775000000000000000e+04,8.015551730674381758e+00,3.761047013450564691e+00
6.775100000000000000e+04,5.356676916691713863e+00,3.433782708898732494e+00
6.775200000000000000e+04,7.235080610487172770e+00,3.719880212242408390e+00
6.775300000000000000e+04,2.727372834116922107e+00,1.815984262109111569e+00
6.775400000000000000e+04,2.553017722570271264e+00,1.995614488521944452e+00
6.775500000000000000e+04,2.861107896650424198e+00,9.410544051005800270e-01
6.775600000000000000e+04,1.882931740423328115e+00,1.032066119268314708e+00
6.775700000000000000e+04,5.994552510681279145e-01,1.588844298931910259e+00
6.775800000000000000e+04,1.391525636226358831e+00,1.617560899727465085e+00
6.775900000000000000e+04,5.269060770641233127e+00,2.438004185032689008e+00
6.776000000000000000e+04,8.326082418321846035e+00,2.327274568256555654e+00
6.776100000000000000e+04,1.183235659328176759e+01,3.461361814149086058e+00
6.776200000000000000e+04,1.508580984885123399e+01,3.251252906204307180e+00
6.776300000000000000e+04,1.521469613896785766e+01,4.095649795352194644e+00
6.776400000000000000e+04,1.632059499877721009e+01,3.916946224165720025e+00
6.776500000000000000e+04,1.207273212292988873e+01,4.789730626014488735e+00
6.776600000000000000e+04,1.068288971240935759e+01,4.785170359693431408e+00
6.776700000000000000e+04,1.119785071512680119e+01,4.705137588596421949e+00
6.776800000000000000e+04,9.304846294463860801e+00,4.751215008565985443e+00
6.776900000000000000e+04,7.886093482107090935e+00,4.812797660895775209e+00
6.777000000000000000e+04,7.345914418322568196e+00,4.754954360075608122e+00
6.777100000000000000e+04,7.341447302518388618e+00,5.513095024567633118e+00
6.777200000000000000e+04,7.187440105897921150e+00,5.453140055610447234e+00
6.777300000000000000e+04,7.254527079807461476e+00,6.593562118993553156e+00
6.777400000000000000e+04,7.828125158496838765e+00,6.636380524788620505e+00
6.777500000000000000e+04,4.929553546218739868e+00,6.043918423244939220e+00
6.777600000000000000e+04,7.537847337668763359e+00,5.774541153268529570e+00
6.777700000000000000e+04,1.461476451386212894e+01,3.774207566407483228e+00
6.777800000000000000e+04,nan,nan
6.777900000000000000e+04,nan,nan
6.778000000000000000e+04,nan,nan
6.778100000000000000e+04,nan,nan
6.778200000000000000e+04,3.438197899484892517e+00,7.188478111330951492e-01
6.778300000000000000e+04,5.122782398273498794e-01,8.160113289468711173e-01
6.778400000000000000e+04,3.982727205419157368e+00,2.772352823405270783e-01
6.778500000000000000e+04,7.937936819329326488e-01,1.926759161172526547e-01
6.778600000000000000e+04,6.859093893423091615e+00,1.183635648137482121e-01
6.778700000000000000e+04,2.108311148367252752e+00,7.128441523583717299e-03
6.778800000000000000e+04,9.841891133550664250e+00,1.091285295216316342e+00
6.778900000000000000e+04,8.756608835424538384e+00,2.029905154130538847e+00
6.779000000000000000e+04,1.747985213600354726e+01,2.098690601479049178e+00
6.779100000000000000e+04,2.083896999121138549e+01,3.003186710838249951e+00
6.779200000000000000e+04,3.282404686803497640e+01,2.623731945297656409e+00
6.779300000000000000e+04,4.152500096749290748e+01,3.004498946270210524e+00
6.779400000000000000e+04,5.492454706936931785e+01,4.053694068507070369e+00
6.779500000000000000e+04,6.174277280717009830e+01,4.258043155988481487e+00
6.779600000000000000e+04,4.653373044828803984e+01,3.226902096923737417e+00
6.779700000000000000e+04,4.537363947755556381e+01,2.702746879308271843e+00
6.779800000000000000e+04,3.951148363495057936e+01,2.953499811242124906e+00
6.779900000000000000e+04,3.130101604044200414e+01,1.670821300732384884e+00
6.780000000000000000e+04,2.006118637810381955e+01,5.326140887474650754e+00
6.780100000000000000e+04,2.451626143138330960e+01,5.915286385720079920e-01
6.780200000000000000e+04,2.417259758568314254e+01,5.990576991881560787e+00
6.780300000000000000e+04,3.243486206629140867e+01,7.581108776866877008e+00
6.780400000000000000e+04,5.453659572227611108e+01,3.714449621270155433e+00
6.780500000000000000e+04,7.356228140884576305e+01,5.159449247046389075e+00
6.780600000000000000e+04,1.069377336213298690e+02,8.670885230672396915e+00
6.780700000000000000e+04,1.326239343599989411e+02,1.053025122829838267e+01
6.780800000000000000e+04,1.703014365758478732e+02,1.196011870251748377e+01
6.780900000000000000e+04,1.982725720402077059e+02,1.377256632774558653e+01
6.781000000000000000e+04,2.276210560704934949e+02,1.543172702155109732e+01
6.781100000000000000e+04,2.544600546342157656e+02,1.697664666326877381e+01
6.781200000000000000e+04,1.403578228861380239e+02,1.050850083477216401e+01
6.781300000000000000e+04,1.833944319322066292e+02,1.239913909313455775e+01
6.781400000000000000e+04,1.856263903097688228e+02,1.360192408728438096e+01
6.781500000000000000e+04,1.848411149684009445e+02,1.409651131636211119e+01
6.781600000000000000e+04,1.797885057578594399e+02,1.352100741737573486e+01
6.781700000000000000e+04,1.728013163716615566e+02,1.329238891295007363e+01
6.781800000000000000e+04,1.627730917223872780e+02,1.301328205387310533e+01
6.781900000000000000e+04,1.553122387594261227e+02,1.277721601592882905e+01
6.782000000000000000e+04,1.445663365939714993e+02,1.267999559854540337e+01
6.782100000000000000e+04,1.395946608009250838e+02,1.276799723346695004e+01
6.782200000000000000e+04,1.351867290369225714e+02,1.298698512078850342e+01
6.782300000000000000e+04,1.338345660604217926e+02,1.313358144048664400e+01
6.782400000000000000e+04,1.334246015384616442e+02,1.348470444432913240e+01
6.782500000000000000e+04,nan,nan
6.782600000000000000e+04,nan,nan
6.782700000000000000e+04,nan,nan
6.782800000000000000e+04,nan,nan
6.782900000000000000e+04,nan,nan
6.783000000000000000e+04,nan,nan
6.783100000000000000e+04,nan,nan
6.783200000000000000e+04,4.553423266861661212e+00,2.570481872991983607e+00
6.783300000000000000e+04,2.655052506476337282e+00,2.745578801631310739e+00
6.783400000000000000e+04,2.702571671286108757e+00,1.458282825100312152e-01
6.783500000000000000e+04,2.289318165923824644e+00,2.993532655982846791e-01
6.783600000000000000e+04,2.472108209262741774e+00,1.772174418554044451e-01
6.783700000000000000e+04,4.571249744017418237e+00,3.439470282850436433e-01
6.783800000000000000e+04,5.356282021368825585e-01,3.780958267924034999e-01
6.783900000000000000e+04,2.840166213336083878e+00,7.449858706043670509e-01
6.784000000000000000e+04,1.132601937915020507e+01,2.042509989542509174e-01
6.784100000000000000e+04,2.222998666198931161e+01,8.593388351440296447e-01
6.784200000000000000e+04,3.753437486308963145e+01,1.255441003445064041e+00
6.784300000000000000e+04,5.288559543401173357e+01,1.911899126116487935e+00
6.784400000000000000e+04,7.591298793076083484e+01,6.407457304777892659e+00
6.784500000000000000e+04,9.503601327283814726e+01,8.125214810880507343e+00
6.784600000000000000e+04,1.001262884854576924e+02,9.567976839962717861e+00
6.784700000000000000e+04,1.156980391100352392e+02,1.134824506059023719e+01
6.784800000000000000e+04,1.084121248950615808e+02,1.667675447477825657e+01
6.784900000000000000e+04,1.192582820959546268e+02,1.904634768026784286e+01
6.785000000000000000e+04,1.118859059373026525e+02,1.904672847236982136e+01
6.785100000000000000e+04,1.204769425295059051e+02,2.128085204512835560e+01
6.785200000000000000e+04,1.285483930477124943e+02,2.462951130464225002e+01
6.785300000000000000e+04,1.267090622836877429e+02,2.660155134194007331e+01
6.785400000000000000e+04,1.311623778184178377e+02,3.025734874949029773e+01
6.785500000000000000e+04,1.184105309717196377e+02,3.645530659749699254e+01
6.785600000000000000e+04,1.428354558185577048e+02,4.750525467427358706e+01
6.785700000000000000e+04,1.561153448882455734e+02,5.317572839806440754e+01
6.785800000000000000e+04,1.922945715221865726e+02,7.294629321088490315e+01
6.785900000000000000e+04,1.699153711175604542e+02,6.043613031380896672e+01
6.786000000000000000e+04,2.164995126309875388e+02,8.226578296596034079e+01
6.786100000000000000e+04,nan,nan
6.786200000000000000e+04,nan,nan
6.786300000000000000e+04,nan,nan
6.786400000000000000e+04,nan,nan
6.786500000000000000e+04,8.898490535639834720e-01,9.524413865777319188e-01
6.786600000000000000e+04,3.723628222983170755e-01,7.884053271784239314e-01
6.786700000000000000e+04,4.582439683271502529e-01,7.846676061353505816e-01
6.786800000000000000e+04,6.690911561514534256e-01,2.681015883920352394e-01
6.786900000000000000e+04,6.775209408065315797e-01,1.985205265570897382e-01
6.787000000000000000e+04,6.717965101066032396e-01,2.535840194643697032e-01
6.787100000000000000e+04,6.113696764670831785e-01,2.524387686775284578e-01
6.787200000000000000e+04,6.460978700178808820e-01,5.043961898217617090e-01
6.787300000000000000e+04,6.902824814127146436e-01,6.739016222538083412e-01
6.787400000000000000e+04,7.270158006202797063e-01,8.497351476283370175e-01
6.787500000000000000e+04,7.617581826807734435e-01,1.037804519481333898e+00
6.787600000000000000e+04,6.785741164939536052e-01,1.312493014244751066e+00
6.787700000000000000e+04,6.661124023808734362e-01,1.311020116029666838e+00
6.787800000000000000e+04,7.227887161002409799e-01,1.576847848910773564e+00
6.787900000000000000e+04,7.319121076018215710e-01,1.730940865789406757e+00
6.788000000000000000e+04,7.492917287619023092e-01,1.864466631465532487e+00
6.788100000000000000e+04,7.836747432582650275e-01,1.972840717848491465e+00
6.788200000000000000e+04,8.128867064062786918e-01,2.070078998302385287e+00
6.788300000000000000e+04,8.534050199733742570e-01,2.150395385251641756e+00
6.788400000000000000e+04,8.695401419254982223e-01,2.241563561215642153e+00
6.788500000000000000e+04,9.179681218905504370e-01,2.282497998587849963e+00
6.788600000000000000e+04,9.571399644670101070e-01,2.339945792269226388e+00
6.788700000000000000e+04,9.547337274571929822e-01,2.339097364173888138e+00
6.788800000000000000e+04,1.040925818204715858e+00,2.445407909441740912e+00
6.788900000000000000e+04,1.040411930761086179e+00,2.443585287740667411e+00
6.789000000000000000e+04,1.091400392134092900e+00,2.491093657640249148e+00
6.789100000000000000e+04,1.105950111059697427e+00,2.489697506220259982e+00
6.789200000000000000e+04,1.119197778808310062e+00,2.471555470444776859e+00
6.789300000000000000e+04,1.141458840364657501e+00,2.439000049715751572e+00
6.789400000000000000e+04,1.167518310382801516e+00,2.405641515197636693e+00
6.789500000000000000e+04,1.165443315239333311e+00,2.398938895397982662e+00
6.789600000000000000e+04,1.231183403841926260e+00,2.338002221078362197e+00
6.789700000000000000e+04,1.262604793641186829e+00,2.316389352467226104e+00
6.789800000000000000e+04,1.255218879886143224e+00,2.271030586115891481e+00
6.789900000000000000e+04,1.299509815978464156e+00,2.265977675474942998e+00
6.790000000000000000e+04,1.592798530384852640e+00,2.154371669415510837e+00
6.790100000000000000e+04,1.968285780390572892e+00,2.140090664115938068e+00
6.790200000000000000e+04,1.442318668641207280e+00,1.929636624966789782e+00
6.790300000000000000e+04,1.480775566902382545e+00,1.901368649713269576e+00
6.790400000000000000e+04,1.467986759143952824e+00,1.874513261256780083e+00
6.790500000000000000e+04,1.429238831745586635e+00,1.872895714414887891e+00
6.790600000000000000e+04,1.375759311497453341e+00,1.872319468769624962e+00
6.790700000000000000e+04,1.300455089257788854e+00,1.892781786276465539e+00
6.790800000000000000e+04,1.137397204374779758e+00,1.969112264015606684e+00
6.790900000000000000e+04,1.203416517614524173e+00,1.996724183566293220e+00
6.791000000000000000e+04,1.094895482211011961e+00,2.002491678746125103e+00
6.791100000000000000e+04,1.006237191069226711e+00,2.007200189828743930e+00
6.791200000000000000e+04,7.547220844588669042e-01,1.989408933285645276e+00
6.791300000000000000e+04,6.549491361189475613e-01,1.976175915380387949e+00
6.791400000000000000e+04,4.526893563093781214e-01,1.971505108273497342e+00
6.791500000000000000e+04,1.816943373973441411e-01,2.047401992728381970e+00
6.791600000000000000e+04,8.752462085311453199e-01,2.090854912330094351e+00
6.791700000000000000e+04,1.193497163070015965e+00,2.107544642297064286e+00
6.791800000000000000e+04,1.508958442584027893e+00,2.112554610772399144e+00
6.791900000000000000e+04,1.608175819448267596e+00,2.160435765223475357e+00
6.792000000000000000e+04,2.708925263604367917e+00,2.329274117332204241e+00
6.792100000000000000e+04,3.794284328262983230e+00,2.484820256753081935e+00
6.792200000000000000e+04,5.955721614833754174e+00,2.762228102767714688e+00
6.792300000000000000e+04,6.997488225864930911e+00,2.917822296170811569e+00
6.792400000000000000e+04,5.690869985631908712e+00,2.863372737725192962e+00
6.792500000000000000e+04,5.234957067740935166e+00,2.772878251031919206e+00
6.792600000000000000e+04,5.263661157498535914e+00,2.693371679170930122e+00
6.792700000000000000e+04,5.392493972828318327e+00,2.678030303712006344e+00
6.792800000000000000e+04,4.931696856493143599e+00,2.670311259718829433e+00
6.792900000000000000e+04,4.444929263057864510e+00,2.653058909288027678e+00
6.793000000000000000e+04,4.111875448616034490e+00,2.604958027247754160e+00
6.793100000000000000e+04,3.610458758964094184e+00,2.596224341572501260e+00
6.793200000000000000e+04,2.985976495787956431e+00,2.526249936411147701e+00
6.793300000000000000e+04,2.799961336501172404e+00,2.503078665036781558e+00
6.793400000000000000e+04,2.665274196451830946e+00,2.450679476479507457e+00
6.793500000000000000e+04,2.553797317726971272e+00,2.443542022694046523e+00
6.793600000000000000e+04,2.324299351415860304e+00,2.453063449462433709e+00
6.793700000000000000e+04,2.127754771449753335e+00,2.453515634954761993e+00
6.793800000000000000e+04,2.012577424464780496e+00,2.457451525203723008e+00
6.793900000000000000e+04,1.619336229386087123e+00,2.486784388733738638e+00
6.794000000000000000e+04,1.426923479339853973e+00,2.480313603456330895e+00
6.794100000000000000e+04,1.205790462300433852e+00,2.479278131299416543e+00
6.794200000000000000e+04,1.030363885451019090e+00,2.502383304066121639e+00
6.794300000000000000e+04,9.265987617768819407e-01,2.521018662294430612e+00
6.794400000000000000e+04,8.182477607378092488e-01,2.398609508963616577e+00
6.794500000000000000e+04,7.424283129941144921e-01,2.277138538465955264e+00
6.794600000000000000e+04,7.828899049269252286e-01,2.151289955310311086e+00
6.794700000000000000e+04,7.503653698050168908e-01,2.128898003218544943e+00
6.794800000000000000e+04,7.185670069693403939e-01,2.108980639993141892e+00
6.794900000000000000e+04,7.556005541286620053e-01,2.108111785733491672e+00
6.795000000000000000e+04,8.746223329184524831e-01,2.143613392590914657e+00
6.795100000000000000e+04,8.630593794480184711e-01,2.168974847094993663e+00
6.795200000000000000e+04,9.162658438489776902e-01,2.214444988747253262e+00
6.795300000000000000e+04,1.027089567056982622e+00,2.254234391319549502e+00
6.795400000000000000e+04,1.272159025048243297e+00,2.360751690218926058e+00
6.795500000000000000e+04,1.407587677696869877e+00,2.374651765388833269e+00
6.795600000000000000e+04,1.608082553977692397e+00,2.380913085878113122e+00
6.795700000000000000e+04,1.758820207406995406e+00,2.388490352022145657e+00
6.795800000000000000e+04,1.934940492379574772e+00,2.386765853549448479e+00
6.795900000000000000e+04,2.029063663620806590e+00,2.380932283208260003e+00
6.796000000000000000e+04,2.149690668688956308e+00,2.361516432242190433e+00
6.796100000000000000e+04,2.304970930732509249e+00,2.351467465956460501e+00
6.796200000000000000e+04,2.543093672618624623e+00,2.287837062524850751e+00
6.796300000000000000e+04,2.706002190263541607e+00,2.236793302721700627e+00
6.796400000000000000e+04,2.911745408624875076e+00,2.165909865054352679e+00
6.796500000000000000e+04,2.937158875470354591e+00,2.113579567441306040e+00
6.796600000000000000e+04,2.671911641819304517e+00,1.968089190282228174e+00
6.796700000000000000e+04,2.579351681266598195e+00,2.073668321683051374e+00
6.796800000000000000e+04,2.354446182144979804e+00,2.459538489840767284e+00
6.796900000000000000e+04,2.165018572803743435e+00,2.717358701525633080e+00
6.797000000000000000e+04,2.027110569124145112e+00,2.793624545886522981e+00
6.797100000000000000e+04,2.010802330453665299e+00,2.940102828930605483e+00
6.797200000000000000e+04,1.941167562077968700e+00,3.070617747917822271e+00
6.797300000000000000e+04,1.598053832164596066e+00,3.166924897387261240e+00
6.797400000000000000e+04,1.411503581181081879e+00,3.161296655817800172e+00
6.797500000000000000e+04,1.530696673133625341e+00,2.929755403920474066e+00
6.797600000000000000e+04,1.403983879142751690e+00,2.865133202748175734e+00
6.797700000000000000e+04,1.542778988265050222e+00,2.896837775146899219e+00
6.797800000000000000e+04,1.381526920904910360e+00,2.732108268556849850e+00
6.797900000000000000e+04,1.447890914754372149e+00,2.659961760577822076e+00
6.798000000000000000e+04,1.275908550336967817e+00,2.431333070545925068e+00
6.798100000000000000e+04,1.233556402674986119e+00,2.375921069185750412e+00
6.798200000000000000e+04,1.071778042039165157e+00,2.085943924965143026e+00
6.798300000000000000e+04,1.044115589421281465e+00,2.146554851802719099e+00
6.798400000000000000e+04,9.112338026269409808e-01,2.141683687313609141e+00
6.798500000000000000e+04,8.370681801281105727e-01,2.124465563155830239e+00
6.798600000000000000e+04,7.618106690322075103e-01,2.062740927207201480e+00
6.798700000000000000e+04,7.412412890449849856e-01,2.152364580831175545e+00
6.798800000000000000e+04,7.334993823108745259e-01,2.223414744062800708e+00
6.798900000000000000e+04,7.430953927136311199e-01,2.331951778063675818e+00
6.799000000000000000e+04,7.418518478917438541e-01,2.291951006844044514e+00
6.799100000000000000e+04,7.470928576186743886e-01,2.250021887302338541e+00
6.799200000000000000e+04,6.859733085503137984e-01,2.014015085393054960e+00
6.799300000000000000e+04,6.796218984873475533e-01,1.858340304103776930e+00
6.799400000000000000e+04,5.597732712993611637e-01,1.680227381200452896e+00
6.799500000000000000e+04,5.767185181534200122e-01,1.743611073437499215e+00
6.799600000000000000e+04,5.316178901496254605e-01,1.759171874004792357e+00
6.799700000000000000e+04,6.272411879268269264e-01,1.669763701089493679e+00
6.799800000000000000e+04,5.719171305462600330e-01,1.284722314852444924e+00
6.799900000000000000e+04,6.366639961570176309e-01,1.171387645360944418e+00
6.800000000000000000e+04,6.231099139219061778e-01,9.147049747769884220e-01
6.800100000000000000e+04,7.407910658383379809e-01,8.749950742225252043e-01
6.800200000000000000e+04,7.052369881702662546e-01,7.603608796668623881e-01
6.800300000000000000e+04,7.567414245480273971e-01,8.511728152453272855e-01
6.800400000000000000e+04,7.186457051880245084e-01,9.313206622991714312e-01
6.800500000000000000e+04,7.448087587640038754e-01,1.078759314671053460e+00
6.800600000000000000e+04,6.963032448673653896e-01,1.081452353093318663e+00
6.800700000000000000e+04,7.645372009393121004e-01,1.095849995157365697e+00
6.800800000000000000e+04,7.487980573226458159e-01,1.036749760504505957e+00
6.800900000000000000e+04,8.154587983690889663e-01,9.443617171181770686e-01
6.801000000000000000e+04,8.039569858186309537e-01,6.782278706946271996e-01
6.801100000000000000e+04,8.967525653184882373e-01,6.208083321074795435e-01
6.801200000000000000e+04,8.929420744491297635e-01,3.814913070634489145e-01
6.801300000000000000e+04,9.783452708258990604e-01,3.515144571370782955e-01
6.801400000000000000e+04,9.658792635199892063e-01,1.712118597300786860e-01
6.801500000000000000e+04,9.967678027503030780e-01,1.075449579747314033e-01
6.801600000000000000e+04,9.770517133628136008e-01,1.838695339158888942e-01
6.801700000000000000e+04,9.926118152872011047e-01,3.189411921260898453e-01
6.801800000000000000e+04,1.029952740537112055e+00,6.479983112656242383e-01
6.801900000000000000e+04,1.058089536959682331e+00,9.873110870260219940e-01
6.802000000000000000e+04,1.140794506544700715e+00,1.283516562185234022e+00
6.802100000000000000e+04,1.132846923086835433e+00,1.288900134384725504e+00
6.802200000000000000e+04,1.175563299392489824e+00,1.087961772831306462e+00
6.802300000000000000e+04,1.078745274608584603e+00,9.295603520127073693e-01
6.802400000000000000e+04,1.215613973515238255e+00,1.551707670170827669e-01
6.802500000000000000e+04,1.391609514021805660e+00,8.586921854281115429e-01
6.802600000000000000e+04,1.417816717077799771e+00,9.233324539131118058e-01
6.802700000000000000e+04,1.576836074833943169e+00,9.231801887922728156e-01
6.802800000000000000e+04,1.662691065092824827e+00,9.144098833699416673e-01
6.802900000000000000e+04,1.740061689236459985e+00,9.042772748157901219e-01
6.803000000000000000e+04,1.807079616987706139e+00,8.872904071519656100e-01
6.803100000000000000e+04,1.860053528539518997e+00,8.730849090161427739e-01
6.803200000000000000e+04,1.824156349847121827e+00,8.456759741747958969e-01
6.803300000000000000e+04,1.856321473254214149e+00,8.360318336307628329e-01
6.803400000000000000e+04,1.779163623708022834e+00,8.446546256072409165e-01
6.803500000000000000e+04,1.691625978137887731e+00,8.293705791478558353e-01
6.803600000000000000e+04,1.556826201282192734e+00,6.117710195497210179e-01
6.803700000000000000e+04,1.498913722427529072e+00,4.231874574931779875e-01
6.803800000000000000e+04,1.477128012154283798e+00,3.171737611669911416e-01
6.803900000000000000e+04,1.484707318625406280e+00,3.089911121823476492e-01
6.804000000000000000e+04,1.438378927794220496e+00,2.502120821940252426e-01
6.804100000000000000e+04,6.890474127304112573e-01,5.517952598072284331e-01
6.804200000000000000e+04,7.202656657335452239e-01,2.479241509951748412e+00
6.804300000000000000e+04,9.325016630392638506e-01,2.890385074713648805e+00
6.804400000000000000e+04,1.531651374799787746e+00,4.607887334645702992e+00
6.804500000000000000e+04,1.498108978653987178e+00,4.593950099059853187e+00
6.804600000000000000e+04,1.407656857460253708e+00,4.454667948313478121e+00
6.804700000000000000e+04,1.331248687321671120e+00,4.364927731737928696e+00
6.804800000000000000e+04,1.210992430722438895e+00,4.210954645068753166e+00
6.804900000000000000e+04,1.118185142955927081e+00,4.128941198610043273e+00
6.805000000000000000e+04,9.446913001807534238e-01,3.979147286358035274e+00
6.805100000000000000e+04,8.455304730883932418e-01,3.861916554272241342e+00
6.805200000000000000e+04,7.298722859700167431e-01,3.687835988005041088e+00
6.805300000000000000e+04,7.066314185903559419e-01,3.508921557660862334e+00
6.805400000000000000e+04,7.579565225968237785e-01,3.376562616864333677e+00
6.805500000000000000e+04,8.648104886148108017e-01,3.266539303601206257e+00
6.805600000000000000e+04,1.064242461894959968e+00,3.106341451981016633e+00
6.805700000000000000e+04,1.201544351219424156e+00,2.976743764311002849e+00
6.805800000000000000e+04,1.332530271322961202e+00,2.824723480456171387e+00
6.805900000000000000e+04,1.438723185184127118e+00,2.703870587180816187e+00
6.806000000000000000e+04,1.530064083113935602e+00,2.582076879618455223e+00
6.806100000000000000e+04,1.559945025314997125e+00,2.465296325501881824e+00
6.806200000000000000e+04,1.657900253450261596e+00,2.304543345059542503e+00
6.806300000000000000e+04,1.649077527402912802e+00,2.250488768436284204e+00
6.806400000000000000e+04,1.379503213806728246e+00,2.196253852418152519e+00
6.806500000000000000e+04,1.306065822087152384e+00,2.144379307327703543e+00
6.806600000000000000e+04,1.986178199583821469e+00,2.022008905769517639e+00
6.806700000000000000e+04,2.066490501962140236e+00,2.061059268320057924e+00
6.806800000000000000e+04,2.483815895707869537e+00,2.026969546182627369e+00
6.806900000000000000e+04,2.649545653617900509e+00,1.972284952783091683e+00
6.807000000000000000e+04,3.141141929397176291e+00,1.857271711912851231e+00
6.807100000000000000e+04,4.108327251826435322e+00,1.758977207210769222e+00
6.807200000000000000e+04,6.728413705094659747e+00,1.496503336153651276e+00
6.807300000000000000e+04,7.541054626056618027e+00,1.354794115474994953e+00
6.807400000000000000e+04,8.564852244750181143e+00,1.478322184778207316e+00
6.807500000000000000e+04,8.371772587079302497e+00,1.458293016945042098e+00
6.807600000000000000e+04,6.977016173145146993e+00,1.385702457823860811e+00
6.807700000000000000e+04,7.503890401589934811e+00,1.356807965645373315e+00
6.807800000000000000e+04,7.581996088877819062e+00,1.275715786972789090e+00
6.807900000000000000e+04,6.939202406452593230e+00,1.160966179337663107e+00
6.808000000000000000e+04,5.846751058467501316e+00,1.186409142594918364e+00
6.808100000000000000e+04,5.683135730644665706e+00,1.426002589652675567e+00
6.808200000000000000e+04,4.410938910384089695e+00,1.594184045150321083e+00
6.808300000000000000e+04,4.363191978992328579e+00,1.608213376871198363e+00
6.808400000000000000e+04,3.860383501620499924e+00,1.724808039506825708e+00
6.808500000000000000e+04,3.742222370054922642e+00,1.757143824998237847e+00
6.808600000000000000e+04,3.649958205595127403e+00,1.805764103357951456e+00
6.808700000000000000e+04,3.518671743870466884e+00,1.837037818439050341e+00
6.808800000000000000e+04,3.434617271478873413e+00,1.851425075295615841e+00
6.808900000000000000e+04,2.994679812694075682e+00,1.958830850087473152e+00
6.809000000000000000e+04,2.647894982799944952e+00,2.017203648159863860e+00
6.809100000000000000e+04,2.548769958764210752e+00,2.008561642826528271e+00
6.809200000000000000e+04,2.420852302306708115e+00,1.981480303881546945e+00
6.809300000000000000e+04,2.298424482855761397e+00,1.944242687510843837e+00
6.809400000000000000e+04,2.128257759962599582e+00,1.870512449578001224e+00
6.809500000000000000e+04,2.007943906662364775e+00,1.801736343027165788e+00
6.809600000000000000e+04,1.910276360859976430e+00,1.687093427014069391e+00
6.809700000000000000e+04,1.845940020700935991e+00,1.583033494261179897e+00
6.809800000000000000e+04,1.853151370740947046e+00,1.421874408569784975e+00
6.809900000000000000e+04,1.820080877447380008e+00,1.332837295444463166e+00
6.810000000000000000e+04,1.765389812657322643e+00,1.243851534991243568e+00
6.810100000000000000e+04,1.727236972920269897e+00,1.176441404003831792e+00
6.810200000000000000e+04,1.714812719678083353e+00,1.081600626133976562e+00
6.810300000000000000e+04,1.751033458809741150e+00,1.025146032761135473e+00
6.810400000000000000e+04,1.950546788985026092e+00,8.292315249687689516e-01
6.810500000000000000e+04,2.015296761660723135e+00,7.936211556930601319e-01
6.810600000000000000e+04,2.043754385049600053e+00,7.477181459600359403e-01
6.810700000000000000e+04,1.997722950384416718e+00,5.927362037462415856e-01
6.810800000000000000e+04,1.779008047793027902e+00,5.443497532515593207e-01
6.810900000000000000e+04,1.599074457204611388e+00,5.518364688826622455e-01
6.811000000000000000e+04,1.411503071071138704e+00,5.038891890654113581e-01
6.811100000000000000e+04,1.403919607223307997e+00,4.597954514818098914e-01
6.811200000000000000e+04,1.572587626864666799e+00,3.730535758679636160e-01
6.811300000000000000e+04,1.807329853599831448e+00,3.248872436193082081e-01
6.811400000000000000e+04,2.312524892236981433e+00,2.658279997855999000e-01
6.811500000000000000e+04,2.738272331503063040e+00,2.267053836986292481e-01
6.811600000000000000e+04,3.544017983607286038e+00,2.287943943774379818e-01
6.811700000000000000e+04,4.221577505689610099e+00,2.246502286014262495e-01
6.811800000000000000e+04,5.327726017147676352e+00,2.176351654658148504e-01
6.811900000000000000e+04,6.104299214194742973e+00,2.238001671191227615e-01
6.812000000000000000e+04,7.380467218015550834e+00,2.435584407761623993e-01
6.812100000000000000e+04,8.196761419295555129e+00,2.780496186808960601e-01
6.812200000000000000e+04,9.451069930312703704e+00,3.657782831345315344e-01
6.812300000000000000e+04,1.061245454730103788e+01,4.667235288773738944e-01
6.812400000000000000e+04,1.182138896767516556e+01,5.618785925675950921e-01
6.812500000000000000e+04,1.202520944402079373e+01,6.705009465858680073e-01
6.812600000000000000e+04,1.103459985018684009e+01,6.747360275168787780e-01
6.812700000000000000e+04,8.876125299743733876e+00,5.554822700198513985e-01
6.812800000000000000e+04,8.330734364854096796e+00,5.520815603726916265e-01
6.812900000000000000e+04,7.908978419894009626e+00,5.855204737639141399e-01
6.813000000000000000e+04,7.206829623181247868e+00,5.994336510896047798e-01
6.813100000000000000e+04,6.432875267467149882e+00,6.134455583724545136e-01
6.813200000000000000e+04,4.103545409508186914e+00,5.762338863902982666e-01
6.813300000000000000e+04,2.716595418118680438e+00,6.061998797519905224e-01
6.813400000000000000e+04,1.765185623466381193e+00,7.614130440033761715e-01
6.813500000000000000e+04,1.816849191631005667e+00,8.078337427822717132e-01
6.813600000000000000e+04,1.945447759438856172e+00,8.718179746955669884e-01
6.813700000000000000e+04,2.064244303534450431e+00,8.706543222088072298e-01
6.813800000000000000e+04,2.130476515719071706e+00,7.842739093451953636e-01
6.813900000000000000e+04,2.216887324098270717e+00,7.249931812838141809e-01
6.814000000000000000e+04,2.274560066403797265e+00,5.868777136346494672e-01
6.814100000000000000e+04,2.328551968328228750e+00,4.709040291170367709e-01
6.814200000000000000e+04,2.143885811283939180e+00,1.730434503966549187e-01
6.814300000000000000e+04,2.266597445783776976e+00,7.351137878819713478e-02
6.814400000000000000e+04,2.410414126372241395e+00,1.160342235396569777e-01
6.814500000000000000e+04,2.535080905520534778e+00,2.349449951532349701e-01
6.814600000000000000e+04,2.793531281378112574e+00,4.001414725112937276e-01
6.814700000000000000e+04,3.093927738687288986e+00,4.828387060850687362e-01
6.814800000000000000e+04,3.930918749884819707e+00,5.873183168171038915e-01
6.814900000000000000e+04,4.738196853479591297e+00,6.310218905728959271e-01
6.815000000000000000e+04,5.935106925220990703e+00,7.669765603707077162e-01
6.815100000000000000e+04,6.818158443688361992e+00,8.282719541122958162e-01
6.815200000000000000e+04,8.959891619764002613e+00,9.217020263048212314e-01
6.815300000000000000e+04,1.048825909659563926e+01,1.001332627348197946e+00
6.815400000000000000e+04,1.228256856775640848e+01,1.283537873967382836e+00
6.815500000000000000e+04,1.350668028116249531e+01,1.363346146944522275e+00
6.815600000000000000e+04,1.401973958982532942e+01,1.543553307969055766e+00
6.815700000000000000e+04,1.475836373463804385e+01,1.597723749710425523e+00
6.815800000000000000e+04,1.616773923944148095e+01,1.681537279180368216e+00
6.815900000000000000e+04,1.732011816897084699e+01,1.728709869050931047e+00
6.816000000000000000e+04,1.847525646313369663e+01,1.882667705750485254e+00
6.816100000000000000e+04,1.903491433342963290e+01,2.016297888259160231e+00
6.816200000000000000e+04,1.939471615037282959e+01,2.161227489958513104e+00
6.816300000000000000e+04,1.985438426184053640e+01,2.250769171462671636e+00
6.816400000000000000e+04,1.974579392664614730e+01,2.535018820846040910e+00
6.816500000000000000e+04,2.005574345510574830e+01,2.672510865497272903e+00
6.816600000000000000e+04,1.963269837498876669e+01,2.852412511060919087e+00
6.816700000000000000e+04,1.856855518127315818e+01,2.965392191287477885e+00
6.816800000000000000e+04,1.962417785574806217e+01,3.051115813101091589e+00
6.816900000000000000e+04,2.018849822663467464e+01,3.095560415392398568e+00
6.817000000000000000e+04,1.834592962953112050e+01,3.495263041441532437e+00
6.817100000000000000e+04,1.782877763806206062e+01,3.652467196645858394e+00
6.817200000000000000e+04,1.633061126922195783e+01,3.962291151641345266e+00
6.817300000000000000e+04,1.546461085298057725e+01,4.130654703753556589e+00
6.817400000000000000e+04,1.409487836957705298e+01,4.182099489152641070e+00
6.817500000000000000e+04,1.294223750534048278e+01,4.127142748697359309e+00
6.817600000000000000e+04,1.281301199683203329e+01,4.093405923685565995e+00
6.817700000000000000e+04,1.270634701080565421e+01,4.101193470542192188e+00
6.817800000000000000e+04,1.244985145639227930e+01,4.148299183642876642e+00
6.817900000000000000e+04,1.227415018136232128e+01,4.172601899033864470e+00
6.818000000000000000e+04,1.189394015753896383e+01,4.204530320114713504e+00
6.818100000000000000e+04,1.169348270609541984e+01,4.205581921062709227e+00
6.818200000000000000e+04,1.123823730958484823e+01,4.236758411654953704e+00
6.818300000000000000e+04,1.090317617882683443e+01,4.283832043185839211e+00
6.818400000000000000e+04,1.036753828841688119e+01,4.338746044841734317e+00
6.818500000000000000e+04,9.920515597598249968e+00,4.377853330921475106e+00
6.818600000000000000e+04,9.368290109750386563e+00,4.429033222678249615e+00
6.818700000000000000e+04,9.067051692185085443e+00,4.486066969541568028e+00
6.818800000000000000e+04,8.062925701597745132e+00,4.567440348162250530e+00
6.818900000000000000e+04,7.615905558712457335e+00,4.667249549738578196e+00
6.819000000000000000e+04,7.076567766946603832e+00,4.775750197908102734e+00
6.819100000000000000e+04,7.970003024883455467e+00,4.778099447608632033e+00
6.819200000000000000e+04,1.305270355721296127e+01,5.114930710675601233e+00
6.819300000000000000e+04,1.064475556842647208e+01,5.227081406245943640e+00
6.819400000000000000e+04,9.610091837123782454e+00,5.189560554072606635e+00
6.819500000000000000e+04,9.820554978779636457e+00,5.202512401600678515e+00
6.819600000000000000e+04,8.173942075906413862e+00,5.225014692352857537e+00
6.819700000000000000e+04,7.328249594471347272e+00,5.252789143863211052e+00
6.819800000000000000e+04,7.224669666774692800e+00,5.318602916788165658e+00
6.819900000000000000e+04,6.217300886944411076e+00,5.143574627899994312e+00
6.820000000000000000e+04,6.693836000537245923e+00,6.609264543221591737e+00
6.820100000000000000e+04,7.382201228864673226e+00,7.218762379549175989e+00
6.820200000000000000e+04,nan,nan
6.820300000000000000e+04,nan,nan
6.820400000000000000e+04,nan,nan
6.820500000000000000e+04,3.735885156082785929e+00,2.805032059571985315e+00
6.820600000000000000e+04,6.297070521862808690e+00,2.636406129150579147e+00
6.820700000000000000e+04,5.871192141063879433e+00,1.761299973293034782e+00
6.820800000000000000e+04,6.120423133846411901e+00,1.956219058438662728e+00
6.820900000000000000e+04,6.233038721143175920e+00,3.588999630413411523e+00
6.821000000000000000e+04,7.238085696417647874e+00,4.181992874802197946e+00
6.821100000000000000e+04,4.887886166495476026e+00,3.988589260490513766e+00
6.821200000000000000e+04,4.776565188677166063e+00,4.207418502247016079e+00
6.821300000000000000e+04,4.885554086101659976e+00,2.552147695374415548e+00
6.821400000000000000e+04,7.488201762128362304e+00,2.168347481917137998e+00
6.821500000000000000e+04,1.659711106422105331e+01,2.554162632416030476e+00
6.821600000000000000e+04,2.626052687728547852e+01,1.907298904936261863e+00
6.821700000000000000e+04,4.146013614325841701e+01,3.551426365798874940e+00
6.821800000000000000e+04,5.543713002432896531e+01,2.906287390229458367e+00
6.821900000000000000e+04,7.556527925411040769e+01,2.784956970139838006e+00
6.822000000000000000e+04,9.175886562841451166e+01,2.134256073060640801e+00
6.822100000000000000e+04,9.773349453057315372e+01,2.292355551571517935e+00
6.822200000000000000e+04,1.123107360022602990e+02,2.039025596436665921e+00
6.822300000000000000e+04,8.001687174091081545e+01,3.883178108162113062e+00
6.822400000000000000e+04,8.421670830038388544e+01,3.694805343100547645e+00
6.822500000000000000e+04,7.948233560688009902e+01,5.839318842728289383e+00
6.822600000000000000e+04,7.852231335035725124e+01,5.626199033438282981e+00
6.822700000000000000e+04,6.249106415631619882e+01,9.358969460770584448e+00
6.822800000000000000e+04,5.424074313706002215e+01,8.961581867628336084e+00
6.822900000000000000e+04,8.210788598205449773e+01,7.233756769400663700e+00
6.823000000000000000e+04,8.811627588447420578e+01,6.572734061792104399e+00
6.823100000000000000e+04,8.830529533052441593e+01,4.895598627165888672e+00
6.823200000000000000e+04,7.884796750143321731e+01,4.142029400308622655e+00
6.823300000000000000e+04,7.982107670203005512e+01,1.673191128688891638e+00
6.823400000000000000e+04,6.919902641941615684e+01,9.135082825539200257e-01
6.823500000000000000e+04,8.193708577896258305e+01,2.670478555568465140e+00
6.823600000000000000e+04,7.299824676394797507e+01,3.344067436697031326e+00
6.823700000000000000e+04,9.507081967563728142e+01,8.904825523818779232e+00
6.823800000000000000e+04,1.063453474488314470e+02,1.117705662840454295e+01
6.823900000000000000e+04,9.302148651267779655e+01,1.043455482248349142e+01
6.824000000000000000e+04,8.825441749201635844e+01,1.064913370944593396e+01
6.824100000000000000e+04,8.319127868187371178e+01,1.081655933925539159e+01
6.824200000000000000e+04,7.920690805967360859e+01,1.082971726818282576e+01
6.824300000000000000e+04,7.602829639484085078e+01,1.064651356664880666e+01
6.824400000000000000e+04,7.341331908293861375e+01,1.040460445103634157e+01
6.824500000000000000e+04,nan,nan
6.824600000000000000e+04,nan,nan
6.824700000000000000e+04,nan,nan
6.824800000000000000e+04,nan,nan
6.824900000000000000e+04,8.019152522217095624e-01,1.118285690951083211e+00
6.825000000000000000e+04,2.357925539801561499e+00,1.063345619559733279e+00
6.825100000000000000e+04,2.405134347274513029e+00,1.870487108157732337e+00
6.825200000000000000e+04,3.492022714423801855e+00,1.492485679828234879e+00
6.825300000000000000e+04,1.696491897530815862e+00,1.355898755595042360e+00
6.825400000000000000e+04,2.071557336676377759e+00,1.243445565574845091e+00
6.825500000000000000e+04,1.098813287116123805e+00,7.751460835534089711e-01
6.825600000000000000e+04,1.378821205039396869e+00,6.577304461360142795e-01
6.825700000000000000e+04,2.914487054232468122e+00,8.596596725196974376e-01
6.825800000000000000e+04,5.554916233272963133e+00,7.546128711389954447e-01
6.825900000000000000e+04,8.418521343694685299e+00,4.929316242944281612e-02
6.826000000000000000e+04,1.230412681611423054e+01,3.933508964020404619e-02
6.826100000000000000e+04,1.555466563142154790e+01,7.445777172188741133e-01
6.826200000000000000e+04,2.012025874184442031e+01,9.619312587126103153e-01
6.826300000000000000e+04,2.673108332398572884e+01,2.634638152771600517e+00
6.826400000000000000e+04,3.178061328378014494e+01,3.059385215108271439e+00
6.826500000000000000e+04,2.975814380281233440e+01,6.963964936717275123e-01
6.826600000000000000e+04,3.393794859552728838e+01,7.603499235421580238e-01
6.826700000000000000e+04,1.278583878260199391e+01,2.020282354091719412e+00
6.826800000000000000e+04,1.155956066333140697e+01,1.722740599539896778e+00
6.826900000000000000e+04,2.001407339043905154e+01,3.278861139667220925e+00
6.827000000000000000e+04,1.756088645671513859e+01,2.996548050012791009e+00
6.827100000000000000e+04,1.888342154013101037e+01,3.880663842626510984e+00
6.827200000000000000e+04,1.525016382052180219e+01,3.587277392149161415e+00
6.827300000000000000e+04,6.340707046747177777e+00,3.751441486150682181e+00
6.827400000000000000e+04,3.527377346838263872e+00,3.309869768350139907e+00
6.827500000000000000e+04,9.784410191256716516e+00,3.212859074744962129e+00
6.827600000000000000e+04,1.762212507757012858e+01,2.647694706856533742e+00
6.827700000000000000e+04,2.835695480535358826e+01,3.514940619190163318e+00
6.827800000000000000e+04,3.824057000133626616e+01,2.888652031969243694e+00
6.827900000000000000e+04,4.681444618828395932e+01,3.327615055523096999e+00
6.828000000000000000e+04,5.781891371388117307e+01,2.642221884439415192e+00
6.828100000000000000e+04,6.489751963854098449e+01,2.600906470291825201e+00
6.828200000000000000e+04,7.650930192877736147e+01,1.887328236317607377e+00
6.828300000000000000e+04,6.741486089102198775e+01,1.025902078764751479e+00
6.828400000000000000e+04,7.694549163380683865e+01,3.092696532354608507e-01
6.828500000000000000e+04,6.968894079215667148e+01,8.160617796739444429e-02
6.828600000000000000e+04,7.694912984942448020e+01,4.460480254544805234e-01
6.828700000000000000e+04,5.510845698124112602e+01,1.224306287345527267e+00
6.828800000000000000e+04,6.019526670367537236e+01,1.660624794959730366e+00
6.828900000000000000e+04,6.193044455159837725e+01,1.949317662442773269e+00
6.829000000000000000e+04,6.289650552996561572e+01,2.157321078605313858e+00
6.829100000000000000e+04,5.704926825195094864e+01,2.527820181605015648e+00
6.829200000000000000e+04,5.572276203043107046e+01,2.538760704164083393e+00
6.829300000000000000e+04,5.419940617884655865e+01,2.502085942802338536e+00
6.829400000000000000e+04,5.477595387880315769e+01,2.640590634992115326e+00
6.829500000000000000e+04,5.620636440684721435e+01,2.868597666875047025e+00
6.829600000000000000e+04,5.783051530107399429e+01,3.140907995922972873e+00
6.829700000000000000e+04,5.958903881005911529e+01,3.468312942809930632e+00
6.829800000000000000e+04,6.147616182037443622e+01,3.839102029747756717e+00
6.829900000000000000e+04,6.236138647220884934e+01,4.140256576553184686e+00
6.830000000000000000e+04,6.244536202163035910e+01,4.478756705041092800e+00
6.830100000000000000e+04,5.981896356437712825e+01,4.973317220753472157e+00
6.830200000000000000e+04,5.513743641136107243e+01,5.296201914060958416e+00
6.830300000000000000e+04,4.333360963914354613e+01,5.825212436383367276e+00
6.830400000000000000e+04,3.268098241029310458e+01,6.214469585152670561e+00
6.830500000000000000e+04,1.680189907283388351e+01,6.896853664399614559e+00
6.830600000000000000e+04,4.377958366432711301e+00,7.408449439643575829e+00
6.830700000000000000e+04,1.590949619265993142e+01,8.071877425713381626e+00
6.830800000000000000e+04,3.014814881547867742e+01,8.639208685280692634e+00
6.830900000000000000e+04,5.026503902248357747e+01,9.441675542909408136e+00
6.831000000000000000e+04,6.545373185272981686e+01,1.018038085084958766e+01
6.831100000000000000e+04,8.684674527204894900e+01,1.128893485100139316e+01
6.831200000000000000e+04,1.027182824472803304e+02,1.221380892986511668e+01
6.831300000000000000e+04,1.252734761080576931e+02,1.364425217656114597e+01
6.831400000000000000e+04,1.407505097928503517e+02,1.478972283068489446e+01
6.831500000000000000e+04,1.617159782374173460e+02,1.667428401246205283e+01
6.831600000000000000e+04,1.768479972846612895e+02,1.811670049890631162e+01
6.831700000000000000e+04,2.023309288434159328e+02,2.039732846817729239e+01
6.831800000000000000e+04,2.221119761772530410e+02,2.208022470064709353e+01
6.831900000000000000e+04,2.516999496289423632e+02,2.477708754905619770e+01
6.832000000000000000e+04,2.720985112072370953e+02,2.668535304294690036e+01
6.832100000000000000e+04,3.043231562136452339e+02,2.977811804481566327e+01
6.832200000000000000e+04,3.282352469832052861e+02,3.201592013735556463e+01
6.832300000000000000e+04,nan,nan
6.832400000000000000e+04,nan,nan
6.832500000000000000e+04,nan,nan
6.832600000000000000e+04,nan,nan
6.832700000000000000e+04,1.104680793139744654e+00,2.204017502844443754e+00
6.832800000000000000e+04,1.402036669144024916e+00,1.932842261641212644e+00
6.832900000000000000e+04,1.774274929146293367e+00,1.942546818992930469e+00
6.833000000000000000e+04,2.213567698517888704e+00,1.384190174120753625e+00
6.833100000000000000e+04,2.785824678635466345e+00,1.364431706140258882e+00
6.833200000000000000e+04,2.342268717897718400e+00,1.507116039816310149e+00
6.833300000000000000e+04,2.561948507540325437e+00,1.529811567661006677e+00
6.833400000000000000e+04,2.260578585007664731e+00,1.636125300617138123e+00
6.833500000000000000e+04,2.186564031394607976e+00,1.654164055429177438e+00
6.833600000000000000e+04,2.240182758473224567e+00,1.625982322811836411e+00
6.833700000000000000e+04,2.123139323722721183e+00,1.641204507279979907e+00
6.833800000000000000e+04,2.246453754683587878e+00,1.608801331889523567e+00
6.833900000000000000e+04,2.170196996724889082e+00,1.620355218093884275e+00
6.834000000000000000e+04,2.205098856913958016e+00,1.677348692817538733e+00
6.834100000000000000e+04,2.179209580755017139e+00,1.687478877086064699e+00
6.834200000000000000e+04,2.328289342092501268e+00,1.796378345617313244e+00
6.834300000000000000e+04,2.626071788216173708e+00,1.814496015389373440e+00
6.834400000000000000e+04,3.545252790854711566e+00,1.883911161133887902e+00
6.834500000000000000e+04,5.285116233328615465e+00,1.954763545976881289e+00
6.834600000000000000e+04,6.206975412506596790e+00,2.082550174067449689e+00
6.834700000000000000e+04,7.419107598942372483e+00,2.154472480091619957e+00
6.834800000000000000e+04,9.849097896035608812e+00,2.678848033432089437e+00
6.834900000000000000e+04,1.214989778032812850e+01,2.824681822194136771e+00
6.835000000000000000e+04,1.315250968859563940e+01,3.107148733719853340e+00
6.835100000000000000e+04,1.572227283293126376e+01,3.309167097351384257e+00
6.835200000000000000e+04,1.909761534983905307e+01,2.818800965630657629e+00
6.835300000000000000e+04,2.176198654548132438e+01,2.921872154568276869e+00
6.835400000000000000e+04,2.639969174253994666e+01,3.700726475199971333e+00
6.835500000000000000e+04,2.541173966712024068e+01,3.198953979094582678e+00
6.835600000000000000e+04,3.114634234447478534e+01,3.870248555026584825e+00
6.835700000000000000e+04,3.418818709514470555e+01,4.379749585449616234e+00
6.835800000000000000e+04,4.580157059075400383e+01,5.812143851101900793e+00
6.835900000000000000e+04,4.928509550224569580e+01,5.851224203944589419e+00
6.836000000000000000e+04,5.086438202956443178e+01,5.168767918715353460e+00
6.836100000000000000e+04,5.420153867328552622e+01,5.130456282759418229e+00
6.836200000000000000e+04,5.772384091187546318e+01,4.607365765502237309e+00
6.836300000000000000e+04,6.130145106639320574e+01,4.526413658674456997e+00
6.836400000000000000e+04,6.599923497397121253e+01,4.253057696079402206e+00
6.836500000000000000e+04,7.001257770709115391e+01,4.113311790504909027e+00
6.836600000000000000e+04,7.388491557805421905e+01,3.997015318496316638e+00
6.836700000000000000e+04,7.811907316135516055e+01,3.846119825312392493e+00
6.836800000000000000e+04,7.981946262394312441e+01,2.983852100286931375e+00
6.836900000000000000e+04,8.415505161633936382e+01,2.820611723826765171e+00
6.837000000000000000e+04,8.485805151960352077e+01,2.345662824066955920e+00
6.837100000000000000e+04,8.920164934756665787e+01,2.215628101829658192e+00
6.837200000000000000e+04,8.519567966170606610e+01,3.056953806143745567e+00
6.837300000000000000e+04,8.904444672665614746e+01,3.045134783114868071e+00
6.837400000000000000e+04,8.460368417376719208e+01,3.410984238512824618e+00
6.837500000000000000e+04,8.781289164448422468e+01,3.435459520544263512e+00
6.837600000000000000e+04,8.355404153414320945e+01,3.319138956712528454e+00
6.837700000000000000e+04,8.600760702792672419e+01,3.362220904183466530e+00
6.837800000000000000e+04,9.139717814812371444e+01,3.448793838347341989e+00
6.837900000000000000e+04,9.343117823377127706e+01,3.486686518955629310e+00
6.838000000000000000e+04,8.503593191087668401e+01,4.075302142277330120e+00
6.838100000000000000e+04,8.591826532545070449e+01,4.173452222003092515e+00
6.838200000000000000e+04,7.706671028844900206e+01,2.875070659014021146e+00
6.838300000000000000e+04,7.695592190275407063e+01,2.930153088453650412e+00
6.838400000000000000e+04,7.601840905053003894e+01,2.236975181022025083e+00
6.838500000000000000e+04,7.597129626584487028e+01,2.234898514072725106e+00
6.838600000000000000e+04,7.576338131806583931e+01,2.174219038221238520e+00
6.838700000000000000e+04,7.550535655884658581e+01,2.078364431249433153e+00
6.838800000000000000e+04,7.637280616104439446e+01,1.749980806833292490e+00
6.838900000000000000e+04,7.768985570839801369e+01,1.574918509039370917e+00
6.839000000000000000e+04,8.016066365878437239e+01,1.160294424063309293e+00
6.839100000000000000e+04,7.739050084793049678e+01,1.124500901043660406e+00
6.839200000000000000e+04,8.113808034419767523e+01,1.032174536176476920e+00
6.839300000000000000e+04,8.326533572094167823e+01,8.682683087149101198e-01
6.839400000000000000e+04,8.656083461620806929e+01,8.231183002556008432e-02
6.839500000000000000e+04,8.942692478244521226e+01,7.515867829475553208e-02
6.839600000000000000e+04,1.012344221917423965e+02,2.149558221740477393e-01
6.839700000000000000e+04,1.058510180094653350e+02,8.151819887741851289e-02
6.839800000000000000e+04,1.105946532161296574e+02,8.172935882439134048e-01
6.839900000000000000e+04,1.158653482794182139e+02,1.015373410174454705e+00
6.840000000000000000e+04,1.245076777406065247e+02,1.373795605394484198e+00
6.840100000000000000e+04,1.308464428533935404e+02,1.584489487995398349e+00
6.840200000000000000e+04,1.403951700005389682e+02,1.695300903286195648e+00
6.840300000000000000e+04,1.474898526216418588e+02,1.942675030634219979e+00
6.840400000000000000e+04,1.581011530673286813e+02,2.096805287365327786e+00
6.840500000000000000e+04,1.650309892744433000e+02,2.227963044446106267e+00
6.840600000000000000e+04,1.751665740608102055e+02,2.337017841568894028e+00
6.840700000000000000e+04,1.818487347502327509e+02,2.295337041656487997e+00
6.840800000000000000e+04,1.913857128237687277e+02,2.149705406279309727e+00
6.840900000000000000e+04,1.978338805759999843e+02,2.036321811121183600e+00
6.841000000000000000e+04,2.077160974457258078e+02,1.943622602147392797e+00
6.841100000000000000e+04,2.142297919007114331e+02,1.926636930805102566e+00
6.841200000000000000e+04,2.237455481619253135e+02,1.843017214816050853e+00
6.841300000000000000e+04,2.297384827164046044e+02,1.735384752327526314e+00
6.841400000000000000e+04,2.385875087355055939e+02,1.529076134205290316e+00
6.841500000000000000e+04,2.442601780283567336e+02,1.348737739965159221e+00
6.841600000000000000e+04,2.534204772528301817e+02,1.032701361574133614e+00
6.841700000000000000e+04,2.599373911916058546e+02,8.387998076246319101e-01
6.841800000000000000e+04,nan,nan
6.841900000000000000e+04,nan,nan
6.842000000000000000e+04,nan,nan
6.842100000000000000e+04,8.234668153658496470e-01,1.162940499530257910e+00
6.842200000000000000e+04,2.512128080630247950e+00,1.012592489645022908e+00
6.842300000000000000e+04,6.461506995981722845e+00,9.671209850270017228e-01
6.842400000000000000e+04,9.340990415422117721e+00,1.151069090095809599e+00
6.842500000000000000e+04,5.466130432094197467e+00,8.902650771541260610e-01
6.842600000000000000e+04,5.020868311508500881e+00,6.772155271730895265e-01
6.842700000000000000e+04,6.464574097455439983e+00,4.556747063225259353e-01
6.842800000000000000e+04,1.189479924763410024e+00,1.972310686503249144e+00
6.842900000000000000e+04,3.114564006245361227e+00,1.904491669056433523e+00
6.843000000000000000e+04,5.218541039609087662e+00,5.400058695815296517e+00
6.843100000000000000e+04,1.167987599351351946e+01,5.699964025615145147e+00
6.843200000000000000e+04,1.762560309402303815e+01,5.177168795690484160e+00
6.843300000000000000e+04,2.597864646039671399e+01,5.534875455096624819e+00
6.843400000000000000e+04,1.147634970504949159e+01,2.210494329367456601e+00
6.843500000000000000e+04,1.411269160886296170e+01,2.037075812230163763e+00
6.843600000000000000e+04,6.699559984618369768e+00,5.058132608825694376e+00
6.843700000000000000e+04,6.496500049688909151e+00,5.365558106848503428e+00
6.843800000000000000e+04,7.071938638517944575e+00,5.086264081194961761e+00
6.843900000000000000e+04,8.163446670085621193e+00,5.376420210159231772e+00
6.844000000000000000e+04,1.066842255868074396e+01,5.785732703881400596e+00
6.844100000000000000e+04,1.317258197038857936e+01,6.053821531491287544e+00
6.844200000000000000e+04,1.444580761145384606e+01,5.993536762254166206e+00
6.844300000000000000e+04,1.657890597613911510e+01,6.083274437111150235e+00
6.844400000000000000e+04,1.323960054443026557e+01,6.378094489763348918e+00
6.844500000000000000e+04,1.665842966472870046e+01,5.929964633516163985e+00
6.844600000000000000e+04,1.449526743979150645e+01,6.105356187814599878e+00
6.844700000000000000e+04,1.454033528051024504e+01,6.065579548271820443e+00
6.844800000000000000e+04,1.358829296577319568e+01,6.060750017768882003e+00
6.844900000000000000e+04,1.331666584789237007e+01,6.009908913787754159e+00
6.845000000000000000e+04,1.397760119915727195e+01,5.812828587396396074e+00
6.845100000000000000e+04,1.421205874717537476e+01,5.681405637108760232e+00
6.845200000000000000e+04,1.383282925376390970e+01,5.521634035939392504e+00
6.845300000000000000e+04,1.333449868708619235e+01,5.469120156636101626e+00
6.845400000000000000e+04,1.346459084092310654e+01,5.458395200871919428e+00
6.845500000000000000e+04,1.328752360800433863e+01,5.453125103572318721e+00
6.845600000000000000e+04,1.397092548298551051e+01,5.696270329159212054e+00
6.845700000000000000e+04,1.389903622906825476e+01,5.870498509617121385e+00
6.845800000000000000e+04,1.425298748871801457e+01,6.015385554373501975e+00
6.845900000000000000e+04,1.371301434486316850e+01,6.145455216389002828e+00
6.846000000000000000e+04,1.355491706003733299e+01,6.383773423288083393e+00
6.846100000000000000e+04,1.380698575668863448e+01,6.302363686992627834e+00
6.846200000000000000e+04,1.354376969366842332e+01,6.426986857696043387e+00
6.846300000000000000e+04,1.318217693148674208e+01,6.611414101213490824e+00
6.846400000000000000e+04,1.363729740343913299e+01,6.820577858879012467e+00
6.846500000000000000e+04,1.384970288605616062e+01,6.956807182958101521e+00
6.846600000000000000e+04,1.495992701616740028e+01,6.777172936672684500e+00
6.846700000000000000e+04,1.528130201176048253e+01,6.631996768863885450e+00
6.846800000000000000e+04,1.606790653805427738e+01,6.412034269212810500e+00
6.846900000000000000e+04,1.618390526922451045e+01,6.329714660272060200e+00
6.847000000000000000e+04,1.647380193939937243e+01,6.180716732790557444e+00
6.847100000000000000e+04,1.593603031235297784e+01,6.020872928159938908e+00
6.847200000000000000e+04,1.613434397641919560e+01,6.062991773679932805e+00
6.847300000000000000e+04,1.594717735578954354e+01,6.061564623853520573e+00
6.847400000000000000e+04,1.628519805660562270e+01,6.185262786875490804e+00
6.847500000000000000e+04,1.614699034198774896e+01,6.160982153297823061e+00
6.847600000000000000e+04,1.632810032322104021e+01,6.168234796565563727e+00
6.847700000000000000e+04,1.621947556312179373e+01,6.071393286289755054e+00
6.847800000000000000e+04,1.635358082982019923e+01,6.011047506808445462e+00
6.847900000000000000e+04,1.617593995026057740e+01,5.863742616251698792e+00
6.848000000000000000e+04,1.633311328102412574e+01,5.821003750041015223e+00
6.848100000000000000e+04,1.602801828679071505e+01,5.657733922918254166e+00
6.848200000000000000e+04,1.609429435653590801e+01,5.572220358272268470e+00
6.848300000000000000e+04,1.589238064116003102e+01,5.442106674265517086e+00
6.848400000000000000e+04,1.595215351808060511e+01,5.300180733098187602e+00
6.848500000000000000e+04,1.597339719234449262e+01,5.150596502133943488e+00
6.848600000000000000e+04,1.694466713772503041e+01,4.981823358631736198e+00
6.848700000000000000e+04,1.765519799502859399e+01,4.798308233277630563e+00
6.848800000000000000e+04,1.846412340578371669e+01,4.652988183265492239e+00
6.848900000000000000e+04,1.894072674635762610e+01,4.658833412120735318e+00
6.849000000000000000e+04,1.965084923539451012e+01,4.733893840787992247e+00
6.849100000000000000e+04,1.916821690905874931e+01,4.523141099169755819e+00
6.849200000000000000e+04,1.874897726391360564e+01,4.066947575952887917e+00
6.849300000000000000e+04,1.819559149754051575e+01,3.740215745069072284e+00
6.849400000000000000e+04,1.787277433617985523e+01,3.410065061318768187e+00
6.849500000000000000e+04,1.753947219031989846e+01,3.165595047036816823e+00
6.849600000000000000e+04,1.841347415419065570e+01,3.385284936077169959e+00
6.849700000000000000e+04,1.886901659178489155e+01,3.349550803590496173e+00
6.849800000000000000e+04,1.963448353408461955e+01,3.532933631084802073e+00
6.849900000000000000e+04,2.022602136726426991e+01,3.765824676952405525e+00
6.850000000000000000e+04,2.011407152529853803e+01,3.615683968519107339e+00
6.850100000000000000e+04,1.984932609541570514e+01,3.408940299351300496e+00
6.850200000000000000e+04,1.971281230823548469e+01,3.316172574885619895e+00
6.850300000000000000e+04,1.947414750650919402e+01,3.158494566384227653e+00
6.850400000000000000e+04,1.957201951612963953e+01,3.315200767887624522e+00
6.850500000000000000e+04,1.932275038661111566e+01,3.153783425958614828e+00
6.850600000000000000e+04,1.947722562737635243e+01,3.495195399829270855e+00
6.850700000000000000e+04,1.940667598462318111e+01,3.542695031730822564e+00
6.850800000000000000e+04,1.943925702671388578e+01,3.783853584373147783e+00
6.850900000000000000e+04,1.956012925164583294e+01,4.031369617181411513e+00
6.851000000000000000e+04,1.987281460021570467e+01,4.423353343230040480e+00
6.851100000000000000e+04,1.996021862087562582e+01,4.514427330748645772e+00
6.851200000000000000e+04,2.004802425837479873e+01,4.498650979073154588e+00
6.851300000000000000e+04,2.008976843602355800e+01,4.488934769386474954e+00
6.851400000000000000e+04,2.023817163953974685e+01,4.491821640330904586e+00
6.851500000000000000e+04,2.034174746073625428e+01,4.478495075365508171e+00
6.851600000000000000e+04,2.046898298435659314e+01,4.419762467625474756e+00
6.851700000000000000e+04,2.056636686871620157e+01,4.382480441502565327e+00
6.851800000000000000e+04,2.097527221376973472e+01,4.341591168153371427e+00
6.851900000000000000e+04,2.176333529556076485e+01,4.282361808651323543e+00
6.852000000000000000e+04,2.496292957952927694e+01,4.132707317539534131e+00
6.852100000000000000e+04,2.842515373936953438e+01,3.944797994508789429e+00
6.852200000000000000e+04,3.372393341739655881e+01,3.685421090112356524e+00
6.852300000000000000e+04,3.745190365940528920e+01,3.553202460704554255e+00
6.852400000000000000e+04,4.127499147972949345e+01,3.673463149377205639e+00
6.852500000000000000e+04,4.266319497111134496e+01,3.603062440382110765e+00
6.852600000000000000e+04,4.489525713719693556e+01,4.154855930508560391e+00
6.852700000000000000e+04,4.742908971918546968e+01,4.359973461889204316e+00
6.852800000000000000e+04,5.143633628637248023e+01,4.479253449676527055e+00
6.852900000000000000e+04,5.453922971259223118e+01,4.393089132676131214e+00
6.853000000000000000e+04,5.912337006686153273e+01,4.192569908601136319e+00
6.853100000000000000e+04,6.238374673991435770e+01,3.998585387900689625e+00
6.853200000000000000e+04,6.679673089684172282e+01,3.818216695428560570e+00
6.853300000000000000e+04,7.006804679942318614e+01,3.743662918427595798e+00
6.853400000000000000e+04,7.722827000442893564e+01,3.729658347295938370e+00
6.853500000000000000e+04,8.568259001473981584e+01,3.757252854966651512e+00
6.853600000000000000e+04,1.033703454615106097e+02,3.829305401451250646e+00
6.853700000000000000e+04,1.174024523740877868e+02,3.857361648494844530e+00
6.853800000000000000e+04,1.402022013770757098e+02,3.962718635636804265e+00
6.853900000000000000e+04,1.562857905135069814e+02,4.047146933895930943e+00
6.854000000000000000e+04,1.815408238793834528e+02,4.129966970468622378e+00
6.854100000000000000e+04,1.995074093046027315e+02,4.182175660121238536e+00
6.854200000000000000e+04,2.283100284261865625e+02,4.257481106657046155e+00
6.854300000000000000e+04,2.488343310878522630e+02,4.304799207435657138e+00
6.854400000000000000e+04,2.813550153653472989e+02,4.363721794619891625e+00
6.854500000000000000e+04,3.041096728393239346e+02,4.399258472469306014e+00
6.854600000000000000e+04,3.387899376087595442e+02,4.452265114898942500e+00
6.854700000000000000e+04,3.619026344550483714e+02,4.395677852856493928e+00
6.854800000000000000e+04,3.961118994685970165e+02,4.279138527580997220e+00
6.854900000000000000e+04,4.182902385969982220e+02,4.134194141379310850e+00
6.855000000000000000e+04,4.509616449570895611e+02,3.932158212159407640e+00
6.855100000000000000e+04,4.722292387399955942e+02,3.835849137177838486e+00
6.855200000000000000e+04,5.025812736849687212e+02,3.661694904670397932e+00
6.855300000000000000e+04,5.214054349566135897e+02,3.511589885350339557e+00
6.855400000000000000e+04,5.467939452374312168e+02,3.263185532792988397e+00
6.855500000000000000e+04,5.626330204985137016e+02,3.070992829064373097e+00
6.855600000000000000e+04,5.843314881254165130e+02,2.691744766552574220e+00
6.855700000000000000e+04,5.975245039481977756e+02,2.472908273037347726e+00
6.855800000000000000e+04,6.140838165575079302e+02,2.171978726722876729e+00
6.855900000000000000e+04,6.235431688267526624e+02,1.953743388583866647e+00
6.856000000000000000e+04,6.347771809444369637e+02,1.641134368503017527e+00
6.856100000000000000e+04,6.421405100534266239e+02,1.402330591585368325e+00
6.856200000000000000e+04,6.525741932248361081e+02,1.070500941046987009e+00
6.856300000000000000e+04,6.602814269092015138e+02,8.385908660059797626e-01
6.856400000000000000e+04,6.710966156022712994e+02,5.176957835955633414e-01
6.856500000000000000e+04,6.790886936396949523e+02,2.961833317667839083e-01
6.856600000000000000e+04,6.900629124206418510e+02,2.010843963523711864e-02
6.856700000000000000e+04,6.982198470829321195e+02,2.398522209156297436e-01
6.856800000000000000e+04,7.094887584637136797e+02,5.452464309250757424e-01
6.856900000000000000e+04,7.185023741952642240e+02,7.304317250392813321e-01
6.857000000000000000e+04,7.341573657413507590e+02,9.964742979769241060e-01
6.857100000000000000e+04,7.480182069186595299e+02,1.149645854374242049e+00
6.857200000000000000e+04,7.706383574728616850e+02,1.343378480278488496e+00
6.857300000000000000e+04,7.884751592304488668e+02,1.450578588566578730e+00
6.857400000000000000e+04,8.070988535233752827e+02,1.596627630516124441e+00
6.857500000000000000e+04,nan,nan
6.857600000000000000e+04,nan,nan
6.857700000000000000e+04,nan,nan
6.857800000000000000e+04,nan,nan
6.857900000000000000e+04,1.341702625303976859e+01,2.747889786087476693e+00
6.858000000000000000e+04,2.451988850756516314e+01,4.749469920767197095e+00
6.858100000000000000e+04,4.413878827542294658e+01,9.370252517383910629e+00
6.858200000000000000e+04,4.959233141568468284e+01,1.003028024161232423e+01
6.858300000000000000e+04,3.847003028554594550e+01,6.526296951362994037e+00
6.858400000000000000e+04,4.732867632363618782e+01,6.768000486302980789e+00
6.858500000000000000e+04,5.833798286048045156e+01,8.303763429737017532e+00
6.858600000000000000e+04,6.765114984228635819e+01,8.061588174706628251e+00
6.858700000000000000e+04,8.120478891344082228e+01,8.215083365465169152e+00
6.858800000000000000e+04,9.209525998010416004e+01,7.707618518065984858e+00
6.858900000000000000e+04,1.050705503021121388e+02,8.244774060911218783e+00
6.859000000000000000e+04,1.160489621484251899e+02,7.502715544905399270e+00
6.859100000000000000e+04,1.265066033394170972e+02,9.298766086257806762e+00
6.859200000000000000e+04,1.364389047884985757e+02,8.348339856921612068e+00
6.859300000000000000e+04,1.113184099599301220e+02,5.906538424393389164e+00
6.859400000000000000e+04,1.151642558659824545e+02,4.506669009463941222e+00
6.859500000000000000e+04,9.906861609277603975e+01,5.450591043147277048e+00
6.859600000000000000e+04,9.840032963943633604e+01,4.318308340323156358e+00
6.859700000000000000e+04,1.349367588796398820e+02,8.351395986284430251e+00
6.859800000000000000e+04,nan,nan
6.859900000000000000e+04,nan,nan
6.860000000000000000e+04,nan,nan
6.860100000000000000e+04,nan,nan
6.860200000000000000e+04,1.908410115815241070e+01,6.661735959370489013e+00
6.860300000000000000e+04,2.944249151752270421e+00,3.433847040581170518e-01
6.860400000000000000e+04,5.214092027293849796e+00,7.146277348759326742e-01
6.860500000000000000e+04,3.232021090115152484e-01,4.365477350317874539e-01
6.860600000000000000e+04,5.243689378247305966e-01,5.926546259815026474e-01
6.860700000000000000e+04,4.947995594939015307e-01,3.423121999089815404e-01
6.860800000000000000e+04,1.117618185412059706e+00,3.170795199734328662e-01
6.860900000000000000e+04,6.307693592776569824e-01,5.524267969055784988e-02
6.861000000000000000e+04,8.887582752370624117e-01,1.047966375938926831e-01
6.861100000000000000e+04,1.173475077760660845e+00,3.818611877788811171e-01
6.861200000000000000e+04,1.343479196401330844e+00,6.096200256428403463e-01
6.861300000000000000e+04,1.384854651690436311e+00,9.849194735484871899e-01
6.861400000000000000e+04,1.351366904566638327e+00,1.178762151926136426e+00
6.861500000000000000e+04,2.483177833336910556e+00,1.436754841407484662e+00
6.861600000000000000e+04,3.089071420466270812e+00,1.494119067495333297e+00
6.861700000000000000e+04,4.129421280906371727e+00,1.820520553478878867e+00
6.861800000000000000e+04,5.227140009072136273e+00,2.267916189321063314e+00
6.861900000000000000e+04,5.016011507302329697e+00,2.645097439710447418e+00
6.862000000000000000e+04,3.976108889214132969e+00,2.179318894632054082e+00
6.862100000000000000e+04,2.049903165141174100e+00,8.774652559338917968e-01
6.862200000000000000e+04,1.270106586406362315e+00,3.083057044608210617e-01
6.862300000000000000e+04,1.178671405002509109e+00,6.448957371706853792e-02
6.862400000000000000e+04,1.127144108448800974e+00,6.868383415167045314e-02
6.862500000000000000e+04,1.165949779048904844e+00,7.879589884663573685e-02
6.862600000000000000e+04,1.127910139506627774e+00,8.954663280649555190e-02
6.862700000000000000e+04,1.222897146306657135e+00,1.060909291317599923e-01
6.862800000000000000e+04,1.171084616073773566e+00,1.198704835657053991e-01
6.862900000000000000e+04,1.275026063530202647e+00,1.088435121302850916e-01
6.863000000000000000e+04,4.234650225860452366e-01,1.799675774062379219e-01
6.863100000000000000e+04,5.872484878232844263e-01,1.623433024236362598e-01
6.863200000000000000e+04,4.850780810633061324e-01,2.106528195386658808e-01
6.863300000000000000e+04,4.656533585382789386e-01,1.930833999439016679e-01
6.863400000000000000e+04,3.689436782743032994e-01,1.356461420878218860e-01
6.863500000000000000e+04,2.282013969109833729e-01,6.252520490154012123e-02
6.863600000000000000e+04,8.720163782933935959e-02,4.034983618875287448e-02
6.863700000000000000e+04,1.897609929625908576e-01,3.597500524583807646e-02
6.863800000000000000e+04,3.147992354332126985e-01,2.410455728348637194e-02
6.863900000000000000e+04,6.120291309544073632e-01,1.673398929554537062e-03
6.864000000000000000e+04,8.599922875671738298e-01,3.246738014858152610e-02
6.864100000000000000e+04,1.150008327198023483e+00,2.855083379338196892e-02
6.864200000000000000e+04,1.433913965962876125e+00,3.525888073937721856e-03
6.864300000000000000e+04,1.962673017732698311e+00,4.183918660102392550e-02
6.864400000000000000e+04,2.367581699370555182e+00,6.322070316085870445e-02
6.864500000000000000e+04,2.887389838165486555e+00,2.918794721225026478e-04
6.864600000000000000e+04,3.346129860645714160e+00,2.768020708607821234e-03
6.864700000000000000e+04,3.243075214236505577e+00,3.213853375416633185e-01
6.864800000000000000e+04,4.114984298346220370e+00,3.984444051555158239e-01
6.864900000000000000e+04,3.410804156591295655e+00,3.332032228382715289e-01
6.865000000000000000e+04,3.702730210705087011e+00,3.392503829001469740e-01
6.865100000000000000e+04,4.070769227536555235e+00,3.314568339877723702e-01
6.865200000000000000e+04,4.379407451947781027e+00,3.239653779609241724e-01
6.865300000000000000e+04,4.817656136697673119e+00,3.073363569238480864e-01
6.865400000000000000e+04,5.224627247979664268e+00,2.876099982364621610e-01
6.865500000000000000e+04,5.783516532183847758e+00,2.228265321338795957e-01
6.865600000000000000e+04,6.269136474670710335e+00,1.813009488418018123e-01
6.865700000000000000e+04,6.911705517900968765e+00,1.074040214001215077e-01
6.865800000000000000e+04,7.260542533592581727e+00,3.768175470814583150e-02
6.865900000000000000e+04,5.893050060093142584e+00,1.098883017904555004e-01
6.866000000000000000e+04,4.655539815924888636e+00,3.279162801272406114e-02
6.866100000000000000e+04,5.323064827111725350e+00,2.651079153272206668e-02
6.866200000000000000e+04,5.534087117455975147e+00,5.661243113387115500e-02
6.866300000000000000e+04,5.979260174656591431e+00,9.540245923420087593e-02
6.866400000000000000e+04,6.597519239133015745e+00,1.642947332001796212e-01
6.866500000000000000e+04,7.184478366523380899e+00,2.856348748291210882e-01
6.866600000000000000e+04,7.560965136238350759e+00,3.916716292110180575e-01
6.866700000000000000e+04,8.010499889572484378e+00,5.663643671439047012e-01
6.866800000000000000e+04,8.464275750770271500e+00,6.948369687442976783e-01
6.866900000000000000e+04,9.291837195035439478e+00,8.560120055078783707e-01
6.867000000000000000e+04,1.005408611969664534e+01,9.983088610517540928e-01
6.867100000000000000e+04,1.139529244991839718e+01,1.184539282158056039e+00
6.867200000000000000e+04,1.260651531496826472e+01,1.321259137258600447e+00
6.867300000000000000e+04,1.479962254862774529e+01,1.515317681902615732e+00
6.867400000000000000e+04,1.651269925616377421e+01,1.659459308774671626e+00
6.867500000000000000e+04,1.935280911502437817e+01,1.865467161261442186e+00
6.867600000000000000e+04,2.148600899739260228e+01,1.995469558544726851e+00
6.867700000000000000e+04,2.487436096647536843e+01,2.182668617731458482e+00
6.867800000000000000e+04,2.730425277743036361e+01,2.298151434926069214e+00
6.867900000000000000e+04,3.115336924387722561e+01,2.463710424318016123e+00
6.868000000000000000e+04,3.386074618836162387e+01,2.584982040035491480e+00
6.868100000000000000e+04,3.803507895168078079e+01,2.753734337829527590e+00
6.868200000000000000e+04,4.094399743522929214e+01,2.867134320035724215e+00
6.868300000000000000e+04,4.542110909364551219e+01,3.041132053089434351e+00
6.868400000000000000e+04,4.852514945726743889e+01,3.153683613494912663e+00
6.868500000000000000e+04,5.330832799787926746e+01,3.343930594236717013e+00
6.868600000000000000e+04,5.500548318535487624e+01,3.416985433900073588e+00
6.868700000000000000e+04,nan,nan
6.868800000000000000e+04,nan,nan
6.868900000000000000e+04,nan,nan
6.869000000000000000e+04,nan,nan
6.869100000000000000e+04,nan,nan
6.869200000000000000e+04,nan,nan
6.869300000000000000e+04,nan,nan
6.869400000000000000e+04,nan,nan
6.869500000000000000e+04,nan,nan
6.869600000000000000e+04,nan,nan
6.869700000000000000e+04,nan,nan
6.869800000000000000e+04,nan,nan
6.869900000000000000e+04,nan,nan
6.870000000000000000e+04,nan,nan
6.870100000000000000e+04,nan,nan
6.870200000000000000e+04,nan,nan
6.870300000000000000e+04,nan,nan
6.870400000000000000e+04,nan,nan
6.870500000000000000e+04,3.374354924456819393e+00,3.239779099410498020e-01
6.870600000000000000e+04,1.844947873577926112e+00,5.124392462759601585e-01
6.870700000000000000e+04,3.056079908886974561e+00,4.138043431575013642e-01
6.870800000000000000e+04,7.137055264196482396e-01,9.655903397160940926e-01
6.870900000000000000e+04,7.005668025679298028e-01,9.965078467071606383e-01
6.871000000000000000e+04,6.246261468412303008e-01,1.128137611752251246e+00
6.871100000000000000e+04,6.494508764263358103e-01,1.125638230485087377e+00
6.871200000000000000e+04,5.895436922952108638e-01,1.233301514437712854e+00
6.871300000000000000e+04,5.837501220800588309e-01,1.211879315733831675e+00
6.871400000000000000e+04,5.436803851447373770e-01,1.459030931872092651e+00
6.871500000000000000e+04,4.631474375000192434e-01,1.464314209498333241e+00
6.871600000000000000e+04,4.464087490687695947e-01,1.482147301185356980e+00
6.871700000000000000e+04,4.037955472242832911e-01,1.487705757019895714e+00
6.871800000000000000e+04,4.866436137254478433e-01,1.426395823415660402e+00
6.871900000000000000e+04,4.867789819266101770e-01,1.410871879840016163e+00
6.872000000000000000e+04,4.282796651861053849e-01,1.343814028248182524e+00
6.872100000000000000e+04,4.385814230032054617e-01,1.312329924130715142e+00
6.872200000000000000e+04,3.141027889208377055e-01,1.199900528243382780e+00
6.872300000000000000e+04,8.172192033126382538e-02,6.055763962692921609e-01
6.872400000000000000e+04,7.339903493071106566e-03,9.342447620326765900e-03
6.872500000000000000e+04,1.229531429450131386e-02,1.203595419081437967e-02
6.872600000000000000e+04,5.675613719778144564e-03,1.280811096683009964e-02
6.872700000000000000e+04,9.163505633311218312e-03,1.226080823411024312e-02
6.872800000000000000e+04,4.601411227449053211e-03,1.302605456057648325e-02
6.872900000000000000e+04,1.891923939427331974e-02,1.291576112812720112e-02
6.873000000000000000e+04,2.846820746462569440e-02,1.743453284816354198e-02
6.873100000000000000e+04,4.607291923984587617e-02,2.387772125499765252e-02
6.873200000000000000e+04,1.277845707997527121e-02,2.647124596273187080e-02
6.873300000000000000e+04,4.271148076695854834e-02,1.951073184633855817e-02
6.873400000000000000e+04,2.533129750086269769e-02,1.589967041272188908e-02
6.873500000000000000e+04,6.581057725570656214e-02,2.123949980738615295e-02
6.873600000000000000e+04,2.063610100806797035e-02,2.171451012247160861e-02
6.873700000000000000e+04,2.383117885671268837e-02,2.776625640670715711e-02
6.873800000000000000e+04,9.977240349770983077e-03,2.757580796597380868e-02
6.873900000000000000e+04,3.374894655115789899e-02,3.555953181535187468e-02
6.874000000000000000e+04,4.158130956426817071e-02,2.493522301282524722e-02
6.874100000000000000e+04,1.258236045953200211e-01,1.345737848035355455e-02
6.874200000000000000e+04,1.981783383420418834e-02,7.261998813774539485e-04
6.874300000000000000e+04,4.329979051239724042e-02,3.554839151149735699e-04
6.874400000000000000e+04,4.396736271086969239e-02,3.448887207509443442e-02
6.874500000000000000e+04,2.036410836903499583e-02,3.831086993128707263e-02
6.874600000000000000e+04,4.832880184463722584e-02,1.139579017703340469e-03
6.874700000000000000e+04,1.001859254900867718e-01,5.015496528308460711e-03
6.874800000000000000e+04,7.741917585286857417e-02,1.048676483974730900e-02
6.874900000000000000e+04,1.012803993163189781e-01,1.922249397768638346e-02
6.875000000000000000e+04,5.776379482761864054e-02,2.108103089958746068e-02
6.875100000000000000e+04,2.663013080407208161e-02,2.288770236986437112e-02
6.875200000000000000e+04,9.788999164661570454e-03,5.416813340133330712e-04
6.875300000000000000e+04,7.082081599140260808e-02,2.371169710613685311e-03
6.875400000000000000e+04,3.129356287027459244e-02,4.086998233603367225e-04
6.875500000000000000e+04,1.469080543705458819e-01,3.036808981995875456e-03
6.875600000000000000e+04,6.646146051961769607e-02,6.197279601281024952e-04
6.875700000000000000e+04,9.592119855704907272e-02,1.314859506380372522e-02
6.875800000000000000e+04,2.658320809773325258e-02,2.612762460842787959e-02
6.875900000000000000e+04,3.710864224815851181e-02,4.383857942973889976e-02
6.876000000000000000e+04,2.255869036167886671e-02,5.676388561088430151e-02
6.876100000000000000e+04,5.715183483795042291e-02,5.579451522233824790e-02
6.876200000000000000e+04,2.642143571638836883e-02,5.392017085588918235e-02
6.876300000000000000e+04,6.603948620740734965e-02,5.683486522689307208e-02
6.876400000000000000e+04,1.082788673240585170e-01,5.783058471152813240e-02
6.876500000000000000e+04,1.338591719138948477e-01,4.369388932168050133e-02
6.876600000000000000e+04,2.295199638891703420e-01,4.361821319655589946e-02
6.876700000000000000e+04,2.093441345167334766e-01,9.721733907722907020e-02
6.876800000000000000e+04,2.737008036831131697e-01,1.360099230896096856e-01
6.876900000000000000e+04,2.903135409311073389e-01,1.763090069478074895e-01
6.877000000000000000e+04,4.012864006315246534e-01,2.112782011651859193e-01
6.877100000000000000e+04,4.883046936887036615e-01,2.680798249342188910e-01
6.877200000000000000e+04,4.690011770820406434e-01,3.544342661716335385e-01
6.877300000000000000e+04,4.896982145085437277e-01,4.195381805639755157e-01
6.877400000000000000e+04,4.041827291082926155e-01,5.470807691673478246e-01
6.877500000000000000e+04,4.096129699820456049e-01,6.307644781205290485e-01
6.877600000000000000e+04,2.966291992341358319e-01,7.537394408673776525e-01
6.877700000000000000e+04,1.743300332212269210e-01,8.044994125545095187e-01
6.877800000000000000e+04,5.805537050747006100e-01,8.426943718296939778e-01
6.877900000000000000e+04,7.066559345892893251e-01,8.309582705239257905e-01
6.878000000000000000e+04,1.481324095175007960e+00,8.317640889468584930e-01
6.878100000000000000e+04,1.631327974640879530e+00,7.910043735966887368e-01
6.878200000000000000e+04,1.998277293233734486e+00,7.010503184148539901e-01
6.878300000000000000e+04,2.515151840011212059e+00,7.171275004978241441e-01
6.878400000000000000e+04,1.622837346079598175e+00,7.754420326911954930e-01
6.878500000000000000e+04,1.138963672250667525e+00,8.816338610033689349e-01
6.878600000000000000e+04,4.540852865494767743e-01,7.168979634328920270e-01
6.878700000000000000e+04,4.693512170614190793e-01,7.211289483863545513e-01
6.878800000000000000e+04,2.375001915901031047e-01,5.557961253903016541e-01
6.878900000000000000e+04,2.209679787316285726e-01,5.612596406417509343e-01
6.879000000000000000e+04,1.777690373871162743e-01,5.611531665819455839e-01
6.879100000000000000e+04,1.713134593081644674e-01,5.615695697478777504e-01
6.879200000000000000e+04,1.458214598727533839e-01,5.728529838446476674e-01
6.879300000000000000e+04,1.519394047325744734e-01,5.756321379765836355e-01
6.879400000000000000e+04,1.469401978239495143e-01,5.779017064071751975e-01
6.879500000000000000e+04,1.583510218375193124e-01,5.755936547621729460e-01
6.879600000000000000e+04,2.576561708618503310e-01,5.818797866570051269e-01
6.879700000000000000e+04,2.721597672571836046e-01,5.746487962073913991e-01
6.879800000000000000e+04,3.363995991360050342e-01,5.814497204336639413e-01
6.879900000000000000e+04,3.147064751741031063e-01,5.732249376945155461e-01
6.880000000000000000e+04,3.480453590130749286e-01,5.768369793417527092e-01
6.880100000000000000e+04,3.661505953167171756e-01,5.754041326782406429e-01
6.880200000000000000e+04,4.125708385486844820e-01,5.841737464357841247e-01
6.880300000000000000e+04,4.102745517423739274e-01,5.725582983553323402e-01
6.880400000000000000e+04,4.188036971613342541e-01,5.596896656818870497e-01
6.880500000000000000e+04,4.380558238720586028e-01,5.516154730416715779e-01
6.880600000000000000e+04,4.231090243017812114e-01,5.445853345065394535e-01
6.880700000000000000e+04,4.057592326633968627e-01,5.310310453920159546e-01
6.880800000000000000e+04,3.690792420429894749e-01,5.257496752835493226e-01
6.880900000000000000e+04,3.608372021977469535e-01,5.335044399485262545e-01
6.881000000000000000e+04,3.239825636279727861e-01,5.330671256948917858e-01
6.881100000000000000e+04,3.171022212833970455e-01,5.222384995103652727e-01
6.881200000000000000e+04,2.953806292466427674e-01,5.180365925258350046e-01
6.881300000000000000e+04,2.991380372889622663e-01,5.308822439406455374e-01
6.881400000000000000e+04,2.782805045938230859e-01,5.253798711674519950e-01
6.881500000000000000e+04,2.751668020282184157e-01,5.184610007477985505e-01
6.881600000000000000e+04,2.481148242635924928e-01,5.204429154482284048e-01
6.881700000000000000e+04,2.360533731286867665e-01,5.277573936760227014e-01
6.881800000000000000e+04,2.273235118957744327e-01,5.343797736508406615e-01
6.881900000000000000e+04,2.206991601062816555e-01,5.280179901735202463e-01
6.882000000000000000e+04,2.074282140448937273e-01,5.230757343871097476e-01
6.882100000000000000e+04,2.085527146456133962e-01,5.231722327625618618e-01
6.882200000000000000e+04,2.222424306455420273e-01,5.278345187716162457e-01
6.882300000000000000e+04,2.034922176269160499e-01,5.216934251124634159e-01
6.882400000000000000e+04,2.078458645065433819e-01,5.257794203261809685e-01
6.882500000000000000e+04,1.851557616847432919e-01,5.143788581483654809e-01
6.882600000000000000e+04,1.973315949945058101e-01,5.079060797889631829e-01
6.882700000000000000e+04,2.259046735740400658e-01,5.156075542765883313e-01
6.882800000000000000e+04,2.446179782150847415e-01,5.075008547336423703e-01
6.882900000000000000e+04,2.507154918430285484e-01,5.078569076132772864e-01
6.883000000000000000e+04,2.754887778960691813e-01,5.082690441648480828e-01
6.883100000000000000e+04,3.096758011875274108e-01,5.129473041988141802e-01
6.883200000000000000e+04,3.353678759183867375e-01,5.445731819290280384e-01
6.883300000000000000e+04,3.394462655121174843e-01,5.606193531559320320e-01
6.883400000000000000e+04,3.571202418723846694e-01,5.734210043511822619e-01
6.883500000000000000e+04,3.977877568728643287e-01,6.054371550972845739e-01
6.883600000000000000e+04,4.277231519600625531e-01,6.884375904183102080e-01
6.883700000000000000e+04,5.017384774296373973e-01,7.206210470488905173e-01
6.883800000000000000e+04,5.330636881411333627e-01,7.735848475174655903e-01
6.883900000000000000e+04,6.405920881119374632e-01,8.122743996539689704e-01
6.884000000000000000e+04,2.505055525557973728e-01,9.273671007328303517e-01
6.884100000000000000e+04,1.889261978874183234e-01,9.511312344606004388e-01
6.884200000000000000e+04,4.627588489751857104e-01,9.919691681818285645e-01
6.884300000000000000e+04,4.420899328105242221e-01,1.021006759961117893e+00
6.884400000000000000e+04,2.565695307545402537e-01,1.076569987069667889e+00
6.884500000000000000e+04,3.890059944752102816e-01,1.067412605642577006e+00
6.884600000000000000e+04,2.820304161600910020e-01,1.004877402664757113e+00
6.884700000000000000e+04,3.726276079479859948e-01,1.032882830535335472e+00
6.884800000000000000e+04,5.049910507692308981e-01,1.154392547748024356e+00
6.884900000000000000e+04,6.707211415218139461e-01,1.232936966691688951e+00
6.885000000000000000e+04,9.674397410639309358e-01,1.508074720704080107e+00
6.885100000000000000e+04,1.235228093527440230e+00,1.635584660246742317e+00
6.885200000000000000e+04,1.358848053402619716e+00,1.711766324014419638e+00
6.885300000000000000e+04,1.420793885715861959e+00,1.758915744555164196e+00
6.885400000000000000e+04,1.537105169757181367e+00,1.583394414100421699e+00
6.885500000000000000e+04,1.618099865988253061e+00,1.606074330125800032e+00
6.885600000000000000e+04,1.685900936909257686e+00,1.728935737748731327e+00
6.885700000000000000e+04,1.738829948889299315e+00,1.756385912559853324e+00
6.885800000000000000e+04,1.772149057879213396e+00,1.834885642548488960e+00
6.885900000000000000e+04,1.843742117149496096e+00,1.871489337834702837e+00
6.886000000000000000e+04,1.861363434372866221e+00,2.006228965553820132e+00
6.886100000000000000e+04,1.971675040078183727e+00,2.094098654488444566e+00
6.886200000000000000e+04,1.866400299466935309e+00,2.126004519551713656e+00
6.886300000000000000e+04,1.903711977958568502e+00,2.470534279120045085e+00
6.886400000000000000e+04,1.900578917248073374e+00,2.533299633684936936e+00
6.886500000000000000e+04,1.916061369761197897e+00,2.531856231126671020e+00
6.886600000000000000e+04,2.026215246107222256e+00,2.462410516650301417e+00
6.886700000000000000e+04,2.006092234987566947e+00,2.647661423722873053e+00
6.886800000000000000e+04,2.076012622758567794e+00,2.741784041468992683e+00
6.886900000000000000e+04,2.022724698658432629e+00,2.759209514601231206e+00
6.887000000000000000e+04,1.926077915127181406e+00,3.029650955091621967e+00
6.887100000000000000e+04,1.873653949901612714e+00,3.200845111404838406e+00
6.887200000000000000e+04,1.450860502479952352e+00,2.753599423144944325e+00
6.887300000000000000e+04,1.339149724107977280e+00,2.822849282986393149e+00
6.887400000000000000e+04,1.154266866804465552e+00,3.156926137492607864e+00
6.887500000000000000e+04,2.975553847592590784e-01,2.625397816762216507e+00
6.887600000000000000e+04,1.620217519634233838e+02,4.747638546871261411e+00
6.887700000000000000e+04,nan,nan
6.887800000000000000e+04,nan,nan
6.887900000000000000e+04,nan,nan
6.888000000000000000e+04,1.274631570071209197e+00,4.986920060982455993e-01
6.888100000000000000e+04,4.677599628941718990e+00,4.511543280453409466e-01
6.888200000000000000e+04,7.253563984011860200e+00,5.518274667645641784e-01
6.888300000000000000e+04,8.186049120669931511e+00,9.580739122917982797e-01
6.888400000000000000e+04,1.183710721852910019e+01,1.087990994751912410e+00
6.888500000000000000e+04,3.539730434927920721e-01,5.738652058012867485e-01
6.888600000000000000e+04,4.363719427508045978e-01,6.491681038210046495e-01
6.888700000000000000e+04,3.590909286919184429e-01,6.966992111983074665e-01
6.888800000000000000e+04,3.900195953079191313e-01,7.929589651822723795e-01
6.888900000000000000e+04,1.042731734374285554e-02,6.793704069950123881e-02
6.889000000000000000e+04,2.380426617930731306e-02,7.252832388427776777e-02
6.889100000000000000e+04,2.504727699190339649e-02,1.034945873582415743e-02
6.889200000000000000e+04,7.687499563032272609e-02,1.119279254760030540e-02
6.889300000000000000e+04,5.174834466632362989e-02,1.667087959821245136e-02
6.889400000000000000e+04,1.547079969089787677e-01,3.151845989794210823e-02
6.889500000000000000e+04,2.777218778446792838e-02,5.559343809860450847e-03
6.889600000000000000e+04,8.425247264095934996e-02,4.032013125488731475e-03
6.889700000000000000e+04,9.291135613379455926e-02,5.318664336133593906e-03
6.889800000000000000e+04,2.143422434944571853e-01,2.371359059542399450e-02
6.889900000000000000e+04,8.586703760729806623e-02,3.510983738742012861e-02
6.890000000000000000e+04,1.703355083709326701e-01,3.751540278707565790e-02
6.890100000000000000e+04,9.086886023191496908e-02,4.942307999979789201e-02
6.890200000000000000e+04,1.445405248445790769e-01,4.723698646194307571e-02
6.890300000000000000e+04,1.199100926888433255e-01,1.794672378265715906e-02
6.890400000000000000e+04,1.936427555717129545e-01,1.910748756628066758e-02
6.890500000000000000e+04,2.012991403368431798e-01,5.837657568886456261e-02
6.890600000000000000e+04,1.867469482561567307e-01,8.073631753530463584e-02
6.890700000000000000e+04,3.066752806972894985e-01,1.319682902238916711e-01
6.890800000000000000e+04,3.362294623779346625e-01,1.527621388525730595e-01
6.890900000000000000e+04,4.679608126876709240e-01,1.967749733464039252e-01
6.891000000000000000e+04,4.959285398392477284e-01,2.424661252092334962e-01
6.891100000000000000e+04,6.015184366329330290e-01,3.528874561451793568e-01
6.891200000000000000e+04,7.171164237703585576e-01,3.813060099536933478e-01
6.891300000000000000e+04,5.546071556652761858e-01,4.378674561892985651e-01
6.891400000000000000e+04,2.602715362730059767e-01,5.156276646775026506e-01
6.891500000000000000e+04,3.504587990363374761e-01,4.542165124494204065e-01
6.891600000000000000e+04,4.497105798662441867e-01,5.187642234960883059e-01
6.891700000000000000e+04,3.816646247419166471e-01,6.268124450603949072e-01
6.891800000000000000e+04,4.652415231787161987e-01,7.206716884607935469e-01
6.891900000000000000e+04,6.208876037812329773e-01,5.476890035569290660e-01
6.892000000000000000e+04,6.921226969886605795e-01,4.773087661880950350e-01
6.892100000000000000e+04,5.334909434094282643e-01,3.927191203893372062e-01
6.892200000000000000e+04,4.734952194060605413e-01,3.127382161584613129e-01
6.892300000000000000e+04,5.345013195493814040e-01,3.241626814577607263e-01
6.892400000000000000e+04,3.220115808830333326e-01,2.295692413049188474e-01
6.892500000000000000e+04,2.551200430496081053e-03,1.305407846505346470e-02
6.892600000000000000e+04,3.827393331943199778e-02,4.393291301802548787e-03
6.892700000000000000e+04,1.714343698884458062e-02,1.035459908717584199e-02
6.892800000000000000e+04,3.328601261728052901e-02,9.358889674722092877e-04
6.892900000000000000e+04,1.705671622377251742e-02,4.884305983257064554e-03
6.893000000000000000e+04,6.333612061169409391e-02,1.522947399695340209e-02
6.893100000000000000e+04,3.650111513053715118e-02,1.081164226587816302e-02
6.893200000000000000e+04,6.820827654144211161e-02,1.207580585493417402e-03
6.893300000000000000e+04,5.921856812613694732e-02,1.198608735897011002e-02
6.893400000000000000e+04,1.034228650943937178e-01,1.372895956860986644e-02
6.893500000000000000e+04,2.907080974196448245e-02,1.972528536061446403e-02
6.893600000000000000e+04,9.310459043365507115e-02,1.451132794014853289e-02
6.893700000000000000e+04,3.756240223268482448e-02,2.494614237386372224e-02
6.893800000000000000e+04,1.130404686960138627e-01,2.398178380667559395e-02
6.893900000000000000e+04,4.481123814327566540e-02,2.807287265420654876e-02
6.894000000000000000e+04,1.119079213835919989e-01,2.928451628541495211e-02
6.894100000000000000e+04,3.988208524652794157e-02,1.712781813326103020e-02
6.894200000000000000e+04,1.326746480146976936e-01,1.341370643942951801e-02
6.894300000000000000e+04,1.015822078953247318e-02,9.286081757345243659e-03
6.894400000000000000e+04,2.093193272623795551e-02,5.656871780317374032e-03
6.894500000000000000e+04,2.139375370672790336e-02,7.267060031928451735e-03
6.894600000000000000e+04,2.881789205532012815e-02,1.018885762320564936e-02
6.894700000000000000e+04,1.436621793368047205e-02,1.498728989047037885e-02
6.894800000000000000e+04,1.179329289354521561e-02,1.578094709468302881e-02
6.894900000000000000e+04,9.341345023001065492e-03,1.179532716436426654e-02
6.895000000000000000e+04,8.223115943068478803e-03,1.177642500100972711e-02
6.895100000000000000e+04,4.828505617380652974e-03,1.165381126205033979e-02
6.895200000000000000e+04,9.962747617759028923e-03,1.112443287131270608e-02
6.895300000000000000e+04,9.187956285595067288e-03,1.250792737660333387e-02
6.895400000000000000e+04,1.818715752762183752e-02,1.221879232302569562e-02
6.895500000000000000e+04,8.195713372772028826e-03,1.112822381650602210e-02
6.895600000000000000e+04,1.678570284439151808e-02,1.121867323727343546e-02
6.895700000000000000e+04,1.102360708540851830e-02,1.041249151456469235e-02
6.895800000000000000e+04,2.180035060848862019e-02,1.072158185063187830e-02
6.895900000000000000e+04,9.401530117935772216e-03,1.353379312062230611e-02
6.896000000000000000e+04,1.846893169971728504e-02,1.461722810443433218e-02
6.896100000000000000e+04,4.754317086864323118e-03,1.548606400549346063e-02
6.896200000000000000e+04,6.980027789858044181e-03,1.641629978393410738e-02
6.896300000000000000e+04,9.786011735467795014e-03,1.693011886511186503e-02
6.896400000000000000e+04,1.294432779883285603e-02,1.471079755425108715e-02
6.896500000000000000e+04,1.037583586930425350e-02,1.392751773035882934e-02
6.896600000000000000e+04,8.570611520896963265e-03,1.382313672249324554e-02
6.896700000000000000e+04,4.461163820503553749e-03,1.369773356717018942e-02
6.896800000000000000e+04,5.309847585565668354e-03,1.345395536926474733e-02
6.896900000000000000e+04,1.386413925019689547e-02,1.190568489228382987e-02
6.897000000000000000e+04,1.915966236358980501e-02,9.941829085605036198e-03
6.897100000000000000e+04,2.602814682039867461e-02,1.038943850233664534e-02
6.897200000000000000e+04,1.165610065305105192e-01,1.260805029306055758e-02
6.897300000000000000e+04,3.542304996425893471e-02,1.246930887855057790e-02
6.897400000000000000e+04,1.177690457682535052e-01,1.531867810041376288e-02
6.897500000000000000e+04,2.454538701885240412e-02,1.481349122492048309e-02
6.897600000000000000e+04,8.539730708568545048e-02,1.993009328901251820e-02
6.897700000000000000e+04,2.458278952135286438e-02,2.174754910220855209e-02
6.897800000000000000e+04,1.406976813022608151e-02,1.251811285319348599e-02
6.897900000000000000e+04,1.163197831098876020e-02,9.263570242268315269e-03
6.898000000000000000e+04,7.228005447344428014e-02,6.257084592427020198e-03
6.898100000000000000e+04,6.601352816958614908e-03,8.191729816502402173e-04
6.898200000000000000e+04,1.002635704553942256e-02,3.952193596092001826e-03
6.898300000000000000e+04,2.855428981472231745e-02,2.612283706451989929e-02
6.898400000000000000e+04,7.532685309331169088e-02,4.157162471663156111e-02
6.898500000000000000e+04,7.112045059595373253e-02,3.668081261165667684e-02
6.898600000000000000e+04,8.647602967647527450e-02,3.844705455115615678e-02
6.898700000000000000e+04,1.367738636047733936e-01,4.855623254653096410e-02
6.898800000000000000e+04,1.816215917780896749e-01,4.942870494464557396e-02
6.898900000000000000e+04,2.723883444871788018e-01,6.249936549922097129e-02
6.899000000000000000e+04,3.635649819207220634e-01,6.939756626059079281e-02
6.899100000000000000e+04,4.740445459528844774e-01,7.635919092656351381e-02
6.899200000000000000e+04,6.154285167529870426e-01,7.975896866634357707e-02
6.899300000000000000e+04,5.586688617585562344e-01,6.666908453508924026e-02
6.899400000000000000e+04,5.502063293807798461e-01,3.219840117072436669e-02
6.899500000000000000e+04,6.015077662020625882e-01,9.075952219710359259e-04
6.899600000000000000e+04,4.533098823007509770e-01,1.389104737506841047e-02
6.899700000000000000e+04,2.357176946467469669e-01,6.402491134644350268e-02
6.899800000000000000e+04,1.892337778991433628e-01,9.350438122055493295e-02
6.899900000000000000e+04,2.397662239512385884e-01,1.586737206433568304e-01
6.900000000000000000e+04,2.779641088639231428e-01,1.951874811026002021e-01
6.900100000000000000e+04,3.150557096548719516e-01,2.651557953028529369e-01
6.900200000000000000e+04,4.103528112835421737e-01,3.223022732872564688e-01
6.900300000000000000e+04,5.157045471913140888e-01,4.387736377151050249e-01
6.900400000000000000e+04,4.942032450034953839e-01,5.213710411720740012e-01
6.900500000000000000e+04,4.965993858326476218e-01,6.044687091144780311e-01
6.900600000000000000e+04,7.118948884726860049e-01,6.544253439636307235e-01
6.900700000000000000e+04,7.641031799888076126e-01,7.637176051922658360e-01
6.900800000000000000e+04,6.454164088054809012e-01,8.261928070031565596e-01
6.900900000000000000e+04,5.671674330101236228e-01,9.048212402507793684e-01
6.901000000000000000e+04,4.995272211571202825e-01,9.498821731396240864e-01
6.901100000000000000e+04,4.110572413014648707e-01,9.086389485570336433e-01
6.901200000000000000e+04,2.998605716137517363e-01,6.040549367513250445e-01
6.901300000000000000e+04,4.056351838798454290e-01,5.482860234593118776e-01
6.901400000000000000e+04,4.837107440367391376e-01,5.756379745051454222e-01
6.901500000000000000e+04,6.482870081547417174e-01,6.358103253316684800e-01
6.901600000000000000e+04,7.456483692976354494e-01,6.749279360332458566e-01
6.901700000000000000e+04,8.855483752872630454e-01,7.095331893393925782e-01
6.901800000000000000e+04,1.005897101872235133e+00,7.485188514701057727e-01
6.901900000000000000e+04,3.890183031355649024e-01,4.889245557269710218e-01
6.902000000000000000e+04,1.368242811753096755e-01,3.315072265081937530e-01
6.902100000000000000e+04,2.424384010372297726e-02,1.489703541783526930e-02
6.902200000000000000e+04,3.921727612166764354e-02,1.759186087388187048e-02
6.902300000000000000e+04,1.449644143144535220e-02,2.005916021141018746e-02
6.902400000000000000e+04,2.015151484096473766e-02,2.094991391101075351e-02
6.902500000000000000e+04,1.091553721549150778e-02,2.036676032730966313e-02
6.902600000000000000e+04,1.666052570719912113e-02,2.050018593129365740e-02
6.902700000000000000e+04,1.085589739371660770e-02,2.326382529629000828e-02
6.902800000000000000e+04,1.723426521486740026e-02,2.424194157324421894e-02
6.902900000000000000e+04,1.169063144880874011e-02,2.328102987437219440e-02
6.903000000000000000e+04,2.211173908412711678e-02,2.256025816059903377e-02
6.903100000000000000e+04,1.708799408409671094e-02,2.000803148229834960e-02
6.903200000000000000e+04,2.924634409522551895e-02,1.807672510562596813e-02
6.903300000000000000e+04,1.669416386573418717e-02,1.496652401884546180e-02
6.903400000000000000e+04,2.842793421831427830e-02,1.280876049277779316e-02
6.903500000000000000e+04,1.557034442850418511e-02,1.613418627669105376e-02
6.903600000000000000e+04,2.313900421517869899e-02,1.509374885972292191e-02
6.903700000000000000e+04,1.325399528415693168e-02,2.133017897757483183e-02
6.903800000000000000e+04,1.780288487291189353e-02,2.151180372642613747e-02
6.903900000000000000e+04,1.292415465609783772e-02,2.055023098839825479e-02
6.904000000000000000e+04,1.594414709830980353e-02,1.964999744658513237e-02
6.904100000000000000e+04,9.880129838295921910e-03,1.682756897035986299e-02
6.904200000000000000e+04,1.453570304651288433e-02,1.385101740208938281e-02
6.904300000000000000e+04,1.263896537445626314e-02,1.428384112415770346e-02
6.904400000000000000e+04,1.881658831912394469e-02,1.231635538849928935e-02
6.904500000000000000e+04,1.595483930954684840e-02,1.076754404074975469e-02
6.904600000000000000e+04,2.266565657910464895e-02,1.159514805576833396e-02
6.904700000000000000e+04,1.618104033092457317e-02,1.022039864845325496e-02
6.904800000000000000e+04,2.170637714167790791e-02,7.767397942526343968e-03
6.904900000000000000e+04,1.417248330981160133e-02,6.181529799228258071e-03
6.905000000000000000e+04,2.153746731852733062e-02,3.508482263928414113e-03
6.905100000000000000e+04,1.312091972046016894e-02,5.742472953517818723e-03
6.905200000000000000e+04,1.852681225989976505e-02,5.144973051475432158e-03
6.905300000000000000e+04,9.444990001174076791e-03,6.403027077617196028e-03
6.905400000000000000e+04,8.664962593976128710e-03,5.573558388480392978e-03
6.905500000000000000e+04,8.570800635389624542e-03,5.012068014721648979e-03
6.905600000000000000e+04,6.981914403716702085e-03,7.109943146009101156e-03
6.905700000000000000e+04,6.203104220810707475e-03,7.501050800218678205e-03
6.905800000000000000e+04,6.714686802459855601e-03,7.315407395996231799e-03
6.905900000000000000e+04,6.691051200441707446e-03,6.983502406090025261e-03
6.906000000000000000e+04,8.506315092464590208e-03,7.617917547626973374e-03
6.906100000000000000e+04,1.012962289493899749e-02,8.013616027536585307e-03
6.906200000000000000e+04,1.118170548700444036e-02,8.364888632407030400e-03
6.906300000000000000e+04,1.300342570161778545e-02,1.053521258813461259e-02
6.906400000000000000e+04,1.852897971780367858e-02,9.766520237793230308e-03
6.906500000000000000e+04,2.072728257261406692e-02,9.779134581105353163e-03
6.906600000000000000e+04,2.171265112298773753e-02,9.693417421381411714e-03
6.906700000000000000e+04,1.887569008243860855e-02,8.784875756671084446e-03
6.906800000000000000e+04,2.583160989999763735e-02,8.250314889981069655e-03
6.906900000000000000e+04,2.950577271876063390e-02,8.786829939765539166e-03
6.907000000000000000e+04,2.757522182769276894e-02,1.098057686352049700e-02
6.907100000000000000e+04,2.025790380508082564e-02,1.298380095817819324e-02
6.907200000000000000e+04,1.820226553299346059e-02,1.143450937921031141e-02
6.907300000000000000e+04,1.164972678245733938e-02,7.910288562925416045e-03
6.907400000000000000e+04,1.669390179309795594e-02,8.907622720712993214e-03
6.907500000000000000e+04,1.926840956287756423e-02,1.272994206653521587e-02
6.907600000000000000e+04,1.697560206996183430e-02,1.224275836851873578e-02
6.907700000000000000e+04,1.910187178178652037e-02,1.282231716667325827e-02
6.907800000000000000e+04,2.771686066642752022e-02,1.640554950240158405e-02
6.907900000000000000e+04,1.712586485453400365e-02,1.557085318904327664e-02
6.908000000000000000e+04,1.383574533769154832e-02,1.275514488352413878e-02
6.908100000000000000e+04,4.477933679422129581e-03,8.622712021093548174e-03
6.908200000000000000e+04,8.538556273957059392e-03,7.998286352549399680e-03
6.908300000000000000e+04,1.044666291521511789e-02,7.452014585258126544e-03
6.908400000000000000e+04,5.747498096958012642e-02,5.412504185926536593e-03
6.908500000000000000e+04,3.696278654962368952e-03,1.051421580082845253e-02
6.908600000000000000e+04,3.490324885415470486e-03,1.569516984134011750e-02
6.908700000000000000e+04,5.043144187138103030e-02,1.172164965888811139e-02
6.908800000000000000e+04,1.443750971040177189e-01,1.795897549136782345e-02
6.908900000000000000e+04,4.885170190521083422e-02,1.866978524503437598e-02
6.909000000000000000e+04,9.183524114470863198e-02,2.057669639689763130e-02
6.909100000000000000e+04,1.730673870404856804e-02,1.546220812801735178e-02
6.909200000000000000e+04,2.136252556009386044e-02,1.786672945663880796e-02
6.909300000000000000e+04,1.645723406147427820e-02,9.539008857988307000e-03
6.909400000000000000e+04,4.456270487470167380e-02,9.171636371505087482e-03
6.909500000000000000e+04,1.939908072272329698e-02,6.867772416217832188e-03
6.909600000000000000e+04,5.945466979669319224e-02,1.184205731411225315e-02
6.909700000000000000e+04,8.521884397691775748e-03,5.212172882327337220e-03
6.909800000000000000e+04,2.473297922852944752e-02,3.903181380561449032e-03
6.909900000000000000e+04,7.227923290299015542e-03,1.510511954602478113e-02
6.910000000000000000e+04,1.527382519545502151e-02,2.092157436160846373e-02
6.910100000000000000e+04,3.510162154969018178e-02,1.795466686136393264e-03
6.910200000000000000e+04,1.285998082950741417e-01,1.016784054889185995e-02
6.910300000000000000e+04,1.473817003758015262e-02,1.262767614475279743e-02
6.910400000000000000e+04,3.871032737459402517e-02,1.372127266425238190e-02
6.910500000000000000e+04,1.201870379421740749e-02,2.193432261725192234e-02
6.910600000000000000e+04,3.794033936796356588e-02,8.717201982097577684e-03
6.910700000000000000e+04,1.419153120885713673e-02,1.650179489380221298e-02
6.910800000000000000e+04,5.428202248970748212e-02,1.595680723067260942e-02
6.910900000000000000e+04,1.692953042877140893e-02,1.510684073518220316e-02
6.911000000000000000e+04,4.676818401523659408e-02,2.250168681618447408e-02
6.911100000000000000e+04,3.237220127321607105e-02,2.245668589656446557e-02
6.911200000000000000e+04,7.752531425680765642e-02,2.700428373934826709e-02
6.911300000000000000e+04,2.780253849959234830e-02,1.907765770184610687e-02
6.911400000000000000e+04,6.478161724297500090e-02,2.872813817797137403e-02
6.911500000000000000e+04,5.430941372910300796e-02,1.914566471051415419e-02
6.911600000000000000e+04,9.203591733727803370e-02,9.572049207857702413e-03
6.911700000000000000e+04,3.129193479599105127e-02,8.273660692161399766e-03
6.911800000000000000e+04,1.029256385932803552e-01,5.651342662357450308e-03
6.911900000000000000e+04,1.627377640982102455e-02,1.352396232003982846e-02
6.912000000000000000e+04,7.353376174863234145e-03,8.093011727726917570e-03
6.912100000000000000e+04,1.196447002974712348e-01,4.293289011492618101e-03
6.912200000000000000e+04,2.702216704117691437e-01,7.940053248603362590e-03
6.912300000000000000e+04,1.580764921169800774e-01,1.609401934292264968e-02
6.912400000000000000e+04,2.022843042681148618e-01,3.171804892792096098e-02
6.912500000000000000e+04,1.110063009992709460e-01,6.058073143983122577e-02
6.912600000000000000e+04,8.934236062344268203e-02,5.927602495428629936e-02
6.912700000000000000e+04,9.345292469191244719e-03,2.517979524976965422e-02
6.912800000000000000e+04,2.028877641004227933e-02,1.583207177505840946e-02
6.912900000000000000e+04,2.119391559220231910e-02,1.694177476768388146e-02
6.913000000000000000e+04,3.592378289052953338e-02,2.135353672064610464e-02
6.913100000000000000e+04,1.703283488017175162e-02,1.308880850744742474e-02
6.913200000000000000e+04,4.037183679291369426e-02,3.030855243233787633e-02
6.913300000000000000e+04,2.144036054751577783e-02,1.042695259969406152e-02
6.913400000000000000e+04,6.529855165216215396e-02,1.236869925159211903e-02
6.913500000000000000e+04,2.184250746611329785e-02,1.252448452430243719e-02
6.913600000000000000e+04,7.682880641068633165e-02,1.492807862754830239e-02
6.913700000000000000e+04,2.049862444733767039e-02,2.365870333004238546e-02
6.913800000000000000e+04,5.477040442551368848e-02,2.673729096268928629e-02
6.913900000000000000e+04,1.639766074661454590e-02,2.664852547686891171e-02
6.914000000000000000e+04,6.043155344653584199e-02,2.833047162473079084e-02
6.914100000000000000e+04,2.049419831937243641e-02,3.622471736984422819e-02
6.914200000000000000e+04,6.462050384341837261e-02,3.895819225391861096e-02
6.914300000000000000e+04,5.572197908305959874e-02,2.874387551749180147e-02
6.914400000000000000e+04,9.170423930900548082e-02,2.819155647481963456e-02
6.914500000000000000e+04,3.161774610226009141e-02,1.235991664140456692e-02
6.914600000000000000e+04,5.591823317380527347e-02,7.415007840606335776e-03
6.914700000000000000e+04,1.570109512496586923e-02,1.990452893627647768e-02
6.914800000000000000e+04,1.548335602429100344e-02,2.006664560954973808e-02
6.914900000000000000e+04,8.435693287109762364e-03,2.280591520246844084e-02
6.915000000000000000e+04,2.956120465423804980e-02,2.939714518763381079e-02
6.915100000000000000e+04,1.013877529836271565e-02,3.210407158417538653e-02
6.915200000000000000e+04,3.805423555574306144e-02,4.032840321477948464e-02
6.915300000000000000e+04,1.325777920557464490e-02,3.517499958584124897e-02
6.915400000000000000e+04,3.882625790923677905e-02,4.229377353284036190e-02
6.915500000000000000e+04,5.781972822323172903e-03,3.363225440939388022e-02
6.915600000000000000e+04,1.857459228847214983e-02,3.805685176071094133e-02
6.915700000000000000e+04,8.217919978535945594e-03,2.304135146253472044e-02
6.915800000000000000e+04,6.808637418195815846e-03,2.218052897693212344e-02
6.915900000000000000e+04,6.612940139528408236e-03,1.253557216208989189e-02
6.916000000000000000e+04,5.880780027004440733e-03,1.306462550737563788e-02
6.916100000000000000e+04,8.089090019308612170e-03,1.815901315986323539e-02
6.916200000000000000e+04,4.978372115291126998e-02,1.985089853283028560e-02
6.916300000000000000e+04,9.989637687561012461e-03,2.136854021228629108e-02
6.916400000000000000e+04,2.112099163145685424e-02,3.509383438995428151e-02
6.916500000000000000e+04,9.568069799418491700e-03,2.569775023174258877e-02
6.916600000000000000e+04,1.089510336933323560e-02,3.648880428737655279e-02
6.916700000000000000e+04,8.156071803943627796e-03,1.115177369896969140e-02
6.916800000000000000e+04,1.589445565917070244e-02,1.492772598353653279e-02
6.916900000000000000e+04,1.437826524342214127e-02,2.301280078625467240e-02
6.917000000000000000e+04,4.919419158369712358e-02,2.152932218559655553e-02
6.917100000000000000e+04,3.088801797648823080e-02,2.796886496758332896e-02
6.917200000000000000e+04,7.568501176385121487e-02,3.805930067715479481e-02
6.917300000000000000e+04,5.208227481358587707e-03,3.048618180540429989e-02
6.917400000000000000e+04,2.070640317150914886e-02,3.599949131984203632e-02
6.917500000000000000e+04,1.590096600019334783e-02,2.448725566947729249e-02
6.917600000000000000e+04,4.112074590431753079e-02,3.131880253214447407e-02
6.917700000000000000e+04,1.809745379559601908e-02,2.135502470845551670e-02
6.917800000000000000e+04,2.757621974981195462e-02,3.210669585082825961e-02
6.917900000000000000e+04,1.068656460232278969e-02,4.056831424243156903e-02
6.918000000000000000e+04,6.703869915514719911e-03,4.592487619790475151e-02
6.918100000000000000e+04,1.944113297169929033e-02,4.114707477594947704e-02
6.918200000000000000e+04,3.614844650066283138e-02,4.369218026157639656e-02
6.918300000000000000e+04,3.525266240199893819e-02,4.744773956679892990e-02
6.918400000000000000e+04,1.563178865109614291e-02,2.604975293736089270e-02
6.918500000000000000e+04,2.596013419635211442e-02,1.795364534937604617e-02
6.918600000000000000e+04,5.985297599590818501e-02,1.646952377026522640e-02
6.918700000000000000e+04,1.713626950291033055e-02,3.324781703511092701e-02
6.918800000000000000e+04,1.196131977491906098e-02,3.848948960545328646e-02
6.918900000000000000e+04,3.639947568939369549e-02,2.782514420526283061e-02
6.919000000000000000e+04,1.088198437345301167e-01,3.579907152713701635e-02
6.919100000000000000e+04,6.060202956381059713e-02,4.375188778312377735e-02
6.919200000000000000e+04,7.366110467826611496e-02,4.133803133809266228e-02
6.919300000000000000e+04,3.926629516243194951e-02,4.076651409783593749e-02
6.919400000000000000e+04,8.954624961262291905e-02,4.303567408882358336e-02
6.919500000000000000e+04,3.663596495058396574e-02,3.386150836303869482e-02
6.919600000000000000e+04,6.629257202439031715e-02,3.265135996796786344e-02
6.919700000000000000e+04,6.100457200785312784e-02,4.393354811212191180e-02
6.919800000000000000e+04,9.093226500837446602e-02,5.037220830687516582e-02
6.919900000000000000e+04,1.151089064493288489e-01,6.536658856212440583e-02
6.920000000000000000e+04,1.790071194200025528e-01,8.759020037071607589e-02
6.920100000000000000e+04,2.108379167026294965e-01,1.264937784966875256e-01
6.920200000000000000e+04,2.630058767400035302e-01,1.719635804810195623e-01
6.920300000000000000e+04,4.392865662221505096e-01,2.655446412479776086e-01
6.920400000000000000e+04,6.045855419701188227e-01,3.815555536173391715e-01
6.920500000000000000e+04,9.463373635673800743e-01,4.906350697453412124e-01
6.920600000000000000e+04,1.111212323222404930e+00,4.981331697854436413e-01
6.920700000000000000e+04,1.352954180315364630e+00,6.063342653687797679e-01
6.920800000000000000e+04,1.543511285558490265e+00,6.922814509470107680e-01
6.920900000000000000e+04,1.838240111901396245e+00,8.125129130717638759e-01
6.921000000000000000e+04,2.024036243971341520e+00,8.765609268670395693e-01
6.921100000000000000e+04,2.349352068934288607e+00,9.992736846115803928e-01
6.921200000000000000e+04,2.527668265972256023e+00,1.003080740715621033e+00
6.921300000000000000e+04,2.942774135381843070e+00,1.046963626875626829e+00
6.921400000000000000e+04,3.193995234760157231e+00,1.092480649399476533e+00
6.921500000000000000e+04,3.638364050583449583e+00,1.225703898205797060e+00
6.921600000000000000e+04,3.984031473618879993e+00,1.282443424966150047e+00
6.921700000000000000e+04,4.378514153072815773e+00,1.405134133663995755e+00
6.921800000000000000e+04,4.735196910175275775e+00,1.504460383393322331e+00
6.921900000000000000e+04,5.233792644831099850e+00,1.615213461440745846e+00
6.922000000000000000e+04,5.607651185582336772e+00,1.685573805512319723e+00
6.922100000000000000e+04,6.193928295235651582e+00,1.835613578271182433e+00
6.922200000000000000e+04,6.574219593623696234e+00,1.928122917948556392e+00
6.922300000000000000e+04,7.204540869913727441e+00,2.058533589378182427e+00
6.922400000000000000e+04,7.610005516559097849e+00,2.150710871523063616e+00
6.922500000000000000e+04,8.155962919330475458e+00,2.282686996300991922e+00
6.922600000000000000e+04,8.641765347400930608e+00,2.370804253209065848e+00
6.922700000000000000e+04,9.320343324895693726e+00,2.472444718150036636e+00
6.922800000000000000e+04,9.729571149436239352e+00,2.486764344069442245e+00
6.922900000000000000e+04,9.809063869512382183e+00,2.440837027398085723e+00
6.923000000000000000e+04,1.033650249884299832e+01,2.577622630850381569e+00
6.923100000000000000e+04,1.106178124051111311e+01,2.621166838602309923e+00
6.923200000000000000e+04,1.151729065595266199e+01,2.698360446554953995e+00
6.923300000000000000e+04,1.205030465756897229e+01,2.798084108165657113e+00
6.923400000000000000e+04,1.275518250977614976e+01,2.604490120784010543e+00
6.923500000000000000e+04,1.360496075286551232e+01,2.208070669127145891e+00
6.923600000000000000e+04,1.366891974841820989e+01,2.059993543171458441e+00
6.923700000000000000e+04,1.349598327854354274e+01,1.830688613404753085e+00
6.923800000000000000e+04,1.406388831987731258e+01,1.835649832541424331e+00
6.923900000000000000e+04,1.491283880923736227e+01,1.860575353938148879e+00
6.924000000000000000e+04,1.557432651725343220e+01,1.835199120064931577e+00
6.924100000000000000e+04,1.672341680854594870e+01,1.808844369785543194e+00
6.924200000000000000e+04,1.737652710501374997e+01,1.792191714603767139e+00
6.924300000000000000e+04,1.835903004621742696e+01,1.748319981617125762e+00
6.924400000000000000e+04,1.907948067173421691e+01,1.705487096474623598e+00
6.924500000000000000e+04,1.998636096928484207e+01,1.619614626716270323e+00
6.924600000000000000e+04,2.070209025092968247e+01,1.609259324533628188e+00
6.924700000000000000e+04,2.173956209200363077e+01,1.547968985588390467e+00
6.924800000000000000e+04,2.248198075561924369e+01,1.505032202182739809e+00
6.924900000000000000e+04,2.340747648912230616e+01,1.509723388770055408e+00
6.925000000000000000e+04,2.420183110685570682e+01,1.464125969256702575e+00
6.925100000000000000e+04,2.542679465541066364e+01,1.393568899163067698e+00
6.925200000000000000e+04,2.618053398632476814e+01,1.304676110102903408e+00
6.925300000000000000e+04,2.722476630800513320e+01,1.224210235032469285e+00
6.925400000000000000e+04,2.775014902548574725e+01,1.202468439109008358e+00
6.925500000000000000e+04,2.908917548006227705e+01,1.135406327591656606e+00
6.925600000000000000e+04,3.018006356491520137e+01,1.151092532185931105e+00
6.925700000000000000e+04,nan,nan
6.925800000000000000e+04,nan,nan
6.925900000000000000e+04,nan,nan
6.926000000000000000e+04,1.418924186307417568e+00,2.197227714374641039e-01
6.926100000000000000e+04,2.016665669223348945e-01,7.869583731888951661e-03
6.926200000000000000e+04,1.636600146459865623e-01,3.644257086539326451e-02
6.926300000000000000e+04,1.720075770586977915e-01,1.477710852849796197e-01
6.926400000000000000e+04,1.689829475196379382e-01,1.790516823861842965e-01
6.926500000000000000e+04,1.081102121849277231e-01,6.153445402696533506e-02
6.926600000000000000e+04,1.201595208155153832e-01,8.798519108576385861e-02
6.926700000000000000e+04,9.263380691731228078e-02,5.378994525951696914e-03
6.926800000000000000e+04,1.049142013423952913e-01,8.697400616277661811e-04
6.926900000000000000e+04,4.698696595910193535e-02,3.749882973099616379e-02
6.927000000000000000e+04,1.114918770802485193e-01,5.705390613326599691e-02
6.927100000000000000e+04,2.517281900789526405e-01,9.925160369797580984e-02
6.927200000000000000e+04,3.222132564985602521e-01,1.270859842186133903e-01
6.927300000000000000e+04,1.108307505972818685e+00,2.791760681889776663e-01
6.927400000000000000e+04,8.023084796952940634e-01,2.259830849272184139e-01
6.927500000000000000e+04,5.307148223523776576e-01,1.970770290888026466e-01
6.927600000000000000e+04,2.325037459219726765e-01,1.360968044815464850e-01
6.927700000000000000e+04,8.050997608541549111e-02,2.591684961097584505e-02
6.927800000000000000e+04,8.559592176092152560e-02,3.189697353542797487e-02
6.927900000000000000e+04,2.803915920499477910e-02,7.112805395227184135e-03
6.928000000000000000e+04,2.763977297513473333e-02,1.313972991731304774e-03
6.928100000000000000e+04,2.615754761665071287e-02,8.637581687093387472e-03
6.928200000000000000e+04,2.401098571503381893e-02,2.001180184991468991e-02
6.928300000000000000e+04,5.302289695975051509e-02,3.972906458287184250e-02
6.928400000000000000e+04,3.028354957241025797e-02,2.553019297267766774e-02
6.928500000000000000e+04,3.590814933833352818e-02,3.235318142035836786e-02
6.928600000000000000e+04,3.592667597832181064e-02,3.122020337019293379e-02
6.928700000000000000e+04,2.318267329835495272e-02,2.344092599246394570e-02
6.928800000000000000e+04,2.946186588514140142e-02,9.003762757441080566e-03
6.928900000000000000e+04,8.218010000208149368e-02,8.524088036521604295e-03
6.929000000000000000e+04,7.075493957864970040e-02,3.463233556928457801e-04
6.929100000000000000e+04,1.370808568363207913e-01,1.415351651513674369e-02
6.929200000000000000e+04,8.946149953945584099e-02,4.197481940217073770e-03
6.929300000000000000e+04,8.786337596196724942e-02,2.968385505033310778e-03
6.929400000000000000e+04,4.627200193752272622e-02,9.187875822538771331e-03
6.929500000000000000e+04,9.947396996795437873e-02,6.025866828537118636e-03
6.929600000000000000e+04,7.309595766934529060e-02,2.226910460599640373e-03
6.929700000000000000e+04,1.883480792084345212e-01,2.415957049276329371e-02
6.929800000000000000e+04,1.249011411198477084e-01,1.862958153762761526e-02
6.929900000000000000e+04,2.329083058889361846e-01,2.277738584556132651e-02
6.930000000000000000e+04,1.941589702122496486e-01,2.181914404108731276e-02
6.930100000000000000e+04,2.009041077232615324e-01,3.456992820974669200e-02
6.930200000000000000e+04,9.239397399473903150e-02,3.993908730044282152e-02
6.930300000000000000e+04,5.429584569053335502e-02,4.810679654318406051e-02
6.930400000000000000e+04,2.950215960678607627e-02,5.040705369326659024e-02
6.930500000000000000e+04,3.473002990362131920e-02,5.133041065442434103e-02
6.930600000000000000e+04,4.889090354096461283e-02,4.294626189958883344e-02
6.930700000000000000e+04,8.377262157182534252e-02,2.983270767064283291e-02
6.930800000000000000e+04,7.625584394483862771e-02,4.673085934109799666e-02
6.930900000000000000e+04,7.280577602212780219e-02,5.369147426317510963e-02
6.931000000000000000e+04,4.649998745217466534e-02,4.565611905694133554e-02
6.931100000000000000e+04,5.702934357292317041e-02,5.100277632086047674e-02
6.931200000000000000e+04,2.589234473263863495e-02,4.234485623557660006e-02
6.931300000000000000e+04,1.522497370316558928e-02,2.628437915171843997e-02
6.931400000000000000e+04,3.782179232245770021e-03,2.211102774021789230e-02
6.931500000000000000e+04,1.388951578996858172e-02,1.910569146100904447e-02
6.931600000000000000e+04,9.849318668388232917e-03,1.675577499615776844e-02
6.931700000000000000e+04,2.442825222425225665e-02,1.043619535641582274e-02
6.931800000000000000e+04,2.221765925851058171e-02,7.848805615141785097e-03
6.931900000000000000e+04,3.527379970594360370e-02,1.730390452207863916e-02
6.932000000000000000e+04,3.862538939408674543e-02,1.846485360438698820e-02
6.932100000000000000e+04,2.989515703186854112e-02,1.903391380855090631e-02
6.932200000000000000e+04,3.316817389102177244e-02,8.351709505239668374e-03
6.932300000000000000e+04,5.006877775148160098e-02,9.859106742519330169e-03
6.932400000000000000e+04,1.836338174910729509e-02,1.413552971086495802e-02
6.932500000000000000e+04,3.109680816881753990e-02,8.474279911567350609e-03
6.932600000000000000e+04,2.893552474978372362e-03,6.538240180779197885e-03
6.932700000000000000e+04,2.535870102113046282e-02,1.116131912683115956e-02
6.932800000000000000e+04,3.010943057023334618e-02,1.099205302542038964e-02
6.932900000000000000e+04,5.475066160126243475e-02,6.589539509718633781e-03
6.933000000000000000e+04,4.515421245407514467e-02,1.519550089783727742e-02
6.933100000000000000e+04,1.958503097526263087e-02,9.427058149872991066e-03
6.933200000000000000e+04,1.788956841592081667e-02,1.786809185887250351e-02
6.933300000000000000e+04,2.320443893422727277e-02,2.573158128785024701e-02
6.933400000000000000e+04,1.734995154845870788e-02,2.693280845549672620e-02
6.933500000000000000e+04,8.887199628089226255e-02,4.538397609479716266e-02
6.933600000000000000e+04,2.696769911493694660e-02,5.987462302708657091e-02
6.933700000000000000e+04,4.497370993564468733e-02,2.540933331991546140e-02
6.933800000000000000e+04,2.272539991466767523e-02,1.510836665052472938e-02
6.933900000000000000e+04,6.674543144867707556e-02,1.016264989980797395e-02
6.934000000000000000e+04,3.467151349744213018e-02,5.966193724583845892e-03
6.934100000000000000e+04,2.604838767325652615e-03,1.811002718203802431e-02
6.934200000000000000e+04,1.401324197857836337e-02,1.775601633697654336e-02
6.934300000000000000e+04,7.306794373560478693e-03,2.041427116672522857e-02
6.934400000000000000e+04,1.369924165753118664e-02,2.082846664642623580e-02
6.934500000000000000e+04,4.435456748129597282e-03,2.732708809844375253e-02
6.934600000000000000e+04,7.568737328096186365e-03,2.995029872214338695e-02
6.934700000000000000e+04,2.505549829205874681e-03,2.933330367015685169e-02
6.934800000000000000e+04,2.660953949015827918e-03,2.834613467776314621e-02
6.934900000000000000e+04,4.421676618762085224e-03,3.336398766682613370e-02
6.935000000000000000e+04,7.258484248262101791e-03,3.816951624143527511e-02
6.935100000000000000e+04,1.278549223754131547e-02,4.692237271119381603e-02
6.935200000000000000e+04,2.152293808181049428e-02,5.392395332592414547e-02
6.935300000000000000e+04,1.050248377352264867e-01,4.423609322208044148e-02
6.935400000000000000e+04,5.934555352029513564e-02,5.125890492013773780e-02
6.935500000000000000e+04,1.180241432997835987e-01,3.343080823883859409e-02
6.935600000000000000e+04,6.845610494504712762e-02,3.870768843400718140e-02
6.935700000000000000e+04,9.668907385529681986e-02,9.515468036752849912e-03
6.935800000000000000e+04,4.569003905237984525e-02,1.156330908605163188e-02
6.935900000000000000e+04,5.670729369931235692e-02,1.390662603744097225e-02
6.936000000000000000e+04,1.012851796613855292e-02,1.717471725422470286e-02
6.936100000000000000e+04,4.477731145082851361e-02,2.091339360684507653e-02
6.936200000000000000e+04,1.383048236915550115e-02,1.862404399831518731e-02
6.936300000000000000e+04,5.556028167097912078e-03,7.087450618302071348e-03
6.936400000000000000e+04,1.817925051233741304e-02,2.421199003545204675e-03
6.936500000000000000e+04,4.387994921949531571e-03,5.008078690880601869e-03
6.936600000000000000e+04,1.358559770055448382e-02,6.527520634421080103e-03
6.936700000000000000e+04,4.401657963598406414e-02,1.684268708482861143e-02
6.936800000000000000e+04,4.732355741855896053e-02,2.645746602470655517e-02
6.936900000000000000e+04,5.432835872555407536e-02,3.492414562377010867e-02
6.937000000000000000e+04,5.826996780934165510e-02,4.237093499376420880e-02
6.937100000000000000e+04,5.004325402003253348e-02,2.823759525161184669e-02
6.937200000000000000e+04,1.585983998860650279e-02,2.733238970027818127e-02
6.937300000000000000e+04,1.487049585501658833e-01,7.750006123697250615e-03
6.937400000000000000e+04,9.245472096326813605e-02,8.579445302127508555e-03
6.937500000000000000e+04,1.243364199472037218e-01,2.128306085325659680e-03
6.937600000000000000e+04,9.825808023709738104e-02,2.778635123017902941e-03
6.937700000000000000e+04,1.839527883206183434e-01,7.589176559148813617e-03
6.937800000000000000e+04,1.063690175375771735e-01,2.180591058652858738e-02
6.937900000000000000e+04,9.033489981063758112e-02,1.852479959501387996e-02
6.938000000000000000e+04,7.960660643746644838e-02,2.553253235029290247e-02
6.938100000000000000e+04,5.681514487653742396e-02,2.557375175910270304e-02
6.938200000000000000e+04,8.882378980106181432e-02,3.042828635590399955e-02
6.938300000000000000e+04,2.135958555998886677e-01,2.832204543589389445e-02
6.938400000000000000e+04,1.677638478805179578e-01,2.704820909717642330e-02
6.938500000000000000e+04,8.818387781020771421e-02,8.071858777424223419e-03
6.938600000000000000e+04,4.173386487534396644e-02,6.531171441816807643e-03
6.938700000000000000e+04,1.059497207272354531e-02,2.576122134472447200e-03
6.938800000000000000e+04,6.152152604390315888e-02,1.248958317850168420e-02
6.938900000000000000e+04,9.369418848911810482e-02,1.449501386520291035e-02
6.939000000000000000e+04,1.317781422359859123e-01,9.499918112223060263e-03
6.939100000000000000e+04,1.021886641329180917e-01,2.558960796761577949e-02
6.939200000000000000e+04,3.477422181386873035e-02,4.564882503552247783e-03
6.939300000000000000e+04,4.517750423722337316e-02,4.467509130165803199e-03
6.939400000000000000e+04,1.500477481059893196e-02,1.406662871651437330e-02
6.939500000000000000e+04,3.843112027832226024e-02,9.904039702540223811e-03
6.939600000000000000e+04,2.107567290007299199e-02,1.281049384966978510e-02
6.939700000000000000e+04,6.340813168423271862e-02,1.152546873827203083e-02
6.939800000000000000e+04,6.274405749640339647e-02,1.651827680578783070e-02
6.939900000000000000e+04,2.662919597409150324e-02,2.590887013330235231e-02
6.940000000000000000e+04,7.545300857940287487e-02,2.937126655293005595e-02
6.940100000000000000e+04,3.686659731525303296e-02,1.130793312654573834e-02
6.940200000000000000e+04,6.200376602742239951e-02,1.300473274106678928e-02
6.940300000000000000e+04,2.905510834664331438e-02,1.030391090502474905e-02
6.940400000000000000e+04,2.266514207924408275e-02,9.218311958657618432e-03
6.940500000000000000e+04,2.020801093568443813e-02,4.879819769925901329e-03
6.940600000000000000e+04,3.073925946984634727e-02,2.464620859684109322e-03
6.940700000000000000e+04,1.467156884180048117e-02,2.557577035630149986e-03
6.940800000000000000e+04,8.932440243506771863e-03,3.923977742533439617e-03
6.940900000000000000e+04,6.114291875538129840e-03,6.444142044123107871e-03
6.941000000000000000e+04,1.198285326934899614e-02,7.282541366906647440e-03
6.941100000000000000e+04,5.098408697537299208e-03,9.183388649703465301e-03
6.941200000000000000e+04,3.293229004682981381e-03,1.064658897006919014e-02
6.941300000000000000e+04,4.503119466057014034e-03,8.091421374189278204e-03
6.941400000000000000e+04,5.370301814767839202e-03,6.725020767950833089e-03
6.941500000000000000e+04,7.158058509377505582e-03,9.367109331705335273e-03
6.941600000000000000e+04,9.510146291877687522e-03,1.113510990273424567e-02
6.941700000000000000e+04,1.026781493899485594e-02,9.685853668556496099e-03
6.941800000000000000e+04,1.105058904185674505e-02,7.341054561166446280e-03
6.941900000000000000e+04,1.485144311036001516e-02,4.406060806198951185e-03
