utc_sec,lat_deg,lon_deg,h_ell,quality,qw,qx,qy,qz
65382.000,30.286660415,-97.727417852,158.7140,5,1.000000,0.000000,0.000000,0.000000
65383.000,30.286660200,-97.727417738,158.7260,5,1.000000,0.000000,0.000000,0.000000
65384.000,30.286660588,-97.727418402,158.4740,4,1.000000,0.000000,0.000000,0.000000
65385.000,30.286660568,-97.727418462,158.4530,5,1.000000,0.000000,0.000000,0.000000
65386.000,30.286660582,-97.727418480,158.4480,4,1.000000,0.000000,0.000000,0.000000
65387.000,30.286660560,-97.727418477,158.4450,4,1.000000,0.000000,0.000000,0.000000
65388.000,30.286660548,-97.727418478,158.4430,4,1.000000,0.000000,0.000000,0.000000
65389.000,30.286660558,-97.727418500,158.4490,4,1.000000,0.000000,0.000000,0.000000
65390.000,30.286660565,-97.727418500,158.4490,4,1.000000,0.000000,0.000000,0.000000
65391.000,30.286660552,-97.727418498,158.4460,4,1.000000,0.000000,0.000000,0.000000
65392.000,30.286660545,-97.727418487,158.4410,4,1.000000,0.000000,0.000000,0.000000
65393.000,30.286660558,-97.727418490,158.4440,4,1.000000,0.000000,0.000000,0.000000
65394.000,30.286660548,-97.727418505,158.4470,4,1.000000,0.000000,0.000000,0.000000
65395.000,30.286660562,-97.727418492,158.4410,4,1.000000,0.000000,0.000000,0.000000
65396.000,30.286660480,-97.727418698,158.4380,4,1.000000,0.000000,0.000000,0.000000
65397.000,30.286659220,-97.727421912,158.4360,4,1.000000,0.000000,0.000000,0.000000
65398.000,30.286656027,-97.727430142,158.4110,4,1.000000,0.000000,0.000000,0.000000
65399.000,30.286651068,-97.727443003,158.3660,4,1.000000,0.000000,0.000000,0.000000
65400.000,30.286644478,-97.727459813,158.3020,4,1.000000,0.000000,0.000000,0.000000
65401.000,30.286636433,-97.727479395,158.2280,4,1.000000,0.000000,0.000000,0.000000
65402.000,30.286626273,-97.727499668,158.1600,4,1.000000,0.000000,0.000000,0.000000
65403.000,30.286612705,-97.727519058,158.0550,4,1.000000,0.000000,0.000000,0.000000
65404.000,30.286592120,-97.727538103,157.9960,4,1.000000,0.000000,0.000000,0.000000
65405.000,30.286561105,-97.727555798,157.8750,4,1.000000,0.000000,0.000000,0.000000
65406.000,30.286524380,-97.727569072,157.7700,4,1.000000,0.000000,0.000000,0.000000
65407.000,30.286485942,-97.727580270,157.6790,4,1.000000,0.000000,0.000000,0.000000
65408.000,30.286451492,-97.727588598,157.5920,4,1.000000,0.000000,0.000000,0.000000
65409.000,30.286427422,-97.727590230,157.5390,4,1.000000,0.000000,0.000000,0.000000
65410.000,30.286407490,-97.727583770,157.5650,4,1.000000,0.000000,0.000000,0.000000
65411.000,30.286388427,-97.727565853,157.6320,4,1.000000,0.000000,0.000000,0.000000
65412.000,30.286372540,-97.727532210,157.7430,4,1.000000,0.000000,0.000000,0.000000
65413.000,30.286360997,-97.727488620,157.8970,4,1.000000,0.000000,0.000000,0.000000
65414.000,30.286351452,-97.727443997,158.0710,4,1.000000,0.000000,0.000000,0.000000
65415.000,30.286344610,-97.727404000,158.2310,4,1.000000,0.000000,0.000000,0.000000
65416.000,30.286343670,-97.727366753,158.4100,4,1.000000,0.000000,0.000000,0.000000
65417.000,30.286353725,-97.727332695,158.5480,4,1.000000,0.000000,0.000000,0.000000
65418.000,30.286377937,-97.727307335,158.6690,4,1.000000,0.000000,0.000000,0.000000
65419.000,30.286416058,-97.727295345,158.7880,4,1.000000,0.000000,0.000000,0.000000
65420.000,30.286459802,-97.727289597,158.8460,4,1.000000,0.000000,0.000000,0.000000
65421.000,30.286503942,-97.727280723,158.9520,4,1.000000,0.000000,0.000000,0.000000
65422.000,30.286542817,-97.727263768,159.0520,4,1.000000,0.000000,0.000000,0.000000
65423.000,30.286571020,-97.727236417,159.2180,4,1.000000,0.000000,0.000000,0.000000
65424.000,30.286586508,-97.727203398,159.4510,4,1.000000,0.000000,0.000000,0.000000
65425.000,30.286591707,-97.727170972,159.6780,4,1.000000,0.000000,0.000000,0.000000
65426.000,30.286589875,-97.727142393,159.8740,4,1.000000,0.000000,0.000000,0.000000
65427.000,30.286586857,-97.727121057,160.0270,4,1.000000,0.000000,0.000000,0.000000
65428.000,30.286584407,-97.727104800,160.1100,4,1.000000,0.000000,0.000000,0.000000
65429.000,30.286582855,-97.727094075,160.1420,4,1.000000,0.000000,0.000000,0.000000
65430.000,30.286582505,-97.727092192,160.1340,4,1.000000,0.000000,0.000000,0.000000
65431.000,30.286582508,-97.727092197,160.1310,4,1.000000,0.000000,0.000000,0.000000
65432.000,30.286582175,-97.727090188,160.1210,4,1.000000,0.000000,0.000000,0.000000
65433.000,30.286580315,-97.727078643,160.0800,4,1.000000,0.000000,0.000000,0.000000
65434.000,30.286577608,-97.727057502,160.0430,4,1.000000,0.000000,0.000000,0.000000
65435.000,30.286577552,-97.727031083,160.0470,4,1.000000,0.000000,0.000000,0.000000
65436.000,30.286583845,-97.727004367,160.0620,4,1.000000,0.000000,0.000000,0.000000
65437.000,30.286601427,-97.726975872,160.0030,4,1.000000,0.000000,0.000000,0.000000
65438.000,30.286630067,-97.726954303,159.9190,4,1.000000,0.000000,0.000000,0.000000
65439.000,30.286667423,-97.726940602,159.7780,4,1.000000,0.000000,0.000000,0.000000
65440.000,30.286709055,-97.726929327,159.6100,4,1.000000,0.000000,0.000000,0.000000
65441.000,30.286750823,-97.726917703,159.4080,4,1.000000,0.000000,0.000000,0.000000
65442.000,30.286790212,-97.726906040,159.2450,4,1.000000,0.000000,0.000000,0.000000
65443.000,30.286824433,-97.726895295,159.0060,4,1.000000,0.000000,0.000000,0.000000
65444.000,30.286853943,-97.726885375,158.8940,4,1.000000,0.000000,0.000000,0.000000
65445.000,30.286877432,-97.726877867,158.7630,4,1.000000,0.000000,0.000000,0.000000
65446.000,30.286896030,-97.726872168,158.6720,4,1.000000,0.000000,0.000000,0.000000
65447.000,30.286910375,-97.726868028,158.5810,4,1.000000,0.000000,0.000000,0.000000
65448.000,30.286916940,-97.726865987,158.5450,4,1.000000,0.000000,0.000000,0.000000
65449.000,30.286917442,-97.726865855,158.5440,4,1.000000,0.000000,0.000000,0.000000
65450.000,30.286917440,-97.726865867,158.5420,4,1.000000,0.000000,0.000000,0.000000
65451.000,30.286917448,-97.726865875,158.5400,4,1.000000,0.000000,0.000000,0.000000
65452.000,30.286917457,-97.726865870,158.5410,4,1.000000,0.000000,0.000000,0.000000
65453.000,30.286917457,-97.726865852,158.5360,4,1.000000,0.000000,0.000000,0.000000
65454.000,30.286917455,-97.726865848,158.5390,4,1.000000,0.000000,0.000000,0.000000
65455.000,30.286917458,-97.726865860,158.5360,4,1.000000,0.000000,0.000000,0.000000
65456.000,30.286918863,-97.726865423,158.5170,4,1.000000,0.000000,0.000000,0.000000
65457.000,30.286926130,-97.726863257,158.4870,4,1.000000,0.000000,0.000000,0.000000
65458.000,30.286932083,-97.726861483,158.4470,4,1.000000,0.000000,0.000000,0.000000
65459.000,30.286933807,-97.726860958,158.4330,4,1.000000,0.000000,0.000000,0.000000
65460.000,30.286935093,-97.726860572,158.4430,4,1.000000,0.000000,0.000000,0.000000
65461.000,30.286935262,-97.726860532,158.4310,4,1.000000,0.000000,0.000000,0.000000
65462.000,30.286935243,-97.726860547,158.4400,4,1.000000,0.000000,0.000000,0.000000
65463.000,30.286935263,-97.726860557,158.4430,4,1.000000,0.000000,0.000000,0.000000
65464.000,30.286939388,-97.726859268,158.4060,4,1.000000,0.000000,0.000000,0.000000
65465.000,30.286957813,-97.726853747,158.3330,4,1.000000,0.000000,0.000000,0.000000
65466.000,30.286994928,-97.726844050,158.1400,4,1.000000,0.000000,0.000000,0.000000
65467.000,30.287042057,-97.726834523,157.9350,4,1.000000,0.000000,0.000000,0.000000
65468.000,30.287097353,-97.726828817,157.7670,4,1.000000,0.000000,0.000000,0.000000
65469.000,30.287158415,-97.726831890,157.5470,4,1.000000,0.000000,0.000000,0.000000
65470.000,30.287217972,-97.726854220,157.1960,4,1.000000,0.000000,0.000000,0.000000
65471.000,30.287269707,-97.726900810,156.6900,4,1.000000,0.000000,0.000000,0.000000
65472.000,30.287311892,-97.726975515,156.0830,4,1.000000,0.000000,0.000000,0.000000
65473.000,30.287350927,-97.727071268,155.4370,4,1.000000,0.000000,0.000000,0.000000
65474.000,30.287393873,-97.727178858,154.7610,5,1.000000,0.000000,0.000000,0.000000
65475.000,30.287444427,-97.727293533,154.1290,4,1.000000,0.000000,0.000000,0.000000
65476.000,30.287500548,-97.727416362,153.4940,4,1.000000,0.000000,0.000000,0.000000
65477.000,30.287561278,-97.727548388,153.0040,4,1.000000,0.000000,0.000000,0.000000
65478.000,30.287625713,-97.727687228,152.6680,4,1.000000,0.000000,0.000000,0.000000
65479.000,30.287691273,-97.727828835,152.3170,4,1.000000,0.000000,0.000000,0.000000
65480.000,30.287758257,-97.727972602,151.8120,4,1.000000,0.000000,0.000000,0.000000
65481.000,30.287826637,-97.728117862,151.1520,4,1.000000,0.000000,0.000000,0.000000
65482.000,30.287895348,-97.728263242,150.3420,4,1.000000,0.000000,0.000000,0.000000
65483.000,30.287963292,-97.728407048,149.4560,4,1.000000,0.000000,0.000000,0.000000
65484.000,30.288028867,-97.728545697,148.5340,4,1.000000,0.000000,0.000000,0.000000
65485.000,30.288091192,-97.728672508,147.5880,4,1.000000,0.000000,0.000000,0.000000
65486.000,30.288149847,-97.728781897,146.7170,4,1.000000,0.000000,0.000000,0.000000
65487.000,30.288204485,-97.728874207,146.0950,4,1.000000,0.000000,0.000000,0.000000
65488.000,30.288259025,-97.728958538,145.6720,4,1.000000,0.000000,0.000000,0.000000
65489.000,30.288319588,-97.729039147,145.4630,4,1.000000,0.000000,0.000000,0.000000
65490.000,30.288390277,-97.729117310,145.4280,4,1.000000,0.000000,0.000000,0.000000
65491.000,30.288469310,-97.729194342,145.4970,4,1.000000,0.000000,0.000000,0.000000
65492.000,30.288553785,-97.729272700,145.6390,4,1.000000,0.000000,0.000000,0.000000
65493.000,30.288640280,-97.729356293,145.9640,4,1.000000,0.000000,0.000000,0.000000
65494.000,30.288725458,-97.729449123,146.2510,4,1.000000,0.000000,0.000000,0.000000
65495.000,30.288809895,-97.729550903,146.5430,4,1.000000,0.000000,0.000000,0.000000
65496.000,30.288890810,-97.729662467,146.8020,4,1.000000,0.000000,0.000000,0.000000
65497.000,30.288965718,-97.729785140,146.9770,4,1.000000,0.000000,0.000000,0.000000
65498.000,30.289032577,-97.729916700,147.2160,4,1.000000,0.000000,0.000000,0.000000
65499.000,30.289089293,-97.730054313,147.3740,4,1.000000,0.000000,0.000000,0.000000
65500.000,30.289139565,-97.730199292,147.3880,4,1.000000,0.000000,0.000000,0.000000
65501.000,30.289183150,-97.730351183,147.3190,4,1.000000,0.000000,0.000000,0.000000
65502.000,30.289220888,-97.730506862,147.1400,4,1.000000,0.000000,0.000000,0.000000
65503.000,30.289254215,-97.730662913,146.8830,4,1.000000,0.000000,0.000000,0.000000
65504.000,30.289282822,-97.730818313,146.5210,4,1.000000,0.000000,0.000000,0.000000
65505.000,30.289303560,-97.730972988,146.1450,4,1.000000,0.000000,0.000000,0.000000
65506.000,30.289315463,-97.731125340,145.9110,4,1.000000,0.000000,0.000000,0.000000
65507.000,30.289319147,-97.731275608,145.6700,4,1.000000,0.000000,0.000000,0.000000
65508.000,30.289315080,-97.731425165,145.3360,4,1.000000,0.000000,0.000000,0.000000
65509.000,30.289305352,-97.731579283,144.9030,4,1.000000,0.000000,0.000000,0.000000
65510.000,30.289294075,-97.731736945,144.2990,4,1.000000,0.000000,0.000000,0.000000
65511.000,30.289283217,-97.731896345,143.5320,4,1.000000,0.000000,0.000000,0.000000
65512.000,30.289271312,-97.732056538,142.4450,4,1.000000,0.000000,0.000000,0.000000
65513.000,30.289258790,-97.732214908,141.3790,4,1.000000,0.000000,0.000000,0.000000
65514.000,30.289245698,-97.732367158,140.4220,4,1.000000,0.000000,0.000000,0.000000
65515.000,30.289233088,-97.732513563,139.6110,4,1.000000,0.000000,0.000000,0.000000
65516.000,30.289226665,-97.732654292,138.9810,4,1.000000,0.000000,0.000000,0.000000
65517.000,30.289225742,-97.732786217,138.5660,4,1.000000,0.000000,0.000000,0.000000
65518.000,30.289231942,-97.732914212,138.2240,4,1.000000,0.000000,0.000000,0.000000
65519.000,30.289243350,-97.733043433,137.9350,4,1.000000,0.000000,0.000000,0.000000
65520.000,30.289255783,-97.733177037,137.7310,4,1.000000,0.000000,0.000000,0.000000
65521.000,30.289267633,-97.733312312,137.5890,4,1.000000,0.000000,0.000000,0.000000
65522.000,30.289278405,-97.733447472,137.5060,4,1.000000,0.000000,0.000000,0.000000
65523.000,30.289289142,-97.733580145,137.4320,4,1.000000,0.000000,0.000000,0.000000
65524.000,30.289299465,-97.733708088,137.3940,4,1.000000,0.000000,0.000000,0.000000
65525.000,30.289309478,-97.733831107,137.3100,4,1.000000,0.000000,0.000000,0.000000
65526.000,30.289319037,-97.733946513,137.2730,4,1.000000,0.000000,0.000000,0.000000
65527.000,30.289328125,-97.734050428,137.2240,4,1.000000,0.000000,0.000000,0.000000
65528.000,30.289336585,-97.734139875,137.2180,4,1.000000,0.000000,0.000000,0.000000
65529.000,30.289344288,-97.734213537,137.1920,4,1.000000,0.000000,0.000000,0.000000
65530.000,30.289349805,-97.734268978,137.2130,4,1.000000,0.000000,0.000000,0.000000
65531.000,30.289353078,-97.734306785,137.2270,4,1.000000,0.000000,0.000000,0.000000
65532.000,30.289354915,-97.734328385,137.2120,4,1.000000,0.000000,0.000000,0.000000
65533.000,30.289355687,-97.734337262,137.2190,4,1.000000,0.000000,0.000000,0.000000
65534.000,30.289355748,-97.734337862,137.2310,4,1.000000,0.000000,0.000000,0.000000
65535.000,30.289355738,-97.734337872,137.2270,4,1.000000,0.000000,0.000000,0.000000
65536.000,30.289355735,-97.734337867,137.2280,4,1.000000,0.000000,0.000000,0.000000
65537.000,30.289355737,-97.734337868,137.2330,4,1.000000,0.000000,0.000000,0.000000
65538.000,30.289355742,-97.734337867,137.2290,4,1.000000,0.000000,0.000000,0.000000
65539.000,30.289355737,-97.734337863,137.2280,4,1.000000,0.000000,0.000000,0.000000
65540.000,30.289355727,-97.734337870,137.2330,4,1.000000,0.000000,0.000000,0.000000
65541.000,30.289355740,-97.734337870,137.2330,4,1.000000,0.000000,0.000000,0.000000
65542.000,30.289355740,-97.734337865,137.2280,4,1.000000,0.000000,0.000000,0.000000
65543.000,30.289355732,-97.734337872,137.2280,4,1.000000,0.000000,0.000000,0.000000
65544.000,30.289355728,-97.734337870,137.2240,4,1.000000,0.000000,0.000000,0.000000
65545.000,30.289355753,-97.734338253,137.2320,4,1.000000,0.000000,0.000000,0.000000
65546.000,30.289356390,-97.734345367,137.2390,4,1.000000,0.000000,0.000000,0.000000
65547.000,30.289359052,-97.734373935,137.2300,4,1.000000,0.000000,0.000000,0.000000
65548.000,30.289363762,-97.734421980,137.2900,4,1.000000,0.000000,0.000000,0.000000
65549.000,30.289370132,-97.734486740,137.4090,4,1.000000,0.000000,0.000000,0.000000
65550.000,30.289376943,-97.734561543,137.5480,4,1.000000,0.000000,0.000000,0.000000
65551.000,30.289382753,-97.734642058,137.6680,4,1.000000,0.000000,0.000000,0.000000
65552.000,30.289388968,-97.734732100,137.8080,4,1.000000,0.000000,0.000000,0.000000
65553.000,30.289395388,-97.734832275,137.9640,4,1.000000,0.000000,0.000000,0.000000
65554.000,30.289401990,-97.734941713,138.3350,4,1.000000,0.000000,0.000000,0.000000
65555.000,30.289409337,-97.735055818,138.8220,4,1.000000,0.000000,0.000000,0.000000
65556.000,30.289417317,-97.735173212,139.3330,4,1.000000,0.000000,0.000000,0.000000
65557.000,30.289424488,-97.735294790,139.7790,4,1.000000,0.000000,0.000000,0.000000
65558.000,30.289431933,-97.735421030,140.1900,4,1.000000,0.000000,0.000000,0.000000
65559.000,30.289437977,-97.735551813,140.6610,4,1.000000,0.000000,0.000000,0.000000
65560.000,30.289441630,-97.735683292,141.1730,5,1.000000,0.000000,0.000000,0.000000
65561.000,30.289447105,-97.735806042,142.1870,5,1.000000,0.000000,0.000000,0.000000
65562.000,30.289452495,-97.735949738,141.9110,5,1.000000,0.000000,0.000000,0.000000
65563.000,30.289460055,-97.736088742,142.4760,5,1.000000,0.000000,0.000000,0.000000
65564.000,30.289468032,-97.736226140,143.1670,5,1.000000,0.000000,0.000000,0.000000
65565.000,30.289479268,-97.736351032,143.9870,5,1.000000,0.000000,0.000000,0.000000
65566.000,30.289492860,-97.736457968,144.7980,5,1.000000,0.000000,0.000000,0.000000
65567.000,30.289507235,-97.736550038,145.0020,5,1.000000,0.000000,0.000000,0.000000
65568.000,30.289521818,-97.736624980,145.2330,5,1.000000,0.000000,0.000000,0.000000
65569.000,30.289535675,-97.736680793,145.4690,5,1.000000,0.000000,0.000000,0.000000
65570.000,30.289551578,-97.736715918,145.6910,5,1.000000,0.000000,0.000000,0.000000
65571.000,30.289572527,-97.736741503,145.7980,5,1.000000,0.000000,0.000000,0.000000
65572.000,30.289606572,-97.736762782,146.1440,4,1.000000,0.000000,0.000000,0.000000
65573.000,30.289652633,-97.736771635,146.2110,4,1.000000,0.000000,0.000000,0.000000
65574.000,30.289710008,-97.736769093,146.2010,4,1.000000,0.000000,0.000000,0.000000
65575.000,30.289776865,-97.736764963,146.1480,4,1.000000,0.000000,0.000000,0.000000
65576.000,30.289854742,-97.736760980,146.1160,4,1.000000,0.000000,0.000000,0.000000
65577.000,30.289941933,-97.736755443,146.0870,5,1.000000,0.000000,0.000000,0.000000
65578.000,30.290033460,-97.736746808,146.0260,4,1.000000,0.000000,0.000000,0.000000
65579.000,30.290128502,-97.736737708,146.0890,4,1.000000,0.000000,0.000000,0.000000
65580.000,30.290227535,-97.736727768,146.1010,4,1.000000,0.000000,0.000000,0.000000
65581.000,30.290330100,-97.736716195,146.2880,4,1.000000,0.000000,0.000000,0.000000
65582.000,30.290436942,-97.736703922,146.4730,4,1.000000,0.000000,0.000000,0.000000
65583.000,30.290545808,-97.736689632,146.6910,4,1.000000,0.000000,0.000000,0.000000
65584.000,30.290656337,-97.736673993,146.9410,4,1.000000,0.000000,0.000000,0.000000
65585.000,30.290769423,-97.736658622,147.1310,4,1.000000,0.000000,0.000000,0.000000
65586.000,30.290884867,-97.736643893,147.3860,4,1.000000,0.000000,0.000000,0.000000
65587.000,30.291002007,-97.736630837,147.6370,5,1.000000,0.000000,0.000000,0.000000
65588.000,30.291117032,-97.736618517,147.9530,4,1.000000,0.000000,0.000000,0.000000
65589.000,30.291225402,-97.736607087,148.2210,4,1.000000,0.000000,0.000000,0.000000
65590.000,30.291325372,-97.736597212,148.3940,4,1.000000,0.000000,0.000000,0.000000
65591.000,30.291411998,-97.736589470,148.5880,4,1.000000,0.000000,0.000000,0.000000
65592.000,30.291478938,-97.736583827,148.7000,4,1.000000,0.000000,0.000000,0.000000
65593.000,30.291523852,-97.736580167,148.7710,4,1.000000,0.000000,0.000000,0.000000
65594.000,30.291544437,-97.736578357,148.7920,4,1.000000,0.000000,0.000000,0.000000
65595.000,30.291558923,-97.736577322,148.8350,4,1.000000,0.000000,0.000000,0.000000
65596.000,30.291593163,-97.736574520,148.7980,4,1.000000,0.000000,0.000000,0.000000
65597.000,30.291648888,-97.736571130,148.7340,4,1.000000,0.000000,0.000000,0.000000
65598.000,30.291721833,-97.736568393,148.5030,4,1.000000,0.000000,0.000000,0.000000
65599.000,30.291809222,-97.736567410,148.0870,5,1.000000,0.000000,0.000000,0.000000
65600.000,30.291910097,-97.736568823,147.5110,5,1.000000,0.000000,0.000000,0.000000
65601.000,30.292021857,-97.736572545,146.8400,5,1.000000,0.000000,0.000000,0.000000
65602.000,30.292142297,-97.736578795,146.1030,5,1.000000,0.000000,0.000000,0.000000
65603.000,30.292265693,-97.736581090,145.3820,5,1.000000,0.000000,0.000000,0.000000
65604.000,30.292385625,-97.736580703,146.0420,5,1.000000,0.000000,0.000000,0.000000
65605.000,30.292502510,-97.736561505,145.3640,5,1.000000,0.000000,0.000000,0.000000
65606.000,30.292608912,-97.736529013,144.9790,4,1.000000,0.000000,0.000000,0.000000
65607.000,30.292699448,-97.736480243,144.7840,5,1.000000,0.000000,0.000000,0.000000
65608.000,30.292770467,-97.736422890,144.8980,5,1.000000,0.000000,0.000000,0.000000
65609.000,30.292824240,-97.736363308,145.0670,5,1.000000,0.000000,0.000000,0.000000
65610.000,30.292861525,-97.736304598,145.2080,5,1.000000,0.000000,0.000000,0.000000
65611.000,30.292879858,-97.736248225,145.2580,5,1.000000,0.000000,0.000000,0.000000
65612.000,30.292880690,-97.736193102,145.2040,5,1.000000,0.000000,0.000000,0.000000
65613.000,30.292864883,-97.736137600,145.0270,5,1.000000,0.000000,0.000000,0.000000
65614.000,30.292825763,-97.736084372,144.7180,5,1.000000,0.000000,0.000000,0.000000
65615.000,30.292765712,-97.736041298,144.3350,5,1.000000,0.000000,0.000000,0.000000
65616.000,30.292688602,-97.736010267,143.9270,5,1.000000,0.000000,0.000000,0.000000
65617.000,30.292597745,-97.735984840,143.4610,5,1.000000,0.000000,0.000000,0.000000
65618.000,30.292498968,-97.735952822,143.0340,5,1.000000,0.000000,0.000000,0.000000
65619.000,30.292400260,-97.735910060,142.5620,5,1.000000,0.000000,0.000000,0.000000
65620.000,30.292304075,-97.735859417,142.1290,5,1.000000,0.000000,0.000000,0.000000
65621.000,30.292211145,-97.735803022,141.8470,5,1.000000,0.000000,0.000000,0.000000
65622.000,30.292122898,-97.735740128,141.6680,5,1.000000,0.000000,0.000000,0.000000
65623.000,30.292040075,-97.735671787,141.4970,5,1.000000,0.000000,0.000000,0.000000
65624.000,30.291959595,-97.735600088,141.3860,5,1.000000,0.000000,0.000000,0.000000
65625.000,30.291882998,-97.735527642,141.2680,5,1.000000,0.000000,0.000000,0.000000
65626.000,30.291809400,-97.735456718,141.1590,5,1.000000,0.000000,0.000000,0.000000
65627.000,30.291737760,-97.735387630,141.0520,5,1.000000,0.000000,0.000000,0.000000
65628.000,30.291667585,-97.735319918,140.9630,5,1.000000,0.000000,0.000000,0.000000
65629.000,30.291598393,-97.735252512,140.8720,5,1.000000,0.000000,0.000000,0.000000
65630.000,30.291528582,-97.735185758,140.7860,5,1.000000,0.000000,0.000000,0.000000
65631.000,30.291460242,-97.735120875,140.6820,5,1.000000,0.000000,0.000000,0.000000
65632.000,30.291393743,-97.735059705,140.6040,5,1.000000,0.000000,0.000000,0.000000
65633.000,30.291325530,-97.734997852,140.5130,5,1.000000,0.000000,0.000000,0.000000
65634.000,30.291254838,-97.734938077,140.3800,5,1.000000,0.000000,0.000000,0.000000
65635.000,30.291181462,-97.734885918,140.2880,5,1.000000,0.000000,0.000000,0.000000
65636.000,30.291103043,-97.734836373,140.2260,5,1.000000,0.000000,0.000000,0.000000
65637.000,30.291018157,-97.734787162,140.1050,5,1.000000,0.000000,0.000000,0.000000
65638.000,30.290927240,-97.734739498,139.9850,5,1.000000,0.000000,0.000000,0.000000
65639.000,30.290831245,-97.734692213,139.8190,5,1.000000,0.000000,0.000000,0.000000
65640.000,30.290733420,-97.734648905,139.7270,5,1.000000,0.000000,0.000000,0.000000
65641.000,30.290636682,-97.734611798,139.6190,5,1.000000,0.000000,0.000000,0.000000
65642.000,30.290536393,-97.734580985,139.5180,5,1.000000,0.000000,0.000000,0.000000
65643.000,30.290432147,-97.734556353,139.3960,5,1.000000,0.000000,0.000000,0.000000
65644.000,30.290327760,-97.734541512,139.2320,5,1.000000,0.000000,0.000000,0.000000
65645.000,30.290218895,-97.734536810,139.0580,5,1.000000,0.000000,0.000000,0.000000
65646.000,30.290106193,-97.734544927,138.9540,5,1.000000,0.000000,0.000000,0.000000
65647.000,30.289993215,-97.734562117,138.8540,5,1.000000,0.000000,0.000000,0.000000
65648.000,30.289881655,-97.734577182,137.9920,5,1.000000,0.000000,0.000000,0.000000
65649.000,30.289769978,-97.734597233,137.8560,5,1.000000,0.000000,0.000000,0.000000
65650.000,30.289666707,-97.734615712,137.8710,4,1.000000,0.000000,0.000000,0.000000
65651.000,30.289581990,-97.734631643,137.8110,4,1.000000,0.000000,0.000000,0.000000
65652.000,30.289517965,-97.734645160,137.7700,4,1.000000,0.000000,0.000000,0.000000
65653.000,30.289465415,-97.734664823,137.7450,4,1.000000,0.000000,0.000000,0.000000
65654.000,30.289422515,-97.734702422,137.7370,4,1.000000,0.000000,0.000000,0.000000
65655.000,30.289394913,-97.734761013,137.8030,4,1.000000,0.000000,0.000000,0.000000
65656.000,30.289390750,-97.734834928,137.9780,4,1.000000,0.000000,0.000000,0.000000
65657.000,30.289398078,-97.734916815,138.2550,4,1.000000,0.000000,0.000000,0.000000
65658.000,30.289404440,-97.735010165,138.6340,4,1.000000,0.000000,0.000000,0.000000
65659.000,30.289409913,-97.735114430,139.1380,5,1.000000,0.000000,0.000000,0.000000
65660.000,30.289413437,-97.735228400,139.4860,5,1.000000,0.000000,0.000000,0.000000
65661.000,30.289413360,-97.735349325,140.1580,5,1.000000,0.000000,0.000000,0.000000
65662.000,30.289413610,-97.735476255,140.5620,4,1.000000,0.000000,0.000000,0.000000
65663.000,30.289414868,-97.735605048,140.9850,4,1.000000,0.000000,0.000000,0.000000
65664.000,30.289416800,-97.735735272,141.5080,5,1.000000,0.000000,0.000000,0.000000
65665.000,30.289421262,-97.735871463,143.1640,5,1.000000,0.000000,0.000000,0.000000
65666.000,30.289424105,-97.735994747,143.0530,5,1.000000,0.000000,0.000000,0.000000
65667.000,30.289429830,-97.736104832,143.4890,5,1.000000,0.000000,0.000000,0.000000
65668.000,30.289435557,-97.736195638,143.8580,5,1.000000,0.000000,0.000000,0.000000
65669.000,30.289440197,-97.736269778,144.1940,5,1.000000,0.000000,0.000000,0.000000
65670.000,30.289443117,-97.736325405,144.4590,5,1.000000,0.000000,0.000000,0.000000
65671.000,30.289444400,-97.736362173,144.4320,5,1.000000,0.000000,0.000000,0.000000
65672.000,30.289446447,-97.736385750,144.4800,5,1.000000,0.000000,0.000000,0.000000
65673.000,30.289449535,-97.736395403,144.4160,4,1.000000,0.000000,0.000000,0.000000
65674.000,30.289450282,-97.736397852,144.3330,5,1.000000,0.000000,0.000000,0.000000
65675.000,30.289450442,-97.736397927,144.2980,4,1.000000,0.000000,0.000000,0.000000
65676.000,30.289450845,-97.736402830,144.3160,4,1.000000,0.000000,0.000000,0.000000
65677.000,30.289452718,-97.736428692,144.4410,4,1.000000,0.000000,0.000000,0.000000
65678.000,30.289455982,-97.736472268,144.6350,4,1.000000,0.000000,0.000000,0.000000
65679.000,30.289460627,-97.736532825,144.8950,4,1.000000,0.000000,0.000000,0.000000
65680.000,30.289466333,-97.736608603,145.2410,4,1.000000,0.000000,0.000000,0.000000
65681.000,30.289472835,-97.736697810,145.6850,4,1.000000,0.000000,0.000000,0.000000
65682.000,30.289480150,-97.736799640,146.1910,4,1.000000,0.000000,0.000000,0.000000
65683.000,30.289487217,-97.736912700,146.8170,4,1.000000,0.000000,0.000000,0.000000
65684.000,30.289494673,-97.737035493,147.5830,4,1.000000,0.000000,0.000000,0.000000
65685.000,30.289503148,-97.737165833,148.5310,4,1.000000,0.000000,0.000000,0.000000
65686.000,30.289510543,-97.737302133,149.4200,4,1.000000,0.000000,0.000000,0.000000
65687.000,30.289519382,-97.737433637,150.3490,4,1.000000,0.000000,0.000000,0.000000
65688.000,30.289528733,-97.737563688,151.2560,4,1.000000,0.000000,0.000000,0.000000
65689.000,30.289537957,-97.737693998,152.1010,4,1.000000,0.000000,0.000000,0.000000
65690.000,30.289546003,-97.737822767,152.9470,4,1.000000,0.000000,0.000000,0.000000
65691.000,30.289555543,-97.737952013,153.7500,4,1.000000,0.000000,0.000000,0.000000
65692.000,30.289565512,-97.738081997,154.4950,4,1.000000,0.000000,0.000000,0.000000
65693.000,30.289575008,-97.738211892,155.0840,4,1.000000,0.000000,0.000000,0.000000
65694.000,30.289585477,-97.738341153,155.5930,4,1.000000,0.000000,0.000000,0.000000
65695.000,30.289595863,-97.738470147,155.9550,4,1.000000,0.000000,0.000000,0.000000
65696.000,30.289605622,-97.738599855,156.1350,4,1.000000,0.000000,0.000000,0.000000
65697.000,30.289614858,-97.738730880,156.0720,4,1.000000,0.000000,0.000000,0.000000
65698.000,30.289623930,-97.738863083,155.9030,4,1.000000,0.000000,0.000000,0.000000
65699.000,30.289632922,-97.738993418,155.7520,4,1.000000,0.000000,0.000000,0.000000
65700.000,30.289641918,-97.739121495,155.6380,4,1.000000,0.000000,0.000000,0.000000
65701.000,30.289650447,-97.739246825,155.5400,4,1.000000,0.000000,0.000000,0.000000
65702.000,30.289658012,-97.739363217,155.5390,4,1.000000,0.000000,0.000000,0.000000
65703.000,30.289664803,-97.739465055,155.5530,4,1.000000,0.000000,0.000000,0.000000
65704.000,30.289671178,-97.739558515,155.6080,4,1.000000,0.000000,0.000000,0.000000
65705.000,30.289677122,-97.739644025,155.7390,4,1.000000,0.000000,0.000000,0.000000
65706.000,30.289681982,-97.739714510,155.8620,4,1.000000,0.000000,0.000000,0.000000
65707.000,30.289685283,-97.739761410,155.9610,4,1.000000,0.000000,0.000000,0.000000
65708.000,30.289687335,-97.739791562,156.0640,4,1.000000,0.000000,0.000000,0.000000
65709.000,30.289688917,-97.739813310,156.1140,4,1.000000,0.000000,0.000000,0.000000
65710.000,30.289689717,-97.739823887,156.1420,4,1.000000,0.000000,0.000000,0.000000
65711.000,30.289689795,-97.739825043,156.1410,4,1.000000,0.000000,0.000000,0.000000
65712.000,30.289689798,-97.739825087,156.1390,4,1.000000,0.000000,0.000000,0.000000
65713.000,30.289689812,-97.739825320,156.1400,4,1.000000,0.000000,0.000000,0.000000
65714.000,30.289689870,-97.739825842,156.1470,4,1.000000,0.000000,0.000000,0.000000
65715.000,30.289689947,-97.739826787,156.1510,4,1.000000,0.000000,0.000000,0.000000
65716.000,30.289690435,-97.739833545,156.1770,4,1.000000,0.000000,0.000000,0.000000
65717.000,30.289692467,-97.739860933,156.2530,4,1.000000,0.000000,0.000000,0.000000
65718.000,30.289695915,-97.739909495,156.4010,4,1.000000,0.000000,0.000000,0.000000
65719.000,30.289700577,-97.739976395,156.6400,4,1.000000,0.000000,0.000000,0.000000
65720.000,30.289707110,-97.740059048,156.9050,4,1.000000,0.000000,0.000000,0.000000
65721.000,30.289715050,-97.740143228,157.1760,4,1.000000,0.000000,0.000000,0.000000
65722.000,30.289725313,-97.740226940,157.4610,4,1.000000,0.000000,0.000000,0.000000
65723.000,30.289737250,-97.740313137,157.6860,4,1.000000,0.000000,0.000000,0.000000
65724.000,30.289748638,-97.740404648,157.8250,4,1.000000,0.000000,0.000000,0.000000
65725.000,30.289759173,-97.740496400,157.9340,4,1.000000,0.000000,0.000000,0.000000
65726.000,30.289768308,-97.740585418,158.0660,4,1.000000,0.000000,0.000000,0.000000
65727.000,30.289775727,-97.740668637,158.1700,4,1.000000,0.000000,0.000000,0.000000
65728.000,30.289781590,-97.740733618,158.2700,4,1.000000,0.000000,0.000000,0.000000
65729.000,30.289786800,-97.740784605,158.3060,4,1.000000,0.000000,0.000000,0.000000
65730.000,30.289791505,-97.740832147,158.3180,4,1.000000,0.000000,0.000000,0.000000
65731.000,30.289794988,-97.740865732,158.3310,4,1.000000,0.000000,0.000000,0.000000
65732.000,30.289797150,-97.740886858,158.3300,4,1.000000,0.000000,0.000000,0.000000
65733.000,30.289797372,-97.740895908,158.1880,4,1.000000,0.000000,0.000000,0.000000
65734.000,30.289797520,-97.740895857,158.2940,4,1.000000,0.000000,0.000000,0.000000
65735.000,30.289797980,-97.740898155,158.1300,4,1.000000,0.000000,0.000000,0.000000
65736.000,30.289798080,-97.740898587,158.1050,4,1.000000,0.000000,0.000000,0.000000
65737.000,30.289798110,-97.740898157,158.1530,4,1.000000,0.000000,0.000000,0.000000
65738.000,30.289797978,-97.740898048,158.1420,4,1.000000,0.000000,0.000000,0.000000
65739.000,30.289797962,-97.740898060,158.1400,4,1.000000,0.000000,0.000000,0.000000
65740.000,30.289798072,-97.740898070,158.1780,4,1.000000,0.000000,0.000000,0.000000
65741.000,30.289797992,-97.740898023,158.1530,4,1.000000,0.000000,0.000000,0.000000
65742.000,30.289798040,-97.740898050,158.1710,4,1.000000,0.000000,0.000000,0.000000
65743.000,30.289798008,-97.740898042,158.1640,4,1.000000,0.000000,0.000000,0.000000
65744.000,30.289797985,-97.740898058,158.1660,4,1.000000,0.000000,0.000000,0.000000
65745.000,30.289798038,-97.740898058,158.1650,4,1.000000,0.000000,0.000000,0.000000
65746.000,30.289798037,-97.740898073,158.1740,4,1.000000,0.000000,0.000000,0.000000
65747.000,30.289798068,-97.740898052,158.1730,4,1.000000,0.000000,0.000000,0.000000
65748.000,30.289797998,-97.740898062,158.1600,4,1.000000,0.000000,0.000000,0.000000
65749.000,30.289798153,-97.740898080,158.1890,4,1.000000,0.000000,0.000000,0.000000
65750.000,30.289798073,-97.740898060,158.1830,4,1.000000,0.000000,0.000000,0.000000
65751.000,30.289798068,-97.740898063,158.1770,4,1.000000,0.000000,0.000000,0.000000
65752.000,30.289798100,-97.740898087,158.1800,4,1.000000,0.000000,0.000000,0.000000
65753.000,30.289798097,-97.740898070,158.1730,4,1.000000,0.000000,0.000000,0.000000
65754.000,30.289798043,-97.740898022,158.1680,4,1.000000,0.000000,0.000000,0.000000
65755.000,30.289798075,-97.740898063,158.1700,4,1.000000,0.000000,0.000000,0.000000
65756.000,30.289798060,-97.740898008,158.1720,4,1.000000,0.000000,0.000000,0.000000
65757.000,30.289798112,-97.740898063,158.1760,4,1.000000,0.000000,0.000000,0.000000
65758.000,30.289798115,-97.740898053,158.1840,4,1.000000,0.000000,0.000000,0.000000
65759.000,30.289798150,-97.740898060,158.1830,4,1.000000,0.000000,0.000000,0.000000
65760.000,30.289798167,-97.740898088,158.1820,4,1.000000,0.000000,0.000000,0.000000
65761.000,30.289798182,-97.740898055,158.1790,4,1.000000,0.000000,0.000000,0.000000
65762.000,30.289798202,-97.740899532,158.1680,4,1.000000,0.000000,0.000000,0.000000
65763.000,30.289799217,-97.740909463,158.1350,4,1.000000,0.000000,0.000000,0.000000
65764.000,30.289804247,-97.740935938,157.6500,4,1.000000,0.000000,0.000000,0.000000
65765.000,30.289797438,-97.740963985,154.7040,5,1.000000,0.000000,0.000000,0.000000
65766.000,30.289797802,-97.740992573,153.9600,5,1.000000,0.000000,0.000000,0.000000
65767.000,30.289803418,-97.741022065,155.1810,5,1.000000,0.000000,0.000000,0.000000
65768.000,30.289805910,-97.741049505,155.1760,5,1.000000,0.000000,0.000000,0.000000
65769.000,30.289808350,-97.741069653,155.4370,5,1.000000,0.000000,0.000000,0.000000
65770.000,30.289811687,-97.741091655,155.9730,5,1.000000,0.000000,0.000000,0.000000
65771.000,30.289815758,-97.741117727,156.6680,4,1.000000,0.000000,0.000000,0.000000
65772.000,30.289820650,-97.741147293,157.3530,4,1.000000,0.000000,0.000000,0.000000
65773.000,30.289824870,-97.741179202,157.8180,5,1.000000,0.000000,0.000000,0.000000
65774.000,30.289827252,-97.741218177,157.7300,4,1.000000,0.000000,0.000000,0.000000
65775.000,30.289824297,-97.741274562,157.5260,5,1.000000,0.000000,0.000000,0.000000
65776.000,30.289803902,-97.741335252,157.4480,5,1.000000,0.000000,0.000000,0.000000
65777.000,30.289762603,-97.741385408,157.4340,5,1.000000,0.000000,0.000000,0.000000
65778.000,30.289701247,-97.741422433,157.3570,4,1.000000,0.000000,0.000000,0.000000
65779.000,30.289625232,-97.741450348,157.2400,4,1.000000,0.000000,0.000000,0.000000
65780.000,30.289533137,-97.741466167,157.1280,4,1.000000,0.000000,0.000000,0.000000
65781.000,30.289429497,-97.741474870,157.0480,5,1.000000,0.000000,0.000000,0.000000
65782.000,30.289320937,-97.741483475,156.8030,5,1.000000,0.000000,0.000000,0.000000
65783.000,30.289209515,-97.741493503,156.6500,5,1.000000,0.000000,0.000000,0.000000
65784.000,30.289099282,-97.741503972,156.5160,5,1.000000,0.000000,0.000000,0.000000
65785.000,30.288992278,-97.741515038,156.3450,4,1.000000,0.000000,0.000000,0.000000
65786.000,30.288893198,-97.741525337,156.1890,4,1.000000,0.000000,0.000000,0.000000
65787.000,30.288806123,-97.741533345,156.3940,5,1.000000,0.000000,0.000000,0.000000
65788.000,30.288728705,-97.741543375,155.9100,4,1.000000,0.000000,0.000000,0.000000
65789.000,30.288663348,-97.741550852,155.8090,4,1.000000,0.000000,0.000000,0.000000
65790.000,30.288607180,-97.741557693,155.7170,4,1.000000,0.000000,0.000000,0.000000
65791.000,30.288562035,-97.741562803,155.6440,4,1.000000,0.000000,0.000000,0.000000
65792.000,30.288527297,-97.741566438,155.5890,4,1.000000,0.000000,0.000000,0.000000
65793.000,30.288502683,-97.741568988,155.5450,4,1.000000,0.000000,0.000000,0.000000
65794.000,30.288487110,-97.741570612,155.5380,4,1.000000,0.000000,0.000000,0.000000
65795.000,30.288472580,-97.741572027,155.5170,4,1.000000,0.000000,0.000000,0.000000
65796.000,30.288454207,-97.741573793,155.4920,4,1.000000,0.000000,0.000000,0.000000
65797.000,30.288431893,-97.741575953,155.4660,4,1.000000,0.000000,0.000000,0.000000
65798.000,30.288395658,-97.741579433,155.4220,4,1.000000,0.000000,0.000000,0.000000
65799.000,30.288343982,-97.741584378,155.3720,4,1.000000,0.000000,0.000000,0.000000
65800.000,30.288280877,-97.741590338,155.3450,4,1.000000,0.000000,0.000000,0.000000
65801.000,30.288220110,-97.741596718,155.2880,4,1.000000,0.000000,0.000000,0.000000
65802.000,30.288163198,-97.741605420,155.2580,4,1.000000,0.000000,0.000000,0.000000
65803.000,30.288116623,-97.741616085,155.2070,4,1.000000,0.000000,0.000000,0.000000
65804.000,30.288074130,-97.741628025,155.1590,4,1.000000,0.000000,0.000000,0.000000
65805.000,30.288036132,-97.741637233,155.0990,4,1.000000,0.000000,0.000000,0.000000
65806.000,30.287998963,-97.741644040,155.0710,4,1.000000,0.000000,0.000000,0.000000
65807.000,30.287954407,-97.741649653,155.0320,4,1.000000,0.000000,0.000000,0.000000
65808.000,30.287908245,-97.741652477,155.0030,4,1.000000,0.000000,0.000000,0.000000
65809.000,30.287864603,-97.741654200,154.9410,4,1.000000,0.000000,0.000000,0.000000
65810.000,30.287826782,-97.741655347,154.8700,4,1.000000,0.000000,0.000000,0.000000
65811.000,30.287789755,-97.741659548,154.8140,4,1.000000,0.000000,0.000000,0.000000
65812.000,30.287755727,-97.741678458,154.7600,4,1.000000,0.000000,0.000000,0.000000
65813.000,30.287735283,-97.741714575,154.6650,4,1.000000,0.000000,0.000000,0.000000
65814.000,30.287733305,-97.741761368,154.6430,4,1.000000,0.000000,0.000000,0.000000
65815.000,30.287739075,-97.741816070,154.6180,4,1.000000,0.000000,0.000000,0.000000
65816.000,30.287744945,-97.741873623,154.5410,4,1.000000,0.000000,0.000000,0.000000
65817.000,30.287750230,-97.741926590,154.5320,4,1.000000,0.000000,0.000000,0.000000
65818.000,30.287754538,-97.741973080,154.5290,4,1.000000,0.000000,0.000000,0.000000
65819.000,30.287758370,-97.742013072,154.4960,4,1.000000,0.000000,0.000000,0.000000
65820.000,30.287761730,-97.742043555,154.4920,4,1.000000,0.000000,0.000000,0.000000
65821.000,30.287763978,-97.742064637,154.4910,4,1.000000,0.000000,0.000000,0.000000
65822.000,30.287765150,-97.742078860,154.4960,4,1.000000,0.000000,0.000000,0.000000
65823.000,30.287765700,-97.742085925,154.5020,4,1.000000,0.000000,0.000000,0.000000
65824.000,30.287766045,-97.742090567,154.4840,4,1.000000,0.000000,0.000000,0.000000
65825.000,30.287766385,-97.742094768,154.5080,4,1.000000,0.000000,0.000000,0.000000
65826.000,30.287766600,-97.742097935,154.5170,4,1.000000,0.000000,0.000000,0.000000
65827.000,30.287767130,-97.742105125,154.5170,4,1.000000,0.000000,0.000000,0.000000
65828.000,30.287767632,-97.742110928,154.5110,4,1.000000,0.000000,0.000000,0.000000
65829.000,30.287767645,-97.742111343,154.5070,4,1.000000,0.000000,0.000000,0.000000
65830.000,30.287767665,-97.742111437,154.5130,4,1.000000,0.000000,0.000000,0.000000
65831.000,30.287767668,-97.742111445,154.5130,4,1.000000,0.000000,0.000000,0.000000
65832.000,30.287767868,-97.742113030,154.5290,4,1.000000,0.000000,0.000000,0.000000
65833.000,30.287768347,-97.742118468,154.4970,4,1.000000,0.000000,0.000000,0.000000
65834.000,30.287768840,-97.742127480,154.4890,4,1.000000,0.000000,0.000000,0.000000
65835.000,30.287769402,-97.742136820,154.4980,4,1.000000,0.000000,0.000000,0.000000
65836.000,30.287770155,-97.742146702,154.5040,4,1.000000,0.000000,0.000000,0.000000
65837.000,30.287771117,-97.742164707,154.5110,4,1.000000,0.000000,0.000000,0.000000
65838.000,30.287773537,-97.742197413,154.5520,4,1.000000,0.000000,0.000000,0.000000
65839.000,30.287776603,-97.742242780,154.5480,4,1.000000,0.000000,0.000000,0.000000
65840.000,30.287780190,-97.742299265,154.5850,4,1.000000,0.000000,0.000000,0.000000
65841.000,30.287784213,-97.742371098,154.6850,4,1.000000,0.000000,0.000000,0.000000
65842.000,30.287787955,-97.742457838,154.7540,4,1.000000,0.000000,0.000000,0.000000
65843.000,30.287792002,-97.742554683,155.0780,4,1.000000,0.000000,0.000000,0.000000
65844.000,30.287792040,-97.742658180,154.8910,4,1.000000,0.000000,0.000000,0.000000
65845.000,30.287795490,-97.742767137,154.9530,5,1.000000,0.000000,0.000000,0.000000
65846.000,30.287800488,-97.742875712,154.9730,4,1.000000,0.000000,0.000000,0.000000
65847.000,30.287807838,-97.742980625,155.0130,4,1.000000,0.000000,0.000000,0.000000
65848.000,30.287819053,-97.743084163,155.0720,4,1.000000,0.000000,0.000000,0.000000
65849.000,30.287827572,-97.743190550,155.1180,4,1.000000,0.000000,0.000000,0.000000
65850.000,30.287833782,-97.743303045,155.1050,4,1.000000,0.000000,0.000000,0.000000
65851.000,30.287840632,-97.743420683,155.1890,4,1.000000,0.000000,0.000000,0.000000
65852.000,30.287847958,-97.743542030,155.2170,4,1.000000,0.000000,0.000000,0.000000
65853.000,30.287855110,-97.743667335,155.2580,4,1.000000,0.000000,0.000000,0.000000
65854.000,30.287863870,-97.743795710,155.2390,4,1.000000,0.000000,0.000000,0.000000
65855.000,30.287875573,-97.743922982,155.2690,4,1.000000,0.000000,0.000000,0.000000
65856.000,30.287891788,-97.744050073,155.2920,5,1.000000,0.000000,0.000000,0.000000
65857.000,30.287909120,-97.744175085,155.3550,4,1.000000,0.000000,0.000000,0.000000
65858.000,30.287923503,-97.744294205,155.4280,4,1.000000,0.000000,0.000000,0.000000
65859.000,30.287934783,-97.744398713,155.4210,4,1.000000,0.000000,0.000000,0.000000
65860.000,30.287943550,-97.744486217,155.4010,4,1.000000,0.000000,0.000000,0.000000
65861.000,30.287948477,-97.744550890,155.3730,4,1.000000,0.000000,0.000000,0.000000
65862.000,30.287952483,-97.744594225,155.4160,4,1.000000,0.000000,0.000000,0.000000
65863.000,30.287961692,-97.744620785,155.4320,4,1.000000,0.000000,0.000000,0.000000
65864.000,30.287979945,-97.744640087,155.4830,4,1.000000,0.000000,0.000000,0.000000
65865.000,30.288011957,-97.744648170,155.5470,4,1.000000,0.000000,0.000000,0.000000
65866.000,30.288057252,-97.744647587,155.4490,5,1.000000,0.000000,0.000000,0.000000
65867.000,30.288113467,-97.744643957,155.6030,4,1.000000,0.000000,0.000000,0.000000
65868.000,30.288182655,-97.744640120,155.6660,5,1.000000,0.000000,0.000000,0.000000
65869.000,30.288263027,-97.744634222,155.7710,4,1.000000,0.000000,0.000000,0.000000
65870.000,30.288351823,-97.744626542,155.8290,5,1.000000,0.000000,0.000000,0.000000
65871.000,30.288446800,-97.744618185,155.9040,5,1.000000,0.000000,0.000000,0.000000
65872.000,30.288547365,-97.744609843,155.9660,5,1.000000,0.000000,0.000000,0.000000
65873.000,30.288649883,-97.744603177,156.0990,5,1.000000,0.000000,0.000000,0.000000
65874.000,30.288752208,-97.744593898,156.2190,5,1.000000,0.000000,0.000000,0.000000
65875.000,30.288850347,-97.744583165,156.2550,4,1.000000,0.000000,0.000000,0.000000
65876.000,30.288938787,-97.744572432,156.3740,4,1.000000,0.000000,0.000000,0.000000
65877.000,30.289016973,-97.744563058,156.4960,4,1.000000,0.000000,0.000000,0.000000
65878.000,30.289083345,-97.744555902,156.5300,4,1.000000,0.000000,0.000000,0.000000
65879.000,30.289134437,-97.744550985,156.5810,4,1.000000,0.000000,0.000000,0.000000
65880.000,30.289165303,-97.744548003,156.6060,4,1.000000,0.000000,0.000000,0.000000
65881.000,30.289177197,-97.744546765,156.6030,4,1.000000,0.000000,0.000000,0.000000
65882.000,30.289179330,-97.744546493,156.6000,4,1.000000,0.000000,0.000000,0.000000
65883.000,30.289179888,-97.744546457,156.5940,4,1.000000,0.000000,0.000000,0.000000
65884.000,30.289181087,-97.744546328,156.5900,4,1.000000,0.000000,0.000000,0.000000
65885.000,30.289181900,-97.744546295,156.5990,4,1.000000,0.000000,0.000000,0.000000
65886.000,30.289182785,-97.744546167,156.5980,4,1.000000,0.000000,0.000000,0.000000
65887.000,30.289184662,-97.744545988,156.6180,4,1.000000,0.000000,0.000000,0.000000
65888.000,30.289189828,-97.744545403,156.6050,4,1.000000,0.000000,0.000000,0.000000
65889.000,30.289201052,-97.744544228,156.6100,4,1.000000,0.000000,0.000000,0.000000
65890.000,30.289213583,-97.744542735,156.6550,4,1.000000,0.000000,0.000000,0.000000
65891.000,30.289226968,-97.744541145,156.6690,4,1.000000,0.000000,0.000000,0.000000
65892.000,30.289242632,-97.744539673,156.6590,4,1.000000,0.000000,0.000000,0.000000
65893.000,30.289267913,-97.744537188,156.6910,4,1.000000,0.000000,0.000000,0.000000
65894.000,30.289296057,-97.744534672,156.7050,4,1.000000,0.000000,0.000000,0.000000
65895.000,30.289328263,-97.744531910,156.7350,4,1.000000,0.000000,0.000000,0.000000
65896.000,30.289370497,-97.744528997,156.7760,4,1.000000,0.000000,0.000000,0.000000
65897.000,30.289420520,-97.744525633,156.8420,4,1.000000,0.000000,0.000000,0.000000
65898.000,30.289470950,-97.744522257,156.8610,4,1.000000,0.000000,0.000000,0.000000
65899.000,30.289520365,-97.744518830,156.8950,4,1.000000,0.000000,0.000000,0.000000
65900.000,30.289566672,-97.744515155,156.9350,4,1.000000,0.000000,0.000000,0.000000
65901.000,30.289608947,-97.744511462,157.0070,4,1.000000,0.000000,0.000000,0.000000
65902.000,30.289648992,-97.744507805,157.0080,4,1.000000,0.000000,0.000000,0.000000
65903.000,30.289688055,-97.744504085,157.0200,4,1.000000,0.000000,0.000000,0.000000
65904.000,30.289731282,-97.744500148,157.0660,4,1.000000,0.000000,0.000000,0.000000
65905.000,30.289776180,-97.744496178,157.1060,4,1.000000,0.000000,0.000000,0.000000
65906.000,30.289819778,-97.744492037,157.1460,4,1.000000,0.000000,0.000000,0.000000
65907.000,30.289867330,-97.744486782,157.1300,4,1.000000,0.000000,0.000000,0.000000
65908.000,30.289920133,-97.744481640,157.2660,4,1.000000,0.000000,0.000000,0.000000
65909.000,30.289971968,-97.744476190,157.3570,4,1.000000,0.000000,0.000000,0.000000
65910.000,30.290024470,-97.744470360,157.3590,5,1.000000,0.000000,0.000000,0.000000
65911.000,30.290081760,-97.744464213,157.4150,4,1.000000,0.000000,0.000000,0.000000
65912.000,30.290140085,-97.744458972,157.4730,4,1.000000,0.000000,0.000000,0.000000
65913.000,30.290198390,-97.744454040,157.4890,4,1.000000,0.000000,0.000000,0.000000
65914.000,30.290252297,-97.744449295,157.5140,4,1.000000,0.000000,0.000000,0.000000
65915.000,30.290297943,-97.744445082,157.5600,4,1.000000,0.000000,0.000000,0.000000
65916.000,30.290336188,-97.744441332,157.6060,4,1.000000,0.000000,0.000000,0.000000
65917.000,30.290370423,-97.744437888,157.6440,4,1.000000,0.000000,0.000000,0.000000
65918.000,30.290399517,-97.744434930,157.6700,4,1.000000,0.000000,0.000000,0.000000
65919.000,30.290422642,-97.744432722,157.6830,4,1.000000,0.000000,0.000000,0.000000
65920.000,30.290439102,-97.744431083,157.6810,4,1.000000,0.000000,0.000000,0.000000
65921.000,30.290450623,-97.744429970,157.7040,4,1.000000,0.000000,0.000000,0.000000
65922.000,30.290458448,-97.744429178,157.7170,4,1.000000,0.000000,0.000000,0.000000
65923.000,30.290465570,-97.744428485,157.7110,4,1.000000,0.000000,0.000000,0.000000
65924.000,30.290477338,-97.744427265,157.7140,4,1.000000,0.000000,0.000000,0.000000
65925.000,30.290492852,-97.744425437,157.7480,4,1.000000,0.000000,0.000000,0.000000
65926.000,30.290517928,-97.744422652,157.7690,4,1.000000,0.000000,0.000000,0.000000
65927.000,30.290545327,-97.744419902,157.7840,4,1.000000,0.000000,0.000000,0.000000
65928.000,30.290563170,-97.744417858,157.7770,4,1.000000,0.000000,0.000000,0.000000
65929.000,30.290580998,-97.744415932,157.7900,4,1.000000,0.000000,0.000000,0.000000
65930.000,30.290616050,-97.744412278,157.8370,4,1.000000,0.000000,0.000000,0.000000
65931.000,30.290669830,-97.744406860,157.9340,5,1.000000,0.000000,0.000000,0.000000
65932.000,30.290738825,-97.744400458,158.1430,4,1.000000,0.000000,0.000000,0.000000
65933.000,30.290820387,-97.744392587,158.2620,4,1.000000,0.000000,0.000000,0.000000
65934.000,30.290911175,-97.744382357,158.2650,5,1.000000,0.000000,0.000000,0.000000
65935.000,30.291011148,-97.744372108,158.2710,4,1.000000,0.000000,0.000000,0.000000
65936.000,30.291119152,-97.744361860,158.3790,4,1.000000,0.000000,0.000000,0.000000
65937.000,30.291232643,-97.744351872,158.5380,5,1.000000,0.000000,0.000000,0.000000
65938.000,30.291348873,-97.744341123,158.4770,5,1.000000,0.000000,0.000000,0.000000
65939.000,30.291470075,-97.744327918,158.2910,5,1.000000,0.000000,0.000000,0.000000
65940.000,30.291591732,-97.744318470,158.6360,5,1.000000,0.000000,0.000000,0.000000
65941.000,30.291716180,-97.744306093,158.3560,5,1.000000,0.000000,0.000000,0.000000
65942.000,30.291841918,-97.744294378,158.4150,5,1.000000,0.000000,0.000000,0.000000
65943.000,30.291967560,-97.744283308,158.5200,5,1.000000,0.000000,0.000000,0.000000
65944.000,30.292094445,-97.744271108,158.2290,5,1.000000,0.000000,0.000000,0.000000
65945.000,30.292218407,-97.744261132,158.7970,5,1.000000,0.000000,0.000000,0.000000
65946.000,30.292342592,-97.744249343,158.4450,5,1.000000,0.000000,0.000000,0.000000
65947.000,30.292464078,-97.744239052,158.9450,5,1.000000,0.000000,0.000000,0.000000
65948.000,30.292584033,-97.744231340,159.1850,5,1.000000,0.000000,0.000000,0.000000
65949.000,30.292700810,-97.744225185,159.4410,5,1.000000,0.000000,0.000000,0.000000
65950.000,30.292809758,-97.744225768,160.4050,5,1.000000,0.000000,0.000000,0.000000
65951.000,30.292914045,-97.744216923,160.4000,5,1.000000,0.000000,0.000000,0.000000
65952.000,30.293009913,-97.744208683,160.2880,5,1.000000,0.000000,0.000000,0.000000
65953.000,30.293094552,-97.744198645,160.0530,5,1.000000,0.000000,0.000000,0.000000
65954.000,30.293168435,-97.744190827,159.7650,5,1.000000,0.000000,0.000000,0.000000
65955.000,30.293225133,-97.744183397,159.4910,5,1.000000,0.000000,0.000000,0.000000
65956.000,30.293261790,-97.744179043,159.4700,5,1.000000,0.000000,0.000000,0.000000
65957.000,30.293278005,-97.744175857,158.9940,5,1.000000,0.000000,0.000000,0.000000
65958.000,30.293279295,-97.744174727,158.7970,5,1.000000,0.000000,0.000000,0.000000
65959.000,30.293280857,-97.744173545,158.5850,5,1.000000,0.000000,0.000000,0.000000
65960.000,30.293285072,-97.744172718,158.5380,5,1.000000,0.000000,0.000000,0.000000
65961.000,30.293300297,-97.744170805,158.5190,5,1.000000,0.000000,0.000000,0.000000
65962.000,30.293329665,-97.744165150,158.2970,5,1.000000,0.000000,0.000000,0.000000
65963.000,30.293362572,-97.744145065,158.2380,5,1.000000,0.000000,0.000000,0.000000
65964.000,30.293385858,-97.744103383,158.1630,5,1.000000,0.000000,0.000000,0.000000
65965.000,30.293392993,-97.744047782,158.1700,5,1.000000,0.000000,0.000000,0.000000
65966.000,30.293391075,-97.743984630,158.1990,5,1.000000,0.000000,0.000000,0.000000
65967.000,30.293386972,-97.743908192,158.2960,5,1.000000,0.000000,0.000000,0.000000
65968.000,30.293380475,-97.743815820,158.1490,4,1.000000,0.000000,0.000000,0.000000
65969.000,30.293371068,-97.743712057,158.0540,4,1.000000,0.000000,0.000000,0.000000
65970.000,30.293361882,-97.743600743,157.9790,4,1.000000,0.000000,0.000000,0.000000
65971.000,30.293354282,-97.743488080,157.8480,4,1.000000,0.000000,0.000000,0.000000
65972.000,30.293347515,-97.743377470,157.6900,4,1.000000,0.000000,0.000000,0.000000
65973.000,30.293342347,-97.743269773,157.4810,5,1.000000,0.000000,0.000000,0.000000
65974.000,30.293337063,-97.743164432,157.2830,4,1.000000,0.000000,0.000000,0.000000
65975.000,30.293331337,-97.743061272,157.0810,5,1.000000,0.000000,0.000000,0.000000
65976.000,30.293325887,-97.742963415,156.8870,4,1.000000,0.000000,0.000000,0.000000
65977.000,30.293319930,-97.742879692,156.7650,4,1.000000,0.000000,0.000000,0.000000
65978.000,30.293312855,-97.742812642,156.5590,5,1.000000,0.000000,0.000000,0.000000
65979.000,30.293307655,-97.742772135,156.4320,5,1.000000,0.000000,0.000000,0.000000
65980.000,30.293306005,-97.742763193,156.4740,4,1.000000,0.000000,0.000000,0.000000
65981.000,30.293305692,-97.742761590,156.4560,4,1.000000,0.000000,0.000000,0.000000
65982.000,30.293302352,-97.742745157,156.4840,4,1.000000,0.000000,0.000000,0.000000
65983.000,30.293289800,-97.742712783,156.5290,5,1.000000,0.000000,0.000000,0.000000
65984.000,30.293260663,-97.742680815,156.4870,4,1.000000,0.000000,0.000000,0.000000
65985.000,30.293214635,-97.742664225,156.4180,5,1.000000,0.000000,0.000000,0.000000
65986.000,30.293156875,-97.742658885,156.5690,4,1.000000,0.000000,0.000000,0.000000
65987.000,30.293087713,-97.742660198,156.6130,4,1.000000,0.000000,0.000000,0.000000
65988.000,30.293006620,-97.742666463,156.9970,4,1.000000,0.000000,0.000000,0.000000
65989.000,30.292916522,-97.742676435,156.3270,5,1.000000,0.000000,0.000000,0.000000
65990.000,30.292814973,-97.742682942,156.8780,5,1.000000,0.000000,0.000000,0.000000
65991.000,30.292706618,-97.742691712,157.4710,5,1.000000,0.000000,0.000000,0.000000
65992.000,30.292595447,-97.742700992,157.5990,5,1.000000,0.000000,0.000000,0.000000
65993.000,30.292481955,-97.742710853,157.6800,5,1.000000,0.000000,0.000000,0.000000
65994.000,30.292371168,-97.742722790,157.8870,5,1.000000,0.000000,0.000000,0.000000
65995.000,30.292264312,-97.742734973,158.0850,5,1.000000,0.000000,0.000000,0.000000
65996.000,30.292162817,-97.742748703,157.8700,5,1.000000,0.000000,0.000000,0.000000
65997.000,30.292064778,-97.742761180,158.0140,5,1.000000,0.000000,0.000000,0.000000
65998.000,30.291970095,-97.742770852,157.9260,4,1.000000,0.000000,0.000000,0.000000
65999.000,30.291877517,-97.742779513,157.8770,5,1.000000,0.000000,0.000000,0.000000
66000.000,30.291782552,-97.742787933,157.7950,4,1.000000,0.000000,0.000000,0.000000
66001.000,30.291686922,-97.742795850,157.6830,4,1.000000,0.000000,0.000000,0.000000
66002.000,30.291591520,-97.742804245,157.6300,5,1.000000,0.000000,0.000000,0.000000
66003.000,30.291495253,-97.742812765,157.5430,5,1.000000,0.000000,0.000000,0.000000
66004.000,30.291399283,-97.742822223,157.5010,4,1.000000,0.000000,0.000000,0.000000
66005.000,30.291301858,-97.742832688,157.4740,4,1.000000,0.000000,0.000000,0.000000
66006.000,30.291205492,-97.742843390,157.4470,4,1.000000,0.000000,0.000000,0.000000
66007.000,30.291113107,-97.742852885,157.4130,4,1.000000,0.000000,0.000000,0.000000
66008.000,30.291026727,-97.742860925,157.3750,4,1.000000,0.000000,0.000000,0.000000
66009.000,30.290949483,-97.742868078,157.3070,4,1.000000,0.000000,0.000000,0.000000
66010.000,30.290883118,-97.742874535,157.2680,4,1.000000,0.000000,0.000000,0.000000
66011.000,30.290823268,-97.742880930,157.2590,4,1.000000,0.000000,0.000000,0.000000
66012.000,30.290770982,-97.742887063,157.2690,4,1.000000,0.000000,0.000000,0.000000
66013.000,30.290730040,-97.742891680,157.2670,4,1.000000,0.000000,0.000000,0.000000
66014.000,30.290704188,-97.742894148,157.2610,4,1.000000,0.000000,0.000000,0.000000
66015.000,30.290691637,-97.742895213,157.2700,5,1.000000,0.000000,0.000000,0.000000
66016.000,30.290681460,-97.742896038,157.2700,5,1.000000,0.000000,0.000000,0.000000
66017.000,30.290674223,-97.742896392,157.2490,4,1.000000,0.000000,0.000000,0.000000
66018.000,30.290669662,-97.742896612,157.2240,4,1.000000,0.000000,0.000000,0.000000
66019.000,30.290665160,-97.742896933,157.2190,4,1.000000,0.000000,0.000000,0.000000
66020.000,30.290657223,-97.742897273,157.2150,4,1.000000,0.000000,0.000000,0.000000
66021.000,30.290641363,-97.742897982,157.2040,4,1.000000,0.000000,0.000000,0.000000
66022.000,30.290614462,-97.742897452,157.2170,4,1.000000,0.000000,0.000000,0.000000
66023.000,30.290575657,-97.742893537,157.1910,4,1.000000,0.000000,0.000000,0.000000
66024.000,30.290525217,-97.742889418,157.0620,4,1.000000,0.000000,0.000000,0.000000
66025.000,30.290466777,-97.742887815,156.9950,4,1.000000,0.000000,0.000000,0.000000
66026.000,30.290407407,-97.742889710,156.9840,4,1.000000,0.000000,0.000000,0.000000
66027.000,30.290347250,-97.742890692,156.9640,4,1.000000,0.000000,0.000000,0.000000
66028.000,30.290282330,-97.742884463,156.9200,4,1.000000,0.000000,0.000000,0.000000
66029.000,30.290211728,-97.742877562,156.8790,4,1.000000,0.000000,0.000000,0.000000
66030.000,30.290134113,-97.742878238,156.8270,4,1.000000,0.000000,0.000000,0.000000
66031.000,30.290052620,-97.742885270,156.7530,5,1.000000,0.000000,0.000000,0.000000
66032.000,30.289967742,-97.742895462,156.8700,5,1.000000,0.000000,0.000000,0.000000
66033.000,30.289886003,-97.742904302,156.6660,5,1.000000,0.000000,0.000000,0.000000
66034.000,30.289802897,-97.742914920,157.0800,5,1.000000,0.000000,0.000000,0.000000
66035.000,30.289740250,-97.742891998,152.9010,5,1.000000,0.000000,0.000000,0.000000
66036.000,30.289664800,-97.742898457,152.7590,5,1.000000,0.000000,0.000000,0.000000
66037.000,30.289596252,-97.742912947,153.7850,5,1.000000,0.000000,0.000000,0.000000
66038.000,30.289541028,-97.742928062,154.0110,5,1.000000,0.000000,0.000000,0.000000
66039.000,30.289498898,-97.742940312,154.1750,5,1.000000,0.000000,0.000000,0.000000
66040.000,30.289467828,-97.742947663,154.1850,5,1.000000,0.000000,0.000000,0.000000
66041.000,30.289448540,-97.742950745,154.4010,5,1.000000,0.000000,0.000000,0.000000
66042.000,30.289435925,-97.742952783,154.5260,5,1.000000,0.000000,0.000000,0.000000
66043.000,30.289420743,-97.742954970,154.5860,5,1.000000,0.000000,0.000000,0.000000
66044.000,30.289397925,-97.742957630,154.6250,5,1.000000,0.000000,0.000000,0.000000
66045.000,30.289379652,-97.742959918,154.7240,5,1.000000,0.000000,0.000000,0.000000
66046.000,30.289372170,-97.742961398,154.8360,5,1.000000,0.000000,0.000000,0.000000
66047.000,30.289371673,-97.742961952,154.9220,5,1.000000,0.000000,0.000000,0.000000
66048.000,30.289369502,-97.742962667,154.9930,5,1.000000,0.000000,0.000000,0.000000
66049.000,30.289354950,-97.742964638,155.1210,5,1.000000,0.000000,0.000000,0.000000
66050.000,30.289326240,-97.742967682,155.2140,5,1.000000,0.000000,0.000000,0.000000
66051.000,30.289302637,-97.742970257,155.3210,5,1.000000,0.000000,0.000000,0.000000
66052.000,30.289284900,-97.742972093,155.3170,5,1.000000,0.000000,0.000000,0.000000
66053.000,30.289251557,-97.742975100,155.3850,5,1.000000,0.000000,0.000000,0.000000
66054.000,30.289198305,-97.742979415,155.4760,5,1.000000,0.000000,0.000000,0.000000
66055.000,30.289128228,-97.742984730,155.4830,5,1.000000,0.000000,0.000000,0.000000
66056.000,30.289044533,-97.742992332,155.6390,5,1.000000,0.000000,0.000000,0.000000
66057.000,30.288951400,-97.743001573,155.4930,4,1.000000,0.000000,0.000000,0.000000
66058.000,30.288852287,-97.743012075,155.3860,5,1.000000,0.000000,0.000000,0.000000
66059.000,30.288754898,-97.743022417,155.3370,5,1.000000,0.000000,0.000000,0.000000
66060.000,30.288660168,-97.743032937,155.3760,5,1.000000,0.000000,0.000000,0.000000
66061.000,30.288568252,-97.743042580,155.1860,5,1.000000,0.000000,0.000000,0.000000
66062.000,30.288480013,-97.743052537,155.0450,5,1.000000,0.000000,0.000000,0.000000
66064.000,30.288339682,-97.743067620,155.0010,5,1.000000,0.000000,0.000000,0.000000
66065.000,30.288292667,-97.743071793,154.8600,5,1.000000,0.000000,0.000000,0.000000
66066.000,30.288260778,-97.743074845,154.7980,5,1.000000,0.000000,0.000000,0.000000
66067.000,30.288245805,-97.743076512,154.9320,5,1.000000,0.000000,0.000000,0.000000
66068.000,30.288243680,-97.743076348,154.8120,5,1.000000,0.000000,0.000000,0.000000
66069.000,30.288243667,-97.743076315,154.8060,5,1.000000,0.000000,0.000000,0.000000
66070.000,30.288243653,-97.743076335,154.8170,5,1.000000,0.000000,0.000000,0.000000
66071.000,30.288243597,-97.743076368,154.8460,5,1.000000,0.000000,0.000000,0.000000
66072.000,30.288241882,-97.743076522,154.8660,5,1.000000,0.000000,0.000000,0.000000
66073.000,30.288233273,-97.743077667,154.8540,5,1.000000,0.000000,0.000000,0.000000
66074.000,30.288219428,-97.743079088,154.7990,5,1.000000,0.000000,0.000000,0.000000
66075.000,30.288209245,-97.743079965,154.7670,4,1.000000,0.000000,0.000000,0.000000
66076.000,30.288207568,-97.743080077,154.7860,4,1.000000,0.000000,0.000000,0.000000
66077.000,30.288207565,-97.743080107,154.7940,4,1.000000,0.000000,0.000000,0.000000
66078.000,30.288207600,-97.743080103,154.8030,4,1.000000,0.000000,0.000000,0.000000
66079.000,30.288207542,-97.743080085,154.7990,5,1.000000,0.000000,0.000000,0.000000
66080.000,30.288207607,-97.743080062,154.8030,4,1.000000,0.000000,0.000000,0.000000
66081.000,30.288207617,-97.743080105,154.8010,4,1.000000,0.000000,0.000000,0.000000
66082.000,30.288207642,-97.743080027,154.7900,4,1.000000,0.000000,0.000000,0.000000
66083.000,30.288207590,-97.743079992,154.7950,4,1.000000,0.000000,0.000000,0.000000
66084.000,30.288207572,-97.743080030,154.7830,4,1.000000,0.000000,0.000000,0.000000
66085.000,30.288207617,-97.743080062,154.7920,4,1.000000,0.000000,0.000000,0.000000
66086.000,30.288207587,-97.743080025,154.8050,4,1.000000,0.000000,0.000000,0.000000
66087.000,30.288207602,-97.743080052,154.8010,4,1.000000,0.000000,0.000000,0.000000
66088.000,30.288207607,-97.743080013,154.7860,4,1.000000,0.000000,0.000000,0.000000
66089.000,30.288207553,-97.743080052,154.8240,4,1.000000,0.000000,0.000000,0.000000
66090.000,30.288207512,-97.743080057,154.8220,5,1.000000,0.000000,0.000000,0.000000
66091.000,30.288207435,-97.743080038,154.7970,4,1.000000,0.000000,0.000000,0.000000
66092.000,30.288203808,-97.743080448,154.8450,5,1.000000,0.000000,0.000000,0.000000
66093.000,30.288195103,-97.743081293,154.7940,5,1.000000,0.000000,0.000000,0.000000
66094.000,30.288192633,-97.743081642,154.8240,4,1.000000,0.000000,0.000000,0.000000
66095.000,30.288192680,-97.743081563,154.8210,4,1.000000,0.000000,0.000000,0.000000
66096.000,30.288192565,-97.743081740,154.8030,5,1.000000,0.000000,0.000000,0.000000
66097.000,30.288192573,-97.743081693,154.8280,5,1.000000,0.000000,0.000000,0.000000
66098.000,30.288192698,-97.743081557,154.8100,4,1.000000,0.000000,0.000000,0.000000
66099.000,30.288192668,-97.743081603,154.8030,4,1.000000,0.000000,0.000000,0.000000
66100.000,30.288192673,-97.743081567,154.7990,4,1.000000,0.000000,0.000000,0.000000
66101.000,30.288192695,-97.743081502,154.8040,4,1.000000,0.000000,0.000000,0.000000
66102.000,30.288192660,-97.743081488,154.8050,4,1.000000,0.000000,0.000000,0.000000
66103.000,30.288192685,-97.743081465,154.8050,4,1.000000,0.000000,0.000000,0.000000
66104.000,30.288192648,-97.743081490,154.8100,4,1.000000,0.000000,0.000000,0.000000
66105.000,30.288192692,-97.743081532,154.8100,4,1.000000,0.000000,0.000000,0.000000
66106.000,30.288192662,-97.743081507,154.8110,4,1.000000,0.000000,0.000000,0.000000
66107.000,30.288192657,-97.743081505,154.8040,4,1.000000,0.000000,0.000000,0.000000
66108.000,30.288192683,-97.743081490,154.8010,4,1.000000,0.000000,0.000000,0.000000
66109.000,30.288192657,-97.743081517,154.8010,4,1.000000,0.000000,0.000000,0.000000
66110.000,30.288192635,-97.743081528,154.8060,4,1.000000,0.000000,0.000000,0.000000
66111.000,30.288192667,-97.743081497,154.8020,4,1.000000,0.000000,0.000000,0.000000
66112.000,30.288192690,-97.743081575,154.7950,4,1.000000,0.000000,0.000000,0.000000
66113.000,30.288192693,-97.743081538,154.7800,4,1.000000,0.000000,0.000000,0.000000
66114.000,30.288192685,-97.743081538,154.7940,4,1.000000,0.000000,0.000000,0.000000
66115.000,30.288192692,-97.743081587,154.7840,4,1.000000,0.000000,0.000000,0.000000
66116.000,30.288192715,-97.743081468,154.8000,4,1.000000,0.000000,0.000000,0.000000
66117.000,30.288192603,-97.743081685,154.7670,5,1.000000,0.000000,0.000000,0.000000
66118.000,30.288192670,-97.743081508,154.7820,4,1.000000,0.000000,0.000000,0.000000
66119.000,30.288192658,-97.743081505,154.7830,4,1.000000,0.000000,0.000000,0.000000
66120.000,30.288192660,-97.743081670,154.7520,5,1.000000,0.000000,0.000000,0.000000
66121.000,30.288192690,-97.743081535,154.7830,4,1.000000,0.000000,0.000000,0.000000
66122.000,30.288192630,-97.743081650,154.7540,5,1.000000,0.000000,0.000000,0.000000
66123.000,30.288192603,-97.743081675,154.7530,5,1.000000,0.000000,0.000000,0.000000
66124.000,30.288192688,-97.743081570,154.7770,4,1.000000,0.000000,0.000000,0.000000
66125.000,30.288192572,-97.743081595,154.7590,4,1.000000,0.000000,0.000000,0.000000
66126.000,30.288189205,-97.743082078,154.7510,4,1.000000,0.000000,0.000000,0.000000
66127.000,30.288178463,-97.743083128,154.7440,5,1.000000,0.000000,0.000000,0.000000
66128.000,30.288157102,-97.743085670,154.6560,5,1.000000,0.000000,0.000000,0.000000
66129.000,30.288125470,-97.743089132,154.7170,4,1.000000,0.000000,0.000000,0.000000
66130.000,30.288087312,-97.743093058,154.6780,4,1.000000,0.000000,0.000000,0.000000
66131.000,30.288048092,-97.743096818,154.6230,4,1.000000,0.000000,0.000000,0.000000
66132.000,30.288012395,-97.743100075,154.6180,4,1.000000,0.000000,0.000000,0.000000
66133.000,30.287985350,-97.743102603,154.4970,4,1.000000,0.000000,0.000000,0.000000
66134.000,30.287959792,-97.743104992,154.5140,4,1.000000,0.000000,0.000000,0.000000
66135.000,30.287932573,-97.743109557,154.5240,4,1.000000,0.000000,0.000000,0.000000
66136.000,30.287903565,-97.743121187,154.5360,4,1.000000,0.000000,0.000000,0.000000
66137.000,30.287879382,-97.743142742,154.4550,4,1.000000,0.000000,0.000000,0.000000
66138.000,30.287859925,-97.743175990,154.4730,4,1.000000,0.000000,0.000000,0.000000
66139.000,30.287846412,-97.743219677,154.5070,4,1.000000,0.000000,0.000000,0.000000
66140.000,30.287840252,-97.743269065,154.5150,4,1.000000,0.000000,0.000000,0.000000
66141.000,30.287841610,-97.743325555,154.5520,4,1.000000,0.000000,0.000000,0.000000
66142.000,30.287845857,-97.743378685,154.5510,4,1.000000,0.000000,0.000000,0.000000
66143.000,30.287849200,-97.743427292,154.5490,4,1.000000,0.000000,0.000000,0.000000
66144.000,30.287853068,-97.743474345,154.5600,5,1.000000,0.000000,0.000000,0.000000
66145.000,30.287854537,-97.743520383,154.7110,5,1.000000,0.000000,0.000000,0.000000
66146.000,30.287848002,-97.743567235,154.8580,5,1.000000,0.000000,0.000000,0.000000
66147.000,30.287825228,-97.743611705,154.7410,5,1.000000,0.000000,0.000000,0.000000
66148.000,30.287785242,-97.743645507,154.6350,5,1.000000,0.000000,0.000000,0.000000
66149.000,30.287727522,-97.743663648,154.7840,5,1.000000,0.000000,0.000000,0.000000
66150.000,30.287658827,-97.743675768,154.4200,5,1.000000,0.000000,0.000000,0.000000
66151.000,30.287575667,-97.743682558,155.5020,5,1.000000,0.000000,0.000000,0.000000
66152.000,30.287489043,-97.743689582,155.4130,5,1.000000,0.000000,0.000000,0.000000
66153.000,30.287398990,-97.743695617,156.2190,5,1.000000,0.000000,0.000000,0.000000
66154.000,30.287309892,-97.743703248,155.9880,5,1.000000,0.000000,0.000000,0.000000
66155.000,30.287222275,-97.743711067,156.1670,5,1.000000,0.000000,0.000000,0.000000
66156.000,30.287138330,-97.743720113,156.2820,5,1.000000,0.000000,0.000000,0.000000
66157.000,30.287060283,-97.743726860,156.4590,5,1.000000,0.000000,0.000000,0.000000
66158.000,30.286986648,-97.743734303,156.5270,5,1.000000,0.000000,0.000000,0.000000
66159.000,30.286915375,-97.743742222,156.4640,5,1.000000,0.000000,0.000000,0.000000
66160.000,30.286849197,-97.743749295,156.3360,5,1.000000,0.000000,0.000000,0.000000
66161.000,30.286793943,-97.743757792,156.6140,5,1.000000,0.000000,0.000000,0.000000
66162.000,30.286753235,-97.743763823,156.6020,5,1.000000,0.000000,0.000000,0.000000
66163.000,30.286730670,-97.743767755,156.3160,5,1.000000,0.000000,0.000000,0.000000
66164.000,30.286716592,-97.743770580,156.2170,5,1.000000,0.000000,0.000000,0.000000
66165.000,30.286698338,-97.743774052,156.2260,5,1.000000,0.000000,0.000000,0.000000
66166.000,30.286666863,-97.743778208,155.9690,5,1.000000,0.000000,0.000000,0.000000
66167.000,30.286622762,-97.743780545,155.9900,5,1.000000,0.000000,0.000000,0.000000
66168.000,30.286569227,-97.743785508,155.7910,5,1.000000,0.000000,0.000000,0.000000
66169.000,30.286503823,-97.743797085,155.6870,5,1.000000,0.000000,0.000000,0.000000
66170.000,30.286426050,-97.743812138,156.0520,5,1.000000,0.000000,0.000000,0.000000
66171.000,30.286340378,-97.743822925,155.4250,5,1.000000,0.000000,0.000000,0.000000
66176.000,30.285882690,-97.743877953,154.8210,5,1.000000,0.000000,0.000000,0.000000
66177.000,30.285796462,-97.743871585,153.2010,5,1.000000,0.000000,0.000000,0.000000
66178.000,30.285708160,-97.743889533,155.3840,5,1.000000,0.000000,0.000000,0.000000
66179.000,30.285629747,-97.743886313,155.7930,5,1.000000,0.000000,0.000000,0.000000
66180.000,30.285558922,-97.743876285,155.9220,5,1.000000,0.000000,0.000000,0.000000
66181.000,30.285480962,-97.743930433,163.5100,5,1.000000,0.000000,0.000000,0.000000
66182.000,30.285426030,-97.743919082,161.8420,5,1.000000,0.000000,0.000000,0.000000
66183.000,30.285372532,-97.743926208,161.8720,5,1.000000,0.000000,0.000000,0.000000
66184.000,30.285323805,-97.743928478,161.9960,5,1.000000,0.000000,0.000000,0.000000
66185.000,30.285281237,-97.743927795,161.8500,5,1.000000,0.000000,0.000000,0.000000
66186.000,30.285244435,-97.743924143,160.6560,5,1.000000,0.000000,0.000000,0.000000
66187.000,30.285224155,-97.743918113,158.3290,5,1.000000,0.000000,0.000000,0.000000
66188.000,30.285219225,-97.743908308,155.4920,5,1.000000,0.000000,0.000000,0.000000
66189.000,30.285210490,-97.743910318,155.9480,5,1.000000,0.000000,0.000000,0.000000
66190.000,30.285196382,-97.743911310,155.8820,5,1.000000,0.000000,0.000000,0.000000
66191.000,30.285179145,-97.743913820,156.1240,5,1.000000,0.000000,0.000000,0.000000
66192.000,30.285154443,-97.743917595,155.5710,5,1.000000,0.000000,0.000000,0.000000
66193.000,30.285114323,-97.743926028,155.2520,5,1.000000,0.000000,0.000000,0.000000
66194.000,30.285059508,-97.743934845,154.9510,5,1.000000,0.000000,0.000000,0.000000
66195.000,30.284986457,-97.743947513,156.4500,5,1.000000,0.000000,0.000000,0.000000
66204.000,30.284180938,-97.744054025,167.1630,5,1.000000,0.000000,0.000000,0.000000
66205.000,30.284125250,-97.744050410,164.2990,5,1.000000,0.000000,0.000000,0.000000
66206.000,30.284071893,-97.744068845,167.7990,5,1.000000,0.000000,0.000000,0.000000
66207.000,30.284068320,-97.744031243,155.7990,5,1.000000,0.000000,0.000000,0.000000
66208.000,30.284053785,-97.744027092,153.4280,5,1.000000,0.000000,0.000000,0.000000
66209.000,30.284022453,-97.744035240,152.6030,5,1.000000,0.000000,0.000000,0.000000
66210.000,30.283975647,-97.744043777,150.4010,5,1.000000,0.000000,0.000000,0.000000
66211.000,30.283909925,-97.744057290,149.8460,5,1.000000,0.000000,0.000000,0.000000
66212.000,30.283830370,-97.744067200,148.9720,5,1.000000,0.000000,0.000000,0.000000
66213.000,30.283738230,-97.744074443,149.0170,5,1.000000,0.000000,0.000000,0.000000
66214.000,30.283640600,-97.744081860,149.1210,5,1.000000,0.000000,0.000000,0.000000
66215.000,30.283541027,-97.744091162,148.3470,5,1.000000,0.000000,0.000000,0.000000
66216.000,30.283438632,-97.744099953,148.0490,5,1.000000,0.000000,0.000000,0.000000
66217.000,30.283334918,-97.744107988,147.9170,5,1.000000,0.000000,0.000000,0.000000
66218.000,30.283230805,-97.744117598,147.7170,5,1.000000,0.000000,0.000000,0.000000
66219.000,30.283127370,-97.744127780,147.1230,5,1.000000,0.000000,0.000000,0.000000
66220.000,30.283028712,-97.744137497,146.8020,5,1.000000,0.000000,0.000000,0.000000
66221.000,30.282934998,-97.744146028,146.5200,5,1.000000,0.000000,0.000000,0.000000
66222.000,30.282845968,-97.744157380,146.2610,5,1.000000,0.000000,0.000000,0.000000
66223.000,30.282762902,-97.744169407,146.0960,5,1.000000,0.000000,0.000000,0.000000
66224.000,30.282692000,-97.744179652,145.9040,5,1.000000,0.000000,0.000000,0.000000
66225.000,30.282632985,-97.744187785,145.6510,5,1.000000,0.000000,0.000000,0.000000
66226.000,30.282591438,-97.744192785,145.6580,5,1.000000,0.000000,0.000000,0.000000
66227.000,30.282569548,-97.744195298,145.6470,5,1.000000,0.000000,0.000000,0.000000
66228.000,30.282563757,-97.744195692,145.7460,5,1.000000,0.000000,0.000000,0.000000
66229.000,30.282563633,-97.744195642,145.7800,5,1.000000,0.000000,0.000000,0.000000
66230.000,30.282563433,-97.744195407,145.8660,5,1.000000,0.000000,0.000000,0.000000
66231.000,30.282563300,-97.744195352,145.8890,5,1.000000,0.000000,0.000000,0.000000
66232.000,30.282558700,-97.744195638,145.8840,5,1.000000,0.000000,0.000000,0.000000
66233.000,30.282546147,-97.744197203,145.8710,5,1.000000,0.000000,0.000000,0.000000
66234.000,30.282528728,-97.744198805,145.6190,4,1.000000,0.000000,0.000000,0.000000
66235.000,30.282513063,-97.744198305,145.2170,4,1.000000,0.000000,0.000000,0.000000
66236.000,30.282505918,-97.744197607,144.8180,4,1.000000,0.000000,0.000000,0.000000
66237.000,30.282505395,-97.744197227,144.7240,5,1.000000,0.000000,0.000000,0.000000
66238.000,30.282505195,-97.744197092,144.6770,4,1.000000,0.000000,0.000000,0.000000
66239.000,30.282505148,-97.744197090,144.6670,4,1.000000,0.000000,0.000000,0.000000
66240.000,30.282505097,-97.744197078,144.6590,4,1.000000,0.000000,0.000000,0.000000
66241.000,30.282505065,-97.744197100,144.6480,4,1.000000,0.000000,0.000000,0.000000
66242.000,30.282505017,-97.744197070,144.6470,4,1.000000,0.000000,0.000000,0.000000
66243.000,30.282504992,-97.744197080,144.6400,4,1.000000,0.000000,0.000000,0.000000
66244.000,30.282504955,-97.744197082,144.6400,4,1.000000,0.000000,0.000000,0.000000
66245.000,30.282504942,-97.744197073,144.6400,4,1.000000,0.000000,0.000000,0.000000
66246.000,30.282504908,-97.744197075,144.6340,4,1.000000,0.000000,0.000000,0.000000
66247.000,30.282504903,-97.744197068,144.6280,4,1.000000,0.000000,0.000000,0.000000
66248.000,30.282504902,-97.744197065,144.6300,4,1.000000,0.000000,0.000000,0.000000
66249.000,30.282504927,-97.744197070,144.6260,4,1.000000,0.000000,0.000000,0.000000
66250.000,30.282504908,-97.744197077,144.6240,4,1.000000,0.000000,0.000000,0.000000
66251.000,30.282504905,-97.744197078,144.6180,4,1.000000,0.000000,0.000000,0.000000
66252.000,30.282504888,-97.744197058,144.6210,4,1.000000,0.000000,0.000000,0.000000
66253.000,30.282504892,-97.744197060,144.6200,4,1.000000,0.000000,0.000000,0.000000
66254.000,30.282504872,-97.744197057,144.6050,5,1.000000,0.000000,0.000000,0.000000
66255.000,30.282504895,-97.744197068,144.6170,4,1.000000,0.000000,0.000000,0.000000
66256.000,30.282504890,-97.744197092,144.6110,4,1.000000,0.000000,0.000000,0.000000
66257.000,30.282504897,-97.744197078,144.6110,4,1.000000,0.000000,0.000000,0.000000
66258.000,30.282504892,-97.744197065,144.6040,4,1.000000,0.000000,0.000000,0.000000
66259.000,30.282504875,-97.744197080,144.6090,4,1.000000,0.000000,0.000000,0.000000
66260.000,30.282504890,-97.744197083,144.6160,4,1.000000,0.000000,0.000000,0.000000
66261.000,30.282504883,-97.744197067,144.6190,4,1.000000,0.000000,0.000000,0.000000
66262.000,30.282504880,-97.744197057,144.6140,4,1.000000,0.000000,0.000000,0.000000
66263.000,30.282504883,-97.744197048,144.6160,4,1.000000,0.000000,0.000000,0.000000
66264.000,30.282504887,-97.744197075,144.6130,4,1.000000,0.000000,0.000000,0.000000
66265.000,30.282504902,-97.744197063,144.6120,4,1.000000,0.000000,0.000000,0.000000
66266.000,30.282504897,-97.744197068,144.6190,4,1.000000,0.000000,0.000000,0.000000
66267.000,30.282504893,-97.744197083,144.6210,4,1.000000,0.000000,0.000000,0.000000
66268.000,30.282504892,-97.744197062,144.6180,4,1.000000,0.000000,0.000000,0.000000
66269.000,30.282504877,-97.744197052,144.6110,4,1.000000,0.000000,0.000000,0.000000
66270.000,30.282504907,-97.744197070,144.6220,4,1.000000,0.000000,0.000000,0.000000
66271.000,30.282504898,-97.744197067,144.6170,4,1.000000,0.000000,0.000000,0.000000
66272.000,30.282504885,-97.744197080,144.6140,4,1.000000,0.000000,0.000000,0.000000
66273.000,30.282504900,-97.744197077,144.6210,4,1.000000,0.000000,0.000000,0.000000
66274.000,30.282504907,-97.744197097,144.6250,4,1.000000,0.000000,0.000000,0.000000
66275.000,30.282504907,-97.744197083,144.6170,4,1.000000,0.000000,0.000000,0.000000
66276.000,30.282504920,-97.744197085,144.6250,4,1.000000,0.000000,0.000000,0.000000
66277.000,30.282504917,-97.744197092,144.6210,4,1.000000,0.000000,0.000000,0.000000
66278.000,30.282504905,-97.744197073,144.6180,4,1.000000,0.000000,0.000000,0.000000
66279.000,30.282504913,-97.744197080,144.6210,4,1.000000,0.000000,0.000000,0.000000
66280.000,30.282504920,-97.744197072,144.6210,4,1.000000,0.000000,0.000000,0.000000
66281.000,30.282504927,-97.744197070,144.6240,4,1.000000,0.000000,0.000000,0.000000
66282.000,30.282504910,-97.744197072,144.6190,4,1.000000,0.000000,0.000000,0.000000
66283.000,30.282504918,-97.744197065,144.6240,4,1.000000,0.000000,0.000000,0.000000
66284.000,30.282504920,-97.744197075,144.6180,4,1.000000,0.000000,0.000000,0.000000
66285.000,30.282504908,-97.744197058,144.6160,4,1.000000,0.000000,0.000000,0.000000
66286.000,30.282504925,-97.744197052,144.6200,4,1.000000,0.000000,0.000000,0.000000
66287.000,30.282504920,-97.744197068,144.6100,4,1.000000,0.000000,0.000000,0.000000
66288.000,30.282504925,-97.744197060,144.6190,4,1.000000,0.000000,0.000000,0.000000
66289.000,30.282504940,-97.744197075,144.6190,4,1.000000,0.000000,0.000000,0.000000
66290.000,30.282504927,-97.744197073,144.6190,4,1.000000,0.000000,0.000000,0.000000
66291.000,30.282504925,-97.744197052,144.6150,4,1.000000,0.000000,0.000000,0.000000
66292.000,30.282504938,-97.744197060,144.6120,4,1.000000,0.000000,0.000000,0.000000
66293.000,30.282504945,-97.744197028,144.6110,4,1.000000,0.000000,0.000000,0.000000
66294.000,30.282504955,-97.744197038,144.6150,4,1.000000,0.000000,0.000000,0.000000
66295.000,30.282504955,-97.744197038,144.6120,4,1.000000,0.000000,0.000000,0.000000
66296.000,30.282504945,-97.744197038,144.6130,4,1.000000,0.000000,0.000000,0.000000
66297.000,30.282504943,-97.744197047,144.6100,4,1.000000,0.000000,0.000000,0.000000
66298.000,30.282504952,-97.744197048,144.6090,4,1.000000,0.000000,0.000000,0.000000
66299.000,30.282504950,-97.744197047,144.6090,4,1.000000,0.000000,0.000000,0.000000
66300.000,30.282504953,-97.744197045,144.6080,4,1.000000,0.000000,0.000000,0.000000
66301.000,30.282504972,-97.744197048,144.6000,4,1.000000,0.000000,0.000000,0.000000
66302.000,30.282504982,-97.744197033,144.6070,4,1.000000,0.000000,0.000000,0.000000
66303.000,30.282504985,-97.744197042,144.6120,4,1.000000,0.000000,0.000000,0.000000
66304.000,30.282504975,-97.744197025,144.6100,4,1.000000,0.000000,0.000000,0.000000
66305.000,30.282504987,-97.744197030,144.6050,4,1.000000,0.000000,0.000000,0.000000
66306.000,30.282504990,-97.744197033,144.6090,4,1.000000,0.000000,0.000000,0.000000
66307.000,30.282504995,-97.744197025,144.6040,4,1.000000,0.000000,0.000000,0.000000
66308.000,30.282504803,-97.744197045,144.6000,4,1.000000,0.000000,0.000000,0.000000
66309.000,30.282497203,-97.744197987,144.5710,4,1.000000,0.000000,0.000000,0.000000
66310.000,30.282469853,-97.744202417,144.5130,4,1.000000,0.000000,0.000000,0.000000
66311.000,30.282428925,-97.744205063,144.4770,4,1.000000,0.000000,0.000000,0.000000
66312.000,30.282381710,-97.744196638,144.4650,4,1.000000,0.000000,0.000000,0.000000
66313.000,30.282334258,-97.744171232,144.3540,4,1.000000,0.000000,0.000000,0.000000
66314.000,30.282294948,-97.744124915,144.0190,4,1.000000,0.000000,0.000000,0.000000
66315.000,30.282266238,-97.744059355,143.7640,4,1.000000,0.000000,0.000000,0.000000
66316.000,30.282243745,-97.743978543,143.5770,4,1.000000,0.000000,0.000000,0.000000
66317.000,30.282218980,-97.743886852,143.3880,4,1.000000,0.000000,0.000000,0.000000
66318.000,30.282192510,-97.743787323,143.1980,4,1.000000,0.000000,0.000000,0.000000
66319.000,30.282163398,-97.743680830,142.8980,4,1.000000,0.000000,0.000000,0.000000
66320.000,30.282132497,-97.743570262,142.6420,4,1.000000,0.000000,0.000000,0.000000
66321.000,30.282099848,-97.743454832,142.4030,4,1.000000,0.000000,0.000000,0.000000
66322.000,30.282065853,-97.743338713,142.2690,4,1.000000,0.000000,0.000000,0.000000
66323.000,30.282033717,-97.743224397,142.1670,4,1.000000,0.000000,0.000000,0.000000
66324.000,30.282001345,-97.743112578,142.0470,4,1.000000,0.000000,0.000000,0.000000
66325.000,30.281968638,-97.742999472,141.9500,4,1.000000,0.000000,0.000000,0.000000
66326.000,30.281934810,-97.742885710,141.8870,4,1.000000,0.000000,0.000000,0.000000
66327.000,30.281901922,-97.742773888,142.0760,5,1.000000,0.000000,0.000000,0.000000
66328.000,30.281870657,-97.742668273,142.2390,5,1.000000,0.000000,0.000000,0.000000
66329.000,30.281842828,-97.742574482,142.3900,5,1.000000,0.000000,0.000000,0.000000
66330.000,30.281820243,-97.742497187,142.5930,5,1.000000,0.000000,0.000000,0.000000
66331.000,30.281803108,-97.742438143,142.7820,5,1.000000,0.000000,0.000000,0.000000
66332.000,30.281792312,-97.742400120,142.9230,5,1.000000,0.000000,0.000000,0.000000
66333.000,30.281785725,-97.742377317,143.0210,5,1.000000,0.000000,0.000000,0.000000
66334.000,30.281781703,-97.742363892,143.0600,5,1.000000,0.000000,0.000000,0.000000
66335.000,30.281779410,-97.742356107,143.1090,4,1.000000,0.000000,0.000000,0.000000
66336.000,30.281778358,-97.742352583,143.1150,4,1.000000,0.000000,0.000000,0.000000
66337.000,30.281775252,-97.742342118,143.1580,4,1.000000,0.000000,0.000000,0.000000
66338.000,30.281768135,-97.742319030,143.2630,4,1.000000,0.000000,0.000000,0.000000
66339.000,30.281758230,-97.742286732,143.4130,4,1.000000,0.000000,0.000000,0.000000
66340.000,30.281745773,-97.742245257,143.6080,4,1.000000,0.000000,0.000000,0.000000
66341.000,30.281730103,-97.742190830,143.8500,4,1.000000,0.000000,0.000000,0.000000
66342.000,30.281713738,-97.742131188,144.0360,4,1.000000,0.000000,0.000000,0.000000
66343.000,30.281697557,-97.742070028,144.2410,4,1.000000,0.000000,0.000000,0.000000
66344.000,30.281678428,-97.742007897,144.4580,4,1.000000,0.000000,0.000000,0.000000
66345.000,30.281649768,-97.741951212,144.6610,4,1.000000,0.000000,0.000000,0.000000
66346.000,30.281603185,-97.741904092,144.8990,4,1.000000,0.000000,0.000000,0.000000
66347.000,30.281542725,-97.741868948,145.0590,4,1.000000,0.000000,0.000000,0.000000
66348.000,30.281472080,-97.741842392,145.1900,4,1.000000,0.000000,0.000000,0.000000
66349.000,30.281391473,-97.741824558,145.2640,5,1.000000,0.000000,0.000000,0.000000
66350.000,30.281305763,-97.741816645,145.2090,4,1.000000,0.000000,0.000000,0.000000
66351.000,30.281218563,-97.741819963,145.1030,4,1.000000,0.000000,0.000000,0.000000
66352.000,30.281129582,-97.741835887,145.0340,4,1.000000,0.000000,0.000000,0.000000
66353.000,30.281041055,-97.741863012,144.8980,4,1.000000,0.000000,0.000000,0.000000
66354.000,30.280951762,-97.741894035,144.5780,4,1.000000,0.000000,0.000000,0.000000
66355.000,30.280859563,-97.741926833,144.3920,4,1.000000,0.000000,0.000000,0.000000
66356.000,30.280768115,-97.741959703,144.1550,4,1.000000,0.000000,0.000000,0.000000
66357.000,30.280678140,-97.741991787,143.9520,4,1.000000,0.000000,0.000000,0.000000
66358.000,30.280589312,-97.742022947,143.7640,4,1.000000,0.000000,0.000000,0.000000
66359.000,30.280501595,-97.742053590,143.4580,5,1.000000,0.000000,0.000000,0.000000
66360.000,30.280416912,-97.742085607,143.2510,4,1.000000,0.000000,0.000000,0.000000
66361.000,30.280334188,-97.742116543,142.9790,4,1.000000,0.000000,0.000000,0.000000
66362.000,30.280254615,-97.742145718,142.7420,4,1.000000,0.000000,0.000000,0.000000
66363.000,30.280180275,-97.742172677,142.5450,4,1.000000,0.000000,0.000000,0.000000
66364.000,30.280116992,-97.742195983,142.3260,4,1.000000,0.000000,0.000000,0.000000
66365.000,30.280061603,-97.742216538,142.1330,4,1.000000,0.000000,0.000000,0.000000
66366.000,30.280015997,-97.742233293,141.9900,4,1.000000,0.000000,0.000000,0.000000
66367.000,30.279981712,-97.742245507,141.8750,4,1.000000,0.000000,0.000000,0.000000
66368.000,30.279958123,-97.742253407,141.8620,4,1.000000,0.000000,0.000000,0.000000
66369.000,30.279942153,-97.742258928,141.8080,4,1.000000,0.000000,0.000000,0.000000
66370.000,30.279930157,-97.742262648,141.7680,4,1.000000,0.000000,0.000000,0.000000
66371.000,30.279924637,-97.742264380,141.7590,4,1.000000,0.000000,0.000000,0.000000
66372.000,30.279923978,-97.742264677,141.7530,4,1.000000,0.000000,0.000000,0.000000
66373.000,30.279923998,-97.742264642,141.7490,4,1.000000,0.000000,0.000000,0.000000
66374.000,30.279923983,-97.742264620,141.7450,4,1.000000,0.000000,0.000000,0.000000
66375.000,30.279923987,-97.742264630,141.7480,4,1.000000,0.000000,0.000000,0.000000
66376.000,30.279923997,-97.742264632,141.7450,4,1.000000,0.000000,0.000000,0.000000
66377.000,30.279924000,-97.742264605,141.7430,4,1.000000,0.000000,0.000000,0.000000
66378.000,30.279924002,-97.742264627,141.7460,4,1.000000,0.000000,0.000000,0.000000
66379.000,30.279924007,-97.742264640,141.7450,4,1.000000,0.000000,0.000000,0.000000
66380.000,30.279924013,-97.742264612,141.7410,4,1.000000,0.000000,0.000000,0.000000
66381.000,30.279924013,-97.742264610,141.7440,4,1.000000,0.000000,0.000000,0.000000
66382.000,30.279924010,-97.742264622,141.7470,4,1.000000,0.000000,0.000000,0.000000
66383.000,30.279924007,-97.742264640,141.7420,4,1.000000,0.000000,0.000000,0.000000
66384.000,30.279924023,-97.742264630,141.7480,4,1.000000,0.000000,0.000000,0.000000
66385.000,30.279923833,-97.742264690,141.7460,4,1.000000,0.000000,0.000000,0.000000
66386.000,30.279919812,-97.742266073,141.7460,4,1.000000,0.000000,0.000000,0.000000
66387.000,30.279908238,-97.742269790,141.7040,4,1.000000,0.000000,0.000000,0.000000
66388.000,30.279881973,-97.742278248,141.6600,4,1.000000,0.000000,0.000000,0.000000
66389.000,30.279845165,-97.742290158,141.5740,4,1.000000,0.000000,0.000000,0.000000
66390.000,30.279798073,-97.742305292,141.4650,4,1.000000,0.000000,0.000000,0.000000
66391.000,30.279740588,-97.742323893,141.3770,4,1.000000,0.000000,0.000000,0.000000
66392.000,30.279670592,-97.742346205,141.2610,4,1.000000,0.000000,0.000000,0.000000
66393.000,30.279592402,-97.742371010,141.0540,4,1.000000,0.000000,0.000000,0.000000
66394.000,30.279507430,-97.742398968,140.8830,4,1.000000,0.000000,0.000000,0.000000
66395.000,30.279413908,-97.742427705,140.7680,5,1.000000,0.000000,0.000000,0.000000
66396.000,30.279312513,-97.742455228,140.5280,4,1.000000,0.000000,0.000000,0.000000
66397.000,30.279205823,-97.742482997,140.3270,4,1.000000,0.000000,0.000000,0.000000
66398.000,30.279097472,-97.742517352,140.0460,5,1.000000,0.000000,0.000000,0.000000
66399.000,30.278990683,-97.742554878,140.0030,5,1.000000,0.000000,0.000000,0.000000
66400.000,30.278882897,-97.742599207,141.9950,5,1.000000,0.000000,0.000000,0.000000
66401.000,30.278784387,-97.742632838,141.3160,5,1.000000,0.000000,0.000000,0.000000
66402.000,30.278691998,-97.742664412,140.8680,5,1.000000,0.000000,0.000000,0.000000
66403.000,30.278607153,-97.742696268,141.4100,5,1.000000,0.000000,0.000000,0.000000
66404.000,30.278534708,-97.742721610,141.1120,5,1.000000,0.000000,0.000000,0.000000
66405.000,30.278475583,-97.742742962,140.7740,5,1.000000,0.000000,0.000000,0.000000
66406.000,30.278429430,-97.742757462,140.1460,5,1.000000,0.000000,0.000000,0.000000
66407.000,30.278398510,-97.742767962,139.5500,5,1.000000,0.000000,0.000000,0.000000
66408.000,30.278380302,-97.742774715,139.3070,5,1.000000,0.000000,0.000000,0.000000
66409.000,30.278371332,-97.742778255,139.2330,5,1.000000,0.000000,0.000000,0.000000
66410.000,30.278369972,-97.742779950,139.5120,5,1.000000,0.000000,0.000000,0.000000
66411.000,30.278369662,-97.742780537,139.6660,5,1.000000,0.000000,0.000000,0.000000
66412.000,30.278369112,-97.742781575,140.0140,5,1.000000,0.000000,0.000000,0.000000
66413.000,30.278368957,-97.742781900,140.0920,5,1.000000,0.000000,0.000000,0.000000
66414.000,30.278368635,-97.742782400,140.2610,5,1.000000,0.000000,0.000000,0.000000
66415.000,30.278368652,-97.742782355,140.2380,5,1.000000,0.000000,0.000000,0.000000
66416.000,30.278368357,-97.742782868,140.4130,5,1.000000,0.000000,0.000000,0.000000
66417.000,30.278368302,-97.742782988,140.4260,5,1.000000,0.000000,0.000000,0.000000
66418.000,30.278368088,-97.742783285,140.5360,5,1.000000,0.000000,0.000000,0.000000
66419.000,30.278367860,-97.742783685,140.6590,5,1.000000,0.000000,0.000000,0.000000
66420.000,30.278367677,-97.742784062,140.8020,5,1.000000,0.000000,0.000000,0.000000
66421.000,30.278367420,-97.742784487,140.9060,5,1.000000,0.000000,0.000000,0.000000
66422.000,30.278367253,-97.742784808,141.0200,5,1.000000,0.000000,0.000000,0.000000
66423.000,30.278367102,-97.742785110,141.1120,5,1.000000,0.000000,0.000000,0.000000
66424.000,30.278366950,-97.742785353,141.1810,5,1.000000,0.000000,0.000000,0.000000
66425.000,30.278366877,-97.742785502,141.2490,5,1.000000,0.000000,0.000000,0.000000
66426.000,30.278366757,-97.742785690,141.3000,5,1.000000,0.000000,0.000000,0.000000
66427.000,30.278366682,-97.742785847,141.3340,5,1.000000,0.000000,0.000000,0.000000
66428.000,30.278366618,-97.742785902,141.3800,5,1.000000,0.000000,0.000000,0.000000
66429.000,30.278366527,-97.742786007,141.4120,5,1.000000,0.000000,0.000000,0.000000
66430.000,30.278366468,-97.742786135,141.4360,5,1.000000,0.000000,0.000000,0.000000
66431.000,30.278366432,-97.742786160,141.4660,5,1.000000,0.000000,0.000000,0.000000
66432.000,30.278366383,-97.742786275,141.5030,5,1.000000,0.000000,0.000000,0.000000
66433.000,30.278366355,-97.742786278,141.5180,5,1.000000,0.000000,0.000000,0.000000
66434.000,30.278366358,-97.742786315,141.5240,5,1.000000,0.000000,0.000000,0.000000
66435.000,30.278366332,-97.742786400,141.5530,5,1.000000,0.000000,0.000000,0.000000
66436.000,30.278366390,-97.742786297,141.5190,5,1.000000,0.000000,0.000000,0.000000
66437.000,30.278366367,-97.742786333,141.5210,5,1.000000,0.000000,0.000000,0.000000
66438.000,30.278366372,-97.742786305,141.5180,5,1.000000,0.000000,0.000000,0.000000
66439.000,30.278366352,-97.742786327,141.5410,5,1.000000,0.000000,0.000000,0.000000
66440.000,30.278366337,-97.742786358,141.5730,5,1.000000,0.000000,0.000000,0.000000
66441.000,30.278366332,-97.742786358,141.5840,5,1.000000,0.000000,0.000000,0.000000
66442.000,30.278366312,-97.742786473,141.5680,5,1.000000,0.000000,0.000000,0.000000
66443.000,30.278366445,-97.742786205,141.5220,5,1.000000,0.000000,0.000000,0.000000
66444.000,30.278366433,-97.742786227,141.5250,5,1.000000,0.000000,0.000000,0.000000
66445.000,30.278366432,-97.742786232,141.5040,5,1.000000,0.000000,0.000000,0.000000
66446.000,30.278366455,-97.742786142,141.4970,5,1.000000,0.000000,0.000000,0.000000
66447.000,30.278366465,-97.742786147,141.4970,5,1.000000,0.000000,0.000000,0.000000
66448.000,30.278366795,-97.742786120,141.5310,5,1.000000,0.000000,0.000000,0.000000
66449.000,30.278366858,-97.742786128,141.5510,5,1.000000,0.000000,0.000000,0.000000
66450.000,30.278366530,-97.742785967,141.4420,5,1.000000,0.000000,0.000000,0.000000
66451.000,30.278366635,-97.742785803,141.3990,5,1.000000,0.000000,0.000000,0.000000
66452.000,30.278366687,-97.742785682,141.3540,5,1.000000,0.000000,0.000000,0.000000
66453.000,30.278366728,-97.742785667,141.3500,5,1.000000,0.000000,0.000000,0.000000
66454.000,30.278366798,-97.742785437,141.2970,5,1.000000,0.000000,0.000000,0.000000
66455.000,30.278366842,-97.742785348,141.2710,5,1.000000,0.000000,0.000000,0.000000
66456.000,30.278366895,-97.742785290,141.2460,5,1.000000,0.000000,0.000000,0.000000
66457.000,30.278364900,-97.742786243,141.2580,5,1.000000,0.000000,0.000000,0.000000
66458.000,30.278354633,-97.742789430,141.1710,5,1.000000,0.000000,0.000000,0.000000
66459.000,30.278331838,-97.742797593,141.1110,5,1.000000,0.000000,0.000000,0.000000
66460.000,30.278300837,-97.742808547,140.9840,5,1.000000,0.000000,0.000000,0.000000
66461.000,30.278270322,-97.742819150,140.9910,5,1.000000,0.000000,0.000000,0.000000
66463.000,30.278229472,-97.742833062,140.9040,5,1.000000,0.000000,0.000000,0.000000
66464.000,30.278200102,-97.742843755,140.8010,5,1.000000,0.000000,0.000000,0.000000
66465.000,30.278162535,-97.742858038,140.9020,5,1.000000,0.000000,0.000000,0.000000
66466.000,30.278126573,-97.742871548,140.8310,5,1.000000,0.000000,0.000000,0.000000
66467.000,30.278093382,-97.742884477,140.7600,5,1.000000,0.000000,0.000000,0.000000
66470.000,30.277894232,-97.743020703,166.3270,5,1.000000,0.000000,0.000000,0.000000
66471.000,30.277828368,-97.742955098,146.6370,5,1.000000,0.000000,0.000000,0.000000
66473.000,30.277587383,-97.743023455,169.1910,5,1.000000,0.000000,0.000000,0.000000
66475.000,30.277471247,-97.743106590,153.2510,5,1.000000,0.000000,0.000000,0.000000
66476.000,30.277380417,-97.743137060,153.0660,5,1.000000,0.000000,0.000000,0.000000
66477.000,30.277293220,-97.743162375,147.3970,5,1.000000,0.000000,0.000000,0.000000
66478.000,30.277185283,-97.743206770,148.3240,5,1.000000,0.000000,0.000000,0.000000
66480.000,30.276972510,-97.743337307,158.0090,5,1.000000,0.000000,0.000000,0.000000
66481.000,30.276902972,-97.743321260,138.8680,5,1.000000,0.000000,0.000000,0.000000
66482.000,30.276800192,-97.743354093,137.0590,5,1.000000,0.000000,0.000000,0.000000
66483.000,30.276694192,-97.743390187,136.5190,5,1.000000,0.000000,0.000000,0.000000
66484.000,30.276585818,-97.743431070,136.7000,5,1.000000,0.000000,0.000000,0.000000
66485.000,30.276474452,-97.743475695,137.3850,5,1.000000,0.000000,0.000000,0.000000
66486.000,30.276362797,-97.743517662,137.5450,5,1.000000,0.000000,0.000000,0.000000
66487.000,30.276252798,-97.743558880,137.9100,5,1.000000,0.000000,0.000000,0.000000
66488.000,30.276141102,-97.743600723,138.3570,5,1.000000,0.000000,0.000000,0.000000
66489.000,30.276028475,-97.743642493,138.8500,5,1.000000,0.000000,0.000000,0.000000
66490.000,30.275915363,-97.743683647,139.3000,5,1.000000,0.000000,0.000000,0.000000
66491.000,30.275802258,-97.743725862,140.0250,4,1.000000,0.000000,0.000000,0.000000
66492.000,30.275689703,-97.743766155,140.5260,4,1.000000,0.000000,0.000000,0.000000
66493.000,30.275580107,-97.743804493,140.9930,4,1.000000,0.000000,0.000000,0.000000
66494.000,30.275473147,-97.743844213,141.5110,4,1.000000,0.000000,0.000000,0.000000
66495.000,30.275368925,-97.743882767,141.9480,5,1.000000,0.000000,0.000000,0.000000
66496.000,30.275263690,-97.743923992,142.9060,5,1.000000,0.000000,0.000000,0.000000
66497.000,30.275158875,-97.743960872,142.9260,4,1.000000,0.000000,0.000000,0.000000
66498.000,30.275052863,-97.744000002,143.3950,4,1.000000,0.000000,0.000000,0.000000
66499.000,30.274948485,-97.744038990,143.8740,5,1.000000,0.000000,0.000000,0.000000
66500.000,30.274845770,-97.744078622,144.1150,4,1.000000,0.000000,0.000000,0.000000
66501.000,30.274745058,-97.744116507,143.9220,5,1.000000,0.000000,0.000000,0.000000
66502.000,30.274643605,-97.744154683,143.6680,4,1.000000,0.000000,0.000000,0.000000
66503.000,30.274541243,-97.744192918,143.5180,5,1.000000,0.000000,0.000000,0.000000
66504.000,30.274440355,-97.744230075,143.4000,5,1.000000,0.000000,0.000000,0.000000
66505.000,30.274346775,-97.744264350,143.1370,5,1.000000,0.000000,0.000000,0.000000
66506.000,30.274261088,-97.744294972,142.8910,4,1.000000,0.000000,0.000000,0.000000
66507.000,30.274180865,-97.744324967,142.7810,4,1.000000,0.000000,0.000000,0.000000
66508.000,30.274102075,-97.744353912,142.6160,4,1.000000,0.000000,0.000000,0.000000
66509.000,30.274020268,-97.744384807,142.5000,4,1.000000,0.000000,0.000000,0.000000
66510.000,30.273939167,-97.744415298,142.3160,5,1.000000,0.000000,0.000000,0.000000
66511.000,30.273867213,-97.744442157,142.1470,5,1.000000,0.000000,0.000000,0.000000
66512.000,30.273808463,-97.744463168,142.1470,5,1.000000,0.000000,0.000000,0.000000
66513.000,30.273755350,-97.744471790,141.9990,5,1.000000,0.000000,0.000000,0.000000
66514.000,30.273704905,-97.744460120,142.1500,5,1.000000,0.000000,0.000000,0.000000
66515.000,30.273662942,-97.744422652,142.0920,5,1.000000,0.000000,0.000000,0.000000
66516.000,30.273631018,-97.744365335,142.1360,5,1.000000,0.000000,0.000000,0.000000
66517.000,30.273604725,-97.744295372,142.2150,4,1.000000,0.000000,0.000000,0.000000
66518.000,30.273583085,-97.744222387,142.3390,4,1.000000,0.000000,0.000000,0.000000
66519.000,30.273563120,-97.744149995,142.4180,4,1.000000,0.000000,0.000000,0.000000
66520.000,30.273545157,-97.744082443,142.4130,4,1.000000,0.000000,0.000000,0.000000
66521.000,30.273529525,-97.744025182,142.4470,4,1.000000,0.000000,0.000000,0.000000
66522.000,30.273517340,-97.743980153,142.4000,4,1.000000,0.000000,0.000000,0.000000
66523.000,30.273507987,-97.743948038,142.3730,4,1.000000,0.000000,0.000000,0.000000
66524.000,30.273501388,-97.743925257,142.3210,4,1.000000,0.000000,0.000000,0.000000
66525.000,30.273497352,-97.743910767,142.3070,4,1.000000,0.000000,0.000000,0.000000
66526.000,30.273495032,-97.743902713,142.2920,4,1.000000,0.000000,0.000000,0.000000
66527.000,30.273492608,-97.743894245,142.2660,4,1.000000,0.000000,0.000000,0.000000
66528.000,30.273485015,-97.743868030,142.2160,4,1.000000,0.000000,0.000000,0.000000
66529.000,30.273472818,-97.743825215,142.1250,4,1.000000,0.000000,0.000000,0.000000
66530.000,30.273457742,-97.743771740,141.9500,4,1.000000,0.000000,0.000000,0.000000
66531.000,30.273440230,-97.743710355,141.7180,4,1.000000,0.000000,0.000000,0.000000
66532.000,30.273421115,-97.743645223,141.3970,4,1.000000,0.000000,0.000000,0.000000
66533.000,30.273400567,-97.743575453,141.1130,4,1.000000,0.000000,0.000000,0.000000
66534.000,30.273379020,-97.743499268,141.1150,4,1.000000,0.000000,0.000000,0.000000
66535.000,30.273356197,-97.743421633,140.8110,4,1.000000,0.000000,0.000000,0.000000
66536.000,30.273332208,-97.743341578,140.3220,4,1.000000,0.000000,0.000000,0.000000
66537.000,30.273308402,-97.743257642,139.9620,4,1.000000,0.000000,0.000000,0.000000
66538.000,30.273284027,-97.743171553,139.5830,4,1.000000,0.000000,0.000000,0.000000
66539.000,30.273260555,-97.743087128,139.1660,4,1.000000,0.000000,0.000000,0.000000
66540.000,30.273238345,-97.743009520,138.8150,4,1.000000,0.000000,0.000000,0.000000
66541.000,30.273218348,-97.742941620,138.5160,4,1.000000,0.000000,0.000000,0.000000
66542.000,30.273203027,-97.742887667,138.1930,4,1.000000,0.000000,0.000000,0.000000
66543.000,30.273192728,-97.742849855,137.8310,4,1.000000,0.000000,0.000000,0.000000
66544.000,30.273186615,-97.742827898,137.7670,4,1.000000,0.000000,0.000000,0.000000
66545.000,30.273182957,-97.742815292,137.7890,5,1.000000,0.000000,0.000000,0.000000
66546.000,30.273181157,-97.742809195,137.7700,5,1.000000,0.000000,0.000000,0.000000
66547.000,30.273180252,-97.742807033,137.9200,5,1.000000,0.000000,0.000000,0.000000
66548.000,30.273180217,-97.742806958,137.9210,5,1.000000,0.000000,0.000000,0.000000
66549.000,30.273180240,-97.742806983,137.9090,4,1.000000,0.000000,0.000000,0.000000
66550.000,30.273180220,-97.742806995,137.9090,4,1.000000,0.000000,0.000000,0.000000
66551.000,30.273180222,-97.742807013,137.9050,4,1.000000,0.000000,0.000000,0.000000
66552.000,30.273180217,-97.742807047,137.9090,4,1.000000,0.000000,0.000000,0.000000
66553.000,30.273180207,-97.742807050,137.9020,4,1.000000,0.000000,0.000000,0.000000
66554.000,30.273180220,-97.742807053,137.9060,4,1.000000,0.000000,0.000000,0.000000
66555.000,30.273180165,-97.742807128,137.9030,5,1.000000,0.000000,0.000000,0.000000
66556.000,30.273180153,-97.742807128,137.9060,5,1.000000,0.000000,0.000000,0.000000
66557.000,30.273180138,-97.742807112,137.8930,5,1.000000,0.000000,0.000000,0.000000
66558.000,30.273180163,-97.742807130,137.9020,5,1.000000,0.000000,0.000000,0.000000
66559.000,30.273180137,-97.742807110,137.8950,5,1.000000,0.000000,0.000000,0.000000
66560.000,30.273180118,-97.742807088,137.8900,5,1.000000,0.000000,0.000000,0.000000
66561.000,30.273178855,-97.742802735,137.8620,5,1.000000,0.000000,0.000000,0.000000
66562.000,30.273175063,-97.742788958,137.7870,4,1.000000,0.000000,0.000000,0.000000
66563.000,30.273168975,-97.742766930,137.6580,4,1.000000,0.000000,0.000000,0.000000
66564.000,30.273161300,-97.742740718,137.6080,4,1.000000,0.000000,0.000000,0.000000
66565.000,30.273151408,-97.742709267,137.5150,5,1.000000,0.000000,0.000000,0.000000
66566.000,30.273140357,-97.742667612,137.3200,5,1.000000,0.000000,0.000000,0.000000
66567.000,30.273126067,-97.742613937,137.0730,4,1.000000,0.000000,0.000000,0.000000
66568.000,30.273108123,-97.742548952,136.6760,4,1.000000,0.000000,0.000000,0.000000
66569.000,30.273088265,-97.742473492,136.3670,4,1.000000,0.000000,0.000000,0.000000
66570.000,30.273065930,-97.742387528,136.0930,5,1.000000,0.000000,0.000000,0.000000
66571.000,30.273041033,-97.742292573,135.6030,4,1.000000,0.000000,0.000000,0.000000
66572.000,30.273014023,-97.742194807,135.1250,4,1.000000,0.000000,0.000000,0.000000
66573.000,30.272986407,-97.742095120,134.6710,5,1.000000,0.000000,0.000000,0.000000
66574.000,30.272957787,-97.741993728,134.2610,4,1.000000,0.000000,0.000000,0.000000
66575.000,30.272928615,-97.741893527,133.9200,4,1.000000,0.000000,0.000000,0.000000
66576.000,30.272899273,-97.741798772,133.6250,4,1.000000,0.000000,0.000000,0.000000
66577.000,30.272873388,-97.741716087,133.4380,4,1.000000,0.000000,0.000000,0.000000
66578.000,30.272852497,-97.741646782,133.2820,4,1.000000,0.000000,0.000000,0.000000
66579.000,30.272836182,-97.741590080,133.1550,4,1.000000,0.000000,0.000000,0.000000
66580.000,30.272823967,-97.741545977,133.1000,4,1.000000,0.000000,0.000000,0.000000
66581.000,30.272816283,-97.741517465,133.0750,4,1.000000,0.000000,0.000000,0.000000
66582.000,30.272811855,-97.741500973,133.0530,4,1.000000,0.000000,0.000000,0.000000
66583.000,30.272809772,-97.741494580,133.0310,4,1.000000,0.000000,0.000000,0.000000
66584.000,30.272809970,-97.741494562,133.0180,4,1.000000,0.000000,0.000000,0.000000
66585.000,30.272809963,-97.741494558,133.0170,4,1.000000,0.000000,0.000000,0.000000
66586.000,30.272809955,-97.741494560,133.0220,4,1.000000,0.000000,0.000000,0.000000
66587.000,30.272809813,-97.741494072,133.0070,4,1.000000,0.000000,0.000000,0.000000
66588.000,30.272808513,-97.741489272,132.9950,4,1.000000,0.000000,0.000000,0.000000
66589.000,30.272804583,-97.741475377,132.9640,4,1.000000,0.000000,0.000000,0.000000
66590.000,30.272794903,-97.741443013,132.8890,5,1.000000,0.000000,0.000000,0.000000
66591.000,30.272781450,-97.741395825,132.7990,4,1.000000,0.000000,0.000000,0.000000
66592.000,30.272765420,-97.741341225,132.7350,4,1.000000,0.000000,0.000000,0.000000
66593.000,30.272748868,-97.741282272,132.6600,4,1.000000,0.000000,0.000000,0.000000
66594.000,30.272729025,-97.741211675,132.6690,4,1.000000,0.000000,0.000000,0.000000
66595.000,30.272705865,-97.741129072,132.6960,4,1.000000,0.000000,0.000000,0.000000
66596.000,30.272680665,-97.741040300,132.7260,4,1.000000,0.000000,0.000000,0.000000
66597.000,30.272653408,-97.740945985,132.7580,5,1.000000,0.000000,0.000000,0.000000
66598.000,30.272625872,-97.740845380,132.9440,4,1.000000,0.000000,0.000000,0.000000
66599.000,30.272598265,-97.740743385,133.3400,4,1.000000,0.000000,0.000000,0.000000
66600.000,30.272572245,-97.740648010,133.7950,5,1.000000,0.000000,0.000000,0.000000
66601.000,30.272547977,-97.740558027,134.2190,4,1.000000,0.000000,0.000000,0.000000
66602.000,30.272524450,-97.740470950,134.6770,4,1.000000,0.000000,0.000000,0.000000
66603.000,30.272501427,-97.740390415,135.0540,4,1.000000,0.000000,0.000000,0.000000
66604.000,30.272479958,-97.740317975,135.4310,4,1.000000,0.000000,0.000000,0.000000
66605.000,30.272465027,-97.740264973,135.7740,4,1.000000,0.000000,0.000000,0.000000
66606.000,30.272456193,-97.740232912,135.9220,4,1.000000,0.000000,0.000000,0.000000
66607.000,30.272448467,-97.740202965,136.1190,4,1.000000,0.000000,0.000000,0.000000
66608.000,30.272438712,-97.740166830,136.3120,4,1.000000,0.000000,0.000000,0.000000
66609.000,30.272425480,-97.740119503,136.5900,4,1.000000,0.000000,0.000000,0.000000
66610.000,30.272408715,-97.740059763,137.0120,5,1.000000,0.000000,0.000000,0.000000
66611.000,30.272388625,-97.739989932,137.4310,4,1.000000,0.000000,0.000000,0.000000
66612.000,30.272366017,-97.739909738,137.8670,4,1.000000,0.000000,0.000000,0.000000
66613.000,30.272341233,-97.739818865,138.4050,4,1.000000,0.000000,0.000000,0.000000
66614.000,30.272314038,-97.739718258,138.9550,4,1.000000,0.000000,0.000000,0.000000
66615.000,30.272284062,-97.739610143,139.4990,4,1.000000,0.000000,0.000000,0.000000
66616.000,30.272252662,-97.739497370,140.0530,4,1.000000,0.000000,0.000000,0.000000
66617.000,30.272221535,-97.739385920,140.5290,4,1.000000,0.000000,0.000000,0.000000
66618.000,30.272190050,-97.739270547,140.8420,4,1.000000,0.000000,0.000000,0.000000
66619.000,30.272156395,-97.739149393,141.0780,4,1.000000,0.000000,0.000000,0.000000
66620.000,30.272122145,-97.739027318,141.2270,4,1.000000,0.000000,0.000000,0.000000
66621.000,30.272088583,-97.738906590,141.3930,4,1.000000,0.000000,0.000000,0.000000
66622.000,30.272055688,-97.738787945,141.4830,4,1.000000,0.000000,0.000000,0.000000
66623.000,30.272023093,-97.738672937,141.4440,4,1.000000,0.000000,0.000000,0.000000
66624.000,30.271990707,-97.738558765,140.8500,4,1.000000,0.000000,0.000000,0.000000
66625.000,30.271959038,-97.738442853,140.4020,5,1.000000,0.000000,0.000000,0.000000
66626.000,30.271926842,-97.738328233,139.7540,4,1.000000,0.000000,0.000000,0.000000
66627.000,30.271894935,-97.738212572,139.2260,4,1.000000,0.000000,0.000000,0.000000
66628.000,30.271864730,-97.738104227,138.7700,4,1.000000,0.000000,0.000000,0.000000
66629.000,30.271836685,-97.738004430,138.2920,4,1.000000,0.000000,0.000000,0.000000
66630.000,30.271810490,-97.737908143,137.7960,4,1.000000,0.000000,0.000000,0.000000
66631.000,30.271783783,-97.737812677,137.2800,4,1.000000,0.000000,0.000000,0.000000
66632.000,30.271755630,-97.737716823,136.7070,4,1.000000,0.000000,0.000000,0.000000
66633.000,30.271726990,-97.737618083,136.0160,4,1.000000,0.000000,0.000000,0.000000
66634.000,30.271697465,-97.737515095,134.9560,5,1.000000,0.000000,0.000000,0.000000
66635.000,30.271666835,-97.737402968,133.7100,4,1.000000,0.000000,0.000000,0.000000
66636.000,30.271634253,-97.737281533,132.3960,4,1.000000,0.000000,0.000000,0.000000
66637.000,30.271598975,-97.737151433,130.9920,5,1.000000,0.000000,0.000000,0.000000
66638.000,30.271563960,-97.737023940,130.1640,4,1.000000,0.000000,0.000000,0.000000
66639.000,30.271529453,-97.736900600,129.3430,4,1.000000,0.000000,0.000000,0.000000
66640.000,30.271495417,-97.736778887,128.6160,4,1.000000,0.000000,0.000000,0.000000
66641.000,30.271462868,-97.736660718,127.9440,4,1.000000,0.000000,0.000000,0.000000
66642.000,30.271434152,-97.736554352,127.3360,4,1.000000,0.000000,0.000000,0.000000
66643.000,30.271407280,-97.736458618,126.6550,5,1.000000,0.000000,0.000000,0.000000
66644.000,30.271381615,-97.736365490,126.0260,5,1.000000,0.000000,0.000000,0.000000
66645.000,30.271355490,-97.736270677,125.2380,5,1.000000,0.000000,0.000000,0.000000
66646.000,30.271328145,-97.736172875,124.3460,5,1.000000,0.000000,0.000000,0.000000
66647.000,30.271299158,-97.736072957,123.4200,4,1.000000,0.000000,0.000000,0.000000
66648.000,30.271268370,-97.735972293,122.5490,4,1.000000,0.000000,0.000000,0.000000
66649.000,30.271234953,-97.735872488,121.8590,4,1.000000,0.000000,0.000000,0.000000
66650.000,30.271201563,-97.735779822,121.3750,4,1.000000,0.000000,0.000000,0.000000
66651.000,30.271172368,-97.735698113,121.0520,4,1.000000,0.000000,0.000000,0.000000
66652.000,30.271147647,-97.735631495,120.9660,4,1.000000,0.000000,0.000000,0.000000
66653.000,30.271118560,-97.735584098,120.9720,4,1.000000,0.000000,0.000000,0.000000
66654.000,30.271076672,-97.735558768,121.0190,4,1.000000,0.000000,0.000000,0.000000
66655.000,30.271025052,-97.735557872,121.0280,4,1.000000,0.000000,0.000000,0.000000
66656.000,30.270967373,-97.735575428,120.9870,4,1.000000,0.000000,0.000000,0.000000
66657.000,30.270902368,-97.735599820,120.9930,4,1.000000,0.000000,0.000000,0.000000
66658.000,30.270828882,-97.735628338,120.9330,4,1.000000,0.000000,0.000000,0.000000
66659.000,30.270752375,-97.735659697,120.9640,5,1.000000,0.000000,0.000000,0.000000
66660.000,30.270678025,-97.735690832,120.8740,4,1.000000,0.000000,0.000000,0.000000
66661.000,30.270605942,-97.735720200,120.8600,4,1.000000,0.000000,0.000000,0.000000
66662.000,30.270538837,-97.735747050,120.8200,4,1.000000,0.000000,0.000000,0.000000
66663.000,30.270482357,-97.735769377,120.7890,4,1.000000,0.000000,0.000000,0.000000
66664.000,30.270438337,-97.735786963,120.7510,4,1.000000,0.000000,0.000000,0.000000
66665.000,30.270409095,-97.735798795,120.7260,4,1.000000,0.000000,0.000000,0.000000
66666.000,30.270393062,-97.735805367,120.7170,4,1.000000,0.000000,0.000000,0.000000
66667.000,30.270382253,-97.735809802,120.7240,4,1.000000,0.000000,0.000000,0.000000
66668.000,30.270374048,-97.735813158,120.7310,4,1.000000,0.000000,0.000000,0.000000
66669.000,30.270358205,-97.735819595,120.7370,4,1.000000,0.000000,0.000000,0.000000
66670.000,30.270330525,-97.735831312,120.7820,4,1.000000,0.000000,0.000000,0.000000
66671.000,30.270301000,-97.735852122,120.8320,4,1.000000,0.000000,0.000000,0.000000
66672.000,30.270280733,-97.735890875,120.9400,4,1.000000,0.000000,0.000000,0.000000
66673.000,30.270278237,-97.735943770,121.3220,4,1.000000,0.000000,0.000000,0.000000
66674.000,30.270289293,-97.736002453,121.8600,4,1.000000,0.000000,0.000000,0.000000
66675.000,30.270306657,-97.736069687,122.5590,4,1.000000,0.000000,0.000000,0.000000
66676.000,30.270329898,-97.736145858,123.3910,4,1.000000,0.000000,0.000000,0.000000
66677.000,30.270354508,-97.736233307,124.2390,4,1.000000,0.000000,0.000000,0.000000
66678.000,30.270380515,-97.736329935,125.2340,4,1.000000,0.000000,0.000000,0.000000
66679.000,30.270408757,-97.736433155,126.2930,4,1.000000,0.000000,0.000000,0.000000
66680.000,30.270438270,-97.736542673,127.4580,4,1.000000,0.000000,0.000000,0.000000
66681.000,30.270470682,-97.736657263,128.6880,4,1.000000,0.000000,0.000000,0.000000
66682.000,30.270503772,-97.736776158,129.9090,4,1.000000,0.000000,0.000000,0.000000
66683.000,30.270535783,-97.736892760,130.8430,4,1.000000,0.000000,0.000000,0.000000
66684.000,30.270565757,-97.737006593,131.5120,4,1.000000,0.000000,0.000000,0.000000
66685.000,30.270592577,-97.737123433,132.1080,4,1.000000,0.000000,0.000000,0.000000
66686.000,30.270615475,-97.737237385,132.6670,4,1.000000,0.000000,0.000000,0.000000
66687.000,30.270636940,-97.737343818,133.1600,4,1.000000,0.000000,0.000000,0.000000
66688.000,30.270658763,-97.737441425,133.6370,4,1.000000,0.000000,0.000000,0.000000
66689.000,30.270680932,-97.737527373,134.0490,4,1.000000,0.000000,0.000000,0.000000
66690.000,30.270701377,-97.737600658,134.4400,4,1.000000,0.000000,0.000000,0.000000
66691.000,30.270718277,-97.737661410,134.7650,4,1.000000,0.000000,0.000000,0.000000
66692.000,30.270731807,-97.737708488,135.0650,4,1.000000,0.000000,0.000000,0.000000
66693.000,30.270741522,-97.737741542,135.2750,4,1.000000,0.000000,0.000000,0.000000
66694.000,30.270748042,-97.737763442,135.3820,4,1.000000,0.000000,0.000000,0.000000
66695.000,30.270752030,-97.737776298,135.4940,4,1.000000,0.000000,0.000000,0.000000
66696.000,30.270754217,-97.737783555,135.5630,5,1.000000,0.000000,0.000000,0.000000
66697.000,30.270755648,-97.737788525,135.5560,4,1.000000,0.000000,0.000000,0.000000
66698.000,30.270756608,-97.737791587,135.6170,4,1.000000,0.000000,0.000000,0.000000
66699.000,30.270758167,-97.737796998,135.6390,4,1.000000,0.000000,0.000000,0.000000
66700.000,30.270764432,-97.737820502,135.7320,4,1.000000,0.000000,0.000000,0.000000
66701.000,30.270776310,-97.737861965,136.0970,4,1.000000,0.000000,0.000000,0.000000
66702.000,30.270792022,-97.737918947,136.5350,4,1.000000,0.000000,0.000000,0.000000
66703.000,30.270811825,-97.737993212,136.9060,5,1.000000,0.000000,0.000000,0.000000
66704.000,30.270836413,-97.738083840,137.3580,5,1.000000,0.000000,0.000000,0.000000
66705.000,30.270865775,-97.738186565,138.0480,5,1.000000,0.000000,0.000000,0.000000
66706.000,30.270895790,-97.738291235,138.7900,5,1.000000,0.000000,0.000000,0.000000
66707.000,30.270924048,-97.738391827,139.4290,4,1.000000,0.000000,0.000000,0.000000
66708.000,30.270950818,-97.738489767,139.9690,4,1.000000,0.000000,0.000000,0.000000
66709.000,30.270976280,-97.738582185,140.3680,4,1.000000,0.000000,0.000000,0.000000
66710.000,30.270999767,-97.738665902,140.6410,4,1.000000,0.000000,0.000000,0.000000
66711.000,30.271019268,-97.738736565,140.7860,4,1.000000,0.000000,0.000000,0.000000
66712.000,30.271033778,-97.738789925,140.8170,4,1.000000,0.000000,0.000000,0.000000
66713.000,30.271043830,-97.738826392,140.7970,4,1.000000,0.000000,0.000000,0.000000
66714.000,30.271050247,-97.738849413,140.7640,4,1.000000,0.000000,0.000000,0.000000
66715.000,30.271054627,-97.738864748,140.7330,4,1.000000,0.000000,0.000000,0.000000
66716.000,30.271057693,-97.738875608,140.7210,4,1.000000,0.000000,0.000000,0.000000
66717.000,30.271063665,-97.738896272,140.6780,4,1.000000,0.000000,0.000000,0.000000
66718.000,30.271075245,-97.738936620,140.6110,4,1.000000,0.000000,0.000000,0.000000
66719.000,30.271089120,-97.738985998,140.6090,4,1.000000,0.000000,0.000000,0.000000
66720.000,30.271106105,-97.739049133,140.5240,4,1.000000,0.000000,0.000000,0.000000
66721.000,30.271127038,-97.739130178,140.2970,4,1.000000,0.000000,0.000000,0.000000
66722.000,30.271153777,-97.739226930,140.1990,4,1.000000,0.000000,0.000000,0.000000
66723.000,30.271184060,-97.739333065,140.0510,4,1.000000,0.000000,0.000000,0.000000
66724.000,30.271216025,-97.739445652,139.8380,4,1.000000,0.000000,0.000000,0.000000
66725.000,30.271248315,-97.739561603,139.5710,4,1.000000,0.000000,0.000000,0.000000
66726.000,30.271280685,-97.739677907,139.1260,4,1.000000,0.000000,0.000000,0.000000
66727.000,30.271312617,-97.739793807,138.6950,4,1.000000,0.000000,0.000000,0.000000
66728.000,30.271343322,-97.739907202,138.2570,4,1.000000,0.000000,0.000000,0.000000
66729.000,30.271373730,-97.740017257,137.8110,4,1.000000,0.000000,0.000000,0.000000
66730.000,30.271403472,-97.740125632,137.4210,4,1.000000,0.000000,0.000000,0.000000
66731.000,30.271432700,-97.740233035,136.8410,4,1.000000,0.000000,0.000000,0.000000
66732.000,30.271461907,-97.740339265,136.2160,4,1.000000,0.000000,0.000000,0.000000
66733.000,30.271490587,-97.740443823,135.3710,4,1.000000,0.000000,0.000000,0.000000
66734.000,30.271517975,-97.740543633,134.5570,4,1.000000,0.000000,0.000000,0.000000
66735.000,30.271542907,-97.740634568,133.8010,4,1.000000,0.000000,0.000000,0.000000
66736.000,30.271564585,-97.740713885,133.1670,4,1.000000,0.000000,0.000000,0.000000
66737.000,30.271585297,-97.740786118,132.6610,4,1.000000,0.000000,0.000000,0.000000
66738.000,30.271606845,-97.740856565,132.1990,4,1.000000,0.000000,0.000000,0.000000
66739.000,30.271632032,-97.740925425,131.8600,4,1.000000,0.000000,0.000000,0.000000
66740.000,30.271660645,-97.740994223,131.6530,4,1.000000,0.000000,0.000000,0.000000
66741.000,30.271689463,-97.741068187,131.5600,4,1.000000,0.000000,0.000000,0.000000
66742.000,30.271718348,-97.741154085,131.3090,4,1.000000,0.000000,0.000000,0.000000
66743.000,30.271744317,-97.741254428,131.0370,4,1.000000,0.000000,0.000000,0.000000
66744.000,30.271771827,-97.741362755,131.1150,4,1.000000,0.000000,0.000000,0.000000
66745.000,30.271799213,-97.741474140,131.1490,4,1.000000,0.000000,0.000000,0.000000
66746.000,30.271824438,-97.741590278,131.2140,4,1.000000,0.000000,0.000000,0.000000
66747.000,30.271851765,-97.741707088,132.2170,4,1.000000,0.000000,0.000000,0.000000
66748.000,30.271884458,-97.741817883,133.5490,4,1.000000,0.000000,0.000000,0.000000
66749.000,30.271913233,-97.741926115,134.7220,4,1.000000,0.000000,0.000000,0.000000
66750.000,30.271942228,-97.742036258,135.8420,4,1.000000,0.000000,0.000000,0.000000
66751.000,30.271972673,-97.742150697,136.7620,4,1.000000,0.000000,0.000000,0.000000
66752.000,30.272005065,-97.742271497,137.5140,4,1.000000,0.000000,0.000000,0.000000
66753.000,30.272038460,-97.742398010,138.2460,5,1.000000,0.000000,0.000000,0.000000
66754.000,30.272072243,-97.742527482,138.7580,4,1.000000,0.000000,0.000000,0.000000
66755.000,30.272107127,-97.742657770,139.2040,4,1.000000,0.000000,0.000000,0.000000
66756.000,30.272145648,-97.742789208,139.4690,4,1.000000,0.000000,0.000000,0.000000
66757.000,30.272182127,-97.742918340,139.5770,4,1.000000,0.000000,0.000000,0.000000
66758.000,30.272218477,-97.743042878,139.8180,5,1.000000,0.000000,0.000000,0.000000
66759.000,30.272252403,-97.743162987,139.9550,5,1.000000,0.000000,0.000000,0.000000
66760.000,30.272283847,-97.743274593,140.3200,5,1.000000,0.000000,0.000000,0.000000
66761.000,30.272310905,-97.743376362,140.4350,5,1.000000,0.000000,0.000000,0.000000
66762.000,30.272335657,-97.743463120,140.9650,5,1.000000,0.000000,0.000000,0.000000
66763.000,30.272356485,-97.743537442,141.3280,4,1.000000,0.000000,0.000000,0.000000
66764.000,30.272373388,-97.743597265,141.5040,4,1.000000,0.000000,0.000000,0.000000
66765.000,30.272385677,-97.743639815,141.6240,4,1.000000,0.000000,0.000000,0.000000
66766.000,30.272392968,-97.743664967,141.6800,4,1.000000,0.000000,0.000000,0.000000
66767.000,30.272396090,-97.743675235,141.7140,4,1.000000,0.000000,0.000000,0.000000
66768.000,30.272396415,-97.743676113,141.7300,4,1.000000,0.000000,0.000000,0.000000
66769.000,30.272396385,-97.743676130,141.7320,4,1.000000,0.000000,0.000000,0.000000
66770.000,30.272396387,-97.743676112,141.7230,4,1.000000,0.000000,0.000000,0.000000
66771.000,30.272396432,-97.743676093,141.7290,4,1.000000,0.000000,0.000000,0.000000
66772.000,30.272396408,-97.743676075,141.7190,4,1.000000,0.000000,0.000000,0.000000
66773.000,30.272396412,-97.743676078,141.7170,4,1.000000,0.000000,0.000000,0.000000
66774.000,30.272396428,-97.743676078,141.7250,4,1.000000,0.000000,0.000000,0.000000
66775.000,30.272396418,-97.743676087,141.7240,4,1.000000,0.000000,0.000000,0.000000
66776.000,30.272396425,-97.743676088,141.7240,4,1.000000,0.000000,0.000000,0.000000
66777.000,30.272396407,-97.743676082,141.7300,4,1.000000,0.000000,0.000000,0.000000
66778.000,30.272396430,-97.743676062,141.7250,4,1.000000,0.000000,0.000000,0.000000
66779.000,30.272396405,-97.743676070,141.7270,4,1.000000,0.000000,0.000000,0.000000
66780.000,30.272396408,-97.743676095,141.7200,4,1.000000,0.000000,0.000000,0.000000
66781.000,30.272396422,-97.743676065,141.7260,4,1.000000,0.000000,0.000000,0.000000
66782.000,30.272396398,-97.743676078,141.7300,4,1.000000,0.000000,0.000000,0.000000
66783.000,30.272396498,-97.743676285,141.7270,4,1.000000,0.000000,0.000000,0.000000
66784.000,30.272399552,-97.743686585,141.7450,4,1.000000,0.000000,0.000000,0.000000
66785.000,30.272409448,-97.743720517,141.8460,4,1.000000,0.000000,0.000000,0.000000
66786.000,30.272424270,-97.743774168,141.9590,4,1.000000,0.000000,0.000000,0.000000
66787.000,30.272444310,-97.743844735,142.1260,4,1.000000,0.000000,0.000000,0.000000
66788.000,30.272469465,-97.743932303,141.8720,4,1.000000,0.000000,0.000000,0.000000
66789.000,30.272498183,-97.744031450,141.6510,4,1.000000,0.000000,0.000000,0.000000
66790.000,30.272528115,-97.744131590,141.3980,4,1.000000,0.000000,0.000000,0.000000
66791.000,30.272558143,-97.744235133,141.1100,4,1.000000,0.000000,0.000000,0.000000
66792.000,30.272587243,-97.744337988,140.8290,4,1.000000,0.000000,0.000000,0.000000
66793.000,30.272614098,-97.744436753,140.5540,4,1.000000,0.000000,0.000000,0.000000
66794.000,30.272637870,-97.744529667,140.2780,4,1.000000,0.000000,0.000000,0.000000
66795.000,30.272657125,-97.744611968,140.0050,4,1.000000,0.000000,0.000000,0.000000
66796.000,30.272672175,-97.744678218,139.7620,4,1.000000,0.000000,0.000000,0.000000
66797.000,30.272683300,-97.744730872,139.5550,4,1.000000,0.000000,0.000000,0.000000
66798.000,30.272691545,-97.744783425,139.3420,4,1.000000,0.000000,0.000000,0.000000
66799.000,30.272687357,-97.744835957,139.1800,4,1.000000,0.000000,0.000000,0.000000
66800.000,30.272661472,-97.744883998,139.1660,4,1.000000,0.000000,0.000000,0.000000
66801.000,30.272610943,-97.744922168,139.0770,4,1.000000,0.000000,0.000000,0.000000
66802.000,30.272543238,-97.744949162,138.9880,4,1.000000,0.000000,0.000000,0.000000
66803.000,30.272462050,-97.744973898,138.9060,4,1.000000,0.000000,0.000000,0.000000
66804.000,30.272373233,-97.745000062,138.8130,4,1.000000,0.000000,0.000000,0.000000
66805.000,30.272284592,-97.745027685,138.7120,4,1.000000,0.000000,0.000000,0.000000
66806.000,30.272201223,-97.745054853,138.6370,4,1.000000,0.000000,0.000000,0.000000
66807.000,30.272127640,-97.745080468,138.5650,4,1.000000,0.000000,0.000000,0.000000
66808.000,30.272063295,-97.745103153,138.4940,4,1.000000,0.000000,0.000000,0.000000
66809.000,30.272014008,-97.745121255,138.4520,4,1.000000,0.000000,0.000000,0.000000
66810.000,30.271982802,-97.745133272,138.4420,4,1.000000,0.000000,0.000000,0.000000
66811.000,30.271969852,-97.745138388,138.4370,4,1.000000,0.000000,0.000000,0.000000
66812.000,30.271968463,-97.745138993,138.4530,4,1.000000,0.000000,0.000000,0.000000
66813.000,30.271968485,-97.745139010,138.4500,4,1.000000,0.000000,0.000000,0.000000
66814.000,30.271968497,-97.745138997,138.4550,4,1.000000,0.000000,0.000000,0.000000
66815.000,30.271968502,-97.745138995,138.4530,4,1.000000,0.000000,0.000000,0.000000
66816.000,30.271968490,-97.745138995,138.4530,4,1.000000,0.000000,0.000000,0.000000
66817.000,30.271968515,-97.745138985,138.4530,4,1.000000,0.000000,0.000000,0.000000
66818.000,30.271968487,-97.745139015,138.4540,4,1.000000,0.000000,0.000000,0.000000
66819.000,30.271968498,-97.745139002,138.4590,4,1.000000,0.000000,0.000000,0.000000
66820.000,30.271968495,-97.745138998,138.4550,4,1.000000,0.000000,0.000000,0.000000
66821.000,30.271968493,-97.745138985,138.4580,4,1.000000,0.000000,0.000000,0.000000
66822.000,30.271968502,-97.745138993,138.4570,4,1.000000,0.000000,0.000000,0.000000
66823.000,30.271968497,-97.745138980,138.4550,4,1.000000,0.000000,0.000000,0.000000
66824.000,30.271968490,-97.745138985,138.4520,4,1.000000,0.000000,0.000000,0.000000
66825.000,30.271968495,-97.745138977,138.4520,4,1.000000,0.000000,0.000000,0.000000
66826.000,30.271968493,-97.745138982,138.4520,4,1.000000,0.000000,0.000000,0.000000
66827.000,30.271968482,-97.745138977,138.4560,4,1.000000,0.000000,0.000000,0.000000
66828.000,30.271968497,-97.745138982,138.4600,4,1.000000,0.000000,0.000000,0.000000
66829.000,30.271968490,-97.745138980,138.4510,4,1.000000,0.000000,0.000000,0.000000
66830.000,30.271968492,-97.745138980,138.4500,4,1.000000,0.000000,0.000000,0.000000
66831.000,30.271968487,-97.745138987,138.4510,4,1.000000,0.000000,0.000000,0.000000
66832.000,30.271968495,-97.745138985,138.4530,4,1.000000,0.000000,0.000000,0.000000
66833.000,30.271968510,-97.745138977,138.4510,4,1.000000,0.000000,0.000000,0.000000
66834.000,30.271968495,-97.745138988,138.4520,4,1.000000,0.000000,0.000000,0.000000
66835.000,30.271968498,-97.745138977,138.4500,4,1.000000,0.000000,0.000000,0.000000
66836.000,30.271968488,-97.745138983,138.4490,4,1.000000,0.000000,0.000000,0.000000
66837.000,30.271968502,-97.745138978,138.4530,4,1.000000,0.000000,0.000000,0.000000
66838.000,30.271968510,-97.745138968,138.4490,4,1.000000,0.000000,0.000000,0.000000
66839.000,30.271968495,-97.745138978,138.4480,4,1.000000,0.000000,0.000000,0.000000
66840.000,30.271968497,-97.745138980,138.4500,4,1.000000,0.000000,0.000000,0.000000
66841.000,30.271968483,-97.745138988,138.4480,4,1.000000,0.000000,0.000000,0.000000
66842.000,30.271968492,-97.745138980,138.4470,4,1.000000,0.000000,0.000000,0.000000
66843.000,30.271968502,-97.745138977,138.4480,4,1.000000,0.000000,0.000000,0.000000
66844.000,30.271968495,-97.745138982,138.4490,4,1.000000,0.000000,0.000000,0.000000
66845.000,30.271968507,-97.745138977,138.4450,4,1.000000,0.000000,0.000000,0.000000
66846.000,30.271968503,-97.745138980,138.4480,4,1.000000,0.000000,0.000000,0.000000
66847.000,30.271968513,-97.745138972,138.4470,4,1.000000,0.000000,0.000000,0.000000
66848.000,30.271967720,-97.745139320,138.4520,4,1.000000,0.000000,0.000000,0.000000
66849.000,30.271957110,-97.745142710,138.4400,4,1.000000,0.000000,0.000000,0.000000
66850.000,30.271929587,-97.745148105,138.4370,4,1.000000,0.000000,0.000000,0.000000
66851.000,30.271890828,-97.745143480,138.5080,4,1.000000,0.000000,0.000000,0.000000
66852.000,30.271850945,-97.745118780,138.6040,5,1.000000,0.000000,0.000000,0.000000
66853.000,30.271814387,-97.745071190,138.9130,4,1.000000,0.000000,0.000000,0.000000
66854.000,30.271787718,-97.744999738,139.1930,4,1.000000,0.000000,0.000000,0.000000
66855.000,30.271766552,-97.744915097,139.4400,4,1.000000,0.000000,0.000000,0.000000
66856.000,30.271743275,-97.744825922,139.6540,4,1.000000,0.000000,0.000000,0.000000
66857.000,30.271718982,-97.744737652,139.8260,4,1.000000,0.000000,0.000000,0.000000
66858.000,30.271694940,-97.744653143,139.9080,4,1.000000,0.000000,0.000000,0.000000
66859.000,30.271671987,-97.744574072,139.9810,4,1.000000,0.000000,0.000000,0.000000
66860.000,30.271651747,-97.744502777,140.0090,4,1.000000,0.000000,0.000000,0.000000
66861.000,30.271634652,-97.744441832,140.0250,4,1.000000,0.000000,0.000000,0.000000
66862.000,30.271621520,-97.744394330,140.0250,4,1.000000,0.000000,0.000000,0.000000
66863.000,30.271612360,-97.744362280,140.0330,4,1.000000,0.000000,0.000000,0.000000
66864.000,30.271607343,-97.744344970,140.0440,4,1.000000,0.000000,0.000000,0.000000
66865.000,30.271605955,-97.744340313,140.0350,4,1.000000,0.000000,0.000000,0.000000
66866.000,30.271605183,-97.744337908,140.0400,4,1.000000,0.000000,0.000000,0.000000
66867.000,30.271599268,-97.744317402,140.0370,4,1.000000,0.000000,0.000000,0.000000
66868.000,30.271586200,-97.744272982,140.0460,4,1.000000,0.000000,0.000000,0.000000
66869.000,30.271566442,-97.744209382,140.1880,4,1.000000,0.000000,0.000000,0.000000
66870.000,30.271543028,-97.744131768,140.1620,4,1.000000,0.000000,0.000000,0.000000
66871.000,30.271518738,-97.744043518,140.0720,4,1.000000,0.000000,0.000000,0.000000
66872.000,30.271493433,-97.743947413,139.9390,4,1.000000,0.000000,0.000000,0.000000
66873.000,30.271464437,-97.743840487,139.6250,4,1.000000,0.000000,0.000000,0.000000
66874.000,30.271428127,-97.743726707,139.2060,4,1.000000,0.000000,0.000000,0.000000
66875.000,30.271386758,-97.743606423,138.7290,4,1.000000,0.000000,0.000000,0.000000
66876.000,30.271347760,-97.743479278,138.7420,4,1.000000,0.000000,0.000000,0.000000
66877.000,30.271304927,-97.743357652,137.6620,4,1.000000,0.000000,0.000000,0.000000
66878.000,30.271266772,-97.743229947,137.1490,5,1.000000,0.000000,0.000000,0.000000
66879.000,30.271229657,-97.743099395,136.6010,4,1.000000,0.000000,0.000000,0.000000
66880.000,30.271193015,-97.742968838,135.9300,4,1.000000,0.000000,0.000000,0.000000
66881.000,30.271157682,-97.742843248,135.1880,4,1.000000,0.000000,0.000000,0.000000
66882.000,30.271123257,-97.742722778,134.4890,4,1.000000,0.000000,0.000000,0.000000
66883.000,30.271088972,-97.742606838,133.7180,4,1.000000,0.000000,0.000000,0.000000
66884.000,30.271057893,-97.742497748,133.0420,4,1.000000,0.000000,0.000000,0.000000
66885.000,30.271027982,-97.742396465,132.4060,4,1.000000,0.000000,0.000000,0.000000
66886.000,30.271001298,-97.742305890,131.8130,4,1.000000,0.000000,0.000000,0.000000
66887.000,30.270978313,-97.742226742,131.3350,4,1.000000,0.000000,0.000000,0.000000
66888.000,30.270958268,-97.742159850,130.9720,4,1.000000,0.000000,0.000000,0.000000
66889.000,30.270941188,-97.742104555,130.6540,4,1.000000,0.000000,0.000000,0.000000
66890.000,30.270928108,-97.742060263,130.4130,5,1.000000,0.000000,0.000000,0.000000
66891.000,30.270920830,-97.742033223,130.4090,4,1.000000,0.000000,0.000000,0.000000
66892.000,30.270918068,-97.742023013,130.2430,5,1.000000,0.000000,0.000000,0.000000
66893.000,30.270917927,-97.742022970,130.2660,5,1.000000,0.000000,0.000000,0.000000
66894.000,30.270918102,-97.742022703,130.2920,5,1.000000,0.000000,0.000000,0.000000
66895.000,30.270917917,-97.742022875,130.2350,4,1.000000,0.000000,0.000000,0.000000
66896.000,30.270917862,-97.742022973,130.2510,4,1.000000,0.000000,0.000000,0.000000
66897.000,30.270917867,-97.742022940,130.2440,4,1.000000,0.000000,0.000000,0.000000
66898.000,30.270917890,-97.742022955,130.2420,4,1.000000,0.000000,0.000000,0.000000
66899.000,30.270917890,-97.742022970,130.2500,4,1.000000,0.000000,0.000000,0.000000
66900.000,30.270917860,-97.742022982,130.2450,4,1.000000,0.000000,0.000000,0.000000
66901.000,30.270917860,-97.742022987,130.2400,4,1.000000,0.000000,0.000000,0.000000
66902.000,30.270917893,-97.742022982,130.2470,4,1.000000,0.000000,0.000000,0.000000
66903.000,30.270917857,-97.742022977,130.2420,4,1.000000,0.000000,0.000000,0.000000
66904.000,30.270917015,-97.742020007,130.2310,4,1.000000,0.000000,0.000000,0.000000
66905.000,30.270911580,-97.741999208,130.1600,4,1.000000,0.000000,0.000000,0.000000
66906.000,30.270899823,-97.741956828,130.1680,5,1.000000,0.000000,0.000000,0.000000
66907.000,30.270882613,-97.741892938,129.8470,4,1.000000,0.000000,0.000000,0.000000
66908.000,30.270860237,-97.741814108,129.8210,4,1.000000,0.000000,0.000000,0.000000
66909.000,30.270833370,-97.741720952,129.7980,4,1.000000,0.000000,0.000000,0.000000
66910.000,30.270804642,-97.741617435,129.4840,4,1.000000,0.000000,0.000000,0.000000
66911.000,30.270774300,-97.741506350,129.7980,4,1.000000,0.000000,0.000000,0.000000
66912.000,30.270744582,-97.741400010,130.0000,4,1.000000,0.000000,0.000000,0.000000
66913.000,30.270717163,-97.741306158,130.0630,4,1.000000,0.000000,0.000000,0.000000
66914.000,30.270690983,-97.741218580,130.0730,4,1.000000,0.000000,0.000000,0.000000
66915.000,30.270667538,-97.741131927,130.2960,4,1.000000,0.000000,0.000000,0.000000
66916.000,30.270643520,-97.741046427,130.4950,5,1.000000,0.000000,0.000000,0.000000
66917.000,30.270618762,-97.740957962,130.8150,5,1.000000,0.000000,0.000000,0.000000
66918.000,30.270592270,-97.740870615,131.0230,4,1.000000,0.000000,0.000000,0.000000
66919.000,30.270562697,-97.740791125,131.5140,4,1.000000,0.000000,0.000000,0.000000
66920.000,30.270532327,-97.740719153,131.9880,4,1.000000,0.000000,0.000000,0.000000
66921.000,30.270507288,-97.740652063,132.5430,4,1.000000,0.000000,0.000000,0.000000
66922.000,30.270483807,-97.740579172,132.9560,4,1.000000,0.000000,0.000000,0.000000
66923.000,30.270460992,-97.740499685,133.8850,4,1.000000,0.000000,0.000000,0.000000
66924.000,30.270437370,-97.740411142,134.1740,4,1.000000,0.000000,0.000000,0.000000
66925.000,30.270413158,-97.740322098,134.4590,4,1.000000,0.000000,0.000000,0.000000
66926.000,30.270388918,-97.740230217,134.9040,5,1.000000,0.000000,0.000000,0.000000
66927.000,30.270364433,-97.740141945,135.1160,5,1.000000,0.000000,0.000000,0.000000
66928.000,30.270342677,-97.740060673,135.4640,5,1.000000,0.000000,0.000000,0.000000
66929.000,30.270321137,-97.739987257,135.4720,5,1.000000,0.000000,0.000000,0.000000
66930.000,30.270302810,-97.739919957,135.6350,4,1.000000,0.000000,0.000000,0.000000
66931.000,30.270286680,-97.739862298,135.6590,5,1.000000,0.000000,0.000000,0.000000
66932.000,30.270272853,-97.739812602,135.6940,4,1.000000,0.000000,0.000000,0.000000
66933.000,30.270259280,-97.739768047,135.6790,4,1.000000,0.000000,0.000000,0.000000
66934.000,30.270249117,-97.739732273,135.7070,4,1.000000,0.000000,0.000000,0.000000
66935.000,30.270243582,-97.739712162,135.7110,4,1.000000,0.000000,0.000000,0.000000
66936.000,30.270242285,-97.739708192,135.6960,4,1.000000,0.000000,0.000000,0.000000
66937.000,30.270242380,-97.739708148,135.7030,4,1.000000,0.000000,0.000000,0.000000
66938.000,30.270242353,-97.739708165,135.6990,5,1.000000,0.000000,0.000000,0.000000
66939.000,30.270242320,-97.739708152,135.7000,5,1.000000,0.000000,0.000000,0.000000
66940.000,30.270242372,-97.739708145,135.7060,4,1.000000,0.000000,0.000000,0.000000
66941.000,30.270242272,-97.739708137,135.6980,5,1.000000,0.000000,0.000000,0.000000
66942.000,30.270242275,-97.739708158,135.6950,5,1.000000,0.000000,0.000000,0.000000
66943.000,30.270241663,-97.739707983,135.6800,5,1.000000,0.000000,0.000000,0.000000
66944.000,30.270242228,-97.739708133,135.6900,4,1.000000,0.000000,0.000000,0.000000
66945.000,30.270242253,-97.739708140,135.6950,4,1.000000,0.000000,0.000000,0.000000
66946.000,30.270242283,-97.739707817,135.7020,4,1.000000,0.000000,0.000000,0.000000
66947.000,30.270239975,-97.739699853,135.7050,4,1.000000,0.000000,0.000000,0.000000
66948.000,30.270236212,-97.739684495,135.7480,4,1.000000,0.000000,0.000000,0.000000
66949.000,30.270234900,-97.739679072,135.7330,4,1.000000,0.000000,0.000000,0.000000
66950.000,30.270234888,-97.739679153,135.7470,4,1.000000,0.000000,0.000000,0.000000
66951.000,30.270234873,-97.739679153,135.7370,4,1.000000,0.000000,0.000000,0.000000
66952.000,30.270234883,-97.739679128,135.7380,4,1.000000,0.000000,0.000000,0.000000
66953.000,30.270234833,-97.739679115,135.7370,4,1.000000,0.000000,0.000000,0.000000
66954.000,30.270234852,-97.739679142,135.7300,4,1.000000,0.000000,0.000000,0.000000
66955.000,30.270234842,-97.739679115,135.7340,4,1.000000,0.000000,0.000000,0.000000
66956.000,30.270234868,-97.739679150,135.7330,4,1.000000,0.000000,0.000000,0.000000
66957.000,30.270234872,-97.739679128,135.7330,4,1.000000,0.000000,0.000000,0.000000
66958.000,30.270234860,-97.739679150,135.7360,4,1.000000,0.000000,0.000000,0.000000
66959.000,30.270234910,-97.739679145,135.7380,4,1.000000,0.000000,0.000000,0.000000
66960.000,30.270234480,-97.739677653,135.7260,4,1.000000,0.000000,0.000000,0.000000
66961.000,30.270232100,-97.739667762,135.7520,4,1.000000,0.000000,0.000000,0.000000
66962.000,30.270226718,-97.739647818,135.7710,4,1.000000,0.000000,0.000000,0.000000
66963.000,30.270218625,-97.739615163,135.8450,4,1.000000,0.000000,0.000000,0.000000
66964.000,30.270207212,-97.739578885,135.8470,4,1.000000,0.000000,0.000000,0.000000
66965.000,30.270190187,-97.739536615,135.8510,4,1.000000,0.000000,0.000000,0.000000
66966.000,30.270164613,-97.739496533,135.8010,4,1.000000,0.000000,0.000000,0.000000
66967.000,30.270122787,-97.739467125,135.6390,4,1.000000,0.000000,0.000000,0.000000
66968.000,30.270068385,-97.739457658,135.5570,4,1.000000,0.000000,0.000000,0.000000
66969.000,30.270004457,-97.739468230,135.1500,4,1.000000,0.000000,0.000000,0.000000
66970.000,30.269934093,-97.739490292,134.7030,4,1.000000,0.000000,0.000000,0.000000
66971.000,30.269860423,-97.739519493,134.2280,4,1.000000,0.000000,0.000000,0.000000
66972.000,30.269787897,-97.739553798,134.0390,5,1.000000,0.000000,0.000000,0.000000
66973.000,30.269722982,-97.739588458,133.5390,5,1.000000,0.000000,0.000000,0.000000
66974.000,30.269668773,-97.739620628,133.2700,4,1.000000,0.000000,0.000000,0.000000
66975.000,30.269624320,-97.739645475,133.1560,4,1.000000,0.000000,0.000000,0.000000
66976.000,30.269591667,-97.739661230,133.0700,4,1.000000,0.000000,0.000000,0.000000
66977.000,30.269571072,-97.739669405,133.0930,5,1.000000,0.000000,0.000000,0.000000
66978.000,30.269561462,-97.739672232,133.0080,5,1.000000,0.000000,0.000000,0.000000
66979.000,30.269560587,-97.739672503,133.0060,4,1.000000,0.000000,0.000000,0.000000
66980.000,30.269560618,-97.739672532,133.0060,4,1.000000,0.000000,0.000000,0.000000
66981.000,30.269560637,-97.739672552,133.0100,4,1.000000,0.000000,0.000000,0.000000
66982.000,30.269560662,-97.739672545,133.0160,4,1.000000,0.000000,0.000000,0.000000
66983.000,30.269560668,-97.739672587,133.0070,4,1.000000,0.000000,0.000000,0.000000
66984.000,30.269560668,-97.739672598,133.0100,4,1.000000,0.000000,0.000000,0.000000
66985.000,30.269560648,-97.739672543,133.0190,4,1.000000,0.000000,0.000000,0.000000
66986.000,30.269560667,-97.739672625,133.0030,4,1.000000,0.000000,0.000000,0.000000
66987.000,30.269560693,-97.739672597,133.0140,4,1.000000,0.000000,0.000000,0.000000
66988.000,30.269560680,-97.739672622,133.0160,4,1.000000,0.000000,0.000000,0.000000
66989.000,30.269560677,-97.739672623,133.0110,4,1.000000,0.000000,0.000000,0.000000
66990.000,30.269560682,-97.739672578,133.0200,4,1.000000,0.000000,0.000000,0.000000
66991.000,30.269560677,-97.739672623,133.0100,4,1.000000,0.000000,0.000000,0.000000
66992.000,30.269560695,-97.739672605,133.0100,4,1.000000,0.000000,0.000000,0.000000
66993.000,30.269560687,-97.739672635,133.0060,4,1.000000,0.000000,0.000000,0.000000
66994.000,30.269560672,-97.739672635,133.0040,4,1.000000,0.000000,0.000000,0.000000
66995.000,30.269560697,-97.739672602,133.0120,4,1.000000,0.000000,0.000000,0.000000
66996.000,30.269560682,-97.739672627,133.0050,4,1.000000,0.000000,0.000000,0.000000
66997.000,30.269560702,-97.739672602,133.0150,4,1.000000,0.000000,0.000000,0.000000
66998.000,30.269560673,-97.739672618,133.0070,4,1.000000,0.000000,0.000000,0.000000
66999.000,30.269560680,-97.739672660,133.0040,4,1.000000,0.000000,0.000000,0.000000
67000.000,30.269560708,-97.739672598,133.0160,4,1.000000,0.000000,0.000000,0.000000
67001.000,30.269560705,-97.739672625,133.0090,4,1.000000,0.000000,0.000000,0.000000
67002.000,30.269560710,-97.739672613,133.0040,4,1.000000,0.000000,0.000000,0.000000
67003.000,30.269560678,-97.739672572,133.0100,4,1.000000,0.000000,0.000000,0.000000
67004.000,30.269560677,-97.739672608,133.0050,4,1.000000,0.000000,0.000000,0.000000
67005.000,30.269560698,-97.739672573,133.0110,4,1.000000,0.000000,0.000000,0.000000
67006.000,30.269560703,-97.739672602,133.0000,4,1.000000,0.000000,0.000000,0.000000
67007.000,30.269560703,-97.739672578,133.0070,4,1.000000,0.000000,0.000000,0.000000
67008.000,30.269560710,-97.739672572,133.0110,4,1.000000,0.000000,0.000000,0.000000
67009.000,30.269560707,-97.739672605,133.0010,4,1.000000,0.000000,0.000000,0.000000
67010.000,30.269560718,-97.739672630,133.0070,4,1.000000,0.000000,0.000000,0.000000
67011.000,30.269560730,-97.739672618,132.9970,4,1.000000,0.000000,0.000000,0.000000
67012.000,30.269560738,-97.739672642,133.0010,4,1.000000,0.000000,0.000000,0.000000
67013.000,30.269560743,-97.739672605,133.0070,4,1.000000,0.000000,0.000000,0.000000
67014.000,30.269560720,-97.739672600,133.0030,4,1.000000,0.000000,0.000000,0.000000
67015.000,30.269560728,-97.739672613,133.0040,4,1.000000,0.000000,0.000000,0.000000
67016.000,30.269560727,-97.739672607,133.0070,4,1.000000,0.000000,0.000000,0.000000
67017.000,30.269560715,-97.739672637,133.0100,4,1.000000,0.000000,0.000000,0.000000
67018.000,30.269559605,-97.739672998,133.0040,4,1.000000,0.000000,0.000000,0.000000
67019.000,30.269556063,-97.739673942,132.9980,4,1.000000,0.000000,0.000000,0.000000
67020.000,30.269547542,-97.739676580,132.9780,4,1.000000,0.000000,0.000000,0.000000
67021.000,30.269527383,-97.739682672,132.9690,4,1.000000,0.000000,0.000000,0.000000
67022.000,30.269500012,-97.739691113,132.9400,4,1.000000,0.000000,0.000000,0.000000
67023.000,30.269473360,-97.739699508,132.9340,4,1.000000,0.000000,0.000000,0.000000
67024.000,30.269446237,-97.739708688,132.8970,4,1.000000,0.000000,0.000000,0.000000
67025.000,30.269420357,-97.739717862,132.8800,4,1.000000,0.000000,0.000000,0.000000
67026.000,30.269396203,-97.739726847,132.8690,5,1.000000,0.000000,0.000000,0.000000
67027.000,30.269370105,-97.739738807,132.8230,5,1.000000,0.000000,0.000000,0.000000
67028.000,30.269343482,-97.739759192,132.9330,5,1.000000,0.000000,0.000000,0.000000
67029.000,30.269324103,-97.739795463,133.1360,5,1.000000,0.000000,0.000000,0.000000
67030.000,30.269318437,-97.739845197,133.3180,5,1.000000,0.000000,0.000000,0.000000
67031.000,30.269323918,-97.739906022,133.7280,5,1.000000,0.000000,0.000000,0.000000
67034.000,30.269365110,-97.740208742,129.8300,5,1.000000,0.000000,0.000000,0.000000
67036.000,30.269389020,-97.740368572,134.3840,5,1.000000,0.000000,0.000000,0.000000
67037.000,30.269415913,-97.740447028,133.7940,5,1.000000,0.000000,0.000000,0.000000
67038.000,30.269435692,-97.740514195,132.8890,5,1.000000,0.000000,0.000000,0.000000
67039.000,30.269461660,-97.740553060,134.7080,5,1.000000,0.000000,0.000000,0.000000
67040.000,30.269468890,-97.740595883,133.1780,5,1.000000,0.000000,0.000000,0.000000
67041.000,30.269477815,-97.740617465,133.1060,5,1.000000,0.000000,0.000000,0.000000
67042.000,30.269481957,-97.740629687,132.9090,5,1.000000,0.000000,0.000000,0.000000
67043.000,30.269482940,-97.740632528,132.9440,5,1.000000,0.000000,0.000000,0.000000
67044.000,30.269482882,-97.740631520,133.1550,5,1.000000,0.000000,0.000000,0.000000
67045.000,30.269481655,-97.740630917,133.3240,5,1.000000,0.000000,0.000000,0.000000
67046.000,30.269480495,-97.740629565,133.5440,5,1.000000,0.000000,0.000000,0.000000
67047.000,30.269479345,-97.740629010,133.6880,5,1.000000,0.000000,0.000000,0.000000
67048.000,30.269477962,-97.740628548,133.8180,5,1.000000,0.000000,0.000000,0.000000
67049.000,30.269476547,-97.740628183,133.9260,5,1.000000,0.000000,0.000000,0.000000
67050.000,30.269475180,-97.740627890,134.0040,5,1.000000,0.000000,0.000000,0.000000
67051.000,30.269474002,-97.740627618,134.0710,5,1.000000,0.000000,0.000000,0.000000
67052.000,30.269473025,-97.740627327,134.1230,5,1.000000,0.000000,0.000000,0.000000
67053.000,30.269472363,-97.740627007,134.1780,5,1.000000,0.000000,0.000000,0.000000
67054.000,30.269471970,-97.740626712,134.1780,5,1.000000,0.000000,0.000000,0.000000
67055.000,30.269471830,-97.740627077,134.2550,5,1.000000,0.000000,0.000000,0.000000
67056.000,30.269477770,-97.740645600,134.2600,5,1.000000,0.000000,0.000000,0.000000
67057.000,30.269493357,-97.740673258,132.9280,5,1.000000,0.000000,0.000000,0.000000
67058.000,30.269512003,-97.740727770,132.5630,5,1.000000,0.000000,0.000000,0.000000
67059.000,30.269532042,-97.740793730,132.8140,5,1.000000,0.000000,0.000000,0.000000
67060.000,30.269555880,-97.740871808,132.8270,5,1.000000,0.000000,0.000000,0.000000
67061.000,30.269577167,-97.740953795,132.0360,5,1.000000,0.000000,0.000000,0.000000
67062.000,30.269601460,-97.741041782,131.3760,5,1.000000,0.000000,0.000000,0.000000
67063.000,30.269627880,-97.741134265,130.7960,5,1.000000,0.000000,0.000000,0.000000
67064.000,30.269653455,-97.741227478,130.3150,5,1.000000,0.000000,0.000000,0.000000
67065.000,30.269679032,-97.741320332,129.8670,5,1.000000,0.000000,0.000000,0.000000
67066.000,30.269709625,-97.741407868,129.7860,5,1.000000,0.000000,0.000000,0.000000
67067.000,30.269739225,-97.741491197,129.7420,5,1.000000,0.000000,0.000000,0.000000
67068.000,30.269766060,-97.741567198,130.2170,5,1.000000,0.000000,0.000000,0.000000
67069.000,30.269787900,-97.741630828,130.0710,5,1.000000,0.000000,0.000000,0.000000
67070.000,30.269805473,-97.741685828,130.1780,5,1.000000,0.000000,0.000000,0.000000
67071.000,30.269819083,-97.741730492,130.1480,5,1.000000,0.000000,0.000000,0.000000
67072.000,30.269828568,-97.741762693,130.0390,5,1.000000,0.000000,0.000000,0.000000
67073.000,30.269835020,-97.741784942,129.8660,5,1.000000,0.000000,0.000000,0.000000
67074.000,30.269839622,-97.741800012,129.7180,5,1.000000,0.000000,0.000000,0.000000
67075.000,30.269843423,-97.741808757,129.1950,4,1.000000,0.000000,0.000000,0.000000
67076.000,30.269848857,-97.741817345,128.3480,5,1.000000,0.000000,0.000000,0.000000
67077.000,30.269851715,-97.741826192,128.3380,4,1.000000,0.000000,0.000000,0.000000
67078.000,30.269857878,-97.741847133,128.2920,4,1.000000,0.000000,0.000000,0.000000
67079.000,30.269868497,-97.741885500,128.2370,4,1.000000,0.000000,0.000000,0.000000
67080.000,30.269884303,-97.741940133,128.1680,4,1.000000,0.000000,0.000000,0.000000
67081.000,30.269905613,-97.742009443,128.2380,4,1.000000,0.000000,0.000000,0.000000
67082.000,30.269928550,-97.742088013,128.4740,4,1.000000,0.000000,0.000000,0.000000
67083.000,30.269951537,-97.742175133,128.6040,4,1.000000,0.000000,0.000000,0.000000
67084.000,30.269975290,-97.742268582,128.7600,4,1.000000,0.000000,0.000000,0.000000
67085.000,30.269999863,-97.742365303,129.2850,4,1.000000,0.000000,0.000000,0.000000
67086.000,30.270027318,-97.742462572,130.2380,4,1.000000,0.000000,0.000000,0.000000
67087.000,30.270055190,-97.742559553,131.1850,4,1.000000,0.000000,0.000000,0.000000
67088.000,30.270082447,-97.742654730,132.1150,4,1.000000,0.000000,0.000000,0.000000
67089.000,30.270109260,-97.742748250,133.0160,4,1.000000,0.000000,0.000000,0.000000
67090.000,30.270136675,-97.742843973,133.9300,4,1.000000,0.000000,0.000000,0.000000
67091.000,30.270165665,-97.742945003,134.8290,4,1.000000,0.000000,0.000000,0.000000
67092.000,30.270193738,-97.743046013,135.5730,4,1.000000,0.000000,0.000000,0.000000
67093.000,30.270218162,-97.743138227,136.2010,4,1.000000,0.000000,0.000000,0.000000
67094.000,30.270242402,-97.743225368,136.4650,4,1.000000,0.000000,0.000000,0.000000
67095.000,30.270267872,-97.743316357,136.6670,4,1.000000,0.000000,0.000000,0.000000
67096.000,30.270290977,-97.743407718,136.7600,4,1.000000,0.000000,0.000000,0.000000
67097.000,30.270310698,-97.743504298,136.7480,4,1.000000,0.000000,0.000000,0.000000
67098.000,30.270331787,-97.743607183,136.7460,4,1.000000,0.000000,0.000000,0.000000
67099.000,30.270353923,-97.743711425,136.6830,4,1.000000,0.000000,0.000000,0.000000
67100.000,30.270377575,-97.743808127,136.7380,4,1.000000,0.000000,0.000000,0.000000
67101.000,30.270400678,-97.743896473,136.7280,4,1.000000,0.000000,0.000000,0.000000
67102.000,30.270422215,-97.743976403,136.7220,4,1.000000,0.000000,0.000000,0.000000
67103.000,30.270441115,-97.744044275,136.7470,4,1.000000,0.000000,0.000000,0.000000
67104.000,30.270456682,-97.744099538,136.7450,4,1.000000,0.000000,0.000000,0.000000
67105.000,30.270469367,-97.744144025,136.7360,4,1.000000,0.000000,0.000000,0.000000
67106.000,30.270480082,-97.744180910,136.7580,4,1.000000,0.000000,0.000000,0.000000
67107.000,30.270488135,-97.744208797,136.7280,4,1.000000,0.000000,0.000000,0.000000
67108.000,30.270493815,-97.744228092,136.7440,4,1.000000,0.000000,0.000000,0.000000
67109.000,30.270497403,-97.744240277,136.7370,4,1.000000,0.000000,0.000000,0.000000
67110.000,30.270498848,-97.744245032,136.7580,4,1.000000,0.000000,0.000000,0.000000
67111.000,30.270498903,-97.744245198,136.7480,4,1.000000,0.000000,0.000000,0.000000
67112.000,30.270498890,-97.744245192,136.7520,4,1.000000,0.000000,0.000000,0.000000
67113.000,30.270498898,-97.744245185,136.7390,4,1.000000,0.000000,0.000000,0.000000
67114.000,30.270498877,-97.744245207,136.7470,4,1.000000,0.000000,0.000000,0.000000
67115.000,30.270498893,-97.744245192,136.7370,4,1.000000,0.000000,0.000000,0.000000
67116.000,30.270498890,-97.744245180,136.7460,4,1.000000,0.000000,0.000000,0.000000
67117.000,30.270498882,-97.744245203,136.7360,4,1.000000,0.000000,0.000000,0.000000
67118.000,30.270498902,-97.744245183,136.7390,4,1.000000,0.000000,0.000000,0.000000
67119.000,30.270498880,-97.744245213,136.7400,4,1.000000,0.000000,0.000000,0.000000
67120.000,30.270498883,-97.744245205,136.7470,4,1.000000,0.000000,0.000000,0.000000
67121.000,30.270498905,-97.744245195,136.7410,4,1.000000,0.000000,0.000000,0.000000
67122.000,30.270498900,-97.744245187,136.7420,4,1.000000,0.000000,0.000000,0.000000
67123.000,30.270498928,-97.744245260,136.7380,4,1.000000,0.000000,0.000000,0.000000
67124.000,30.270499452,-97.744247167,136.7330,4,1.000000,0.000000,0.000000,0.000000
67125.000,30.270500205,-97.744249577,136.7490,4,1.000000,0.000000,0.000000,0.000000
67126.000,30.270500783,-97.744251558,136.7260,4,1.000000,0.000000,0.000000,0.000000
67127.000,30.270501878,-97.744255345,136.7360,4,1.000000,0.000000,0.000000,0.000000
67128.000,30.270506275,-97.744270843,136.7260,4,1.000000,0.000000,0.000000,0.000000
67129.000,30.270516117,-97.744307102,136.7330,4,1.000000,0.000000,0.000000,0.000000
67130.000,30.270531172,-97.744361612,136.7170,4,1.000000,0.000000,0.000000,0.000000
67131.000,30.270548643,-97.744426103,136.6970,4,1.000000,0.000000,0.000000,0.000000
67132.000,30.270567707,-97.744496798,136.9110,4,1.000000,0.000000,0.000000,0.000000
67133.000,30.270589797,-97.744575447,136.9690,4,1.000000,0.000000,0.000000,0.000000
67134.000,30.270613322,-97.744657352,136.9930,4,1.000000,0.000000,0.000000,0.000000
67135.000,30.270639543,-97.744746587,137.0970,4,1.000000,0.000000,0.000000,0.000000
67136.000,30.270667082,-97.744839215,137.2960,4,1.000000,0.000000,0.000000,0.000000
67137.000,30.270692295,-97.744928240,137.5840,5,1.000000,0.000000,0.000000,0.000000
67138.000,30.270714635,-97.745005912,137.5790,4,1.000000,0.000000,0.000000,0.000000
67139.000,30.270732905,-97.745071382,137.6540,5,1.000000,0.000000,0.000000,0.000000
67140.000,30.270750013,-97.745128765,137.7530,4,1.000000,0.000000,0.000000,0.000000
67141.000,30.270762423,-97.745175870,137.7230,4,1.000000,0.000000,0.000000,0.000000
67142.000,30.270772145,-97.745210060,137.7210,4,1.000000,0.000000,0.000000,0.000000
67143.000,30.270778423,-97.745232087,137.7290,4,1.000000,0.000000,0.000000,0.000000
67144.000,30.270782653,-97.745246255,137.7180,4,1.000000,0.000000,0.000000,0.000000
67145.000,30.270785092,-97.745254157,137.7780,4,1.000000,0.000000,0.000000,0.000000
67146.000,30.270785468,-97.745255220,137.7750,4,1.000000,0.000000,0.000000,0.000000
67147.000,30.270785433,-97.745255202,137.7680,4,1.000000,0.000000,0.000000,0.000000
67148.000,30.270785472,-97.745255182,137.7690,4,1.000000,0.000000,0.000000,0.000000
67149.000,30.270785513,-97.745255198,137.7840,4,1.000000,0.000000,0.000000,0.000000
67150.000,30.270785407,-97.745255247,137.7730,4,1.000000,0.000000,0.000000,0.000000
67151.000,30.270785435,-97.745255227,137.7730,4,1.000000,0.000000,0.000000,0.000000
67152.000,30.270785467,-97.745255213,137.7720,4,1.000000,0.000000,0.000000,0.000000
67153.000,30.270785483,-97.745255183,137.7710,4,1.000000,0.000000,0.000000,0.000000
67154.000,30.270785537,-97.745255155,137.7800,4,1.000000,0.000000,0.000000,0.000000
67155.000,30.270785520,-97.745255155,137.7800,4,1.000000,0.000000,0.000000,0.000000
67156.000,30.270785520,-97.745255150,137.7810,4,1.000000,0.000000,0.000000,0.000000
67157.000,30.270785545,-97.745255143,137.7800,4,1.000000,0.000000,0.000000,0.000000
67158.000,30.270785537,-97.745255137,137.7780,4,1.000000,0.000000,0.000000,0.000000
67159.000,30.270785542,-97.745255138,137.7780,4,1.000000,0.000000,0.000000,0.000000
67160.000,30.270786113,-97.745257197,137.7590,4,1.000000,0.000000,0.000000,0.000000
67161.000,30.270789293,-97.745268292,137.8250,4,1.000000,0.000000,0.000000,0.000000
67162.000,30.270794397,-97.745289025,137.7770,4,1.000000,0.000000,0.000000,0.000000
67163.000,30.270800657,-97.745312837,137.8010,4,1.000000,0.000000,0.000000,0.000000
67164.000,30.270806772,-97.745333963,137.7810,4,1.000000,0.000000,0.000000,0.000000
67165.000,30.270810392,-97.745347070,137.8280,4,1.000000,0.000000,0.000000,0.000000
67166.000,30.270811198,-97.745349547,137.7840,5,1.000000,0.000000,0.000000,0.000000
67167.000,30.270811652,-97.745351865,137.7960,4,1.000000,0.000000,0.000000,0.000000
67168.000,30.270814120,-97.745359850,137.8430,4,1.000000,0.000000,0.000000,0.000000
67169.000,30.270816957,-97.745370045,137.8240,4,1.000000,0.000000,0.000000,0.000000
67170.000,30.270819218,-97.745379210,137.8640,4,1.000000,0.000000,0.000000,0.000000
67171.000,30.270819482,-97.745380040,137.8560,4,1.000000,0.000000,0.000000,0.000000
67172.000,30.270819412,-97.745380117,137.8510,5,1.000000,0.000000,0.000000,0.000000
67173.000,30.270819388,-97.745380118,137.8530,4,1.000000,0.000000,0.000000,0.000000
67174.000,30.270819562,-97.745381138,137.8650,4,1.000000,0.000000,0.000000,0.000000
67175.000,30.270821680,-97.745389922,137.8690,4,1.000000,0.000000,0.000000,0.000000
67176.000,30.270826977,-97.745417748,137.9060,4,1.000000,0.000000,0.000000,0.000000
67177.000,30.270832273,-97.745458125,137.9600,4,1.000000,0.000000,0.000000,0.000000
67178.000,30.270829503,-97.745506423,137.8460,4,1.000000,0.000000,0.000000,0.000000
67179.000,30.270808390,-97.745555885,137.7220,4,1.000000,0.000000,0.000000,0.000000
67180.000,30.270764203,-97.745597868,137.3590,4,1.000000,0.000000,0.000000,0.000000
67181.000,30.270698878,-97.745627247,136.8350,4,1.000000,0.000000,0.000000,0.000000
67182.000,30.270616800,-97.745652975,135.8800,4,1.000000,0.000000,0.000000,0.000000
67183.000,30.270522988,-97.745685708,134.7100,4,1.000000,0.000000,0.000000,0.000000
67184.000,30.270423105,-97.745722905,133.8010,5,1.000000,0.000000,0.000000,0.000000
67185.000,30.270323648,-97.745759707,132.9550,5,1.000000,0.000000,0.000000,0.000000
67186.000,30.270230522,-97.745795470,132.2130,5,1.000000,0.000000,0.000000,0.000000
67187.000,30.270148030,-97.745823767,131.4390,5,1.000000,0.000000,0.000000,0.000000
67188.000,30.270083793,-97.745844445,130.9900,5,1.000000,0.000000,0.000000,0.000000
67189.000,30.270029777,-97.745846822,130.6930,5,1.000000,0.000000,0.000000,0.000000
67190.000,30.269980960,-97.745825507,130.6800,4,1.000000,0.000000,0.000000,0.000000
67191.000,30.269942048,-97.745780487,130.9910,4,1.000000,0.000000,0.000000,0.000000
67192.000,30.269911543,-97.745720218,131.4060,4,1.000000,0.000000,0.000000,0.000000
67193.000,30.269885198,-97.745647147,131.8770,4,1.000000,0.000000,0.000000,0.000000
67194.000,30.269859470,-97.745561965,132.2940,4,1.000000,0.000000,0.000000,0.000000
67195.000,30.269833380,-97.745473302,132.6540,4,1.000000,0.000000,0.000000,0.000000
67196.000,30.269809148,-97.745389743,132.9330,4,1.000000,0.000000,0.000000,0.000000
67197.000,30.269787373,-97.745313270,133.1260,4,1.000000,0.000000,0.000000,0.000000
67198.000,30.269769032,-97.745252877,133.2910,4,1.000000,0.000000,0.000000,0.000000
67199.000,30.269755693,-97.745207782,133.3580,4,1.000000,0.000000,0.000000,0.000000
67200.000,30.269746513,-97.745175373,133.3750,4,1.000000,0.000000,0.000000,0.000000
67201.000,30.269740040,-97.745152877,133.4370,4,1.000000,0.000000,0.000000,0.000000
67202.000,30.269735305,-97.745136838,133.4900,4,1.000000,0.000000,0.000000,0.000000
67203.000,30.269733017,-97.745128858,133.4520,4,1.000000,0.000000,0.000000,0.000000
67204.000,30.269732398,-97.745126725,133.4710,4,1.000000,0.000000,0.000000,0.000000
67205.000,30.269732413,-97.745126748,133.4790,4,1.000000,0.000000,0.000000,0.000000
67206.000,30.269732395,-97.745126773,133.4740,4,1.000000,0.000000,0.000000,0.000000
67207.000,30.269732280,-97.745126495,133.4750,4,1.000000,0.000000,0.000000,0.000000
67208.000,30.269731967,-97.745124817,133.4830,4,1.000000,0.000000,0.000000,0.000000
67209.000,30.269730672,-97.745120438,133.4770,5,1.000000,0.000000,0.000000,0.000000
67210.000,30.269728002,-97.745111765,133.5020,4,1.000000,0.000000,0.000000,0.000000
67211.000,30.269721910,-97.745090683,133.5260,4,1.000000,0.000000,0.000000,0.000000
67212.000,30.269717042,-97.745073973,133.5100,4,1.000000,0.000000,0.000000,0.000000
67213.000,30.269711988,-97.745055563,133.5350,4,1.000000,0.000000,0.000000,0.000000
67214.000,30.269705192,-97.745031078,133.5020,4,1.000000,0.000000,0.000000,0.000000
67215.000,30.269693353,-97.744987023,133.5360,4,1.000000,0.000000,0.000000,0.000000
67216.000,30.269678150,-97.744926425,133.7010,4,1.000000,0.000000,0.000000,0.000000
67217.000,30.269659785,-97.744852475,133.7340,4,1.000000,0.000000,0.000000,0.000000
67218.000,30.269638460,-97.744772007,133.5570,4,1.000000,0.000000,0.000000,0.000000
67219.000,30.269615608,-97.744692495,133.4200,5,1.000000,0.000000,0.000000,0.000000
67220.000,30.269593532,-97.744614462,133.3100,5,1.000000,0.000000,0.000000,0.000000
67221.000,30.269570568,-97.744535705,133.1120,5,1.000000,0.000000,0.000000,0.000000
67222.000,30.269548785,-97.744458610,132.8440,5,1.000000,0.000000,0.000000,0.000000
67223.000,30.269528307,-97.744385515,132.4890,5,1.000000,0.000000,0.000000,0.000000
67224.000,30.269509233,-97.744318347,132.1540,5,1.000000,0.000000,0.000000,0.000000
67225.000,30.269492327,-97.744259128,131.9260,5,1.000000,0.000000,0.000000,0.000000
67226.000,30.269478908,-97.744211388,131.8970,5,1.000000,0.000000,0.000000,0.000000
67227.000,30.269469047,-97.744175012,131.6820,5,1.000000,0.000000,0.000000,0.000000
67228.000,30.269460830,-97.744146062,131.5670,5,1.000000,0.000000,0.000000,0.000000
67229.000,30.269455013,-97.744125435,131.4620,5,1.000000,0.000000,0.000000,0.000000
67230.000,30.269451965,-97.744114363,131.4310,5,1.000000,0.000000,0.000000,0.000000
67231.000,30.269450842,-97.744110198,131.3980,5,1.000000,0.000000,0.000000,0.000000
67232.000,30.269449103,-97.744103887,131.3800,5,1.000000,0.000000,0.000000,0.000000
67233.000,30.269444840,-97.744089940,131.3820,5,1.000000,0.000000,0.000000,0.000000
67234.000,30.269437578,-97.744064137,131.2400,5,1.000000,0.000000,0.000000,0.000000
67235.000,30.269426707,-97.744028087,131.0950,5,1.000000,0.000000,0.000000,0.000000
67236.000,30.269412752,-97.743981068,131.0140,5,1.000000,0.000000,0.000000,0.000000
67237.000,30.269395708,-97.743921512,130.8180,5,1.000000,0.000000,0.000000,0.000000
67238.000,30.269376327,-97.743854378,130.6690,5,1.000000,0.000000,0.000000,0.000000
67239.000,30.269355105,-97.743780198,130.5410,5,1.000000,0.000000,0.000000,0.000000
67240.000,30.269331815,-97.743699557,130.3480,5,1.000000,0.000000,0.000000,0.000000
67241.000,30.269308345,-97.743615223,130.1460,5,1.000000,0.000000,0.000000,0.000000
67242.000,30.269282548,-97.743526667,129.9230,5,1.000000,0.000000,0.000000,0.000000
67243.000,30.269255892,-97.743434208,129.5640,5,1.000000,0.000000,0.000000,0.000000
67244.000,30.269229367,-97.743341333,129.2820,5,1.000000,0.000000,0.000000,0.000000
67247.000,30.269165005,-97.743071285,127.7130,5,1.000000,0.000000,0.000000,0.000000
67248.000,30.269145482,-97.742999830,127.4700,5,1.000000,0.000000,0.000000,0.000000
67249.000,30.269124135,-97.742939017,127.6620,5,1.000000,0.000000,0.000000,0.000000
67250.000,30.269108380,-97.742891330,127.6740,5,1.000000,0.000000,0.000000,0.000000
67252.000,30.269088175,-97.742830882,127.6730,5,1.000000,0.000000,0.000000,0.000000
67254.000,30.269083555,-97.742814822,127.8220,5,1.000000,0.000000,0.000000,0.000000
67255.000,30.269085323,-97.742814892,127.7150,5,1.000000,0.000000,0.000000,0.000000
67256.000,30.269087202,-97.742815370,127.5970,5,1.000000,0.000000,0.000000,0.000000
67257.000,30.269088142,-97.742815898,127.5130,5,1.000000,0.000000,0.000000,0.000000
67258.000,30.269088963,-97.742816010,127.4930,5,1.000000,0.000000,0.000000,0.000000
67259.000,30.269089730,-97.742816042,127.4760,5,1.000000,0.000000,0.000000,0.000000
67260.000,30.269090770,-97.742816230,127.4190,5,1.000000,0.000000,0.000000,0.000000
67261.000,30.269091125,-97.742816438,127.3890,5,1.000000,0.000000,0.000000,0.000000
67262.000,30.269091575,-97.742816478,127.3800,5,1.000000,0.000000,0.000000,0.000000
67263.000,30.269091035,-97.742812607,127.3060,5,1.000000,0.000000,0.000000,0.000000
67264.000,30.269085993,-97.742796170,127.2750,5,1.000000,0.000000,0.000000,0.000000
67265.000,30.269077205,-97.742762772,127.2550,5,1.000000,0.000000,0.000000,0.000000
67266.000,30.269063317,-97.742717602,127.1100,5,1.000000,0.000000,0.000000,0.000000
67267.000,30.269048072,-97.742661023,127.0690,5,1.000000,0.000000,0.000000,0.000000
67270.000,30.268987747,-97.742458110,126.6920,5,1.000000,0.000000,0.000000,0.000000
67271.000,30.268966252,-97.742384208,126.6360,5,1.000000,0.000000,0.000000,0.000000
67272.000,30.268944667,-97.742307122,126.2790,5,1.000000,0.000000,0.000000,0.000000
67273.000,30.268920947,-97.742223617,126.6110,5,1.000000,0.000000,0.000000,0.000000
67277.000,30.268779580,-97.741821223,145.6440,5,1.000000,0.000000,0.000000,0.000000
67278.000,30.268669453,-97.741771288,126.7510,5,1.000000,0.000000,0.000000,0.000000
67283.000,30.268672103,-97.741373110,130.0220,5,1.000000,0.000000,0.000000,0.000000
67285.000,30.268627657,-97.741211797,130.5910,5,1.000000,0.000000,0.000000,0.000000
67286.000,30.268611397,-97.741136313,129.9720,5,1.000000,0.000000,0.000000,0.000000
67287.000,30.268591118,-97.741055835,130.3310,5,1.000000,0.000000,0.000000,0.000000
67288.000,30.268568130,-97.740975290,130.6900,5,1.000000,0.000000,0.000000,0.000000
67289.000,30.268545818,-97.740890567,131.5220,5,1.000000,0.000000,0.000000,0.000000
67290.000,30.268519055,-97.740801633,133.0050,5,1.000000,0.000000,0.000000,0.000000
67291.000,30.268495010,-97.740705358,135.4470,5,1.000000,0.000000,0.000000,0.000000
67292.000,30.268448453,-97.740609495,134.1390,5,1.000000,0.000000,0.000000,0.000000
67293.000,30.268418698,-97.740508220,134.7260,5,1.000000,0.000000,0.000000,0.000000
67294.000,30.268384837,-97.740412163,134.2410,5,1.000000,0.000000,0.000000,0.000000
67295.000,30.268358653,-97.740324737,133.6720,5,1.000000,0.000000,0.000000,0.000000
67296.000,30.268337440,-97.740256657,133.4410,5,1.000000,0.000000,0.000000,0.000000
67297.000,30.268315567,-97.740203805,133.1140,5,1.000000,0.000000,0.000000,0.000000
67298.000,30.268283413,-97.740165847,132.7750,5,1.000000,0.000000,0.000000,0.000000
67299.000,30.268237528,-97.740145492,132.1310,5,1.000000,0.000000,0.000000,0.000000
67300.000,30.268180007,-97.740148523,131.3790,5,1.000000,0.000000,0.000000,0.000000
67301.000,30.268114902,-97.740166530,130.3780,5,1.000000,0.000000,0.000000,0.000000
67302.000,30.268042040,-97.740195390,129.1250,5,1.000000,0.000000,0.000000,0.000000
67303.000,30.267962295,-97.740231698,127.9030,5,1.000000,0.000000,0.000000,0.000000
67304.000,30.267877838,-97.740269407,126.7420,5,1.000000,0.000000,0.000000,0.000000
67305.000,30.267792262,-97.740304802,125.9680,5,1.000000,0.000000,0.000000,0.000000
67306.000,30.267710513,-97.740337315,125.4460,5,1.000000,0.000000,0.000000,0.000000
67307.000,30.267638342,-97.740366843,124.0640,5,1.000000,0.000000,0.000000,0.000000
67308.000,30.267579470,-97.740388485,123.7550,5,1.000000,0.000000,0.000000,0.000000
67309.000,30.267531952,-97.740404998,123.5710,4,1.000000,0.000000,0.000000,0.000000
67310.000,30.267495148,-97.740421407,123.4860,4,1.000000,0.000000,0.000000,0.000000
67311.000,30.267466450,-97.740447678,123.5010,4,1.000000,0.000000,0.000000,0.000000
67312.000,30.267448493,-97.740492362,123.5640,5,1.000000,0.000000,0.000000,0.000000
67313.000,30.267448078,-97.740550952,123.6110,4,1.000000,0.000000,0.000000,0.000000
67314.000,30.267461893,-97.740616542,123.6440,4,1.000000,0.000000,0.000000,0.000000
67315.000,30.267481625,-97.740692137,123.7040,4,1.000000,0.000000,0.000000,0.000000
67316.000,30.267504508,-97.740777233,123.7730,4,1.000000,0.000000,0.000000,0.000000
67317.000,30.267527670,-97.740862262,123.8170,4,1.000000,0.000000,0.000000,0.000000
67318.000,30.267550588,-97.740944850,123.8810,4,1.000000,0.000000,0.000000,0.000000
67319.000,30.267572863,-97.741023670,123.9200,4,1.000000,0.000000,0.000000,0.000000
67320.000,30.267593927,-97.741096923,123.9560,4,1.000000,0.000000,0.000000,0.000000
67321.000,30.267612325,-97.741161335,124.0100,5,1.000000,0.000000,0.000000,0.000000
67322.000,30.267626922,-97.741214773,124.0670,5,1.000000,0.000000,0.000000,0.000000
67323.000,30.267638368,-97.741257562,124.0640,4,1.000000,0.000000,0.000000,0.000000
67324.000,30.267646308,-97.741287013,124.1450,4,1.000000,0.000000,0.000000,0.000000
67325.000,30.267650682,-97.741303368,124.1130,4,1.000000,0.000000,0.000000,0.000000
67326.000,30.267652345,-97.741309310,124.1110,4,1.000000,0.000000,0.000000,0.000000
67327.000,30.267652305,-97.741309403,124.1200,4,1.000000,0.000000,0.000000,0.000000
67328.000,30.267652405,-97.741309415,124.1040,4,1.000000,0.000000,0.000000,0.000000
67329.000,30.267652518,-97.741310582,124.1510,4,1.000000,0.000000,0.000000,0.000000
67330.000,30.267655825,-97.741324058,124.2340,4,1.000000,0.000000,0.000000,0.000000
67331.000,30.267665587,-97.741358408,124.1430,4,1.000000,0.000000,0.000000,0.000000
67332.000,30.267679428,-97.741409430,124.1710,4,1.000000,0.000000,0.000000,0.000000
67333.000,30.267697227,-97.741475853,124.2400,4,1.000000,0.000000,0.000000,0.000000
67334.000,30.267718225,-97.741551243,124.2860,4,1.000000,0.000000,0.000000,0.000000
67335.000,30.267741277,-97.741633552,124.3460,4,1.000000,0.000000,0.000000,0.000000
67336.000,30.267765087,-97.741721543,124.4110,4,1.000000,0.000000,0.000000,0.000000
67337.000,30.267788168,-97.741807143,124.5110,4,1.000000,0.000000,0.000000,0.000000
67338.000,30.267810957,-97.741889492,124.6170,5,1.000000,0.000000,0.000000,0.000000
67339.000,30.267831533,-97.741967848,124.6360,4,1.000000,0.000000,0.000000,0.000000
67340.000,30.267851542,-97.742041227,124.6750,4,1.000000,0.000000,0.000000,0.000000
67341.000,30.267871150,-97.742109972,124.7960,4,1.000000,0.000000,0.000000,0.000000
67342.000,30.267889885,-97.742178338,124.8810,4,1.000000,0.000000,0.000000,0.000000
67343.000,30.267911017,-97.742251005,125.0120,5,1.000000,0.000000,0.000000,0.000000
67344.000,30.267934128,-97.742328840,125.1000,5,1.000000,0.000000,0.000000,0.000000
67345.000,30.267956850,-97.742412070,125.1670,5,1.000000,0.000000,0.000000,0.000000
67346.000,30.267981310,-97.742496340,125.3430,5,1.000000,0.000000,0.000000,0.000000
67347.000,30.268003730,-97.742579387,125.4790,5,1.000000,0.000000,0.000000,0.000000
67348.000,30.268025018,-97.742658255,128.5310,5,1.000000,0.000000,0.000000,0.000000
67350.000,30.268059180,-97.742832688,133.4570,5,1.000000,0.000000,0.000000,0.000000
67351.000,30.268102270,-97.742902695,131.2070,5,1.000000,0.000000,0.000000,0.000000
67352.000,30.268133500,-97.742971237,131.9210,5,1.000000,0.000000,0.000000,0.000000
67353.000,30.268160392,-97.743054412,134.2960,5,1.000000,0.000000,0.000000,0.000000
67356.000,30.268009497,-97.743310910,118.2170,5,1.000000,0.000000,0.000000,0.000000
67357.000,30.268078235,-97.743387103,123.6370,5,1.000000,0.000000,0.000000,0.000000
67358.000,30.268151728,-97.743443378,125.7710,5,1.000000,0.000000,0.000000,0.000000
67359.000,30.268054448,-97.743549063,119.2200,5,1.000000,0.000000,0.000000,0.000000
67361.000,30.267996787,-97.743750545,115.8790,5,1.000000,0.000000,0.000000,0.000000
67362.000,30.268110112,-97.743800498,119.0680,5,1.000000,0.000000,0.000000,0.000000
67365.000,30.268193117,-97.744036690,118.7680,5,1.000000,0.000000,0.000000,0.000000
67366.000,30.268381652,-97.744089937,135.6300,5,1.000000,0.000000,0.000000,0.000000
67367.000,30.268396538,-97.744170615,133.9840,5,1.000000,0.000000,0.000000,0.000000
67368.000,30.268415898,-97.744251665,133.7720,5,1.000000,0.000000,0.000000,0.000000
67369.000,30.268446112,-97.744321005,132.2630,5,1.000000,0.000000,0.000000,0.000000
67370.000,30.268469785,-97.744395930,131.7540,5,1.000000,0.000000,0.000000,0.000000
67371.000,30.268492585,-97.744465843,131.5570,5,1.000000,0.000000,0.000000,0.000000
67372.000,30.268513977,-97.744526250,130.7830,5,1.000000,0.000000,0.000000,0.000000
67373.000,30.268533478,-97.744584555,130.1660,5,1.000000,0.000000,0.000000,0.000000
67374.000,30.268551152,-97.744642302,129.6030,5,1.000000,0.000000,0.000000,0.000000
67375.000,30.268570340,-97.744706952,129.3580,5,1.000000,0.000000,0.000000,0.000000
67376.000,30.268592720,-97.744780480,129.2570,5,1.000000,0.000000,0.000000,0.000000
67377.000,30.268615402,-97.744859905,128.9810,5,1.000000,0.000000,0.000000,0.000000
67378.000,30.268638907,-97.744936827,128.9190,5,1.000000,0.000000,0.000000,0.000000
67379.000,30.268661613,-97.745012833,128.9020,5,1.000000,0.000000,0.000000,0.000000
67380.000,30.268684417,-97.745090502,128.6770,5,1.000000,0.000000,0.000000,0.000000
67381.000,30.268707910,-97.745171637,128.7110,5,1.000000,0.000000,0.000000,0.000000
67382.000,30.268730825,-97.745259187,128.4920,5,1.000000,0.000000,0.000000,0.000000
67383.000,30.268754737,-97.745349860,128.4160,5,1.000000,0.000000,0.000000,0.000000
67384.000,30.268780550,-97.745442607,128.3310,5,1.000000,0.000000,0.000000,0.000000
67385.000,30.268806175,-97.745533868,128.3030,5,1.000000,0.000000,0.000000,0.000000
67386.000,30.268832053,-97.745623998,128.2540,5,1.000000,0.000000,0.000000,0.000000
67387.000,30.268857055,-97.745713895,128.2240,5,1.000000,0.000000,0.000000,0.000000
67388.000,30.268879325,-97.745804698,128.2370,5,1.000000,0.000000,0.000000,0.000000
67390.000,30.268917873,-97.746002862,127.7940,5,1.000000,0.000000,0.000000,0.000000
67391.000,30.268937490,-97.746093803,127.5830,5,1.000000,0.000000,0.000000,0.000000
67392.000,30.268948740,-97.746162785,127.3400,5,1.000000,0.000000,0.000000,0.000000
67393.000,30.268942462,-97.746223717,127.0300,5,1.000000,0.000000,0.000000,0.000000
67394.000,30.268912820,-97.746274483,126.8620,5,1.000000,0.000000,0.000000,0.000000
67395.000,30.268863733,-97.746307073,126.7280,5,1.000000,0.000000,0.000000,0.000000
67396.000,30.268798142,-97.746327940,126.5390,5,1.000000,0.000000,0.000000,0.000000
67397.000,30.268723735,-97.746352590,126.3300,5,1.000000,0.000000,0.000000,0.000000
67398.000,30.268643765,-97.746382082,126.1050,5,1.000000,0.000000,0.000000,0.000000
67399.000,30.268562087,-97.746413357,125.8840,5,1.000000,0.000000,0.000000,0.000000
67400.000,30.268481812,-97.746443305,125.5180,5,1.000000,0.000000,0.000000,0.000000
67401.000,30.268410362,-97.746469490,125.0880,5,1.000000,0.000000,0.000000,0.000000
67402.000,30.268350178,-97.746491232,124.7480,5,1.000000,0.000000,0.000000,0.000000
67403.000,30.268301930,-97.746510782,124.7130,5,1.000000,0.000000,0.000000,0.000000
67404.000,30.268267638,-97.746523157,124.4600,5,1.000000,0.000000,0.000000,0.000000
67405.000,30.268250242,-97.746529658,124.3830,5,1.000000,0.000000,0.000000,0.000000
67406.000,30.268244043,-97.746532345,124.4290,5,1.000000,0.000000,0.000000,0.000000
67407.000,30.268243725,-97.746531988,124.3340,5,1.000000,0.000000,0.000000,0.000000
67408.000,30.268243670,-97.746531455,124.2520,5,1.000000,0.000000,0.000000,0.000000
67409.000,30.268243563,-97.746531610,124.3140,5,1.000000,0.000000,0.000000,0.000000
67410.000,30.268243515,-97.746531447,124.3180,5,1.000000,0.000000,0.000000,0.000000
67411.000,30.268243415,-97.746531265,124.3170,5,1.000000,0.000000,0.000000,0.000000
67412.000,30.268243308,-97.746531095,124.3160,5,1.000000,0.000000,0.000000,0.000000
67413.000,30.268243088,-97.746531002,124.3340,5,1.000000,0.000000,0.000000,0.000000
67414.000,30.268242907,-97.746530812,124.3260,5,1.000000,0.000000,0.000000,0.000000
67415.000,30.268242737,-97.746530637,124.3230,5,1.000000,0.000000,0.000000,0.000000
67416.000,30.268240975,-97.746530772,124.2370,5,1.000000,0.000000,0.000000,0.000000
67417.000,30.268227012,-97.746535708,124.1790,5,1.000000,0.000000,0.000000,0.000000
67418.000,30.268196907,-97.746542725,124.0790,5,1.000000,0.000000,0.000000,0.000000
67419.000,30.268155775,-97.746539383,123.9480,5,1.000000,0.000000,0.000000,0.000000
67420.000,30.268111142,-97.746513790,123.8620,5,1.000000,0.000000,0.000000,0.000000
67421.000,30.268076133,-97.746461392,123.9360,5,1.000000,0.000000,0.000000,0.000000
67422.000,30.268055665,-97.746394127,125.1350,5,1.000000,0.000000,0.000000,0.000000
67423.000,30.268027843,-97.746305245,124.1180,5,1.000000,0.000000,0.000000,0.000000
67426.000,30.268018458,-97.745950538,119.8870,5,1.000000,0.000000,0.000000,0.000000
67427.000,30.268048495,-97.745850350,126.2360,5,1.000000,0.000000,0.000000,0.000000
67428.000,30.267995503,-97.745813812,126.4780,5,1.000000,0.000000,0.000000,0.000000
67430.000,30.267852047,-97.745779308,123.2570,5,1.000000,0.000000,0.000000,0.000000
67431.000,30.267843405,-97.745759117,122.7990,5,1.000000,0.000000,0.000000,0.000000
67432.000,30.267839735,-97.745749317,122.6530,5,1.000000,0.000000,0.000000,0.000000
67433.000,30.267839002,-97.745748753,122.5840,5,1.000000,0.000000,0.000000,0.000000
67434.000,30.267839815,-97.745748482,122.7000,5,1.000000,0.000000,0.000000,0.000000
67435.000,30.267840433,-97.745748542,122.6940,5,1.000000,0.000000,0.000000,0.000000
67436.000,30.267840562,-97.745748630,122.6490,5,1.000000,0.000000,0.000000,0.000000
67437.000,30.267840758,-97.745748680,122.6410,5,1.000000,0.000000,0.000000,0.000000
67438.000,30.267841455,-97.745748420,122.7210,5,1.000000,0.000000,0.000000,0.000000
67439.000,30.267841887,-97.745748088,122.8100,5,1.000000,0.000000,0.000000,0.000000
67440.000,30.267842130,-97.745747720,122.9060,5,1.000000,0.000000,0.000000,0.000000
67441.000,30.267842343,-97.745747450,122.9960,5,1.000000,0.000000,0.000000,0.000000
67442.000,30.267842742,-97.745746847,123.1330,5,1.000000,0.000000,0.000000,0.000000
67443.000,30.267842847,-97.745746490,123.2070,5,1.000000,0.000000,0.000000,0.000000
67444.000,30.267843012,-97.745746110,123.3020,5,1.000000,0.000000,0.000000,0.000000
67445.000,30.267842888,-97.745746157,123.3020,5,1.000000,0.000000,0.000000,0.000000
67446.000,30.267843160,-97.745745867,123.4100,5,1.000000,0.000000,0.000000,0.000000
67447.000,30.267843262,-97.745745592,123.4910,5,1.000000,0.000000,0.000000,0.000000
67448.000,30.267843285,-97.745745272,123.5680,5,1.000000,0.000000,0.000000,0.000000
67449.000,30.267843418,-97.745745043,123.6250,5,1.000000,0.000000,0.000000,0.000000
67450.000,30.267843500,-97.745744873,123.6540,5,1.000000,0.000000,0.000000,0.000000
67451.000,30.267843573,-97.745744907,123.6330,5,1.000000,0.000000,0.000000,0.000000
67452.000,30.267843670,-97.745744815,123.6490,5,1.000000,0.000000,0.000000,0.000000
67453.000,30.267843783,-97.745744712,123.6600,5,1.000000,0.000000,0.000000,0.000000
67454.000,30.267843963,-97.745744592,123.6730,5,1.000000,0.000000,0.000000,0.000000
67455.000,30.267844148,-97.745744532,123.6640,5,1.000000,0.000000,0.000000,0.000000
67456.000,30.267844378,-97.745744465,123.6830,5,1.000000,0.000000,0.000000,0.000000
67457.000,30.267844527,-97.745744392,123.6770,5,1.000000,0.000000,0.000000,0.000000
67458.000,30.267844695,-97.745744345,123.6840,5,1.000000,0.000000,0.000000,0.000000
67459.000,30.267843823,-97.745740405,123.6660,5,1.000000,0.000000,0.000000,0.000000
67460.000,30.267837727,-97.745718195,123.6840,5,1.000000,0.000000,0.000000,0.000000
67461.000,30.267825663,-97.745676713,123.6960,5,1.000000,0.000000,0.000000,0.000000
67462.000,30.267807788,-97.745616215,123.7750,5,1.000000,0.000000,0.000000,0.000000
67463.000,30.267786163,-97.745539225,123.8280,5,1.000000,0.000000,0.000000,0.000000
67464.000,30.267759873,-97.745447230,123.8620,5,1.000000,0.000000,0.000000,0.000000
67465.000,30.267732285,-97.745342192,124.0980,5,1.000000,0.000000,0.000000,0.000000
67466.000,30.267701690,-97.745230178,124.3000,5,1.000000,0.000000,0.000000,0.000000
67467.000,30.267671112,-97.745117072,124.5450,5,1.000000,0.000000,0.000000,0.000000
67468.000,30.267642560,-97.745011150,124.6850,5,1.000000,0.000000,0.000000,0.000000
67469.000,30.267616433,-97.744916773,124.8990,5,1.000000,0.000000,0.000000,0.000000
67470.000,30.267590880,-97.744827213,125.1030,5,1.000000,0.000000,0.000000,0.000000
67471.000,30.267565523,-97.744741343,125.3030,5,1.000000,0.000000,0.000000,0.000000
67472.000,30.267541335,-97.744656173,125.3440,5,1.000000,0.000000,0.000000,0.000000
67473.000,30.267517425,-97.744573585,125.4140,5,1.000000,0.000000,0.000000,0.000000
67474.000,30.267493200,-97.744488638,125.5220,5,1.000000,0.000000,0.000000,0.000000
67475.000,30.267467502,-97.744399322,125.4840,5,1.000000,0.000000,0.000000,0.000000
67476.000,30.267442187,-97.744311168,125.4320,5,1.000000,0.000000,0.000000,0.000000
67477.000,30.267417625,-97.744225495,125.4110,5,1.000000,0.000000,0.000000,0.000000
67478.000,30.267393980,-97.744140853,125.1290,4,1.000000,0.000000,0.000000,0.000000
67479.000,30.267370957,-97.744057253,124.8210,5,1.000000,0.000000,0.000000,0.000000
67480.000,30.267347218,-97.743972317,124.6890,5,1.000000,0.000000,0.000000,0.000000
67481.000,30.267324548,-97.743890978,124.6080,4,1.000000,0.000000,0.000000,0.000000
67482.000,30.267304030,-97.743817762,124.5130,4,1.000000,0.000000,0.000000,0.000000
67483.000,30.267286663,-97.743755628,124.4460,4,1.000000,0.000000,0.000000,0.000000
67484.000,30.267271652,-97.743701495,124.3720,4,1.000000,0.000000,0.000000,0.000000
67485.000,30.267258365,-97.743653015,124.3070,4,1.000000,0.000000,0.000000,0.000000
67486.000,30.267246640,-97.743610852,124.2610,4,1.000000,0.000000,0.000000,0.000000
67487.000,30.267235180,-97.743568147,124.1490,4,1.000000,0.000000,0.000000,0.000000
67488.000,30.267220697,-97.743514730,124.0680,4,1.000000,0.000000,0.000000,0.000000
67489.000,30.267202880,-97.743449713,123.9100,4,1.000000,0.000000,0.000000,0.000000
67490.000,30.267181598,-97.743373000,123.7430,4,1.000000,0.000000,0.000000,0.000000
67491.000,30.267157588,-97.743286907,123.6300,4,1.000000,0.000000,0.000000,0.000000
67492.000,30.267131018,-97.743195043,123.8100,4,1.000000,0.000000,0.000000,0.000000
67493.000,30.267103318,-97.743100912,123.8390,4,1.000000,0.000000,0.000000,0.000000
67494.000,30.267075312,-97.743004863,123.8170,4,1.000000,0.000000,0.000000,0.000000
67495.000,30.267046390,-97.742905655,123.9480,4,1.000000,0.000000,0.000000,0.000000
67496.000,30.267017467,-97.742801963,124.0050,4,1.000000,0.000000,0.000000,0.000000
67497.000,30.266988158,-97.742696583,123.9680,4,1.000000,0.000000,0.000000,0.000000
67498.000,30.266958112,-97.742587680,123.8440,4,1.000000,0.000000,0.000000,0.000000
67499.000,30.266927667,-97.742473750,123.6980,4,1.000000,0.000000,0.000000,0.000000
67500.000,30.266896045,-97.742356903,123.6070,4,1.000000,0.000000,0.000000,0.000000
67501.000,30.266864855,-97.742241548,123.5120,4,1.000000,0.000000,0.000000,0.000000
67502.000,30.266831938,-97.742125502,123.3740,5,1.000000,0.000000,0.000000,0.000000
67503.000,30.266795968,-97.742009868,123.2290,4,1.000000,0.000000,0.000000,0.000000
67504.000,30.266762143,-97.741893532,123.1940,4,1.000000,0.000000,0.000000,0.000000
67505.000,30.266728678,-97.741775495,123.1840,4,1.000000,0.000000,0.000000,0.000000
67506.000,30.266695337,-97.741655805,123.2230,4,1.000000,0.000000,0.000000,0.000000
67507.000,30.266662008,-97.741535155,123.4730,4,1.000000,0.000000,0.000000,0.000000
67508.000,30.266628405,-97.741413670,123.5910,4,1.000000,0.000000,0.000000,0.000000
67509.000,30.266595440,-97.741292995,123.6660,4,1.000000,0.000000,0.000000,0.000000
67510.000,30.266561308,-97.741170483,123.7300,4,1.000000,0.000000,0.000000,0.000000
67511.000,30.266525673,-97.741045242,123.8040,4,1.000000,0.000000,0.000000,0.000000
67512.000,30.266489482,-97.740917912,123.8060,4,1.000000,0.000000,0.000000,0.000000
67513.000,30.266453283,-97.740790113,123.7980,4,1.000000,0.000000,0.000000,0.000000
67514.000,30.266417567,-97.740661110,123.6710,4,1.000000,0.000000,0.000000,0.000000
67515.000,30.266381917,-97.740530748,123.6650,4,1.000000,0.000000,0.000000,0.000000
67516.000,30.266346060,-97.740399455,123.5640,4,1.000000,0.000000,0.000000,0.000000
67517.000,30.266311137,-97.740272923,123.5410,4,1.000000,0.000000,0.000000,0.000000
67518.000,30.266277207,-97.740149882,123.4330,4,1.000000,0.000000,0.000000,0.000000
67519.000,30.266243213,-97.740026953,123.3920,4,1.000000,0.000000,0.000000,0.000000
67520.000,30.266207972,-97.739900097,123.3150,4,1.000000,0.000000,0.000000,0.000000
67521.000,30.266171358,-97.739768832,123.2350,5,1.000000,0.000000,0.000000,0.000000
67522.000,30.266132423,-97.739637933,123.1090,4,1.000000,0.000000,0.000000,0.000000
67523.000,30.266091630,-97.739510847,122.9400,4,1.000000,0.000000,0.000000,0.000000
67524.000,30.266049305,-97.739384375,122.7400,4,1.000000,0.000000,0.000000,0.000000
67525.000,30.266008895,-97.739255578,122.5310,4,1.000000,0.000000,0.000000,0.000000
67526.000,30.265970717,-97.739126607,122.3080,4,1.000000,0.000000,0.000000,0.000000
67527.000,30.265934827,-97.738994725,122.0690,4,1.000000,0.000000,0.000000,0.000000
67528.000,30.265902458,-97.738859215,121.8550,4,1.000000,0.000000,0.000000,0.000000
67529.000,30.265872585,-97.738723997,121.6330,4,1.000000,0.000000,0.000000,0.000000
67530.000,30.265843322,-97.738590695,121.4640,4,1.000000,0.000000,0.000000,0.000000
67531.000,30.265812010,-97.738460063,121.2620,4,1.000000,0.000000,0.000000,0.000000
67532.000,30.265779402,-97.738333810,121.0300,4,1.000000,0.000000,0.000000,0.000000
67533.000,30.265747457,-97.738212445,120.7860,4,1.000000,0.000000,0.000000,0.000000
67534.000,30.265714823,-97.738095880,120.5790,4,1.000000,0.000000,0.000000,0.000000
67535.000,30.265682820,-97.737985163,120.3570,4,1.000000,0.000000,0.000000,0.000000
67536.000,30.265654797,-97.737885212,120.1960,4,1.000000,0.000000,0.000000,0.000000
67537.000,30.265630932,-97.737800765,120.0460,4,1.000000,0.000000,0.000000,0.000000
67538.000,30.265609392,-97.737734000,119.9180,4,1.000000,0.000000,0.000000,0.000000
67539.000,30.265590365,-97.737682600,119.8310,4,1.000000,0.000000,0.000000,0.000000
67540.000,30.265564320,-97.737639120,119.7390,4,1.000000,0.000000,0.000000,0.000000
67541.000,30.265523442,-97.737614425,119.5890,4,1.000000,0.000000,0.000000,0.000000
67542.000,30.265473275,-97.737615360,119.3330,4,1.000000,0.000000,0.000000,0.000000
67543.000,30.265414708,-97.737633555,119.2090,4,1.000000,0.000000,0.000000,0.000000
67544.000,30.265346105,-97.737660033,118.9840,4,1.000000,0.000000,0.000000,0.000000
67545.000,30.265267262,-97.737691640,118.6820,4,1.000000,0.000000,0.000000,0.000000
67546.000,30.265178443,-97.737727050,118.4430,4,1.000000,0.000000,0.000000,0.000000
67547.000,30.265082452,-97.737763850,118.2710,4,1.000000,0.000000,0.000000,0.000000
67548.000,30.264988318,-97.737799162,118.0240,4,1.000000,0.000000,0.000000,0.000000
67549.000,30.264903470,-97.737830388,117.7960,4,1.000000,0.000000,0.000000,0.000000
67550.000,30.264833428,-97.737856293,117.6920,4,1.000000,0.000000,0.000000,0.000000
67551.000,30.264783405,-97.737875475,117.5590,4,1.000000,0.000000,0.000000,0.000000
67552.000,30.264753892,-97.737887683,117.5250,4,1.000000,0.000000,0.000000,0.000000
67553.000,30.264732335,-97.737898870,117.4650,4,1.000000,0.000000,0.000000,0.000000
67554.000,30.264712535,-97.737918362,117.4210,4,1.000000,0.000000,0.000000,0.000000
67555.000,30.264698375,-97.737950717,117.4430,4,1.000000,0.000000,0.000000,0.000000
67556.000,30.264699317,-97.737997132,117.4780,4,1.000000,0.000000,0.000000,0.000000
67557.000,30.264712247,-97.738051850,117.5040,4,1.000000,0.000000,0.000000,0.000000
67558.000,30.264729085,-97.738113565,117.7030,5,1.000000,0.000000,0.000000,0.000000
67559.000,30.264749970,-97.738187308,117.6720,4,1.000000,0.000000,0.000000,0.000000
67561.000,30.264798385,-97.738363603,117.8420,5,1.000000,0.000000,0.000000,0.000000
67564.000,30.264870547,-97.738628467,118.2770,5,1.000000,0.000000,0.000000,0.000000
67567.000,30.264910027,-97.738771985,118.9680,5,1.000000,0.000000,0.000000,0.000000
67570.000,30.264949308,-97.738886410,115.2710,5,1.000000,0.000000,0.000000,0.000000
67571.000,30.264962285,-97.738967908,116.6060,5,1.000000,0.000000,0.000000,0.000000
67572.000,30.264987448,-97.739044358,117.5030,5,1.000000,0.000000,0.000000,0.000000
67573.000,30.265012287,-97.739131282,117.9470,5,1.000000,0.000000,0.000000,0.000000
67574.000,30.265036563,-97.739224740,118.3960,5,1.000000,0.000000,0.000000,0.000000
67575.000,30.265060893,-97.739321612,118.6450,5,1.000000,0.000000,0.000000,0.000000
67576.000,30.265086467,-97.739416923,118.9950,5,1.000000,0.000000,0.000000,0.000000
67577.000,30.265112165,-97.739507760,118.9840,5,1.000000,0.000000,0.000000,0.000000
67578.000,30.265136087,-97.739594383,119.1630,5,1.000000,0.000000,0.000000,0.000000
67579.000,30.265159013,-97.739676330,119.2150,5,1.000000,0.000000,0.000000,0.000000
67580.000,30.265180770,-97.739750547,119.3230,5,1.000000,0.000000,0.000000,0.000000
67581.000,30.265199627,-97.739816202,119.4850,5,1.000000,0.000000,0.000000,0.000000
67582.000,30.265213472,-97.739867192,119.5160,5,1.000000,0.000000,0.000000,0.000000
67583.000,30.265222312,-97.739900905,119.5460,5,1.000000,0.000000,0.000000,0.000000
67584.000,30.265229785,-97.739917345,119.7190,4,1.000000,0.000000,0.000000,0.000000
67585.000,30.265233132,-97.739923758,119.9110,5,1.000000,0.000000,0.000000,0.000000
67586.000,30.265235930,-97.739932797,119.9950,4,1.000000,0.000000,0.000000,0.000000
67587.000,30.265243573,-97.739962668,119.9930,4,1.000000,0.000000,0.000000,0.000000
67588.000,30.265255517,-97.740012917,120.0190,5,1.000000,0.000000,0.000000,0.000000
67589.000,30.265270882,-97.740080138,120.0470,4,1.000000,0.000000,0.000000,0.000000
67590.000,30.265288025,-97.740162610,120.0680,4,1.000000,0.000000,0.000000,0.000000
67591.000,30.265308158,-97.740259818,120.1590,4,1.000000,0.000000,0.000000,0.000000
67592.000,30.265329742,-97.740366438,120.2430,4,1.000000,0.000000,0.000000,0.000000
67593.000,30.265354093,-97.740474802,120.3600,4,1.000000,0.000000,0.000000,0.000000
67594.000,30.265383817,-97.740579135,120.4980,4,1.000000,0.000000,0.000000,0.000000
67595.000,30.265412332,-97.740680618,120.7060,4,1.000000,0.000000,0.000000,0.000000
67596.000,30.265434162,-97.740769723,120.7910,4,1.000000,0.000000,0.000000,0.000000
67597.000,30.265452197,-97.740840570,120.8480,4,1.000000,0.000000,0.000000,0.000000
67598.000,30.265467297,-97.740896845,120.9020,4,1.000000,0.000000,0.000000,0.000000
67599.000,30.265478427,-97.740936415,120.9790,4,1.000000,0.000000,0.000000,0.000000
67600.000,30.265484757,-97.740959285,120.9890,4,1.000000,0.000000,0.000000,0.000000
67601.000,30.265488128,-97.740971922,121.0000,4,1.000000,0.000000,0.000000,0.000000
67602.000,30.265490077,-97.740979247,120.9690,4,1.000000,0.000000,0.000000,0.000000
67603.000,30.265491960,-97.740985763,120.9910,4,1.000000,0.000000,0.000000,0.000000
67604.000,30.265495270,-97.740998778,120.9760,4,1.000000,0.000000,0.000000,0.000000
67605.000,30.265504045,-97.741028513,121.0270,4,1.000000,0.000000,0.000000,0.000000
67606.000,30.265516755,-97.741076120,121.1160,4,1.000000,0.000000,0.000000,0.000000
67607.000,30.265534163,-97.741142213,121.1640,4,1.000000,0.000000,0.000000,0.000000
67608.000,30.265555828,-97.741220650,121.1200,4,1.000000,0.000000,0.000000,0.000000
67609.000,30.265579928,-97.741307398,121.2090,4,1.000000,0.000000,0.000000,0.000000
67610.000,30.265606038,-97.741397137,121.2650,4,1.000000,0.000000,0.000000,0.000000
67611.000,30.265634183,-97.741490343,121.3220,4,1.000000,0.000000,0.000000,0.000000
67612.000,30.265661397,-97.741585732,121.4140,5,1.000000,0.000000,0.000000,0.000000
67613.000,30.265686328,-97.741679743,121.4720,4,1.000000,0.000000,0.000000,0.000000
67614.000,30.265710105,-97.741767613,121.5140,4,1.000000,0.000000,0.000000,0.000000
67615.000,30.265731437,-97.741844912,121.5130,4,1.000000,0.000000,0.000000,0.000000
67616.000,30.265749283,-97.741910028,121.5180,5,1.000000,0.000000,0.000000,0.000000
67617.000,30.265763163,-97.741959115,121.5700,5,1.000000,0.000000,0.000000,0.000000
67618.000,30.265772723,-97.741991765,121.5770,5,1.000000,0.000000,0.000000,0.000000
67619.000,30.265777733,-97.742008490,121.5580,4,1.000000,0.000000,0.000000,0.000000
67620.000,30.265778588,-97.742011560,121.5640,4,1.000000,0.000000,0.000000,0.000000
67621.000,30.265778595,-97.742011677,121.5610,4,1.000000,0.000000,0.000000,0.000000
67622.000,30.265778592,-97.742011677,121.5650,4,1.000000,0.000000,0.000000,0.000000
67623.000,30.265778573,-97.742011692,121.5620,4,1.000000,0.000000,0.000000,0.000000
67624.000,30.265778587,-97.742011673,121.5730,4,1.000000,0.000000,0.000000,0.000000
67625.000,30.265778583,-97.742011678,121.5660,4,1.000000,0.000000,0.000000,0.000000
67626.000,30.265778568,-97.742011688,121.5750,4,1.000000,0.000000,0.000000,0.000000
67627.000,30.265778585,-97.742011675,121.5700,4,1.000000,0.000000,0.000000,0.000000
67628.000,30.265778570,-97.742011683,121.5740,4,1.000000,0.000000,0.000000,0.000000
67629.000,30.265778572,-97.742011683,121.5680,4,1.000000,0.000000,0.000000,0.000000
67630.000,30.265778577,-97.742011678,121.5670,4,1.000000,0.000000,0.000000,0.000000
67631.000,30.265778572,-97.742011695,121.5580,4,1.000000,0.000000,0.000000,0.000000
67632.000,30.265778602,-97.742011690,121.5620,4,1.000000,0.000000,0.000000,0.000000
67633.000,30.265778587,-97.742011703,121.5570,4,1.000000,0.000000,0.000000,0.000000
67634.000,30.265778583,-97.742011700,121.5590,4,1.000000,0.000000,0.000000,0.000000
67635.000,30.265778598,-97.742011690,121.5610,4,1.000000,0.000000,0.000000,0.000000
67636.000,30.265778600,-97.742011688,121.5530,4,1.000000,0.000000,0.000000,0.000000
67637.000,30.265778818,-97.742012335,121.5580,4,1.000000,0.000000,0.000000,0.000000
67638.000,30.265782198,-97.742022870,121.5450,4,1.000000,0.000000,0.000000,0.000000
67639.000,30.265791290,-97.742049917,121.5500,4,1.000000,0.000000,0.000000,0.000000
67640.000,30.265804742,-97.742090222,121.5850,4,1.000000,0.000000,0.000000,0.000000
67641.000,30.265820545,-97.742141315,121.6440,4,1.000000,0.000000,0.000000,0.000000
67642.000,30.265837168,-97.742197495,121.6480,4,1.000000,0.000000,0.000000,0.000000
67643.000,30.265856128,-97.742257488,121.6920,4,1.000000,0.000000,0.000000,0.000000
67644.000,30.265878018,-97.742323830,121.7430,4,1.000000,0.000000,0.000000,0.000000
67645.000,30.265903267,-97.742397492,121.7420,4,1.000000,0.000000,0.000000,0.000000
67646.000,30.265930395,-97.742475962,121.7950,4,1.000000,0.000000,0.000000,0.000000
67647.000,30.265955868,-97.742557197,121.8590,5,1.000000,0.000000,0.000000,0.000000
67648.000,30.265980358,-97.742636025,121.7880,5,1.000000,0.000000,0.000000,0.000000
67653.000,30.266076813,-97.743035303,121.9570,5,1.000000,0.000000,0.000000,0.000000
67654.000,30.266105873,-97.743103093,122.0200,5,1.000000,0.000000,0.000000,0.000000
67658.000,30.266166638,-97.743264527,122.1900,5,1.000000,0.000000,0.000000,0.000000
67659.000,30.266169417,-97.743274187,122.1870,5,1.000000,0.000000,0.000000,0.000000
67660.000,30.266169812,-97.743276160,122.1610,4,1.000000,0.000000,0.000000,0.000000
67661.000,30.266169637,-97.743276122,122.1350,4,1.000000,0.000000,0.000000,0.000000
67662.000,30.266169250,-97.743276150,122.1630,5,1.000000,0.000000,0.000000,0.000000
67663.000,30.266169548,-97.743276188,122.1220,4,1.000000,0.000000,0.000000,0.000000
67664.000,30.266171152,-97.743281947,122.1110,4,1.000000,0.000000,0.000000,0.000000
67665.000,30.266177822,-97.743306640,122.1780,4,1.000000,0.000000,0.000000,0.000000
67666.000,30.266188873,-97.743348893,122.1560,4,1.000000,0.000000,0.000000,0.000000
67667.000,30.266204057,-97.743408160,122.2660,4,1.000000,0.000000,0.000000,0.000000
67668.000,30.266221680,-97.743481763,122.2930,4,1.000000,0.000000,0.000000,0.000000
67669.000,30.266242608,-97.743568127,122.2950,4,1.000000,0.000000,0.000000,0.000000
67670.000,30.266264445,-97.743656897,122.1940,4,1.000000,0.000000,0.000000,0.000000
67671.000,30.266286647,-97.743745735,122.1480,4,1.000000,0.000000,0.000000,0.000000
67672.000,30.266309115,-97.743838587,122.1380,4,1.000000,0.000000,0.000000,0.000000
67673.000,30.266329588,-97.743934930,122.1360,4,1.000000,0.000000,0.000000,0.000000
67674.000,30.266346980,-97.744028748,122.1710,4,1.000000,0.000000,0.000000,0.000000
67675.000,30.266362707,-97.744121740,122.1610,4,1.000000,0.000000,0.000000,0.000000
67676.000,30.266378833,-97.744213800,122.1600,4,1.000000,0.000000,0.000000,0.000000
67677.000,30.266399595,-97.744300848,122.2000,5,1.000000,0.000000,0.000000,0.000000
67678.000,30.266422198,-97.744382245,122.1320,4,1.000000,0.000000,0.000000,0.000000
67679.000,30.266443123,-97.744457890,122.1210,4,1.000000,0.000000,0.000000,0.000000
67680.000,30.266462697,-97.744527520,122.1140,4,1.000000,0.000000,0.000000,0.000000
67681.000,30.266479700,-97.744587097,122.0680,5,1.000000,0.000000,0.000000,0.000000
67682.000,30.266492643,-97.744632895,122.0920,4,1.000000,0.000000,0.000000,0.000000
67683.000,30.266501278,-97.744662593,122.0350,4,1.000000,0.000000,0.000000,0.000000
67684.000,30.266505303,-97.744676708,122.0270,4,1.000000,0.000000,0.000000,0.000000
67685.000,30.266505980,-97.744679272,122.0190,4,1.000000,0.000000,0.000000,0.000000
67686.000,30.266506000,-97.744679325,122.0180,4,1.000000,0.000000,0.000000,0.000000
67687.000,30.266506017,-97.744679322,122.0200,4,1.000000,0.000000,0.000000,0.000000
67688.000,30.266505992,-97.744679367,122.0240,4,1.000000,0.000000,0.000000,0.000000
67689.000,30.266505973,-97.744679370,122.0200,4,1.000000,0.000000,0.000000,0.000000
67690.000,30.266505980,-97.744679373,122.0210,4,1.000000,0.000000,0.000000,0.000000
67691.000,30.266505993,-97.744679378,122.0250,4,1.000000,0.000000,0.000000,0.000000
67692.000,30.266505965,-97.744679370,122.0210,4,1.000000,0.000000,0.000000,0.000000
67693.000,30.266505978,-97.744679380,122.0160,4,1.000000,0.000000,0.000000,0.000000
67694.000,30.266505973,-97.744679362,122.0210,4,1.000000,0.000000,0.000000,0.000000
67695.000,30.266506163,-97.744680205,122.0320,4,1.000000,0.000000,0.000000,0.000000
67696.000,30.266509718,-97.744692750,122.0040,4,1.000000,0.000000,0.000000,0.000000
67697.000,30.266518063,-97.744725725,121.9920,4,1.000000,0.000000,0.000000,0.000000
67698.000,30.266532063,-97.744776500,121.9480,4,1.000000,0.000000,0.000000,0.000000
67699.000,30.266551152,-97.744842208,121.9210,4,1.000000,0.000000,0.000000,0.000000
67700.000,30.266573745,-97.744919992,121.9500,4,1.000000,0.000000,0.000000,0.000000
67701.000,30.266596827,-97.745000748,121.8940,4,1.000000,0.000000,0.000000,0.000000
67702.000,30.266621045,-97.745082887,121.9330,5,1.000000,0.000000,0.000000,0.000000
67703.000,30.266644823,-97.745164042,121.8390,4,1.000000,0.000000,0.000000,0.000000
67704.000,30.266666478,-97.745242918,121.7870,4,1.000000,0.000000,0.000000,0.000000
67705.000,30.266686607,-97.745318597,121.7220,4,1.000000,0.000000,0.000000,0.000000
67706.000,30.266705450,-97.745387508,121.6730,4,1.000000,0.000000,0.000000,0.000000
67707.000,30.266723437,-97.745451172,121.6430,4,1.000000,0.000000,0.000000,0.000000
67708.000,30.266740158,-97.745508550,121.5760,4,1.000000,0.000000,0.000000,0.000000
67709.000,30.266755412,-97.745558192,121.5430,4,1.000000,0.000000,0.000000,0.000000
67710.000,30.266766962,-97.745599600,121.5180,4,1.000000,0.000000,0.000000,0.000000
67711.000,30.266775438,-97.745631733,121.4610,4,1.000000,0.000000,0.000000,0.000000
67712.000,30.266781875,-97.745654197,121.4610,4,1.000000,0.000000,0.000000,0.000000
67713.000,30.266785277,-97.745665987,121.4540,4,1.000000,0.000000,0.000000,0.000000
67714.000,30.266785645,-97.745667282,121.4550,4,1.000000,0.000000,0.000000,0.000000
67715.000,30.266785640,-97.745667275,121.4580,4,1.000000,0.000000,0.000000,0.000000
67716.000,30.266785630,-97.745667297,121.4530,4,1.000000,0.000000,0.000000,0.000000
67717.000,30.266785640,-97.745667265,121.4610,4,1.000000,0.000000,0.000000,0.000000
67718.000,30.266785627,-97.745667283,121.4610,4,1.000000,0.000000,0.000000,0.000000
67719.000,30.266785647,-97.745667287,121.4600,4,1.000000,0.000000,0.000000,0.000000
67720.000,30.266785650,-97.745667277,121.4620,4,1.000000,0.000000,0.000000,0.000000
67721.000,30.266785628,-97.745667305,121.4670,4,1.000000,0.000000,0.000000,0.000000
67722.000,30.266785638,-97.745667270,121.4670,4,1.000000,0.000000,0.000000,0.000000
67723.000,30.266785892,-97.745668145,121.4630,4,1.000000,0.000000,0.000000,0.000000
67724.000,30.266789973,-97.745683312,121.4560,4,1.000000,0.000000,0.000000,0.000000
67725.000,30.266799888,-97.745719090,121.4290,4,1.000000,0.000000,0.000000,0.000000
67726.000,30.266815402,-97.745772207,121.3780,4,1.000000,0.000000,0.000000,0.000000
67727.000,30.266833758,-97.745836192,121.3700,4,1.000000,0.000000,0.000000,0.000000
67728.000,30.266851747,-97.745901245,121.3540,4,1.000000,0.000000,0.000000,0.000000
67729.000,30.266869903,-97.745968347,121.3170,4,1.000000,0.000000,0.000000,0.000000
67730.000,30.266889783,-97.746040915,121.2580,4,1.000000,0.000000,0.000000,0.000000
67731.000,30.266910325,-97.746116680,121.1310,5,1.000000,0.000000,0.000000,0.000000
67732.000,30.266932570,-97.746197662,121.1670,5,1.000000,0.000000,0.000000,0.000000
67733.000,30.266956368,-97.746284362,121.0770,5,1.000000,0.000000,0.000000,0.000000
67734.000,30.266980460,-97.746370950,121.0150,5,1.000000,0.000000,0.000000,0.000000
67736.000,30.267011737,-97.746531875,120.4140,5,1.000000,0.000000,0.000000,0.000000
67737.000,30.267031205,-97.746598568,120.4100,5,1.000000,0.000000,0.000000,0.000000
67738.000,30.267048328,-97.746654485,120.4270,5,1.000000,0.000000,0.000000,0.000000
67739.000,30.267061243,-97.746699130,120.4270,5,1.000000,0.000000,0.000000,0.000000
67740.000,30.267071910,-97.746732318,120.4140,5,1.000000,0.000000,0.000000,0.000000
67741.000,30.267077967,-97.746754817,120.4160,5,1.000000,0.000000,0.000000,0.000000
67742.000,30.267081897,-97.746768313,120.4330,5,1.000000,0.000000,0.000000,0.000000
67743.000,30.267082883,-97.746771048,120.4060,5,1.000000,0.000000,0.000000,0.000000
67744.000,30.267082702,-97.746771085,120.4330,5,1.000000,0.000000,0.000000,0.000000
67745.000,30.267082417,-97.746771142,120.4230,5,1.000000,0.000000,0.000000,0.000000
67746.000,30.267082470,-97.746771350,120.4680,5,1.000000,0.000000,0.000000,0.000000
67747.000,30.267082455,-97.746771322,120.4520,5,1.000000,0.000000,0.000000,0.000000
67748.000,30.267082547,-97.746771382,120.4770,5,1.000000,0.000000,0.000000,0.000000
67749.000,30.267082672,-97.746771330,120.4820,5,1.000000,0.000000,0.000000,0.000000
67750.000,30.267082712,-97.746771280,120.4630,5,1.000000,0.000000,0.000000,0.000000
67751.000,30.267082803,-97.746771288,120.4780,5,1.000000,0.000000,0.000000,0.000000
67752.000,30.267082915,-97.746771270,120.4820,5,1.000000,0.000000,0.000000,0.000000
67753.000,30.267083123,-97.746771242,120.4910,5,1.000000,0.000000,0.000000,0.000000
67754.000,30.267083232,-97.746771227,120.4930,5,1.000000,0.000000,0.000000,0.000000
67755.000,30.267083373,-97.746771250,120.5130,5,1.000000,0.000000,0.000000,0.000000
67756.000,30.267083478,-97.746771140,120.5100,5,1.000000,0.000000,0.000000,0.000000
67757.000,30.267083692,-97.746771118,120.5080,5,1.000000,0.000000,0.000000,0.000000
67758.000,30.267083705,-97.746771038,120.4920,5,1.000000,0.000000,0.000000,0.000000
67759.000,30.267083840,-97.746771000,120.4920,5,1.000000,0.000000,0.000000,0.000000
67760.000,30.267083908,-97.746770953,120.4930,5,1.000000,0.000000,0.000000,0.000000
67761.000,30.267084403,-97.746772108,120.4930,5,1.000000,0.000000,0.000000,0.000000
67762.000,30.267086053,-97.746777470,120.4970,5,1.000000,0.000000,0.000000,0.000000
67763.000,30.267090575,-97.746792542,120.5520,5,1.000000,0.000000,0.000000,0.000000
67764.000,30.267097483,-97.746816777,120.4720,5,1.000000,0.000000,0.000000,0.000000
67765.000,30.267107955,-97.746850317,120.5150,5,1.000000,0.000000,0.000000,0.000000
67766.000,30.267122620,-97.746894667,120.4530,5,1.000000,0.000000,0.000000,0.000000
67767.000,30.267142493,-97.746947023,120.4690,5,1.000000,0.000000,0.000000,0.000000
67768.000,30.267168952,-97.747008107,120.4890,5,1.000000,0.000000,0.000000,0.000000
67769.000,30.267197098,-97.747072152,120.4010,5,1.000000,0.000000,0.000000,0.000000
67770.000,30.267220643,-97.747141750,120.3060,4,1.000000,0.000000,0.000000,0.000000
67771.000,30.267243095,-97.747221062,120.1940,5,1.000000,0.000000,0.000000,0.000000
67772.000,30.267265178,-97.747308362,120.1490,5,1.000000,0.000000,0.000000,0.000000
67773.000,30.267289458,-97.747402047,120.0650,5,1.000000,0.000000,0.000000,0.000000
67774.000,30.267315657,-97.747497993,119.9500,5,1.000000,0.000000,0.000000,0.000000
67775.000,30.267341997,-97.747592032,119.8790,5,1.000000,0.000000,0.000000,0.000000
67776.000,30.267366518,-97.747677468,119.7860,5,1.000000,0.000000,0.000000,0.000000
67777.000,30.267388518,-97.747750815,119.7040,5,1.000000,0.000000,0.000000,0.000000
67778.000,30.267406227,-97.747809123,119.6410,5,1.000000,0.000000,0.000000,0.000000
67779.000,30.267419157,-97.747852967,119.5940,5,1.000000,0.000000,0.000000,0.000000
67780.000,30.267427047,-97.747880112,119.5550,5,1.000000,0.000000,0.000000,0.000000
67781.000,30.267432963,-97.747901328,119.4960,5,1.000000,0.000000,0.000000,0.000000
67782.000,30.267438602,-97.747921640,119.4870,5,1.000000,0.000000,0.000000,0.000000
67783.000,30.267443987,-97.747942783,119.4430,5,1.000000,0.000000,0.000000,0.000000
67784.000,30.267450058,-97.747965380,119.3930,5,1.000000,0.000000,0.000000,0.000000
67785.000,30.267456267,-97.747988557,119.3550,5,1.000000,0.000000,0.000000,0.000000
67786.000,30.267463090,-97.748014627,119.3470,5,1.000000,0.000000,0.000000,0.000000
67787.000,30.267470628,-97.748042615,119.3030,5,1.000000,0.000000,0.000000,0.000000
67788.000,30.267478572,-97.748072265,119.2450,5,1.000000,0.000000,0.000000,0.000000
67789.000,30.267489433,-97.748114777,119.1680,5,1.000000,0.000000,0.000000,0.000000
67790.000,30.267505302,-97.748173730,119.0850,5,1.000000,0.000000,0.000000,0.000000
67791.000,30.267526527,-97.748249532,118.9220,5,1.000000,0.000000,0.000000,0.000000
67792.000,30.267552537,-97.748341148,118.7920,5,1.000000,0.000000,0.000000,0.000000
67793.000,30.267581307,-97.748440930,118.6530,5,1.000000,0.000000,0.000000,0.000000
67794.000,30.267610378,-97.748541057,118.5380,5,1.000000,0.000000,0.000000,0.000000
67795.000,30.267638893,-97.748638938,118.3760,5,1.000000,0.000000,0.000000,0.000000
67796.000,30.267665388,-97.748734683,118.2620,5,1.000000,0.000000,0.000000,0.000000
67797.000,30.267689742,-97.748823262,118.1370,5,1.000000,0.000000,0.000000,0.000000
67798.000,30.267711657,-97.748898297,118.0300,5,1.000000,0.000000,0.000000,0.000000
67799.000,30.267729482,-97.748956782,117.9440,5,1.000000,0.000000,0.000000,0.000000
67800.000,30.267740910,-97.748994460,117.8900,5,1.000000,0.000000,0.000000,0.000000
67801.000,30.267747628,-97.749015635,117.8740,5,1.000000,0.000000,0.000000,0.000000
67802.000,30.267753102,-97.749043515,117.8510,5,1.000000,0.000000,0.000000,0.000000
67803.000,30.267751792,-97.749085495,117.7980,5,1.000000,0.000000,0.000000,0.000000
67804.000,30.267735712,-97.749132883,117.7880,5,1.000000,0.000000,0.000000,0.000000
67805.000,30.267698632,-97.749174467,117.7570,5,1.000000,0.000000,0.000000,0.000000
67806.000,30.267643975,-97.749204685,117.7960,5,1.000000,0.000000,0.000000,0.000000
67807.000,30.267577062,-97.749233013,118.0640,5,1.000000,0.000000,0.000000,0.000000
67808.000,30.267501382,-97.749262397,118.0510,5,1.000000,0.000000,0.000000,0.000000
67809.000,30.267419233,-97.749291042,118.2550,5,1.000000,0.000000,0.000000,0.000000
67810.000,30.267336280,-97.749318468,118.3850,5,1.000000,0.000000,0.000000,0.000000
67811.000,30.267253113,-97.749346817,118.4210,5,1.000000,0.000000,0.000000,0.000000
67812.000,30.267173938,-97.749375803,118.5040,5,1.000000,0.000000,0.000000,0.000000
67813.000,30.267102332,-97.749403492,118.5450,4,1.000000,0.000000,0.000000,0.000000
67814.000,30.267046198,-97.749424428,118.4870,5,1.000000,0.000000,0.000000,0.000000
67815.000,30.267006158,-97.749439190,118.5430,5,1.000000,0.000000,0.000000,0.000000
67816.000,30.266983425,-97.749447577,118.5660,5,1.000000,0.000000,0.000000,0.000000
67817.000,30.266975267,-97.749450823,118.5830,5,1.000000,0.000000,0.000000,0.000000
67818.000,30.266967490,-97.749453592,118.6040,5,1.000000,0.000000,0.000000,0.000000
67819.000,30.266962428,-97.749455602,118.5910,5,1.000000,0.000000,0.000000,0.000000
67820.000,30.266957995,-97.749457055,118.6150,5,1.000000,0.000000,0.000000,0.000000
67821.000,30.266944858,-97.749461418,118.5920,5,1.000000,0.000000,0.000000,0.000000
67822.000,30.266920957,-97.749465050,118.6910,5,1.000000,0.000000,0.000000,0.000000
67823.000,30.266892025,-97.749464122,118.6250,5,1.000000,0.000000,0.000000,0.000000
67824.000,30.266860128,-97.749456703,118.7570,5,1.000000,0.000000,0.000000,0.000000
67825.000,30.266836248,-97.749432748,118.7250,5,1.000000,0.000000,0.000000,0.000000
67826.000,30.266818790,-97.749392913,118.6660,5,1.000000,0.000000,0.000000,0.000000
67827.000,30.266802687,-97.749336137,118.6380,5,1.000000,0.000000,0.000000,0.000000
67828.000,30.266782343,-97.749267742,118.6470,5,1.000000,0.000000,0.000000,0.000000
67829.000,30.266758280,-97.749188993,118.6870,5,1.000000,0.000000,0.000000,0.000000
67830.000,30.266733547,-97.749102030,118.6590,5,1.000000,0.000000,0.000000,0.000000
67831.000,30.266707143,-97.749013690,118.6990,5,1.000000,0.000000,0.000000,0.000000
67832.000,30.266683042,-97.748924395,118.6830,5,1.000000,0.000000,0.000000,0.000000
67833.000,30.266659380,-97.748838165,118.6990,5,1.000000,0.000000,0.000000,0.000000
67834.000,30.266636773,-97.748759408,118.6540,5,1.000000,0.000000,0.000000,0.000000
67835.000,30.266618040,-97.748691353,118.6970,5,1.000000,0.000000,0.000000,0.000000
67836.000,30.266602455,-97.748635833,118.7300,5,1.000000,0.000000,0.000000,0.000000
67837.000,30.266591820,-97.748596463,118.8050,5,1.000000,0.000000,0.000000,0.000000
67838.000,30.266584068,-97.748569757,118.8100,5,1.000000,0.000000,0.000000,0.000000
67839.000,30.266572715,-97.748530425,118.8330,5,1.000000,0.000000,0.000000,0.000000
67840.000,30.266556338,-97.748471713,118.8090,5,1.000000,0.000000,0.000000,0.000000
67841.000,30.266535698,-97.748396323,118.7840,4,1.000000,0.000000,0.000000,0.000000
67842.000,30.266514745,-97.748309085,118.9970,5,1.000000,0.000000,0.000000,0.000000
67843.000,30.266488558,-97.748215288,118.7130,4,1.000000,0.000000,0.000000,0.000000
67844.000,30.266460955,-97.748115370,118.7500,4,1.000000,0.000000,0.000000,0.000000
67845.000,30.266431407,-97.748012325,118.7440,5,1.000000,0.000000,0.000000,0.000000
67846.000,30.266402187,-97.747911072,118.7740,5,1.000000,0.000000,0.000000,0.000000
67847.000,30.266374013,-97.747814305,118.7820,5,1.000000,0.000000,0.000000,0.000000
67848.000,30.266347205,-97.747721987,118.7600,5,1.000000,0.000000,0.000000,0.000000
67849.000,30.266321400,-97.747631832,118.7360,4,1.000000,0.000000,0.000000,0.000000
67850.000,30.266293135,-97.747536580,118.7790,4,1.000000,0.000000,0.000000,0.000000
67851.000,30.266259678,-97.747435258,118.7680,5,1.000000,0.000000,0.000000,0.000000
67852.000,30.266224732,-97.747328100,118.8690,5,1.000000,0.000000,0.000000,0.000000
67853.000,30.266188747,-97.747216597,118.8950,5,1.000000,0.000000,0.000000,0.000000
67854.000,30.266153608,-97.747104640,118.8700,5,1.000000,0.000000,0.000000,0.000000
67855.000,30.266120973,-97.746996410,118.8930,5,1.000000,0.000000,0.000000,0.000000
67856.000,30.266089565,-97.746892725,118.8910,5,1.000000,0.000000,0.000000,0.000000
67857.000,30.266057748,-97.746798050,118.7910,5,1.000000,0.000000,0.000000,0.000000
67858.000,30.266051650,-97.746702572,119.3410,5,1.000000,0.000000,0.000000,0.000000
67859.000,30.266014947,-97.746633457,118.7910,5,1.000000,0.000000,0.000000,0.000000
67860.000,30.266013042,-97.746567277,119.3790,5,1.000000,0.000000,0.000000,0.000000
67861.000,30.266006925,-97.746523737,119.5800,5,1.000000,0.000000,0.000000,0.000000
67862.000,30.265998048,-97.746501753,119.5370,5,1.000000,0.000000,0.000000,0.000000
67863.000,30.265995187,-97.746490693,119.5370,5,1.000000,0.000000,0.000000,0.000000
67864.000,30.265992490,-97.746486120,119.5020,5,1.000000,0.000000,0.000000,0.000000
67865.000,30.265991097,-97.746486607,119.4370,5,1.000000,0.000000,0.000000,0.000000
67866.000,30.265988292,-97.746487762,119.3440,5,1.000000,0.000000,0.000000,0.000000
67867.000,30.265987297,-97.746488172,119.3040,5,1.000000,0.000000,0.000000,0.000000
67868.000,30.265986232,-97.746488585,119.2630,5,1.000000,0.000000,0.000000,0.000000
67869.000,30.265985542,-97.746488902,119.2420,5,1.000000,0.000000,0.000000,0.000000
67870.000,30.265983302,-97.746489785,119.1750,4,1.000000,0.000000,0.000000,0.000000
67871.000,30.265979270,-97.746491397,119.0450,4,1.000000,0.000000,0.000000,0.000000
67872.000,30.265979277,-97.746491358,119.0540,4,1.000000,0.000000,0.000000,0.000000
67873.000,30.265979265,-97.746491327,119.0570,4,1.000000,0.000000,0.000000,0.000000
67874.000,30.265979232,-97.746491297,119.0550,4,1.000000,0.000000,0.000000,0.000000
67875.000,30.265979217,-97.746491300,119.0540,4,1.000000,0.000000,0.000000,0.000000
67876.000,30.265979213,-97.746491292,119.0490,4,1.000000,0.000000,0.000000,0.000000
67877.000,30.265979177,-97.746491278,119.0480,4,1.000000,0.000000,0.000000,0.000000
67878.000,30.265979195,-97.746491292,119.0480,4,1.000000,0.000000,0.000000,0.000000
67879.000,30.265979232,-97.746491297,119.0520,4,1.000000,0.000000,0.000000,0.000000
67880.000,30.265979200,-97.746491283,119.0630,4,1.000000,0.000000,0.000000,0.000000
67881.000,30.265979207,-97.746491268,119.0510,4,1.000000,0.000000,0.000000,0.000000
67882.000,30.265979217,-97.746491255,119.0520,4,1.000000,0.000000,0.000000,0.000000
67883.000,30.265979210,-97.746491235,119.0460,4,1.000000,0.000000,0.000000,0.000000
67884.000,30.265979195,-97.746491302,119.0470,4,1.000000,0.000000,0.000000,0.000000
67885.000,30.265979217,-97.746491272,119.0470,4,1.000000,0.000000,0.000000,0.000000
67886.000,30.265979225,-97.746490988,119.0970,4,1.000000,0.000000,0.000000,0.000000
67887.000,30.265979202,-97.746490993,119.0950,4,1.000000,0.000000,0.000000,0.000000
67888.000,30.265979213,-97.746490948,119.0990,4,1.000000,0.000000,0.000000,0.000000
67889.000,30.265979188,-97.746491008,119.0970,4,1.000000,0.000000,0.000000,0.000000
67890.000,30.265979210,-97.746490865,119.1100,4,1.000000,0.000000,0.000000,0.000000
67891.000,30.265979247,-97.746490950,119.1000,4,1.000000,0.000000,0.000000,0.000000
67892.000,30.265979240,-97.746490947,119.0990,4,1.000000,0.000000,0.000000,0.000000
67893.000,30.265979185,-97.746490925,119.0980,4,1.000000,0.000000,0.000000,0.000000
67894.000,30.265979150,-97.746491028,119.0890,4,1.000000,0.000000,0.000000,0.000000
67895.000,30.265979175,-97.746490910,119.1020,4,1.000000,0.000000,0.000000,0.000000
67896.000,30.265979185,-97.746490965,119.0940,4,1.000000,0.000000,0.000000,0.000000
67897.000,30.265979227,-97.746490880,119.1070,4,1.000000,0.000000,0.000000,0.000000
67898.000,30.265979138,-97.746490762,119.0810,4,1.000000,0.000000,0.000000,0.000000
67899.000,30.265977827,-97.746486142,119.0880,4,1.000000,0.000000,0.000000,0.000000
67900.000,30.265971620,-97.746465212,119.1120,4,1.000000,0.000000,0.000000,0.000000
67901.000,30.265961425,-97.746429358,119.0630,5,1.000000,0.000000,0.000000,0.000000
67902.000,30.265949278,-97.746383830,119.1370,4,1.000000,0.000000,0.000000,0.000000
67903.000,30.265938358,-97.746335832,119.3290,5,1.000000,0.000000,0.000000,0.000000
67904.000,30.265926687,-97.746287167,119.1660,4,1.000000,0.000000,0.000000,0.000000
67905.000,30.265914142,-97.746232447,119.1590,4,1.000000,0.000000,0.000000,0.000000
67906.000,30.265901703,-97.746176763,119.1150,4,1.000000,0.000000,0.000000,0.000000
67907.000,30.265890167,-97.746122518,119.1270,4,1.000000,0.000000,0.000000,0.000000
67908.000,30.265879628,-97.746073118,119.1010,4,1.000000,0.000000,0.000000,0.000000
67909.000,30.265869370,-97.746027208,119.1230,4,1.000000,0.000000,0.000000,0.000000
67910.000,30.265858285,-97.745983092,119.1130,5,1.000000,0.000000,0.000000,0.000000
67911.000,30.265846190,-97.745940495,119.1260,5,1.000000,0.000000,0.000000,0.000000
67914.000,30.265802513,-97.745777840,119.1720,5,1.000000,0.000000,0.000000,0.000000
67915.000,30.265784988,-97.745716578,119.2140,5,1.000000,0.000000,0.000000,0.000000
67916.000,30.265768295,-97.745656833,119.2580,5,1.000000,0.000000,0.000000,0.000000
67917.000,30.265753155,-97.745602362,119.2360,5,1.000000,0.000000,0.000000,0.000000
67918.000,30.265740623,-97.745560185,119.2040,5,1.000000,0.000000,0.000000,0.000000
67919.000,30.265732183,-97.745527168,119.2570,5,1.000000,0.000000,0.000000,0.000000
67920.000,30.265723107,-97.745501883,119.2110,5,1.000000,0.000000,0.000000,0.000000
67921.000,30.265719218,-97.745489637,119.1880,5,1.000000,0.000000,0.000000,0.000000
67922.000,30.265718233,-97.745486732,119.2230,4,1.000000,0.000000,0.000000,0.000000
67923.000,30.265718248,-97.745486762,119.2150,4,1.000000,0.000000,0.000000,0.000000
67924.000,30.265718455,-97.745486680,119.2340,5,1.000000,0.000000,0.000000,0.000000
67925.000,30.265718212,-97.745486703,119.1910,4,1.000000,0.000000,0.000000,0.000000
67926.000,30.265718193,-97.745486720,119.1950,5,1.000000,0.000000,0.000000,0.000000
67927.000,30.265718243,-97.745486770,119.2190,5,1.000000,0.000000,0.000000,0.000000
67928.000,30.265718258,-97.745486802,119.2350,5,1.000000,0.000000,0.000000,0.000000
67929.000,30.265718238,-97.745486717,119.2120,5,1.000000,0.000000,0.000000,0.000000
67930.000,30.265718337,-97.745486827,119.2440,5,1.000000,0.000000,0.000000,0.000000
67931.000,30.265718252,-97.745486800,119.2260,5,1.000000,0.000000,0.000000,0.000000
67933.000,30.265718155,-97.745486540,119.2340,5,1.000000,0.000000,0.000000,0.000000
67934.000,30.265718078,-97.745484920,119.1790,5,1.000000,0.000000,0.000000,0.000000
67935.000,30.265715975,-97.745479175,119.1910,5,1.000000,0.000000,0.000000,0.000000
67938.000,30.265698862,-97.745419923,119.2700,5,1.000000,0.000000,0.000000,0.000000
67939.000,30.265689677,-97.745387635,119.2570,5,1.000000,0.000000,0.000000,0.000000
67940.000,30.265681538,-97.745359002,119.2860,5,1.000000,0.000000,0.000000,0.000000
67941.000,30.265673337,-97.745328130,119.3070,5,1.000000,0.000000,0.000000,0.000000
67942.000,30.265667763,-97.745309228,119.3340,5,1.000000,0.000000,0.000000,0.000000
67943.000,30.265665398,-97.745301123,119.3320,5,1.000000,0.000000,0.000000,0.000000
67944.000,30.265664010,-97.745296128,119.2720,5,1.000000,0.000000,0.000000,0.000000
67945.000,30.265661843,-97.745288625,119.3260,5,1.000000,0.000000,0.000000,0.000000
67946.000,30.265659002,-97.745278410,119.2990,5,1.000000,0.000000,0.000000,0.000000
67947.000,30.265653033,-97.745258527,119.4150,5,1.000000,0.000000,0.000000,0.000000
67948.000,30.265642262,-97.745221545,119.4460,5,1.000000,0.000000,0.000000,0.000000
67949.000,30.265631942,-97.745184608,119.4070,5,1.000000,0.000000,0.000000,0.000000
67950.000,30.265623388,-97.745152213,119.3880,5,1.000000,0.000000,0.000000,0.000000
67951.000,30.265614543,-97.745115565,119.3910,5,1.000000,0.000000,0.000000,0.000000
67952.000,30.265602833,-97.745065443,119.4290,5,1.000000,0.000000,0.000000,0.000000
67953.000,30.265587525,-97.745006025,119.4000,5,1.000000,0.000000,0.000000,0.000000
67956.000,30.265529565,-97.744799700,119.5160,5,1.000000,0.000000,0.000000,0.000000
67957.000,30.265509418,-97.744729168,119.5140,5,1.000000,0.000000,0.000000,0.000000
67958.000,30.265490237,-97.744663105,119.5100,5,1.000000,0.000000,0.000000,0.000000
67960.000,30.265452770,-97.744538960,119.7080,5,1.000000,0.000000,0.000000,0.000000
67962.000,30.265421138,-97.744420902,119.5800,5,1.000000,0.000000,0.000000,0.000000
67964.000,30.265394320,-97.744319597,119.6040,5,1.000000,0.000000,0.000000,0.000000
67965.000,30.265383418,-97.744280723,119.6200,4,1.000000,0.000000,0.000000,0.000000
67966.000,30.265374985,-97.744252565,119.6150,4,1.000000,0.000000,0.000000,0.000000
67967.000,30.265368585,-97.744231865,119.6090,4,1.000000,0.000000,0.000000,0.000000
67968.000,30.265364750,-97.744219045,119.6260,4,1.000000,0.000000,0.000000,0.000000
67969.000,30.265364227,-97.744217243,119.6370,4,1.000000,0.000000,0.000000,0.000000
67970.000,30.265364255,-97.744217185,119.6250,4,1.000000,0.000000,0.000000,0.000000
67971.000,30.265364263,-97.744217192,119.6200,4,1.000000,0.000000,0.000000,0.000000
67972.000,30.265364225,-97.744217210,119.6260,4,1.000000,0.000000,0.000000,0.000000
67973.000,30.265364278,-97.744217242,119.6230,4,1.000000,0.000000,0.000000,0.000000
67974.000,30.265364240,-97.744217257,119.6300,4,1.000000,0.000000,0.000000,0.000000
67975.000,30.265364235,-97.744217262,119.6370,4,1.000000,0.000000,0.000000,0.000000
67976.000,30.265364272,-97.744217223,119.6420,4,1.000000,0.000000,0.000000,0.000000
67977.000,30.265364202,-97.744217233,119.6630,4,1.000000,0.000000,0.000000,0.000000
67978.000,30.265364250,-97.744217292,119.6570,4,1.000000,0.000000,0.000000,0.000000
67979.000,30.265364185,-97.744217353,119.6680,4,1.000000,0.000000,0.000000,0.000000
67980.000,30.265364185,-97.744217385,119.6670,4,1.000000,0.000000,0.000000,0.000000
67981.000,30.265364208,-97.744217413,119.6710,4,1.000000,0.000000,0.000000,0.000000
67982.000,30.265364182,-97.744217413,119.6750,4,1.000000,0.000000,0.000000,0.000000
67983.000,30.265364192,-97.744217430,119.6730,4,1.000000,0.000000,0.000000,0.000000
67984.000,30.265364193,-97.744217470,119.6720,4,1.000000,0.000000,0.000000,0.000000
67985.000,30.265364192,-97.744217495,119.6550,4,1.000000,0.000000,0.000000,0.000000
67986.000,30.265364218,-97.744217450,119.6640,5,1.000000,0.000000,0.000000,0.000000
67987.000,30.265364190,-97.744217457,119.6570,5,1.000000,0.000000,0.000000,0.000000
67988.000,30.265364223,-97.744217440,119.6660,4,1.000000,0.000000,0.000000,0.000000
67989.000,30.265364300,-97.744217353,119.6490,4,1.000000,0.000000,0.000000,0.000000
67990.000,30.265364290,-97.744217380,119.6550,4,1.000000,0.000000,0.000000,0.000000
67991.000,30.265364283,-97.744217377,119.6570,4,1.000000,0.000000,0.000000,0.000000
67992.000,30.265364258,-97.744217385,119.6530,4,1.000000,0.000000,0.000000,0.000000
67993.000,30.265364277,-97.744217390,119.6520,4,1.000000,0.000000,0.000000,0.000000
67994.000,30.265364278,-97.744217383,119.6560,4,1.000000,0.000000,0.000000,0.000000
67995.000,30.265364280,-97.744217420,119.6460,4,1.000000,0.000000,0.000000,0.000000
67996.000,30.265364288,-97.744217417,119.6420,4,1.000000,0.000000,0.000000,0.000000
67997.000,30.265364260,-97.744217410,119.6490,4,1.000000,0.000000,0.000000,0.000000
67998.000,30.265364303,-97.744217377,119.6460,4,1.000000,0.000000,0.000000,0.000000
67999.000,30.265364343,-97.744217443,119.6460,4,1.000000,0.000000,0.000000,0.000000
68000.000,30.265364307,-97.744217395,119.6500,4,1.000000,0.000000,0.000000,0.000000
68001.000,30.265364307,-97.744217370,119.6560,4,1.000000,0.000000,0.000000,0.000000
68002.000,30.265364317,-97.744217358,119.6520,4,1.000000,0.000000,0.000000,0.000000
68003.000,30.265364265,-97.744217360,119.6580,4,1.000000,0.000000,0.000000,0.000000
68004.000,30.265364288,-97.744217408,119.6520,4,1.000000,0.000000,0.000000,0.000000
68005.000,30.265364260,-97.744217425,119.6440,4,1.000000,0.000000,0.000000,0.000000
68006.000,30.265364270,-97.744217412,119.6450,4,1.000000,0.000000,0.000000,0.000000
68007.000,30.265364263,-97.744217413,119.6450,4,1.000000,0.000000,0.000000,0.000000
68008.000,30.265364255,-97.744217405,119.6490,4,1.000000,0.000000,0.000000,0.000000
68009.000,30.265364298,-97.744217407,119.6430,4,1.000000,0.000000,0.000000,0.000000
68010.000,30.265364260,-97.744217383,119.6570,4,1.000000,0.000000,0.000000,0.000000
68011.000,30.265364258,-97.744217382,119.6570,4,1.000000,0.000000,0.000000,0.000000
68012.000,30.265364232,-97.744217385,119.6550,4,1.000000,0.000000,0.000000,0.000000
68013.000,30.265364238,-97.744217407,119.6320,4,1.000000,0.000000,0.000000,0.000000
68014.000,30.265364273,-97.744217353,119.6460,4,1.000000,0.000000,0.000000,0.000000
68015.000,30.265364233,-97.744217398,119.6350,4,1.000000,0.000000,0.000000,0.000000
68016.000,30.265364195,-97.744217248,119.6280,4,1.000000,0.000000,0.000000,0.000000
68017.000,30.265364150,-97.744216920,119.6350,4,1.000000,0.000000,0.000000,0.000000
68018.000,30.265364053,-97.744216690,119.6140,4,1.000000,0.000000,0.000000,0.000000
68019.000,30.265364075,-97.744216665,119.6250,4,1.000000,0.000000,0.000000,0.000000
68020.000,30.265364085,-97.744216682,119.6240,4,1.000000,0.000000,0.000000,0.000000
68021.000,30.265364062,-97.744216693,119.6250,4,1.000000,0.000000,0.000000,0.000000
68022.000,30.265364083,-97.744216683,119.6240,4,1.000000,0.000000,0.000000,0.000000
68023.000,30.265364028,-97.744216685,119.6260,4,1.000000,0.000000,0.000000,0.000000
68024.000,30.265364062,-97.744216678,119.6330,4,1.000000,0.000000,0.000000,0.000000
68025.000,30.265364097,-97.744216678,119.6340,4,1.000000,0.000000,0.000000,0.000000
68026.000,30.265364093,-97.744216690,119.6420,4,1.000000,0.000000,0.000000,0.000000
68027.000,30.265364110,-97.744216720,119.6300,4,1.000000,0.000000,0.000000,0.000000
68028.000,30.265364073,-97.744216710,119.6410,4,1.000000,0.000000,0.000000,0.000000
68029.000,30.265364123,-97.744216700,119.6290,4,1.000000,0.000000,0.000000,0.000000
68030.000,30.265364005,-97.744216480,119.6230,4,1.000000,0.000000,0.000000,0.000000
68031.000,30.265362950,-97.744213033,119.6140,4,1.000000,0.000000,0.000000,0.000000
68032.000,30.265360708,-97.744205958,119.6140,4,1.000000,0.000000,0.000000,0.000000
68033.000,30.265359037,-97.744200517,119.6270,4,1.000000,0.000000,0.000000,0.000000
68034.000,30.265356965,-97.744193872,119.6380,4,1.000000,0.000000,0.000000,0.000000
68035.000,30.265354985,-97.744187217,119.6290,4,1.000000,0.000000,0.000000,0.000000
68036.000,30.265352545,-97.744179258,119.6120,4,1.000000,0.000000,0.000000,0.000000
68037.000,30.265349417,-97.744168923,119.6370,4,1.000000,0.000000,0.000000,0.000000
68038.000,30.265345880,-97.744156242,119.6400,4,1.000000,0.000000,0.000000,0.000000
68039.000,30.265340275,-97.744137345,119.6580,4,1.000000,0.000000,0.000000,0.000000
68040.000,30.265332630,-97.744111313,119.6360,4,1.000000,0.000000,0.000000,0.000000
68041.000,30.265325772,-97.744087907,119.6260,4,1.000000,0.000000,0.000000,0.000000
68042.000,30.265321942,-97.744075053,119.6360,4,1.000000,0.000000,0.000000,0.000000
68043.000,30.265318955,-97.744064935,119.6750,4,1.000000,0.000000,0.000000,0.000000
68044.000,30.265315655,-97.744053540,119.6880,4,1.000000,0.000000,0.000000,0.000000
68045.000,30.265311062,-97.744031878,119.6650,4,1.000000,0.000000,0.000000,0.000000
68046.000,30.265304645,-97.743992827,119.7150,4,1.000000,0.000000,0.000000,0.000000
68047.000,30.265296210,-97.743943118,119.6760,4,1.000000,0.000000,0.000000,0.000000
68048.000,30.265283427,-97.743886902,119.7960,4,1.000000,0.000000,0.000000,0.000000
68049.000,30.265268707,-97.743822775,119.7860,5,1.000000,0.000000,0.000000,0.000000
68050.000,30.265252058,-97.743752458,119.7260,4,1.000000,0.000000,0.000000,0.000000
68051.000,30.265233383,-97.743677678,119.6680,5,1.000000,0.000000,0.000000,0.000000
68053.000,30.265184047,-97.743517565,119.7340,5,1.000000,0.000000,0.000000,0.000000
68054.000,30.265156110,-97.743432267,119.7190,5,1.000000,0.000000,0.000000,0.000000
68059.000,30.264874055,-97.743099618,116.9210,5,1.000000,0.000000,0.000000,0.000000
68060.000,30.264816202,-97.743053588,116.3060,5,1.000000,0.000000,0.000000,0.000000
68062.000,30.264902625,-97.742902378,115.0120,5,1.000000,0.000000,0.000000,0.000000
68064.000,30.264723475,-97.742897875,117.2930,5,1.000000,0.000000,0.000000,0.000000
68065.000,30.265104338,-97.742587153,125.4590,5,1.000000,0.000000,0.000000,0.000000
68066.000,30.265148682,-97.742560950,124.5090,5,1.000000,0.000000,0.000000,0.000000
68067.000,30.265148262,-97.742559715,124.5720,5,1.000000,0.000000,0.000000,0.000000
68068.000,30.265108648,-97.742574423,125.2600,5,1.000000,0.000000,0.000000,0.000000
68069.000,30.265004542,-97.742590458,128.5590,5,1.000000,0.000000,0.000000,0.000000
68070.000,30.265008992,-97.742561018,129.1440,5,1.000000,0.000000,0.000000,0.000000
68071.000,30.265065887,-97.742535537,126.1540,5,1.000000,0.000000,0.000000,0.000000
68072.000,30.265056805,-97.742528487,126.3130,5,1.000000,0.000000,0.000000,0.000000
68073.000,30.265063875,-97.742524735,125.7360,5,1.000000,0.000000,0.000000,0.000000
68074.000,30.265055265,-97.742528528,126.0540,5,1.000000,0.000000,0.000000,0.000000
68075.000,30.265067598,-97.742525335,125.7220,5,1.000000,0.000000,0.000000,0.000000
68076.000,30.265081705,-97.742521090,125.4450,5,1.000000,0.000000,0.000000,0.000000
68077.000,30.265092437,-97.742518850,125.1320,5,1.000000,0.000000,0.000000,0.000000
68078.000,30.265112073,-97.742515120,124.3170,5,1.000000,0.000000,0.000000,0.000000
68079.000,30.265116172,-97.742514350,124.1960,5,1.000000,0.000000,0.000000,0.000000
68080.000,30.265119242,-97.742513963,124.0950,5,1.000000,0.000000,0.000000,0.000000
68081.000,30.265117387,-97.742515878,124.0430,5,1.000000,0.000000,0.000000,0.000000
68082.000,30.265110925,-97.742519390,124.1660,5,1.000000,0.000000,0.000000,0.000000
68083.000,30.265097997,-97.742524680,124.4950,5,1.000000,0.000000,0.000000,0.000000
68084.000,30.265103257,-97.742523435,124.1770,5,1.000000,0.000000,0.000000,0.000000
68085.000,30.265100325,-97.742525560,124.1360,5,1.000000,0.000000,0.000000,0.000000
68086.000,30.265097420,-97.742526192,124.1370,5,1.000000,0.000000,0.000000,0.000000
68087.000,30.265093027,-97.742519260,124.2220,5,1.000000,0.000000,0.000000,0.000000
68088.000,30.265079260,-97.742497410,124.5070,5,1.000000,0.000000,0.000000,0.000000
68089.000,30.265067695,-97.742457505,124.5710,5,1.000000,0.000000,0.000000,0.000000
68090.000,30.264993695,-97.742463997,132.1620,5,1.000000,0.000000,0.000000,0.000000
68091.000,30.264963908,-97.742424883,122.9540,5,1.000000,0.000000,0.000000,0.000000
68092.000,30.264916383,-97.742389103,120.1330,5,1.000000,0.000000,0.000000,0.000000
68095.000,30.264862458,-97.742118335,121.6020,5,1.000000,0.000000,0.000000,0.000000
68096.000,30.264826453,-97.742041843,120.7570,5,1.000000,0.000000,0.000000,0.000000
68100.000,30.264648828,-97.741765268,119.0640,5,1.000000,0.000000,0.000000,0.000000
68101.000,30.264700933,-97.741661703,118.2200,5,1.000000,0.000000,0.000000,0.000000
68102.000,30.264590688,-97.741653843,117.6920,5,1.000000,0.000000,0.000000,0.000000
68103.000,30.264724522,-97.741549768,118.3230,5,1.000000,0.000000,0.000000,0.000000
68104.000,30.264721718,-97.741527905,117.6670,5,1.000000,0.000000,0.000000,0.000000
68105.000,30.264671488,-97.741541193,119.1920,5,1.000000,0.000000,0.000000,0.000000
68106.000,30.264700960,-97.741504288,118.0640,5,1.000000,0.000000,0.000000,0.000000
68107.000,30.264692820,-97.741477113,118.0020,5,1.000000,0.000000,0.000000,0.000000
68108.000,30.264703128,-97.741433728,117.3820,5,1.000000,0.000000,0.000000,0.000000
68109.000,30.264643323,-97.741441430,118.0320,5,1.000000,0.000000,0.000000,0.000000
68110.000,30.264585150,-97.741452123,118.3700,5,1.000000,0.000000,0.000000,0.000000
68111.000,30.264530697,-97.741468883,118.5100,5,1.000000,0.000000,0.000000,0.000000
68112.000,30.264466450,-97.741493333,119.0010,5,1.000000,0.000000,0.000000,0.000000
68113.000,30.264404035,-97.741516415,119.4020,5,1.000000,0.000000,0.000000,0.000000
68114.000,30.264345453,-97.741536455,119.3280,5,1.000000,0.000000,0.000000,0.000000
68115.000,30.264294237,-97.741552522,118.9970,5,1.000000,0.000000,0.000000,0.000000
68116.000,30.264235603,-97.741577807,118.9080,5,1.000000,0.000000,0.000000,0.000000
68117.000,30.264179592,-97.741605970,118.9350,5,1.000000,0.000000,0.000000,0.000000
68118.000,30.264128847,-97.741631248,118.9240,5,1.000000,0.000000,0.000000,0.000000
68119.000,30.264085030,-97.741650880,118.9400,5,1.000000,0.000000,0.000000,0.000000
68120.000,30.264047828,-97.741667112,118.9410,5,1.000000,0.000000,0.000000,0.000000
68121.000,30.264031385,-97.741670420,118.5000,5,1.000000,0.000000,0.000000,0.000000
68122.000,30.264010320,-97.741678565,118.6210,5,1.000000,0.000000,0.000000,0.000000
68123.000,30.264012447,-97.741674268,117.9970,5,1.000000,0.000000,0.000000,0.000000
68124.000,30.264009960,-97.741675768,118.0900,5,1.000000,0.000000,0.000000,0.000000
68125.000,30.264000983,-97.741682170,118.5360,5,1.000000,0.000000,0.000000,0.000000
68126.000,30.263992290,-97.741688252,119.0010,5,1.000000,0.000000,0.000000,0.000000
68127.000,30.263989988,-97.741690325,119.0920,5,1.000000,0.000000,0.000000,0.000000
68128.000,30.263986158,-97.741693538,119.2320,5,1.000000,0.000000,0.000000,0.000000
68129.000,30.263986972,-97.741692440,119.0430,5,1.000000,0.000000,0.000000,0.000000
68130.000,30.263968930,-97.741701832,119.4990,5,1.000000,0.000000,0.000000,0.000000
68131.000,30.263941000,-97.741714578,119.9460,5,1.000000,0.000000,0.000000,0.000000
68132.000,30.263908628,-97.741727002,120.3390,5,1.000000,0.000000,0.000000,0.000000
68133.000,30.263874530,-97.741739292,120.4750,5,1.000000,0.000000,0.000000,0.000000
68134.000,30.263842062,-97.741751478,120.4420,5,1.000000,0.000000,0.000000,0.000000
68135.000,30.263803090,-97.741767470,120.6600,5,1.000000,0.000000,0.000000,0.000000
68136.000,30.263765535,-97.741785593,120.9270,5,1.000000,0.000000,0.000000,0.000000
68137.000,30.263732505,-97.741808268,121.1950,5,1.000000,0.000000,0.000000,0.000000
68138.000,30.263706267,-97.741836623,121.4140,5,1.000000,0.000000,0.000000,0.000000
68139.000,30.263688982,-97.741875590,121.3280,5,1.000000,0.000000,0.000000,0.000000
68140.000,30.263690063,-97.741919937,121.5280,5,1.000000,0.000000,0.000000,0.000000
68141.000,30.263698720,-97.741969778,121.5850,5,1.000000,0.000000,0.000000,0.000000
68142.000,30.263714092,-97.742027623,121.5970,5,1.000000,0.000000,0.000000,0.000000
68143.000,30.263732020,-97.742090357,121.5930,5,1.000000,0.000000,0.000000,0.000000
68144.000,30.263750330,-97.742155382,121.5380,5,1.000000,0.000000,0.000000,0.000000
68145.000,30.263768845,-97.742224643,121.6340,5,1.000000,0.000000,0.000000,0.000000
68146.000,30.263787487,-97.742292595,121.6360,5,1.000000,0.000000,0.000000,0.000000
68147.000,30.263804880,-97.742358552,121.6230,5,1.000000,0.000000,0.000000,0.000000
68148.000,30.263821652,-97.742420122,121.6590,5,1.000000,0.000000,0.000000,0.000000
68149.000,30.263837652,-97.742475537,121.6830,5,1.000000,0.000000,0.000000,0.000000
68150.000,30.263851898,-97.742526358,121.6460,5,1.000000,0.000000,0.000000,0.000000
68151.000,30.263864555,-97.742571963,121.6490,5,1.000000,0.000000,0.000000,0.000000
68152.000,30.263875382,-97.742609360,121.6390,5,1.000000,0.000000,0.000000,0.000000
68153.000,30.263881318,-97.742635397,121.6360,5,1.000000,0.000000,0.000000,0.000000
68154.000,30.263885023,-97.742650175,121.6230,5,1.000000,0.000000,0.000000,0.000000
68155.000,30.263887935,-97.742661703,121.6100,5,1.000000,0.000000,0.000000,0.000000
68156.000,30.263891908,-97.742675188,121.5760,5,1.000000,0.000000,0.000000,0.000000
68157.000,30.263896128,-97.742689897,121.4870,5,1.000000,0.000000,0.000000,0.000000
68158.000,30.263899888,-97.742703208,121.5070,5,1.000000,0.000000,0.000000,0.000000
68159.000,30.263902378,-97.742711252,121.4880,5,1.000000,0.000000,0.000000,0.000000
68160.000,30.263903610,-97.742714525,121.4690,5,1.000000,0.000000,0.000000,0.000000
68161.000,30.263903762,-97.742714512,121.4930,5,1.000000,0.000000,0.000000,0.000000
68162.000,30.263903842,-97.742714483,121.4840,5,1.000000,0.000000,0.000000,0.000000
68163.000,30.263903857,-97.742714483,121.4670,5,1.000000,0.000000,0.000000,0.000000
68164.000,30.263903705,-97.742714453,121.4780,5,1.000000,0.000000,0.000000,0.000000
68165.000,30.263903737,-97.742714513,121.4760,5,1.000000,0.000000,0.000000,0.000000
68166.000,30.263904100,-97.742714675,121.5320,5,1.000000,0.000000,0.000000,0.000000
68167.000,30.263903835,-97.742714653,121.4850,5,1.000000,0.000000,0.000000,0.000000
68168.000,30.263903868,-97.742714705,121.4850,5,1.000000,0.000000,0.000000,0.000000
68169.000,30.263903707,-97.742714707,121.4480,5,1.000000,0.000000,0.000000,0.000000
68170.000,30.263903847,-97.742714857,121.4460,5,1.000000,0.000000,0.000000,0.000000
68171.000,30.263903973,-97.742714988,121.4600,5,1.000000,0.000000,0.000000,0.000000
68172.000,30.263903818,-97.742715058,121.4350,5,1.000000,0.000000,0.000000,0.000000
68173.000,30.263903773,-97.742715120,121.4180,5,1.000000,0.000000,0.000000,0.000000
68174.000,30.263903548,-97.742715183,121.3720,5,1.000000,0.000000,0.000000,0.000000
68175.000,30.263904188,-97.742717072,121.3970,5,1.000000,0.000000,0.000000,0.000000
68176.000,30.263908432,-97.742732203,121.3530,5,1.000000,0.000000,0.000000,0.000000
68177.000,30.263917822,-97.742765902,121.3000,5,1.000000,0.000000,0.000000,0.000000
68178.000,30.263933125,-97.742819485,121.2830,5,1.000000,0.000000,0.000000,0.000000
68179.000,30.263953533,-97.742890602,121.3980,5,1.000000,0.000000,0.000000,0.000000
68180.000,30.263976250,-97.742971962,121.2290,5,1.000000,0.000000,0.000000,0.000000
68181.000,30.263996797,-97.743055552,121.6040,5,1.000000,0.000000,0.000000,0.000000
68182.000,30.264022845,-97.743147528,121.1210,5,1.000000,0.000000,0.000000,0.000000
68186.000,30.264107133,-97.743532915,119.7670,5,1.000000,0.000000,0.000000,0.000000
68189.000,30.264178978,-97.743766208,120.0400,5,1.000000,0.000000,0.000000,0.000000
68190.000,30.264195642,-97.743820650,120.0410,5,1.000000,0.000000,0.000000,0.000000
68191.000,30.264208598,-97.743868980,119.9460,5,1.000000,0.000000,0.000000,0.000000
68192.000,30.264220825,-97.743916585,119.9220,5,1.000000,0.000000,0.000000,0.000000
68193.000,30.264236142,-97.743973288,120.0290,5,1.000000,0.000000,0.000000,0.000000
68194.000,30.264256107,-97.744036935,120.1870,5,1.000000,0.000000,0.000000,0.000000
68195.000,30.264278715,-97.744104537,120.3760,5,1.000000,0.000000,0.000000,0.000000
68196.000,30.264300057,-97.744173378,120.5710,5,1.000000,0.000000,0.000000,0.000000
68197.000,30.264319565,-97.744241725,120.6900,5,1.000000,0.000000,0.000000,0.000000
68198.000,30.264337297,-97.744306053,120.5630,5,1.000000,0.000000,0.000000,0.000000
68201.000,30.264387178,-97.744506052,120.3830,5,1.000000,0.000000,0.000000,0.000000
68202.000,30.264411723,-97.744581995,120.7440,5,1.000000,0.000000,0.000000,0.000000
68203.000,30.264425732,-97.744668867,121.3350,5,1.000000,0.000000,0.000000,0.000000
68207.000,30.264499038,-97.745021917,117.3820,5,1.000000,0.000000,0.000000,0.000000
68209.000,30.264456655,-97.745181350,119.3940,5,1.000000,0.000000,0.000000,0.000000
68210.000,30.264578017,-97.745236745,128.1540,5,1.000000,0.000000,0.000000,0.000000
68216.000,30.266235958,-97.745180825,-78.4960,5,1.000000,0.000000,0.000000,0.000000
68218.000,30.264692688,-97.745559645,119.7000,5,1.000000,0.000000,0.000000,0.000000
68220.000,30.264802437,-97.745703710,111.3150,5,1.000000,0.000000,0.000000,0.000000
68221.000,30.264818697,-97.745788120,112.5380,5,1.000000,0.000000,0.000000,0.000000
68222.000,30.264797792,-97.745875612,117.8510,5,1.000000,0.000000,0.000000,0.000000
68223.000,30.264837677,-97.745955278,115.7720,5,1.000000,0.000000,0.000000,0.000000
68224.000,30.264853813,-97.746030858,116.1040,5,1.000000,0.000000,0.000000,0.000000
68225.000,30.264868498,-97.746100847,116.5730,5,1.000000,0.000000,0.000000,0.000000
68226.000,30.264882243,-97.746166825,117.5410,5,1.000000,0.000000,0.000000,0.000000
68227.000,30.264892972,-97.746223882,118.3960,5,1.000000,0.000000,0.000000,0.000000
68228.000,30.264904850,-97.746270977,118.4700,5,1.000000,0.000000,0.000000,0.000000
68229.000,30.264914742,-97.746303503,118.9110,5,1.000000,0.000000,0.000000,0.000000
68230.000,30.264918130,-97.746324318,119.1850,5,1.000000,0.000000,0.000000,0.000000
68231.000,30.264922258,-97.746334938,119.1750,5,1.000000,0.000000,0.000000,0.000000
68232.000,30.264923493,-97.746343105,119.5530,5,1.000000,0.000000,0.000000,0.000000
68233.000,30.264923990,-97.746346347,119.8170,5,1.000000,0.000000,0.000000,0.000000
68234.000,30.264923098,-97.746346467,120.0510,5,1.000000,0.000000,0.000000,0.000000
68235.000,30.264922398,-97.746346640,120.2280,5,1.000000,0.000000,0.000000,0.000000
68236.000,30.264921843,-97.746346525,120.3800,5,1.000000,0.000000,0.000000,0.000000
68237.000,30.264921385,-97.746346293,120.5010,5,1.000000,0.000000,0.000000,0.000000
68238.000,30.264920975,-97.746345977,120.5720,5,1.000000,0.000000,0.000000,0.000000
68239.000,30.264920628,-97.746345682,120.6260,5,1.000000,0.000000,0.000000,0.000000
68240.000,30.264920322,-97.746346092,120.6360,5,1.000000,0.000000,0.000000,0.000000
68241.000,30.264920485,-97.746347908,120.6170,5,1.000000,0.000000,0.000000,0.000000
68242.000,30.264921955,-97.746352343,120.5200,5,1.000000,0.000000,0.000000,0.000000
68243.000,30.264925900,-97.746367485,120.4320,5,1.000000,0.000000,0.000000,0.000000
68244.000,30.264931153,-97.746386117,120.3680,5,1.000000,0.000000,0.000000,0.000000
68245.000,30.264939342,-97.746415368,120.3090,5,1.000000,0.000000,0.000000,0.000000
68246.000,30.264953738,-97.746457850,120.2720,5,1.000000,0.000000,0.000000,0.000000
68247.000,30.264969137,-97.746512353,120.1140,5,1.000000,0.000000,0.000000,0.000000
68248.000,30.264985110,-97.746566325,120.0540,5,1.000000,0.000000,0.000000,0.000000
68249.000,30.264999490,-97.746623980,120.0150,5,1.000000,0.000000,0.000000,0.000000
68250.000,30.265014823,-97.746686925,119.9790,5,1.000000,0.000000,0.000000,0.000000
68251.000,30.265031345,-97.746752292,119.9970,5,1.000000,0.000000,0.000000,0.000000
68252.000,30.265047153,-97.746818865,120.0820,5,1.000000,0.000000,0.000000,0.000000
68253.000,30.265065370,-97.746886457,120.0910,5,1.000000,0.000000,0.000000,0.000000
68254.000,30.265084870,-97.746956397,120.1310,5,1.000000,0.000000,0.000000,0.000000
68255.000,30.265104668,-97.747027818,120.2520,5,1.000000,0.000000,0.000000,0.000000
68256.000,30.265125125,-97.747099212,120.2800,5,1.000000,0.000000,0.000000,0.000000
68257.000,30.265146177,-97.747160610,119.4150,5,1.000000,0.000000,0.000000,0.000000
68258.000,30.265163878,-97.747217330,119.3910,5,1.000000,0.000000,0.000000,0.000000
68259.000,30.265179083,-97.747269780,119.7220,5,1.000000,0.000000,0.000000,0.000000
68260.000,30.265191872,-97.747314415,119.9690,5,1.000000,0.000000,0.000000,0.000000
68261.000,30.265218745,-97.747340220,120.0140,5,1.000000,0.000000,0.000000,0.000000
68263.000,30.265458648,-97.747164672,125.2550,5,1.000000,0.000000,0.000000,0.000000
68264.000,30.265454607,-97.747193142,123.8460,5,1.000000,0.000000,0.000000,0.000000
68265.000,30.265412980,-97.747248200,119.5660,5,1.000000,0.000000,0.000000,0.000000
68266.000,30.265387160,-97.747278960,117.4800,5,1.000000,0.000000,0.000000,0.000000
68267.000,30.265377362,-97.747290043,115.5170,5,1.000000,0.000000,0.000000,0.000000
68268.000,30.265371455,-97.747296908,114.7250,5,1.000000,0.000000,0.000000,0.000000
68269.000,30.265365705,-97.747311695,114.1360,5,1.000000,0.000000,0.000000,0.000000
68270.000,30.265386870,-97.747305870,112.6400,5,1.000000,0.000000,0.000000,0.000000
68271.000,30.265369242,-97.747321493,112.9560,5,1.000000,0.000000,0.000000,0.000000
68272.000,30.265345115,-97.747338710,113.4130,5,1.000000,0.000000,0.000000,0.000000
68273.000,30.265335778,-97.747345490,113.5030,5,1.000000,0.000000,0.000000,0.000000
68274.000,30.265327392,-97.747351358,113.5600,5,1.000000,0.000000,0.000000,0.000000
68275.000,30.265331892,-97.747348210,113.2350,5,1.000000,0.000000,0.000000,0.000000
68276.000,30.265314487,-97.747361057,113.6990,5,1.000000,0.000000,0.000000,0.000000
68277.000,30.265289472,-97.747379788,114.4740,5,1.000000,0.000000,0.000000,0.000000
68278.000,30.265272122,-97.747392700,115.0680,5,1.000000,0.000000,0.000000,0.000000
68279.000,30.265252575,-97.747407560,115.9060,5,1.000000,0.000000,0.000000,0.000000
68280.000,30.265242753,-97.747414842,116.3190,5,1.000000,0.000000,0.000000,0.000000
68281.000,30.265238147,-97.747417985,116.4710,5,1.000000,0.000000,0.000000,0.000000
68282.000,30.265234718,-97.747420025,116.5340,5,1.000000,0.000000,0.000000,0.000000
68283.000,30.265232812,-97.747420983,116.5360,5,1.000000,0.000000,0.000000,0.000000
68284.000,30.265233417,-97.747420452,116.5450,5,1.000000,0.000000,0.000000,0.000000
68285.000,30.265231350,-97.747421572,116.6070,5,1.000000,0.000000,0.000000,0.000000
68286.000,30.265229662,-97.747422465,116.6380,5,1.000000,0.000000,0.000000,0.000000
68287.000,30.265228095,-97.747423398,116.6920,5,1.000000,0.000000,0.000000,0.000000
68288.000,30.265225348,-97.747425003,116.7380,5,1.000000,0.000000,0.000000,0.000000
68289.000,30.265224115,-97.747425767,116.7650,5,1.000000,0.000000,0.000000,0.000000
68290.000,30.265224275,-97.747425868,116.8070,5,1.000000,0.000000,0.000000,0.000000
68291.000,30.265223455,-97.747426642,116.8890,5,1.000000,0.000000,0.000000,0.000000
68292.000,30.265220967,-97.747429435,117.0370,5,1.000000,0.000000,0.000000,0.000000
68293.000,30.265224448,-97.747439190,116.9490,5,1.000000,0.000000,0.000000,0.000000
68294.000,30.265230665,-97.747467248,117.1280,5,1.000000,0.000000,0.000000,0.000000
68295.000,30.265243438,-97.747505405,117.2150,5,1.000000,0.000000,0.000000,0.000000
68296.000,30.265256570,-97.747554932,117.2880,5,1.000000,0.000000,0.000000,0.000000
68297.000,30.265267757,-97.747616503,117.5740,5,1.000000,0.000000,0.000000,0.000000
68298.000,30.265285167,-97.747680908,117.6010,5,1.000000,0.000000,0.000000,0.000000
68299.000,30.265304265,-97.747750793,117.4640,5,1.000000,0.000000,0.000000,0.000000
68300.000,30.265320903,-97.747819695,117.5660,5,1.000000,0.000000,0.000000,0.000000
68301.000,30.265336163,-97.747880542,117.6120,5,1.000000,0.000000,0.000000,0.000000
68302.000,30.265348872,-97.747927542,117.6450,5,1.000000,0.000000,0.000000,0.000000
68303.000,30.265357978,-97.747958292,117.6810,5,1.000000,0.000000,0.000000,0.000000
68304.000,30.265364690,-97.747978822,117.6860,5,1.000000,0.000000,0.000000,0.000000
68305.000,30.265367913,-97.747989772,117.7020,5,1.000000,0.000000,0.000000,0.000000
68306.000,30.265369000,-97.747993447,117.6520,5,1.000000,0.000000,0.000000,0.000000
68307.000,30.265368277,-97.747993680,117.6970,5,1.000000,0.000000,0.000000,0.000000
68308.000,30.265367893,-97.747993828,117.6760,5,1.000000,0.000000,0.000000,0.000000
68309.000,30.265367122,-97.747994222,117.7590,5,1.000000,0.000000,0.000000,0.000000
68310.000,30.265366730,-97.747994775,117.8150,5,1.000000,0.000000,0.000000,0.000000
68311.000,30.265366943,-97.747998597,117.8990,5,1.000000,0.000000,0.000000,0.000000
68312.000,30.265368318,-97.748003870,117.9560,5,1.000000,0.000000,0.000000,0.000000
68313.000,30.265370905,-97.748013802,118.0060,5,1.000000,0.000000,0.000000,0.000000
68314.000,30.265377322,-97.748036550,118.0250,5,1.000000,0.000000,0.000000,0.000000
68315.000,30.265386860,-97.748075932,117.9800,5,1.000000,0.000000,0.000000,0.000000
68316.000,30.265399442,-97.748124280,117.9800,5,1.000000,0.000000,0.000000,0.000000
68317.000,30.265410347,-97.748161478,117.9580,5,1.000000,0.000000,0.000000,0.000000
68318.000,30.265418352,-97.748192370,117.9720,5,1.000000,0.000000,0.000000,0.000000
68319.000,30.265429947,-97.748234787,118.0270,5,1.000000,0.000000,0.000000,0.000000
68320.000,30.265446993,-97.748287735,117.9230,5,1.000000,0.000000,0.000000,0.000000
68321.000,30.265463200,-97.748341143,117.9730,5,1.000000,0.000000,0.000000,0.000000
68322.000,30.265478030,-97.748388747,117.8190,5,1.000000,0.000000,0.000000,0.000000
68323.000,30.265490492,-97.748427985,117.8340,5,1.000000,0.000000,0.000000,0.000000
68324.000,30.265499305,-97.748458240,117.8890,5,1.000000,0.000000,0.000000,0.000000
68325.000,30.265504740,-97.748478913,117.7790,5,1.000000,0.000000,0.000000,0.000000
68326.000,30.265507837,-97.748489590,117.8080,5,1.000000,0.000000,0.000000,0.000000
68327.000,30.265510093,-97.748497658,117.8070,5,1.000000,0.000000,0.000000,0.000000
68328.000,30.265510975,-97.748499688,117.8150,5,1.000000,0.000000,0.000000,0.000000
68329.000,30.265511365,-97.748499497,117.8220,5,1.000000,0.000000,0.000000,0.000000
68330.000,30.265511633,-97.748499390,117.8390,5,1.000000,0.000000,0.000000,0.000000
68331.000,30.265511893,-97.748499358,117.8680,5,1.000000,0.000000,0.000000,0.000000
68332.000,30.265512115,-97.748499185,117.8680,5,1.000000,0.000000,0.000000,0.000000
68333.000,30.265512365,-97.748499047,117.9030,5,1.000000,0.000000,0.000000,0.000000
68334.000,30.265512580,-97.748498948,117.9100,5,1.000000,0.000000,0.000000,0.000000
68335.000,30.265512802,-97.748498800,117.9250,5,1.000000,0.000000,0.000000,0.000000
68336.000,30.265512960,-97.748498713,117.9310,5,1.000000,0.000000,0.000000,0.000000
68337.000,30.265513082,-97.748498673,117.9470,5,1.000000,0.000000,0.000000,0.000000
68338.000,30.265513292,-97.748498550,117.9540,5,1.000000,0.000000,0.000000,0.000000
68339.000,30.265513423,-97.748498430,117.9760,5,1.000000,0.000000,0.000000,0.000000
68340.000,30.265513552,-97.748498592,118.0360,5,1.000000,0.000000,0.000000,0.000000
68341.000,30.265513868,-97.748499117,117.9880,5,1.000000,0.000000,0.000000,0.000000
68342.000,30.265514493,-97.748501750,118.0560,5,1.000000,0.000000,0.000000,0.000000
68343.000,30.265516182,-97.748507360,118.0120,5,1.000000,0.000000,0.000000,0.000000
68344.000,30.265520468,-97.748523307,118.0210,5,1.000000,0.000000,0.000000,0.000000
68345.000,30.265528465,-97.748551927,118.0820,5,1.000000,0.000000,0.000000,0.000000
68346.000,30.265536903,-97.748581787,118.0070,5,1.000000,0.000000,0.000000,0.000000
68347.000,30.265544592,-97.748609102,117.9810,5,1.000000,0.000000,0.000000,0.000000
68348.000,30.265553763,-97.748642063,117.9050,5,1.000000,0.000000,0.000000,0.000000
68349.000,30.265567838,-97.748687803,117.8450,5,1.000000,0.000000,0.000000,0.000000
68350.000,30.265587495,-97.748738633,117.8490,5,1.000000,0.000000,0.000000,0.000000
68351.000,30.265605230,-97.748800297,117.8390,5,1.000000,0.000000,0.000000,0.000000
68352.000,30.265622457,-97.748867970,117.8520,5,1.000000,0.000000,0.000000,0.000000
68353.000,30.265641335,-97.748938983,117.8450,5,1.000000,0.000000,0.000000,0.000000
68354.000,30.265660317,-97.749009442,117.8240,5,1.000000,0.000000,0.000000,0.000000
68355.000,30.265675965,-97.749081773,117.7580,5,1.000000,0.000000,0.000000,0.000000
68356.000,30.265733545,-97.749129173,116.1180,5,1.000000,0.000000,0.000000,0.000000
68357.000,30.265722067,-97.749200600,116.7440,5,1.000000,0.000000,0.000000,0.000000
68358.000,30.265729497,-97.749282822,109.2260,5,1.000000,0.000000,0.000000,0.000000
68360.000,30.265805008,-97.749373978,98.6800,5,1.000000,0.000000,0.000000,0.000000
68361.000,30.265805270,-97.749441250,99.6830,5,1.000000,0.000000,0.000000,0.000000
68362.000,30.265852847,-97.749434923,97.2750,5,1.000000,0.000000,0.000000,0.000000
68363.000,30.265819482,-97.749482813,98.1510,5,1.000000,0.000000,0.000000,0.000000
68364.000,30.265842037,-97.749508120,98.0720,5,1.000000,0.000000,0.000000,0.000000
68365.000,30.266020992,-97.749391445,109.4550,5,1.000000,0.000000,0.000000,0.000000
68366.000,30.266013418,-97.749389332,116.0500,5,1.000000,0.000000,0.000000,0.000000
68367.000,30.266019528,-97.749399715,114.0060,5,1.000000,0.000000,0.000000,0.000000
68368.000,30.266021897,-97.749339320,103.5540,5,1.000000,0.000000,0.000000,0.000000
68369.000,30.266028887,-97.749360892,106.0140,5,1.000000,0.000000,0.000000,0.000000
68370.000,30.266038483,-97.749365625,110.7870,5,1.000000,0.000000,0.000000,0.000000
68371.000,30.265983723,-97.749385877,122.9300,5,1.000000,0.000000,0.000000,0.000000
68372.000,30.265954075,-97.749374435,130.7570,5,1.000000,0.000000,0.000000,0.000000
68373.000,30.265870660,-97.749432045,151.2630,5,1.000000,0.000000,0.000000,0.000000
68374.000,30.265756127,-97.749536457,167.8140,5,1.000000,0.000000,0.000000,0.000000
68375.000,30.265835392,-97.749525195,155.4800,5,1.000000,0.000000,0.000000,0.000000
68376.000,30.265807523,-97.749665328,171.7870,5,1.000000,0.000000,0.000000,0.000000
68377.000,30.265747163,-97.749632775,182.7540,5,1.000000,0.000000,0.000000,0.000000
68378.000,30.266139727,-97.749620648,149.9960,5,1.000000,0.000000,0.000000,0.000000
68379.000,30.266078283,-97.749716192,158.4170,5,1.000000,0.000000,0.000000,0.000000
68380.000,30.265937770,-97.749805415,158.9280,5,1.000000,0.000000,0.000000,0.000000
68381.000,30.265984100,-97.749776860,158.2620,5,1.000000,0.000000,0.000000,0.000000
68382.000,30.266010120,-97.749761940,158.0470,5,1.000000,0.000000,0.000000,0.000000
68383.000,30.266027152,-97.749752592,157.9090,5,1.000000,0.000000,0.000000,0.000000
68384.000,30.266009568,-97.749763488,156.7930,5,1.000000,0.000000,0.000000,0.000000
68385.000,30.266122385,-97.749702092,156.4050,5,1.000000,0.000000,0.000000,0.000000
68386.000,30.266117627,-97.749725907,155.8410,5,1.000000,0.000000,0.000000,0.000000
68387.000,30.266097675,-97.749765318,152.8200,5,1.000000,0.000000,0.000000,0.000000
68388.000,30.266009933,-97.749828682,142.5880,5,1.000000,0.000000,0.000000,0.000000
68389.000,30.265928655,-97.749946188,141.0560,5,1.000000,0.000000,0.000000,0.000000
68390.000,30.265890820,-97.750018108,133.5660,5,1.000000,0.000000,0.000000,0.000000
68391.000,30.265905930,-97.750098090,132.7840,5,1.000000,0.000000,0.000000,0.000000
68392.000,30.265937705,-97.750161573,130.9540,5,1.000000,0.000000,0.000000,0.000000
68393.000,30.265961008,-97.750237018,131.6080,5,1.000000,0.000000,0.000000,0.000000
68394.000,30.265974392,-97.750306745,130.1480,5,1.000000,0.000000,0.000000,0.000000
68395.000,30.266005435,-97.750384845,129.5640,5,1.000000,0.000000,0.000000,0.000000
68396.000,30.266031178,-97.750471708,129.1070,5,1.000000,0.000000,0.000000,0.000000
68397.000,30.266064528,-97.750563045,128.6130,5,1.000000,0.000000,0.000000,0.000000
68398.000,30.266092912,-97.750654298,127.5520,5,1.000000,0.000000,0.000000,0.000000
68399.000,30.266122372,-97.750750798,126.5750,5,1.000000,0.000000,0.000000,0.000000
68400.000,30.266154545,-97.750854998,126.0110,5,1.000000,0.000000,0.000000,0.000000
68401.000,30.266188375,-97.750964740,125.1630,5,1.000000,0.000000,0.000000,0.000000
68402.000,30.266221370,-97.751079877,124.4420,5,1.000000,0.000000,0.000000,0.000000
68403.000,30.266254813,-97.751196123,123.7710,5,1.000000,0.000000,0.000000,0.000000
68404.000,30.266286300,-97.751307740,123.4940,5,1.000000,0.000000,0.000000,0.000000
68405.000,30.266316055,-97.751407945,122.9880,5,1.000000,0.000000,0.000000,0.000000
68406.000,30.266339042,-97.751501625,122.9040,5,1.000000,0.000000,0.000000,0.000000
68407.000,30.266346780,-97.751587002,122.4780,5,1.000000,0.000000,0.000000,0.000000
68408.000,30.266342602,-97.751666158,122.1660,5,1.000000,0.000000,0.000000,0.000000
68409.000,30.266343392,-97.751736125,121.7180,5,1.000000,0.000000,0.000000,0.000000
68410.000,30.266353642,-97.751801623,121.2740,5,1.000000,0.000000,0.000000,0.000000
68411.000,30.266370065,-97.751857812,120.7420,5,1.000000,0.000000,0.000000,0.000000
68412.000,30.266385570,-97.751901513,120.3140,5,1.000000,0.000000,0.000000,0.000000
68413.000,30.266396210,-97.751929882,119.8540,5,1.000000,0.000000,0.000000,0.000000
68414.000,30.266401885,-97.751947260,119.4760,5,1.000000,0.000000,0.000000,0.000000
68415.000,30.266404055,-97.751953675,119.3520,5,1.000000,0.000000,0.000000,0.000000
68416.000,30.266404163,-97.751953263,119.3030,5,1.000000,0.000000,0.000000,0.000000
68417.000,30.266404330,-97.751953578,119.2550,5,1.000000,0.000000,0.000000,0.000000
68418.000,30.266405782,-97.751959067,119.2380,5,1.000000,0.000000,0.000000,0.000000
68419.000,30.266410102,-97.751976397,119.1380,5,1.000000,0.000000,0.000000,0.000000
68420.000,30.266414658,-97.752003490,119.0410,5,1.000000,0.000000,0.000000,0.000000
68421.000,30.266412112,-97.752036118,118.8240,5,1.000000,0.000000,0.000000,0.000000
68422.000,30.266397775,-97.752068635,118.6180,5,1.000000,0.000000,0.000000,0.000000
68423.000,30.266369210,-97.752097855,118.4520,5,1.000000,0.000000,0.000000,0.000000
68424.000,30.266329743,-97.752122473,118.1150,5,1.000000,0.000000,0.000000,0.000000
68425.000,30.266286228,-97.752140063,117.9500,5,1.000000,0.000000,0.000000,0.000000
68426.000,30.266238928,-97.752154148,118.0200,5,1.000000,0.000000,0.000000,0.000000
68427.000,30.266189085,-97.752165432,117.7050,5,1.000000,0.000000,0.000000,0.000000
68428.000,30.266141215,-97.752177697,117.5110,5,1.000000,0.000000,0.000000,0.000000
68429.000,30.266096055,-97.752190255,117.3140,5,1.000000,0.000000,0.000000,0.000000
68430.000,30.266055468,-97.752202312,117.0540,5,1.000000,0.000000,0.000000,0.000000
68431.000,30.266023812,-97.752211963,116.7830,5,1.000000,0.000000,0.000000,0.000000
68432.000,30.265996545,-97.752220350,116.5040,5,1.000000,0.000000,0.000000,0.000000
68433.000,30.265973355,-97.752227473,116.3070,5,1.000000,0.000000,0.000000,0.000000
68434.000,30.265956098,-97.752232375,116.0500,5,1.000000,0.000000,0.000000,0.000000
68435.000,30.265945140,-97.752236083,115.9970,5,1.000000,0.000000,0.000000,0.000000
68436.000,30.265940375,-97.752237600,115.9170,5,1.000000,0.000000,0.000000,0.000000
68437.000,30.265940202,-97.752237538,115.8180,5,1.000000,0.000000,0.000000,0.000000
68438.000,30.265940282,-97.752237642,115.7640,5,1.000000,0.000000,0.000000,0.000000
68439.000,30.265940512,-97.752237727,115.7800,5,1.000000,0.000000,0.000000,0.000000
68440.000,30.265940642,-97.752237862,115.7420,5,1.000000,0.000000,0.000000,0.000000
68441.000,30.265940730,-97.752237928,115.6900,5,1.000000,0.000000,0.000000,0.000000
68442.000,30.265940820,-97.752238115,115.6450,5,1.000000,0.000000,0.000000,0.000000
68443.000,30.265940922,-97.752238233,115.6010,5,1.000000,0.000000,0.000000,0.000000
68444.000,30.265940990,-97.752238290,115.5520,5,1.000000,0.000000,0.000000,0.000000
68445.000,30.265941107,-97.752238463,115.5140,5,1.000000,0.000000,0.000000,0.000000
68446.000,30.265941205,-97.752238562,115.4750,5,1.000000,0.000000,0.000000,0.000000
68447.000,30.265941285,-97.752238612,115.4290,5,1.000000,0.000000,0.000000,0.000000
68448.000,30.265941393,-97.752238677,115.3950,5,1.000000,0.000000,0.000000,0.000000
68449.000,30.265940807,-97.752238840,115.3260,5,1.000000,0.000000,0.000000,0.000000
68450.000,30.265933957,-97.752241360,115.2840,5,1.000000,0.000000,0.000000,0.000000
68451.000,30.265928503,-97.752242855,115.1350,5,1.000000,0.000000,0.000000,0.000000
68452.000,30.265926153,-97.752243242,115.0780,5,1.000000,0.000000,0.000000,0.000000
68453.000,30.265925872,-97.752243850,115.1670,5,1.000000,0.000000,0.000000,0.000000
68454.000,30.265925722,-97.752243948,115.1760,5,1.000000,0.000000,0.000000,0.000000
68455.000,30.265925800,-97.752243555,115.1770,5,1.000000,0.000000,0.000000,0.000000
68456.000,30.265925803,-97.752243597,115.1960,5,1.000000,0.000000,0.000000,0.000000
68457.000,30.265925755,-97.752243652,115.2160,5,1.000000,0.000000,0.000000,0.000000
68458.000,30.265925743,-97.752243788,115.2490,5,1.000000,0.000000,0.000000,0.000000
68459.000,30.265925753,-97.752243722,115.2430,5,1.000000,0.000000,0.000000,0.000000
68460.000,30.265925697,-97.752243795,115.2650,5,1.000000,0.000000,0.000000,0.000000
68461.000,30.265925713,-97.752243948,115.2950,5,1.000000,0.000000,0.000000,0.000000
68462.000,30.265925673,-97.752244210,115.3450,5,1.000000,0.000000,0.000000,0.000000
68463.000,30.265925655,-97.752244257,115.3560,5,1.000000,0.000000,0.000000,0.000000
68464.000,30.265925642,-97.752244258,115.3650,5,1.000000,0.000000,0.000000,0.000000
68465.000,30.265924380,-97.752244632,115.3340,5,1.000000,0.000000,0.000000,0.000000
68466.000,30.265920722,-97.752246372,115.4000,5,1.000000,0.000000,0.000000,0.000000
68467.000,30.265919750,-97.752246573,115.3780,5,1.000000,0.000000,0.000000,0.000000
68468.000,30.265919737,-97.752246983,115.4400,5,1.000000,0.000000,0.000000,0.000000
68469.000,30.265919792,-97.752246878,115.4530,5,1.000000,0.000000,0.000000,0.000000
68470.000,30.265919780,-97.752246507,115.4160,5,1.000000,0.000000,0.000000,0.000000
68471.000,30.265919887,-97.752246665,115.4580,5,1.000000,0.000000,0.000000,0.000000
68472.000,30.265919932,-97.752246623,115.4600,5,1.000000,0.000000,0.000000,0.000000
68473.000,30.265919953,-97.752246635,115.4670,5,1.000000,0.000000,0.000000,0.000000
68474.000,30.265919997,-97.752246803,115.5070,5,1.000000,0.000000,0.000000,0.000000
68475.000,30.265919973,-97.752246745,115.5060,5,1.000000,0.000000,0.000000,0.000000
68476.000,30.265919917,-97.752247402,115.6030,5,1.000000,0.000000,0.000000,0.000000
68477.000,30.265919883,-97.752247040,115.5690,5,1.000000,0.000000,0.000000,0.000000
68478.000,30.265919847,-97.752247772,115.6560,5,1.000000,0.000000,0.000000,0.000000
68479.000,30.265919800,-97.752247732,115.6640,5,1.000000,0.000000,0.000000,0.000000
68480.000,30.265919678,-97.752247925,115.7080,5,1.000000,0.000000,0.000000,0.000000
68481.000,30.265919582,-97.752247952,115.7290,5,1.000000,0.000000,0.000000,0.000000
68482.000,30.265919498,-97.752248117,115.7520,5,1.000000,0.000000,0.000000,0.000000
68483.000,30.265919400,-97.752248310,115.7760,5,1.000000,0.000000,0.000000,0.000000
68484.000,30.265919392,-97.752248527,115.8010,5,1.000000,0.000000,0.000000,0.000000
68485.000,30.265917595,-97.752248840,115.7540,5,1.000000,0.000000,0.000000,0.000000
68486.000,30.265911727,-97.752250930,115.7290,5,1.000000,0.000000,0.000000,0.000000
68487.000,30.265904388,-97.752253835,115.7100,5,1.000000,0.000000,0.000000,0.000000
68488.000,30.265898798,-97.752255632,115.6160,5,1.000000,0.000000,0.000000,0.000000
68489.000,30.265895982,-97.752256180,115.5430,5,1.000000,0.000000,0.000000,0.000000
68490.000,30.265894128,-97.752256985,115.5280,5,1.000000,0.000000,0.000000,0.000000
68491.000,30.265894133,-97.752256760,115.4590,5,1.000000,0.000000,0.000000,0.000000
68492.000,30.265894160,-97.752256843,115.4360,5,1.000000,0.000000,0.000000,0.000000
68493.000,30.265894008,-97.752257045,115.4860,5,1.000000,0.000000,0.000000,0.000000
68494.000,30.265894008,-97.752257110,115.4840,5,1.000000,0.000000,0.000000,0.000000
68495.000,30.265894037,-97.752257083,115.4610,5,1.000000,0.000000,0.000000,0.000000
68496.000,30.265893643,-97.752256882,115.3680,5,1.000000,0.000000,0.000000,0.000000
68497.000,30.265892135,-97.752257543,115.3790,5,1.000000,0.000000,0.000000,0.000000
68498.000,30.265891687,-97.752257705,115.3970,5,1.000000,0.000000,0.000000,0.000000
68499.000,30.265891688,-97.752257850,115.4360,5,1.000000,0.000000,0.000000,0.000000
68500.000,30.265891707,-97.752257897,115.4610,5,1.000000,0.000000,0.000000,0.000000
68501.000,30.265891672,-97.752257878,115.4810,5,1.000000,0.000000,0.000000,0.000000
68502.000,30.265891697,-97.752258030,115.5190,5,1.000000,0.000000,0.000000,0.000000
68503.000,30.265891705,-97.752258078,115.5420,5,1.000000,0.000000,0.000000,0.000000
68504.000,30.265891703,-97.752258103,115.5690,5,1.000000,0.000000,0.000000,0.000000
68505.000,30.265891735,-97.752258212,115.5940,5,1.000000,0.000000,0.000000,0.000000
68506.000,30.265891717,-97.752258197,115.6090,5,1.000000,0.000000,0.000000,0.000000
68507.000,30.265891778,-97.752258355,115.6320,5,1.000000,0.000000,0.000000,0.000000
68508.000,30.265891750,-97.752258310,115.6440,5,1.000000,0.000000,0.000000,0.000000
68509.000,30.265891755,-97.752258288,115.6410,5,1.000000,0.000000,0.000000,0.000000
68510.000,30.265891782,-97.752258270,115.6490,5,1.000000,0.000000,0.000000,0.000000
68511.000,30.265891770,-97.752258232,115.6480,5,1.000000,0.000000,0.000000,0.000000
68512.000,30.265891833,-97.752258312,115.6530,5,1.000000,0.000000,0.000000,0.000000
68513.000,30.265891857,-97.752258213,115.6440,5,1.000000,0.000000,0.000000,0.000000
68514.000,30.265891872,-97.752258210,115.6350,5,1.000000,0.000000,0.000000,0.000000
68515.000,30.265891933,-97.752258270,115.6460,5,1.000000,0.000000,0.000000,0.000000
68516.000,30.265891962,-97.752258540,115.6700,5,1.000000,0.000000,0.000000,0.000000
68517.000,30.265891933,-97.752258522,115.6730,5,1.000000,0.000000,0.000000,0.000000
68518.000,30.265890377,-97.752259260,115.6930,5,1.000000,0.000000,0.000000,0.000000
68519.000,30.265885272,-97.752260767,115.6270,5,1.000000,0.000000,0.000000,0.000000
68520.000,30.265868960,-97.752266390,115.6000,5,1.000000,0.000000,0.000000,0.000000
68521.000,30.265845038,-97.752275003,115.4410,5,1.000000,0.000000,0.000000,0.000000
68522.000,30.265819012,-97.752284483,115.3040,5,1.000000,0.000000,0.000000,0.000000
68523.000,30.265793132,-97.752293663,115.2390,5,1.000000,0.000000,0.000000,0.000000
68524.000,30.265776253,-97.752300943,115.2890,5,1.000000,0.000000,0.000000,0.000000
68525.000,30.265765867,-97.752304628,115.1600,5,1.000000,0.000000,0.000000,0.000000
68526.000,30.265752782,-97.752310197,115.1760,5,1.000000,0.000000,0.000000,0.000000
68527.000,30.265732487,-97.752315347,115.0970,5,1.000000,0.000000,0.000000,0.000000
68528.000,30.265704327,-97.752319727,115.0940,5,1.000000,0.000000,0.000000,0.000000
68529.000,30.265673937,-97.752317817,115.2390,5,1.000000,0.000000,0.000000,0.000000
68530.000,30.265639927,-97.752307037,115.3640,5,1.000000,0.000000,0.000000,0.000000
68531.000,30.265601410,-97.752279075,115.3370,5,1.000000,0.000000,0.000000,0.000000
68532.000,30.265563140,-97.752225400,115.1780,5,1.000000,0.000000,0.000000,0.000000
68533.000,30.265529897,-97.752147088,115.0860,5,1.000000,0.000000,0.000000,0.000000
68534.000,30.265502170,-97.752048838,115.0160,5,1.000000,0.000000,0.000000,0.000000
68535.000,30.265470802,-97.751937670,114.9560,5,1.000000,0.000000,0.000000,0.000000
68536.000,30.265435008,-97.751818102,114.8840,5,1.000000,0.000000,0.000000,0.000000
68537.000,30.265397545,-97.751698190,114.7190,5,1.000000,0.000000,0.000000,0.000000
68538.000,30.265360035,-97.751578802,114.6230,5,1.000000,0.000000,0.000000,0.000000
68539.000,30.265325152,-97.751458138,114.5440,5,1.000000,0.000000,0.000000,0.000000
68540.000,30.265292345,-97.751335927,114.5660,5,1.000000,0.000000,0.000000,0.000000
68541.000,30.265259085,-97.751209875,114.4210,4,1.000000,0.000000,0.000000,0.000000
68542.000,30.265223133,-97.751079490,114.2020,4,1.000000,0.000000,0.000000,0.000000
68543.000,30.265184822,-97.750943778,114.0540,4,1.000000,0.000000,0.000000,0.000000
68544.000,30.265143943,-97.750802607,113.7140,4,1.000000,0.000000,0.000000,0.000000
68545.000,30.265100788,-97.750658468,113.4910,5,1.000000,0.000000,0.000000,0.000000
68546.000,30.265056452,-97.750514775,113.4670,4,1.000000,0.000000,0.000000,0.000000
68547.000,30.265011713,-97.750373227,113.4950,4,1.000000,0.000000,0.000000,0.000000
68548.000,30.264967422,-97.750235258,113.5460,4,1.000000,0.000000,0.000000,0.000000
68549.000,30.264926017,-97.750101902,113.6270,4,1.000000,0.000000,0.000000,0.000000
68550.000,30.264887548,-97.749974142,113.7770,4,1.000000,0.000000,0.000000,0.000000
68551.000,30.264852995,-97.749852725,113.8550,5,1.000000,0.000000,0.000000,0.000000
68552.000,30.264820215,-97.749740760,114.1820,4,1.000000,0.000000,0.000000,0.000000
68553.000,30.264792222,-97.749640457,114.3940,4,1.000000,0.000000,0.000000,0.000000
68554.000,30.264767657,-97.749551285,114.5830,4,1.000000,0.000000,0.000000,0.000000
68555.000,30.264746040,-97.749473843,114.7160,4,1.000000,0.000000,0.000000,0.000000
68556.000,30.264727358,-97.749408552,114.8220,4,1.000000,0.000000,0.000000,0.000000
68557.000,30.264712048,-97.749358317,114.9240,4,1.000000,0.000000,0.000000,0.000000
68558.000,30.264701758,-97.749325577,114.9670,4,1.000000,0.000000,0.000000,0.000000
68559.000,30.264696492,-97.749308575,114.9900,4,1.000000,0.000000,0.000000,0.000000
68560.000,30.264695103,-97.749304080,114.9940,4,1.000000,0.000000,0.000000,0.000000
68561.000,30.264695130,-97.749304185,114.9900,4,1.000000,0.000000,0.000000,0.000000
68562.000,30.264695168,-97.749304190,114.9950,4,1.000000,0.000000,0.000000,0.000000
68563.000,30.264695157,-97.749304215,114.9890,4,1.000000,0.000000,0.000000,0.000000
68564.000,30.264695132,-97.749304215,114.9820,4,1.000000,0.000000,0.000000,0.000000
68565.000,30.264695158,-97.749304248,114.9820,4,1.000000,0.000000,0.000000,0.000000
68566.000,30.264695142,-97.749304225,114.9790,4,1.000000,0.000000,0.000000,0.000000
68567.000,30.264695162,-97.749304233,114.9780,4,1.000000,0.000000,0.000000,0.000000
68568.000,30.264695088,-97.749304048,114.9760,4,1.000000,0.000000,0.000000,0.000000
68569.000,30.264693215,-97.749297957,114.9890,4,1.000000,0.000000,0.000000,0.000000
68570.000,30.264686082,-97.749274637,115.0320,4,1.000000,0.000000,0.000000,0.000000
68571.000,30.264673887,-97.749234737,115.0900,4,1.000000,0.000000,0.000000,0.000000
68572.000,30.264656100,-97.749177677,115.1830,4,1.000000,0.000000,0.000000,0.000000
68573.000,30.264633405,-97.749107047,115.3110,5,1.000000,0.000000,0.000000,0.000000
68574.000,30.264607875,-97.749031692,115.4160,4,1.000000,0.000000,0.000000,0.000000
68575.000,30.264579365,-97.748950722,115.4880,4,1.000000,0.000000,0.000000,0.000000
68576.000,30.264550278,-97.748866652,115.5560,4,1.000000,0.000000,0.000000,0.000000
68577.000,30.264522057,-97.748784763,115.6670,4,1.000000,0.000000,0.000000,0.000000
68578.000,30.264493815,-97.748700765,115.6200,4,1.000000,0.000000,0.000000,0.000000
68579.000,30.264464125,-97.748610633,115.7490,4,1.000000,0.000000,0.000000,0.000000
68580.000,30.264435360,-97.748517250,115.7950,4,1.000000,0.000000,0.000000,0.000000
68581.000,30.264406678,-97.748421340,115.8100,4,1.000000,0.000000,0.000000,0.000000
68582.000,30.264378435,-97.748325863,115.8280,4,1.000000,0.000000,0.000000,0.000000
68583.000,30.264350213,-97.748230003,115.8850,4,1.000000,0.000000,0.000000,0.000000
68584.000,30.264322970,-97.748133488,115.9230,4,1.000000,0.000000,0.000000,0.000000
68585.000,30.264297118,-97.748037518,116.0030,4,1.000000,0.000000,0.000000,0.000000
68586.000,30.264271958,-97.747941642,116.1110,4,1.000000,0.000000,0.000000,0.000000
68587.000,30.264246512,-97.747844653,116.1950,4,1.000000,0.000000,0.000000,0.000000
68588.000,30.264220285,-97.747742700,116.2800,4,1.000000,0.000000,0.000000,0.000000
68589.000,30.264193220,-97.747637255,116.3560,4,1.000000,0.000000,0.000000,0.000000
68590.000,30.264162787,-97.747532707,116.9590,4,1.000000,0.000000,0.000000,0.000000
68591.000,30.264140340,-97.747430742,116.4160,4,1.000000,0.000000,0.000000,0.000000
68592.000,30.264113645,-97.747327565,116.4820,4,1.000000,0.000000,0.000000,0.000000
68593.000,30.264085192,-97.747221445,116.4950,4,1.000000,0.000000,0.000000,0.000000
68594.000,30.264056212,-97.747111453,116.4580,4,1.000000,0.000000,0.000000,0.000000
68595.000,30.264026802,-97.746998182,116.5270,5,1.000000,0.000000,0.000000,0.000000
68596.000,30.263997505,-97.746883217,116.5430,4,1.000000,0.000000,0.000000,0.000000
68597.000,30.263967058,-97.746766123,116.7050,4,1.000000,0.000000,0.000000,0.000000
68598.000,30.263935247,-97.746644405,116.9920,4,1.000000,0.000000,0.000000,0.000000
68599.000,30.263902413,-97.746515900,117.1830,4,1.000000,0.000000,0.000000,0.000000
68600.000,30.263866773,-97.746380207,117.3800,4,1.000000,0.000000,0.000000,0.000000
68601.000,30.263828918,-97.746242180,117.5160,4,1.000000,0.000000,0.000000,0.000000
68602.000,30.263791005,-97.746104322,117.6730,4,1.000000,0.000000,0.000000,0.000000
68603.000,30.263753387,-97.745966600,117.8030,4,1.000000,0.000000,0.000000,0.000000
68604.000,30.263715092,-97.745828342,117.9570,5,1.000000,0.000000,0.000000,0.000000
68605.000,30.263676230,-97.745692302,118.0530,4,1.000000,0.000000,0.000000,0.000000
68606.000,30.263639225,-97.745565705,118.1260,4,1.000000,0.000000,0.000000,0.000000
68607.000,30.263608572,-97.745458317,118.2990,4,1.000000,0.000000,0.000000,0.000000
68608.000,30.263584962,-97.745371542,118.3520,5,1.000000,0.000000,0.000000,0.000000
68609.000,30.263565772,-97.745298323,118.3660,4,1.000000,0.000000,0.000000,0.000000
68610.000,30.263550432,-97.745237672,118.4100,4,1.000000,0.000000,0.000000,0.000000
68611.000,30.263537787,-97.745179398,118.5090,5,1.000000,0.000000,0.000000,0.000000
68612.000,30.263525923,-97.745115447,118.5940,4,1.000000,0.000000,0.000000,0.000000
68613.000,30.263514123,-97.745049707,118.6600,4,1.000000,0.000000,0.000000,0.000000
68614.000,30.263501355,-97.744989835,118.7300,4,1.000000,0.000000,0.000000,0.000000
68615.000,30.263489280,-97.744942522,118.7830,4,1.000000,0.000000,0.000000,0.000000
68616.000,30.263479333,-97.744906995,118.8220,4,1.000000,0.000000,0.000000,0.000000
68617.000,30.263473345,-97.744886458,118.8330,4,1.000000,0.000000,0.000000,0.000000
68618.000,30.263471635,-97.744880698,118.8280,4,1.000000,0.000000,0.000000,0.000000
68619.000,30.263471683,-97.744880798,118.8300,4,1.000000,0.000000,0.000000,0.000000
68620.000,30.263471643,-97.744880810,118.8300,4,1.000000,0.000000,0.000000,0.000000
68621.000,30.263471675,-97.744880813,118.8310,4,1.000000,0.000000,0.000000,0.000000
68622.000,30.263471683,-97.744880827,118.8340,4,1.000000,0.000000,0.000000,0.000000
68623.000,30.263471650,-97.744880810,118.8270,4,1.000000,0.000000,0.000000,0.000000
68624.000,30.263471685,-97.744880825,118.8340,4,1.000000,0.000000,0.000000,0.000000
68625.000,30.263471652,-97.744880825,118.8330,4,1.000000,0.000000,0.000000,0.000000
68626.000,30.263471663,-97.744880807,118.8290,4,1.000000,0.000000,0.000000,0.000000
68627.000,30.263471292,-97.744879713,118.8320,4,1.000000,0.000000,0.000000,0.000000
68628.000,30.263467575,-97.744866973,118.8140,4,1.000000,0.000000,0.000000,0.000000
68629.000,30.263458053,-97.744832905,118.8460,4,1.000000,0.000000,0.000000,0.000000
68630.000,30.263443905,-97.744780658,118.8120,4,1.000000,0.000000,0.000000,0.000000
68631.000,30.263426277,-97.744710822,118.7720,4,1.000000,0.000000,0.000000,0.000000
68632.000,30.263406245,-97.744626175,118.8470,4,1.000000,0.000000,0.000000,0.000000
68633.000,30.263384318,-97.744536690,119.0260,4,1.000000,0.000000,0.000000,0.000000
68634.000,30.263359445,-97.744440907,118.8820,4,1.000000,0.000000,0.000000,0.000000
68635.000,30.263330680,-97.744334828,118.7650,4,1.000000,0.000000,0.000000,0.000000
68636.000,30.263299700,-97.744221185,118.7490,4,1.000000,0.000000,0.000000,0.000000
68637.000,30.263266408,-97.744101253,118.7140,5,1.000000,0.000000,0.000000,0.000000
68638.000,30.263231340,-97.743976100,118.6730,5,1.000000,0.000000,0.000000,0.000000
68639.000,30.263197210,-97.743852960,118.6310,4,1.000000,0.000000,0.000000,0.000000
68640.000,30.263165707,-97.743738668,118.6880,4,1.000000,0.000000,0.000000,0.000000
68642.000,30.263113017,-97.743553380,118.5990,4,1.000000,0.000000,0.000000,0.000000
68643.000,30.263094032,-97.743488507,118.4980,4,1.000000,0.000000,0.000000,0.000000
68644.000,30.263080070,-97.743439113,118.4870,4,1.000000,0.000000,0.000000,0.000000
68645.000,30.263071663,-97.743407378,118.4610,5,1.000000,0.000000,0.000000,0.000000
68646.000,30.263068000,-97.743394658,118.4260,4,1.000000,0.000000,0.000000,0.000000
68647.000,30.263067873,-97.743394197,118.4200,4,1.000000,0.000000,0.000000,0.000000
68648.000,30.263067897,-97.743394217,118.4250,4,1.000000,0.000000,0.000000,0.000000
68649.000,30.263067868,-97.743394223,118.4160,4,1.000000,0.000000,0.000000,0.000000
68650.000,30.263067902,-97.743394212,118.4240,4,1.000000,0.000000,0.000000,0.000000
68651.000,30.263067843,-97.743394178,118.4240,4,1.000000,0.000000,0.000000,0.000000
68652.000,30.263067890,-97.743394205,118.4250,4,1.000000,0.000000,0.000000,0.000000
68653.000,30.263067883,-97.743394268,118.4310,4,1.000000,0.000000,0.000000,0.000000
68654.000,30.263067857,-97.743394230,118.4340,4,1.000000,0.000000,0.000000,0.000000
68655.000,30.263067860,-97.743394205,118.4330,4,1.000000,0.000000,0.000000,0.000000
68656.000,30.263067875,-97.743394212,118.4250,4,1.000000,0.000000,0.000000,0.000000
68657.000,30.263067912,-97.743394187,118.4200,4,1.000000,0.000000,0.000000,0.000000
68658.000,30.263067872,-97.743394197,118.4200,4,1.000000,0.000000,0.000000,0.000000
68659.000,30.263067408,-97.743392232,118.3850,4,1.000000,0.000000,0.000000,0.000000
68660.000,30.263062823,-97.743375652,118.4240,4,1.000000,0.000000,0.000000,0.000000
68661.000,30.263052628,-97.743341405,118.4490,4,1.000000,0.000000,0.000000,0.000000
68662.000,30.263042680,-97.743296755,118.3920,4,1.000000,0.000000,0.000000,0.000000
68663.000,30.263041333,-97.743249452,118.3910,4,1.000000,0.000000,0.000000,0.000000
68664.000,30.263054522,-97.743202723,118.3870,4,1.000000,0.000000,0.000000,0.000000
68665.000,30.263088747,-97.743162790,118.3980,5,1.000000,0.000000,0.000000,0.000000
68666.000,30.263140338,-97.743137300,118.3190,5,1.000000,0.000000,0.000000,0.000000
68669.000,30.263347765,-97.743055747,115.5220,5,1.000000,0.000000,0.000000,0.000000
68675.000,30.263899922,-97.742919522,133.4280,5,1.000000,0.000000,0.000000,0.000000
68676.000,30.264015173,-97.742859550,125.8880,5,1.000000,0.000000,0.000000,0.000000
68679.000,30.264362547,-97.742725868,124.0640,5,1.000000,0.000000,0.000000,0.000000
68680.000,30.264476195,-97.742681233,123.7830,5,1.000000,0.000000,0.000000,0.000000
68684.000,30.264900882,-97.742520118,122.8230,5,1.000000,0.000000,0.000000,0.000000
68685.000,30.265000590,-97.742476485,122.3890,5,1.000000,0.000000,0.000000,0.000000
68686.000,30.265100652,-97.742461360,128.2170,5,1.000000,0.000000,0.000000,0.000000
68687.000,30.265203582,-97.742425457,129.8140,5,1.000000,0.000000,0.000000,0.000000
68690.000,30.265535892,-97.742274545,122.3870,5,1.000000,0.000000,0.000000,0.000000
68691.000,30.265639503,-97.742229352,125.0520,5,1.000000,0.000000,0.000000,0.000000
68692.000,30.265744530,-97.742194283,124.9890,5,1.000000,0.000000,0.000000,0.000000
68693.000,30.265847357,-97.742152440,124.9400,5,1.000000,0.000000,0.000000,0.000000
68694.000,30.265950468,-97.742116833,124.4180,5,1.000000,0.000000,0.000000,0.000000
68695.000,30.266050015,-97.742079228,124.4240,5,1.000000,0.000000,0.000000,0.000000
68696.000,30.266146868,-97.742043873,124.2910,5,1.000000,0.000000,0.000000,0.000000
68697.000,30.266238657,-97.742010813,124.1730,5,1.000000,0.000000,0.000000,0.000000
68698.000,30.266324293,-97.741980300,124.2060,5,1.000000,0.000000,0.000000,0.000000
68699.000,30.266402047,-97.741952615,124.0830,5,1.000000,0.000000,0.000000,0.000000
68700.000,30.266470387,-97.741929110,123.9360,5,1.000000,0.000000,0.000000,0.000000
68701.000,30.266525292,-97.741909352,123.9420,5,1.000000,0.000000,0.000000,0.000000
68702.000,30.266564343,-97.741896013,123.8740,5,1.000000,0.000000,0.000000,0.000000
68703.000,30.266587252,-97.741887828,123.8790,5,1.000000,0.000000,0.000000,0.000000
68704.000,30.266602497,-97.741882237,123.8310,5,1.000000,0.000000,0.000000,0.000000
68705.000,30.266629428,-97.741871917,123.9050,5,1.000000,0.000000,0.000000,0.000000
68706.000,30.266675237,-97.741854490,124.1000,5,1.000000,0.000000,0.000000,0.000000
68707.000,30.266734608,-97.741831200,124.3580,5,1.000000,0.000000,0.000000,0.000000
68708.000,30.266803505,-97.741805647,123.9800,4,1.000000,0.000000,0.000000,0.000000
68709.000,30.266878423,-97.741777382,123.1730,5,1.000000,0.000000,0.000000,0.000000
68710.000,30.266955980,-97.741748283,123.1840,4,1.000000,0.000000,0.000000,0.000000
68711.000,30.267032080,-97.741720317,123.2530,4,1.000000,0.000000,0.000000,0.000000
68712.000,30.267104045,-97.741693912,123.3250,4,1.000000,0.000000,0.000000,0.000000
68713.000,30.267169965,-97.741668977,123.4480,4,1.000000,0.000000,0.000000,0.000000
68714.000,30.267225048,-97.741647603,123.4620,4,1.000000,0.000000,0.000000,0.000000
68715.000,30.267261710,-97.741633253,123.5340,4,1.000000,0.000000,0.000000,0.000000
68716.000,30.267278597,-97.741626938,123.5420,4,1.000000,0.000000,0.000000,0.000000
68717.000,30.267283572,-97.741625052,123.5760,4,1.000000,0.000000,0.000000,0.000000
68718.000,30.267283473,-97.741625082,123.5660,4,1.000000,0.000000,0.000000,0.000000
68719.000,30.267283465,-97.741625068,123.5650,4,1.000000,0.000000,0.000000,0.000000
68720.000,30.267283455,-97.741625093,123.5490,4,1.000000,0.000000,0.000000,0.000000
68721.000,30.267283457,-97.741625088,123.5550,4,1.000000,0.000000,0.000000,0.000000
68722.000,30.267283483,-97.741625070,123.5560,4,1.000000,0.000000,0.000000,0.000000
68723.000,30.267283458,-97.741625080,123.5550,4,1.000000,0.000000,0.000000,0.000000
68724.000,30.267283458,-97.741625075,123.5570,4,1.000000,0.000000,0.000000,0.000000
68725.000,30.267283470,-97.741625088,123.5580,4,1.000000,0.000000,0.000000,0.000000
68726.000,30.267283448,-97.741625103,123.5570,4,1.000000,0.000000,0.000000,0.000000
68727.000,30.267283472,-97.741625085,123.5580,4,1.000000,0.000000,0.000000,0.000000
68728.000,30.267283467,-97.741625103,123.5550,4,1.000000,0.000000,0.000000,0.000000
68729.000,30.267284165,-97.741624827,123.5660,4,1.000000,0.000000,0.000000,0.000000
68730.000,30.267291745,-97.741621972,123.5660,4,1.000000,0.000000,0.000000,0.000000
68731.000,30.267307812,-97.741615950,123.5910,4,1.000000,0.000000,0.000000,0.000000
68732.000,30.267325033,-97.741609522,123.6210,4,1.000000,0.000000,0.000000,0.000000
68733.000,30.267340177,-97.741603905,123.6550,4,1.000000,0.000000,0.000000,0.000000
68734.000,30.267351928,-97.741599508,123.6860,4,1.000000,0.000000,0.000000,0.000000
68735.000,30.267359827,-97.741596650,123.6840,4,1.000000,0.000000,0.000000,0.000000
68736.000,30.267363160,-97.741595408,123.6980,4,1.000000,0.000000,0.000000,0.000000
68737.000,30.267366000,-97.741594367,123.6980,4,1.000000,0.000000,0.000000,0.000000
68738.000,30.267370310,-97.741592790,123.7200,4,1.000000,0.000000,0.000000,0.000000
68739.000,30.267376517,-97.741590570,123.7070,4,1.000000,0.000000,0.000000,0.000000
68740.000,30.267393283,-97.741584558,123.7310,4,1.000000,0.000000,0.000000,0.000000
68741.000,30.267423993,-97.741573508,123.8220,4,1.000000,0.000000,0.000000,0.000000
68742.000,30.267466505,-97.741557897,123.8650,4,1.000000,0.000000,0.000000,0.000000
68743.000,30.267516215,-97.741539348,123.9240,5,1.000000,0.000000,0.000000,0.000000
68744.000,30.267572328,-97.741518097,123.9950,4,1.000000,0.000000,0.000000,0.000000
68745.000,30.267633658,-97.741496022,124.0950,4,1.000000,0.000000,0.000000,0.000000
68746.000,30.267692990,-97.741475143,124.2880,5,1.000000,0.000000,0.000000,0.000000
68747.000,30.267746942,-97.741456312,124.2790,4,1.000000,0.000000,0.000000,0.000000
68748.000,30.267798523,-97.741438750,124.3320,4,1.000000,0.000000,0.000000,0.000000
68749.000,30.267848540,-97.741422370,124.4530,4,1.000000,0.000000,0.000000,0.000000
68750.000,30.267903700,-97.741408052,124.5790,4,1.000000,0.000000,0.000000,0.000000
68751.000,30.267964740,-97.741394897,124.7380,4,1.000000,0.000000,0.000000,0.000000
68752.000,30.268030977,-97.741378060,124.9610,4,1.000000,0.000000,0.000000,0.000000
68753.000,30.268094655,-97.741357605,125.2600,4,1.000000,0.000000,0.000000,0.000000
68754.000,30.268144233,-97.741340578,125.4470,4,1.000000,0.000000,0.000000,0.000000
68755.000,30.268173900,-97.741330162,125.5950,4,1.000000,0.000000,0.000000,0.000000
68756.000,30.268189285,-97.741324960,125.7790,5,1.000000,0.000000,0.000000,0.000000
68757.000,30.268201923,-97.741319705,125.8300,5,1.000000,0.000000,0.000000,0.000000
68758.000,30.268222293,-97.741311037,126.0140,5,1.000000,0.000000,0.000000,0.000000
68759.000,30.268247113,-97.741299298,126.0490,5,1.000000,0.000000,0.000000,0.000000
68760.000,30.268279790,-97.741286372,126.4080,5,1.000000,0.000000,0.000000,0.000000
68761.000,30.268322585,-97.741270450,126.7200,5,1.000000,0.000000,0.000000,0.000000
68762.000,30.268374092,-97.741250377,127.1750,5,1.000000,0.000000,0.000000,0.000000
68763.000,30.268432030,-97.741228417,127.6700,5,1.000000,0.000000,0.000000,0.000000
68764.000,30.268490138,-97.741208083,128.1450,5,1.000000,0.000000,0.000000,0.000000
68765.000,30.268553087,-97.741185443,128.7020,5,1.000000,0.000000,0.000000,0.000000
68766.000,30.268621467,-97.741159947,129.2580,5,1.000000,0.000000,0.000000,0.000000
68767.000,30.268695583,-97.741134242,129.8350,5,1.000000,0.000000,0.000000,0.000000
68768.000,30.268773318,-97.741109543,130.1870,5,1.000000,0.000000,0.000000,0.000000
68769.000,30.268852693,-97.741079153,129.7450,5,1.000000,0.000000,0.000000,0.000000
68770.000,30.268932790,-97.741055238,131.0250,5,1.000000,0.000000,0.000000,0.000000
68774.000,30.269212543,-97.741144840,168.6910,5,1.000000,0.000000,0.000000,0.000000
68775.000,30.269264518,-97.740904057,126.6900,5,1.000000,0.000000,0.000000,0.000000
68776.000,30.269312392,-97.740927277,134.4690,5,1.000000,0.000000,0.000000,0.000000
68777.000,30.269349535,-97.740897332,131.5730,5,1.000000,0.000000,0.000000,0.000000
68778.000,30.269377977,-97.740885995,131.4700,5,1.000000,0.000000,0.000000,0.000000
68779.000,30.269398058,-97.740878322,131.4800,5,1.000000,0.000000,0.000000,0.000000
68780.000,30.269412128,-97.740873302,131.5570,5,1.000000,0.000000,0.000000,0.000000
68781.000,30.269419527,-97.740870887,131.5900,5,1.000000,0.000000,0.000000,0.000000
68782.000,30.269422047,-97.740877107,132.9470,5,1.000000,0.000000,0.000000,0.000000
68783.000,30.269455758,-97.740797223,148.5910,5,1.000000,0.000000,0.000000,0.000000
68784.000,30.269464107,-97.740777465,154.0090,5,1.000000,0.000000,0.000000,0.000000
68785.000,30.269475708,-97.740745227,156.6920,5,1.000000,0.000000,0.000000,0.000000
68786.000,30.269479712,-97.740737390,158.4380,5,1.000000,0.000000,0.000000,0.000000
68787.000,30.269480920,-97.740734022,158.4270,5,1.000000,0.000000,0.000000,0.000000
68788.000,30.269482842,-97.740728423,158.6580,5,1.000000,0.000000,0.000000,0.000000
68789.000,30.269484558,-97.740724790,158.7390,5,1.000000,0.000000,0.000000,0.000000
68790.000,30.269485045,-97.740724450,158.1980,5,1.000000,0.000000,0.000000,0.000000
68791.000,30.269484945,-97.740727787,157.0460,5,1.000000,0.000000,0.000000,0.000000
68792.000,30.269485047,-97.740729562,156.6140,5,1.000000,0.000000,0.000000,0.000000
68793.000,30.269485262,-97.740731677,156.3750,5,1.000000,0.000000,0.000000,0.000000
68794.000,30.269484957,-97.740733523,156.2030,5,1.000000,0.000000,0.000000,0.000000
68795.000,30.269484743,-97.740735323,156.1410,5,1.000000,0.000000,0.000000,0.000000
68796.000,30.269484715,-97.740737867,156.1730,5,1.000000,0.000000,0.000000,0.000000
68797.000,30.269484507,-97.740739528,156.0740,5,1.000000,0.000000,0.000000,0.000000
68798.000,30.269484287,-97.740740487,155.8120,5,1.000000,0.000000,0.000000,0.000000
68799.000,30.269484268,-97.740741095,155.9250,5,1.000000,0.000000,0.000000,0.000000
68800.000,30.269484097,-97.740742553,155.7740,5,1.000000,0.000000,0.000000,0.000000
68801.000,30.269484057,-97.740744170,155.8000,5,1.000000,0.000000,0.000000,0.000000
68802.000,30.269484177,-97.740744977,155.7830,5,1.000000,0.000000,0.000000,0.000000
68803.000,30.269483705,-97.740745333,155.9370,5,1.000000,0.000000,0.000000,0.000000
68804.000,30.269484233,-97.740745860,155.9380,5,1.000000,0.000000,0.000000,0.000000
68805.000,30.269484208,-97.740746142,156.0610,5,1.000000,0.000000,0.000000,0.000000
68806.000,30.269484255,-97.740746533,156.1520,5,1.000000,0.000000,0.000000,0.000000
68807.000,30.269484522,-97.740747282,156.2560,5,1.000000,0.000000,0.000000,0.000000
68808.000,30.269484690,-97.740748182,156.3950,5,1.000000,0.000000,0.000000,0.000000
68809.000,30.269484743,-97.740749025,156.5030,5,1.000000,0.000000,0.000000,0.000000
68810.000,30.269484698,-97.740750023,156.6760,5,1.000000,0.000000,0.000000,0.000000
68811.000,30.269484477,-97.740750792,156.7650,5,1.000000,0.000000,0.000000,0.000000
68812.000,30.269484635,-97.740751602,156.8350,5,1.000000,0.000000,0.000000,0.000000
68813.000,30.269484688,-97.740752385,156.8740,5,1.000000,0.000000,0.000000,0.000000
68814.000,30.269484830,-97.740753210,156.8590,5,1.000000,0.000000,0.000000,0.000000
68815.000,30.269484772,-97.740753970,156.8360,5,1.000000,0.000000,0.000000,0.000000
68816.000,30.269484810,-97.740754468,156.8550,5,1.000000,0.000000,0.000000,0.000000
68817.000,30.269484807,-97.740755068,156.8460,5,1.000000,0.000000,0.000000,0.000000
68818.000,30.269484762,-97.740755378,156.8810,5,1.000000,0.000000,0.000000,0.000000
68819.000,30.269484580,-97.740755647,156.9580,5,1.000000,0.000000,0.000000,0.000000
68820.000,30.269484375,-97.740755982,156.9480,5,1.000000,0.000000,0.000000,0.000000
68821.000,30.269484298,-97.740756208,156.9770,5,1.000000,0.000000,0.000000,0.000000
68822.000,30.269484170,-97.740756303,157.0250,5,1.000000,0.000000,0.000000,0.000000
68823.000,30.269484097,-97.740756467,157.0410,5,1.000000,0.000000,0.000000,0.000000
68824.000,30.269485975,-97.740756183,156.9370,5,1.000000,0.000000,0.000000,0.000000
68825.000,30.269501125,-97.740751242,156.9630,5,1.000000,0.000000,0.000000,0.000000
68826.000,30.269532815,-97.740739980,157.1680,5,1.000000,0.000000,0.000000,0.000000
68827.000,30.269578973,-97.740723680,157.2920,5,1.000000,0.000000,0.000000,0.000000
68828.000,30.269638350,-97.740701040,157.6790,5,1.000000,0.000000,0.000000,0.000000
68829.000,30.269698963,-97.740679655,157.6530,5,1.000000,0.000000,0.000000,0.000000
68830.000,30.269757952,-97.740656487,158.2370,5,1.000000,0.000000,0.000000,0.000000
68831.000,30.269814265,-97.740638837,156.9650,5,1.000000,0.000000,0.000000,0.000000
68832.000,30.269871368,-97.740613928,158.3370,5,1.000000,0.000000,0.000000,0.000000
68833.000,30.269929350,-97.740584517,161.9880,5,1.000000,0.000000,0.000000,0.000000
68834.000,30.269973268,-97.740577480,157.9150,5,1.000000,0.000000,0.000000,0.000000
68835.000,30.270016758,-97.740568035,154.8720,5,1.000000,0.000000,0.000000,0.000000
68836.000,30.270059832,-97.740555570,153.1810,5,1.000000,0.000000,0.000000,0.000000
68837.000,30.270102125,-97.740540475,153.2020,5,1.000000,0.000000,0.000000,0.000000
68838.000,30.270133208,-97.740537280,149.4690,5,1.000000,0.000000,0.000000,0.000000
68842.000,30.270202157,-97.740529610,141.3240,5,1.000000,0.000000,0.000000,0.000000
68848.000,30.270371415,-97.740496003,128.4980,5,1.000000,0.000000,0.000000,0.000000
68849.000,30.270439048,-97.740470952,128.3430,5,1.000000,0.000000,0.000000,0.000000
68850.000,30.270516717,-97.740443847,128.2180,5,1.000000,0.000000,0.000000,0.000000
68851.000,30.270598568,-97.740414185,127.4760,5,1.000000,0.000000,0.000000,0.000000
68852.000,30.270677540,-97.740376318,127.4230,5,1.000000,0.000000,0.000000,0.000000
68855.000,30.270939367,-97.740265560,128.8120,5,1.000000,0.000000,0.000000,0.000000
68856.000,30.271041680,-97.740227178,129.3120,5,1.000000,0.000000,0.000000,0.000000
68857.000,30.271140777,-97.740188718,129.5840,5,1.000000,0.000000,0.000000,0.000000
68858.000,30.271237597,-97.740151118,130.0640,5,1.000000,0.000000,0.000000,0.000000
68859.000,30.271336408,-97.740112992,130.5910,5,1.000000,0.000000,0.000000,0.000000
68860.000,30.271434600,-97.740074578,131.1640,5,1.000000,0.000000,0.000000,0.000000
68861.000,30.271532267,-97.740036545,131.3970,5,1.000000,0.000000,0.000000,0.000000
68862.000,30.271629748,-97.739999658,131.3680,5,1.000000,0.000000,0.000000,0.000000
68863.000,30.271726078,-97.739963550,131.3440,5,1.000000,0.000000,0.000000,0.000000
68864.000,30.271818937,-97.739928308,131.4070,5,1.000000,0.000000,0.000000,0.000000
68865.000,30.271905110,-97.739895748,131.5410,5,1.000000,0.000000,0.000000,0.000000
68866.000,30.271981387,-97.739866793,131.8170,5,1.000000,0.000000,0.000000,0.000000
68867.000,30.272043762,-97.739842957,132.0150,5,1.000000,0.000000,0.000000,0.000000
68868.000,30.272096375,-97.739822958,132.2730,5,1.000000,0.000000,0.000000,0.000000
68869.000,30.272142882,-97.739804957,132.5730,5,1.000000,0.000000,0.000000,0.000000
68870.000,30.272180247,-97.739788677,132.7630,5,1.000000,0.000000,0.000000,0.000000
68871.000,30.272208852,-97.739774675,133.0050,5,1.000000,0.000000,0.000000,0.000000
68872.000,30.272232367,-97.739762393,133.2670,5,1.000000,0.000000,0.000000,0.000000
68873.000,30.272248668,-97.739753313,133.3780,5,1.000000,0.000000,0.000000,0.000000
68874.000,30.272258762,-97.739746715,133.6060,5,1.000000,0.000000,0.000000,0.000000
68875.000,30.272266808,-97.739740555,133.8500,5,1.000000,0.000000,0.000000,0.000000
68876.000,30.272274733,-97.739733065,134.1080,5,1.000000,0.000000,0.000000,0.000000
68877.000,30.272287682,-97.739711260,134.4610,5,1.000000,0.000000,0.000000,0.000000
68878.000,30.272295515,-97.739667845,134.9150,5,1.000000,0.000000,0.000000,0.000000
68879.000,30.272290222,-97.739604192,135.4370,5,1.000000,0.000000,0.000000,0.000000
68880.000,30.272271820,-97.739525122,136.0160,5,1.000000,0.000000,0.000000,0.000000
68881.000,30.272246002,-97.739432958,136.6090,5,1.000000,0.000000,0.000000,0.000000
68882.000,30.272216193,-97.739325712,137.1210,5,1.000000,0.000000,0.000000,0.000000
68883.000,30.272181497,-97.739202712,137.6300,5,1.000000,0.000000,0.000000,0.000000
68884.000,30.272146868,-97.739074645,138.0450,5,1.000000,0.000000,0.000000,0.000000
68885.000,30.272112790,-97.738949072,138.4810,5,1.000000,0.000000,0.000000,0.000000
68886.000,30.272076923,-97.738819603,138.5450,5,1.000000,0.000000,0.000000,0.000000
68887.000,30.272040755,-97.738691367,138.5410,5,1.000000,0.000000,0.000000,0.000000
68888.000,30.272005825,-97.738563457,138.1790,5,1.000000,0.000000,0.000000,0.000000
68889.000,30.271975828,-97.738435380,137.5680,5,1.000000,0.000000,0.000000,0.000000
68890.000,30.271948073,-97.738305525,137.0010,5,1.000000,0.000000,0.000000,0.000000
68891.000,30.271919315,-97.738179730,136.5420,5,1.000000,0.000000,0.000000,0.000000
68892.000,30.271888967,-97.738062275,136.0160,5,1.000000,0.000000,0.000000,0.000000
68893.000,30.271861430,-97.737954707,135.5110,5,1.000000,0.000000,0.000000,0.000000
68894.000,30.271837245,-97.737863110,135.0590,5,1.000000,0.000000,0.000000,0.000000
68895.000,30.271817107,-97.737789803,134.7010,5,1.000000,0.000000,0.000000,0.000000
68896.000,30.271802967,-97.737730202,134.3220,5,1.000000,0.000000,0.000000,0.000000
68897.000,30.271801133,-97.737671397,134.1220,5,1.000000,0.000000,0.000000,0.000000
68898.000,30.271820623,-97.737615117,133.9130,5,1.000000,0.000000,0.000000,0.000000
68899.000,30.271862270,-97.737565837,133.8270,5,1.000000,0.000000,0.000000,0.000000
68900.000,30.271922082,-97.737526213,133.8110,5,1.000000,0.000000,0.000000,0.000000
68901.000,30.271996987,-97.737491722,133.6670,5,1.000000,0.000000,0.000000,0.000000
68902.000,30.272084385,-97.737458978,133.3950,5,1.000000,0.000000,0.000000,0.000000
68903.000,30.272178553,-97.737426548,133.1220,5,1.000000,0.000000,0.000000,0.000000
68904.000,30.272274812,-97.737395728,132.7310,5,1.000000,0.000000,0.000000,0.000000
68905.000,30.272372453,-97.737366425,132.9650,5,1.000000,0.000000,0.000000,0.000000
68906.000,30.272467505,-97.737337022,132.1280,5,1.000000,0.000000,0.000000,0.000000
68907.000,30.272552655,-97.737310898,131.9330,5,1.000000,0.000000,0.000000,0.000000
68908.000,30.272624755,-97.737286268,131.7830,5,1.000000,0.000000,0.000000,0.000000
68909.000,30.272684083,-97.737263850,131.3850,5,1.000000,0.000000,0.000000,0.000000
68910.000,30.272726965,-97.737248410,131.6450,5,1.000000,0.000000,0.000000,0.000000
68911.000,30.272748690,-97.737239618,131.7340,5,1.000000,0.000000,0.000000,0.000000
68912.000,30.272762085,-97.737233978,131.7340,5,1.000000,0.000000,0.000000,0.000000
68913.000,30.272790588,-97.737222710,131.7470,5,1.000000,0.000000,0.000000,0.000000
68914.000,30.272837372,-97.737204708,131.9660,5,1.000000,0.000000,0.000000,0.000000
68915.000,30.272899867,-97.737183048,132.1930,5,1.000000,0.000000,0.000000,0.000000
68916.000,30.272975103,-97.737155993,132.5580,5,1.000000,0.000000,0.000000,0.000000
68917.000,30.273059717,-97.737125970,133.1320,5,1.000000,0.000000,0.000000,0.000000
68918.000,30.273150572,-97.737093457,133.8480,5,1.000000,0.000000,0.000000,0.000000
68919.000,30.273247857,-97.737058657,134.3900,5,1.000000,0.000000,0.000000,0.000000
68920.000,30.273352222,-97.737020350,134.7050,5,1.000000,0.000000,0.000000,0.000000
68921.000,30.273460120,-97.736981068,134.6820,5,1.000000,0.000000,0.000000,0.000000
68922.000,30.273571665,-97.736940083,134.2110,5,1.000000,0.000000,0.000000,0.000000
68923.000,30.273688645,-97.736895447,133.4080,5,1.000000,0.000000,0.000000,0.000000
68924.000,30.273808377,-97.736847432,132.3600,5,1.000000,0.000000,0.000000,0.000000
68925.000,30.273931123,-97.736797388,131.1900,5,1.000000,0.000000,0.000000,0.000000
68926.000,30.274057585,-97.736748122,130.0120,5,1.000000,0.000000,0.000000,0.000000
68927.000,30.274187802,-97.736714003,132.0750,5,1.000000,0.000000,0.000000,0.000000
68928.000,30.274322002,-97.736666042,130.6810,5,1.000000,0.000000,0.000000,0.000000
68929.000,30.274456768,-97.736617957,129.4490,5,1.000000,0.000000,0.000000,0.000000
68930.000,30.274587785,-97.736569788,128.4590,5,1.000000,0.000000,0.000000,0.000000
68931.000,30.274715345,-97.736523080,127.7310,5,1.000000,0.000000,0.000000,0.000000
68932.000,30.274837965,-97.736478603,127.1820,5,1.000000,0.000000,0.000000,0.000000
68933.000,30.274954233,-97.736434192,126.8670,5,1.000000,0.000000,0.000000,0.000000
68934.000,30.275063025,-97.736393647,126.6680,5,1.000000,0.000000,0.000000,0.000000
68935.000,30.275165883,-97.736356147,126.4330,5,1.000000,0.000000,0.000000,0.000000
68936.000,30.275259282,-97.736322698,126.2260,5,1.000000,0.000000,0.000000,0.000000
68937.000,30.275341427,-97.736293285,126.1420,5,1.000000,0.000000,0.000000,0.000000
68938.000,30.275412385,-97.736267433,125.7330,4,1.000000,0.000000,0.000000,0.000000
68939.000,30.275471545,-97.736245007,125.6240,5,1.000000,0.000000,0.000000,0.000000
68940.000,30.275518758,-97.736228022,125.5220,4,1.000000,0.000000,0.000000,0.000000
68941.000,30.275553160,-97.736215402,125.5180,4,1.000000,0.000000,0.000000,0.000000
68942.000,30.275570887,-97.736208777,125.5130,4,1.000000,0.000000,0.000000,0.000000
68943.000,30.275576000,-97.736206878,125.5100,4,1.000000,0.000000,0.000000,0.000000
68944.000,30.275575990,-97.736206890,125.5070,4,1.000000,0.000000,0.000000,0.000000
68945.000,30.275575980,-97.736206858,125.5120,4,1.000000,0.000000,0.000000,0.000000
68946.000,30.275575973,-97.736206865,125.5110,4,1.000000,0.000000,0.000000,0.000000
68947.000,30.275575978,-97.736206857,125.5110,4,1.000000,0.000000,0.000000,0.000000
68948.000,30.275575970,-97.736206853,125.5090,4,1.000000,0.000000,0.000000,0.000000
68949.000,30.275575955,-97.736206837,125.5160,4,1.000000,0.000000,0.000000,0.000000
68950.000,30.275575965,-97.736206838,125.5110,4,1.000000,0.000000,0.000000,0.000000
68951.000,30.275575957,-97.736206853,125.5110,4,1.000000,0.000000,0.000000,0.000000
68952.000,30.275575975,-97.736206842,125.5130,4,1.000000,0.000000,0.000000,0.000000
68953.000,30.275575975,-97.736206838,125.5050,4,1.000000,0.000000,0.000000,0.000000
68954.000,30.275575975,-97.736206843,125.5090,4,1.000000,0.000000,0.000000,0.000000
68955.000,30.275575957,-97.736206832,125.5100,4,1.000000,0.000000,0.000000,0.000000
68956.000,30.275575957,-97.736206855,125.5080,4,1.000000,0.000000,0.000000,0.000000
68957.000,30.275575967,-97.736206847,125.5050,4,1.000000,0.000000,0.000000,0.000000
68958.000,30.275575953,-97.736206840,125.5090,4,1.000000,0.000000,0.000000,0.000000
68959.000,30.275575962,-97.736206860,125.5020,4,1.000000,0.000000,0.000000,0.000000
68960.000,30.275575953,-97.736206852,125.5150,4,1.000000,0.000000,0.000000,0.000000
68961.000,30.275576738,-97.736206578,125.5010,4,1.000000,0.000000,0.000000,0.000000
68962.000,30.275577040,-97.736206452,125.5070,4,1.000000,0.000000,0.000000,0.000000
68963.000,30.275577018,-97.736206438,125.5110,4,1.000000,0.000000,0.000000,0.000000
68964.000,30.275577015,-97.736206457,125.5090,4,1.000000,0.000000,0.000000,0.000000
68965.000,30.275577028,-97.736206457,125.5090,4,1.000000,0.000000,0.000000,0.000000
68966.000,30.275577012,-97.736206458,125.5100,4,1.000000,0.000000,0.000000,0.000000
68967.000,30.275577015,-97.736206447,125.5060,4,1.000000,0.000000,0.000000,0.000000
68968.000,30.275577040,-97.736206463,125.5050,4,1.000000,0.000000,0.000000,0.000000
68969.000,30.275577023,-97.736206453,125.5020,4,1.000000,0.000000,0.000000,0.000000
68970.000,30.275577282,-97.736206358,125.5030,4,1.000000,0.000000,0.000000,0.000000
68971.000,30.275580852,-97.736205105,125.4940,4,1.000000,0.000000,0.000000,0.000000
68972.000,30.275594768,-97.736200177,125.4970,4,1.000000,0.000000,0.000000,0.000000
68973.000,30.275622328,-97.736190508,125.5120,4,1.000000,0.000000,0.000000,0.000000
68974.000,30.275664632,-97.736175462,125.5730,4,1.000000,0.000000,0.000000,0.000000
68975.000,30.275718903,-97.736155833,125.5600,4,1.000000,0.000000,0.000000,0.000000
68976.000,30.275783097,-97.736130045,125.5860,4,1.000000,0.000000,0.000000,0.000000
68977.000,30.275853800,-97.736100433,125.6980,4,1.000000,0.000000,0.000000,0.000000
68978.000,30.275929297,-97.736072483,125.7940,4,1.000000,0.000000,0.000000,0.000000
68979.000,30.276013482,-97.736041777,125.7200,4,1.000000,0.000000,0.000000,0.000000
68980.000,30.276107868,-97.736007093,125.5130,4,1.000000,0.000000,0.000000,0.000000
68981.000,30.276211850,-97.735969410,125.4380,5,1.000000,0.000000,0.000000,0.000000
68982.000,30.276322292,-97.735929300,125.2990,4,1.000000,0.000000,0.000000,0.000000
68983.000,30.276434715,-97.735888942,125.1500,4,1.000000,0.000000,0.000000,0.000000
68984.000,30.276545107,-97.735849482,125.3180,4,1.000000,0.000000,0.000000,0.000000
68985.000,30.276651178,-97.735810630,125.5870,4,1.000000,0.000000,0.000000,0.000000
68986.000,30.276757397,-97.735771292,125.9010,4,1.000000,0.000000,0.000000,0.000000
68987.000,30.276864030,-97.735730913,126.0060,4,1.000000,0.000000,0.000000,0.000000
68988.000,30.276969197,-97.735690857,126.0790,5,1.000000,0.000000,0.000000,0.000000
68989.000,30.277076252,-97.735650450,126.3710,4,1.000000,0.000000,0.000000,0.000000
68990.000,30.277182943,-97.735611593,126.5310,5,1.000000,0.000000,0.000000,0.000000
68991.000,30.277282330,-97.735575340,126.7770,5,1.000000,0.000000,0.000000,0.000000
68992.000,30.277372715,-97.735541505,127.0790,5,1.000000,0.000000,0.000000,0.000000
68993.000,30.277451110,-97.735511562,127.3880,5,1.000000,0.000000,0.000000,0.000000
68994.000,30.277521333,-97.735483977,127.6950,5,1.000000,0.000000,0.000000,0.000000
68995.000,30.277592760,-97.735456185,127.8780,5,1.000000,0.000000,0.000000,0.000000
68996.000,30.277668992,-97.735426523,128.1150,5,1.000000,0.000000,0.000000,0.000000
68997.000,30.277752183,-97.735393202,128.3380,5,1.000000,0.000000,0.000000,0.000000
68998.000,30.277841040,-97.735354298,128.3840,5,1.000000,0.000000,0.000000,0.000000
68999.000,30.277932013,-97.735313852,128.6760,5,1.000000,0.000000,0.000000,0.000000
69000.000,30.278023402,-97.735271555,128.9450,5,1.000000,0.000000,0.000000,0.000000
69001.000,30.278117660,-97.735229925,129.1190,4,1.000000,0.000000,0.000000,0.000000
69002.000,30.278215432,-97.735189873,129.2280,4,1.000000,0.000000,0.000000,0.000000
69003.000,30.278313592,-97.735150420,129.2250,4,1.000000,0.000000,0.000000,0.000000
69004.000,30.278407575,-97.735112502,129.1330,4,1.000000,0.000000,0.000000,0.000000
69005.000,30.278500687,-97.735074728,128.9690,4,1.000000,0.000000,0.000000,0.000000
69006.000,30.278595910,-97.735033673,128.6920,4,1.000000,0.000000,0.000000,0.000000
69007.000,30.278686963,-97.734988787,128.5590,4,1.000000,0.000000,0.000000,0.000000
69008.000,30.278769212,-97.734942830,128.5070,4,1.000000,0.000000,0.000000,0.000000
69009.000,30.278841042,-97.734901522,128.3910,4,1.000000,0.000000,0.000000,0.000000
69010.000,30.278903982,-97.734864787,128.3490,4,1.000000,0.000000,0.000000,0.000000
69011.000,30.278960188,-97.734832163,128.2970,5,1.000000,0.000000,0.000000,0.000000
69012.000,30.279012842,-97.734804963,128.2220,4,1.000000,0.000000,0.000000,0.000000
69013.000,30.279060250,-97.734782417,128.0750,4,1.000000,0.000000,0.000000,0.000000
69014.000,30.279101993,-97.734764930,128.2060,4,1.000000,0.000000,0.000000,0.000000
69015.000,30.279136850,-97.734751015,128.2170,4,1.000000,0.000000,0.000000,0.000000
69016.000,30.279164473,-97.734740767,128.2460,4,1.000000,0.000000,0.000000,0.000000
69017.000,30.279183652,-97.734733860,128.2610,4,1.000000,0.000000,0.000000,0.000000
69018.000,30.279197222,-97.734729038,128.2780,4,1.000000,0.000000,0.000000,0.000000
69019.000,30.279205153,-97.734726133,128.2910,4,1.000000,0.000000,0.000000,0.000000
69020.000,30.279209357,-97.734724638,128.2990,4,1.000000,0.000000,0.000000,0.000000
69021.000,30.279211415,-97.734723860,128.3000,4,1.000000,0.000000,0.000000,0.000000
69022.000,30.279211453,-97.734723868,128.3030,4,1.000000,0.000000,0.000000,0.000000
69023.000,30.279211430,-97.734723848,128.3020,4,1.000000,0.000000,0.000000,0.000000
69024.000,30.279211428,-97.734723853,128.3000,4,1.000000,0.000000,0.000000,0.000000
69025.000,30.279211438,-97.734723852,128.3030,4,1.000000,0.000000,0.000000,0.000000
69026.000,30.279211417,-97.734723842,128.3000,4,1.000000,0.000000,0.000000,0.000000
69027.000,30.279211440,-97.734723857,128.3020,4,1.000000,0.000000,0.000000,0.000000
69028.000,30.279211445,-97.734723863,128.3030,4,1.000000,0.000000,0.000000,0.000000
69029.000,30.279211417,-97.734723855,128.2980,4,1.000000,0.000000,0.000000,0.000000
69030.000,30.279211428,-97.734723850,128.2990,4,1.000000,0.000000,0.000000,0.000000
69031.000,30.279211423,-97.734723863,128.2990,4,1.000000,0.000000,0.000000,0.000000
69032.000,30.279211435,-97.734723843,128.3000,4,1.000000,0.000000,0.000000,0.000000
69033.000,30.279211420,-97.734723848,128.3010,4,1.000000,0.000000,0.000000,0.000000
69034.000,30.279211428,-97.734723862,128.2940,4,1.000000,0.000000,0.000000,0.000000
69035.000,30.279211427,-97.734723852,128.2990,4,1.000000,0.000000,0.000000,0.000000
69036.000,30.279211408,-97.734723852,128.3020,4,1.000000,0.000000,0.000000,0.000000
69037.000,30.279211430,-97.734723868,128.2960,4,1.000000,0.000000,0.000000,0.000000
69038.000,30.279211423,-97.734723870,128.2980,4,1.000000,0.000000,0.000000,0.000000
69039.000,30.279211407,-97.734723850,128.2970,4,1.000000,0.000000,0.000000,0.000000
69040.000,30.279211433,-97.734723852,128.2950,4,1.000000,0.000000,0.000000,0.000000
69041.000,30.279211420,-97.734723852,128.2980,4,1.000000,0.000000,0.000000,0.000000
69042.000,30.279211413,-97.734723843,128.2970,4,1.000000,0.000000,0.000000,0.000000
69043.000,30.279211430,-97.734723858,128.2920,4,1.000000,0.000000,0.000000,0.000000
69044.000,30.279211423,-97.734723860,128.2960,4,1.000000,0.000000,0.000000,0.000000
69045.000,30.279211422,-97.734723850,128.2950,4,1.000000,0.000000,0.000000,0.000000
69046.000,30.279211420,-97.734723852,128.2950,4,1.000000,0.000000,0.000000,0.000000
69047.000,30.279211417,-97.734723843,128.2950,4,1.000000,0.000000,0.000000,0.000000
69048.000,30.279211427,-97.734723843,128.2960,4,1.000000,0.000000,0.000000,0.000000
69049.000,30.279211420,-97.734723847,128.2930,4,1.000000,0.000000,0.000000,0.000000
69050.000,30.279211430,-97.734723840,128.2980,4,1.000000,0.000000,0.000000,0.000000
69051.000,30.279211433,-97.734723840,128.2960,4,1.000000,0.000000,0.000000,0.000000
69052.000,30.279211433,-97.734723842,128.2940,4,1.000000,0.000000,0.000000,0.000000
69053.000,30.279211435,-97.734723840,128.2980,4,1.000000,0.000000,0.000000,0.000000
69054.000,30.279211437,-97.734723847,128.2920,4,1.000000,0.000000,0.000000,0.000000
69055.000,30.279211435,-97.734723840,128.2970,4,1.000000,0.000000,0.000000,0.000000
69056.000,30.279211445,-97.734723855,128.2960,4,1.000000,0.000000,0.000000,0.000000
69057.000,30.279211437,-97.734723842,128.2920,4,1.000000,0.000000,0.000000,0.000000
69058.000,30.279211452,-97.734723840,128.2960,4,1.000000,0.000000,0.000000,0.000000
69059.000,30.279211442,-97.734723842,128.2940,4,1.000000,0.000000,0.000000,0.000000
69060.000,30.279211432,-97.734723823,128.2930,4,1.000000,0.000000,0.000000,0.000000
69061.000,30.279211452,-97.734723830,128.2940,4,1.000000,0.000000,0.000000,0.000000
69062.000,30.279211428,-97.734723833,128.2970,4,1.000000,0.000000,0.000000,0.000000
69063.000,30.279211440,-97.734723820,128.2950,4,1.000000,0.000000,0.000000,0.000000
69064.000,30.279211442,-97.734723835,128.2920,4,1.000000,0.000000,0.000000,0.000000
69065.000,30.279211425,-97.734723825,128.2930,4,1.000000,0.000000,0.000000,0.000000
69066.000,30.279211445,-97.734723842,128.2920,4,1.000000,0.000000,0.000000,0.000000
69067.000,30.279211437,-97.734723857,128.2940,4,1.000000,0.000000,0.000000,0.000000
69068.000,30.279211438,-97.734723840,128.2950,4,1.000000,0.000000,0.000000,0.000000
69069.000,30.279211440,-97.734723840,128.2940,4,1.000000,0.000000,0.000000,0.000000
69070.000,30.279211430,-97.734723835,128.2930,4,1.000000,0.000000,0.000000,0.000000
69071.000,30.279211440,-97.734723815,128.2910,4,1.000000,0.000000,0.000000,0.000000
69072.000,30.279211440,-97.734723827,128.2870,4,1.000000,0.000000,0.000000,0.000000
69073.000,30.279211415,-97.734723798,128.2910,4,1.000000,0.000000,0.000000,0.000000
69074.000,30.279211440,-97.734723817,128.2920,4,1.000000,0.000000,0.000000,0.000000
69075.000,30.279211415,-97.734723813,128.2910,4,1.000000,0.000000,0.000000,0.000000
69076.000,30.279211427,-97.734723813,128.2910,4,1.000000,0.000000,0.000000,0.000000
69077.000,30.279211420,-97.734723800,128.2910,4,1.000000,0.000000,0.000000,0.000000
69078.000,30.279211417,-97.734723820,128.2920,4,1.000000,0.000000,0.000000,0.000000
69079.000,30.279211423,-97.734723813,128.2900,4,1.000000,0.000000,0.000000,0.000000
69080.000,30.279211402,-97.734723805,128.2870,4,1.000000,0.000000,0.000000,0.000000
69081.000,30.279211412,-97.734723798,128.2880,4,1.000000,0.000000,0.000000,0.000000
69082.000,30.279211418,-97.734723802,128.2900,4,1.000000,0.000000,0.000000,0.000000
69083.000,30.279212330,-97.734723472,128.2910,4,1.000000,0.000000,0.000000,0.000000
69084.000,30.279216683,-97.734721887,128.2980,4,1.000000,0.000000,0.000000,0.000000
69085.000,30.279225025,-97.734718787,128.3130,4,1.000000,0.000000,0.000000,0.000000
69086.000,30.279232603,-97.734716052,128.3130,4,1.000000,0.000000,0.000000,0.000000
69087.000,30.279242867,-97.734712298,128.3200,4,1.000000,0.000000,0.000000,0.000000
69088.000,30.279267243,-97.734703235,128.3390,4,1.000000,0.000000,0.000000,0.000000
69089.000,30.279303875,-97.734690080,128.3750,4,1.000000,0.000000,0.000000,0.000000
69090.000,30.279349332,-97.734673748,128.4520,4,1.000000,0.000000,0.000000,0.000000
69091.000,30.279401718,-97.734654525,128.4930,4,1.000000,0.000000,0.000000,0.000000
69092.000,30.279455518,-97.734634330,128.5280,4,1.000000,0.000000,0.000000,0.000000
69093.000,30.279510245,-97.734613608,128.5750,4,1.000000,0.000000,0.000000,0.000000
69094.000,30.279570957,-97.734591960,128.6300,4,1.000000,0.000000,0.000000,0.000000
69095.000,30.279637875,-97.734568417,128.8080,4,1.000000,0.000000,0.000000,0.000000
69096.000,30.279712077,-97.734542682,128.7310,4,1.000000,0.000000,0.000000,0.000000
69097.000,30.279790805,-97.734515303,129.0790,4,1.000000,0.000000,0.000000,0.000000
69098.000,30.279874642,-97.734486653,129.3620,4,1.000000,0.000000,0.000000,0.000000
69099.000,30.279961330,-97.734456093,129.6370,4,1.000000,0.000000,0.000000,0.000000
69100.000,30.280049192,-97.734422195,129.8680,4,1.000000,0.000000,0.000000,0.000000
69101.000,30.280133338,-97.734384073,130.0760,4,1.000000,0.000000,0.000000,0.000000
69102.000,30.280206725,-97.734336415,130.3330,5,1.000000,0.000000,0.000000,0.000000
69103.000,30.280268455,-97.734276748,130.5830,4,1.000000,0.000000,0.000000,0.000000
69104.000,30.280325442,-97.734207603,130.7930,4,1.000000,0.000000,0.000000,0.000000
69105.000,30.280382275,-97.734131790,131.0190,4,1.000000,0.000000,0.000000,0.000000
69106.000,30.280436342,-97.734049167,131.2790,4,1.000000,0.000000,0.000000,0.000000
69107.000,30.280488840,-97.733963063,131.5960,4,1.000000,0.000000,0.000000,0.000000
69108.000,30.280544670,-97.733877558,131.9050,4,1.000000,0.000000,0.000000,0.000000
69109.000,30.280605783,-97.733795543,132.1920,4,1.000000,0.000000,0.000000,0.000000
69110.000,30.280668360,-97.733717843,132.4460,4,1.000000,0.000000,0.000000,0.000000
69111.000,30.280733088,-97.733646863,132.6210,4,1.000000,0.000000,0.000000,0.000000
69112.000,30.280798795,-97.733584662,132.8070,4,1.000000,0.000000,0.000000,0.000000
69113.000,30.280865340,-97.733529477,132.8980,4,1.000000,0.000000,0.000000,0.000000
69114.000,30.280931585,-97.733479748,132.8310,4,1.000000,0.000000,0.000000,0.000000
69115.000,30.280998165,-97.733436992,132.7500,4,1.000000,0.000000,0.000000,0.000000
69116.000,30.281063688,-97.733400112,132.6400,4,1.000000,0.000000,0.000000,0.000000
69117.000,30.281126810,-97.733369025,132.6160,4,1.000000,0.000000,0.000000,0.000000
69118.000,30.281180983,-97.733345703,132.5510,4,1.000000,0.000000,0.000000,0.000000
69119.000,30.281218370,-97.733331215,132.4820,4,1.000000,0.000000,0.000000,0.000000
69120.000,30.281239705,-97.733323583,132.4730,4,1.000000,0.000000,0.000000,0.000000
69121.000,30.281265685,-97.733314748,132.4580,4,1.000000,0.000000,0.000000,0.000000
69122.000,30.281308220,-97.733301393,132.4640,4,1.000000,0.000000,0.000000,0.000000
69123.000,30.281366425,-97.733285675,132.4120,5,1.000000,0.000000,0.000000,0.000000
69124.000,30.281433308,-97.733272343,132.3360,4,1.000000,0.000000,0.000000,0.000000
69125.000,30.281505588,-97.733264487,132.2780,4,1.000000,0.000000,0.000000,0.000000
69126.000,30.281581470,-97.733263582,132.1790,4,1.000000,0.000000,0.000000,0.000000
69127.000,30.281659400,-97.733270502,132.0650,4,1.000000,0.000000,0.000000,0.000000
69128.000,30.281739853,-97.733288967,131.9580,4,1.000000,0.000000,0.000000,0.000000
69129.000,30.281822548,-97.733308628,131.8520,4,1.000000,0.000000,0.000000,0.000000
69130.000,30.281906617,-97.733329788,131.7640,4,1.000000,0.000000,0.000000,0.000000
69131.000,30.281988817,-97.733352750,131.7050,4,1.000000,0.000000,0.000000,0.000000
69132.000,30.282070278,-97.733377763,131.6150,4,1.000000,0.000000,0.000000,0.000000
69133.000,30.282149120,-97.733406657,131.4920,5,1.000000,0.000000,0.000000,0.000000
69134.000,30.282221845,-97.733438275,131.4330,4,1.000000,0.000000,0.000000,0.000000
69135.000,30.282286517,-97.733471140,131.3890,4,1.000000,0.000000,0.000000,0.000000
69136.000,30.282345607,-97.733504225,131.3380,5,1.000000,0.000000,0.000000,0.000000
69137.000,30.282395170,-97.733534733,131.2910,4,1.000000,0.000000,0.000000,0.000000
69138.000,30.282437087,-97.733562277,131.2820,4,1.000000,0.000000,0.000000,0.000000
69139.000,30.282474318,-97.733588407,131.2850,4,1.000000,0.000000,0.000000,0.000000
69140.000,30.282505043,-97.733610907,131.2530,4,1.000000,0.000000,0.000000,0.000000
69141.000,30.282529813,-97.733629733,131.2280,4,1.000000,0.000000,0.000000,0.000000
69142.000,30.282547125,-97.733642988,131.2200,5,1.000000,0.000000,0.000000,0.000000
69143.000,30.282559473,-97.733652363,131.1960,5,1.000000,0.000000,0.000000,0.000000
69144.000,30.282572227,-97.733662178,131.1920,4,1.000000,0.000000,0.000000,0.000000
69145.000,30.282586508,-97.733673117,131.1830,4,1.000000,0.000000,0.000000,0.000000
69146.000,30.282602488,-97.733685880,131.1680,4,1.000000,0.000000,0.000000,0.000000
69147.000,30.282618720,-97.733698623,131.1610,4,1.000000,0.000000,0.000000,0.000000
69148.000,30.282634598,-97.733711287,131.1510,4,1.000000,0.000000,0.000000,0.000000
69149.000,30.282648043,-97.733722083,131.1460,4,1.000000,0.000000,0.000000,0.000000
69150.000,30.282658782,-97.733730802,131.1450,4,1.000000,0.000000,0.000000,0.000000
69151.000,30.282668448,-97.733738657,131.1310,4,1.000000,0.000000,0.000000,0.000000
69152.000,30.282676773,-97.733745517,131.1360,4,1.000000,0.000000,0.000000,0.000000
69153.000,30.282681450,-97.733749417,131.1360,4,1.000000,0.000000,0.000000,0.000000
69154.000,30.282683438,-97.733751047,131.1310,4,1.000000,0.000000,0.000000,0.000000
69155.000,30.282683605,-97.733751188,131.1280,4,1.000000,0.000000,0.000000,0.000000
69156.000,30.282684115,-97.733751592,131.1270,4,1.000000,0.000000,0.000000,0.000000
69157.000,30.282686070,-97.733753208,131.1290,4,1.000000,0.000000,0.000000,0.000000
69158.000,30.282687363,-97.733754297,131.1160,4,1.000000,0.000000,0.000000,0.000000
69159.000,30.282689063,-97.733755757,131.1210,4,1.000000,0.000000,0.000000,0.000000
69160.000,30.282690692,-97.733757175,131.1280,4,1.000000,0.000000,0.000000,0.000000
69161.000,30.282692968,-97.733759022,131.1190,4,1.000000,0.000000,0.000000,0.000000
69162.000,30.282698038,-97.733763228,131.1230,4,1.000000,0.000000,0.000000,0.000000
69163.000,30.282708728,-97.733772073,131.1080,4,1.000000,0.000000,0.000000,0.000000
69164.000,30.282721615,-97.733782193,131.1130,4,1.000000,0.000000,0.000000,0.000000
69165.000,30.282735378,-97.733792720,131.0990,4,1.000000,0.000000,0.000000,0.000000
69166.000,30.282749673,-97.733803262,131.1010,4,1.000000,0.000000,0.000000,0.000000
69167.000,30.282766720,-97.733815235,131.1100,4,1.000000,0.000000,0.000000,0.000000
69168.000,30.282785623,-97.733828122,131.0910,4,1.000000,0.000000,0.000000,0.000000
69169.000,30.282804500,-97.733840320,131.0800,4,1.000000,0.000000,0.000000,0.000000
69170.000,30.282822540,-97.733851155,131.1100,4,1.000000,0.000000,0.000000,0.000000
69171.000,30.282836097,-97.733859252,131.1020,4,1.000000,0.000000,0.000000,0.000000
69172.000,30.282841947,-97.733862600,131.0800,4,1.000000,0.000000,0.000000,0.000000
69173.000,30.282842445,-97.733862865,131.0760,4,1.000000,0.000000,0.000000,0.000000
69174.000,30.282842677,-97.733863028,131.0760,4,1.000000,0.000000,0.000000,0.000000
69175.000,30.282845913,-97.733864953,131.0430,4,1.000000,0.000000,0.000000,0.000000
69176.000,30.282852583,-97.733868790,131.0790,4,1.000000,0.000000,0.000000,0.000000
69177.000,30.282862833,-97.733874453,131.0830,5,1.000000,0.000000,0.000000,0.000000
69178.000,30.282877543,-97.733882802,131.0950,4,1.000000,0.000000,0.000000,0.000000
69179.000,30.282894758,-97.733892375,131.0930,4,1.000000,0.000000,0.000000,0.000000
69180.000,30.282912612,-97.733902135,131.0810,4,1.000000,0.000000,0.000000,0.000000
69181.000,30.282932928,-97.733913112,131.1060,4,1.000000,0.000000,0.000000,0.000000
69182.000,30.282954468,-97.733924900,131.0760,5,1.000000,0.000000,0.000000,0.000000
69183.000,30.282975188,-97.733936002,131.0750,5,1.000000,0.000000,0.000000,0.000000
69184.000,30.282996120,-97.733946017,131.1070,4,1.000000,0.000000,0.000000,0.000000
69185.000,30.283022880,-97.733958078,131.1300,4,1.000000,0.000000,0.000000,0.000000
69186.000,30.283049650,-97.733969178,131.1530,4,1.000000,0.000000,0.000000,0.000000
69187.000,30.283067603,-97.733976105,131.1130,4,1.000000,0.000000,0.000000,0.000000
69188.000,30.283080378,-97.733980800,131.1040,4,1.000000,0.000000,0.000000,0.000000
69189.000,30.283101450,-97.733988433,131.1180,4,1.000000,0.000000,0.000000,0.000000
69190.000,30.283134128,-97.734000352,131.1570,4,1.000000,0.000000,0.000000,0.000000
69191.000,30.283179435,-97.734015943,131.1840,4,1.000000,0.000000,0.000000,0.000000
69192.000,30.283232258,-97.734031573,131.2710,4,1.000000,0.000000,0.000000,0.000000
69193.000,30.283290558,-97.734045333,131.2890,4,1.000000,0.000000,0.000000,0.000000
69194.000,30.283354815,-97.734054962,131.3810,4,1.000000,0.000000,0.000000,0.000000
69195.000,30.283423277,-97.734057732,131.5440,4,1.000000,0.000000,0.000000,0.000000
69196.000,30.283496985,-97.734055383,131.5610,5,1.000000,0.000000,0.000000,0.000000
69197.000,30.283570702,-97.734049535,131.8490,4,1.000000,0.000000,0.000000,0.000000
69198.000,30.283640017,-97.734040262,131.8010,5,1.000000,0.000000,0.000000,0.000000
69199.000,30.283704008,-97.734030445,131.9100,5,1.000000,0.000000,0.000000,0.000000
69200.000,30.283758813,-97.734021025,132.1410,5,1.000000,0.000000,0.000000,0.000000
69201.000,30.283807838,-97.734011030,132.0580,5,1.000000,0.000000,0.000000,0.000000
69202.000,30.283856255,-97.734001217,132.1110,5,1.000000,0.000000,0.000000,0.000000
69203.000,30.283908983,-97.733990393,132.3370,5,1.000000,0.000000,0.000000,0.000000
69204.000,30.283966560,-97.733977908,132.4230,4,1.000000,0.000000,0.000000,0.000000
69205.000,30.284025178,-97.733964798,132.5070,5,1.000000,0.000000,0.000000,0.000000
69206.000,30.284086800,-97.733951037,132.6520,4,1.000000,0.000000,0.000000,0.000000
69207.000,30.284150377,-97.733936115,132.7890,4,1.000000,0.000000,0.000000,0.000000
69208.000,30.284211665,-97.733921748,132.9230,4,1.000000,0.000000,0.000000,0.000000
69209.000,30.284272520,-97.733908275,133.1300,4,1.000000,0.000000,0.000000,0.000000
69210.000,30.284330298,-97.733895265,133.3830,5,1.000000,0.000000,0.000000,0.000000
69211.000,30.284383572,-97.733883662,133.3940,4,1.000000,0.000000,0.000000,0.000000
69212.000,30.284426555,-97.733873425,133.4860,4,1.000000,0.000000,0.000000,0.000000
69213.000,30.284457172,-97.733865033,133.5460,4,1.000000,0.000000,0.000000,0.000000
69214.000,30.284480242,-97.733859187,133.6050,4,1.000000,0.000000,0.000000,0.000000
69215.000,30.284500552,-97.733853867,133.6240,4,1.000000,0.000000,0.000000,0.000000
69216.000,30.284522227,-97.733848163,133.6800,4,1.000000,0.000000,0.000000,0.000000
69217.000,30.284549462,-97.733839642,133.7550,4,1.000000,0.000000,0.000000,0.000000
69218.000,30.284576960,-97.733829798,133.8000,4,1.000000,0.000000,0.000000,0.000000
69219.000,30.284607688,-97.733818285,133.8440,4,1.000000,0.000000,0.000000,0.000000
69220.000,30.284640172,-97.733806257,133.9250,4,1.000000,0.000000,0.000000,0.000000
69221.000,30.284672617,-97.733794817,134.0090,4,1.000000,0.000000,0.000000,0.000000
69222.000,30.284701183,-97.733785530,134.0670,4,1.000000,0.000000,0.000000,0.000000
69223.000,30.284723603,-97.733778942,134.1560,4,1.000000,0.000000,0.000000,0.000000
69224.000,30.284741175,-97.733773665,134.1940,4,1.000000,0.000000,0.000000,0.000000
69225.000,30.284754437,-97.733769760,134.2180,4,1.000000,0.000000,0.000000,0.000000
69226.000,30.284763468,-97.733767262,134.2390,4,1.000000,0.000000,0.000000,0.000000
69227.000,30.284769107,-97.733765647,134.2590,4,1.000000,0.000000,0.000000,0.000000
69228.000,30.284775642,-97.733763822,134.2710,4,1.000000,0.000000,0.000000,0.000000
69229.000,30.284785247,-97.733761232,134.2940,4,1.000000,0.000000,0.000000,0.000000
69230.000,30.284800920,-97.733757228,134.3240,4,1.000000,0.000000,0.000000,0.000000
69231.000,30.284816752,-97.733753610,134.3450,4,1.000000,0.000000,0.000000,0.000000
69232.000,30.284829173,-97.733750542,134.4000,4,1.000000,0.000000,0.000000,0.000000
69233.000,30.284837733,-97.733748537,134.4190,4,1.000000,0.000000,0.000000,0.000000
69234.000,30.284843137,-97.733747355,134.4270,4,1.000000,0.000000,0.000000,0.000000
69235.000,30.284848013,-97.733746177,134.4330,4,1.000000,0.000000,0.000000,0.000000
69236.000,30.284853368,-97.733744957,134.4520,4,1.000000,0.000000,0.000000,0.000000
69237.000,30.284859188,-97.733743672,134.4780,4,1.000000,0.000000,0.000000,0.000000
69238.000,30.284865157,-97.733742233,134.4930,4,1.000000,0.000000,0.000000,0.000000
69239.000,30.284873107,-97.733740343,134.5200,4,1.000000,0.000000,0.000000,0.000000
69240.000,30.284889928,-97.733736438,134.5640,4,1.000000,0.000000,0.000000,0.000000
69241.000,30.284912738,-97.733730957,134.6150,4,1.000000,0.000000,0.000000,0.000000
69242.000,30.284933487,-97.733726035,134.6820,4,1.000000,0.000000,0.000000,0.000000
69243.000,30.284949353,-97.733722368,134.7160,4,1.000000,0.000000,0.000000,0.000000
69244.000,30.284959953,-97.733719862,134.7450,4,1.000000,0.000000,0.000000,0.000000
69245.000,30.284963363,-97.733719097,134.7540,4,1.000000,0.000000,0.000000,0.000000
69246.000,30.284963967,-97.733718957,134.7590,4,1.000000,0.000000,0.000000,0.000000
69247.000,30.284970325,-97.733717507,134.7630,4,1.000000,0.000000,0.000000,0.000000
69248.000,30.284988078,-97.733713493,134.8120,4,1.000000,0.000000,0.000000,0.000000
69249.000,30.285007337,-97.733709045,134.8720,4,1.000000,0.000000,0.000000,0.000000
69250.000,30.285024823,-97.733705703,134.8950,4,1.000000,0.000000,0.000000,0.000000
69251.000,30.285043740,-97.733702477,134.9430,4,1.000000,0.000000,0.000000,0.000000
69252.000,30.285064210,-97.733698902,134.9850,4,1.000000,0.000000,0.000000,0.000000
69253.000,30.285079340,-97.733696308,135.0170,4,1.000000,0.000000,0.000000,0.000000
69254.000,30.285095628,-97.733693178,135.0650,4,1.000000,0.000000,0.000000,0.000000
69255.000,30.285112003,-97.733689820,135.1010,4,1.000000,0.000000,0.000000,0.000000
69256.000,30.285118788,-97.733688082,135.1130,4,1.000000,0.000000,0.000000,0.000000
69257.000,30.285122875,-97.733687120,135.1220,4,1.000000,0.000000,0.000000,0.000000
69258.000,30.285136780,-97.733682633,135.1460,4,1.000000,0.000000,0.000000,0.000000
69259.000,30.285161972,-97.733668438,135.1750,4,1.000000,0.000000,0.000000,0.000000
69260.000,30.285188462,-97.733636717,135.1920,4,1.000000,0.000000,0.000000,0.000000
69261.000,30.285203378,-97.733590227,135.2170,4,1.000000,0.000000,0.000000,0.000000
69262.000,30.285208543,-97.733538887,135.3030,4,1.000000,0.000000,0.000000,0.000000
69263.000,30.285209125,-97.733486068,135.3800,4,1.000000,0.000000,0.000000,0.000000
69264.000,30.285207335,-97.733434290,135.4680,4,1.000000,0.000000,0.000000,0.000000
69265.000,30.285204813,-97.733382982,135.5390,4,1.000000,0.000000,0.000000,0.000000
69266.000,30.285201122,-97.733324052,135.6460,4,1.000000,0.000000,0.000000,0.000000
69267.000,30.285197305,-97.733257972,135.7640,4,1.000000,0.000000,0.000000,0.000000
69268.000,30.285194513,-97.733184513,135.7560,4,1.000000,0.000000,0.000000,0.000000
69269.000,30.285188440,-97.733105435,135.9060,5,1.000000,0.000000,0.000000,0.000000
69270.000,30.285182463,-97.733025690,135.9950,4,1.000000,0.000000,0.000000,0.000000
69271.000,30.285175498,-97.732945025,136.1230,4,1.000000,0.000000,0.000000,0.000000
69272.000,30.285168378,-97.732859098,136.2170,4,1.000000,0.000000,0.000000,0.000000
69273.000,30.285160860,-97.732770097,136.3430,4,1.000000,0.000000,0.000000,0.000000
69274.000,30.285153707,-97.732679280,136.5050,4,1.000000,0.000000,0.000000,0.000000
69275.000,30.285147515,-97.732589233,136.6280,4,1.000000,0.000000,0.000000,0.000000
69276.000,30.285140885,-97.732498485,136.7240,4,1.000000,0.000000,0.000000,0.000000
69277.000,30.285133767,-97.732407412,136.8920,4,1.000000,0.000000,0.000000,0.000000
69278.000,30.285125222,-97.732313825,137.1750,4,1.000000,0.000000,0.000000,0.000000
69279.000,30.285115348,-97.732217555,137.5370,4,1.000000,0.000000,0.000000,0.000000
69280.000,30.285105420,-97.732122743,137.9410,4,1.000000,0.000000,0.000000,0.000000
69281.000,30.285096335,-97.732026610,138.3380,4,1.000000,0.000000,0.000000,0.000000
69282.000,30.285087115,-97.731927603,138.8150,4,1.000000,0.000000,0.000000,0.000000
69283.000,30.285076858,-97.731827163,139.4240,4,1.000000,0.000000,0.000000,0.000000
69284.000,30.285068145,-97.731726950,139.9950,4,1.000000,0.000000,0.000000,0.000000
69285.000,30.285062662,-97.731628128,140.6480,4,1.000000,0.000000,0.000000,0.000000
69286.000,30.285056302,-97.731527025,141.3850,4,1.000000,0.000000,0.000000,0.000000
69287.000,30.285048803,-97.731421343,142.2180,4,1.000000,0.000000,0.000000,0.000000
69288.000,30.285040985,-97.731313082,143.2330,4,1.000000,0.000000,0.000000,0.000000
69289.000,30.285033515,-97.731208143,144.3100,4,1.000000,0.000000,0.000000,0.000000
69290.000,30.285027673,-97.731113273,145.3370,4,1.000000,0.000000,0.000000,0.000000
69291.000,30.285022245,-97.731032538,146.1950,4,1.000000,0.000000,0.000000,0.000000
69292.000,30.285017023,-97.730967132,146.8820,4,1.000000,0.000000,0.000000,0.000000
69293.000,30.285013065,-97.730918627,147.3990,4,1.000000,0.000000,0.000000,0.000000
69294.000,30.285009505,-97.730883713,147.7070,4,1.000000,0.000000,0.000000,0.000000
69295.000,30.285006590,-97.730858672,147.8920,4,1.000000,0.000000,0.000000,0.000000
69296.000,30.285005550,-97.730824915,148.1360,4,1.000000,0.000000,0.000000,0.000000
69297.000,30.285014952,-97.730778507,148.3000,4,1.000000,0.000000,0.000000,0.000000
69298.000,30.285044213,-97.730724658,148.2990,4,1.000000,0.000000,0.000000,0.000000
69299.000,30.285097210,-97.730672742,148.1040,4,1.000000,0.000000,0.000000,0.000000
69300.000,30.285172375,-97.730629435,147.7020,4,1.000000,0.000000,0.000000,0.000000
69301.000,30.285265812,-97.730591552,147.1240,4,1.000000,0.000000,0.000000,0.000000
69302.000,30.285373615,-97.730554617,146.5140,5,1.000000,0.000000,0.000000,0.000000
69303.000,30.285493560,-97.730514100,145.7000,4,1.000000,0.000000,0.000000,0.000000
69304.000,30.285624195,-97.730472455,144.8290,4,1.000000,0.000000,0.000000,0.000000
69305.000,30.285763007,-97.730430407,143.9240,4,1.000000,0.000000,0.000000,0.000000
69306.000,30.285906502,-97.730388593,143.1830,4,1.000000,0.000000,0.000000,0.000000
69307.000,30.286049912,-97.730345738,142.8290,5,1.000000,0.000000,0.000000,0.000000
69308.000,30.286188418,-97.730301880,142.8060,4,1.000000,0.000000,0.000000,0.000000
69309.000,30.286313155,-97.730261887,142.9990,4,1.000000,0.000000,0.000000,0.000000
69310.000,30.286427102,-97.730225697,143.3000,4,1.000000,0.000000,0.000000,0.000000
69311.000,30.286534935,-97.730191985,143.6100,4,1.000000,0.000000,0.000000,0.000000
69312.000,30.286634997,-97.730160852,143.8880,4,1.000000,0.000000,0.000000,0.000000
69313.000,30.286729163,-97.730131913,144.1010,4,1.000000,0.000000,0.000000,0.000000
69314.000,30.286819048,-97.730104382,144.2310,4,1.000000,0.000000,0.000000,0.000000
69315.000,30.286905892,-97.730077977,144.2630,4,1.000000,0.000000,0.000000,0.000000
69316.000,30.286993267,-97.730051385,144.2640,4,1.000000,0.000000,0.000000,0.000000
69317.000,30.287081052,-97.730024312,144.2490,4,1.000000,0.000000,0.000000,0.000000
69318.000,30.287166327,-97.729998250,144.2000,4,1.000000,0.000000,0.000000,0.000000
69319.000,30.287248605,-97.729973110,144.1660,4,1.000000,0.000000,0.000000,0.000000
69320.000,30.287327532,-97.729948130,144.0910,4,1.000000,0.000000,0.000000,0.000000
69321.000,30.287403002,-97.729921805,144.0260,4,1.000000,0.000000,0.000000,0.000000
69322.000,30.287475347,-97.729894285,144.0000,4,1.000000,0.000000,0.000000,0.000000
69323.000,30.287545127,-97.729862917,143.9760,4,1.000000,0.000000,0.000000,0.000000
69324.000,30.287613997,-97.729822878,144.0250,4,1.000000,0.000000,0.000000,0.000000
69325.000,30.287678407,-97.729775385,144.1370,5,1.000000,0.000000,0.000000,0.000000
69326.000,30.287736892,-97.729723310,144.2700,4,1.000000,0.000000,0.000000,0.000000
69327.000,30.287792332,-97.729667178,144.4010,4,1.000000,0.000000,0.000000,0.000000
69328.000,30.287843562,-97.729610103,144.5400,4,1.000000,0.000000,0.000000,0.000000
69329.000,30.287889998,-97.729553808,144.6500,4,1.000000,0.000000,0.000000,0.000000
69330.000,30.287931012,-97.729499890,144.7580,4,1.000000,0.000000,0.000000,0.000000
69331.000,30.287968555,-97.729448528,144.7970,4,1.000000,0.000000,0.000000,0.000000
69332.000,30.288003937,-97.729396265,144.8820,4,1.000000,0.000000,0.000000,0.000000
69333.000,30.288038043,-97.729343702,144.9890,4,1.000000,0.000000,0.000000,0.000000
69334.000,30.288070290,-97.729293305,145.0840,4,1.000000,0.000000,0.000000,0.000000
69335.000,30.288096925,-97.729245715,145.1130,4,1.000000,0.000000,0.000000,0.000000
69336.000,30.288111555,-97.729203193,145.2240,4,1.000000,0.000000,0.000000,0.000000
69337.000,30.288116658,-97.729164327,145.3400,4,1.000000,0.000000,0.000000,0.000000
69338.000,30.288117393,-97.729132430,145.4920,4,1.000000,0.000000,0.000000,0.000000
69339.000,30.288116745,-97.729112318,145.5790,4,1.000000,0.000000,0.000000,0.000000
69340.000,30.288116315,-97.729106665,145.6040,4,1.000000,0.000000,0.000000,0.000000
69341.000,30.288116342,-97.729106590,145.6000,4,1.000000,0.000000,0.000000,0.000000
69342.000,30.288116338,-97.729106607,145.6030,4,1.000000,0.000000,0.000000,0.000000
69343.000,30.288116363,-97.729106622,145.5990,4,1.000000,0.000000,0.000000,0.000000
69344.000,30.288116343,-97.729106620,145.6090,4,1.000000,0.000000,0.000000,0.000000
69345.000,30.288116360,-97.729106600,145.6100,4,1.000000,0.000000,0.000000,0.000000
69346.000,30.288116373,-97.729106637,145.6050,4,1.000000,0.000000,0.000000,0.000000
69347.000,30.288116353,-97.729106620,145.6100,4,1.000000,0.000000,0.000000,0.000000
69348.000,30.288116385,-97.729106637,145.6050,4,1.000000,0.000000,0.000000,0.000000
69349.000,30.288116357,-97.729106618,145.6100,4,1.000000,0.000000,0.000000,0.000000
69350.000,30.288116365,-97.729106612,145.6100,4,1.000000,0.000000,0.000000,0.000000
69351.000,30.288116353,-97.729106623,145.6100,4,1.000000,0.000000,0.000000,0.000000
69352.000,30.288116358,-97.729106625,145.6070,4,1.000000,0.000000,0.000000,0.000000
69353.000,30.288116353,-97.729105902,145.6040,4,1.000000,0.000000,0.000000,0.000000
69354.000,30.288115100,-97.729092348,145.6590,4,1.000000,0.000000,0.000000,0.000000
69355.000,30.288110028,-97.729058542,145.7980,4,1.000000,0.000000,0.000000,0.000000
69356.000,30.288098257,-97.729008380,146.0260,4,1.000000,0.000000,0.000000,0.000000
69357.000,30.288078633,-97.728944617,146.3230,4,1.000000,0.000000,0.000000,0.000000
69358.000,30.288049677,-97.728868987,146.7600,4,1.000000,0.000000,0.000000,0.000000
69359.000,30.288010165,-97.728782790,147.3450,4,1.000000,0.000000,0.000000,0.000000
69360.000,30.287964003,-97.728686060,148.0310,4,1.000000,0.000000,0.000000,0.000000
69361.000,30.287912973,-97.728579265,148.7980,4,1.000000,0.000000,0.000000,0.000000
69362.000,30.287857818,-97.728462573,149.5570,4,1.000000,0.000000,0.000000,0.000000
69363.000,30.287799325,-97.728336798,150.3040,4,1.000000,0.000000,0.000000,0.000000
69364.000,30.287739043,-97.728206378,151.0200,4,1.000000,0.000000,0.000000,0.000000
69365.000,30.287677093,-97.728072295,151.6540,4,1.000000,0.000000,0.000000,0.000000
69366.000,30.287615437,-97.727937142,152.1650,4,1.000000,0.000000,0.000000,0.000000
69367.000,30.287553427,-97.727802442,152.5070,4,1.000000,0.000000,0.000000,0.000000
69368.000,30.287490245,-97.727671878,152.7680,4,1.000000,0.000000,0.000000,0.000000
69369.000,30.287425023,-97.727549303,153.2040,4,1.000000,0.000000,0.000000,0.000000
69370.000,30.287359028,-97.727433828,153.7860,4,1.000000,0.000000,0.000000,0.000000
69371.000,30.287295678,-97.727323020,154.4800,4,1.000000,0.000000,0.000000,0.000000
69372.000,30.287241963,-97.727215398,155.2380,4,1.000000,0.000000,0.000000,0.000000
69373.000,30.287199103,-97.727115218,155.9490,4,1.000000,0.000000,0.000000,0.000000
69374.000,30.287165982,-97.727032893,156.5400,4,1.000000,0.000000,0.000000,0.000000
69375.000,30.287138812,-97.726970128,156.9130,4,1.000000,0.000000,0.000000,0.000000
69376.000,30.287108405,-97.726920745,157.2850,4,1.000000,0.000000,0.000000,0.000000
69377.000,30.287067215,-97.726891002,157.5630,4,1.000000,0.000000,0.000000,0.000000
69378.000,30.287015070,-97.726886107,157.9070,4,1.000000,0.000000,0.000000,0.000000
69379.000,30.286958432,-97.726901030,158.2990,4,1.000000,0.000000,0.000000,0.000000
69380.000,30.286893752,-97.726922505,158.6800,4,1.000000,0.000000,0.000000,0.000000
69381.000,30.286820923,-97.726945580,159.0900,4,1.000000,0.000000,0.000000,0.000000
69382.000,30.286748520,-97.726966952,159.4540,4,1.000000,0.000000,0.000000,0.000000
69383.000,30.286682925,-97.726987053,159.6890,4,1.000000,0.000000,0.000000,0.000000
69384.000,30.286635223,-97.727008217,159.8640,4,1.000000,0.000000,0.000000,0.000000
69385.000,30.286608032,-97.727032682,159.9270,5,1.000000,0.000000,0.000000,0.000000
69386.000,30.286592695,-97.727058795,159.9790,4,1.000000,0.000000,0.000000,0.000000
69387.000,30.286586270,-97.727086107,160.1090,4,1.000000,0.000000,0.000000,0.000000
69388.000,30.286585995,-97.727116013,160.0280,4,1.000000,0.000000,0.000000,0.000000
69389.000,30.286590833,-97.727147358,159.8200,4,1.000000,0.000000,0.000000,0.000000
69390.000,30.286599070,-97.727181325,159.5580,4,1.000000,0.000000,0.000000,0.000000
69391.000,30.286611987,-97.727218432,159.2950,4,1.000000,0.000000,0.000000,0.000000
69392.000,30.286630665,-97.727256073,159.0920,4,1.000000,0.000000,0.000000,0.000000
69393.000,30.286651837,-97.727292410,158.8900,4,1.000000,0.000000,0.000000,0.000000
69394.000,30.286667290,-97.727328502,158.7170,4,1.000000,0.000000,0.000000,0.000000
69395.000,30.286673545,-97.727362950,158.5940,4,1.000000,0.000000,0.000000,0.000000
69396.000,30.286670775,-97.727392303,158.5000,4,1.000000,0.000000,0.000000,0.000000
69397.000,30.286663717,-97.727411870,158.4210,4,1.000000,0.000000,0.000000,0.000000
69398.000,30.286659845,-97.727420713,158.4040,4,1.000000,0.000000,0.000000,0.000000
69399.000,30.286658888,-97.727423165,158.4000,4,1.000000,0.000000,0.000000,0.000000
69400.000,30.286658437,-97.727424305,158.3950,4,1.000000,0.000000,0.000000,0.000000
69401.000,30.286658408,-97.727424333,158.3920,4,1.000000,0.000000,0.000000,0.000000
69402.000,30.286658420,-97.727424338,158.3960,4,1.000000,0.000000,0.000000,0.000000
69403.000,30.286658417,-97.727424338,158.3940,4,1.000000,0.000000,0.000000,0.000000
69404.000,30.286658433,-97.727424347,158.3930,4,1.000000,0.000000,0.000000,0.000000
69405.000,30.286658408,-97.727424343,158.3970,4,1.000000,0.000000,0.000000,0.000000
69406.000,30.286658427,-97.727424357,158.3930,4,1.000000,0.000000,0.000000,0.000000
69407.000,30.286658432,-97.727424353,158.3950,4,1.000000,0.000000,0.000000,0.000000
69408.000,30.286658435,-97.727424352,158.3910,4,1.000000,0.000000,0.000000,0.000000
69409.000,30.286658437,-97.727424367,158.3930,4,1.000000,0.000000,0.000000,0.000000
69410.000,30.286658407,-97.727424433,158.3920,4,1.000000,0.000000,0.000000,0.000000
69411.000,30.286658312,-97.727424657,158.3870,4,1.000000,0.000000,0.000000,0.000000
69412.000,30.286658315,-97.727424670,158.3890,4,1.000000,0.000000,0.000000,0.000000
69413.000,30.286658317,-97.727424690,158.3890,4,1.000000,0.000000,0.000000,0.000000
69414.000,30.286658290,-97.727424692,158.3930,4,1.000000,0.000000,0.000000,0.000000
69415.000,30.286658323,-97.727424700,158.3870,4,1.000000,0.000000,0.000000,0.000000
69416.000,30.286658288,-97.727424687,158.3880,4,1.000000,0.000000,0.000000,0.000000
69417.000,30.286658305,-97.727424692,158.3890,4,1.000000,0.000000,0.000000,0.000000
69418.000,30.286658310,-97.727424688,158.3890,4,1.000000,0.000000,0.000000,0.000000
69419.000,30.286658288,-97.727424678,158.3870,4,1.000000,0.000000,0.000000,0.000000
69420.000,30.286658310,-97.727424697,158.3870,4,1.000000,0.000000,0.000000,0.000000
69421.000,30.286658300,-97.727424687,158.3850,4,1.000000,0.000000,0.000000,0.000000
69422.000,30.286658313,-97.727424678,158.3870,4,1.000000,0.000000,0.000000,0.000000
69423.000,30.286658313,-97.727424672,158.3870,4,1.000000,0.000000,0.000000,0.000000
69424.000,30.286658308,-97.727424695,158.3900,4,1.000000,0.000000,0.000000,0.000000
69425.000,30.286658320,-97.727424683,158.3880,4,1.000000,0.000000,0.000000,0.000000
69426.000,30.286658317,-97.727424687,158.3840,4,1.000000,0.000000,0.000000,0.000000
69427.000,30.286658313,-97.727424695,158.3860,4,1.000000,0.000000,0.000000,0.000000
69428.000,30.286658317,-97.727424688,158.3830,4,1.000000,0.000000,0.000000,0.000000
69429.000,30.286658293,-97.727424688,158.3900,4,1.000000,0.000000,0.000000,0.000000
69430.000,30.286658313,-97.727424690,158.3850,4,1.000000,0.000000,0.000000,0.000000
69431.000,30.286658295,-97.727424690,158.3900,4,1.000000,0.000000,0.000000,0.000000
69432.000,30.286658300,-97.727424695,158.3860,4,1.000000,0.000000,0.000000,0.000000
69433.000,30.286658310,-97.727424688,158.3890,4,1.000000,0.000000,0.000000,0.000000
69434.000,30.286658295,-97.727424688,158.3890,4,1.000000,0.000000,0.000000,0.000000
69435.000,30.286658317,-97.727424702,158.3880,4,1.000000,0.000000,0.000000,0.000000
69436.000,30.286658305,-97.727424690,158.3870,4,1.000000,0.000000,0.000000,0.000000
69437.000,30.286658303,-97.727424687,158.3890,4,1.000000,0.000000,0.000000,0.000000
69438.000,30.286658315,-97.727424687,158.3900,4,1.000000,0.000000,0.000000,0.000000
69439.000,30.286658323,-97.727424710,158.3830,4,1.000000,0.000000,0.000000,0.000000
69440.000,30.286658288,-97.727424677,158.3890,4,1.000000,0.000000,0.000000,0.000000
69441.000,30.286658298,-97.727424683,158.3910,4,1.000000,0.000000,0.000000,0.000000
69442.000,30.286658288,-97.727424693,158.3900,4,1.000000,0.000000,0.000000,0.000000
69443.000,30.286658300,-97.727424687,158.3890,4,1.000000,0.000000,0.000000,0.000000
69444.000,30.286658298,-97.727424687,158.3920,4,1.000000,0.000000,0.000000,0.000000
69445.000,30.286658313,-97.727424715,158.3890,4,1.000000,0.000000,0.000000,0.000000
69446.000,30.286658283,-97.727424690,158.3930,4,1.000000,0.000000,0.000000,0.000000
69447.000,30.286658300,-97.727424697,158.3870,4,1.000000,0.000000,0.000000,0.000000
69448.000,30.286658300,-97.727424693,158.3890,4,1.000000,0.000000,0.000000,0.000000
69449.000,30.286658315,-97.727424703,158.3900,4,1.000000,0.000000,0.000000,0.000000
69450.000,30.286658280,-97.727424687,158.3930,4,1.000000,0.000000,0.000000,0.000000
69451.000,30.286658297,-97.727424690,158.3920,4,1.000000,0.000000,0.000000,0.000000
69452.000,30.286658282,-97.727424678,158.3930,4,1.000000,0.000000,0.000000,0.000000
69453.000,30.286658297,-97.727424695,158.3890,4,1.000000,0.000000,0.000000,0.000000
69454.000,30.286658312,-97.727424688,158.3890,4,1.000000,0.000000,0.000000,0.000000
69455.000,30.286658292,-97.727424697,158.3910,4,1.000000,0.000000,0.000000,0.000000
69456.000,30.286658283,-97.727424682,158.3910,4,1.000000,0.000000,0.000000,0.000000
69457.000,30.286658295,-97.727424692,158.3880,4,1.000000,0.000000,0.000000,0.000000
69458.000,30.286658293,-97.727424687,158.3890,4,1.000000,0.000000,0.000000,0.000000
69459.000,30.286658277,-97.727424700,158.3990,4,1.000000,0.000000,0.000000,0.000000
69460.000,30.286658265,-97.727424695,158.4000,4,1.000000,0.000000,0.000000,0.000000
69461.000,30.286658268,-97.727424700,158.3970,4,1.000000,0.000000,0.000000,0.000000
69462.000,30.286658278,-97.727424703,158.3990,4,1.000000,0.000000,0.000000,0.000000
69463.000,30.286658257,-97.727424702,158.3960,4,1.000000,0.000000,0.000000,0.000000
69464.000,30.286658273,-97.727424702,158.4010,4,1.000000,0.000000,0.000000,0.000000
69465.000,30.286658255,-97.727424718,158.3990,4,1.000000,0.000000,0.000000,0.000000
69466.000,30.286658260,-97.727424713,158.3980,4,1.000000,0.000000,0.000000,0.000000
69467.000,30.286658265,-97.727424702,158.4020,4,1.000000,0.000000,0.000000,0.000000
69468.000,30.286658257,-97.727424720,158.3990,4,1.000000,0.000000,0.000000,0.000000
69469.000,30.286658278,-97.727424700,158.3980,4,1.000000,0.000000,0.000000,0.000000
69470.000,30.286658263,-97.727424728,158.3980,4,1.000000,0.000000,0.000000,0.000000
69471.000,30.286658263,-97.727424685,158.3980,4,1.000000,0.000000,0.000000,0.000000
69472.000,30.286658273,-97.727424710,158.4000,4,1.000000,0.000000,0.000000,0.000000
69473.000,30.286658270,-97.727424705,158.3970,4,1.000000,0.000000,0.000000,0.000000
69474.000,30.286658267,-97.727424710,158.4020,4,1.000000,0.000000,0.000000,0.000000
69475.000,30.286658273,-97.727424718,158.4000,4,1.000000,0.000000,0.000000,0.000000
69476.000,30.286658252,-97.727424722,158.4000,4,1.000000,0.000000,0.000000,0.000000
69477.000,30.286658250,-97.727424705,158.4010,4,1.000000,0.000000,0.000000,0.000000
69478.000,30.286658250,-97.727424722,158.3990,4,1.000000,0.000000,0.000000,0.000000
69479.000,30.286658253,-97.727424725,158.4010,4,1.000000,0.000000,0.000000,0.000000
69480.000,30.286658258,-97.727424713,158.4030,4,1.000000,0.000000,0.000000,0.000000
69481.000,30.286658255,-97.727424727,158.4020,4,1.000000,0.000000,0.000000,0.000000
69482.000,30.286658260,-97.727424720,158.4020,4,1.000000,0.000000,0.000000,0.000000
69483.000,30.286658238,-97.727424713,158.4070,4,1.000000,0.000000,0.000000,0.000000
69484.000,30.286658252,-97.727424712,158.4050,4,1.000000,0.000000,0.000000,0.000000
69485.000,30.286658262,-97.727424727,158.4060,4,1.000000,0.000000,0.000000,0.000000
69486.000,30.286658242,-97.727424703,158.4050,4,1.000000,0.000000,0.000000,0.000000
69487.000,30.286658255,-97.727424718,158.4060,4,1.000000,0.000000,0.000000,0.000000
69488.000,30.286658243,-97.727424735,158.4060,4,1.000000,0.000000,0.000000,0.000000
69489.000,30.286658243,-97.727424708,158.4080,4,1.000000,0.000000,0.000000,0.000000
69490.000,30.286658258,-97.727424720,158.4080,4,1.000000,0.000000,0.000000,0.000000
69491.000,30.286658240,-97.727424723,158.4060,4,1.000000,0.000000,0.000000,0.000000
69492.000,30.286658275,-97.727424720,158.4110,4,1.000000,0.000000,0.000000,0.000000
69493.000,30.286658267,-97.727424702,158.4050,4,1.000000,0.000000,0.000000,0.000000
69494.000,30.286658258,-97.727424708,158.4080,4,1.000000,0.000000,0.000000,0.000000
69495.000,30.286658277,-97.727424710,158.4100,4,1.000000,0.000000,0.000000,0.000000
69496.000,30.286658268,-97.727424697,158.4090,4,1.000000,0.000000,0.000000,0.000000
69497.000,30.286658267,-97.727424710,158.4070,4,1.000000,0.000000,0.000000,0.000000
69498.000,30.286658268,-97.727424693,158.4110,4,1.000000,0.000000,0.000000,0.000000
69499.000,30.286658262,-97.727424702,158.4060,4,1.000000,0.000000,0.000000,0.000000
69500.000,30.286658245,-97.727424713,158.4100,4,1.000000,0.000000,0.000000,0.000000
69501.000,30.286658267,-97.727424698,158.4090,4,1.000000,0.000000,0.000000,0.000000
69502.000,30.286658263,-97.727424722,158.4120,4,1.000000,0.000000,0.000000,0.000000
69503.000,30.286658260,-97.727424712,158.4100,4,1.000000,0.000000,0.000000,0.000000
69504.000,30.286658260,-97.727424718,158.4110,4,1.000000,0.000000,0.000000,0.000000
69505.000,30.286658270,-97.727424702,158.4110,4,1.000000,0.000000,0.000000,0.000000
69506.000,30.286658257,-97.727424718,158.4120,4,1.000000,0.000000,0.000000,0.000000
69507.000,30.286658253,-97.727424732,158.4100,4,1.000000,0.000000,0.000000,0.000000
69508.000,30.286658272,-97.727424718,158.4140,4,1.000000,0.000000,0.000000,0.000000
69509.000,30.286658257,-97.727424720,158.4130,4,1.000000,0.000000,0.000000,0.000000
69510.000,30.286658282,-97.727424712,158.4120,4,1.000000,0.000000,0.000000,0.000000
69511.000,30.286658283,-97.727424713,158.4110,4,1.000000,0.000000,0.000000,0.000000
69512.000,30.286658260,-97.727424713,158.4110,4,1.000000,0.000000,0.000000,0.000000
69513.000,30.286658280,-97.727424700,158.4120,4,1.000000,0.000000,0.000000,0.000000
69514.000,30.286658273,-97.727424700,158.4110,4,1.000000,0.000000,0.000000,0.000000
69515.000,30.286658272,-97.727424703,158.4120,4,1.000000,0.000000,0.000000,0.000000
69516.000,30.286658277,-97.727424713,158.4140,4,1.000000,0.000000,0.000000,0.000000
69517.000,30.286658268,-97.727424705,158.4110,4,1.000000,0.000000,0.000000,0.000000
69518.000,30.286658263,-97.727424718,158.4120,4,1.000000,0.000000,0.000000,0.000000
69519.000,30.286658275,-97.727424717,158.4120,4,1.000000,0.000000,0.000000,0.000000
69520.000,30.286658268,-97.727424703,158.4100,4,1.000000,0.000000,0.000000,0.000000
69521.000,30.286658275,-97.727424702,158.4100,4,1.000000,0.000000,0.000000,0.000000
69522.000,30.286658262,-97.727424693,158.4080,4,1.000000,0.000000,0.000000,0.000000
69523.000,30.286658275,-97.727424700,158.4080,4,1.000000,0.000000,0.000000,0.000000
69524.000,30.286658270,-97.727424677,158.4100,4,1.000000,0.000000,0.000000,0.000000
69525.000,30.286658262,-97.727424682,158.4090,4,1.000000,0.000000,0.000000,0.000000
69526.000,30.286658260,-97.727424707,158.4100,4,1.000000,0.000000,0.000000,0.000000
69527.000,30.286658260,-97.727424728,158.4060,4,1.000000,0.000000,0.000000,0.000000
69528.000,30.286658255,-97.727424693,158.4070,4,1.000000,0.000000,0.000000,0.000000
69529.000,30.286658263,-97.727424687,158.4080,4,1.000000,0.000000,0.000000,0.000000
69530.000,30.286658258,-97.727424703,158.4120,4,1.000000,0.000000,0.000000,0.000000
69531.000,30.286658265,-97.727424698,158.4100,4,1.000000,0.000000,0.000000,0.000000
69532.000,30.286658263,-97.727424688,158.4090,4,1.000000,0.000000,0.000000,0.000000
69533.000,30.286658268,-97.727424697,158.4080,4,1.000000,0.000000,0.000000,0.000000
69534.000,30.286658280,-97.727424677,158.4090,4,1.000000,0.000000,0.000000,0.000000
69535.000,30.286658277,-97.727424687,158.4070,4,1.000000,0.000000,0.000000,0.000000
69536.000,30.286658272,-97.727424675,158.4100,4,1.000000,0.000000,0.000000,0.000000
69537.000,30.286658283,-97.727424668,158.4060,4,1.000000,0.000000,0.000000,0.000000
69538.000,30.286658278,-97.727424680,158.4060,4,1.000000,0.000000,0.000000,0.000000
69539.000,30.286658278,-97.727424678,158.4070,4,1.000000,0.000000,0.000000,0.000000
69540.000,30.286658280,-97.727424672,158.4070,4,1.000000,0.000000,0.000000,0.000000
69541.000,30.286658287,-97.727424677,158.4070,4,1.000000,0.000000,0.000000,0.000000
69542.000,30.286658275,-97.727424662,158.4090,4,1.000000,0.000000,0.000000,0.000000
69543.000,30.286658277,-97.727424665,158.4090,4,1.000000,0.000000,0.000000,0.000000
69544.000,30.286658280,-97.727424660,158.4110,4,1.000000,0.000000,0.000000,0.000000
69545.000,30.286658282,-97.727424663,158.4060,4,1.000000,0.000000,0.000000,0.000000
69546.000,30.286658280,-97.727424663,158.4110,4,1.000000,0.000000,0.000000,0.000000
69547.000,30.286658280,-97.727424615,158.4050,4,1.000000,0.000000,0.000000,0.000000
69548.000,30.286658272,-97.727424640,158.4070,4,1.000000,0.000000,0.000000,0.000000
69549.000,30.286658277,-97.727424628,158.4030,4,1.000000,0.000000,0.000000,0.000000
69550.000,30.286658283,-97.727424637,158.4040,4,1.000000,0.000000,0.000000,0.000000
69551.000,30.286658287,-97.727424653,158.4060,4,1.000000,0.000000,0.000000,0.000000
69552.000,30.286658293,-97.727424642,158.4050,4,1.000000,0.000000,0.000000,0.000000
69553.000,30.286658285,-97.727424653,158.4050,4,1.000000,0.000000,0.000000,0.000000
69554.000,30.286658293,-97.727424668,158.4060,4,1.000000,0.000000,0.000000,0.000000
69555.000,30.286658287,-97.727424658,158.4060,4,1.000000,0.000000,0.000000,0.000000
69556.000,30.286658283,-97.727424652,158.4070,4,1.000000,0.000000,0.000000,0.000000
69557.000,30.286658292,-97.727424662,158.4040,4,1.000000,0.000000,0.000000,0.000000
69558.000,30.286658287,-97.727424673,158.4040,4,1.000000,0.000000,0.000000,0.000000
69559.000,30.286658295,-97.727424662,158.4040,4,1.000000,0.000000,0.000000,0.000000
69560.000,30.286658302,-97.727424683,158.4070,4,1.000000,0.000000,0.000000,0.000000
69561.000,30.286658292,-97.727424675,158.4080,4,1.000000,0.000000,0.000000,0.000000
69562.000,30.286658288,-97.727424687,158.4040,4,1.000000,0.000000,0.000000,0.000000
69563.000,30.286658285,-97.727424682,158.4090,4,1.000000,0.000000,0.000000,0.000000
69564.000,30.286658290,-97.727424697,158.4070,4,1.000000,0.000000,0.000000,0.000000
69565.000,30.286658308,-97.727424692,158.4050,4,1.000000,0.000000,0.000000,0.000000
69566.000,30.286658287,-97.727424688,158.4070,4,1.000000,0.000000,0.000000,0.000000
69567.000,30.286658312,-97.727424702,158.4070,4,1.000000,0.000000,0.000000,0.000000
69568.000,30.286658302,-97.727424690,158.4100,4,1.000000,0.000000,0.000000,0.000000
69569.000,30.286658300,-97.727424683,158.4100,4,1.000000,0.000000,0.000000,0.000000
69570.000,30.286658297,-97.727424673,158.4100,4,1.000000,0.000000,0.000000,0.000000
69571.000,30.286658305,-97.727424692,158.4090,4,1.000000,0.000000,0.000000,0.000000
69572.000,30.286658292,-97.727424685,158.4110,4,1.000000,0.000000,0.000000,0.000000
69573.000,30.286658293,-97.727424660,158.4100,4,1.000000,0.000000,0.000000,0.000000
69574.000,30.286658292,-97.727424678,158.4070,4,1.000000,0.000000,0.000000,0.000000
69575.000,30.286658288,-97.727424673,158.4080,4,1.000000,0.000000,0.000000,0.000000
69576.000,30.286658282,-97.727424665,158.4120,4,1.000000,0.000000,0.000000,0.000000
69577.000,30.286658292,-97.727424673,158.4090,4,1.000000,0.000000,0.000000,0.000000
69578.000,30.286658308,-97.727424680,158.4110,4,1.000000,0.000000,0.000000,0.000000
69579.000,30.286658290,-97.727424658,158.4100,4,1.000000,0.000000,0.000000,0.000000
69580.000,30.286658290,-97.727424665,158.4120,4,1.000000,0.000000,0.000000,0.000000
69581.000,30.286658298,-97.727424650,158.4090,4,1.000000,0.000000,0.000000,0.000000
69582.000,30.286658282,-97.727424693,158.4100,4,1.000000,0.000000,0.000000,0.000000
69583.000,30.286658267,-97.727424672,158.4060,4,1.000000,0.000000,0.000000,0.000000
69584.000,30.286658300,-97.727424677,158.4090,4,1.000000,0.000000,0.000000,0.000000
69585.000,30.286658300,-97.727424673,158.4100,4,1.000000,0.000000,0.000000,0.000000
69586.000,30.286658307,-97.727424687,158.4130,4,1.000000,0.000000,0.000000,0.000000
69587.000,30.286658282,-97.727424667,158.4090,4,1.000000,0.000000,0.000000,0.000000
69588.000,30.286658305,-97.727424687,158.4100,4,1.000000,0.000000,0.000000,0.000000
69589.000,30.286658305,-97.727424685,158.4080,4,1.000000,0.000000,0.000000,0.000000
69590.000,30.286658283,-97.727424667,158.4100,4,1.000000,0.000000,0.000000,0.000000
69591.000,30.286658285,-97.727424673,158.4110,4,1.000000,0.000000,0.000000,0.000000
69592.000,30.286658293,-97.727424682,158.4060,4,1.000000,0.000000,0.000000,0.000000
69593.000,30.286658295,-97.727424672,158.4090,4,1.000000,0.000000,0.000000,0.000000
69594.000,30.286658300,-97.727424688,158.4070,4,1.000000,0.000000,0.000000,0.000000
69595.000,30.286658293,-97.727424698,158.4070,4,1.000000,0.000000,0.000000,0.000000
69596.000,30.286658300,-97.727424685,158.4090,4,1.000000,0.000000,0.000000,0.000000
69597.000,30.286658290,-97.727424673,158.4080,4,1.000000,0.000000,0.000000,0.000000
69598.000,30.286658295,-97.727424673,158.4060,4,1.000000,0.000000,0.000000,0.000000
69599.000,30.286658297,-97.727424683,158.4100,4,1.000000,0.000000,0.000000,0.000000
69600.000,30.286658298,-97.727424682,158.4080,4,1.000000,0.000000,0.000000,0.000000
69601.000,30.286658298,-97.727424665,158.4060,4,1.000000,0.000000,0.000000,0.000000
69602.000,30.286658293,-97.727424672,158.4080,4,1.000000,0.000000,0.000000,0.000000
69603.000,30.286658292,-97.727424677,158.4080,4,1.000000,0.000000,0.000000,0.000000
69604.000,30.286658293,-97.727424663,158.4080,4,1.000000,0.000000,0.000000,0.000000
69605.000,30.286658272,-97.727424678,158.4030,4,1.000000,0.000000,0.000000,0.000000
69606.000,30.286658288,-97.727424685,158.4070,4,1.000000,0.000000,0.000000,0.000000
69607.000,30.286658280,-97.727424667,158.4080,4,1.000000,0.000000,0.000000,0.000000
69608.000,30.286658272,-97.727424665,158.4050,4,1.000000,0.000000,0.000000,0.000000
69609.000,30.286658285,-97.727424663,158.4030,4,1.000000,0.000000,0.000000,0.000000
69610.000,30.286658267,-97.727424657,158.4080,4,1.000000,0.000000,0.000000,0.000000
69611.000,30.286658272,-97.727424650,158.4060,4,1.000000,0.000000,0.000000,0.000000
69612.000,30.286658272,-97.727424663,158.4060,4,1.000000,0.000000,0.000000,0.000000
69613.000,30.286658272,-97.727424660,158.4080,4,1.000000,0.000000,0.000000,0.000000
69614.000,30.286658272,-97.727424677,158.4070,4,1.000000,0.000000,0.000000,0.000000
69615.000,30.286658262,-97.727424645,158.4080,4,1.000000,0.000000,0.000000,0.000000
69616.000,30.286658262,-97.727424660,158.4090,4,1.000000,0.000000,0.000000,0.000000
69617.000,30.286658270,-97.727424660,158.4060,4,1.000000,0.000000,0.000000,0.000000
69618.000,30.286658257,-97.727424672,158.4060,4,1.000000,0.000000,0.000000,0.000000
69619.000,30.286658265,-97.727424652,158.4100,4,1.000000,0.000000,0.000000,0.000000
69620.000,30.286658252,-97.727424642,158.4100,4,1.000000,0.000000,0.000000,0.000000
69621.000,30.286658253,-97.727424668,158.4070,4,1.000000,0.000000,0.000000,0.000000
69622.000,30.286658255,-97.727424655,158.4110,4,1.000000,0.000000,0.000000,0.000000
69623.000,30.286658237,-97.727424650,158.4070,4,1.000000,0.000000,0.000000,0.000000
69624.000,30.286658253,-97.727424648,158.4070,4,1.000000,0.000000,0.000000,0.000000
69625.000,30.286658247,-97.727424645,158.4080,4,1.000000,0.000000,0.000000,0.000000
69626.000,30.286658238,-97.727424663,158.4060,4,1.000000,0.000000,0.000000,0.000000
69627.000,30.286658255,-97.727424648,158.4090,4,1.000000,0.000000,0.000000,0.000000
69628.000,30.286658257,-97.727424673,158.4100,4,1.000000,0.000000,0.000000,0.000000
69629.000,30.286658257,-97.727424667,158.4080,4,1.000000,0.000000,0.000000,0.000000
69630.000,30.286658252,-97.727424653,158.4080,4,1.000000,0.000000,0.000000,0.000000
69631.000,30.286658253,-97.727424665,158.4050,4,1.000000,0.000000,0.000000,0.000000
69632.000,30.286658258,-97.727424663,158.4060,4,1.000000,0.000000,0.000000,0.000000
69633.000,30.286658257,-97.727424662,158.4080,4,1.000000,0.000000,0.000000,0.000000
69634.000,30.286658237,-97.727424635,158.4070,4,1.000000,0.000000,0.000000,0.000000
69635.000,30.286658242,-97.727424637,158.4080,4,1.000000,0.000000,0.000000,0.000000
69636.000,30.286658228,-97.727424642,158.4070,4,1.000000,0.000000,0.000000,0.000000
69637.000,30.286658245,-97.727424653,158.4070,4,1.000000,0.000000,0.000000,0.000000
69638.000,30.286658237,-97.727424660,158.4070,4,1.000000,0.000000,0.000000,0.000000
69639.000,30.286658227,-97.727424657,158.4090,4,1.000000,0.000000,0.000000,0.000000
69640.000,30.286658243,-97.727424655,158.4050,4,1.000000,0.000000,0.000000,0.000000
69641.000,30.286658230,-97.727424662,158.4040,4,1.000000,0.000000,0.000000,0.000000
69642.000,30.286658223,-97.727424652,158.4070,4,1.000000,0.000000,0.000000,0.000000
69643.000,30.286658235,-97.727424670,158.4070,4,1.000000,0.000000,0.000000,0.000000
69644.000,30.286658233,-97.727424677,158.4070,4,1.000000,0.000000,0.000000,0.000000
69645.000,30.286658230,-97.727424645,158.4080,4,1.000000,0.000000,0.000000,0.000000
69646.000,30.286658217,-97.727424662,158.4060,4,1.000000,0.000000,0.000000,0.000000
69647.000,30.286658225,-97.727424655,158.4040,4,1.000000,0.000000,0.000000,0.000000
69648.000,30.286658225,-97.727424657,158.4060,4,1.000000,0.000000,0.000000,0.000000
69649.000,30.286658218,-97.727424663,158.4020,4,1.000000,0.000000,0.000000,0.000000
69650.000,30.286658228,-97.727424650,158.4060,4,1.000000,0.000000,0.000000,0.000000
69651.000,30.286658225,-97.727424645,158.4030,4,1.000000,0.000000,0.000000,0.000000
69652.000,30.286658215,-97.727424645,158.4030,4,1.000000,0.000000,0.000000,0.000000
69653.000,30.286658232,-97.727424655,158.4060,4,1.000000,0.000000,0.000000,0.000000
69654.000,30.286658230,-97.727424653,158.4070,4,1.000000,0.000000,0.000000,0.000000
69655.000,30.286658223,-97.727424638,158.4070,4,1.000000,0.000000,0.000000,0.000000
69656.000,30.286658220,-97.727424655,158.4070,4,1.000000,0.000000,0.000000,0.000000
69657.000,30.286658223,-97.727424648,158.4060,4,1.000000,0.000000,0.000000,0.000000
69658.000,30.286658235,-97.727424658,158.4070,4,1.000000,0.000000,0.000000,0.000000
69659.000,30.286658210,-97.727424667,158.4060,4,1.000000,0.000000,0.000000,0.000000
69660.000,30.286658227,-97.727424670,158.4050,4,1.000000,0.000000,0.000000,0.000000
69661.000,30.286658230,-97.727424672,158.4060,4,1.000000,0.000000,0.000000,0.000000
69662.000,30.286658205,-97.727424692,158.4030,4,1.000000,0.000000,0.000000,0.000000
69663.000,30.286658223,-97.727424683,158.4050,4,1.000000,0.000000,0.000000,0.000000
69664.000,30.286658212,-97.727424682,158.4060,4,1.000000,0.000000,0.000000,0.000000
69665.000,30.286658207,-97.727424688,158.4030,4,1.000000,0.000000,0.000000,0.000000
69666.000,30.286658210,-97.727424682,158.4050,4,1.000000,0.000000,0.000000,0.000000
69667.000,30.286658210,-97.727424693,158.4000,4,1.000000,0.000000,0.000000,0.000000
69668.000,30.286658207,-97.727424677,158.4050,4,1.000000,0.000000,0.000000,0.000000
69669.000,30.286658218,-97.727424688,158.4030,4,1.000000,0.000000,0.000000,0.000000
69670.000,30.286658200,-97.727424682,158.4040,4,1.000000,0.000000,0.000000,0.000000
69671.000,30.286658218,-97.727424680,158.4050,4,1.000000,0.000000,0.000000,0.000000
69672.000,30.286658202,-97.727424672,158.4040,4,1.000000,0.000000,0.000000,0.000000
69673.000,30.286658232,-97.727424677,158.4010,4,1.000000,0.000000,0.000000,0.000000
69674.000,30.286658235,-97.727424665,158.4030,4,1.000000,0.000000,0.000000,0.000000
69675.000,30.286658227,-97.727424668,158.4020,4,1.000000,0.000000,0.000000,0.000000
69676.000,30.286658233,-97.727424658,158.4040,4,1.000000,0.000000,0.000000,0.000000
69677.000,30.286658218,-97.727424658,158.4020,4,1.000000,0.000000,0.000000,0.000000
69678.000,30.286658218,-97.727424658,158.4020,4,1.000000,0.000000,0.000000,0.000000
69679.000,30.286658223,-97.727424637,158.4000,4,1.000000,0.000000,0.000000,0.000000
69680.000,30.286658203,-97.727424675,158.4000,4,1.000000,0.000000,0.000000,0.000000
69681.000,30.286658213,-97.727424632,158.3990,4,1.000000,0.000000,0.000000,0.000000
69682.000,30.286658227,-97.727424647,158.3980,4,1.000000,0.000000,0.000000,0.000000
69683.000,30.286658210,-97.727424638,158.3970,4,1.000000,0.000000,0.000000,0.000000
69684.000,30.286658217,-97.727424645,158.3990,4,1.000000,0.000000,0.000000,0.000000
69685.000,30.286658220,-97.727424655,158.3980,4,1.000000,0.000000,0.000000,0.000000
69686.000,30.286658222,-97.727424648,158.4000,4,1.000000,0.000000,0.000000,0.000000
69687.000,30.286658220,-97.727424658,158.3990,4,1.000000,0.000000,0.000000,0.000000
69688.000,30.286658210,-97.727424663,158.3990,4,1.000000,0.000000,0.000000,0.000000
69689.000,30.286658212,-97.727424652,158.4010,4,1.000000,0.000000,0.000000,0.000000
69690.000,30.286658215,-97.727424657,158.4000,4,1.000000,0.000000,0.000000,0.000000
69691.000,30.286658217,-97.727424668,158.4010,4,1.000000,0.000000,0.000000,0.000000
69692.000,30.286658210,-97.727424647,158.4050,4,1.000000,0.000000,0.000000,0.000000
69693.000,30.286658195,-97.727424638,158.4020,4,1.000000,0.000000,0.000000,0.000000
69694.000,30.286658207,-97.727424638,158.4030,4,1.000000,0.000000,0.000000,0.000000
69695.000,30.286658197,-97.727424652,158.4000,4,1.000000,0.000000,0.000000,0.000000
69696.000,30.286658192,-97.727424643,158.4070,4,1.000000,0.000000,0.000000,0.000000
69697.000,30.286658207,-97.727424652,158.4030,4,1.000000,0.000000,0.000000,0.000000
69698.000,30.286658188,-97.727424657,158.4060,4,1.000000,0.000000,0.000000,0.000000
69699.000,30.286658197,-97.727424655,158.4070,4,1.000000,0.000000,0.000000,0.000000
69700.000,30.286658185,-97.727424662,158.4050,4,1.000000,0.000000,0.000000,0.000000
69701.000,30.286658187,-97.727424670,158.4050,4,1.000000,0.000000,0.000000,0.000000
69702.000,30.286658192,-97.727424658,158.4080,4,1.000000,0.000000,0.000000,0.000000
69703.000,30.286658183,-97.727424657,158.4070,4,1.000000,0.000000,0.000000,0.000000
69704.000,30.286658193,-97.727424662,158.4080,4,1.000000,0.000000,0.000000,0.000000
69705.000,30.286658207,-97.727424658,158.4050,4,1.000000,0.000000,0.000000,0.000000
69706.000,30.286658192,-97.727424675,158.4090,4,1.000000,0.000000,0.000000,0.000000
69707.000,30.286658193,-97.727424667,158.4080,4,1.000000,0.000000,0.000000,0.000000
69708.000,30.286658203,-97.727424677,158.4090,4,1.000000,0.000000,0.000000,0.000000
69709.000,30.286658200,-97.727424668,158.4030,4,1.000000,0.000000,0.000000,0.000000
69710.000,30.286658203,-97.727424662,158.4070,4,1.000000,0.000000,0.000000,0.000000
69711.000,30.286658190,-97.727424660,158.4050,4,1.000000,0.000000,0.000000,0.000000
69712.000,30.286658192,-97.727424647,158.4090,4,1.000000,0.000000,0.000000,0.000000
69713.000,30.286658200,-97.727424662,158.4090,4,1.000000,0.000000,0.000000,0.000000
69714.000,30.286658175,-97.727424672,158.4110,4,1.000000,0.000000,0.000000,0.000000
69715.000,30.286658202,-97.727424652,158.4110,4,1.000000,0.000000,0.000000,0.000000
69716.000,30.286658188,-97.727424665,158.4060,4,1.000000,0.000000,0.000000,0.000000
69717.000,30.286658188,-97.727424658,158.4110,4,1.000000,0.000000,0.000000,0.000000
69718.000,30.286658197,-97.727424657,158.4090,4,1.000000,0.000000,0.000000,0.000000
69719.000,30.286658183,-97.727424668,158.4110,4,1.000000,0.000000,0.000000,0.000000
69720.000,30.286658175,-97.727424645,158.4120,4,1.000000,0.000000,0.000000,0.000000
69721.000,30.286658190,-97.727424660,158.4100,4,1.000000,0.000000,0.000000,0.000000
69722.000,30.286658180,-97.727424680,158.4130,4,1.000000,0.000000,0.000000,0.000000
69723.000,30.286658188,-97.727424668,158.4110,4,1.000000,0.000000,0.000000,0.000000
69724.000,30.286658165,-97.727424665,158.4130,4,1.000000,0.000000,0.000000,0.000000
69725.000,30.286658177,-97.727424663,158.4140,4,1.000000,0.000000,0.000000,0.000000
69726.000,30.286658178,-97.727424660,158.4160,4,1.000000,0.000000,0.000000,0.000000
69727.000,30.286658187,-97.727424673,158.4120,4,1.000000,0.000000,0.000000,0.000000
69728.000,30.286658177,-97.727424672,158.4160,4,1.000000,0.000000,0.000000,0.000000
69729.000,30.286658167,-97.727424688,158.4150,4,1.000000,0.000000,0.000000,0.000000
69730.000,30.286658188,-97.727424680,158.4150,4,1.000000,0.000000,0.000000,0.000000
69731.000,30.286658178,-97.727424668,158.4130,4,1.000000,0.000000,0.000000,0.000000
69732.000,30.286658183,-97.727424680,158.4160,4,1.000000,0.000000,0.000000,0.000000
69733.000,30.286658197,-97.727424690,158.4150,4,1.000000,0.000000,0.000000,0.000000
69734.000,30.286658180,-97.727424683,158.4170,4,1.000000,0.000000,0.000000,0.000000
69735.000,30.286658177,-97.727424693,158.4170,4,1.000000,0.000000,0.000000,0.000000
69736.000,30.286658182,-97.727424682,158.4160,4,1.000000,0.000000,0.000000,0.000000
69737.000,30.286658165,-97.727424677,158.4150,4,1.000000,0.000000,0.000000,0.000000
69738.000,30.286658175,-97.727424678,158.4120,4,1.000000,0.000000,0.000000,0.000000
69739.000,30.286658177,-97.727424672,158.4120,4,1.000000,0.000000,0.000000,0.000000
69740.000,30.286658167,-97.727424660,158.4150,4,1.000000,0.000000,0.000000,0.000000
69741.000,30.286658168,-97.727424662,158.4120,4,1.000000,0.000000,0.000000,0.000000
69742.000,30.286658163,-97.727424672,158.4120,4,1.000000,0.000000,0.000000,0.000000
69743.000,30.286658163,-97.727424675,158.4120,4,1.000000,0.000000,0.000000,0.000000
69744.000,30.286658170,-97.727424677,158.4140,4,1.000000,0.000000,0.000000,0.000000
69745.000,30.286658160,-97.727424680,158.4150,4,1.000000,0.000000,0.000000,0.000000
69746.000,30.286658183,-97.727424680,158.4130,4,1.000000,0.000000,0.000000,0.000000
69747.000,30.286658165,-97.727424662,158.4140,4,1.000000,0.000000,0.000000,0.000000
69748.000,30.286658183,-97.727424680,158.4140,4,1.000000,0.000000,0.000000,0.000000
69749.000,30.286658187,-97.727424677,158.4150,4,1.000000,0.000000,0.000000,0.000000
69750.000,30.286658155,-97.727424678,158.4140,4,1.000000,0.000000,0.000000,0.000000
69751.000,30.286658167,-97.727424673,158.4120,4,1.000000,0.000000,0.000000,0.000000
69752.000,30.286658163,-97.727424663,158.4130,4,1.000000,0.000000,0.000000,0.000000
69753.000,30.286658163,-97.727424690,158.4160,4,1.000000,0.000000,0.000000,0.000000
69754.000,30.286658178,-97.727424665,158.4160,4,1.000000,0.000000,0.000000,0.000000
69755.000,30.286658155,-97.727424688,158.4150,4,1.000000,0.000000,0.000000,0.000000
69756.000,30.286658177,-97.727424683,158.4170,4,1.000000,0.000000,0.000000,0.000000
69757.000,30.286658170,-97.727424675,158.4170,4,1.000000,0.000000,0.000000,0.000000
69758.000,30.286658167,-97.727424705,158.4160,4,1.000000,0.000000,0.000000,0.000000
69759.000,30.286658178,-97.727424695,158.4130,4,1.000000,0.000000,0.000000,0.000000
69760.000,30.286658165,-97.727424713,158.4160,4,1.000000,0.000000,0.000000,0.000000
69761.000,30.286658165,-97.727424692,158.4180,4,1.000000,0.000000,0.000000,0.000000
69762.000,30.286658185,-97.727424705,158.4170,4,1.000000,0.000000,0.000000,0.000000
69763.000,30.286658170,-97.727424712,158.4160,4,1.000000,0.000000,0.000000,0.000000
69764.000,30.286658190,-97.727424702,158.4200,4,1.000000,0.000000,0.000000,0.000000
69765.000,30.286658170,-97.727424703,158.4170,4,1.000000,0.000000,0.000000,0.000000
69766.000,30.286658167,-97.727424702,158.4180,4,1.000000,0.000000,0.000000,0.000000
69767.000,30.286658173,-97.727424683,158.4190,4,1.000000,0.000000,0.000000,0.000000
69768.000,30.286658162,-97.727424685,158.4170,4,1.000000,0.000000,0.000000,0.000000
69769.000,30.286658180,-97.727424690,158.4170,4,1.000000,0.000000,0.000000,0.000000
69770.000,30.286658172,-97.727424700,158.4200,4,1.000000,0.000000,0.000000,0.000000
69771.000,30.286658163,-97.727424702,158.4230,4,1.000000,0.000000,0.000000,0.000000
69772.000,30.286658170,-97.727424688,158.4160,4,1.000000,0.000000,0.000000,0.000000
69773.000,30.286658163,-97.727424690,158.4180,4,1.000000,0.000000,0.000000,0.000000
69774.000,30.286658167,-97.727424678,158.4180,4,1.000000,0.000000,0.000000,0.000000
69775.000,30.286658180,-97.727424690,158.4170,4,1.000000,0.000000,0.000000,0.000000
69776.000,30.286658168,-97.727424697,158.4200,4,1.000000,0.000000,0.000000,0.000000
69777.000,30.286658197,-97.727424687,158.4170,4,1.000000,0.000000,0.000000,0.000000
69778.000,30.286658177,-97.727424697,158.4160,4,1.000000,0.000000,0.000000,0.000000
69779.000,30.286658178,-97.727424675,158.4190,4,1.000000,0.000000,0.000000,0.000000
69780.000,30.286658178,-97.727424678,158.4170,4,1.000000,0.000000,0.000000,0.000000
69781.000,30.286658170,-97.727424662,158.4130,4,1.000000,0.000000,0.000000,0.000000
69782.000,30.286658193,-97.727424670,158.4190,4,1.000000,0.000000,0.000000,0.000000
69783.000,30.286658190,-97.727424672,158.4140,4,1.000000,0.000000,0.000000,0.000000
69784.000,30.286658190,-97.727424655,158.4160,4,1.000000,0.000000,0.000000,0.000000
69785.000,30.286658207,-97.727424680,158.4190,4,1.000000,0.000000,0.000000,0.000000
69786.000,30.286658187,-97.727424673,158.4160,4,1.000000,0.000000,0.000000,0.000000
69787.000,30.286658208,-97.727424672,158.4140,4,1.000000,0.000000,0.000000,0.000000
69788.000,30.286658205,-97.727424685,158.4140,4,1.000000,0.000000,0.000000,0.000000
69789.000,30.286658198,-97.727424695,158.4170,4,1.000000,0.000000,0.000000,0.000000
69790.000,30.286658215,-97.727424680,158.4170,4,1.000000,0.000000,0.000000,0.000000
69791.000,30.286658202,-97.727424663,158.4150,4,1.000000,0.000000,0.000000,0.000000
69792.000,30.286658205,-97.727424675,158.4170,4,1.000000,0.000000,0.000000,0.000000
69793.000,30.286658213,-97.727424680,158.4150,4,1.000000,0.000000,0.000000,0.000000
69794.000,30.286658202,-97.727424672,158.4160,4,1.000000,0.000000,0.000000,0.000000
69795.000,30.286658208,-97.727424665,158.4140,4,1.000000,0.000000,0.000000,0.000000
69796.000,30.286658195,-97.727424673,158.4150,4,1.000000,0.000000,0.000000,0.000000
69797.000,30.286658203,-97.727424673,158.4140,4,1.000000,0.000000,0.000000,0.000000
69798.000,30.286658207,-97.727424652,158.4140,4,1.000000,0.000000,0.000000,0.000000
69799.000,30.286658205,-97.727424677,158.4130,4,1.000000,0.000000,0.000000,0.000000
69800.000,30.286658195,-97.727424662,158.4140,4,1.000000,0.000000,0.000000,0.000000
69801.000,30.286658203,-97.727424673,158.4110,4,1.000000,0.000000,0.000000,0.000000
69802.000,30.286658202,-97.727424688,158.4100,4,1.000000,0.000000,0.000000,0.000000
69803.000,30.286658207,-97.727424673,158.4120,4,1.000000,0.000000,0.000000,0.000000
69804.000,30.286658190,-97.727424677,158.4110,4,1.000000,0.000000,0.000000,0.000000
69805.000,30.286658203,-97.727424668,158.4120,4,1.000000,0.000000,0.000000,0.000000
69806.000,30.286658202,-97.727424680,158.4100,4,1.000000,0.000000,0.000000,0.000000
69807.000,30.286658212,-97.727424690,158.4100,4,1.000000,0.000000,0.000000,0.000000
69808.000,30.286658212,-97.727424680,158.4110,4,1.000000,0.000000,0.000000,0.000000
69809.000,30.286658205,-97.727424687,158.4100,4,1.000000,0.000000,0.000000,0.000000
69810.000,30.286658202,-97.727424702,158.4100,4,1.000000,0.000000,0.000000,0.000000
69811.000,30.286658223,-97.727424687,158.4100,4,1.000000,0.000000,0.000000,0.000000
69812.000,30.286658213,-97.727424708,158.4100,4,1.000000,0.000000,0.000000,0.000000
69813.000,30.286658220,-97.727424713,158.4090,4,1.000000,0.000000,0.000000,0.000000
69814.000,30.286658202,-97.727424718,158.4110,4,1.000000,0.000000,0.000000,0.000000
69815.000,30.286658210,-97.727424703,158.4070,4,1.000000,0.000000,0.000000,0.000000
69816.000,30.286658213,-97.727424702,158.4090,4,1.000000,0.000000,0.000000,0.000000
69817.000,30.286658208,-97.727424710,158.4050,4,1.000000,0.000000,0.000000,0.000000
69818.000,30.286658212,-97.727424698,158.4080,4,1.000000,0.000000,0.000000,0.000000
69819.000,30.286658208,-97.727424697,158.4090,4,1.000000,0.000000,0.000000,0.000000
69820.000,30.286658207,-97.727424697,158.4070,4,1.000000,0.000000,0.000000,0.000000
69821.000,30.286658210,-97.727424680,158.4080,4,1.000000,0.000000,0.000000,0.000000
69822.000,30.286658205,-97.727424690,158.4060,4,1.000000,0.000000,0.000000,0.000000
69823.000,30.286658205,-97.727424703,158.4060,4,1.000000,0.000000,0.000000,0.000000
69824.000,30.286658213,-97.727424698,158.4100,4,1.000000,0.000000,0.000000,0.000000
69825.000,30.286658188,-97.727424698,158.4090,4,1.000000,0.000000,0.000000,0.000000
69826.000,30.286658213,-97.727424705,158.4080,4,1.000000,0.000000,0.000000,0.000000
69827.000,30.286658210,-97.727424715,158.4100,4,1.000000,0.000000,0.000000,0.000000
69828.000,30.286658195,-97.727424715,158.4100,4,1.000000,0.000000,0.000000,0.000000
69829.000,30.286658215,-97.727424698,158.4090,4,1.000000,0.000000,0.000000,0.000000
69830.000,30.286658195,-97.727424703,158.4090,4,1.000000,0.000000,0.000000,0.000000
69831.000,30.286658215,-97.727424695,158.4100,4,1.000000,0.000000,0.000000,0.000000
69832.000,30.286658203,-97.727424695,158.4070,4,1.000000,0.000000,0.000000,0.000000
69833.000,30.286658207,-97.727424697,158.4090,4,1.000000,0.000000,0.000000,0.000000
69834.000,30.286658223,-97.727424690,158.4070,4,1.000000,0.000000,0.000000,0.000000
69835.000,30.286658222,-97.727424715,158.4100,4,1.000000,0.000000,0.000000,0.000000
69836.000,30.286658208,-97.727424713,158.4100,4,1.000000,0.000000,0.000000,0.000000
69837.000,30.286658230,-97.727424713,158.4100,4,1.000000,0.000000,0.000000,0.000000
69838.000,30.286658227,-97.727424730,158.4090,4,1.000000,0.000000,0.000000,0.000000
69839.000,30.286658235,-97.727424718,158.4100,4,1.000000,0.000000,0.000000,0.000000
69840.000,30.286658223,-97.727424722,158.4080,4,1.000000,0.000000,0.000000,0.000000
69841.000,30.286658232,-97.727424712,158.4080,4,1.000000,0.000000,0.000000,0.000000
69842.000,30.286658228,-97.727424708,158.4110,4,1.000000,0.000000,0.000000,0.000000
69843.000,30.286658217,-97.727424723,158.4100,4,1.000000,0.000000,0.000000,0.000000
69844.000,30.286658222,-97.727424725,158.4110,4,1.000000,0.000000,0.000000,0.000000
69845.000,30.286658217,-97.727424722,158.4140,4,1.000000,0.000000,0.000000,0.000000
69846.000,30.286658225,-97.727424723,158.4110,4,1.000000,0.000000,0.000000,0.000000
69847.000,30.286658223,-97.727424728,158.4120,4,1.000000,0.000000,0.000000,0.000000
69848.000,30.286658198,-97.727424738,158.4120,4,1.000000,0.000000,0.000000,0.000000
69849.000,30.286658213,-97.727424723,158.4120,4,1.000000,0.000000,0.000000,0.000000
69850.000,30.286658218,-97.727424730,158.4120,4,1.000000,0.000000,0.000000,0.000000
69851.000,30.286658218,-97.727424747,158.4110,4,1.000000,0.000000,0.000000,0.000000
69852.000,30.286658223,-97.727424707,158.4120,4,1.000000,0.000000,0.000000,0.000000
69853.000,30.286658217,-97.727424735,158.4100,4,1.000000,0.000000,0.000000,0.000000
69854.000,30.286658230,-97.727424727,158.4120,4,1.000000,0.000000,0.000000,0.000000
69855.000,30.286658228,-97.727424715,158.4100,4,1.000000,0.000000,0.000000,0.000000
69856.000,30.286658207,-97.727424713,158.4110,4,1.000000,0.000000,0.000000,0.000000
69857.000,30.286658232,-97.727424717,158.4120,4,1.000000,0.000000,0.000000,0.000000
69858.000,30.286658228,-97.727424725,158.4120,4,1.000000,0.000000,0.000000,0.000000
69859.000,30.286658242,-97.727424710,158.4100,4,1.000000,0.000000,0.000000,0.000000
69860.000,30.286658233,-97.727424725,158.4170,4,1.000000,0.000000,0.000000,0.000000
69861.000,30.286658247,-97.727424737,158.4100,4,1.000000,0.000000,0.000000,0.000000
69862.000,30.286658237,-97.727424712,158.4070,4,1.000000,0.000000,0.000000,0.000000
69863.000,30.286658230,-97.727424723,158.4090,4,1.000000,0.000000,0.000000,0.000000
69864.000,30.286658223,-97.727424727,158.4110,4,1.000000,0.000000,0.000000,0.000000
69865.000,30.286658240,-97.727424738,158.4090,4,1.000000,0.000000,0.000000,0.000000
69866.000,30.286658230,-97.727424737,158.4120,4,1.000000,0.000000,0.000000,0.000000
69867.000,30.286658225,-97.727424730,158.4100,4,1.000000,0.000000,0.000000,0.000000
69868.000,30.286658232,-97.727424737,158.4090,4,1.000000,0.000000,0.000000,0.000000
69869.000,30.286658225,-97.727424738,158.4090,4,1.000000,0.000000,0.000000,0.000000
69870.000,30.286658240,-97.727424738,158.4100,4,1.000000,0.000000,0.000000,0.000000
69871.000,30.286658230,-97.727424738,158.4090,4,1.000000,0.000000,0.000000,0.000000
69872.000,30.286658215,-97.727424725,158.4110,4,1.000000,0.000000,0.000000,0.000000
69873.000,30.286658237,-97.727424745,158.4110,4,1.000000,0.000000,0.000000,0.000000
69874.000,30.286658228,-97.727424748,158.4110,4,1.000000,0.000000,0.000000,0.000000
69875.000,30.286658225,-97.727424723,158.4110,4,1.000000,0.000000,0.000000,0.000000
69876.000,30.286658237,-97.727424715,158.4080,4,1.000000,0.000000,0.000000,0.000000
69877.000,30.286658212,-97.727424717,158.4070,4,1.000000,0.000000,0.000000,0.000000
69878.000,30.286658223,-97.727424718,158.4080,4,1.000000,0.000000,0.000000,0.000000
69879.000,30.286658217,-97.727424710,158.4110,4,1.000000,0.000000,0.000000,0.000000
69880.000,30.286658227,-97.727424720,158.4080,4,1.000000,0.000000,0.000000,0.000000
69881.000,30.286658223,-97.727424697,158.4080,4,1.000000,0.000000,0.000000,0.000000
69882.000,30.286658212,-97.727424705,158.4070,4,1.000000,0.000000,0.000000,0.000000
69883.000,30.286658230,-97.727424713,158.4020,4,1.000000,0.000000,0.000000,0.000000
69884.000,30.286658215,-97.727424720,158.4050,4,1.000000,0.000000,0.000000,0.000000
69885.000,30.286658222,-97.727424727,158.4040,4,1.000000,0.000000,0.000000,0.000000
69886.000,30.286658230,-97.727424708,158.4040,4,1.000000,0.000000,0.000000,0.000000
69887.000,30.286658212,-97.727424728,158.4070,4,1.000000,0.000000,0.000000,0.000000
69888.000,30.286658212,-97.727424705,158.4020,4,1.000000,0.000000,0.000000,0.000000
69889.000,30.286658210,-97.727424705,158.3980,4,1.000000,0.000000,0.000000,0.000000
69890.000,30.286658198,-97.727424720,158.4060,4,1.000000,0.000000,0.000000,0.000000
69891.000,30.286658198,-97.727424728,158.4020,4,1.000000,0.000000,0.000000,0.000000
69892.000,30.286658188,-97.727424728,158.4020,4,1.000000,0.000000,0.000000,0.000000
69893.000,30.286658198,-97.727424718,158.4030,4,1.000000,0.000000,0.000000,0.000000
69894.000,30.286658195,-97.727424720,158.3990,4,1.000000,0.000000,0.000000,0.000000
69895.000,30.286658205,-97.727424718,158.3980,4,1.000000,0.000000,0.000000,0.000000
69896.000,30.286658205,-97.727424705,158.3990,4,1.000000,0.000000,0.000000,0.000000
69897.000,30.286658203,-97.727424713,158.3970,4,1.000000,0.000000,0.000000,0.000000
69898.000,30.286658197,-97.727424705,158.3970,4,1.000000,0.000000,0.000000,0.000000
69899.000,30.286658208,-97.727424693,158.3990,4,1.000000,0.000000,0.000000,0.000000
69900.000,30.286658188,-97.727424690,158.3960,4,1.000000,0.000000,0.000000,0.000000
69901.000,30.286658215,-97.727424708,158.3970,4,1.000000,0.000000,0.000000,0.000000
69902.000,30.286658208,-97.727424708,158.3990,4,1.000000,0.000000,0.000000,0.000000
69903.000,30.286658207,-97.727424712,158.3960,4,1.000000,0.000000,0.000000,0.000000
69904.000,30.286658217,-97.727424702,158.3970,4,1.000000,0.000000,0.000000,0.000000
69905.000,30.286658203,-97.727424708,158.3950,4,1.000000,0.000000,0.000000,0.000000
69906.000,30.286658210,-97.727424705,158.3980,4,1.000000,0.000000,0.000000,0.000000
69907.000,30.286658218,-97.727424698,158.3930,4,1.000000,0.000000,0.000000,0.000000
69908.000,30.286658213,-97.727424705,158.3970,4,1.000000,0.000000,0.000000,0.000000
69909.000,30.286658213,-97.727424690,158.3960,4,1.000000,0.000000,0.000000,0.000000
69910.000,30.286658197,-97.727424688,158.3940,4,1.000000,0.000000,0.000000,0.000000
69911.000,30.286658212,-97.727424690,158.3950,4,1.000000,0.000000,0.000000,0.000000
69912.000,30.286658220,-97.727424682,158.3950,4,1.000000,0.000000,0.000000,0.000000
69913.000,30.286658200,-97.727424677,158.3940,4,1.000000,0.000000,0.000000,0.000000
69914.000,30.286658237,-97.727424677,158.3930,4,1.000000,0.000000,0.000000,0.000000
69915.000,30.286658213,-97.727424657,158.3940,4,1.000000,0.000000,0.000000,0.000000
69916.000,30.286658218,-97.727424680,158.3940,4,1.000000,0.000000,0.000000,0.000000
69917.000,30.286658228,-97.727424667,158.3960,4,1.000000,0.000000,0.000000,0.000000
69918.000,30.286658208,-97.727424688,158.3940,4,1.000000,0.000000,0.000000,0.000000
69919.000,30.286658223,-97.727424682,158.3920,4,1.000000,0.000000,0.000000,0.000000
69920.000,30.286658232,-97.727424697,158.3940,4,1.000000,0.000000,0.000000,0.000000
69921.000,30.286658210,-97.727424695,158.3930,4,1.000000,0.000000,0.000000,0.000000
69922.000,30.286658222,-97.727424667,158.3930,4,1.000000,0.000000,0.000000,0.000000
69923.000,30.286658212,-97.727424697,158.3910,4,1.000000,0.000000,0.000000,0.000000
69924.000,30.286658220,-97.727424678,158.3940,4,1.000000,0.000000,0.000000,0.000000
69925.000,30.286658227,-97.727424705,158.3930,4,1.000000,0.000000,0.000000,0.000000
69926.000,30.286658203,-97.727424692,158.3950,4,1.000000,0.000000,0.000000,0.000000
69927.000,30.286658223,-97.727424685,158.3930,4,1.000000,0.000000,0.000000,0.000000
69928.000,30.286658213,-97.727424698,158.3900,4,1.000000,0.000000,0.000000,0.000000
69929.000,30.286658212,-97.727424697,158.3920,4,1.000000,0.000000,0.000000,0.000000
69930.000,30.286658228,-97.727424697,158.3930,4,1.000000,0.000000,0.000000,0.000000
69931.000,30.286658210,-97.727424695,158.3860,4,1.000000,0.000000,0.000000,0.000000
69932.000,30.286658213,-97.727424690,158.3870,4,1.000000,0.000000,0.000000,0.000000
69933.000,30.286658207,-97.727424693,158.3910,4,1.000000,0.000000,0.000000,0.000000
69934.000,30.286658205,-97.727424698,158.3890,4,1.000000,0.000000,0.000000,0.000000
69935.000,30.286658205,-97.727424690,158.3890,4,1.000000,0.000000,0.000000,0.000000
69936.000,30.286658210,-97.727424715,158.3890,4,1.000000,0.000000,0.000000,0.000000
