utc_sec,lat_deg,lon_deg,h_ell,quality,qw,qx,qy,qz
65386.393,30.286660511,-97.727417746,158.4534,5,0.746378,-0.017580,0.033000,-0.664471
65386.793,30.286660520,-97.727417774,158.4553,5,0.746450,-0.017474,0.032807,-0.664403
65387.193,30.286660534,-97.727417827,158.4592,5,0.746535,-0.017336,0.032597,-0.664322
65387.593,30.286660559,-97.727417916,158.4630,5,0.746658,-0.017289,0.032325,-0.664197
65387.993,30.286660545,-97.727417701,158.4421,5,0.745875,-0.017248,0.032506,-0.665069
65388.393,30.286660563,-97.727417802,158.4420,5,0.746017,-0.017142,0.032250,-0.664925
65388.793,30.286660606,-97.727418475,158.4311,5,0.749106,-0.017322,0.032359,-0.661432
65389.193,30.286660624,-97.727418589,158.4310,5,0.749229,-0.017281,0.032198,-0.661302
65389.593,30.286660624,-97.727418541,158.4413,5,0.740346,-0.017043,0.032836,-0.671208
65389.993,30.286660652,-97.727418642,158.4421,5,0.740476,-0.016965,0.032615,-0.671076
65390.393,30.286660688,-97.727418779,158.4431,5,0.740601,-0.016911,0.032522,-0.670945
65390.793,30.286660736,-97.727418958,158.4430,5,0.740708,-0.016860,0.032374,-0.670835
65391.193,30.286660680,-97.727418653,158.4446,5,0.737382,-0.016811,0.033174,-0.674451
65391.593,30.286660718,-97.727418757,158.4445,5,0.737506,-0.016812,0.033060,-0.674322
65391.993,30.286660766,-97.727418887,158.4444,5,0.737636,-0.016784,0.032978,-0.674184
65392.393,30.286660644,-97.727418626,158.4438,5,0.740229,-0.016981,0.033329,-0.671314
65392.793,30.286660606,-97.727418502,158.4389,5,0.744783,-0.017374,0.033432,-0.666242
65393.193,30.286660613,-97.727418536,158.4380,5,0.744894,-0.017358,0.033480,-0.666116
65393.593,30.286660615,-97.727418483,158.4388,5,0.746331,-0.017556,0.033367,-0.664506
65393.993,30.286660633,-97.727418502,158.4376,5,0.746473,-0.017718,0.033255,-0.664348
65394.394,30.286660646,-97.727418524,158.4366,5,0.746553,-0.017755,0.033295,-0.664255
65394.794,30.286660625,-97.727418482,158.4396,5,0.746867,-0.017963,0.033398,-0.663891
65395.194,30.286660639,-97.727418493,158.4385,5,0.746940,-0.017853,0.033261,-0.663819
65395.594,30.286660654,-97.727418506,158.4376,5,0.747085,-0.017832,0.033302,-0.663654
65395.994,30.286660689,-97.727418307,158.4354,5,0.747177,-0.017640,0.033009,-0.663571
65396.394,30.286660706,-97.727417459,158.4314,5,0.748090,-0.017488,0.032786,-0.662556
65396.794,30.286660817,-97.727415907,158.4266,5,0.748162,-0.017342,0.032861,-0.662474
65397.194,30.286661031,-97.727413898,158.4167,5,0.751231,-0.017185,0.032684,-0.659006
65397.594,30.286661265,-97.727410623,158.4059,5,0.750151,-0.017551,0.033185,-0.660201
65397.994,30.286661549,-97.727406478,158.3934,5,0.748990,-0.017985,0.034173,-0.661455
65398.394,30.286665509,-97.727411000,158.3915,5,0.886219,-0.015960,0.038083,-0.461423
65398.794,30.286667619,-97.727407610,158.3779,5,0.885592,-0.016984,0.037162,-0.462663
65399.194,30.286671868,-97.727404814,158.3826,5,0.928303,-0.017913,0.038443,-0.369397
65399.594,30.286674897,-97.727401489,158.3708,5,0.928591,-0.018338,0.037836,-0.368714
65399.994,30.286678202,-97.727397930,158.3587,5,0.928944,-0.019258,0.037155,-0.367846
65400.394,30.286656535,-97.727446969,158.6424,5,0.998362,-0.003349,0.046849,-0.032672
65400.794,30.286653421,-97.727452862,158.6891,5,0.998505,-0.004197,0.047403,-0.026873
65401.194,30.286669392,-97.727424631,158.5317,5,0.964678,-0.008968,0.042937,-0.259756
65401.594,30.286670024,-97.727427680,158.5555,5,0.968558,-0.008984,0.042488,-0.244968
65401.994,30.286670526,-97.727431841,158.5815,5,0.974160,-0.007957,0.041154,-0.221936
65402.394,30.286636363,-97.727495063,158.9235,5,0.997530,0.006058,0.039035,-0.058086
65402.794,30.286630859,-97.727509153,159.0024,5,0.998997,0.008532,0.036896,-0.023914
65403.194,30.286628537,-97.727501603,158.9134,5,0.998663,0.009234,0.035970,-0.035957
65403.594,30.286623642,-97.727517515,158.9947,5,0.999403,0.009682,0.031911,0.008980
65403.994,30.286618765,-97.727535697,159.0916,5,0.997761,0.009647,0.029967,0.059012
65404.394,30.286603587,-97.727520392,158.9675,5,0.974628,0.000338,0.024574,0.222478
65404.794,30.286595745,-97.727539475,159.0581,5,0.964082,-0.002505,0.023562,0.264546
65405.194,30.286584443,-97.727544257,159.1255,5,0.929837,-0.001044,0.020895,0.367377
65405.594,30.286571814,-97.727564573,159.2267,5,0.918081,0.002597,0.020611,0.395848
65405.994,30.286557318,-97.727585804,159.3239,5,0.909626,-0.000533,0.018336,0.415022
65406.394,30.286548126,-97.727598447,159.3492,5,0.905168,-0.002082,0.018773,0.424633
65406.794,30.286530640,-97.727619505,159.4294,5,0.902891,-0.001019,0.017799,0.429500
65407.194,30.286490612,-97.727617344,159.3596,5,0.839238,-0.005437,0.016066,0.543500
65407.594,30.286466348,-97.727633307,159.4318,5,0.834159,-0.003958,0.016463,0.551264
65407.994,30.286439227,-97.727647238,159.4818,5,0.825398,-0.006706,0.013333,0.564354
65408.394,30.286401517,-97.727581627,159.6770,5,0.664924,-0.014339,0.005444,0.746753
65408.794,30.286370992,-97.727580609,159.7258,5,0.638225,-0.009262,0.007793,0.769755
65409.194,30.286374949,-97.727601434,159.3336,5,0.634127,-0.005908,0.009585,0.773147
65409.594,30.286341578,-97.727599062,159.3659,5,0.585111,-0.001420,0.010128,0.810889
65409.994,30.286305547,-97.727594921,159.3999,5,0.523905,0.003030,0.009406,0.851719
65410.394,30.286268475,-97.727581434,160.0615,5,0.431553,0.006618,0.007078,0.902035
65410.794,30.286226895,-97.727572477,160.1223,5,0.348493,0.009471,0.004513,0.937253
65411.194,30.286224918,-97.727561675,159.6433,5,0.221762,0.008983,0.000973,0.975059
65411.594,30.286180922,-97.727546459,159.6890,5,0.134167,0.010682,0.000394,0.990901
65411.994,30.286134391,-97.727527429,159.7192,5,0.060824,0.014603,-0.002673,0.998038
65412.394,30.285995335,-97.727531693,160.0716,5,0.106510,0.019750,-0.008159,0.994082
65412.794,30.285937671,-97.727509377,160.0498,5,0.079638,0.021422,-0.007652,0.996564
65413.194,30.285895417,-97.727500500,159.8682,5,0.067718,0.023644,-0.006386,0.997404
65413.594,30.285834755,-97.727474383,159.8440,1,0.058828,0.024726,-0.007152,0.997936
65413.994,30.285772263,-97.727445905,159.8745,1,0.053858,0.022707,-0.008185,0.998257
65414.394,30.285712913,-97.727413664,159.8341,5,0.042577,0.023928,-0.007862,0.998776
65414.794,30.285652591,-97.727378721,159.7839,1,0.029761,0.022668,-0.008631,0.999263
65419.194,30.286405100,-97.727274477,159.1408,5,0.055924,-0.054471,0.092368,0.992660
65419.594,30.286419674,-97.727265744,159.2769,5,0.034640,-0.047595,0.094188,0.993813
65419.994,30.286436835,-97.727259441,159.3839,5,0.036611,-0.045817,0.095822,0.993669
65420.394,30.286504316,-97.727311494,158.0525,5,0.022488,-0.097117,0.133290,0.986051
65420.794,30.286538836,-97.727325397,157.6234,5,0.043199,-0.097205,0.128497,0.985989
65421.194,30.286536710,-97.727315506,158.3160,5,0.057006,-0.045445,0.068814,0.994962
65421.594,30.286566185,-97.727329409,158.0826,5,0.099044,-0.047984,0.067328,0.991642
65421.994,30.286599000,-97.727347818,157.7686,5,0.154621,-0.054303,0.065367,0.984312
65422.394,30.286650055,-97.727379057,157.1993,5,0.252668,-0.077607,0.069305,0.961942
65422.794,30.286695844,-97.727408544,156.6403,5,0.322488,-0.084491,0.063483,0.940656
65423.194,30.286621734,-97.727279532,158.4224,5,0.320611,0.009406,0.049823,0.945853
65423.594,30.286653511,-97.727288117,158.3104,5,0.387331,0.002601,0.051794,0.920481
65423.994,30.286688125,-97.727297782,158.1598,5,0.443561,-0.000427,0.052259,0.894719
65424.394,30.286685804,-97.727290137,159.0607,5,0.438415,0.014191,0.035993,0.897940
65424.794,30.286717777,-97.727300801,159.3163,5,0.491557,0.012598,0.039903,0.869839
65425.194,30.286719613,-97.727264568,159.1205,5,0.537146,0.024656,0.037428,0.842298
65425.594,30.286750664,-97.727269359,159.3965,5,0.576602,0.022517,0.037702,0.815844
65425.994,30.286782886,-97.727273538,159.6819,5,0.603966,0.022685,0.034302,0.795948
65426.394,30.286859145,-97.727379052,160.6109,5,0.618364,-0.003623,0.015152,0.785737
65426.794,30.286896465,-97.727394334,161.0031,5,0.626004,-0.004607,0.009428,0.779749
65427.194,30.287067613,-97.727478163,159.7083,5,0.685621,-0.020341,0.011560,0.727582
65427.594,30.287120744,-97.727497532,160.0093,5,0.687117,-0.024202,0.005493,0.726123
65427.994,30.286982772,-97.727466483,160.3283,5,0.644957,-0.024626,-0.035601,0.762992
65428.394,30.287013964,-97.727486010,160.6779,5,0.645096,-0.028581,-0.043137,0.762347
65428.794,30.287017350,-97.727423172,161.5477,5,0.665427,-0.025450,-0.054548,0.744032
65429.194,30.287043681,-97.727435577,162.0351,5,0.665416,-0.027904,-0.058640,0.743642
65429.594,30.287069247,-97.727447779,162.5633,5,0.665497,-0.029649,-0.060648,0.743341
65429.994,30.286940667,-97.727342999,160.1057,5,0.699992,-0.028403,-0.084223,0.708598
65430.394,30.286946698,-97.727352093,160.4148,5,0.699940,-0.028936,-0.086104,0.708401
65434.194,30.286578751,-97.727057564,159.8698,5,0.696285,0.014438,-0.028967,-0.717035
65434.594,30.286579386,-97.727051591,159.9308,5,0.716895,0.004053,-0.035210,-0.696279
65434.994,30.286580393,-97.727046969,159.9924,5,0.743360,0.008633,-0.030647,-0.668133
65435.394,30.286580129,-97.727020882,159.9169,5,0.771290,-0.019587,0.005475,-0.636159
65435.794,30.286582831,-97.727010622,159.9170,5,0.806342,-0.020877,0.003205,-0.591072
65436.194,30.286587390,-97.726999248,159.9768,5,0.829455,-0.022210,0.001921,-0.558129
65436.594,30.286593707,-97.726987620,159.9717,5,0.870914,-0.022633,0.004661,-0.490893
65436.994,30.286602213,-97.726976597,159.9588,5,0.908337,-0.025322,0.005517,-0.417434
65437.394,30.286611838,-97.726966108,159.9465,5,0.934597,-0.029492,0.006310,-0.354428
65437.794,30.286623668,-97.726957822,159.8966,5,0.958839,-0.032229,0.009623,-0.281951
65438.194,30.286636912,-97.726951221,159.8309,5,0.975679,-0.032766,0.008489,-0.216574
65438.594,30.286651528,-97.726945817,159.7906,5,0.985842,-0.034201,0.006549,-0.164024
65438.994,30.286667403,-97.726941041,159.7112,5,0.990501,-0.035960,0.005968,-0.132585
65439.394,30.286683799,-97.726936727,159.6248,5,0.992519,-0.036780,0.005918,-0.116271
65439.794,30.286700614,-97.726932711,159.5330,5,0.993148,-0.038510,0.002687,-0.110302
65440.194,30.286717309,-97.726927338,159.5319,4,0.993575,-0.039061,0.004032,-0.106144
65440.594,30.286733999,-97.726922871,159.4537,4,0.993301,-0.039674,0.003165,-0.108488
65440.994,30.286750468,-97.726918356,159.3742,4,0.992858,-0.041062,0.002952,-0.111971
65441.394,30.286766793,-97.726913316,159.3358,5,0.992919,-0.040928,0.002574,-0.111492
65441.794,30.286782368,-97.726908881,159.2614,5,0.992683,-0.042314,0.001524,-0.113083
65442.194,30.286797107,-97.726904195,159.1763,5,0.992752,-0.043733,0.000659,-0.111936
65442.594,30.286810910,-97.726900030,159.1022,5,0.992345,-0.045298,0.000742,-0.114889
65442.994,30.286823912,-97.726896035,159.0303,1,0.991987,-0.044299,0.000120,-0.118321
65443.394,30.286836329,-97.726891486,159.0009,5,0.991935,-0.043758,-0.000180,-0.118956
65443.794,30.286847817,-97.726887639,158.9414,5,0.991616,-0.044388,0.000381,-0.121354
65444.194,30.286858588,-97.726883794,158.8558,5,0.992014,-0.044627,-0.000297,-0.117968
65444.594,30.286868071,-97.726880642,158.7968,5,0.992321,-0.043667,-0.001204,-0.115719
65444.994,30.286876353,-97.726878038,158.7468,1,0.992547,-0.043759,-0.003754,-0.113674
65445.394,30.286884631,-97.726875714,158.7102,5,0.992554,-0.044725,-0.004261,-0.113218
65445.794,30.286891777,-97.726873515,158.6723,5,0.992825,-0.045152,-0.003422,-0.110669
65446.194,30.286898932,-97.726871400,158.6273,5,0.992994,-0.047372,-0.006004,-0.108085
65446.594,30.286904930,-97.726869687,158.5919,5,0.993148,-0.048955,-0.008818,-0.105746
65446.994,30.286909680,-97.726868235,158.5677,5,0.993247,-0.048547,-0.008183,-0.105052
65447.394,30.286913669,-97.726866966,158.5649,4,0.992891,-0.048777,-0.007889,-0.108289
65447.794,30.286915940,-97.726866218,158.5541,4,0.992961,-0.047520,-0.007774,-0.108216
65448.194,30.286917267,-97.726865839,158.5483,4,0.992923,-0.047024,-0.006762,-0.108843
65448.594,30.286917298,-97.726865788,158.5520,4,0.992956,-0.045681,-0.007046,-0.109100
65448.994,30.286917252,-97.726865767,158.5569,4,0.992965,-0.045727,-0.007072,-0.108998
65449.394,30.286917304,-97.726865812,158.5560,4,0.992873,-0.045753,-0.006979,-0.109828
65449.794,30.286917285,-97.726865806,158.5601,4,0.992814,-0.045682,-0.006909,-0.110388
65450.194,30.286917376,-97.726865845,158.5561,5,0.992838,-0.045750,-0.006912,-0.110146
65450.594,30.286917406,-97.726865861,158.5552,5,0.992787,-0.045719,-0.006824,-0.110619
65450.994,30.286917427,-97.726865848,158.5533,5,0.992752,-0.045687,-0.006733,-0.110953
65451.394,30.286917460,-97.726865829,158.5513,4,0.992718,-0.045692,-0.006666,-0.111263
65451.794,30.286917479,-97.726865796,158.5504,4,0.992695,-0.045678,-0.006596,-0.111477
65452.194,30.286917473,-97.726865819,158.5484,4,0.992698,-0.045548,-0.006610,-0.111502
65452.594,30.286917486,-97.726865792,158.5494,4,0.992695,-0.045563,-0.006581,-0.111527
65452.994,30.286917487,-97.726865762,158.5474,4,0.992691,-0.045547,-0.006590,-0.111562
65453.394,30.286917473,-97.726865782,158.5474,4,0.992696,-0.045538,-0.006592,-0.111527
65453.794,30.286917475,-97.726865756,158.5464,4,0.992723,-0.045528,-0.006613,-0.111285
65454.194,30.286917470,-97.726865775,158.5444,4,0.992744,-0.045447,-0.006603,-0.111136
65454.594,30.286917433,-97.726865726,158.5464,4,0.992746,-0.045442,-0.006639,-0.111112
65454.994,30.286917444,-97.726865722,158.5474,4,0.992759,-0.045426,-0.006593,-0.111005
65455.394,30.286917444,-97.726865737,158.5453,4,0.992786,-0.044755,-0.006702,-0.111028
65455.794,30.286918105,-97.726865522,158.5434,4,0.992852,-0.043810,-0.006667,-0.110817
65456.194,30.286919771,-97.726865019,158.5322,4,0.992895,-0.042793,-0.006833,-0.110820
65456.594,30.286922737,-97.726864119,158.5160,4,0.992905,-0.043062,-0.006987,-0.110621
65456.994,30.286925992,-97.726863127,158.5000,4,0.992891,-0.042886,-0.007836,-0.110757
65457.394,30.286928938,-97.726862360,158.4732,4,0.992851,-0.042454,-0.010093,-0.111098
65457.794,30.286931167,-97.726861642,158.4683,4,0.992870,-0.042246,-0.010040,-0.111015
65458.194,30.286932699,-97.726861191,158.4626,4,0.992905,-0.042396,-0.008972,-0.110734
65458.594,30.286933441,-97.726860927,158.4615,4,0.992919,-0.042321,-0.009099,-0.110625
65458.994,30.286933775,-97.726860791,158.4604,4,0.992925,-0.042467,-0.009167,-0.110508
65459.394,30.286933811,-97.726860788,158.4501,4,0.992990,-0.041382,-0.009453,-0.110313
65459.794,30.286934511,-97.726860525,158.4471,4,0.992959,-0.042063,-0.009421,-0.110338
65460.194,30.286935095,-97.726860411,158.4360,4,0.992921,-0.042803,-0.009530,-0.110387
65460.594,30.286935060,-97.726860363,158.4340,4,0.992942,-0.042353,-0.009502,-0.110371
65460.994,30.286935003,-97.726860306,158.4350,4,0.992946,-0.042380,-0.009518,-0.110329
65461.394,30.286935156,-97.726860353,158.4390,4,0.992943,-0.042409,-0.009541,-0.110339
65461.794,30.286935118,-97.726860316,158.4389,4,0.992948,-0.042318,-0.009595,-0.110322
65462.194,30.286935153,-97.726860416,158.4358,5,0.992926,-0.042312,-0.009667,-0.110516
65462.594,30.286935116,-97.726860396,158.4358,5,0.992928,-0.042338,-0.009674,-0.110490
65462.994,30.286935087,-97.726860381,158.4366,5,0.992969,-0.041618,-0.009837,-0.110382
65463.394,30.286935900,-97.726860251,158.4293,4,0.992970,-0.040958,-0.010113,-0.110591
65463.794,30.286937726,-97.726859701,158.4197,4,0.992951,-0.040737,-0.010621,-0.110798
65464.194,30.286941174,-97.726858662,158.4108,4,0.993002,-0.038909,-0.008957,-0.111147
65464.594,30.286947540,-97.726856735,158.3871,4,0.993024,-0.038969,-0.008642,-0.110955
65464.994,30.286957222,-97.726853989,158.3483,4,0.993313,-0.039848,-0.009435,-0.107948
65465.394,30.286970025,-97.726850478,158.2779,4,0.993992,-0.038580,-0.010019,-0.101935
65465.794,30.286985540,-97.726846553,158.2137,4,0.994774,-0.037860,-0.011346,-0.094142
65466.194,30.287003349,-97.726842464,158.1300,5,0.995307,-0.040894,-0.015475,-0.086322
65466.594,30.287022121,-97.726838528,158.0531,5,0.995946,-0.045627,-0.017476,-0.075522
65466.994,30.287041433,-97.726835089,157.9745,1,0.997294,-0.034117,-0.022426,-0.061143
65467.394,30.287062549,-97.726832063,157.8940,5,0.998304,-0.030627,-0.024962,-0.042757
65467.794,30.287085167,-97.726829905,157.8329,1,0.998936,-0.031155,-0.024934,-0.023122
65468.194,30.287109121,-97.726828627,157.7545,5,0.998988,-0.036368,-0.026358,-0.002224
65468.594,30.287133649,-97.726828829,157.6685,1,0.998703,-0.035928,-0.022528,0.028165
65468.994,30.287158195,-97.726831986,157.5677,1,0.995978,-0.038605,-0.026357,0.076432
65469.394,30.287182539,-97.726838237,157.4218,5,0.989769,-0.043827,-0.033254,0.131648
65469.794,30.287206347,-97.726847804,157.2721,1,0.979451,-0.045754,-0.027515,0.194486
65470.194,30.287229063,-97.726861324,157.1075,5,0.962967,-0.045441,-0.023204,0.264747
65470.594,30.287250281,-97.726879075,156.9172,1,0.940160,-0.051837,-0.023461,0.335948
65470.994,30.287269821,-97.726900870,156.6985,1,0.912844,-0.055421,-0.016767,0.404181
65471.394,30.287287933,-97.726927410,156.4588,5,0.883652,-0.056884,-0.012218,0.464514
65471.794,30.287304422,-97.726958540,156.2066,1,0.856115,-0.056191,-0.010650,0.513610
65472.194,30.287319843,-97.726993619,155.9466,5,0.838716,-0.054541,-0.011479,0.541709
65472.594,30.287335215,-97.727031516,155.6862,1,0.833307,-0.051261,-0.011039,0.550317
65472.994,30.287351247,-97.727071612,155.4268,1,0.831595,-0.050297,-0.010869,0.552994
65473.394,30.287367789,-97.727113586,155.1610,5,0.831307,-0.048726,-0.013624,0.553506
65473.794,30.287384929,-97.727157090,154.8954,1,0.833097,-0.045838,-0.018047,0.550929
65474.194,30.287403416,-97.727201849,154.6198,5,0.838327,-0.042824,-0.019906,0.543119
65474.594,30.287422964,-97.727247346,154.3719,1,0.842671,-0.039788,-0.019144,0.536616
65474.994,30.287444122,-97.727294299,154.1157,1,0.845605,-0.041187,-0.015963,0.531979
65475.394,30.287465836,-97.727342066,153.8781,5,0.846793,-0.039255,-0.015008,0.530259
65475.794,30.287488416,-97.727391823,153.6322,1,0.847033,-0.036411,-0.016840,0.530025
65476.194,30.287511669,-97.727442953,153.4079,5,0.847263,-0.032783,-0.016456,0.529905
65476.594,30.287535613,-97.727495480,153.2040,1,0.847408,-0.029673,-0.019178,0.529765
65476.994,30.287560267,-97.727549588,153.0255,1,0.847697,-0.027133,-0.018800,0.529453
65477.394,30.287585494,-97.727604776,152.8680,5,0.848007,-0.025127,-0.018835,0.529054
65477.794,30.287611288,-97.727660172,152.7771,1,0.848049,-0.026176,-0.013347,0.529102
65478.193,30.287637144,-97.727716323,152.6757,5,0.847854,-0.027815,-0.009947,0.529406
65478.593,30.287664073,-97.727771260,152.5044,1,0.847690,-0.031363,-0.009749,0.529474
65478.993,30.287690214,-97.727828162,152.3403,1,0.847984,-0.031501,-0.011993,0.528950
65479.393,30.287716996,-97.727885193,152.1433,5,0.848411,-0.033102,-0.014146,0.528113
65479.793,30.287743891,-97.727942748,151.9320,1,0.848799,-0.033918,-0.015040,0.527412
65480.193,30.287770924,-97.728000649,151.7105,5,0.849127,-0.035294,-0.016571,0.526748
65480.593,30.287798189,-97.728058682,151.4655,1,0.849337,-0.038032,-0.015520,0.526250
65480.993,30.287825558,-97.728116972,151.1858,1,0.849430,-0.040370,-0.017985,0.525847
65481.393,30.287853009,-97.728175164,150.8889,5,0.849523,-0.043221,-0.017942,0.525471
65481.793,30.287880298,-97.728233241,150.5590,1,0.849483,-0.043358,-0.020972,0.525413
65482.193,30.287907538,-97.728291098,150.2273,5,0.849422,-0.043559,-0.020764,0.525504
65482.593,30.287934804,-97.728348800,149.8874,1,0.849301,-0.045339,-0.022063,0.525495
65482.993,30.287961738,-97.728406066,149.5348,1,0.849111,-0.046246,-0.023316,0.525669
65483.393,30.287988575,-97.728462430,149.1638,5,0.848834,-0.047773,-0.024511,0.525926
65483.793,30.288015462,-97.728517604,148.7594,1,0.849103,-0.049924,-0.024339,0.525300
65484.193,30.288040970,-97.728571016,148.3852,5,0.850435,-0.050798,-0.026118,0.522971
65484.593,30.288066233,-97.728622361,147.9756,1,0.852535,-0.054198,-0.023761,0.519309
65484.993,30.288090821,-97.728671356,147.5922,1,0.856796,-0.054374,-0.026794,0.512080
65485.394,30.288114969,-97.728717791,147.2137,5,0.861003,-0.053954,-0.028297,0.504937
65485.794,30.288138354,-97.728760739,146.8703,1,0.865661,-0.052525,-0.029078,0.497018
65486.194,30.288160854,-97.728800496,146.5658,5,0.870200,-0.049055,-0.028572,0.489417
65486.594,30.288182777,-97.728837789,146.3095,1,0.874354,-0.045058,-0.026599,0.482459
65486.994,30.288204526,-97.728873330,146.0894,1,0.878351,-0.041799,-0.024062,0.475577
65487.394,30.288226161,-97.728907541,145.9058,5,0.881936,-0.038663,-0.021237,0.469300
65487.794,30.288248008,-97.728940931,145.7460,1,0.886538,-0.034971,-0.020169,0.460891
65488.193,30.288270454,-97.728973727,145.6094,5,0.893515,-0.030393,-0.021043,0.447509
65488.593,30.288293855,-97.729006134,145.5116,1,0.901719,-0.022393,-0.019160,0.431317
65488.993,30.288319194,-97.729038027,145.4608,1,0.909657,-0.021810,-0.019029,0.414350
65489.393,30.288346081,-97.729069674,145.4351,5,0.917520,-0.013031,-0.016216,0.397146
65489.793,30.288374556,-97.729100913,145.4503,1,0.924582,-0.015165,-0.018496,0.380232
65490.193,30.288404738,-97.729131886,145.3906,5,0.929069,-0.025779,-0.023264,0.368274
65490.593,30.288435832,-97.729162589,145.3897,1,0.932423,0.000393,-0.009178,0.361252
65490.993,30.288468243,-97.729193603,145.4870,1,0.935379,-0.004019,-0.011902,0.353424
65491.393,30.288501654,-97.729224661,145.5747,5,0.937262,-0.011121,-0.011832,0.348248
65491.793,30.288535603,-97.729256087,145.6280,1,0.936844,-0.006985,-0.010560,0.349519
65492.193,30.288569794,-97.729288440,145.7107,5,0.935785,-0.002864,-0.016118,0.352191
65492.593,30.288604552,-97.729321461,145.8279,1,0.933131,-0.000922,-0.009623,0.359408
65492.993,30.288639009,-97.729355892,145.9756,1,0.929412,-0.001316,-0.012840,0.368817
65493.393,30.288673109,-97.729391941,146.1112,5,0.924287,0.001728,-0.020044,0.381168
65493.793,30.288707371,-97.729429329,146.2106,1,0.919562,0.001389,-0.019986,0.392433
65494.193,30.288741231,-97.729468304,146.3378,5,0.915886,0.000180,-0.019573,0.400961
65494.593,30.288775368,-97.729508476,146.4661,1,0.912131,0.000517,-0.019214,0.409449
65494.993,30.288808877,-97.729550292,146.5727,1,0.907106,-0.000207,-0.021044,0.420375
65495.393,30.288841768,-97.729593650,146.6693,5,0.901094,0.000844,-0.022898,0.433018
65495.793,30.288874216,-97.729638468,146.7651,1,0.894473,0.002206,-0.023457,0.446500
65496.193,30.288905561,-97.729685144,146.8546,5,0.886799,-0.001095,-0.024229,0.461518
65496.593,30.288936011,-97.729733630,146.9177,1,0.878440,-0.000785,-0.025244,0.477184
65496.993,30.288965154,-97.729784080,146.9941,1,0.870444,0.001616,-0.028450,0.491442
65497.393,30.288993072,-97.729836063,147.0653,5,0.862905,0.004468,-0.036528,0.504024
65497.793,30.289019698,-97.729888827,147.1732,1,0.853121,0.004926,-0.031639,0.520730
65498.193,30.289044223,-97.729942477,147.2729,5,0.843082,0.004694,-0.030364,0.536907
65498.593,30.289067272,-97.729997155,147.3579,5,0.834310,0.000047,-0.028106,0.550579
65498.993,30.289088942,-97.730052958,147.3914,1,0.827100,0.000022,-0.031086,0.561195
65499.393,30.289109724,-97.730109918,147.4121,5,0.820759,-0.000960,-0.031446,0.570407
65499.793,30.289129605,-97.730168404,147.4025,1,0.813956,-0.001996,-0.031119,0.580089
65500.193,30.289148499,-97.730227912,147.4031,5,0.806521,-0.003096,-0.030681,0.590401
65500.593,30.289166313,-97.730288494,147.3763,1,0.798835,-0.007234,-0.029151,0.600800
65500.993,30.289182793,-97.730349926,147.3223,1,0.792127,-0.007409,-0.031825,0.609480
65501.393,30.289198379,-97.730412038,147.2567,5,0.787340,-0.006518,-0.033084,0.615596
65501.793,30.289213337,-97.730474460,147.1884,1,0.783031,-0.009384,-0.031911,0.621093
65502.193,30.289227430,-97.730536875,147.0904,5,0.779271,-0.009718,-0.033553,0.625713
65502.593,30.289240935,-97.730599395,146.9897,1,0.775648,-0.009655,-0.033434,0.630205
65502.993,30.289253766,-97.730661895,146.8718,1,0.772220,-0.013159,-0.035776,0.634210
65503.393,30.289265871,-97.730724206,146.7264,5,0.768303,-0.012308,-0.036885,0.638904
65503.793,30.289277335,-97.730786343,146.5942,1,0.761356,-0.017572,-0.032497,0.647280
65504.193,30.289287170,-97.730848466,146.4414,5,0.754038,-0.015508,-0.033021,0.655817
65504.593,30.289295888,-97.730910507,146.2961,1,0.746414,-0.016947,-0.033135,0.664440
65504.993,30.289303175,-97.730972200,146.1565,1,0.737823,-0.017552,-0.029200,0.674134
65505.393,30.289308946,-97.731033390,146.0614,5,0.729385,-0.014874,-0.028196,0.683360
65505.793,30.289313447,-97.731094171,145.9654,1,0.720658,-0.015304,-0.029261,0.692504
65506.193,30.289316479,-97.731154731,145.8472,5,0.711870,-0.015129,-0.029912,0.701511
65506.593,30.289318310,-97.731214826,145.7333,1,0.703011,-0.013870,-0.028949,0.710455
65506.993,30.289318818,-97.731274701,145.6426,1,0.694190,-0.016918,-0.026476,0.719106
65507.393,30.289318030,-97.731334253,145.5166,5,0.685608,-0.018716,-0.026662,0.727241
65507.793,30.289316202,-97.731393935,145.3794,1,0.677327,-0.020591,-0.024676,0.734980
65508.193,30.289313075,-97.731454406,145.2267,5,0.671364,-0.018738,-0.027528,0.740380
65508.593,30.289309283,-97.731515718,145.0522,1,0.667087,-0.016526,-0.029778,0.744201
65508.993,30.289305031,-97.731578006,144.8655,1,0.664025,-0.022407,-0.029274,0.746801
65509.393,30.289300386,-97.731640850,144.6355,5,0.663262,-0.025454,-0.032046,0.747267
65509.793,30.289295718,-97.731703964,144.3775,1,0.664050,-0.026338,-0.033142,0.746488
65510.193,30.289291172,-97.731767323,144.1155,5,0.664621,-0.027546,-0.033318,0.745929
65510.593,30.289286904,-97.731831129,143.8370,1,0.664789,-0.030989,-0.034454,0.745593
65510.993,30.289282457,-97.731895061,143.4862,1,0.664299,-0.037116,-0.036827,0.745636
65511.393,30.289277706,-97.731959120,143.0730,5,0.662775,-0.036679,-0.042141,0.746732
65511.793,30.289273084,-97.732023278,142.6557,1,0.661314,-0.039779,-0.045527,0.747669
65512.193,30.289268085,-97.732087421,142.1855,5,0.660165,-0.038701,-0.044479,0.748803
65512.593,30.289263172,-97.732151291,141.7659,1,0.658960,-0.038894,-0.044471,0.749854
65512.993,30.289258062,-97.732213876,141.3456,1,0.658472,-0.042461,-0.041489,0.750260
65513.393,30.289253020,-97.732275422,140.9431,5,0.657718,-0.043382,-0.039424,0.750980
65513.793,30.289247966,-97.732336061,140.5695,1,0.653764,-0.045975,-0.033177,0.754571
65514.193,30.289242054,-97.732396243,140.2044,5,0.649830,-0.048081,-0.031038,0.757922
65514.593,30.289236789,-97.732454807,139.8818,1,0.656429,-0.046093,-0.028510,0.752438
65514.993,30.289232454,-97.732512655,139.5801,1,0.664203,-0.047222,-0.024640,0.745652
65515.393,30.289229293,-97.732569975,139.3051,5,0.671431,-0.046696,-0.021775,0.739274
65515.793,30.289227072,-97.732626039,139.0653,1,0.677809,-0.043916,-0.020039,0.733651
65516.193,30.289225541,-97.732680470,138.8686,5,0.683413,-0.041496,-0.016095,0.728673
65516.593,30.289224774,-97.732733403,138.7077,1,0.690516,-0.038915,-0.014706,0.722120
65516.993,30.289225089,-97.732785478,138.5639,1,0.698997,-0.038577,-0.013390,0.713958
65517.393,30.289226835,-97.732836892,138.4234,5,0.709700,-0.035534,-0.013486,0.703478
65517.793,30.289229812,-97.732887965,138.2874,1,0.718969,-0.033486,-0.016656,0.694035
65518.193,30.289233713,-97.732938922,138.1598,5,0.725280,-0.031379,-0.014576,0.687584
65518.593,30.289238322,-97.732990321,138.0497,1,0.730284,-0.029614,-0.013655,0.682365
65518.993,30.289243240,-97.733042373,137.9457,1,0.731194,-0.027858,-0.012848,0.681480
65519.393,30.289248233,-97.733095229,137.8476,5,0.730971,-0.025356,-0.013837,0.681797
65519.793,30.289253262,-97.733148736,137.7813,1,0.730837,-0.022149,-0.010642,0.682110
65520.193,30.289258227,-97.733202770,137.7298,5,0.730255,-0.022879,-0.012080,0.682685
65520.593,30.289262979,-97.733256854,137.6557,1,0.729160,-0.020447,-0.018122,0.683798
65520.993,30.289267580,-97.733310896,137.6168,1,0.727477,-0.018287,-0.017008,0.685677
65521.393,30.289272016,-97.733365283,137.5733,5,0.725720,-0.019000,-0.013516,0.687595
65521.793,30.289276171,-97.733419311,137.5305,1,0.724862,-0.018980,-0.017014,0.688423
65522.193,30.289280483,-97.733473155,137.4778,5,0.725135,-0.019979,-0.014110,0.688172
65522.593,30.289284793,-97.733526572,137.4417,1,0.725686,-0.020444,-0.014680,0.687565
65522.993,30.289288948,-97.733579062,137.4326,1,0.725672,-0.018306,-0.014845,0.687637
65523.393,30.289293162,-97.733630898,137.4197,5,0.725436,-0.019708,-0.011375,0.687913
65523.793,30.289297222,-97.733681920,137.4034,1,0.725338,-0.021039,-0.012027,0.687966
65524.193,30.289301296,-97.733732168,137.3809,5,0.725537,-0.021836,-0.012363,0.687726
65524.593,30.289305326,-97.733781600,137.3543,1,0.725864,-0.022880,-0.011736,0.687357
65524.993,30.289309264,-97.733830142,137.3279,1,0.726238,-0.021457,-0.011802,0.687007
65525.393,30.289313254,-97.733877605,137.3160,5,0.726286,-0.023569,-0.012906,0.686867
65525.793,30.289317093,-97.733923310,137.2988,1,0.726362,-0.024703,-0.011907,0.686765
65526.193,30.289320830,-97.733967430,137.2515,5,0.727620,-0.023114,-0.014134,0.685445
65526.593,30.289324548,-97.734009683,137.2371,1,0.728296,-0.024385,-0.014824,0.684668
65526.993,30.289328064,-97.734049636,137.2246,1,0.728842,-0.021287,-0.013135,0.684225
65527.393,30.289331515,-97.734087356,137.2241,5,0.729853,-0.021206,-0.013607,0.683139
65527.793,30.289334910,-97.734122555,137.2228,1,0.731363,-0.022507,-0.012847,0.681496
65528.193,30.289338226,-97.734155266,137.2168,5,0.732825,-0.023406,-0.011333,0.679920
65528.593,30.289341376,-97.734185477,137.2114,1,0.734247,-0.023991,-0.011255,0.678365
65528.993,30.289344312,-97.734212970,137.2100,1,0.734736,-0.023319,-0.009709,0.677883
65529.393,30.289346837,-97.734237568,137.2074,5,0.733257,-0.024810,-0.008459,0.679446
65529.793,30.289348954,-97.734258992,137.2127,1,0.731384,-0.024153,-0.007532,0.681497
65530.193,30.289350635,-97.734277492,137.2098,5,0.729887,-0.022376,-0.007936,0.683156
65530.593,30.289352084,-97.734293330,137.2125,1,0.728617,-0.023094,-0.009108,0.684471
65530.993,30.289353264,-97.734306424,137.2145,1,0.728164,-0.023040,-0.009150,0.684954
65531.393,30.289354206,-97.734316809,137.2141,5,0.727751,-0.022506,-0.009038,0.685413
65531.793,30.289354910,-97.734324790,137.2097,5,0.727459,-0.021899,-0.010146,0.685727
65532.193,30.289355197,-97.734330860,137.2164,5,0.727754,-0.021844,-0.010417,0.685411
65532.593,30.289355547,-97.734334798,137.2144,5,0.727880,-0.021622,-0.010154,0.685288
65532.993,30.289355762,-97.734337005,137.2134,5,0.727809,-0.022382,-0.009805,0.685345
65533.393,30.289355740,-97.734337758,137.2073,5,0.727872,-0.022289,-0.009763,0.685282
65533.793,30.289355695,-97.734337614,137.2041,5,0.727914,-0.021051,-0.008609,0.685291
65534.193,30.289355629,-97.734337657,137.2071,4,0.727911,-0.020962,-0.008538,0.685298
65534.593,30.289355554,-97.734337606,137.2050,4,0.727925,-0.020894,-0.008521,0.685285
65534.993,30.289355467,-97.734337558,137.2041,4,0.727883,-0.020911,-0.008491,0.685330
65535.393,30.289355472,-97.734337698,137.2151,4,0.727881,-0.020962,-0.008539,0.685330
65535.793,30.289355374,-97.734337683,137.2141,4,0.727845,-0.020978,-0.008496,0.685368
65536.193,30.289355480,-97.734337804,137.2182,4,0.728003,-0.021079,-0.008501,0.685197
65536.593,30.289355407,-97.734337809,137.2183,4,0.728014,-0.021130,-0.008523,0.685184
65536.993,30.289355329,-97.734337818,137.2183,4,0.728026,-0.021110,-0.008480,0.685172
65537.393,30.289355489,-97.734337885,137.2194,4,0.728203,-0.021208,-0.008373,0.684982
65537.793,30.289355462,-97.734337903,137.2194,4,0.728292,-0.021235,-0.008431,0.684886
65538.193,30.289355547,-97.734337932,137.2245,4,0.728415,-0.021304,-0.008394,0.684753
65538.593,30.289355510,-97.734337967,137.2255,4,0.728439,-0.021310,-0.008387,0.684728
65538.993,30.289355454,-97.734338014,137.2265,4,0.728463,-0.021287,-0.008424,0.684702
65539.393,30.289355609,-97.734337980,137.2275,4,0.728648,-0.021318,-0.008350,0.684506
65539.793,30.289355655,-97.734337952,137.2276,4,0.728713,-0.021331,-0.008347,0.684436
65540.193,30.289355637,-97.734337998,137.2275,4,0.728730,-0.021364,-0.008426,0.684416
65540.593,30.289355612,-97.734338051,137.2285,4,0.728747,-0.021391,-0.008462,0.684396
65540.993,30.289355650,-97.734337997,137.2296,4,0.728801,-0.021383,-0.008405,0.684340
65541.393,30.289355690,-97.734337950,137.2306,4,0.728843,-0.021389,-0.008372,0.684296
65541.793,30.289355682,-97.734337995,137.2316,4,0.728860,-0.021426,-0.008371,0.684277
65542.193,30.289355705,-97.734337939,137.2307,4,0.728890,-0.021419,-0.008327,0.684245
65542.593,30.289355702,-97.734337977,137.2307,4,0.728890,-0.021424,-0.008296,0.684246
65542.993,30.289355692,-97.734338031,137.2317,4,0.728907,-0.021431,-0.008313,0.684226
65543.393,30.289355705,-97.734337961,137.2297,4,0.728926,-0.021392,-0.008240,0.684208
65543.793,30.289355695,-97.734338008,137.2298,4,0.728943,-0.021422,-0.008195,0.684190
65544.193,30.289355704,-97.734337947,137.2278,4,0.728948,-0.021451,-0.008151,0.684184
65544.593,30.289355697,-97.734337994,137.2278,4,0.728992,-0.021178,-0.007905,0.684149
65544.993,30.289355717,-97.734338399,137.2277,4,0.729022,-0.020970,-0.007757,0.684125
65545.393,30.289355785,-97.734339340,137.2282,4,0.729118,-0.019470,-0.006754,0.684078
65545.793,30.289356071,-97.734342362,137.2306,4,0.729337,-0.017182,-0.004842,0.683922
65546.193,30.289356646,-97.734349198,137.2316,4,0.729882,-0.015773,-0.004474,0.683377
65546.593,30.289357566,-97.734359741,137.2331,4,0.730428,-0.015037,-0.004320,0.682810
65546.993,30.289358868,-97.734373632,137.2440,4,0.731178,-0.015285,-0.002239,0.682011
65547.395,30.289360542,-97.734390603,137.2690,4,0.732410,-0.013106,0.000233,0.680738
65547.795,30.289362461,-97.734410544,137.3008,4,0.732667,-0.011591,0.001645,0.680487
65548.195,30.289364653,-97.734433331,137.3243,5,0.734074,-0.009625,-0.000415,0.679001
65548.595,30.289367229,-97.734458593,137.3652,5,0.734816,-0.007946,0.001276,0.678219
65548.995,30.289369869,-97.734486347,137.4161,1,0.732998,-0.010668,-0.003077,0.680140
65549.395,30.289372723,-97.734515812,137.4620,5,0.731500,-0.007397,-0.000870,0.681801
65549.795,30.289375458,-97.734546128,137.5229,1,0.730341,-0.009742,-0.002384,0.683010
65550.195,30.289378182,-97.734577039,137.5798,5,0.728868,-0.011688,-0.005936,0.684528
65550.595,30.289380544,-97.734608856,137.6196,1,0.724739,-0.007674,-0.007848,0.688936
65550.995,30.289382822,-97.734642086,137.6725,1,0.722398,-0.005427,-0.007948,0.691411
65551.395,30.289385234,-97.734676795,137.7301,5,0.722119,-0.008101,-0.009028,0.691662
65551.795,30.289387825,-97.734713252,137.7781,1,0.721439,-0.010730,-0.007068,0.692359
65552.195,30.289390421,-97.734751181,137.8150,5,0.721243,-0.013691,-0.005584,0.692525
65552.595,30.289393106,-97.734790804,137.8697,1,0.719937,-0.009903,0.000806,0.693969
65552.995,30.289395729,-97.734832108,137.9692,1,0.718800,-0.005728,0.006199,0.695166
65553.395,30.289398281,-97.734874939,138.0845,5,0.718303,-0.005628,0.005447,0.695686
65553.795,30.289401124,-97.734919085,138.2505,1,0.718450,-0.007331,0.008426,0.695489
65554.195,30.289403835,-97.734963884,138.4424,5,0.719536,0.001980,0.008969,0.694394
65554.595,30.289406793,-97.735009437,138.6228,1,0.721299,0.003400,0.003628,0.692606
65554.995,30.289410232,-97.735055606,138.8043,1,0.722125,-0.001966,0.005572,0.691737
65555.395,30.289413059,-97.735101871,138.9911,5,0.722846,0.001042,0.003772,0.690998
65555.795,30.289416310,-97.735149068,139.1810,1,0.720920,-0.000139,0.002323,0.693014
65556.195,30.289419226,-97.735196932,139.3700,5,0.719133,-0.003060,0.004046,0.694854
65556.595,30.289422050,-97.735245307,139.5653,1,0.718180,-0.000994,0.004262,0.695844
65556.995,30.289425043,-97.735294221,139.7553,1,0.718117,-0.001985,0.005622,0.695897
65557.395,30.289427914,-97.735343855,139.9545,5,0.718483,-0.001217,0.002976,0.695537
65557.795,30.289431009,-97.735394390,140.1587,1,0.719067,-0.000565,0.002707,0.694936
65558.195,30.289434074,-97.735445815,140.3578,5,0.717582,-0.002170,0.004716,0.696455
65558.595,30.289436691,-97.735497921,140.5673,1,0.712901,-0.000359,0.005082,0.701246
65558.995,30.289438824,-97.735550434,140.7942,1,0.709429,-0.000166,0.003882,0.704766
65559.395,30.289440329,-97.735602969,141.0178,5,0.706699,0.000319,0.003937,0.707503
65559.795,30.289441790,-97.735655587,141.2405,1,0.705834,0.000705,0.002772,0.708371
65560.195,30.289443355,-97.735708618,141.4578,5,0.706704,0.001362,0.002685,0.707503
65560.595,30.289445207,-97.735762295,141.6739,1,0.708965,0.001910,0.003401,0.705233
65560.995,30.289447452,-97.735816779,141.9055,1,0.711013,-0.001092,0.004406,0.703164
65561.395,30.289449890,-97.735871774,142.1184,5,0.712830,-0.002378,0.002815,0.701327
65561.795,30.289452581,-97.735926685,142.3348,1,0.714255,-0.003790,0.004155,0.699863
65562.195,30.289455493,-97.735981550,142.5531,5,0.715751,-0.004402,0.006349,0.698312
65562.595,30.289458445,-97.736036732,142.7768,1,0.717488,-0.000833,0.002524,0.696566
65562.995,30.289461733,-97.736092294,142.9981,1,0.718071,-0.001017,0.004009,0.695958
65563.395,30.289465036,-97.736147684,143.2252,5,0.719823,-0.001200,0.002589,0.694151
65563.795,30.289468611,-97.736202085,143.4673,1,0.722074,0.000042,0.001672,0.691814
65564.195,30.289472338,-97.736255183,143.7148,5,0.724128,0.001440,0.001360,0.689662
65564.595,30.289476248,-97.736306357,143.9568,1,0.726113,0.000566,0.000392,0.687575
65564.995,30.289480390,-97.736354866,144.1802,1,0.731098,-0.000270,0.000034,0.682273
65565.395,30.289484951,-97.736400187,144.4002,5,0.737211,0.001342,0.001739,0.675659
65565.795,30.289490113,-97.736442966,144.6156,1,0.744874,-0.001886,0.001099,0.667202
65566.195,30.289495956,-97.736483235,144.7954,5,0.752550,-0.007680,0.001965,0.658487
65566.595,30.289502017,-97.736520430,144.9691,1,0.758736,-0.005095,0.006632,0.651345
65566.995,30.289508077,-97.736555531,145.1203,1,0.763029,-0.005203,0.004468,0.646327
65567.395,30.289514164,-97.736587882,145.2815,5,0.766338,-0.009368,0.006233,0.642339
65567.795,30.289519978,-97.736617261,145.4229,1,0.770465,-0.011199,0.008324,0.637329
65568.195,30.289525719,-97.736643888,145.5362,5,0.775673,-0.012669,0.011844,0.630897
65568.595,30.289531315,-97.736667418,145.6614,1,0.783417,-0.012785,0.016490,0.621146
65568.995,30.289536904,-97.736687290,145.7832,1,0.799113,-0.010145,0.019633,0.600774
65569.395,30.289542926,-97.736703295,145.8822,5,0.823559,-0.010169,0.022576,0.566690
65569.795,30.289549545,-97.736716575,145.9787,1,0.850149,-0.009648,0.027151,0.525753
65570.195,30.289556341,-97.736728074,146.0572,5,0.873911,-0.004771,0.025558,0.485391
65570.595,30.289563826,-97.736738354,146.1341,5,0.896829,0.001386,0.024778,0.441681
65570.995,30.289573398,-97.736748481,146.2364,1,0.925122,0.005281,0.021412,0.379028
65571.395,30.289585769,-97.736758036,146.3207,5,0.953338,0.003097,0.010719,0.301697
65571.795,30.289600092,-97.736765137,146.4056,5,0.973846,0.001945,0.019176,0.226388
65572.195,30.289615937,-97.736770517,146.4717,5,0.986742,-0.001928,0.015176,0.161577
65572.595,30.289633729,-97.736774464,146.5354,5,0.993393,-0.007256,0.019682,0.112829
65572.995,30.289653351,-97.736776444,146.5757,1,0.997953,-0.010043,0.018863,0.060275
65573.395,30.289674271,-97.736775577,146.5610,5,0.999535,-0.015620,0.021365,0.015125
65573.795,30.289695988,-97.736771857,146.4557,1,0.999487,-0.019637,0.024420,-0.006654
65574.195,30.289720811,-97.736769474,146.3536,5,0.998949,-0.032082,0.030832,-0.011033
65574.595,30.289746987,-97.736766917,146.1442,1,0.999427,-0.010069,0.030467,-0.010752
65574.995,30.289774753,-97.736765450,146.1514,1,0.999538,-0.015532,0.025273,-0.006687
65575.395,30.289805345,-97.736763901,146.0997,5,0.999487,-0.019608,0.025125,-0.003047
65575.795,30.289836756,-97.736762333,146.0790,1,0.999460,-0.017005,0.028045,-0.001868
65576.195,30.289870652,-97.736760442,146.0474,5,0.999455,-0.021641,0.024757,-0.003039
65576.595,30.289905793,-97.736758030,146.0239,1,0.999412,-0.019583,0.026243,-0.010158
65576.995,30.289941399,-97.736755327,146.0492,1,0.999471,-0.017348,0.021815,-0.016733
65577.395,30.289977789,-97.736751996,146.0302,5,0.999370,-0.016087,0.024423,-0.020089
65577.795,30.290014764,-97.736748161,146.0029,1,0.998863,-0.023564,0.036004,-0.020538
65578.195,30.290052114,-97.736744689,145.9850,5,0.999101,-0.016168,0.032519,-0.021885
65578.595,30.290090050,-97.736740874,146.0123,1,0.999117,-0.011691,0.033876,-0.021923
65578.995,30.290128610,-97.736737205,146.0390,1,0.999243,-0.015579,0.026790,-0.023521
65579.395,30.290167686,-97.736733287,146.0354,5,0.999344,-0.014018,0.019931,-0.026792
65579.795,30.290207714,-97.736729009,146.0637,1,0.999323,-0.018525,0.015022,-0.028005
65580.195,30.290248146,-97.736724402,146.0783,5,0.999429,-0.010058,0.016005,-0.028005
65580.595,30.290289243,-97.736719735,146.1296,1,0.999422,-0.008496,0.014673,-0.029472
65580.995,30.290330944,-97.736714714,146.2169,1,0.999319,-0.009488,0.018961,-0.030204
65581.395,30.290373407,-97.736709741,146.2686,5,0.999327,-0.011774,0.016122,-0.030784
65581.795,30.290416377,-97.736704433,146.3437,1,0.999321,-0.004264,0.017477,-0.032151
65582.195,30.290459862,-97.736699398,146.4315,5,0.999210,-0.014828,0.011853,-0.034913
65582.595,30.290502856,-97.736694056,146.5290,1,0.999117,-0.008880,0.013462,-0.038792
65582.995,30.290546476,-97.736687900,146.6201,1,0.999086,-0.001858,0.010593,-0.041378
65583.395,30.290590584,-97.736681501,146.6991,5,0.999017,-0.003991,0.008052,-0.043418
65583.795,30.290635013,-97.736674743,146.8231,1,0.998993,-0.006829,0.010340,-0.043116
65584.195,30.290679416,-97.736668942,146.8879,5,0.999023,-0.010917,0.004309,-0.042597
65584.595,30.290723645,-97.736664022,147.0333,1,0.999120,-0.011768,-0.000312,-0.040260
65584.995,30.290769293,-97.736657688,147.0856,1,0.999173,-0.012547,0.002328,-0.038614
65585.395,30.290814867,-97.736652276,147.2429,5,0.999279,-0.010038,0.005891,-0.036131
65585.795,30.290861251,-97.736646494,147.3382,1,0.999336,-0.011053,0.002802,-0.034600
65586.195,30.290907840,-97.736640671,147.4356,5,0.999365,-0.011578,0.013741,-0.030783
65586.595,30.290954722,-97.736635234,147.5292,1,0.999453,-0.007844,0.016046,-0.027830
65586.995,30.291001709,-97.736630165,147.6462,1,0.999555,-0.004921,0.012893,-0.026456
65587.395,30.291048277,-97.736625355,147.7792,5,0.999509,-0.008592,0.014300,-0.026527
65587.795,30.291094191,-97.736620308,147.9022,1,0.999487,-0.009352,0.014274,-0.027101
65588.195,30.291139091,-97.736615702,148.0156,5,0.999447,-0.011461,0.015284,-0.027216
65588.595,30.291182884,-97.736610964,148.1027,1,0.999464,-0.012065,0.014527,-0.026728
65588.995,30.291225266,-97.736606349,148.1993,1,0.999498,-0.009472,0.016841,-0.025092
65589.395,30.291266157,-97.736602473,148.2930,5,0.999510,-0.011514,0.017197,-0.023501
65589.795,30.291305778,-97.736598505,148.3806,1,0.999517,-0.012756,0.017645,-0.022183
65590.195,30.291343649,-97.736595012,148.4616,5,0.999536,-0.013811,0.016775,-0.021332
65590.595,30.291379068,-97.736591815,148.5328,1,0.999592,-0.014626,0.013550,-0.020462
65590.995,30.291411855,-97.736588846,148.5943,1,0.999630,-0.015558,0.011428,-0.019184
65591.395,30.291441547,-97.736586234,148.6487,5,0.999574,-0.017797,0.014892,-0.017673
65591.795,30.291467486,-97.736583999,148.6929,1,0.999637,-0.017030,0.011781,-0.017242
65592.195,30.291490037,-97.736582372,148.7304,5,0.999658,-0.017920,0.007230,-0.017647
65592.595,30.291509123,-97.736580710,148.7602,1,0.999631,-0.019561,0.006162,-0.017788
65592.995,30.291524287,-97.736579255,148.7819,1,0.999608,-0.020555,0.006678,-0.017806
65593.395,30.291535101,-97.736578441,148.7940,5,0.999577,-0.021724,0.008297,-0.017449
65593.795,30.291542334,-97.736577677,148.7975,1,0.999590,-0.020938,0.008789,-0.017427
65594.195,30.291547002,-97.736577729,148.8013,5,0.999687,-0.014989,0.008963,-0.017911
65594.595,30.291551933,-97.736577435,148.7837,5,0.999681,-0.015556,0.008450,-0.017993
65594.995,30.291558701,-97.736576877,148.7783,5,0.999736,-0.012578,0.006677,-0.018006
65595.395,30.291569186,-97.736576211,148.7931,4,0.999673,-0.016108,0.009534,-0.017447
65595.795,30.291583540,-97.736575077,148.7810,4,0.999692,-0.015416,0.009505,-0.016939
65596.195,30.291601780,-97.736573930,148.7833,5,0.999720,-0.017033,0.007148,-0.014793
65596.595,30.291623118,-97.736572546,148.7654,5,0.999726,-0.019169,0.008629,-0.010298
65596.995,30.291647583,-97.736571179,148.7311,5,0.999635,-0.023249,0.012899,-0.004762
65597.395,30.291674694,-97.736570006,148.6702,5,0.999473,-0.027889,0.016562,0.000855
65597.795,30.291704252,-97.736569138,148.5763,1,0.999334,-0.031384,0.017884,0.005161
65598.195,30.291736152,-97.736568381,148.4516,5,0.999145,-0.035977,0.018380,0.008770
65598.595,30.291770291,-97.736568031,148.2889,1,0.999033,-0.038689,0.016620,0.012620
65598.995,30.291806628,-97.736567862,148.1104,1,0.998929,-0.039053,0.018461,0.016581
65599.395,30.291845139,-97.736568161,147.9146,5,0.998839,-0.038595,0.019342,0.021370
65599.795,30.291885633,-97.736568915,147.7229,1,0.998793,-0.037557,0.017859,0.026120
65600.195,30.291928534,-97.736570025,147.5105,5,0.998586,-0.039513,0.017981,0.030690
65600.595,30.291972996,-97.736571559,147.2703,1,0.998369,-0.042087,0.018238,0.033978
65600.995,30.292018594,-97.736573493,146.9976,1,0.998113,-0.046754,0.017905,0.035564
65601.395,30.292065446,-97.736575463,146.6998,5,0.998051,-0.046666,0.020518,0.036002
65601.795,30.292113453,-97.736577281,146.4477,1,0.998118,-0.042313,0.026723,0.035438
65602.195,30.292162214,-97.736579171,146.1800,5,0.998084,-0.046345,0.024139,0.033128
65602.595,30.292211233,-97.736580618,145.8872,1,0.998236,-0.046732,0.023639,0.027960
65602.995,30.292260341,-97.736581235,145.6319,1,0.998639,-0.042986,0.022546,0.019079
65603.395,30.292309637,-97.736580439,145.3586,5,0.998711,-0.047038,0.018374,0.005153
65603.795,30.292358492,-97.736577798,145.0819,1,0.998717,-0.044484,0.021973,-0.010098
65604.195,30.292406701,-97.736573546,144.8516,5,0.998581,-0.040585,0.021038,-0.027300
65604.595,30.292453606,-97.736567299,144.6777,1,0.997976,-0.036204,0.021305,-0.047732
65604.995,30.292498927,-97.736558271,144.5287,1,0.996234,-0.034448,0.036047,-0.070938
65605.395,30.292542586,-97.736547373,144.3745,5,0.994119,-0.028338,0.028636,-0.100519
65605.795,30.292584239,-97.736533667,144.3157,1,0.990503,-0.025885,0.020620,-0.133452
65606.195,30.292624417,-97.736516764,144.2226,5,0.985194,-0.025991,0.019877,-0.168291
65606.595,30.292662581,-97.736497396,144.1204,1,0.978709,-0.027803,0.011804,-0.203019
65606.995,30.292696655,-97.736476174,144.0807,1,0.971364,-0.022148,0.013013,-0.236201
65607.395,30.292729850,-97.736453181,144.0870,1,0.963124,-0.014848,0.019369,-0.267950
65607.795,30.292757678,-97.736429849,144.1299,1,0.954169,-0.008559,0.015994,-0.298718
65608.195,30.292782643,-97.736405652,144.2048,5,0.944882,-0.005947,0.024020,-0.326474
65608.595,30.292805017,-97.736381346,144.2522,1,0.935327,-0.007372,0.029339,-0.352487
65608.995,30.292824645,-97.736357380,144.3191,1,0.924891,0.005157,0.030052,-0.379008
65609.395,30.292842108,-97.736333278,144.3926,5,0.911572,0.001107,0.029508,-0.410080
65609.795,30.292856484,-97.736309256,144.4406,1,0.892103,0.000289,0.032928,-0.450630
65610.195,30.292867321,-97.736285860,144.4755,5,0.867264,0.005326,0.040240,-0.496191
65610.595,30.292875507,-97.736262716,144.4873,1,0.836383,0.002206,0.035230,-0.547007
65610.995,30.292880893,-97.736239767,144.4842,1,0.801349,-0.002102,0.031242,-0.597377
65611.395,30.292883288,-97.736217090,144.4678,5,0.758196,-0.004465,0.030174,-0.651313
65611.795,30.292882843,-97.736194360,144.4380,1,0.713636,-0.003863,0.037096,-0.699523
65612.195,30.292880117,-97.736172818,144.3955,5,0.669450,0.001726,0.038023,-0.741882
65612.595,30.292874673,-97.736151986,144.2290,1,0.616683,-0.006968,0.039852,-0.786172
65612.995,30.292866021,-97.736129115,144.1071,1,0.552070,-0.006390,0.039731,-0.832826
65613.395,30.292853738,-97.736108690,143.9669,5,0.481487,-0.005520,0.042003,-0.875429
65613.795,30.292837268,-97.736088200,143.9016,1,0.412682,-0.000957,0.044647,-0.909780
65614.196,30.292817226,-97.736069069,143.7940,5,0.353436,0.002405,0.048098,-0.934218
65614.596,30.292793798,-97.736052944,143.8110,1,0.295802,-0.004796,0.040106,-0.954395
65614.996,30.292767523,-97.736037379,143.6699,1,0.237937,-0.002638,0.040904,-0.970415
65615.396,30.292738037,-97.736023926,143.5043,5,0.200140,-0.000153,0.041994,-0.978867
65615.796,30.292706747,-97.736011631,143.3250,1,0.168706,-0.005509,0.040746,-0.984808
65616.196,30.292673136,-97.736000969,143.1627,5,0.143838,-0.004767,0.037684,-0.988872
65616.596,30.292637307,-97.735990953,142.9854,1,0.132303,-0.003790,0.038002,-0.990473
65616.996,30.292599783,-97.735980544,142.8065,1,0.134354,-0.002849,0.037235,-0.990230
65617.396,30.292560760,-97.735969064,142.6465,5,0.145546,0.001128,0.039943,-0.988544
65617.796,30.292521222,-97.735955570,142.4653,1,0.161164,-0.006701,0.037917,-0.986176
65618.196,30.292480699,-97.735940992,142.2767,5,0.180535,-0.006628,0.035942,-0.982889
65618.596,30.292440720,-97.735924388,142.0705,1,0.197420,-0.006285,0.040819,-0.979449
65618.996,30.292401494,-97.735906107,141.8884,1,0.211972,-0.004816,0.039271,-0.976475
65619.396,30.292362591,-97.735886625,141.6986,5,0.222534,-0.010596,0.040417,-0.974029
65619.796,30.292324123,-97.735866295,141.5345,1,0.234485,-0.006783,0.037404,-0.971376
65620.196,30.292286260,-97.735844841,141.3736,5,0.245703,-0.010466,0.031784,-0.968767
65620.596,30.292248844,-97.735822395,141.2547,1,0.256850,-0.011860,0.032399,-0.965835
65620.996,30.292212110,-97.735799180,141.1573,1,0.270136,-0.005465,0.029324,-0.962360
65621.396,30.292176292,-97.735774853,141.0655,5,0.284461,-0.005739,0.031571,-0.958151
65621.796,30.292141231,-97.735749328,140.9634,1,0.295759,-0.010483,0.028942,-0.954767
65622.196,30.292107006,-97.735723250,140.8886,5,0.310082,-0.009543,0.028092,-0.950247
65622.596,30.292073858,-97.735696218,140.8340,5,0.322844,-0.008375,0.021086,-0.946180
65622.996,30.292041148,-97.735668221,140.7899,1,0.329874,-0.015072,0.023458,-0.943613
65623.396,30.292008650,-97.735639913,140.7613,5,0.336354,-0.010565,0.021892,-0.941422
65623.796,30.291976580,-97.735611036,140.7287,1,0.342678,-0.012145,0.023758,-0.939074
65624.196,30.291945115,-97.735582022,140.6880,5,0.349247,-0.009683,0.026217,-0.936614
65624.596,30.291914393,-97.735552873,140.6351,1,0.353268,-0.011443,0.025991,-0.935091
65624.996,30.291884167,-97.735523948,140.5845,1,0.354753,-0.012580,0.025342,-0.934532
65625.396,30.291854375,-97.735495346,140.5480,5,0.355722,-0.011612,0.024167,-0.934207
65625.796,30.291824968,-97.735467101,140.5148,1,0.356414,-0.010432,0.026894,-0.933883
65626.196,30.291796141,-97.735439094,140.4688,5,0.357026,-0.012785,0.024220,-0.933693
65626.596,30.291767598,-97.735411386,140.4360,1,0.357369,-0.012147,0.021455,-0.933638
65626.996,30.291739029,-97.735383616,140.4050,1,0.357586,-0.013733,0.026526,-0.933402
65627.395,30.291710793,-97.735356161,140.3566,5,0.357216,-0.013794,0.024131,-0.933608
65627.795,30.291682848,-97.735329068,140.3218,1,0.357270,-0.012078,0.022771,-0.933646
65628.195,30.291655298,-97.735302162,140.2980,5,0.358642,-0.012214,0.023358,-0.933103
65628.595,30.291627741,-97.735275167,140.2669,1,0.359520,-0.010873,0.022264,-0.932809
65628.995,30.291599976,-97.735247916,140.2309,1,0.356656,-0.015516,0.022617,-0.933833
65629.396,30.291571560,-97.735221750,140.1485,5,0.355047,-0.017624,0.022591,-0.934409
65629.796,30.291543650,-97.735195092,140.1154,1,0.354437,-0.015222,0.021112,-0.934718
65630.196,30.291515660,-97.735168605,140.0791,5,0.353910,-0.014529,0.023067,-0.934882
65630.596,30.291488062,-97.735142328,140.0378,1,0.353382,-0.013510,0.024043,-0.935073
65630.996,30.291461237,-97.735116816,140.0038,1,0.350442,-0.015283,0.022377,-0.936192
65631.396,30.291434565,-97.735092351,139.9639,5,0.346448,-0.013621,0.023012,-0.937688
65631.796,30.291408002,-97.735067854,139.9326,1,0.344369,-0.015942,0.021753,-0.938447
65632.196,30.291381437,-97.735043576,139.9015,5,0.344391,-0.014110,0.021599,-0.938472
65632.596,30.291354363,-97.735018917,139.8656,1,0.343589,-0.011795,0.020697,-0.938818
65632.996,30.291326625,-97.734993794,139.8383,1,0.340907,-0.011656,0.022021,-0.939767
65633.396,30.291298727,-97.734969468,139.7952,5,0.334003,-0.011680,0.026233,-0.942134
65633.796,30.291270441,-97.734945693,139.7438,1,0.321456,-0.010357,0.027481,-0.946469
65634.196,30.291241585,-97.734923181,139.6783,5,0.304829,-0.009648,0.028070,-0.951945
65634.596,30.291212459,-97.734902081,139.6315,1,0.287872,-0.008844,0.023591,-0.957337
65634.996,30.291182684,-97.734882056,139.6016,1,0.274010,-0.006779,0.023945,-0.961405
65635.396,30.291152148,-97.734862303,139.5684,5,0.267508,-0.005654,0.023361,-0.963256
65635.796,30.291120647,-97.734842452,139.5359,1,0.262050,-0.003377,0.021091,-0.964818
65636.196,30.291087841,-97.734822731,139.4896,5,0.255053,-0.001388,0.022438,-0.966666
65636.596,30.291054160,-97.734802925,139.4476,1,0.246326,-0.003991,0.025689,-0.968838
65636.996,30.291019512,-97.734783483,139.3959,1,0.237402,-0.004144,0.024929,-0.971083
65637.396,30.290983725,-97.734764341,139.3432,5,0.229833,-0.003108,0.025724,-0.972885
65637.796,30.290947197,-97.734745337,139.2889,1,0.224558,-0.003457,0.023936,-0.974160
65638.196,30.290909680,-97.734726273,139.2447,5,0.220741,-0.004166,0.026030,-0.974976
65638.596,30.290871478,-97.734707264,139.1768,1,0.216959,-0.003113,0.025909,-0.975832
65638.996,30.290832645,-97.734688434,139.1119,1,0.210245,-0.004564,0.025990,-0.977292
65639.396,30.290793488,-97.734670320,139.0812,5,0.201369,-0.006230,0.024749,-0.979183
65639.796,30.290754371,-97.734653266,139.0467,1,0.194322,-0.001673,0.025643,-0.980601
65640.196,30.290715345,-97.734637109,138.9930,5,0.185379,-0.001137,0.025563,-0.982334
65640.596,30.290676710,-97.734621905,138.9494,1,0.175077,-0.003441,0.023734,-0.984263
65640.996,30.290637985,-97.734607786,138.9074,1,0.163792,-0.004060,0.024181,-0.986190
65641.396,30.290598519,-97.734594753,138.8866,5,0.151866,-0.004592,0.024649,-0.988083
65641.796,30.290558149,-97.734582649,138.8417,1,0.138081,-0.004238,0.025205,-0.990091
65642.196,30.290516857,-97.734571547,138.8142,5,0.126242,-0.008810,0.022478,-0.991706
65642.596,30.290475165,-97.734561356,138.7744,1,0.115532,-0.009509,0.027942,-0.992865
65642.996,30.290433470,-97.734552388,138.7051,1,0.101706,-0.010518,0.029988,-0.994307
65643.396,30.290391850,-97.734545362,138.6262,5,0.086253,-0.003668,0.027376,-0.995890
65643.796,30.290350215,-97.734539711,138.5579,1,0.069677,-0.001252,0.023556,-0.997291
65644.196,30.290307787,-97.734535776,138.5239,5,0.052516,0.004569,0.026470,-0.998259
65644.596,30.290264501,-97.734533343,138.4556,1,0.033598,0.003702,0.028881,-0.999011
65644.996,30.290220388,-97.734532842,138.3835,1,0.014212,0.003091,0.023318,-0.999622
65645.396,30.290175463,-97.734534503,138.3088,5,0.005385,-0.006868,-0.025554,0.999635
65645.796,30.290130251,-97.734538340,138.2796,1,0.025436,-0.012258,-0.023617,0.999322
65646.196,30.290084961,-97.734544041,138.2518,5,0.043398,-0.012099,-0.020485,0.998775
65646.596,30.290039819,-97.734550863,138.2208,1,0.050858,-0.010592,-0.022454,0.998397
65646.996,30.289994703,-97.734558213,138.1798,1,0.053550,-0.012250,-0.022059,0.998246
65647.396,30.289949125,-97.734565716,138.1352,5,0.055954,-0.009328,-0.023229,0.998120
65647.796,30.289903747,-97.734573555,138.0838,1,0.058327,-0.009141,-0.022356,0.998005
65648.196,30.289858417,-97.734581521,138.0308,5,0.059577,-0.009875,-0.027117,0.997806
65648.596,30.289813453,-97.734589666,137.9960,1,0.060092,-0.013257,-0.027561,0.997724
65648.996,30.289769302,-97.734597647,137.9484,1,0.060613,-0.014435,-0.027710,0.997672
65649.395,30.289726637,-97.734605199,137.9089,5,0.060316,-0.015611,-0.030210,0.997600
65649.795,30.289686103,-97.734612493,137.8711,1,0.060371,-0.015780,-0.027787,0.997664
65650.195,30.289648227,-97.734619331,137.8437,5,0.061394,-0.017249,-0.025199,0.997646
65650.595,30.289613451,-97.734625797,137.8386,1,0.062317,-0.020408,-0.025944,0.997510
65650.995,30.289582013,-97.734631754,137.8256,1,0.063704,-0.023659,-0.030194,0.997231
65651.395,30.289554221,-97.734637056,137.7971,5,0.068763,-0.021009,-0.025755,0.997079
65651.795,30.289529380,-97.734642424,137.7906,1,0.078872,-0.020065,-0.024054,0.996392
65652.195,30.289507083,-97.734647965,137.7757,5,0.097977,-0.010716,-0.019846,0.994933
65652.595,30.289485866,-97.734655075,137.7667,1,0.135405,-0.003422,-0.023100,0.990515
65652.995,30.289465619,-97.734664643,137.7505,1,0.188394,0.001751,-0.025337,0.981765
65653.396,30.289447097,-97.734677384,137.7380,5,0.254827,0.002528,-0.023215,0.966705
65653.796,30.289430411,-97.734693109,137.7311,1,0.328874,0.004701,-0.023994,0.944057
65654.196,30.289415908,-97.734711983,137.7371,5,0.404833,0.006395,-0.021188,0.914123
65654.596,30.289404039,-97.734734465,137.7577,1,0.484007,0.004677,-0.018012,0.874866
65654.996,30.289395419,-97.734760403,137.7930,1,0.562572,0.003266,-0.015753,0.826592
65655.396,30.289390771,-97.734789092,137.8563,5,0.637215,0.000980,-0.009620,0.770625
65655.796,30.289390359,-97.734818947,137.9373,1,0.693130,-0.003341,-0.001133,0.720804
65656.196,30.289392310,-97.734849673,138.0393,5,0.722666,-0.008653,0.004150,0.691131
65656.596,30.289395331,-97.734881529,138.1424,1,0.732203,-0.003314,0.011481,0.680982
65656.996,30.289398513,-97.734915497,138.2774,1,0.729658,-0.006104,0.012027,0.683679
65657.396,30.289401257,-97.734951006,138.4257,5,0.726464,0.003163,0.012986,0.687075
65657.796,30.289403777,-97.734988731,138.5886,1,0.722779,0.001115,0.003228,0.691071
65658.196,30.289406159,-97.735028665,138.7532,5,0.718847,-0.001334,0.002509,0.695162
65658.596,30.289408251,-97.735070221,138.9218,1,0.717117,-0.000232,0.005810,0.696929
65658.996,30.289410377,-97.735112868,139.1029,1,0.714883,0.002436,0.006545,0.699209
65659.396,30.289411977,-97.735157843,139.2771,5,0.709871,0.001080,0.006456,0.704301
65659.796,30.289413006,-97.735203857,139.4418,1,0.704428,0.001759,0.003160,0.709767
65660.196,30.289413528,-97.735251332,139.6359,5,0.699001,0.001427,0.004194,0.715107
65660.596,30.289413611,-97.735299762,139.8356,1,0.693602,-0.001807,0.006428,0.720328
65660.996,30.289413248,-97.735349343,140.0327,1,0.692962,-0.000150,0.005990,0.720949
65661.396,30.289413128,-97.735399936,140.2403,5,0.695449,-0.000245,0.004014,0.718564
65661.796,30.289413276,-97.735450622,140.4382,1,0.697747,-0.000293,0.002576,0.716340
65662.196,30.289413673,-97.735501494,140.6487,5,0.698540,-0.000507,0.004203,0.715558
65662.596,30.289413991,-97.735552702,140.8695,1,0.698571,0.000180,0.003532,0.715532
65662.996,30.289414345,-97.735604307,141.0847,1,0.699645,0.002903,0.003239,0.714478
65663.396,30.289414970,-97.735656448,141.3184,1,0.701205,0.001889,0.002842,0.712951
65663.796,30.289415757,-97.735709173,141.5376,1,0.703433,0.004051,0.000582,0.710750
65664.195,30.289417032,-97.735761878,141.7679,5,0.706239,0.002322,0.003921,0.707959
65664.595,30.289418565,-97.735814778,142.0055,1,0.708198,0.000770,0.002887,0.706008
65664.995,30.289420384,-97.735866977,142.2400,1,0.708856,-0.005257,0.005209,0.705315
65665.395,30.289422559,-97.735917479,142.4294,5,0.709706,-0.005129,0.004635,0.704464
65665.795,30.289424690,-97.735966976,142.6525,1,0.711781,-0.005832,0.002680,0.702372
65666.195,30.289426734,-97.736014438,142.8608,5,0.713788,-0.004247,0.002398,0.700345
65666.595,30.289428941,-97.736059178,143.0646,1,0.715842,-0.006870,0.002820,0.698223
65666.995,30.289431227,-97.736100917,143.2557,1,0.717472,-0.006893,0.004194,0.696540
65667.395,30.289433453,-97.736139645,143.4235,5,0.719496,-0.006627,0.001802,0.694462
65667.795,30.289435686,-97.736175149,143.5839,1,0.721732,-0.005627,0.000976,0.692149
65668.195,30.289437725,-97.736207628,143.7342,5,0.720628,-0.003180,0.002802,0.693309
65668.595,30.289439437,-97.736237913,143.8722,1,0.719466,-0.001220,0.002570,0.694522
65668.995,30.289440878,-97.736265914,143.9977,1,0.719230,-0.000891,-0.000157,0.694771
65669.395,30.289442338,-97.736290689,144.1117,5,0.721126,-0.000536,-0.000890,0.692804
65669.795,30.289443564,-97.736312088,144.1958,1,0.722110,-0.000326,-0.000518,0.691778
65670.195,30.289445071,-97.736329732,144.3434,5,0.722249,0.000167,-0.000541,0.691633
65670.595,30.289446269,-97.736344795,144.4314,1,0.722789,0.002078,0.000441,0.691065
65670.995,30.289447197,-97.736357954,144.5185,1,0.723061,0.002087,0.000582,0.690781
65671.395,30.289447931,-97.736368225,144.5814,5,0.723397,0.002292,0.000619,0.690428
65671.795,30.289448478,-97.736376717,144.6420,5,0.723711,0.003559,0.000428,0.690093
65672.196,30.289448619,-97.736381333,144.7058,5,0.723879,0.003701,0.001454,0.689915
65672.596,30.289448923,-97.736385924,144.7338,5,0.723916,0.003563,0.001334,0.689877
65672.996,30.289449186,-97.736388829,144.7247,5,0.723998,0.003954,0.001682,0.689788
65673.396,30.289449328,-97.736389924,144.7395,5,0.724070,0.004156,0.001621,0.689713
65673.796,30.289449374,-97.736389817,144.7534,5,0.724057,0.004205,0.001571,0.689725
65674.196,30.289449674,-97.736389523,144.7681,5,0.723843,0.005641,0.002821,0.689936
65674.596,30.289449994,-97.736389554,144.7911,5,0.723838,0.005472,0.002696,0.689943
65674.996,30.289450268,-97.736389583,144.8121,5,0.723850,0.005515,0.002713,0.689930
65675.396,30.289451061,-97.736394506,144.8759,5,0.724051,0.006638,0.003672,0.689705
65675.796,30.289450786,-97.736399067,144.7831,5,0.724261,0.009416,0.005903,0.689436
65676.196,30.289450536,-97.736406945,144.7007,5,0.724501,0.009918,0.005894,0.689177
65676.596,30.289451100,-97.736416646,144.7067,5,0.724752,0.010023,0.004807,0.688920
65676.996,30.289452053,-97.736429192,144.7717,5,0.725097,0.009842,0.004653,0.688561
65677.396,30.289453820,-97.736444815,144.7597,4,0.725686,0.009803,0.003269,0.687949
65677.796,30.289455248,-97.736462662,144.8486,4,0.726061,0.010014,0.003461,0.687549
65678.196,30.289456798,-97.736482689,144.8080,5,0.725600,0.009900,0.002533,0.688041
65678.596,30.289458668,-97.736505888,144.7868,5,0.725558,0.009486,0.004378,0.688082
65678.996,30.289460730,-97.736531933,144.9036,1,0.725585,0.006596,0.004560,0.688086
65679.396,30.289462792,-97.736560623,145.0174,5,0.724958,0.005315,0.005327,0.688752
65679.796,30.289465091,-97.736591436,145.1473,1,0.724531,0.004539,0.006750,0.689195
65680.196,30.289467574,-97.736624748,145.3021,5,0.724188,0.004427,0.010144,0.689514
65680.596,30.289470128,-97.736660039,145.4619,1,0.724960,0.006508,0.010913,0.688674
65680.996,30.289472839,-97.736697198,145.6539,1,0.725002,0.008327,0.009353,0.688633
65681.396,30.289475694,-97.736736613,145.8630,5,0.724569,0.007783,0.008823,0.689102
65681.796,30.289478662,-97.736777846,146.0676,1,0.723896,0.006434,0.008036,0.689832
65682.196,30.289481728,-97.736821029,146.2936,5,0.721813,0.000981,0.010552,0.692008
65682.596,30.289484524,-97.736865915,146.5309,1,0.719696,0.005948,0.012964,0.694142
65682.996,30.289487189,-97.736912377,146.7907,1,0.719399,0.013919,0.014404,0.694308
65683.396,30.289490027,-97.736960572,147.0965,5,0.719969,0.010706,0.011602,0.693827
65683.796,30.289493016,-97.737010074,147.3991,1,0.720839,0.012992,0.010043,0.692908
65684.196,30.289496294,-97.737060675,147.7312,5,0.721551,0.014918,0.011020,0.692112
65684.596,30.289499706,-97.737112625,148.0864,1,0.721349,0.015081,0.012792,0.692290
65684.996,30.289502865,-97.737165783,148.4530,1,0.717881,0.014583,0.013115,0.695890
65685.396,30.289505695,-97.737219846,148.8329,5,0.716775,0.015684,0.013048,0.697006
65685.796,30.289508782,-97.737274545,149.2247,1,0.719530,0.015226,0.012106,0.694189
65686.196,30.289512304,-97.737328686,149.6136,5,0.721633,0.012538,0.012532,0.692049
65686.596,30.289515861,-97.737381542,149.9921,1,0.721986,0.011657,0.013464,0.691678
65686.996,30.289519337,-97.737433369,150.3579,1,0.722247,0.013301,0.015040,0.691343
65687.396,30.289522917,-97.737485225,150.7271,5,0.723475,0.012768,0.014579,0.690078
65687.796,30.289526772,-97.737537324,151.0825,1,0.725763,0.012282,0.013249,0.687708
65688.196,30.289530797,-97.737589650,151.4363,5,0.725717,0.012483,0.013189,0.687753
65688.596,30.289534636,-97.737642053,151.7879,1,0.723993,0.010941,0.011073,0.689632
65688.996,30.289538143,-97.737693796,152.1351,1,0.721636,0.011989,0.011365,0.692075
65689.395,30.289541354,-97.737745234,152.4780,5,0.720212,0.012164,0.010163,0.693573
65689.795,30.289544626,-97.737796700,152.8192,1,0.721448,0.013086,0.010259,0.692269
65690.195,30.289548160,-97.737848169,153.1615,5,0.723602,0.012721,0.010141,0.690025
65690.596,30.289551973,-97.737899867,153.4987,1,0.725688,0.013734,0.008977,0.687828
65690.996,30.289556029,-97.737951755,153.8159,1,0.727404,0.013006,0.005885,0.686061
65691.396,30.289560256,-97.738003797,154.1260,5,0.727346,0.011471,0.005542,0.686152
65691.797,30.289564341,-97.738055988,154.4128,1,0.726987,0.010256,0.002663,0.686570
65692.197,30.289568271,-97.738107943,154.6795,5,0.726187,0.011520,0.000078,0.687401
65692.597,30.289572175,-97.738159886,154.9388,1,0.725862,0.011854,-0.002882,0.687732
65692.997,30.289576158,-97.738211868,155.1678,1,0.726826,0.009393,-0.008113,0.686710
65693.397,30.289580389,-97.738263403,155.3820,5,0.727869,0.008506,-0.005187,0.685644
65693.797,30.289584712,-97.738315164,155.5828,1,0.729147,0.007990,-0.007162,0.684273
65694.197,30.289589220,-97.738367154,155.7746,5,0.729244,0.004490,-0.007693,0.684196
65694.597,30.289593613,-97.738418785,155.9405,1,0.728463,0.001379,-0.008765,0.685028
65694.997,30.289597861,-97.738470187,156.0740,1,0.727226,0.000233,-0.009464,0.686333
65695.397,30.289602049,-97.738522150,156.1767,5,0.726759,-0.002704,-0.013121,0.686762
65695.797,30.289606230,-97.738574120,156.2440,1,0.725889,-0.006609,-0.014796,0.687621
65696.197,30.289610193,-97.738625871,156.2908,5,0.724840,-0.009660,-0.018399,0.688604
65696.597,30.289612384,-97.738676951,156.2446,1,0.724038,-0.012226,-0.019198,0.689385
65696.997,30.289616169,-97.738729819,156.1876,1,0.724034,-0.014392,-0.021656,0.689274
65697.397,30.289619989,-97.738782837,156.1209,5,0.723894,-0.014444,-0.023736,0.689352
65697.797,30.289623817,-97.738835626,156.0651,1,0.723796,-0.015673,-0.024874,0.689388
65698.197,30.289627579,-97.738888089,156.0074,5,0.724092,-0.011704,-0.025022,0.689150
65698.597,30.289631380,-97.738940248,155.9526,1,0.724323,-0.010242,-0.026726,0.688867
65698.997,30.289635180,-97.738992047,155.8987,1,0.724274,-0.009320,-0.028008,0.688880
65699.397,30.289639030,-97.739043473,155.8555,5,0.724827,-0.008315,-0.027157,0.688345
65699.797,30.289642844,-97.739094547,155.8192,1,0.724782,-0.007308,-0.028898,0.688333
65700.197,30.289646566,-97.739145233,155.7798,5,0.724938,-0.005622,-0.031055,0.688091
65700.597,30.289648326,-97.739196449,155.6602,1,0.723943,-0.006685,-0.031924,0.689088
65700.997,30.289651710,-97.739246058,155.6289,1,0.722446,-0.007285,-0.029260,0.690769
65701.397,30.289654742,-97.739294141,155.6271,5,0.721760,-0.007381,-0.025546,0.691633
65701.797,30.289656947,-97.739340602,155.5436,1,0.721938,-0.010689,-0.023715,0.691469
65702.197,30.289659820,-97.739384386,155.5327,5,0.722338,-0.012158,-0.022770,0.691058
65702.597,30.289662328,-97.739425524,155.5036,1,0.722556,-0.012835,-0.021221,0.690867
65702.997,30.289665003,-97.739464814,155.4984,1,0.722857,-0.013238,-0.018177,0.690631
65703.397,30.289667522,-97.739502934,155.5114,5,0.722986,-0.012850,-0.014012,0.690602
65703.797,30.289670011,-97.739540029,155.5422,1,0.723104,-0.013925,-0.011825,0.690497
65704.197,30.289672476,-97.739576172,155.5587,5,0.723202,-0.017717,-0.014183,0.690264
65704.597,30.289674844,-97.739610677,155.6158,1,0.723447,-0.009505,-0.004727,0.690299
65704.997,30.289677156,-97.739643610,155.6794,1,0.723701,-0.014776,-0.007478,0.689915
65705.397,30.289679294,-97.739674340,155.7362,5,0.723957,-0.012717,-0.005438,0.689706
65705.797,30.289681230,-97.739701804,155.8136,1,0.724147,-0.013177,-0.004231,0.689507
65706.197,30.289682911,-97.739725323,155.8693,5,0.724208,-0.013471,-0.003655,0.689441
65706.597,30.289684286,-97.739744866,155.9372,1,0.724174,-0.013030,-0.003272,0.689487
65706.997,30.289685409,-97.739761072,155.9728,1,0.724364,-0.011401,-0.003260,0.689316
65707.398,30.289686367,-97.739774746,156.0073,5,0.724418,-0.011028,-0.003386,0.689265
65707.798,30.289687164,-97.739785967,156.0356,1,0.724551,-0.008791,-0.001773,0.689163
65708.198,30.289687890,-97.739796017,156.0646,5,0.724842,-0.008576,-0.001541,0.688860
65708.598,30.289688549,-97.739804879,156.0894,5,0.725214,-0.008079,-0.001148,0.688475
65708.998,30.289689145,-97.739812580,156.1132,1,0.725444,-0.009454,-0.001788,0.688214
65709.398,30.289689542,-97.739818182,156.1370,5,0.725709,-0.008889,-0.001392,0.687943
65709.798,30.289689827,-97.739821818,156.1480,5,0.725862,-0.008641,-0.001094,0.687785
65710.198,30.289689977,-97.739823701,156.1526,5,0.725873,-0.008207,-0.001056,0.687778
65710.598,30.289690005,-97.739823710,156.1504,5,0.725897,-0.007737,-0.000791,0.687760
65710.998,30.289690021,-97.739823426,156.1553,5,0.725907,-0.006691,0.000249,0.687760
65711.398,30.289689926,-97.739824498,156.1542,5,0.725945,-0.006451,0.000440,0.687722
65711.798,30.289689870,-97.739824607,156.1542,5,0.725957,-0.006540,0.000331,0.687709
65712.198,30.289689846,-97.739824781,156.1463,4,0.725975,-0.006539,0.000393,0.687690
65712.598,30.289689856,-97.739824762,156.1463,4,0.725957,-0.006456,0.000471,0.687709
65712.998,30.289689871,-97.739824826,156.1463,4,0.725981,-0.006488,0.000441,0.687684
65713.398,30.289689900,-97.739825218,156.1452,4,0.725993,-0.006433,0.000409,0.687671
65713.798,30.289689923,-97.739825374,156.1461,4,0.725989,-0.006309,0.000443,0.687678
65714.198,30.289689946,-97.739825549,156.1471,4,0.726001,-0.006310,0.000406,0.687665
65714.598,30.289689973,-97.739825972,156.1469,4,0.725990,-0.006137,0.000413,0.687678
65714.998,30.289689990,-97.739826487,156.1448,4,0.725963,-0.005816,0.000633,0.687709
65715.398,30.289690085,-97.739827834,156.1515,4,0.725925,-0.005208,0.000993,0.687753
65715.798,30.289690301,-97.739830545,156.1624,4,0.726008,-0.001740,0.003448,0.687675
65716.198,30.289690788,-97.739836697,156.1819,5,0.726177,-0.001168,0.004699,0.687491
65716.598,30.289691591,-97.739846572,156.2124,5,0.726140,-0.001637,0.006057,0.687518
65716.998,30.289692617,-97.739860181,156.2591,5,0.725457,-0.001329,0.004874,0.688249
65717.398,30.289693822,-97.739877379,156.3230,4,0.724579,-0.001226,0.004796,0.689174
65717.798,30.289695292,-97.739897501,156.3942,4,0.724229,-0.001678,0.004559,0.689542
65718.198,30.289696929,-97.739920519,156.4764,5,0.723925,-0.000187,0.005307,0.689859
65718.598,30.289698784,-97.739946377,156.5705,5,0.723846,0.000012,0.005666,0.689938
65718.998,30.289700833,-97.739975458,156.6752,1,0.724791,0.000662,0.004687,0.688953
65719.398,30.289703242,-97.740007079,156.7882,5,0.726718,0.000969,0.002633,0.686930
65719.798,30.289706010,-97.740041041,156.8987,1,0.730121,-0.000056,-0.000387,0.683318
65720.199,30.289709106,-97.740075212,157.0199,5,0.732619,-0.000955,-0.002305,0.680634
65720.599,30.289712081,-97.740109357,157.1263,1,0.734097,0.000428,-0.002814,0.679039
65720.999,30.289715372,-97.740142616,157.2406,1,0.737281,0.001323,-0.005073,0.675566
65721.399,30.289718911,-97.740176133,157.3373,5,0.742308,0.003000,-0.001136,0.670051
65721.799,30.289723121,-97.740209656,157.4600,1,0.747323,0.005952,-0.005579,0.664411
65722.199,30.289727773,-97.740243495,157.5801,5,0.749688,0.000756,-0.003744,0.661780
65722.599,30.289732429,-97.740278003,157.6497,5,0.749468,-0.005327,-0.002365,0.662015
65722.999,30.289737123,-97.740312931,157.7420,1,0.748925,-0.003266,-0.002156,0.662643
65723.399,30.289741647,-97.740349190,157.7761,5,0.747602,-0.006759,-0.014045,0.663964
65723.799,30.289746156,-97.740385926,157.8109,1,0.746066,-0.000042,-0.014447,0.665715
65724.199,30.289750663,-97.740422976,157.8852,5,0.744161,-0.003996,-0.015887,0.667800
65724.599,30.289754989,-97.740459734,157.9242,1,0.742084,-0.003469,-0.016585,0.670093
65724.999,30.289758996,-97.740496115,157.9703,1,0.740292,-0.003095,-0.017308,0.672055
65725.399,30.289762742,-97.740532040,158.0159,5,0.738333,-0.001507,-0.017343,0.674211
65725.799,30.289766404,-97.740567623,158.0584,1,0.736183,-0.003616,-0.016658,0.676568
65726.199,30.289769670,-97.740602580,158.1024,5,0.734143,-0.003249,-0.017564,0.678760
65726.599,30.289772689,-97.740636513,158.1422,1,0.731875,-0.001502,-0.017159,0.681221
65726.999,30.289775408,-97.740668359,158.2100,1,0.730641,-0.004290,-0.015641,0.682569
65727.399,30.289777819,-97.740696956,158.2586,5,0.731192,-0.007584,-0.018529,0.681878
65727.799,30.289780211,-97.740722099,158.2885,1,0.732755,-0.009769,-0.017333,0.680202
65728.199,30.289782297,-97.740744070,158.3095,5,0.734324,-0.013404,-0.017612,0.678438
65728.599,30.289784359,-97.740764347,158.3148,1,0.736413,-0.013333,-0.013476,0.676266
65728.999,30.289786276,-97.740784235,158.3214,1,0.736064,-0.013369,-0.012883,0.676657
65729.399,30.289788148,-97.740803809,158.3272,5,0.735173,-0.014565,-0.013258,0.677594
65729.799,30.289790190,-97.740822943,158.3140,1,0.734515,-0.017571,-0.016793,0.678157
65730.199,30.289791786,-97.740839722,158.3072,5,0.735480,-0.018972,-0.017951,0.677043
65730.599,30.289793167,-97.740853664,158.2988,5,0.736042,-0.019412,-0.016454,0.676458
65730.999,30.289794440,-97.740865227,158.2769,1,0.736607,-0.019479,-0.016380,0.675842
65731.399,30.289795368,-97.740874492,158.2668,5,0.737185,-0.018548,-0.015522,0.675257
65731.799,30.289796267,-97.740882641,158.2621,5,0.737519,-0.020638,-0.014968,0.674846
65732.199,30.289797039,-97.740889022,158.2534,5,0.737648,-0.021461,-0.015476,0.674667
65732.599,30.289797406,-97.740893197,158.2444,5,0.737715,-0.021792,-0.015799,0.674575
65732.999,30.289797559,-97.740895491,158.2361,5,0.737845,-0.021586,-0.015958,0.674436
65733.399,30.289797557,-97.740896359,158.2325,5,0.737922,-0.021359,-0.015250,0.674375
65733.799,30.289797472,-97.740896444,158.2345,5,0.737911,-0.021334,-0.015252,0.674388
65734.199,30.289797239,-97.740895989,158.2242,5,0.737944,-0.020598,-0.014803,0.674385
65734.599,30.289797244,-97.740895776,158.2302,5,0.737957,-0.020546,-0.014755,0.674374
65734.999,30.289797136,-97.740895477,158.2332,5,0.737938,-0.020603,-0.014797,0.674392
65735.399,30.289797514,-97.740895575,158.2343,5,0.737846,-0.020726,-0.014831,0.674488
65735.799,30.289797469,-97.740895332,158.2393,5,0.737816,-0.020745,-0.014849,0.674520
65736.199,30.289797556,-97.740896238,158.2563,5,0.737812,-0.020880,-0.014961,0.674517
65736.599,30.289797486,-97.740896098,158.2583,5,0.737800,-0.020887,-0.014992,0.674529
65736.999,30.289797484,-97.740896071,158.2613,5,0.737800,-0.020900,-0.015003,0.674529
65737.399,30.289797764,-97.740896705,158.2774,5,0.737808,-0.021032,-0.015053,0.674515
65737.799,30.289797786,-97.740896752,158.2784,5,0.737814,-0.021025,-0.015034,0.674509
65738.199,30.289798072,-97.740897368,158.2715,5,0.737805,-0.021138,-0.015079,0.674515
65738.599,30.289798161,-97.740897128,158.3055,5,0.737796,-0.021232,-0.015106,0.674521
65738.999,30.289798149,-97.740897139,158.3025,5,0.737831,-0.021238,-0.015086,0.674482
65739.399,30.289798426,-97.740897955,158.2775,4,0.737824,-0.021302,-0.015145,0.674487
65739.799,30.289798426,-97.740898026,158.2775,4,0.737858,-0.021316,-0.015155,0.674449
65740.199,30.289798501,-97.740898103,158.2816,4,0.737856,-0.021390,-0.015152,0.674449
65740.599,30.289798482,-97.740898131,158.2846,4,0.737857,-0.021373,-0.015184,0.674448
65740.999,30.289798449,-97.740898163,158.2875,4,0.737869,-0.021369,-0.015227,0.674434
65741.399,30.289798509,-97.740898240,158.2896,4,0.737903,-0.021392,-0.015175,0.674397
65741.799,30.289798491,-97.740898296,158.2926,4,0.737909,-0.021399,-0.015181,0.674390
65742.199,30.289798507,-97.740898278,158.2916,4,0.737927,-0.021392,-0.015162,0.674371
65742.599,30.289798497,-97.740898336,158.2936,4,0.737909,-0.021397,-0.015156,0.674391
65742.999,30.289798479,-97.740898411,158.2956,4,0.737910,-0.021361,-0.015170,0.674390
65743.399,30.289798519,-97.740898389,158.2926,4,0.737910,-0.021361,-0.015170,0.674390
65743.799,30.289798504,-97.740898469,158.2925,4,0.737922,-0.021376,-0.015219,0.674376
65744.199,30.289798531,-97.740898386,158.2885,4,0.737935,-0.021318,-0.015165,0.674365
65744.599,30.289798539,-97.740898447,158.2896,4,0.737969,-0.021369,-0.015174,0.674326
65744.999,30.289798531,-97.740898523,158.2906,4,0.737976,-0.021329,-0.015114,0.674321
65745.399,30.289798517,-97.740898415,158.2896,4,0.738000,-0.021296,-0.015059,0.674296
65745.799,30.289798512,-97.740898484,158.2927,4,0.738011,-0.021326,-0.015027,0.674284
65746.199,30.289798554,-97.740898370,158.2897,4,0.737994,-0.021306,-0.015010,0.674304
65746.599,30.289798539,-97.740898425,158.2897,4,0.737986,-0.021401,-0.015049,0.674309
65746.999,30.289798529,-97.740898485,158.2897,4,0.737977,-0.021304,-0.014973,0.674324
65747.399,30.289798542,-97.740898355,158.2877,4,0.737989,-0.021292,-0.014961,0.674311
65747.799,30.289798544,-97.740898399,158.2887,4,0.738005,-0.021324,-0.014990,0.674291
65748.199,30.289798569,-97.740898304,158.2858,4,0.738003,-0.021392,-0.014981,0.674291
65748.599,30.289798572,-97.740898342,158.2868,4,0.738015,-0.021407,-0.014912,0.674280
65748.999,30.289798576,-97.740898382,158.2888,4,0.738004,-0.021389,-0.014919,0.674293
65749.399,30.289798591,-97.740898287,158.2867,4,0.737993,-0.021347,-0.014965,0.674305
65749.799,30.289798601,-97.740898322,158.2877,4,0.738011,-0.021341,-0.014946,0.674286
65750.199,30.289798627,-97.740898249,158.2868,4,0.738011,-0.021331,-0.014854,0.674288
65750.599,30.289798636,-97.740898275,158.2868,4,0.737999,-0.021351,-0.014896,0.674300
65750.999,30.289798652,-97.740898304,158.2868,4,0.738022,-0.021343,-0.014853,0.674275
65751.399,30.289798634,-97.740898221,158.2838,4,0.738016,-0.021374,-0.014858,0.674281
65751.799,30.289798646,-97.740898239,158.2828,4,0.738010,-0.021372,-0.014951,0.674286
65752.199,30.289798634,-97.740898161,158.2828,4,0.738022,-0.021375,-0.014882,0.674274
65752.599,30.289798641,-97.740898177,158.2828,4,0.737999,-0.021352,-0.014933,0.674299
65752.999,30.289798664,-97.740898195,158.2848,4,0.737997,-0.021401,-0.014919,0.674299
65753.399,30.289798666,-97.740898164,158.2858,4,0.737945,-0.021374,-0.014885,0.674358
65753.799,30.289798682,-97.740898186,158.2878,4,0.737951,-0.021373,-0.014860,0.674352
65754.199,30.289798694,-97.740898156,158.2889,4,0.737945,-0.021372,-0.014848,0.674359
65754.599,30.289798729,-97.740898173,158.2898,4,0.737982,-0.021324,-0.014861,0.674320
65754.999,30.289798749,-97.740898195,158.2888,4,0.737958,-0.021319,-0.014893,0.674345
65755.399,30.289798711,-97.740898130,158.2868,5,0.737964,-0.021318,-0.014868,0.674339
65755.799,30.289798711,-97.740898115,158.2878,4,0.737953,-0.021286,-0.014864,0.674352
65756.199,30.289798707,-97.740898129,158.2868,4,0.737930,-0.021298,-0.014851,0.674378
65756.599,30.289798721,-97.740898138,158.2867,4,0.737884,-0.021260,-0.014855,0.674430
65756.999,30.289798694,-97.740898087,158.2867,5,0.737927,-0.021186,-0.014844,0.674385
65757.399,30.289798704,-97.740898086,158.2867,5,0.737921,-0.021187,-0.014869,0.674391
65757.799,30.289798716,-97.740898082,158.2866,5,0.737898,-0.021162,-0.014883,0.674416
65758.199,30.289798697,-97.740898077,158.2856,5,0.737904,-0.021177,-0.014932,0.674408
65758.599,30.289798696,-97.740898072,158.2856,5,0.737897,-0.021210,-0.014986,0.674414
65758.999,30.289798677,-97.740898067,158.2886,5,0.737908,-0.021225,-0.015022,0.674400
65759.399,30.289798682,-97.740898074,158.2905,5,0.737916,-0.021163,-0.015025,0.674393
65759.799,30.289798672,-97.740898075,158.2925,5,0.737886,-0.021194,-0.015043,0.674425
65760.199,30.289798666,-97.740898080,158.2935,5,0.737886,-0.021190,-0.015099,0.674424
65760.599,30.289798679,-97.740898109,158.2944,5,0.737904,-0.021161,-0.015130,0.674404
65760.999,30.289798662,-97.740898122,158.2944,5,0.737898,-0.021169,-0.015161,0.674410
65761.399,30.289798682,-97.740898163,158.2923,5,0.737898,-0.020545,-0.014628,0.674441
65761.799,30.289798737,-97.740898874,158.2922,5,0.737887,-0.020315,-0.014465,0.674464
65762.199,30.289798899,-97.740900574,158.2918,5,0.737971,-0.019820,-0.014387,0.674388
65762.599,30.289799197,-97.740903670,158.2893,5,0.738104,-0.018543,-0.013701,0.674292
65762.999,30.289799824,-97.740909631,158.2919,4,0.738273,-0.017397,-0.011643,0.674177
65763.399,30.289800819,-97.740919281,158.2839,4,0.738451,-0.017855,-0.012124,0.673962
65763.799,30.289801982,-97.740931121,158.2754,4,0.737735,-0.020287,-0.015416,0.674610
65764.199,30.289803210,-97.740942950,158.2716,5,0.737580,-0.021791,-0.016810,0.674699
65764.599,30.289804268,-97.740953941,158.2655,5,0.737683,-0.020687,-0.018172,0.674586
65764.999,30.289805360,-97.740964591,158.2614,5,0.737645,-0.021182,-0.017657,0.674625
65765.399,30.289806405,-97.740975369,158.2481,5,0.737283,-0.021073,-0.017814,0.675021
65765.799,30.289807428,-97.740986386,158.2436,5,0.736427,-0.020452,-0.017849,0.675972
65766.199,30.289808415,-97.740997536,158.2384,5,0.735568,-0.020315,-0.017947,0.676908
65766.599,30.289809420,-97.741008864,158.2296,5,0.734647,-0.020280,-0.017716,0.677915
65766.999,30.289810380,-97.741020258,158.2232,1,0.734003,-0.020214,-0.018213,0.678601
65767.399,30.289811295,-97.741031478,158.2155,5,0.733605,-0.020447,-0.018141,0.679026
65767.799,30.289812150,-97.741042286,158.2086,5,0.733597,-0.020515,-0.019250,0.679002
65768.199,30.289812855,-97.741051479,158.1967,5,0.733434,-0.023193,-0.020902,0.679043
65768.599,30.289813410,-97.741059031,158.1918,5,0.733487,-0.021261,-0.018662,0.679115
65768.999,30.289813957,-97.741066811,158.2023,1,0.733613,-0.021406,-0.019455,0.678951
65769.399,30.289814510,-97.741074683,158.1989,5,0.733826,-0.021222,-0.018523,0.678753
65769.799,30.289815153,-97.741083394,158.1919,5,0.733796,-0.021243,-0.018449,0.678787
65770.199,30.289816515,-97.741092542,158.1818,5,0.733512,-0.021408,-0.018785,0.679079
65770.599,30.289817219,-97.741102118,158.1739,5,0.733007,-0.020624,-0.017861,0.679674
65770.999,30.289818019,-97.741113418,158.1666,5,0.731658,-0.020624,-0.018376,0.681112
65771.399,30.289819686,-97.741125782,158.1343,5,0.730541,-0.021772,-0.019986,0.682229
65771.799,30.289820591,-97.741138656,158.1204,5,0.729476,-0.021701,-0.021070,0.683338
65772.199,30.289821683,-97.741151624,158.1026,5,0.728177,-0.022184,-0.021446,0.684695
65772.599,30.289822640,-97.741165204,158.0740,5,0.726701,-0.023418,-0.023708,0.686145
65772.999,30.289823542,-97.741179052,158.0526,1,0.725816,-0.024067,-0.023768,0.687057
65773.399,30.289824802,-97.741192938,157.9955,5,0.725478,-0.022228,-0.024275,0.687458
65773.799,30.289825748,-97.741208815,157.9638,5,0.720559,-0.022250,-0.023047,0.692654
65774.199,30.289826476,-97.741227792,157.8880,5,0.708090,-0.022033,-0.023489,0.705388
65774.599,30.289825921,-97.741249913,157.8177,5,0.683929,-0.025586,-0.026097,0.728633
65774.999,30.289823245,-97.741274087,157.7393,5,0.646256,-0.025470,-0.025452,0.762271
65775.399,30.289817836,-97.741299184,157.6718,5,0.593907,-0.023709,-0.016860,0.804008
65775.799,30.289808522,-97.741323234,157.6371,1,0.528703,-0.007062,-0.013531,0.848670
65776.199,30.289796145,-97.741346165,157.5974,5,0.459433,-0.012556,-0.020619,0.887884
65776.599,30.289780835,-97.741366932,157.5386,1,0.390457,-0.010502,-0.019658,0.920351
65776.999,30.289762052,-97.741385213,157.5153,1,0.318138,-0.006598,-0.018532,0.947840
65777.399,30.289740513,-97.741401503,157.4392,5,0.248347,-0.010386,-0.020577,0.968397
65777.799,30.289715113,-97.741415850,157.3989,1,0.202502,-0.010281,-0.024060,0.978932
65778.199,30.289687389,-97.741429019,157.3397,5,0.170811,-0.013526,-0.025015,0.984893
65778.599,30.289657727,-97.741440693,157.2863,1,0.138813,-0.013111,-0.023349,0.989956
65778.999,30.289625532,-97.741450770,157.2329,1,0.104100,-0.017599,-0.022732,0.994151
65779.399,30.289590358,-97.741458585,157.1668,5,0.071546,-0.019248,-0.025410,0.996928
65779.799,30.289553120,-97.741464379,157.1203,1,0.043325,-0.015785,-0.022296,0.998687
65780.199,30.289513667,-97.741468619,157.0614,5,0.026061,-0.012903,-0.024657,0.999273
65780.599,30.289472546,-97.741471853,156.9881,1,0.015659,-0.010747,-0.025048,0.999506
65780.999,30.289430324,-97.741474944,156.9282,1,0.016856,-0.007630,-0.023773,0.999546
65781.399,30.289387370,-97.741478385,156.8716,5,0.018444,-0.008735,-0.025756,0.999460
65781.799,30.289343712,-97.741482035,156.7979,1,0.019903,-0.010519,-0.027085,0.999380
65782.199,30.289299535,-97.741485900,156.7436,5,0.021772,-0.008115,-0.023011,0.999465
65782.599,30.289254774,-97.741490061,156.6796,1,0.023475,-0.011850,-0.029705,0.999213
65782.999,30.289210184,-97.741494229,156.6169,1,0.024919,-0.010019,-0.024989,0.999327
65783.399,30.289166766,-97.741498464,156.5693,5,0.025838,-0.013482,-0.026642,0.999220
65783.799,30.289122864,-97.741502677,156.5166,1,0.027036,-0.008172,-0.024785,0.999294
65784.199,30.289079341,-97.741506991,156.4667,5,0.028082,-0.005565,-0.029590,0.999152
65784.599,30.289036353,-97.741511539,156.4015,1,0.028219,-0.009415,-0.030587,0.999089
65784.999,30.288994367,-97.741515909,156.3412,1,0.028315,-0.009339,-0.027840,0.999168
65785.399,30.288953578,-97.741520129,156.2824,5,0.028813,-0.009529,-0.028170,0.999142
65785.799,30.288914335,-97.741524253,156.2308,1,0.029756,-0.007277,-0.029958,0.999082
65786.199,30.288876806,-97.741528238,156.1746,5,0.031269,-0.008594,-0.034540,0.998877
65786.599,30.288841079,-97.741532147,156.1215,1,0.031435,-0.009541,-0.030608,0.998991
65786.999,30.288807122,-97.741535902,156.0809,1,0.031066,-0.010680,-0.030793,0.998986
65787.399,30.288776700,-97.741539016,156.0582,5,0.031273,-0.011759,-0.030206,0.998985
65787.799,30.288748739,-97.741541670,156.0482,1,0.031724,-0.012561,-0.031344,0.998926
65788.199,30.288723255,-97.741544154,156.0422,5,0.033472,-0.011081,-0.028810,0.998963
65788.599,30.288698600,-97.741546879,156.0465,1,0.034775,-0.011272,-0.029680,0.998891
65788.999,30.288675999,-97.741549365,156.0589,1,0.035736,-0.011665,-0.030101,0.998840
65789.399,30.288654759,-97.741551739,156.0551,5,0.036093,-0.013407,-0.031341,0.998767
65789.799,30.288636002,-97.741553579,156.0917,1,0.035842,-0.013310,-0.026469,0.998918
65790.199,30.288618980,-97.741555258,156.1117,5,0.034789,-0.017895,-0.032678,0.998700
65790.599,30.288602720,-97.741556725,156.1212,1,0.033335,-0.016744,-0.030570,0.998836
65790.999,30.288589208,-97.741557342,156.0948,1,0.032345,-0.016361,-0.030494,0.998877
65791.399,30.288575761,-97.741558384,156.0773,5,0.031629,-0.014456,-0.027331,0.999021
65791.799,30.288563316,-97.741559434,156.0799,1,0.031031,-0.014002,-0.028723,0.999008
65792.199,30.288555633,-97.741559938,156.1113,5,0.030189,-0.014253,-0.029730,0.999000
65792.599,30.288547143,-97.741560717,156.1159,5,0.029707,-0.015561,-0.030149,0.998983
65792.999,30.288540860,-97.741562030,156.1309,1,0.029567,-0.014816,-0.028726,0.999040
65793.399,30.288539175,-97.741562032,156.1587,5,0.029277,-0.014654,-0.027967,0.999073
65793.799,30.288535644,-97.741561957,156.1439,5,0.028544,-0.014971,-0.026075,0.999140
65794.199,30.288529928,-97.741561645,156.1695,5,0.028239,-0.014630,-0.025444,0.999170
65794.599,30.288526055,-97.741561914,156.1972,5,0.028151,-0.014316,-0.026117,0.999160
65794.999,30.288521929,-97.741562057,156.1997,5,0.027809,-0.014003,-0.024944,0.999204
65795.399,30.288516821,-97.741562877,156.1891,5,0.027529,-0.013524,-0.024639,0.999226
65795.799,30.288511027,-97.741564128,156.1429,5,0.027290,-0.012538,-0.024862,0.999240
65796.199,30.288504273,-97.741564630,156.1203,5,0.027094,-0.012879,-0.024435,0.999251
65796.599,30.288498514,-97.741564995,156.1156,5,0.027012,-0.013923,-0.024032,0.999249
65796.999,30.288491168,-97.741565624,156.1088,5,0.026838,-0.014184,-0.022230,0.999292
65797.399,30.288481793,-97.741566434,156.0916,5,0.026626,-0.014009,-0.022072,0.999304
65797.799,30.288471165,-97.741567737,156.0768,5,0.026384,-0.013421,-0.020869,0.999344
65798.199,30.288455678,-97.741568425,156.0729,5,0.026383,-0.012180,-0.016575,0.999440
65798.599,30.288438035,-97.741569665,156.0946,5,0.026598,-0.012561,-0.019904,0.999369
65798.999,30.288416763,-97.741570354,156.1111,1,0.026187,-0.013022,-0.017837,0.999413
65799.399,30.288393977,-97.741573484,156.1023,5,0.025890,-0.012956,-0.022171,0.999335
65799.799,30.288370562,-97.741575634,156.1352,1,0.025850,-0.011417,-0.019464,0.999411
65800.199,30.288347443,-97.741577490,156.1705,5,0.026814,-0.012194,-0.024528,0.999265
65800.599,30.288325990,-97.741579204,156.2205,1,0.029657,-0.012352,-0.022780,0.999224
65800.999,30.288305489,-97.741580822,156.2598,1,0.035644,-0.011949,-0.022542,0.999039
65801.399,30.288284683,-97.741583101,156.3066,5,0.042896,-0.013517,-0.024008,0.998700
65801.799,30.288264660,-97.741585633,156.3482,1,0.054621,-0.015104,-0.023452,0.998117
65802.199,30.288245863,-97.741588620,156.3688,5,0.066850,-0.014186,-0.026153,0.997319
65802.599,30.288229515,-97.741591931,156.3858,1,0.079662,-0.015364,-0.024911,0.996392
65802.999,30.288214070,-97.741595798,156.4028,1,0.092469,-0.017263,-0.024169,0.995273
65803.399,30.288199195,-97.741600172,156.4213,5,0.100283,-0.022876,-0.026037,0.994355
65803.799,30.288185009,-97.741604272,156.4245,5,0.103856,-0.021388,-0.022186,0.994115
65804.199,30.288168609,-97.741608810,156.4518,5,0.097673,-0.027248,-0.023200,0.994575
65804.599,30.288155788,-97.741611991,156.4586,5,0.088246,-0.026823,-0.026468,0.995386
65804.999,30.288142797,-97.741615333,156.4461,1,0.078402,-0.031156,-0.024078,0.996144
65805.399,30.288126718,-97.741618577,156.4218,5,0.068141,-0.034666,-0.026139,0.996731
65805.799,30.288114549,-97.741620652,156.4356,5,0.060221,-0.038447,-0.023631,0.997164
65806.199,30.288099104,-97.741622973,156.4368,5,0.051107,-0.041067,-0.018772,0.997672
65806.599,30.288083858,-97.741624790,156.4540,5,0.040818,-0.042598,-0.020809,0.998041
65806.999,30.288067255,-97.741626218,156.4602,1,0.028710,-0.040856,-0.020927,0.998533
65807.399,30.288046926,-97.741627837,156.4519,5,0.017676,-0.038478,-0.025678,0.998773
65807.799,30.288031013,-97.741628314,156.4559,5,0.009218,-0.039092,-0.026402,0.998844
65808.199,30.288009712,-97.741629624,156.4595,5,0.003004,-0.039704,-0.022367,0.998957
65808.599,30.287994273,-97.741629632,156.4779,5,-0.000490,-0.038981,-0.024831,0.998931
65808.999,30.287978696,-97.741629744,156.5006,1,0.002257,0.040430,0.023698,-0.998899
65809.399,30.287964125,-97.741629732,156.5193,5,0.002147,0.040038,0.025547,-0.998869
65809.799,30.287951533,-97.741629381,156.5455,5,0.000635,-0.029085,-0.021629,0.999343
65810.199,30.287936606,-97.741629834,156.5583,5,0.007284,-0.024838,-0.022364,0.999415
65810.599,30.287923969,-97.741630560,156.5696,5,0.028868,-0.016148,-0.029603,0.999014
65810.999,30.287907904,-97.741633398,156.5638,1,0.072605,-0.003660,-0.028980,0.996933
65811.399,30.287890531,-97.741639046,156.5655,5,0.135206,-0.000367,-0.028632,0.990404
65811.799,30.287879078,-97.741646631,156.5633,5,0.223348,0.007991,-0.034136,0.974108
65812.199,30.287866900,-97.741658569,156.5735,5,0.326496,0.003684,-0.033169,0.944609
65812.599,30.287859833,-97.741671935,156.5594,5,0.425954,0.008095,-0.047393,0.903467
65812.999,30.287854091,-97.741687933,156.5919,1,0.522440,0.001479,-0.039018,0.851782
65813.399,30.287851244,-97.741705688,156.5946,5,0.612873,-0.004003,-0.033670,0.789453
65813.799,30.287853010,-97.741724216,156.6277,5,0.682778,-0.009475,-0.021649,0.730244
65814.199,30.287852816,-97.741745118,156.6525,5,0.719749,-0.007539,-0.010448,0.694115
65814.599,30.287857126,-97.741766304,156.7153,5,0.737963,-0.022766,-0.007408,0.674416
65814.999,30.287857212,-97.741789890,156.7273,5,0.739381,-0.025294,-0.010068,0.672737
65815.399,30.287860303,-97.741812885,156.7560,1,0.736446,-0.027877,-0.008510,0.675868
65815.799,30.287861775,-97.741836448,156.7933,1,0.735895,-0.030307,-0.006017,0.676390
65816.199,30.287865015,-97.741858595,156.8161,5,0.735274,-0.030835,-0.004483,0.677054
65816.599,30.287867748,-97.741880146,156.8526,1,0.734370,-0.032091,-0.002908,0.677984
65816.999,30.287867874,-97.741901337,156.9049,1,0.733622,-0.032134,-0.002547,0.678793
65817.399,30.287870004,-97.741920225,156.9404,5,0.732932,-0.029051,0.000200,0.679681
65817.799,30.287869801,-97.741939326,156.9863,1,0.732847,-0.031096,-0.001019,0.679682
65818.199,30.287871398,-97.741955223,157.0162,5,0.733438,-0.032018,-0.003258,0.678994
65818.599,30.287873509,-97.741970491,157.0530,5,0.733710,-0.035207,-0.000993,0.678549
65818.999,30.287872167,-97.741982579,157.0733,1,0.734508,-0.033003,-0.000596,0.677797
65819.399,30.287872334,-97.741992127,157.1095,5,0.735164,-0.033098,0.003239,0.677073
65819.799,30.287871054,-97.741999297,157.1407,5,0.735759,-0.035130,0.004873,0.676314
65820.199,30.287869955,-97.742003683,157.1615,5,0.736745,-0.037289,0.004767,0.675125
65820.599,30.287871419,-97.742010133,157.1829,5,0.736617,-0.037440,0.007485,0.675231
65820.999,30.287872791,-97.742015788,157.2132,5,0.735293,-0.035994,0.010625,0.676709
65821.399,30.287873863,-97.742020774,157.2172,5,0.733691,-0.033761,0.010605,0.678561
65821.799,30.287874839,-97.742024348,157.2556,5,0.732155,-0.033630,0.011196,0.680215
65822.199,30.287875617,-97.742031343,157.3708,5,0.730558,-0.033277,0.010516,0.681958
65822.599,30.287875594,-97.742032476,157.3809,5,0.729785,-0.033394,0.010464,0.682781
65822.999,30.287875822,-97.742033105,157.4103,5,0.729216,-0.033430,0.010912,0.683379
65823.399,30.287875556,-97.742036037,157.4807,5,0.728602,-0.033545,0.011250,0.684023
65823.799,30.287875731,-97.742036050,157.5023,5,0.728150,-0.033403,0.010902,0.684517
65824.199,30.287875421,-97.742036393,157.5060,5,0.727696,-0.033427,0.010529,0.685004
65824.599,30.287875114,-97.742035876,157.5246,5,0.727230,-0.033315,0.010162,0.685510
65824.999,30.287874676,-97.742035089,157.5411,5,0.726987,-0.033276,0.009520,0.685778
65825.399,30.287874189,-97.742033972,157.5387,5,0.726989,-0.033126,0.009169,0.685788
65825.799,30.287873740,-97.742032938,157.5509,5,0.727119,-0.032253,0.009240,0.685691
65826.199,30.287873720,-97.742033934,157.5468,5,0.727340,-0.031541,0.007413,0.685512
65826.599,30.287873814,-97.742035809,157.5932,5,0.727474,-0.031696,0.005319,0.685382
65826.999,30.287873878,-97.742037545,157.6351,5,0.727798,-0.032668,0.006514,0.684982
65827.399,30.287874219,-97.742038935,157.6413,5,0.727916,-0.033400,0.004741,0.684836
65827.799,30.287874168,-97.742039271,157.6622,5,0.728114,-0.034001,0.005203,0.684593
65828.199,30.287874182,-97.742037640,157.6922,5,0.728152,-0.034157,0.006316,0.684535
65828.599,30.287873832,-97.742035119,157.7194,5,0.728195,-0.033606,0.007170,0.684508
65829.000,30.287873946,-97.742033039,157.7394,5,0.728324,-0.033396,0.007336,0.684379
65829.400,30.287873549,-97.742031109,157.7724,5,0.728335,-0.033281,0.007444,0.684372
65829.800,30.287873137,-97.742029188,157.8055,5,0.728349,-0.033358,0.007564,0.684352
65830.200,30.287872951,-97.742028779,157.8346,5,0.728414,-0.033501,0.007504,0.684276
65830.600,30.287872477,-97.742027647,157.8786,5,0.728395,-0.033538,0.007492,0.684295
65831.000,30.287872218,-97.742028084,157.9308,5,0.728437,-0.033526,0.007673,0.684249
65831.400,30.287871761,-97.742027403,157.9708,5,0.728431,-0.033376,0.007945,0.684259
65831.800,30.287871337,-97.742027502,158.0122,5,0.728588,-0.032846,0.007694,0.684121
65832.200,30.287871165,-97.742028605,158.0340,5,0.728625,-0.032195,0.007025,0.684119
65832.600,30.287870788,-97.742029552,158.0674,5,0.728568,-0.031761,0.006736,0.684203
65833.000,30.287871067,-97.742032673,158.0988,5,0.728420,-0.034292,0.009359,0.684208
65833.400,30.287870957,-97.742035193,158.1267,5,0.728145,-0.034434,0.009072,0.684497
65833.800,30.287870978,-97.742038498,158.1516,5,0.727293,-0.032937,0.008147,0.685488
65834.200,30.287870814,-97.742040581,158.1680,5,0.726209,-0.029368,0.006375,0.686817
65834.600,30.287870667,-97.742042567,158.1848,5,0.725062,-0.029716,0.005681,0.688019
65835.000,30.287870667,-97.742044358,158.1978,5,0.724464,-0.028489,0.005874,0.688699
65835.400,30.287870431,-97.742046169,158.2247,5,0.723849,-0.030280,0.004946,0.689276
65835.800,30.287870252,-97.742048201,158.2397,5,0.723474,-0.029750,0.005508,0.689688
65836.200,30.287870732,-97.742050818,158.2397,5,0.722964,-0.031040,0.007698,0.690145
65836.600,30.287870745,-97.742055159,158.2547,5,0.722840,-0.030157,0.007534,0.690316
65837.000,30.287870904,-97.742061898,158.2737,5,0.722732,-0.026594,0.006527,0.690585
65837.400,30.287871198,-97.742071442,158.2983,5,0.722701,-0.025666,0.005855,0.690659
65837.800,30.287871689,-97.742082696,158.3155,5,0.722620,-0.025395,0.006413,0.690749
65838.200,30.287872447,-97.742095208,158.3369,5,0.722840,-0.026147,0.006076,0.690494
65838.600,30.287873192,-97.742110285,158.3591,5,0.722919,-0.026450,0.006031,0.690400
65839.000,30.287875050,-97.742122216,158.3755,5,0.721979,-0.027774,0.008661,0.691303
65839.400,30.287875779,-97.742140705,158.4124,5,0.721367,-0.025974,0.008108,0.692018
65839.800,30.287876680,-97.742161006,158.4536,5,0.721079,-0.023121,0.009096,0.692407
65840.200,30.287877802,-97.742179828,158.5270,5,0.720639,-0.017992,0.006766,0.693044
65840.600,30.287878866,-97.742204878,158.5991,5,0.720110,-0.014215,0.003803,0.693704
65841.000,30.287880357,-97.742231466,158.7123,5,0.718630,-0.014923,0.000656,0.695232
65841.400,30.287881401,-97.742261705,158.7614,5,0.715520,-0.016727,-0.001363,0.698391
65841.800,30.287882396,-97.742294147,158.8498,1,0.711793,-0.018635,-0.001881,0.702139
65842.200,30.287883145,-97.742328853,158.9127,5,0.708955,-0.016953,-0.001450,0.705048
65842.600,30.287883613,-97.742364962,158.9846,1,0.706772,-0.014561,-0.003854,0.707281
65843.000,30.287884015,-97.742402217,159.0808,5,0.704763,-0.012604,-0.006383,0.709302
65843.400,30.287884272,-97.742439738,159.1618,5,0.702951,-0.013375,-0.004729,0.711096
65843.800,30.287884651,-97.742478295,159.2711,1,0.702006,-0.014689,-0.002194,0.712016
65844.200,30.287884834,-97.742518151,159.3678,5,0.704999,-0.016194,-0.005567,0.709001
65844.600,30.287885554,-97.742559114,159.4077,1,0.708540,-0.014922,-0.006606,0.705482
65845.000,30.287886701,-97.742601379,159.4734,5,0.711299,-0.018805,-0.007694,0.702596
65845.400,30.287888143,-97.742642635,159.5326,5,0.714191,-0.016967,-0.005211,0.699726
65845.800,30.287890192,-97.742684020,159.6088,1,0.717107,-0.018352,-0.007644,0.696680
65846.200,30.287892391,-97.742724308,159.6887,5,0.720012,-0.018195,-0.008682,0.693669
65846.600,30.287894989,-97.742764150,159.7816,1,0.723868,-0.015191,-0.010267,0.689695
65847.000,30.287898276,-97.742804389,159.8591,5,0.733672,-0.010911,-0.011875,0.679312
65847.400,30.287902318,-97.742843261,159.9350,5,0.740943,-0.011566,-0.011187,0.671375
65847.800,30.287906386,-97.742882785,160.0121,1,0.740429,-0.009562,-0.017315,0.671843
65848.200,30.287910136,-97.742922015,160.0671,5,0.733709,-0.009081,-0.011013,0.679314
65848.600,30.287913233,-97.742962172,160.1139,1,0.727031,-0.013801,-0.014312,0.686317
65849.000,30.287916132,-97.743004179,160.1574,5,0.721239,-0.018445,-0.008052,0.692394
65849.400,30.287918230,-97.743045839,160.1916,5,0.716852,-0.020521,-0.004211,0.696911
65849.800,30.287920215,-97.743089575,160.2474,1,0.717632,-0.022087,-0.006187,0.696045
65850.200,30.287922391,-97.743134003,160.3348,5,0.719943,-0.018888,-0.003233,0.693768
65850.600,30.287924543,-97.743179143,160.4240,1,0.721327,-0.014920,-0.007063,0.692398
65851.000,30.287926732,-97.743225771,160.5618,5,0.720011,-0.021608,-0.003801,0.693616
65851.400,30.287929200,-97.743271455,160.6160,5,0.719461,-0.021334,-0.000756,0.694205
65851.800,30.287931507,-97.743318754,160.6865,1,0.719507,-0.023866,-0.000564,0.694075
65852.200,30.287933595,-97.743366437,160.7442,5,0.720210,-0.019792,-0.006201,0.693446
65852.600,30.287935805,-97.743414848,160.7952,1,0.720634,-0.015708,-0.010178,0.693063
65853.000,30.287937952,-97.743465142,160.8455,5,0.721731,-0.016918,-0.011140,0.691878
65853.400,30.287940670,-97.743514336,160.9002,5,0.723625,-0.013773,-0.014108,0.689911
65853.800,30.287943487,-97.743565318,160.9695,1,0.725665,-0.012373,-0.014433,0.687785
65854.199,30.287946526,-97.743615319,161.0321,5,0.729239,-0.008344,-0.021382,0.683874
65854.599,30.287950654,-97.743664915,161.0932,1,0.734956,-0.013123,-0.018952,0.677723
65854.999,30.287955361,-97.743715158,161.1339,1,0.740864,-0.006266,-0.012888,0.671502
65855.399,30.287960988,-97.743764634,161.2115,5,0.745167,-0.015356,-0.014532,0.666543
65855.799,30.287967013,-97.743814940,161.2726,1,0.748652,-0.018453,-0.010341,0.662626
65856.199,30.287973392,-97.743865262,161.3444,5,0.749894,-0.020026,-0.005032,0.661236
65856.599,30.287979826,-97.743914404,161.4097,1,0.749572,-0.026116,-0.005198,0.661387
65856.999,30.287986075,-97.743963909,161.4843,1,0.747667,-0.027333,0.002407,0.663507
65857.399,30.287991585,-97.744011613,161.5621,5,0.744454,-0.027135,-0.001217,0.667122
65857.799,30.287996456,-97.744058924,161.6696,1,0.741839,-0.028647,0.001248,0.669964
65858.199,30.288001001,-97.744104011,161.7309,5,0.739507,-0.034778,-0.000342,0.672250
65858.599,30.288004944,-97.744145624,161.7924,1,0.738363,-0.032055,-0.001597,0.673639
65858.999,30.288008548,-97.744185118,161.8579,1,0.737104,-0.030880,0.003756,0.675063
65859.399,30.288011648,-97.744221584,161.9134,5,0.735393,-0.035942,0.002487,0.676683
65859.799,30.288014496,-97.744255916,161.9666,1,0.733184,-0.037198,0.003584,0.679003
65860.199,30.288016581,-97.744287071,161.9924,5,0.730617,-0.042953,-0.000632,0.681435
65860.599,30.288018078,-97.744313231,162.0315,1,0.728367,-0.035861,0.002310,0.684244
65860.999,30.288018950,-97.744337339,162.0673,1,0.726331,-0.028138,-0.004189,0.686756
65861.399,30.288019573,-97.744356979,162.1222,5,0.726742,-0.024324,-0.004918,0.686462
65861.799,30.288020695,-97.744374238,162.1867,1,0.737131,-0.022934,-0.005989,0.675334
65862.199,30.288022576,-97.744387509,162.2359,5,0.764375,-0.022069,-0.007176,0.644354
65862.599,30.288025185,-97.744397372,162.2812,5,0.798060,-0.015717,-0.009478,0.602299
65862.999,30.288029514,-97.744408846,162.2986,1,0.838182,-0.013099,-0.010685,0.545128
65863.399,30.288035379,-97.744422604,162.2910,5,0.878803,-0.011070,-0.011251,0.476923
65863.799,30.288042680,-97.744430754,162.3356,5,0.919914,-0.006983,-0.013418,0.391828
65864.200,30.288053065,-97.744440551,162.3482,5,0.958342,-0.007243,-0.008941,0.285393
65864.600,30.288065093,-97.744444621,162.4017,5,0.984322,-0.009331,-0.000322,0.176136
65865.000,30.288080124,-97.744451761,162.4053,5,0.995672,-0.010011,0.007435,0.092093
65865.400,30.288095822,-97.744451977,162.4663,5,0.999246,-0.010701,0.010383,0.035835
65865.800,30.288114411,-97.744453312,162.4941,5,0.999742,-0.014225,0.017593,0.001917
65866.200,30.288134906,-97.744454522,162.5081,5,0.999651,-0.012501,0.021162,-0.009704
65866.600,30.288156544,-97.744453845,162.5650,5,0.999817,-0.007785,0.014044,-0.010395
65867.000,30.288181982,-97.744457122,162.5660,5,0.999812,-0.012242,0.010458,-0.010849
65867.400,30.288207806,-97.744456146,162.6193,5,0.999845,-0.011682,0.007432,-0.010847
65867.800,30.288236324,-97.744456639,162.6439,1,0.999853,-0.011832,0.003875,-0.011779
65868.200,30.288266457,-97.744456435,162.6840,5,0.999819,-0.011152,0.004832,-0.014607
65868.600,30.288297958,-97.744456394,162.6969,1,0.999758,-0.012705,0.004646,-0.017333
65869.000,30.288331005,-97.744457249,162.6793,5,0.999671,-0.014678,0.005710,-0.020249
65869.400,30.288365095,-97.744455595,162.7206,5,0.999621,-0.014054,0.005239,-0.023069
65869.800,30.288400142,-97.744456206,162.6859,1,0.999571,-0.013381,0.003070,-0.025867
65870.200,30.288436286,-97.744454868,162.7025,5,0.999593,-0.013332,0.004426,-0.024846
65870.600,30.288473060,-97.744454250,162.6879,1,0.999607,-0.014820,0.003004,-0.023605
65871.000,30.288510490,-97.744454883,162.6506,5,0.999672,-0.014485,0.003514,-0.020815
65871.400,30.288549739,-97.744453162,162.7166,5,0.999689,-0.014972,0.006740,-0.018748
65871.800,30.288588398,-97.744454151,162.6904,1,0.999724,-0.014550,0.003293,-0.018122
65872.200,30.288628011,-97.744453885,162.7141,5,0.999740,-0.014408,0.000604,-0.017655
65872.600,30.288667646,-97.744453769,162.7223,1,0.999709,-0.016340,0.003923,-0.017312
65873.000,30.288707174,-97.744454560,162.6935,5,0.999657,-0.017607,0.000743,-0.019362
65873.400,30.288748130,-97.744453008,162.7350,5,0.999538,-0.016838,-0.007687,-0.024127
65873.800,30.288787758,-97.744452740,162.7495,1,0.999457,-0.015700,-0.002236,-0.028885
65874.200,30.288827507,-97.744450722,162.7866,5,0.999284,-0.018070,0.006754,-0.032548
65874.600,30.288866640,-97.744449155,162.8034,1,0.999145,-0.019142,0.004984,-0.036292
65875.000,30.288904494,-97.744448298,162.7897,5,0.999028,-0.021471,0.000268,-0.038504
65875.400,30.288941087,-97.744445675,162.8303,5,0.999056,-0.019844,-0.000761,-0.038637
65875.800,30.288976046,-97.744445128,162.8540,1,0.999124,-0.017229,0.000684,-0.038120
65876.200,30.289009390,-97.744443743,162.9124,5,0.999127,-0.017161,0.004327,-0.037830
65876.600,30.289041389,-97.744442756,162.9599,1,0.999103,-0.018504,0.006251,-0.037562
65877.000,30.289071961,-97.744442678,163.0001,5,0.999078,-0.020203,0.006354,-0.037350
65877.399,30.289100408,-97.744441133,163.0457,5,0.999165,-0.020388,0.005195,-0.035026
65877.799,30.289127010,-97.744441449,163.0937,1,0.999262,-0.020668,0.003434,-0.032201
65878.199,30.289149659,-97.744442531,163.1461,5,0.999306,-0.021650,0.002880,-0.030160
65878.599,30.289170228,-97.744442995,163.1886,1,0.999336,-0.022029,0.003185,-0.028835
65878.999,30.289187815,-97.744444138,163.2305,1,0.999374,-0.021585,0.002289,-0.027931
65879.399,30.289202640,-97.744444925,163.2724,5,0.999362,-0.021983,0.003035,-0.027992
65879.799,30.289213883,-97.744447400,163.3145,1,0.999299,-0.023025,0.003104,-0.029367
65880.199,30.289219868,-97.744449729,163.3514,5,0.999282,-0.022106,0.003070,-0.030609
65880.599,30.289224065,-97.744451489,163.3798,5,0.999288,-0.021052,0.003529,-0.031125
65881.000,30.289223214,-97.744455084,163.4059,5,0.999307,-0.019625,0.003638,-0.031406
65881.400,30.289223579,-97.744456789,163.4347,5,0.999329,-0.018492,0.003568,-0.031419
65881.800,30.289222819,-97.744458739,163.4626,5,0.999339,-0.017900,0.003524,-0.031448
65882.200,30.289221056,-97.744457912,163.4618,5,0.999386,-0.016763,0.003673,-0.030533
65882.600,30.289219511,-97.744459462,163.4778,5,0.999397,-0.015984,0.003729,-0.030587
65883.000,30.289219048,-97.744460130,163.4790,5,0.999403,-0.016373,0.003900,-0.030164
65883.400,30.289220070,-97.744459100,163.4753,5,0.999426,-0.015993,0.004140,-0.029560
65883.800,30.289217124,-97.744463015,163.4193,5,0.999437,-0.015952,0.004107,-0.029220
65884.200,30.289217667,-97.744466596,163.2797,5,0.999474,-0.016218,0.004458,-0.027739
65884.600,30.289217787,-97.744468346,163.2246,5,0.999479,-0.016072,0.004373,-0.027636
65885.000,30.289217678,-97.744469453,163.1607,4,0.999484,-0.015844,0.004410,-0.027593
65885.400,30.289219016,-97.744468638,162.9537,4,0.999487,-0.015668,0.004475,-0.027584
65885.800,30.289220008,-97.744467609,162.9387,4,0.999496,-0.015320,0.004463,-0.027455
65886.200,30.289221130,-97.744467051,162.9420,5,0.999507,-0.015070,0.004705,-0.027155
65886.600,30.289221662,-97.744466889,162.9394,5,0.999516,-0.014458,0.005054,-0.027083
65887.000,30.289222914,-97.744467209,162.9549,5,0.999526,-0.013880,0.005499,-0.026940
65887.400,30.289224068,-97.744468580,163.0005,5,0.999528,-0.013269,0.006095,-0.027013
65887.800,30.289224500,-97.744472010,163.0808,5,0.999539,-0.011092,0.006452,-0.027519
65888.200,30.289227548,-97.744472895,163.1117,5,0.999526,-0.011049,0.007953,-0.027615
65888.600,30.289231221,-97.744473917,163.1511,5,0.999514,-0.011636,0.007493,-0.027939
65889.000,30.289234972,-97.744475067,163.1800,5,0.999515,-0.012028,0.006579,-0.027965
65889.400,30.289239826,-97.744474637,163.1890,5,0.999494,-0.012946,0.006478,-0.028310
65889.800,30.289242057,-97.744478148,163.2388,5,0.999446,-0.015190,0.007890,-0.028527
65890.200,30.289246906,-97.744478068,163.2349,5,0.999421,-0.016441,0.008711,-0.028486
65890.600,30.289251958,-97.744479085,163.2502,5,0.999390,-0.016957,0.008131,-0.029425
65891.000,30.289257090,-97.744479135,163.2481,5,0.999397,-0.017169,0.008791,-0.028880
65891.400,30.289263065,-97.744477964,163.1698,5,0.999480,-0.016737,0.007751,-0.026441
65891.800,30.289269909,-97.744476426,163.0766,5,0.999575,-0.015708,0.007569,-0.023355
65892.200,30.289277858,-97.744475537,162.8914,4,0.999662,-0.012905,0.007546,-0.021281
65892.600,30.289287110,-97.744475163,162.6644,4,0.999644,-0.013479,0.008355,-0.021449
65893.000,30.289298396,-97.744474391,162.6637,4,0.999615,-0.016447,0.009187,-0.020355
65893.400,30.289309990,-97.744473219,162.6640,4,0.999621,-0.018400,0.009301,-0.018259
65893.800,30.289321243,-97.744472004,162.6669,4,0.999665,-0.015982,0.011796,-0.016565
65894.200,30.289332432,-97.744471127,162.6754,5,0.999743,-0.012432,0.010764,-0.015598
65894.600,30.289344944,-97.744469802,162.6903,5,0.999727,-0.012457,0.013154,-0.014764
65895.000,30.289359009,-97.744468617,162.6933,5,0.999731,-0.014777,0.012943,-0.012321
65895.400,30.289374796,-97.744467369,162.7009,5,0.999816,-0.012047,0.011994,-0.008939
65895.800,30.289392206,-97.744465945,162.7122,5,0.999814,-0.011442,0.013064,-0.008349
65896.200,30.289410868,-97.744464934,162.7476,5,0.999828,-0.011530,0.012598,-0.007227
65896.600,30.289430936,-97.744463463,162.7724,5,0.999849,-0.010896,0.011673,-0.006871
65897.000,30.289451460,-97.744462225,162.8118,5,0.999773,-0.017653,0.009766,-0.006905
65897.400,30.289471507,-97.744461145,162.8318,5,0.999772,-0.018247,0.008917,-0.006540
65897.800,30.289491729,-97.744459742,162.8342,1,0.999770,-0.018760,0.008390,-0.006187
65898.200,30.289511883,-97.744458389,162.8357,5,0.999821,-0.016776,0.006463,-0.005957
65898.600,30.289531808,-97.744456963,162.8484,1,0.999830,-0.015988,0.006321,-0.006654
65899.000,30.289551251,-97.744455342,162.8895,5,0.999826,-0.014955,0.008108,-0.007593
65899.400,30.289570093,-97.744454282,162.9159,5,0.999782,-0.016648,0.009202,-0.008565
65899.800,30.289588356,-97.744452820,162.9313,1,0.999771,-0.016379,0.009528,-0.009932
65900.200,30.289605852,-97.744451284,162.9472,5,0.999769,-0.015784,0.009488,-0.011072
65900.600,30.289622888,-97.744449652,162.9637,1,0.999746,-0.015896,0.009957,-0.012504
65901.000,30.289639386,-97.744448007,162.9812,5,0.999711,-0.016268,0.011195,-0.013718
65901.400,30.289655638,-97.744446316,162.9928,5,0.999697,-0.015927,0.011720,-0.014630
65901.800,30.289671529,-97.744444660,163.0043,5,0.999692,-0.015864,0.011312,-0.015370
65902.200,30.289686969,-97.744443003,163.0152,5,0.999652,-0.017251,0.011947,-0.016006
65902.600,30.289702353,-97.744441333,163.0204,5,0.999671,-0.016492,0.010522,-0.016598
65903.000,30.289718027,-97.744439646,163.0214,5,0.999673,-0.016096,0.010588,-0.016784
65903.400,30.289734571,-97.744437945,163.0340,5,0.999726,-0.014133,0.008717,-0.016483
65903.800,30.289751628,-97.744436456,163.0411,5,0.999741,-0.013779,0.008867,-0.015786
65904.200,30.289769403,-97.744434648,163.0573,5,0.999742,-0.014157,0.008928,-0.015354
65904.600,30.289787251,-97.744432854,163.0756,5,0.999729,-0.015776,0.009106,-0.014508
65905.000,30.289804169,-97.744431644,163.0844,5,0.999774,-0.014278,0.007399,-0.013892
65905.400,30.289821283,-97.744429950,163.1033,5,0.999766,-0.014751,0.008074,-0.013643
65905.800,30.289837583,-97.744428801,163.1121,1,0.999765,-0.012763,0.008115,-0.015508
65906.200,30.289854989,-97.744426986,163.1329,5,0.999751,-0.011309,0.008045,-0.017474
65906.600,30.289873283,-97.744424999,163.1593,5,0.999707,-0.011992,0.007498,-0.019666
65907.000,30.289891292,-97.744423804,163.1831,5,0.999696,-0.010035,0.007493,-0.021233
65907.400,30.289911551,-97.744421604,163.2149,5,0.999713,-0.009840,0.006490,-0.020878
65907.800,30.289931092,-97.744420201,163.2774,1,0.999685,-0.013229,0.007518,-0.019979
65908.200,30.289951472,-97.744418154,163.3078,5,0.999631,-0.016067,0.010946,-0.018951
65908.600,30.289970329,-97.744416902,163.3401,1,0.999652,-0.015274,0.008793,-0.019613
65909.000,30.289989621,-97.744415092,163.3631,5,0.999562,-0.016774,0.011197,-0.021679
65909.400,30.290008515,-97.744413200,163.3892,5,0.999557,-0.014401,0.010626,-0.023772
65909.800,30.290027028,-97.744411854,163.4238,1,0.999580,-0.010722,0.012139,-0.024037
65910.200,30.290048185,-97.744409807,163.4582,5,0.999550,-0.013089,0.011503,-0.024427
65910.600,30.290070359,-97.744408334,163.5041,1,0.999588,-0.013240,0.011440,-0.022769
65911.000,30.290092440,-97.744406643,163.5371,5,0.999639,-0.015066,0.010431,-0.019668
65911.400,30.290114651,-97.744405080,163.5701,5,0.999722,-0.012950,0.009701,-0.017134
65911.800,30.290137525,-97.744404232,163.6145,1,0.999710,-0.016031,0.009816,-0.015026
65912.200,30.290159958,-97.744402587,163.6254,5,0.999764,-0.014784,0.008145,-0.013685
65912.600,30.290182021,-97.744401369,163.5809,1,0.999774,-0.015426,0.006097,-0.013319
65913.000,30.290204013,-97.744399804,163.5968,5,0.999755,-0.016633,0.006667,-0.013023
65913.400,30.290225295,-97.744398229,163.6203,5,0.999713,-0.018166,0.007035,-0.013923
65913.800,30.290245391,-97.744396769,163.6410,1,0.999731,-0.017141,0.005245,-0.014703
65914.200,30.290264020,-97.744395388,163.6565,5,0.999706,-0.017789,0.004784,-0.015746
65914.600,30.290281227,-97.744394031,163.6747,1,0.999726,-0.016028,0.005071,-0.016273
65915.000,30.290296955,-97.744392749,163.7013,5,0.999753,-0.013690,0.004883,-0.016819
65915.400,30.290311275,-97.744391696,163.7220,5,0.999739,-0.013294,0.004726,-0.017966
65915.800,30.290324510,-97.744390953,163.7283,1,0.999730,-0.013513,0.004134,-0.018454
65916.200,30.290337320,-97.744389970,163.7477,5,0.999708,-0.014522,0.005211,-0.018591
65916.600,30.290349522,-97.744389054,163.7660,5,0.999680,-0.015696,0.006240,-0.018830
65917.000,30.290360330,-97.744388491,163.7819,5,0.999684,-0.014983,0.006997,-0.018954
65917.400,30.290370745,-97.744387781,163.7971,5,0.999693,-0.014123,0.007226,-0.019035
65917.800,30.290379573,-97.744387479,163.8184,5,0.999683,-0.014661,0.007385,-0.019072
65918.200,30.290387896,-97.744387073,163.8393,5,0.999672,-0.015813,0.006474,-0.019088
65918.600,30.290395332,-97.744386713,163.8482,5,0.999665,-0.016391,0.006352,-0.019008
65919.000,30.290400395,-97.744387035,163.8908,5,0.999634,-0.017977,0.005926,-0.019346
65919.400,30.290404051,-97.744387651,163.9238,5,0.999636,-0.016970,0.006831,-0.019807
65919.800,30.290407645,-97.744387968,163.9415,5,0.999661,-0.016042,0.005746,-0.019700
65920.200,30.290410726,-97.744388210,163.9440,5,0.999668,-0.015918,0.005400,-0.019532
65920.600,30.290412656,-97.744388649,163.9414,5,0.999673,-0.015377,0.004896,-0.019813
65921.000,30.290414230,-97.744389165,163.9268,5,0.999676,-0.015327,0.005294,-0.019633
65921.400,30.290415320,-97.744389842,163.9205,5,0.999666,-0.016110,0.004951,-0.019599
65921.800,30.290415427,-97.744390494,163.9206,5,0.999663,-0.016292,0.005024,-0.019571
65922.200,30.290413948,-97.744392255,163.8332,5,0.999691,-0.014489,0.004832,-0.019600
65922.600,30.290412046,-97.744393097,163.8416,5,0.999694,-0.013932,0.005164,-0.019772
65923.000,30.290412271,-97.744393278,163.8302,5,0.999706,-0.013905,0.004886,-0.019262
65923.400,30.290415198,-97.744394150,163.8257,5,0.999705,-0.013729,0.004449,-0.019513
65923.800,30.290417619,-97.744394625,163.8182,5,0.999705,-0.013756,0.004902,-0.019402
65924.200,30.290419905,-97.744395239,163.8190,5,0.999709,-0.013620,0.004724,-0.019326
65924.600,30.290423320,-97.744394709,163.8151,5,0.999704,-0.013517,0.006474,-0.019163
65925.000,30.290431003,-97.744392880,163.8983,5,0.999643,-0.013909,0.012287,-0.019207
65925.400,30.290434067,-97.744394832,163.8606,5,0.999698,-0.012427,0.008586,-0.019378
65925.800,30.290438709,-97.744396099,163.8420,5,0.999661,-0.013343,0.011256,-0.019307
65926.200,30.290445603,-97.744395943,163.8436,5,0.999547,-0.015799,0.016528,-0.019576
65926.600,30.290453200,-97.744396213,163.8677,5,0.999552,-0.015525,0.015047,-0.020678
65927.000,30.290459810,-97.744395641,163.8628,5,0.999514,-0.015982,0.015892,-0.021538
65927.400,30.290464663,-97.744395873,163.8758,5,0.999513,-0.015796,0.015908,-0.021707
65927.800,30.290467808,-97.744396285,163.9006,5,0.999463,-0.016423,0.017365,-0.022404
65928.200,30.290469757,-97.744397218,163.9032,5,0.999513,-0.013718,0.016392,-0.022744
65928.600,30.290472091,-97.744398211,163.9068,5,0.999602,-0.010031,0.012150,-0.023382
65929.000,30.290476741,-97.744398663,163.9194,5,0.999587,-0.007976,0.014416,-0.023560
65929.400,30.290484161,-97.744399209,163.9355,5,0.999593,-0.006071,0.013817,-0.024228
65929.800,30.290494742,-97.744399558,163.9573,5,0.999660,-0.004414,0.010509,-0.023466
65930.200,30.290508447,-97.744399654,163.9911,5,0.999719,-0.002214,0.008010,-0.022188
65930.600,30.290526095,-97.744400075,163.9084,5,0.999751,-0.004987,0.003119,-0.021520
65931.000,30.290545499,-97.744399847,163.9369,5,0.999767,-0.003672,0.006132,-0.020352
65931.400,30.290567339,-97.744399524,163.9695,5,0.999789,-0.005543,0.006458,-0.018716
65931.800,30.290591331,-97.744399187,164.0057,1,0.999791,-0.007717,0.005699,-0.018054
65932.200,30.290617153,-97.744398620,164.0710,5,0.999782,-0.007904,0.007542,-0.017785
65932.600,30.290644812,-97.744397892,164.1078,1,0.999796,-0.005437,0.009153,-0.017165
65933.000,30.290673889,-97.744397197,164.1688,5,0.999753,-0.005517,0.013255,-0.016948
65933.400,30.290704456,-97.744396117,164.2276,5,0.999608,-0.010094,0.017720,-0.019203
65933.800,30.290736503,-97.744394951,164.2483,1,0.999579,-0.012067,0.012510,-0.023222
65934.200,30.290769812,-97.744393620,164.2769,5,0.999609,-0.012150,0.012123,-0.022075
65934.600,30.290804759,-97.744392480,164.3036,1,0.999671,-0.010930,0.010309,-0.020793
65935.001,30.290841091,-97.744391430,164.3408,5,0.999709,-0.011143,0.009631,-0.019106
65935.401,30.290878326,-97.744390289,164.4089,5,0.999718,-0.010420,0.013838,-0.016266
65935.801,30.290917124,-97.744389771,164.4721,1,0.999738,-0.010341,0.015628,-0.013177
65936.201,30.290956598,-97.744389194,164.5220,5,0.999748,-0.011974,0.013763,-0.013070
65936.601,30.290995015,-97.744388800,164.5644,1,0.999742,-0.011465,0.014094,-0.013597
65937.001,30.291034187,-97.744388015,164.6606,5,0.999719,-0.011282,0.015147,-0.014337
65937.401,30.291074734,-97.744387243,164.7377,5,0.999643,-0.013290,0.017535,-0.015163
65937.801,30.291115300,-97.744386548,164.8465,1,0.999664,-0.011200,0.017550,-0.015470
65938.201,30.291156431,-97.744385701,164.9222,5,0.999653,-0.011216,0.018075,-0.015550
65938.601,30.291197093,-97.744385428,164.9575,1,0.999699,-0.012197,0.014987,-0.015145
65939.001,30.291237321,-97.744385404,165.0505,5,0.999749,-0.011051,0.012610,-0.014867
65939.401,30.291280042,-97.744384835,165.1375,5,0.999724,-0.012728,0.013287,-0.014602
65939.801,30.291322043,-97.744384655,165.2660,1,0.999751,-0.011483,0.012982,-0.014029
65940.201,30.291364579,-97.744384385,165.3279,5,0.999754,-0.012573,0.012026,-0.013792
65940.601,30.291407330,-97.744384316,165.3832,1,0.999764,-0.013935,0.009668,-0.013539
65941.001,30.291450196,-97.744384258,165.4750,5,0.999768,-0.013261,0.009577,-0.013992
65941.401,30.291493540,-97.744384028,165.5391,5,0.999737,-0.013662,0.009693,-0.015688
65941.801,30.291537240,-97.744384084,165.6173,1,0.999712,-0.015991,0.007245,-0.016343
65942.201,30.291580995,-97.744383988,165.6483,5,0.999676,-0.019025,0.005395,-0.016052
65942.601,30.291624570,-97.744384101,165.6880,1,0.999747,-0.016408,0.006045,-0.014135
65943.001,30.291668105,-97.744384665,165.7722,5,0.999761,-0.015097,0.009625,-0.012578
65943.401,30.291711330,-97.744385081,165.7826,5,0.999676,-0.021064,0.005394,-0.013240
65943.801,30.291754576,-97.744385917,165.7846,1,0.999656,-0.022169,0.002922,-0.013682
65944.201,30.291798051,-97.744386317,165.8052,5,0.999763,-0.013881,0.006430,-0.015479
65944.601,30.291841305,-97.744386555,165.8065,1,0.999614,-0.020467,0.006263,-0.017685
65945.001,30.291884930,-97.744387103,165.8160,5,0.999579,-0.020439,0.010756,-0.017547
65945.401,30.291927394,-97.744387696,165.8411,5,0.999614,-0.018162,0.011839,-0.017394
65945.801,30.291969554,-97.744388552,165.8308,1,0.999533,-0.024480,0.005404,-0.017447
65946.201,30.292011221,-97.744389072,165.8612,5,0.999650,-0.020312,0.008468,-0.014656
65946.601,30.292051960,-97.744390094,165.8941,1,0.999746,-0.018034,0.005235,-0.012456
65947.001,30.292092631,-97.744391456,165.9105,5,0.999756,-0.019823,0.001231,-0.009699
65947.401,30.292133017,-97.744393162,165.9182,5,0.999690,-0.023564,0.004735,-0.006461
65947.801,30.292173077,-97.744395276,165.9043,1,0.999647,-0.025006,0.007913,-0.004341
65948.201,30.292213145,-97.744397129,165.8881,5,0.999479,-0.024477,0.020889,-0.002542
65948.601,30.292251955,-97.744399700,165.9328,1,0.999657,-0.018183,0.018729,-0.001919
65949.001,30.292290352,-97.744402348,165.9284,5,0.999662,-0.022860,0.012263,-0.001858
65949.401,30.292326868,-97.744405150,165.9493,5,0.999721,-0.019277,0.013321,-0.002806
65949.801,30.292362652,-97.744407848,165.9519,1,0.999696,-0.020023,0.013754,-0.004262
65950.201,30.292397599,-97.744410310,165.9621,5,0.999680,-0.019882,0.014749,-0.005195
65950.601,30.292430938,-97.744413192,165.9594,1,0.999690,-0.021806,0.009958,-0.006730
65951.001,30.292463593,-97.744415699,165.9489,5,0.999682,-0.022736,0.006252,-0.008918
65951.401,30.292494088,-97.744418441,165.9638,5,0.999684,-0.022060,0.004670,-0.011078
65951.801,30.292523340,-97.744420893,165.9662,1,0.999630,-0.023164,0.004911,-0.013380
65952.201,30.292550807,-97.744423581,165.9812,5,0.999697,-0.019070,-0.002964,-0.015304
65952.601,30.292575873,-97.744426252,166.0055,1,0.999647,-0.020641,-0.001096,-0.016693
65953.001,30.292599679,-97.744428613,166.0108,5,0.999615,-0.021472,0.002356,-0.017441
65953.401,30.292621081,-97.744431632,166.0210,5,0.999505,-0.025616,0.002281,-0.018141
65953.801,30.292641061,-97.744434711,166.0231,1,0.999536,-0.023819,0.000827,-0.018965
65954.201,30.292658815,-97.744437664,166.0288,5,0.999521,-0.023638,0.000664,-0.019964
65954.601,30.292672608,-97.744441039,166.0347,1,0.999444,-0.025430,0.001316,-0.021518
65955.001,30.292682602,-97.744443839,166.0332,5,0.999475,-0.024567,0.002568,-0.020990
65955.401,30.292688612,-97.744447552,166.0260,5,0.999467,-0.025812,0.000646,-0.019955
65955.801,30.292690509,-97.744450983,166.0236,5,0.999398,-0.028726,0.000166,-0.019462
65956.201,30.292685905,-97.744452614,166.0132,5,0.999388,-0.029273,0.003059,-0.018880
65956.601,30.292680284,-97.744456767,166.0156,5,0.999392,-0.028763,0.005053,-0.019024
65957.001,30.292670279,-97.744456201,165.9873,5,0.999431,-0.029012,0.005528,-0.016277
65957.401,30.292659187,-97.744459248,165.9751,5,0.999437,-0.028752,0.005362,-0.016414
65957.801,30.292646605,-97.744462188,165.9623,5,0.999528,-0.025374,0.004918,-0.016608
65958.201,30.292637736,-97.744461485,165.9005,5,0.999535,-0.025559,0.005041,-0.015827
65958.601,30.292628954,-97.744455642,165.9063,5,0.999556,-0.024440,0.005026,-0.016296
65959.001,30.292623739,-97.744451519,165.8836,5,0.999536,-0.024844,0.005238,-0.016838
65959.401,30.292613347,-97.744455775,165.8828,5,0.999536,-0.024929,0.005392,-0.016677
65959.801,30.292605761,-97.744455267,165.9134,5,0.999537,-0.024632,0.005881,-0.016858
65960.201,30.292601638,-97.744455159,165.9066,5,0.999606,-0.022170,0.006249,-0.016069
65960.601,30.292596996,-97.744457679,165.9035,5,0.999638,-0.020934,0.006196,-0.015755
65961.001,30.292602645,-97.744454848,165.8855,5,0.999659,-0.020713,0.006187,-0.014639
65961.401,30.292604196,-97.744457031,165.8715,5,0.999647,-0.019709,0.003835,-0.017389
65961.801,30.292608217,-97.744457943,165.8536,5,0.999000,-0.020006,0.001124,-0.039978
65962.201,30.292617471,-97.744457923,165.7394,5,0.995649,-0.023207,-0.000456,-0.090241
65962.601,30.292623024,-97.744454823,165.6894,5,0.985231,-0.023294,-0.000250,-0.169639
65963.001,30.292632988,-97.744448953,165.5451,5,0.963135,-0.013975,0.000111,-0.268655
65963.401,30.292633298,-97.744439229,165.5619,5,0.928753,-0.010557,0.001280,-0.370546
65963.801,30.292631512,-97.744427379,165.5767,5,0.881520,-0.010479,0.003186,-0.472020
65964.201,30.292631753,-97.744412497,165.5036,5,0.827590,-0.002389,0.004562,-0.561309
65964.601,30.292624256,-97.744394936,165.5464,5,0.783842,0.002482,0.011382,-0.620852
65965.001,30.292624243,-97.744377772,165.4321,5,0.751611,0.004319,0.004895,-0.659575
65965.401,30.292613874,-97.744358228,165.4928,5,0.727395,0.002749,0.004821,-0.686196
65965.801,30.292602397,-97.744337232,165.5535,5,0.714264,0.005035,0.007956,-0.699813
65966.201,30.292602642,-97.744315823,165.4211,5,0.709344,0.002575,0.014872,-0.704701
65966.601,30.292593182,-97.744290988,165.4083,1,0.705931,0.001950,0.014670,-0.708126
65967.001,30.292584981,-97.744264149,165.3717,5,0.702405,0.002380,0.013689,-0.711642
65967.401,30.292572367,-97.744234109,165.3858,5,0.698779,-0.000818,0.015510,-0.715169
65983.201,30.293299612,-97.742739825,157.4448,5,0.589112,0.068562,0.063613,0.802620
65983.601,30.293303956,-97.742732675,157.6681,5,0.659875,0.057987,0.070288,0.745829
65984.001,30.293299079,-97.742696709,157.5847,5,0.692485,0.078849,0.089757,0.711471
65984.401,30.293307850,-97.742677972,157.7035,5,0.758176,0.067976,0.099393,0.640835
65984.801,30.293289200,-97.742653562,157.6769,5,0.738936,0.081143,0.097298,0.661757
65985.201,30.293298195,-97.742629652,157.7802,5,0.775236,0.071381,0.099002,0.619768
65985.601,30.293309368,-97.742602442,157.8375,5,0.800444,0.069101,0.100606,0.586851
65986.001,30.293270457,-97.742594307,157.7806,5,0.721137,0.083251,0.077418,0.683401
65986.401,30.293275987,-97.742568633,157.9042,5,0.729013,0.083377,0.079929,0.674685
65986.801,30.293282115,-97.742541048,158.0359,5,0.735289,0.082370,0.080528,0.667893
65987.201,30.293197844,-97.742568524,157.9397,5,0.495248,0.080769,0.043337,0.863902
65987.601,30.293191345,-97.742550834,158.1232,5,0.502626,0.079446,0.043933,0.859724
65988.001,30.293107114,-97.742583361,158.1390,5,0.179421,0.041831,0.018322,0.982712
65988.401,30.293086199,-97.742575666,158.3242,5,0.183310,0.041265,0.013104,0.982101
65988.801,30.293064578,-97.742567308,158.5147,5,0.181706,0.035274,0.015717,0.982594
65989.201,30.292929946,-97.742627391,156.1476,5,0.011697,-0.012610,-0.003648,0.999845
65989.601,30.292892487,-97.742629022,156.1347,5,0.012320,-0.014500,-0.001060,0.999818
65990.001,30.292823726,-97.742670277,155.7801,5,0.109927,-0.011834,-0.007136,0.993844
65990.401,30.292782597,-97.742676576,155.7512,5,0.110110,-0.011924,-0.008563,0.993811
65990.801,30.292741011,-97.742683442,155.7357,5,0.109457,-0.013937,-0.005460,0.993879
65991.201,30.292694645,-97.742683761,157.2182,5,0.118105,-0.006158,-0.004118,0.992973
65991.601,30.292651086,-97.742688672,157.2675,5,0.115787,-0.005557,-0.003956,0.993251
65992.001,30.292602532,-97.742691365,157.4279,5,0.124633,-0.001814,-0.004425,0.992191
65992.401,30.292557468,-97.742695288,157.4710,5,0.124653,-0.006060,-0.006019,0.992164
65992.801,30.292512353,-97.742699229,157.4942,5,0.129816,-0.000680,-0.008351,0.991503
65993.201,30.292465965,-97.742703863,158.0777,5,0.143134,-0.002080,-0.009381,0.989657
65993.601,30.292421604,-97.742707562,158.1214,5,0.147313,-0.000194,-0.009297,0.989046
65994.001,30.292378044,-97.742712740,158.2393,5,0.141049,-0.003343,-0.008797,0.989958
65994.401,30.292334838,-97.742716208,158.2721,5,0.141653,-0.001570,-0.009305,0.989871
65994.801,30.292292323,-97.742719468,158.3200,5,0.142249,-0.003838,-0.007321,0.989796
65995.201,30.292250617,-97.742726565,158.3940,5,0.124783,-0.007819,-0.008946,0.992113
65995.601,30.292209125,-97.742730049,158.4367,5,0.125299,-0.004381,-0.011075,0.992048
65996.001,30.292168261,-97.742738209,158.3856,5,0.111732,-0.009746,-0.006543,0.993669
65996.401,30.292127917,-97.742742161,158.4435,5,0.111725,-0.012227,-0.008845,0.993625
65996.801,30.292087989,-97.742745765,158.4584,5,0.108119,-0.016346,-0.016289,0.993870
65997.201,30.292049477,-97.742754468,158.2606,5,0.097723,-0.018852,-0.018797,0.994858
65997.601,30.292010547,-97.742757498,158.2531,5,0.094505,-0.009394,-0.018697,0.995304
65998.001,30.291974540,-97.742764262,158.0314,5,0.092332,-0.018571,-0.018022,0.995392
65998.401,30.291936484,-97.742767430,158.0093,5,0.090106,-0.014435,-0.025646,0.995497
65998.801,30.291898604,-97.742770648,157.9651,5,0.088097,-0.013319,-0.008947,0.995983
65999.201,30.291863045,-97.742776906,157.8372,5,0.086606,-0.014987,-0.014082,0.996030
65999.601,30.291824284,-97.742780772,157.7854,5,0.085613,-0.015194,-0.016565,0.996075
66000.001,30.291787478,-97.742786712,157.5960,5,0.084530,-0.018112,-0.013721,0.996162
66000.401,30.291748128,-97.742791340,157.5335,5,0.083958,-0.018499,-0.013217,0.996210
66000.801,30.291707204,-97.742796696,157.6121,1,0.084177,-0.019023,-0.012643,0.996189
66001.201,30.291668130,-97.742801375,157.5500,5,0.082388,-0.018029,-0.014062,0.996338
66001.601,30.291628921,-97.742806521,157.4843,1,0.081293,-0.020732,-0.014558,0.996368
66002.001,30.291589562,-97.742811410,157.4220,5,0.078622,-0.021268,-0.011934,0.996606
66002.401,30.291549863,-97.742816185,157.3801,5,0.077357,-0.022188,-0.011835,0.996686
66002.801,30.291509498,-97.742820836,157.4186,1,0.077480,-0.021746,-0.012532,0.996678
66003.201,30.291469419,-97.742825908,157.3579,5,0.076233,-0.020362,-0.014458,0.996777
66003.601,30.291429036,-97.742831012,157.3374,1,0.075117,-0.019115,-0.015913,0.996865
66004.001,30.291388862,-97.742836809,157.2856,5,0.073784,-0.018415,-0.013759,0.997009
66004.401,30.291347981,-97.742843561,157.2248,5,0.073844,-0.016927,-0.014919,0.997014
66004.801,30.291306877,-97.742850618,157.1862,1,0.074216,-0.018078,-0.017468,0.996925
66005.201,30.291265853,-97.742857526,157.1180,5,0.073303,-0.018681,-0.018164,0.996969
66005.601,30.291224806,-97.742865100,157.0444,1,0.071760,-0.019032,-0.015936,0.997113
66006.001,30.291184198,-97.742872167,156.9752,5,0.069087,-0.017969,-0.018297,0.997281
66006.401,30.291143826,-97.742879750,156.9100,5,0.066575,-0.017766,-0.018352,0.997454
66006.801,30.291104068,-97.742886958,156.8474,1,0.063741,-0.017232,-0.017709,0.997661
66007.201,30.291065329,-97.742893884,156.7815,5,0.060958,-0.017258,-0.019692,0.997797
66007.601,30.291027095,-97.742900784,156.7041,1,0.058044,-0.017706,-0.018830,0.997979
66008.001,30.290990033,-97.742907316,156.6280,5,0.055731,-0.016647,-0.021174,0.998082
66008.401,30.290954164,-97.742914538,156.5507,5,0.055246,-0.016463,-0.020100,0.998135
66008.801,30.290919726,-97.742921474,156.4822,1,0.054813,-0.016037,-0.019990,0.998168
66009.201,30.290887056,-97.742928470,156.4097,5,0.055292,-0.014772,-0.020806,0.998144
66009.601,30.290855733,-97.742935830,156.3283,1,0.055178,-0.015268,-0.022526,0.998106
66010.001,30.290826192,-97.742942993,156.2502,5,0.054542,-0.014364,-0.022254,0.998160
66010.401,30.290797065,-97.742950555,156.1601,5,0.055071,-0.012650,-0.020761,0.998186
66010.801,30.290768332,-97.742958674,156.0830,1,0.056814,-0.012717,-0.018378,0.998135
66011.201,30.290740373,-97.742966865,156.0066,5,0.058002,-0.013014,-0.025023,0.997918
66011.601,30.290713644,-97.742975567,155.9112,1,0.060529,-0.011950,-0.024421,0.997796
66012.001,30.290688673,-97.742984313,155.8227,5,0.061137,-0.013199,-0.024713,0.997736
66012.401,30.290665069,-97.742992856,155.7315,5,0.057910,-0.014633,-0.022089,0.997970
66012.801,30.290643122,-97.743001761,155.6444,1,0.053247,-0.014447,-0.023218,0.998207
66013.201,30.290623281,-97.743010249,155.5662,5,0.051247,-0.014226,-0.023937,0.998298
66013.601,30.290605778,-97.743018873,155.4758,1,0.049486,-0.014645,-0.024446,0.998368
66014.001,30.290590896,-97.743027307,155.3954,5,0.048433,-0.015883,-0.025114,0.998384
66014.401,30.290577577,-97.743035224,155.3000,5,0.047266,-0.016304,-0.025958,0.998412
66014.801,30.290566052,-97.743043792,155.2192,1,0.046890,-0.015759,-0.022960,0.998512
66015.201,30.290555122,-97.743051756,155.1465,5,0.047575,-0.016048,-0.022089,0.998494
66015.601,30.290543047,-97.743060867,155.0461,5,0.042298,-0.015619,-0.022440,0.998731
66016.001,30.290534449,-97.743069445,154.9709,5,0.044549,-0.015530,-0.020665,0.998673
66016.401,30.290522690,-97.743079147,154.8652,5,0.042867,-0.016553,-0.021928,0.998703
66016.801,30.290511557,-97.743089064,154.7531,5,0.041843,-0.016473,-0.021188,0.998764
66017.201,30.290503207,-97.743097866,154.6562,5,0.044272,-0.014930,-0.021456,0.998677
66017.601,30.290495451,-97.743106449,154.5620,5,0.042387,-0.014726,-0.021326,0.998765
66018.001,30.290489195,-97.743113437,154.4852,5,0.045447,-0.013391,-0.021031,0.998656
66018.401,30.290481099,-97.743122134,154.3987,5,0.043813,-0.013712,-0.021404,0.998716
66018.801,30.290475014,-97.743129083,154.3220,5,0.041770,-0.013111,-0.020643,0.998828
66019.201,30.290476825,-97.743126941,154.3500,5,0.042739,-0.010742,-0.020525,0.998818
66019.601,30.290465748,-97.743137427,154.2493,5,0.041592,-0.010148,-0.020483,0.998873
66020.001,30.290460702,-97.743140933,154.2082,5,0.041394,-0.009276,-0.019369,0.998912
66020.401,30.290450175,-97.743148859,154.1397,5,0.039614,-0.007208,-0.017878,0.999029
66020.801,30.290440106,-97.743155096,154.0852,5,0.036562,-0.006860,-0.016103,0.999178
66021.201,30.290429505,-97.743160421,154.0457,5,0.027743,-0.006369,-0.014619,0.999488
66021.601,30.290417232,-97.743165086,154.0165,5,0.009201,-0.007504,-0.015856,0.999804
66022.001,30.290405562,-97.743166866,154.0091,5,0.006179,0.008607,0.015305,-0.999827
66022.401,30.290384658,-97.743175928,153.9302,5,0.024614,0.008005,0.019189,-0.999481
66022.801,30.290366626,-97.743178431,153.8969,1,0.038309,0.005240,0.024650,-0.998948
66023.201,30.290342331,-97.743186717,153.8038,5,0.034984,0.001886,0.025211,-0.999068
66023.601,30.290316109,-97.743195498,153.7174,1,0.027776,0.002582,0.024906,-0.999301
66024.001,30.290290378,-97.743201567,153.6628,5,0.018645,0.003922,0.024701,-0.999513
66024.401,30.290258486,-97.743214195,153.5501,5,0.008997,0.008384,0.026756,-0.999566
66024.801,30.290228979,-97.743223436,153.4980,1,0.002336,-0.009876,-0.020567,0.999737
66025.201,30.290198707,-97.743234108,153.4542,5,0.015097,-0.010240,-0.021372,0.999605
66025.601,30.290167903,-97.743246336,153.4173,1,0.025685,-0.013955,-0.018805,0.999396
66026.001,30.290137154,-97.743258107,153.3853,5,0.030614,-0.015503,-0.023149,0.999143
66026.401,30.290103736,-97.743274396,153.2960,5,0.031470,-0.017785,-0.021797,0.999109
66026.801,30.290071510,-97.743287867,153.2555,1,0.014663,-0.017378,-0.016633,0.999603
66027.201,30.290038028,-97.743299901,153.2275,5,0.008436,0.017611,0.018841,-0.999632
66027.601,30.290002529,-97.743312466,153.1706,1,0.027740,0.012230,0.020875,-0.999322
66028.001,30.289967684,-97.743321642,153.1552,5,0.037101,0.008729,0.018232,-0.999107
66028.401,30.289929406,-97.743335624,153.0750,5,0.034816,0.005128,0.020007,-0.999180
66028.801,30.289891453,-97.743346720,153.0485,1,0.024757,-0.000973,0.020968,-0.999473
66029.201,30.289851683,-97.743360413,153.0104,5,0.004945,-0.002906,0.019227,-0.999799
66029.601,30.289809984,-97.743376603,152.9592,1,0.016435,0.005378,-0.022786,0.999591
66036.001,30.289652588,-97.742924926,156.3746,5,0.320615,-0.013347,-0.007365,0.947087
66036.401,30.289627995,-97.742926197,156.1983,5,0.330336,-0.011986,-0.005742,0.943770
66036.801,30.289605403,-97.742927605,156.0136,5,0.342241,-0.015030,-0.009437,0.939445
66037.201,30.289572088,-97.742936247,156.1745,5,0.138911,0.002590,-0.018286,0.990133
66037.601,30.289551457,-97.742939836,156.0468,5,0.152581,-0.002764,-0.017330,0.988135
66038.001,30.289527313,-97.742950630,157.1603,5,0.105825,-0.006649,-0.024853,0.994052
66038.401,30.289509701,-97.742955305,157.1603,5,0.109578,-0.006706,-0.023305,0.993682
66038.801,30.289494204,-97.742959558,157.1645,5,0.109947,-0.008473,-0.023950,0.993613
66039.201,30.289477797,-97.742967257,157.2627,5,0.110852,-0.010382,-0.024951,0.993469
66039.601,30.289465128,-97.742970709,157.2588,5,0.102936,-0.010216,-0.024590,0.994332
66040.001,30.289454445,-97.742973161,157.5661,5,0.100021,-0.009603,-0.024044,0.994648
66040.401,30.289445974,-97.742974354,157.5726,5,0.083295,-0.007155,-0.023349,0.996226
66040.801,30.289439318,-97.742975078,157.5816,5,0.071159,-0.006840,-0.022273,0.997193
66041.201,30.289432458,-97.742974566,157.5860,5,0.073560,-0.007181,-0.022830,0.997004
66041.601,30.289428111,-97.742974465,157.5487,5,0.068337,-0.005269,-0.018426,0.997478
66042.001,30.289423564,-97.742976476,157.7714,5,0.064136,-0.006597,-0.017588,0.997764
66042.401,30.289418713,-97.742976944,157.7376,5,0.062588,-0.005932,-0.017892,0.997861
66042.801,30.289413175,-97.742977648,157.7000,5,0.061548,-0.006305,-0.015461,0.997964
66043.201,30.289405830,-97.742979890,157.8105,5,0.063798,-0.008324,-0.017610,0.997773
66043.601,30.289397195,-97.742981581,157.7947,5,0.063310,-0.007610,-0.019862,0.997767
66044.001,30.289387972,-97.742981790,157.7028,5,0.054795,-0.005007,-0.023364,0.998212
66044.401,30.289379999,-97.742983096,157.6725,5,0.053592,-0.004736,-0.022596,0.998296
66044.801,30.289373707,-97.742984176,157.6397,5,0.052874,-0.004907,-0.022336,0.998339
66045.201,30.289366946,-97.742981738,157.5989,5,0.035687,-0.002127,-0.023857,0.999076
66045.601,30.289363766,-97.742981776,157.5733,5,0.035263,-0.001616,-0.024504,0.999076
66046.001,30.289362196,-97.742981645,157.5707,5,0.034654,-0.001893,-0.024355,0.999101
66046.401,30.289362060,-97.742981260,157.5553,5,0.034016,-0.001651,-0.023089,0.999153
66046.801,30.289362115,-97.742980847,157.5384,5,0.032654,-0.001707,-0.022583,0.999210
66047.201,30.289362193,-97.742981101,157.5387,5,0.028758,-0.002685,-0.022593,0.999327
66047.601,30.289361705,-97.742981020,157.5255,5,0.028412,-0.002596,-0.021889,0.999353
66048.001,30.289360177,-97.742981256,157.5266,5,0.026573,-0.002686,-0.019901,0.999445
66048.401,30.289356526,-97.742981444,157.5266,5,0.026433,-0.001932,-0.018900,0.999470
66048.801,30.289350293,-97.742981926,157.5248,5,0.025670,-0.002158,-0.018747,0.999492
66049.201,30.289341388,-97.742982530,157.5191,5,0.024149,-0.002264,-0.019262,0.999520
66049.601,30.289330077,-97.742983375,157.5045,5,0.023268,-0.001698,-0.020437,0.999519
66050.001,30.289317862,-97.742984535,157.4878,5,0.023757,-0.002515,-0.024981,0.999402
66050.401,30.289306964,-97.742985440,157.4853,5,0.022245,-0.003744,-0.024232,0.999452
66050.801,30.289298033,-97.742986054,157.4712,1,0.020800,-0.003762,-0.023006,0.999512
66051.201,30.289291103,-97.742986449,157.4607,5,0.019783,-0.003424,-0.021280,0.999572
66051.601,30.289284410,-97.742986887,157.4599,5,0.018587,-0.003609,-0.020364,0.999613
66052.001,30.289277212,-97.742987283,157.4417,5,0.018229,-0.002880,-0.015736,0.999706
66052.401,30.289266858,-97.742987968,157.4319,5,0.017468,-0.001595,-0.012880,0.999763
66052.801,30.289253010,-97.742988920,157.4243,5,0.017030,-0.001147,-0.012016,0.999782
66053.202,30.289235425,-97.742990105,157.3986,5,0.016612,-0.000336,-0.015477,0.999742
66053.602,30.289214906,-97.742991512,157.3608,5,0.015834,0.000240,-0.014064,0.999776
66054.002,30.289191924,-97.742992776,157.3312,5,0.014138,0.003164,-0.013868,0.999799
66054.402,30.289165978,-97.742994367,157.3028,5,0.013375,0.002760,-0.026024,0.999568
66054.802,30.289138015,-97.742996110,157.2654,1,0.012656,0.000022,-0.018266,0.999753
66055.202,30.289107446,-97.742998025,157.2437,5,0.014304,0.001410,-0.017963,0.999735
66055.602,30.289074615,-97.743000756,157.1705,1,0.017476,-0.004790,-0.021315,0.999609
66056.002,30.289040064,-97.743003605,157.1325,5,0.021755,-0.003459,-0.018140,0.999593
66056.402,30.289003895,-97.743006833,157.1031,5,0.025674,-0.003112,-0.020180,0.999462
66056.802,30.288966175,-97.743010582,157.0538,1,0.029382,-0.005118,-0.024667,0.999251
66057.202,30.288927104,-97.743014641,157.0061,5,0.030415,-0.007004,-0.024971,0.999201
66057.603,30.288887404,-97.743018717,156.9603,1,0.029215,-0.008896,-0.023814,0.999250
66058.003,30.288847781,-97.743022523,156.9256,5,0.028062,-0.007578,-0.021103,0.999355
66058.403,30.288808503,-97.743026274,156.8956,5,0.027376,-0.007412,-0.023853,0.999313
66058.803,30.288769659,-97.743029856,156.8548,1,0.027092,-0.008472,-0.023267,0.999326
66059.203,30.288731462,-97.743033490,156.8306,5,0.028172,-0.009817,-0.024817,0.999247
66059.603,30.288693759,-97.743037013,156.7950,1,0.028574,-0.007700,-0.024945,0.999251
66060.003,30.288656231,-97.743040549,156.7675,5,0.028426,-0.008998,-0.024053,0.999266
66060.403,30.288619151,-97.743044056,156.7404,5,0.028450,-0.008960,-0.023338,0.999283
66060.803,30.288582497,-97.743047464,156.7116,1,0.028745,-0.009804,-0.025091,0.999224
66061.203,30.288546268,-97.743050884,156.6755,5,0.029389,-0.009737,-0.025506,0.999195
66061.603,30.288510585,-97.743054354,156.6517,1,0.030354,-0.009941,-0.026215,0.999146
66062.003,30.288475695,-97.743057803,156.6336,5,0.031051,-0.011446,-0.027391,0.999077
66062.403,30.288442867,-97.743061001,156.6152,5,0.028754,-0.012739,-0.025999,0.999167
66062.803,30.288411890,-97.743063823,156.6099,1,0.026941,-0.012278,-0.028468,0.999156
66063.203,30.288383659,-97.743066131,156.6026,5,0.025447,-0.011369,-0.025350,0.999290
66063.603,30.288357891,-97.743068151,156.5980,1,0.024498,-0.012222,-0.030809,0.999150
66064.003,30.288334792,-97.743070039,156.5953,5,0.023460,-0.014975,-0.028947,0.999193
66064.403,30.288314274,-97.743071432,156.5865,5,0.022679,-0.015937,-0.028482,0.999210
66064.803,30.288295907,-97.743072822,156.5858,1,0.022335,-0.015368,-0.028117,0.999237
66065.203,30.288279851,-97.743074059,156.5930,5,0.022156,-0.014035,-0.026144,0.999314
66065.603,30.288266291,-97.743075126,156.5943,1,0.022613,-0.014214,-0.028079,0.999249
66066.003,30.288259592,-97.743076060,156.6174,5,0.023385,-0.012610,-0.028762,0.999233
66066.403,30.288253099,-97.743076139,156.6126,5,0.023608,-0.012086,-0.026661,0.999293
66066.803,30.288250808,-97.743076098,156.6292,1,0.023995,-0.012610,-0.026591,0.999279
66067.203,30.288252017,-97.743075861,156.6327,5,0.023050,-0.011350,-0.026790,0.999311
66067.603,30.288253052,-97.743075363,156.6347,5,0.022736,-0.011259,-0.027022,0.999313
66068.003,30.288256066,-97.743075423,156.6302,5,0.020838,-0.010222,-0.024177,0.999438
66068.403,30.288258923,-97.743074920,156.6238,5,0.020533,-0.009865,-0.024188,0.999448
66068.803,30.288262603,-97.743074273,156.6185,5,0.020558,-0.009617,-0.023966,0.999455
66069.203,30.288269597,-97.743072773,156.5925,5,0.020333,-0.009658,-0.023679,0.999466
66069.603,30.288272818,-97.743072313,156.5875,5,0.019915,-0.009646,-0.023587,0.999477
66070.003,30.288275167,-97.743072087,156.5855,5,0.020980,-0.012159,-0.023540,0.999429
66070.403,30.288276710,-97.743071582,156.5726,5,0.020856,-0.012243,-0.023540,0.999430
66070.803,30.288276484,-97.743071761,156.5251,5,0.020655,-0.012564,-0.023693,0.999427
66071.203,30.288272748,-97.743071137,156.5510,5,0.022936,-0.015853,-0.023848,0.999327
66071.603,30.288255122,-97.743075207,156.3882,5,0.022419,-0.015978,-0.023748,0.999339
66072.003,30.288246753,-97.743079663,156.3927,5,0.020157,-0.017939,-0.024134,0.999345
66072.403,30.288240908,-97.743081793,156.3873,5,0.021261,-0.016903,-0.023833,0.999347
66072.803,30.288233856,-97.743085281,156.4315,5,0.021744,-0.016253,-0.023517,0.999355
66073.203,30.288227730,-97.743087422,156.4842,5,0.022869,-0.015994,-0.023968,0.999323
66073.603,30.288221987,-97.743087885,156.4899,5,0.023154,-0.016576,-0.024307,0.999299
66074.003,30.288216343,-97.743088427,156.4954,5,0.023223,-0.016150,-0.023941,0.999313
66074.403,30.288211281,-97.743088792,156.4923,5,0.022923,-0.016057,-0.024349,0.999312
66074.803,30.288207171,-97.743089213,156.5050,5,0.022947,-0.014837,-0.026690,0.999270
66075.203,30.288204589,-97.743089856,156.5230,5,0.024891,-0.015772,-0.025652,0.999237
66075.603,30.288203214,-97.743091431,156.6046,5,0.025419,-0.016342,-0.024896,0.999233
66076.003,30.288202939,-97.743092330,156.6633,5,0.027108,-0.016247,-0.023049,0.999235
66076.403,30.288202766,-97.743092948,156.6764,5,0.027986,-0.016305,-0.023130,0.999208
66076.803,30.288202519,-97.743094264,156.6933,5,0.029098,-0.016239,-0.022966,0.999181
66077.203,30.288202208,-97.743095437,156.7119,5,0.029586,-0.015976,-0.022853,0.999173
66077.603,30.288201995,-97.743095741,156.7140,5,0.030072,-0.016017,-0.022958,0.999156
66078.003,30.288201931,-97.743095802,156.7078,5,0.029650,-0.015873,-0.022855,0.999173
66078.403,30.288201754,-97.743095731,156.7128,5,0.029727,-0.015918,-0.022853,0.999170
66078.803,30.288201657,-97.743095682,156.7228,5,0.029999,-0.015872,-0.022850,0.999163
66079.203,30.288201642,-97.743095649,156.7357,5,0.029757,-0.015811,-0.022751,0.999173
66079.603,30.288201612,-97.743095432,156.7927,5,0.029620,-0.015813,-0.022622,0.999180
66080.003,30.288201588,-97.743095456,156.8067,5,0.029645,-0.015823,-0.022639,0.999179
66080.403,30.288201487,-97.743095849,156.8396,5,0.029614,-0.015723,-0.022546,0.999183
66080.803,30.288201451,-97.743095974,156.8645,5,0.029539,-0.015666,-0.022445,0.999189
66081.203,30.288201364,-97.743096409,156.9524,5,0.029857,-0.015581,-0.022277,0.999184
66081.603,30.288201364,-97.743096420,156.9644,5,0.030004,-0.015628,-0.022273,0.999179
66082.003,30.288201352,-97.743096460,156.9824,5,0.030031,-0.015627,-0.022238,0.999179
66082.403,30.288201285,-97.743096669,157.0115,5,0.030231,-0.015667,-0.022251,0.999172
66082.803,30.288201215,-97.743096765,157.0585,5,0.030371,-0.015686,-0.022187,0.999169
66083.203,30.288201212,-97.743096575,157.0606,5,0.030473,-0.015776,-0.022200,0.999164
66083.603,30.288201271,-97.743096377,157.0456,5,0.030334,-0.015772,-0.022168,0.999170
66084.003,30.288201194,-97.743096415,157.0466,5,0.030629,-0.015815,-0.022223,0.999159
66084.403,30.288201245,-97.743096260,157.0477,5,0.030384,-0.015878,-0.022172,0.999166
66084.803,30.288201278,-97.743096205,157.0477,5,0.030453,-0.015888,-0.022162,0.999164
66085.203,30.288201139,-97.743096444,157.0818,5,0.030479,-0.015939,-0.022108,0.999164
66085.603,30.288201303,-97.743096149,157.0588,5,0.030443,-0.015949,-0.022178,0.999163
66086.003,30.288201363,-97.743096072,157.0319,5,0.030250,-0.015972,-0.022224,0.999168
66086.403,30.288201277,-97.743096094,157.0519,5,0.030327,-0.016001,-0.022239,0.999164
66086.803,30.288201281,-97.743096089,157.0599,5,0.030299,-0.016046,-0.022299,0.999163
66087.203,30.288201259,-97.743096117,157.0700,5,0.030454,-0.016121,-0.022355,0.999156
66087.603,30.288201262,-97.743096059,157.0790,5,0.030080,-0.016068,-0.022337,0.999169
66088.003,30.288201246,-97.743096034,157.0860,5,0.030019,-0.016049,-0.022347,0.999171
66088.403,30.288201145,-97.743096017,157.1070,5,0.029941,-0.016065,-0.022339,0.999173
66088.803,30.288201130,-97.743096009,157.1250,5,0.029810,-0.016044,-0.022333,0.999177
66089.203,30.288200910,-97.743096184,157.1669,5,0.029934,-0.016003,-0.022315,0.999175
66089.603,30.288200990,-97.743095986,157.1569,5,0.029733,-0.016032,-0.022265,0.999181
66090.003,30.288200978,-97.743095981,157.1499,5,0.029811,-0.016009,-0.022334,0.999178
66090.403,30.288200836,-97.743096111,157.1788,5,0.029805,-0.015921,-0.022319,0.999180
66090.803,30.288200757,-97.743096187,157.1978,5,0.029892,-0.015941,-0.021733,0.999190
66091.203,30.288200402,-97.743096252,157.2098,5,0.030069,-0.015939,-0.021564,0.999188
66091.603,30.288199587,-97.743096562,157.2233,5,0.030430,-0.015696,-0.019367,0.999226
66092.003,30.288197092,-97.743096846,157.2302,5,0.030513,-0.014799,-0.018539,0.999253
66092.403,30.288193077,-97.743097480,157.2625,5,0.030491,-0.014923,-0.021712,0.999188
66092.803,30.288189432,-97.743097978,157.3004,5,0.030852,-0.014810,-0.022304,0.999165
66093.203,30.288186879,-97.743098183,157.3189,5,0.030757,-0.014406,-0.022301,0.999174
66093.603,30.288185430,-97.743098223,157.3163,5,0.030954,-0.014718,-0.022637,0.999156
66094.003,30.288185149,-97.743098486,157.3242,5,0.031010,-0.014657,-0.021224,0.999186
66094.403,30.288185047,-97.743098478,157.3352,5,0.030970,-0.014658,-0.021574,0.999180
66094.803,30.288184969,-97.743098460,157.3402,5,0.030680,-0.014665,-0.021718,0.999186
66095.203,30.288184943,-97.743098501,157.3502,5,0.030751,-0.014631,-0.021691,0.999185
66095.603,30.288184766,-97.743099030,157.4211,5,0.030337,-0.014579,-0.021428,0.999204
66096.003,30.288184754,-97.743099030,157.4441,5,0.030251,-0.014617,-0.021297,0.999209
66096.403,30.288184723,-97.743099235,157.4642,5,0.030181,-0.014649,-0.021254,0.999211
66096.803,30.288184673,-97.743099378,157.4881,5,0.029383,-0.014549,-0.021120,0.999239
66097.203,30.288184673,-97.743099320,157.5141,5,0.029541,-0.014551,-0.021074,0.999235
66097.603,30.288184777,-97.743099083,157.4901,5,0.029365,-0.014565,-0.021102,0.999240
66098.003,30.288184792,-97.743099082,157.4811,5,0.029531,-0.014587,-0.021108,0.999235
66098.403,30.288184754,-97.743099085,157.4761,5,0.029513,-0.014578,-0.021117,0.999235
66098.803,30.288184728,-97.743099112,157.4721,5,0.029453,-0.014567,-0.021101,0.999237
66099.203,30.288184745,-97.743099100,157.4700,5,0.029680,-0.014520,-0.021108,0.999231
66099.603,30.288184777,-97.743099028,157.4711,5,0.029524,-0.014549,-0.021039,0.999237
66100.003,30.288184776,-97.743099051,157.4730,5,0.029733,-0.014520,-0.021055,0.999231
66100.403,30.288184748,-97.743098998,157.4680,5,0.029708,-0.014493,-0.021056,0.999232
66100.803,30.288184751,-97.743098993,157.4689,5,0.029465,-0.014435,-0.021035,0.999240
66101.203,30.288184813,-97.743098925,157.4679,5,0.029596,-0.014430,-0.021077,0.999236
66101.603,30.288184851,-97.743098875,157.4610,5,0.029472,-0.014480,-0.021077,0.999238
66102.003,30.288184878,-97.743098828,157.4500,5,0.030029,-0.014511,-0.021147,0.999220
66102.403,30.288184953,-97.743098686,157.4230,5,0.029732,-0.014513,-0.021142,0.999229
66102.803,30.288184965,-97.743098675,157.4140,5,0.029664,-0.014468,-0.021136,0.999232
66103.203,30.288184983,-97.743098683,157.4119,5,0.030056,-0.014460,-0.021157,0.999220
66103.603,30.288184996,-97.743098731,157.4039,5,0.030047,-0.014426,-0.021219,0.999219
66104.003,30.288185044,-97.743098720,157.3929,5,0.030526,-0.014422,-0.021291,0.999203
66104.403,30.288185021,-97.743098814,157.3938,5,0.030519,-0.014384,-0.021222,0.999205
66104.803,30.288185027,-97.743098770,157.3968,5,0.030294,-0.014360,-0.021148,0.999214
66105.203,30.288185016,-97.743098936,157.4118,5,0.030547,-0.014356,-0.021118,0.999207
66105.603,30.288185007,-97.743098949,157.4187,5,0.030557,-0.014303,-0.021111,0.999208
66106.003,30.288185010,-97.743098951,157.4187,5,0.030706,-0.014289,-0.021127,0.999203
66106.403,30.288185025,-97.743098944,157.4137,5,0.030776,-0.014273,-0.021118,0.999201
66106.803,30.288185030,-97.743098938,157.4127,5,0.030794,-0.014247,-0.021101,0.999201
66107.203,30.288185026,-97.743098903,157.4066,5,0.031255,-0.014243,-0.021217,0.999185
66107.603,30.288185115,-97.743098798,157.3657,5,0.031392,-0.014326,-0.021273,0.999178
66108.003,30.288185085,-97.743098956,157.3758,5,0.031905,-0.014348,-0.021318,0.999161
66108.403,30.288185084,-97.743098924,157.3758,5,0.032001,-0.014367,-0.021316,0.999157
66108.803,30.288185083,-97.743098877,157.3798,5,0.032009,-0.014378,-0.021368,0.999156
66109.203,30.288185068,-97.743099089,157.4038,5,0.031984,-0.014367,-0.021308,0.999158
66109.603,30.288184990,-97.743099237,157.4227,5,0.032403,-0.014314,-0.021304,0.999145
66110.003,30.288184958,-97.743099264,157.4347,5,0.032151,-0.014325,-0.021272,0.999154
66110.403,30.288184944,-97.743099459,157.4508,5,0.032368,-0.014365,-0.021259,0.999147
66110.803,30.288184913,-97.743099491,157.4608,5,0.032473,-0.014374,-0.021196,0.999144
66111.203,30.288184891,-97.743099534,157.4648,5,0.032273,-0.014368,-0.021173,0.999151
66111.603,30.288184873,-97.743099492,157.4668,5,0.032177,-0.014400,-0.021138,0.999155
66112.003,30.288184844,-97.743099709,157.4958,5,0.032500,-0.014414,-0.021072,0.999146
66112.403,30.288184823,-97.743099711,157.4999,5,0.032559,-0.014511,-0.021077,0.999142
66112.803,30.288184796,-97.743099709,157.5089,5,0.032578,-0.014484,-0.021043,0.999143
66113.203,30.288184830,-97.743099724,157.5119,5,0.032394,-0.014473,-0.021089,0.999148
66113.603,30.288184818,-97.743099707,157.5149,5,0.032413,-0.014471,-0.021010,0.999149
66114.003,30.288184785,-97.743099834,157.5278,5,0.032528,-0.014429,-0.020975,0.999147
66114.403,30.288184760,-97.743099846,157.5398,5,0.032563,-0.014437,-0.020948,0.999146
66114.803,30.288184746,-97.743099851,157.5408,5,0.032598,-0.014429,-0.020931,0.999145
66115.203,30.288184749,-97.743099811,157.5339,5,0.032536,-0.014495,-0.020868,0.999148
66115.603,30.288184759,-97.743099781,157.5289,5,0.032544,-0.014505,-0.020911,0.999146
66116.003,30.288184767,-97.743099906,157.5309,5,0.032423,-0.014483,-0.020853,0.999152
66116.403,30.288184782,-97.743099906,157.5299,5,0.032406,-0.014532,-0.020738,0.999154
66116.803,30.288184794,-97.743099902,157.5310,5,0.032344,-0.014592,-0.020763,0.999155
66117.203,30.288184829,-97.743099974,157.5370,5,0.032370,-0.014602,-0.020762,0.999154
66117.603,30.288184876,-97.743099942,157.5380,5,0.032301,-0.014589,-0.020676,0.999158
66118.003,30.288184895,-97.743099962,157.5390,5,0.032268,-0.014594,-0.020589,0.999161
66118.403,30.288184878,-97.743100089,157.5451,5,0.032180,-0.014635,-0.020563,0.999163
66118.803,30.288184920,-97.743100102,157.5441,5,0.032163,-0.014642,-0.020528,0.999165
66119.203,30.288184941,-97.743100122,157.5431,5,0.032188,-0.014643,-0.020554,0.999163
66119.603,30.288184910,-97.743100137,157.5370,5,0.032076,-0.014564,-0.020610,0.999167
66120.003,30.288184830,-97.743100227,157.5409,5,0.032146,-0.014524,-0.020654,0.999164
66120.403,30.288184875,-97.743100252,157.5419,5,0.032138,-0.014531,-0.020628,0.999165
66120.803,30.288184915,-97.743100272,157.5449,5,0.032076,-0.014531,-0.020673,0.999166
66121.203,30.288184854,-97.743100337,157.5559,5,0.032093,-0.014515,-0.020690,0.999165
66121.603,30.288184910,-97.743100256,157.5709,5,0.031928,-0.014518,-0.020632,0.999172
66122.003,30.288184768,-97.743100306,157.5949,5,0.032121,-0.014504,-0.020612,0.999166
66122.403,30.288184798,-97.743100337,157.6129,5,0.032165,-0.014495,-0.020568,0.999166
66122.803,30.288184843,-97.743100354,157.6169,5,0.032122,-0.014494,-0.020577,0.999167
66123.203,30.288184846,-97.743100331,157.6188,5,0.032218,-0.014445,-0.020604,0.999164
66123.603,30.288184745,-97.743100206,157.6289,5,0.031965,-0.014465,-0.020572,0.999173
66124.003,30.288184588,-97.743100276,157.6429,5,0.032156,-0.014478,-0.020603,0.999166
66124.403,30.288184604,-97.743100276,157.6468,5,0.032097,-0.014450,-0.020562,0.999169
66124.803,30.288184642,-97.743100241,157.6527,5,0.031918,-0.014386,-0.020339,0.999180
66125.203,30.288184062,-97.743100309,157.6557,5,0.032113,-0.014404,-0.019428,0.999192
66125.603,30.288182914,-97.743100443,157.6450,5,0.031976,-0.014623,-0.019528,0.999191
66126.003,30.288181133,-97.743100641,157.6356,5,0.032318,-0.014291,-0.019298,0.999189
66126.403,30.288178466,-97.743100882,157.6259,5,0.032507,-0.013925,-0.015485,0.999255
66126.803,30.288173690,-97.743101455,157.6392,5,0.032697,-0.014109,-0.016725,0.999226
66127.203,30.288166879,-97.743102185,157.6417,5,0.032969,-0.012837,-0.017724,0.999217
66127.603,30.288158753,-97.743102979,157.6311,5,0.033011,-0.014078,-0.016704,0.999216
66128.003,30.288148919,-97.743104086,157.6429,5,0.033103,-0.014687,-0.016839,0.999202
66128.403,30.288137624,-97.743105401,157.6364,5,0.033684,-0.013393,-0.018298,0.999175
66128.803,30.288124638,-97.743107061,157.6365,5,0.034441,-0.015076,-0.019076,0.999111
66129.203,30.288110252,-97.743108726,157.5959,5,0.034881,-0.013017,-0.019370,0.999119
66129.603,30.288095184,-97.743110633,157.5800,5,0.033188,-0.013934,-0.018024,0.999189
66130.003,30.288079532,-97.743112307,157.5672,5,0.030196,-0.013169,-0.018524,0.999286
66130.403,30.288063979,-97.743114159,157.5644,5,0.028688,-0.013294,-0.019631,0.999307
66130.803,30.288048443,-97.743115934,157.5535,1,0.026627,-0.014783,-0.021963,0.999295
66131.203,30.288033182,-97.743117431,157.5327,5,0.025384,-0.013304,-0.022220,0.999342
66131.603,30.288018494,-97.743118840,157.5160,5,0.024529,-0.013375,-0.024803,0.999302
66132.003,30.288005555,-97.743120038,157.4825,5,0.023561,-0.013029,-0.023402,0.999364
66132.403,30.287994048,-97.743121141,157.4680,5,0.023026,-0.012539,-0.023900,0.999370
66132.803,30.287983759,-97.743122180,157.4625,5,0.022938,-0.013090,-0.022187,0.999405
66133.203,30.287973786,-97.743123386,157.4421,5,0.024501,-0.013741,-0.020240,0.999400
66133.603,30.287963685,-97.743124363,157.4340,5,0.027531,-0.009507,-0.021157,0.999352
66134.003,30.287953565,-97.743125578,157.4374,5,0.032002,-0.009938,-0.021531,0.999206
66134.403,30.287943540,-97.743126939,157.4241,5,0.041476,-0.007539,-0.018935,0.998932
66134.803,30.287932721,-97.743128896,157.4199,1,0.059283,-0.006962,-0.017995,0.998055
66135.203,30.287921314,-97.743131803,157.4243,5,0.088472,-0.007808,-0.018552,0.995875
66135.603,30.287909814,-97.743136123,157.4168,5,0.129751,-0.004949,-0.020121,0.991330
66136.003,30.287898814,-97.743142015,157.4082,5,0.180752,-0.006695,-0.023868,0.983216
66136.403,30.287888709,-97.743149577,157.3974,5,0.242757,-0.007559,-0.023618,0.969770
66136.803,30.287879633,-97.743158938,157.3770,1,0.305414,-0.017420,-0.020661,0.951836
66137.203,30.287871057,-97.743169440,157.3578,5,0.368255,-0.008069,-0.012882,0.929601
66137.603,30.287863552,-97.743182425,157.3562,5,0.428684,-0.009175,-0.002929,0.903403
66138.003,30.287856668,-97.743197679,157.3757,5,0.486838,-0.014172,-0.010061,0.873319
66138.403,30.287850945,-97.743214583,157.3700,5,0.536228,-0.016202,-0.007971,0.843880
66138.803,30.287846224,-97.743232611,157.3697,1,0.568978,-0.017164,-0.005692,0.822154
66139.203,30.287842506,-97.743251040,157.3658,5,0.599295,-0.016764,-0.005454,0.800334
66139.603,30.287840029,-97.743270540,157.3596,5,0.632139,-0.018140,-0.005264,0.774625
66140.003,30.287838597,-97.743290982,157.3057,5,0.665041,-0.016944,-0.005192,0.746596
66140.403,30.287839014,-97.743313726,157.3097,5,0.693173,-0.018433,-0.002279,0.720532
66140.803,30.287840331,-97.743337103,157.3164,1,0.711459,-0.017816,-0.005216,0.702482
66141.203,30.287842196,-97.743359975,157.3173,5,0.722153,-0.017160,-0.009180,0.691459
66141.603,30.287844373,-97.743381749,157.2982,1,0.726758,-0.019120,-0.006417,0.686598
66142.003,30.287846442,-97.743402733,157.2939,5,0.725350,-0.021556,-0.005926,0.688017
66142.403,30.287848343,-97.743423084,157.2911,5,0.722935,-0.022411,-0.005450,0.690531
66142.803,30.287850032,-97.743442659,157.2583,1,0.723177,-0.024201,-0.003565,0.690230
66143.203,30.287851882,-97.743462148,157.2388,5,0.724872,-0.024203,-0.001573,0.688457
66143.603,30.287853859,-97.743481720,157.2494,5,0.726437,-0.023700,-0.001496,0.686823
66144.003,30.287854295,-97.743496307,157.1809,5,0.726996,-0.023463,-0.001792,0.686238
66144.403,30.287855769,-97.743514172,157.1978,5,0.722107,-0.023657,0.000126,0.691377
66144.803,30.287855603,-97.743526250,157.0483,5,0.711402,-0.021789,0.001371,0.702446
66145.203,30.287854363,-97.743536922,156.9595,5,0.691230,-0.019539,-0.001408,0.722369
66145.603,30.287852003,-97.743553806,156.9642,5,0.652632,-0.015175,-0.010940,0.757444
66146.003,30.287844500,-97.743549239,156.6564,5,0.602525,-0.010461,-0.014418,0.797901
66146.403,30.287837378,-97.743563647,156.6600,5,0.539030,-0.008142,-0.018855,0.842036
66146.803,30.287827367,-97.743575505,156.7023,5,0.466531,-0.006859,-0.021549,0.884216
66147.203,30.287813612,-97.743584537,156.7468,5,0.386369,-0.007702,-0.029354,0.921845
66147.603,30.287797437,-97.743593946,156.7345,5,0.300188,-0.010278,-0.021226,0.953588
66148.003,30.287778214,-97.743600677,156.8117,5,0.216547,-0.012940,-0.023458,0.975905
66148.403,30.287757014,-97.743604854,156.7886,5,0.154865,-0.015481,-0.024903,0.987500
66148.803,30.287733931,-97.743608162,156.8439,1,0.110015,-0.010269,-0.015902,0.993750
66149.203,30.287708468,-97.743609798,156.8610,5,0.079076,-0.009836,-0.023647,0.996540
66149.603,30.287681124,-97.743611158,156.8795,1,0.059405,-0.013913,-0.019561,0.997945
66150.003,30.287651522,-97.743612205,156.8820,5,0.048822,-0.008223,-0.024826,0.998465
66150.403,30.287620299,-97.743612212,156.8490,5,0.041323,-0.005591,-0.024273,0.998835
66150.803,30.287587198,-97.743613845,156.8722,1,0.035282,-0.007359,-0.022396,0.999099
66151.203,30.287552854,-97.743613820,156.8575,5,0.030356,-0.009008,-0.024848,0.999190
66151.603,30.287518082,-97.743614694,156.8842,1,0.023574,-0.008677,-0.022871,0.999423
66152.003,30.287482975,-97.743615621,156.8967,5,0.020775,0.000264,-0.028055,0.999390
66152.403,30.287447998,-97.743614429,156.8711,5,0.021410,-0.004419,-0.023697,0.999480
66152.803,30.287412271,-97.743616455,156.9025,1,0.022141,0.003656,-0.027337,0.999374
66153.203,30.287376172,-97.743617045,156.9058,5,0.022059,-0.003205,-0.026933,0.999389
66153.603,30.287340152,-97.743618120,156.9126,1,0.022751,-0.005346,-0.028827,0.999311
66154.003,30.287304508,-97.743619599,156.9186,5,0.024304,-0.008104,-0.025165,0.999355
66154.403,30.287269214,-97.743619635,156.9250,5,0.025176,-0.010901,-0.025767,0.999291
66154.803,30.287234409,-97.743621875,156.9712,1,0.026087,-0.008436,-0.028084,0.999229
66155.203,30.287200268,-97.743622804,156.9888,5,0.027057,-0.006739,-0.024432,0.999313
66155.603,30.287166594,-97.743624960,157.0381,1,0.027896,-0.007644,-0.027316,0.999208
66156.003,30.287133611,-97.743627941,157.0946,5,0.028643,-0.006421,-0.027783,0.999183
66156.403,30.287101605,-97.743628257,157.0995,5,0.028934,-0.007186,-0.027985,0.999164
66156.803,30.287070637,-97.743631118,157.1627,1,0.028067,-0.009211,-0.023561,0.999286
66157.203,30.287040414,-97.743632322,157.1905,5,0.028174,-0.008661,-0.029318,0.999135
66157.603,30.287010914,-97.743633329,157.2029,1,0.029369,-0.005082,-0.027888,0.999167
66158.003,30.286981688,-97.743636780,157.2683,5,0.031108,-0.006240,-0.027879,0.999108
66158.403,30.286952743,-97.743637297,157.2822,5,0.032535,-0.009560,-0.026435,0.999075
66158.803,30.286924154,-97.743640252,157.3273,1,0.033644,-0.010433,-0.026579,0.999026
66159.203,30.286896096,-97.743641601,157.3398,5,0.034778,-0.005161,-0.027549,0.999002
66159.603,30.286868870,-97.743641524,157.3671,1,0.036057,-0.005440,-0.026564,0.998982
66160.003,30.286843121,-97.743641286,157.3885,5,0.037678,-0.006436,-0.031643,0.998768
66160.403,30.286819733,-97.743641016,157.4047,5,0.041372,-0.007719,-0.026035,0.998775
66160.803,30.286798244,-97.743640809,157.4351,1,0.043859,-0.009646,-0.029006,0.998570
66161.203,30.286778731,-97.743640303,157.4558,5,0.046136,-0.010335,-0.027540,0.998502
66161.603,30.286761557,-97.743639557,157.4940,1,0.047533,-0.011415,-0.026821,0.998444
66162.003,30.286747254,-97.743638342,157.5260,5,0.047321,-0.011233,-0.031180,0.998330
66162.403,30.286736082,-97.743636632,157.5593,5,0.048270,-0.011467,-0.032320,0.998245
66162.803,30.286727555,-97.743634615,157.5926,1,0.047773,-0.011714,-0.032357,0.998265
66163.203,30.286724685,-97.743634201,157.6131,5,0.045132,-0.011213,-0.031324,0.998427
66163.603,30.286720927,-97.743632509,157.6645,5,0.045482,-0.012489,-0.028992,0.998466
66164.003,30.286719653,-97.743631833,157.6054,5,0.042681,-0.012400,-0.027822,0.998624
66164.403,30.286720619,-97.743632153,157.6493,5,0.043811,-0.012381,-0.026667,0.998607
66164.803,30.286718499,-97.743647020,157.8842,5,0.041279,-0.012375,-0.022304,0.998822
66165.203,30.286710499,-97.743647528,157.9629,5,0.040176,-0.013729,-0.023562,0.998820
66165.603,30.286700872,-97.743647790,158.0300,5,0.030418,-0.015345,-0.021307,0.999192
66166.003,30.286689971,-97.743648653,158.1887,5,0.018231,-0.014357,-0.016630,0.999592
66166.403,30.286675613,-97.743646495,158.2721,5,0.007379,-0.008605,-0.018722,0.999760
66166.803,30.286659309,-97.743644593,158.3824,5,0.000537,-0.007987,-0.017944,0.999807
66167.203,30.286643554,-97.743648025,158.2897,5,0.001472,-0.006633,-0.017537,0.999823
66167.603,30.286626117,-97.743646393,158.3256,5,0.013078,-0.010401,-0.023021,0.999595
66168.003,30.286611216,-97.743645571,158.2215,5,0.028774,-0.012515,-0.020386,0.999300
66168.403,30.286590073,-97.743646948,158.2336,5,0.044694,-0.016860,-0.022768,0.998599
66168.803,30.286566574,-97.743648521,158.2573,1,0.052978,-0.020173,-0.019444,0.998203
66169.203,30.286539857,-97.743652158,158.2739,5,0.053101,-0.020676,-0.020620,0.998162
66169.603,30.286511267,-97.743656840,158.2317,1,0.049145,-0.018697,-0.023321,0.998344
66170.003,30.286482644,-97.743658000,158.2363,5,0.046106,-0.017481,-0.021878,0.998544
66170.403,30.286451455,-97.743659964,158.2329,5,0.043247,-0.018665,-0.024657,0.998586
66170.803,30.286420531,-97.743663257,158.1616,1,0.040718,-0.020053,-0.023674,0.998689
66171.203,30.286388712,-97.743664382,158.1636,5,0.037662,-0.020024,-0.023044,0.998824
66171.603,30.286355487,-97.743670981,158.0735,1,0.032510,-0.021243,-0.026643,0.998890
66172.003,30.286323945,-97.743668022,158.1117,5,0.032775,-0.020661,-0.024686,0.998944
66172.403,30.286291234,-97.743667254,158.1822,5,0.032178,-0.021882,-0.024544,0.998941
66172.803,30.286257386,-97.743669691,158.1464,1,0.028606,-0.024058,-0.032471,0.998774
66173.203,30.286223641,-97.743669562,158.1628,5,0.028912,-0.022285,-0.025909,0.998998
66173.603,30.286188494,-97.743673982,158.0831,1,0.026947,-0.021092,-0.021258,0.999188
66174.003,30.286154076,-97.743680079,158.0607,5,0.022631,-0.020391,-0.025977,0.999198
66174.403,30.286117946,-97.743677942,158.0832,1,0.022207,-0.019786,-0.029401,0.999125
66174.803,30.286082623,-97.743677590,158.1874,1,0.018741,-0.024290,-0.022992,0.999265
66175.203,30.286046952,-97.743682883,158.1019,5,0.016873,-0.025327,-0.025903,0.999201
66175.603,30.286011554,-97.743684987,158.0667,1,0.014101,-0.022624,-0.026355,0.999297
66176.004,30.285975929,-97.743690038,158.0266,5,0.010276,-0.021527,-0.027962,0.999324
66176.404,30.285940260,-97.743693905,157.8202,1,0.002267,-0.021823,-0.026815,0.999400
66176.804,30.285905909,-97.743697380,157.8122,1,0.003506,0.023803,0.031110,-0.999226
66177.204,30.285870573,-97.743699313,157.5532,5,0.017515,0.021245,0.028218,-0.999223
66177.604,30.285839293,-97.743701063,157.5936,1,0.029010,0.019288,0.030831,-0.998917
66178.004,30.285808720,-97.743703086,157.6252,5,0.044349,0.016189,0.029982,-0.998435
66178.404,30.285776414,-97.743699066,157.3187,5,0.060283,0.013637,0.030211,-0.997631
66178.804,30.285748278,-97.743700880,157.3458,1,0.073173,0.009563,0.033222,-0.996720
66179.204,30.285720557,-97.743697821,157.2803,5,0.087503,0.010502,0.027676,-0.995724
66179.604,30.285695236,-97.743698207,157.2022,1,0.102100,0.007796,0.030740,-0.994268
66180.004,30.285669786,-97.743697324,157.0651,5,0.102039,-0.002396,0.031558,-0.994277
66180.404,30.285642797,-97.743690508,156.6514,5,0.088549,-0.012776,0.033152,-0.995438
66180.804,30.285619958,-97.743688616,156.5240,1,0.064582,-0.011408,0.027439,-0.997470
66181.204,30.285597927,-97.743689597,156.4913,5,0.038372,-0.008371,0.030708,-0.998756
66181.604,30.285577825,-97.743700404,156.3805,1,0.016172,-0.008563,0.033253,-0.999279
66182.004,30.285559166,-97.743711703,156.3263,5,0.000973,-0.009642,0.030342,-0.999493
66182.404,30.285540437,-97.743718989,156.3103,5,0.009821,0.006999,-0.032342,0.999404
66182.804,30.285521679,-97.743728077,156.2139,1,0.012345,0.006434,-0.032607,0.999371
66183.204,30.285502593,-97.743732269,156.0418,5,0.018045,0.004565,-0.030599,0.999358
66183.604,30.285486937,-97.743744139,156.1032,1,0.012818,0.008111,-0.037654,0.999176
66184.004,30.285470641,-97.743731237,156.1441,5,0.020638,0.005905,-0.031215,0.999282
66184.404,30.285454338,-97.743730834,155.8195,5,0.019919,0.007923,-0.029617,0.999331
66184.804,30.285442537,-97.743750375,155.7746,1,0.009460,0.005298,-0.035368,0.999316
66185.204,30.285426938,-97.743753823,155.7778,5,0.007426,0.005077,-0.033585,0.999395
66185.604,30.285414131,-97.743769730,155.7130,5,0.003431,0.000440,-0.037265,0.999299
66186.004,30.285402548,-97.743778426,155.7126,5,0.004182,0.005895,-0.039710,0.999185
66186.404,30.285393565,-97.743785875,155.7004,5,0.005216,0.006729,-0.039310,0.999191
66190.904,30.285168976,-97.743911190,158.7288,5,0.592405,0.013340,-0.012909,0.805426
66191.304,30.285162026,-97.743913524,158.8122,5,0.600452,0.017494,-0.013294,0.799359
66191.704,30.285154746,-97.743917860,158.9125,5,0.610343,0.011695,-0.012758,0.791948
66192.104,30.285142001,-97.743919598,159.0646,5,0.620645,0.017008,-0.020688,0.783634
66192.504,30.285131814,-97.743928017,159.0562,5,0.624989,0.016682,-0.023138,0.780113
66192.904,30.285120476,-97.743938440,159.0645,5,0.620362,0.017322,-0.023415,0.783775
66193.304,30.285100393,-97.743943611,158.7815,5,0.519867,0.019563,-0.023709,0.853694
66193.704,30.285083336,-97.743954967,158.7651,5,0.507902,0.017986,-0.026287,0.860826
66194.104,30.285057812,-97.743959032,158.4090,5,0.425201,0.018804,-0.026666,0.904510
66194.504,30.285035161,-97.743970619,158.3697,5,0.417480,0.018907,-0.025038,0.908144
66194.904,30.285010477,-97.743983167,158.3312,5,0.411380,0.017514,-0.023300,0.910998
66195.304,30.284975820,-97.743983529,157.9894,5,0.328083,0.015041,-0.025396,0.944188
66195.704,30.284945805,-97.743994802,157.9319,5,0.323911,0.017700,-0.023545,0.945629
66196.104,30.284913716,-97.743988465,158.6671,5,0.123700,-0.000943,-0.018499,0.992147
66196.504,30.284881791,-97.743998285,158.8299,5,0.122581,-0.002440,-0.020035,0.992253
66196.904,30.284849520,-97.744008072,159.0057,5,0.121361,0.000227,-0.020150,0.992404
66197.304,30.284778834,-97.743953229,156.1678,5,0.060432,0.009830,-0.033385,0.997565
66197.704,30.284741367,-97.743955063,156.1111,5,0.059413,0.012004,-0.031054,0.997678
66198.104,30.284703689,-97.743961136,156.2627,5,0.072417,0.011972,-0.036689,0.996628
66198.504,30.284666531,-97.743963147,156.2302,5,0.073680,0.013149,-0.034241,0.996607
66198.904,30.284629220,-97.743965144,156.2154,5,0.076033,0.013690,-0.033916,0.996434
66199.304,30.284592828,-97.743960016,155.7768,5,0.087373,0.013778,-0.036762,0.995402
66199.704,30.284555647,-97.743960689,155.6877,5,0.089048,0.019588,-0.030272,0.995374
66200.104,30.284517361,-97.743960820,156.0794,5,0.088888,0.017393,-0.031066,0.995405
66200.504,30.284480361,-97.743961044,156.0529,5,0.091012,0.017694,-0.030435,0.995227
66200.904,30.284444106,-97.743961022,156.0370,5,0.092431,0.013537,-0.030207,0.995169
66201.304,30.284410140,-97.743966119,155.2186,5,0.077388,0.014317,-0.031563,0.996398
66201.704,30.284376046,-97.743965917,155.1944,5,0.075680,0.013748,-0.036196,0.996380
66202.104,30.284341385,-97.743961081,155.7862,5,0.077469,0.016290,-0.031155,0.996375
66202.504,30.284309638,-97.743958509,155.8064,5,0.074988,0.016988,-0.030548,0.996572
66202.904,30.284278654,-97.743955318,155.8341,5,0.072148,0.014867,-0.031629,0.996781
66203.304,30.284247313,-97.743961164,155.9368,5,0.062011,0.013043,-0.035041,0.997375
66203.704,30.284218464,-97.743957915,155.9617,5,0.062105,0.013979,-0.036828,0.997292
66204.104,30.284194954,-97.744002704,155.0648,5,0.032201,0.006739,-0.033483,0.998898
66204.504,30.284169593,-97.744006071,155.0993,5,0.037585,0.007826,-0.035380,0.998636
66204.904,30.284146234,-97.744008659,155.1221,1,0.041710,0.008629,-0.035076,0.998477
66205.304,30.284125097,-97.744011621,155.1727,5,0.046799,0.007178,-0.035209,0.998258
66205.704,30.284106585,-97.744014489,155.2112,1,0.051879,0.009848,-0.036106,0.997952
66206.104,30.284091362,-97.744017419,155.2535,5,0.056980,0.010233,-0.035839,0.997679
66206.504,30.284079708,-97.744020149,155.3207,1,0.060127,0.006654,-0.034006,0.997589
66206.904,30.284071408,-97.744022551,155.3779,1,0.062912,0.009708,-0.036395,0.997308
66207.304,30.284065052,-97.744024816,155.4292,5,0.064764,0.008453,-0.029346,0.997433
66207.704,30.284058383,-97.744027129,155.5207,5,0.067040,0.007952,-0.028393,0.997315
66208.104,30.284050467,-97.744030567,155.5238,5,0.069762,0.007727,-0.024006,0.997245
66208.504,30.284039673,-97.744033984,155.5906,5,0.073718,0.007869,-0.025926,0.996911
66208.904,30.284026236,-97.744038505,155.6460,5,0.078651,0.004901,-0.024657,0.996585
66209.304,30.284007351,-97.744038679,155.5312,5,0.083262,0.006319,-0.030049,0.996055
66209.704,30.283989167,-97.744044546,155.5885,1,0.086259,0.003500,-0.025150,0.995949
66210.104,30.283968049,-97.744051014,155.5903,5,0.084785,0.004560,-0.031044,0.995905
66210.504,30.283944200,-97.744058256,155.6087,5,0.080795,0.001044,-0.029576,0.996291
66210.904,30.283918095,-97.744066042,155.5810,1,0.072029,-0.010356,-0.031135,0.996863
66211.304,30.283889169,-97.744073043,155.5383,5,0.058373,-0.019125,-0.033135,0.997561
66211.704,30.283858013,-97.744079572,155.4685,1,0.044085,-0.020420,-0.033542,0.998256
66212.104,30.283824730,-97.744084562,155.3784,5,0.034538,-0.016819,-0.032127,0.998745
66212.504,30.283790599,-97.744090640,155.3670,1,0.030591,-0.019687,-0.031355,0.998846
66212.904,30.283754445,-97.744096011,155.2445,1,0.029506,-0.018354,-0.032595,0.998864
66213.304,30.283717494,-97.744100830,155.1630,5,0.028082,-0.018837,-0.031306,0.998938
66213.704,30.283679494,-97.744106208,155.0545,1,0.028770,-0.019988,-0.032558,0.998856
66214.104,30.283640816,-97.744110840,154.8949,5,0.031078,-0.014591,-0.034880,0.998802
66214.504,30.283602457,-97.744117127,154.8202,1,0.033250,-0.012510,-0.033841,0.998796
66214.904,30.283562558,-97.744122512,154.6429,1,0.032519,-0.012175,-0.034768,0.998792
66215.304,30.283522882,-97.744127535,154.5430,5,0.029054,-0.016120,-0.035812,0.998806
66215.704,30.283482760,-97.744132148,154.3818,1,0.027025,-0.017669,-0.034175,0.998894
66216.104,30.283442187,-97.744135866,154.2043,5,0.024587,-0.012176,-0.035467,0.998994
66216.504,30.283402055,-97.744141129,154.1125,1,0.022554,-0.012195,-0.036824,0.998993
66216.904,30.283360398,-97.744144620,153.8980,1,0.022371,-0.014125,-0.038612,0.998904
66217.304,30.283319339,-97.744149432,153.7677,5,0.024601,-0.010878,-0.035248,0.999017
66217.704,30.283277880,-97.744153721,153.5736,1,0.025979,-0.009129,-0.036633,0.998949
66218.104,30.283236201,-97.744157355,153.3301,5,0.027726,-0.011925,-0.038998,0.998783
66218.504,30.283196093,-97.744163211,153.2308,1,0.029600,-0.012815,-0.033900,0.998905
66218.904,30.283155091,-97.744167472,152.9978,1,0.031295,-0.014869,-0.042509,0.998495
66219.304,30.283115514,-97.744172467,152.8411,5,0.032279,-0.012287,-0.034715,0.998800
66219.704,30.283076631,-97.744177651,152.6839,1,0.030878,-0.015697,-0.044135,0.998425
66220.104,30.283037482,-97.744180614,152.3830,5,0.029267,-0.014253,-0.041500,0.998608
66220.504,30.283000915,-97.744185917,152.2928,1,0.027505,-0.012546,-0.037788,0.998828
66220.904,30.282963428,-97.744189610,152.0545,1,0.029500,-0.010655,-0.039498,0.998727
66221.304,30.282927280,-97.744194972,151.9536,5,0.035575,-0.016643,-0.040571,0.998404
66221.704,30.282891976,-97.744200943,151.8365,1,0.040984,-0.020926,-0.039205,0.998171
66222.104,30.282855276,-97.744205297,151.5816,5,0.045395,-0.014636,-0.039995,0.998061
66222.504,30.282821804,-97.744211924,151.5008,1,0.046904,-0.017202,-0.042094,0.997864
66222.904,30.282788338,-97.744216956,151.3134,1,0.048134,-0.017884,-0.039056,0.997917
66223.304,30.282758107,-97.744222179,151.2426,5,0.049691,-0.018774,-0.043305,0.997649
66223.704,30.282729329,-97.744227099,151.1352,1,0.046558,-0.019880,-0.045030,0.997702
66224.104,30.282702440,-97.744230104,151.0298,5,0.050203,-0.018976,-0.041855,0.997681
66224.504,30.282678403,-97.744234553,151.0059,1,0.049203,-0.018191,-0.041711,0.997752
66224.904,30.282655413,-97.744236892,150.9053,1,0.047609,-0.016780,-0.042872,0.997805
66225.304,30.282636069,-97.744239103,150.8814,5,0.049096,-0.012635,-0.048585,0.997532
66225.704,30.282619522,-97.744239994,150.8083,1,0.045004,-0.015006,-0.044032,0.997903
66226.104,30.282605458,-97.744238743,150.7002,5,0.044616,-0.012476,-0.043011,0.998000
66226.504,30.282596382,-97.744240765,150.7897,5,0.042452,-0.013616,-0.043856,0.998043
66226.904,30.282587635,-97.744237665,150.6070,1,0.038663,-0.013625,-0.045479,0.998124
66227.304,30.282582227,-97.744234650,150.5514,5,0.041412,-0.013275,-0.045374,0.998023
66227.704,30.282580883,-97.744234786,150.6640,5,0.041193,-0.012963,-0.044413,0.998079
66228.104,30.282577780,-97.744229971,150.5261,5,0.038742,-0.012923,-0.044425,0.998178
66228.504,30.282578528,-97.744229851,150.6656,5,0.039038,-0.012619,-0.042611,0.998249
66228.904,30.282579271,-97.744229808,150.7985,5,0.038904,-0.012551,-0.042370,0.998265
66229.304,30.282575661,-97.744228222,150.2668,5,0.046066,-0.016441,-0.040808,0.997969
66229.704,30.282575497,-97.744228050,150.2708,5,0.046092,-0.016435,-0.040851,0.997966
66230.104,30.282574459,-97.744228147,150.1398,5,0.046780,-0.017230,-0.040410,0.997939
66230.504,30.282574259,-97.744228052,150.1307,5,0.046816,-0.017203,-0.040358,0.997940
66230.904,30.282574029,-97.744227959,150.1216,5,0.046848,-0.017133,-0.039602,0.997970
66231.304,30.282572730,-97.744227927,150.0655,5,0.046648,-0.017037,-0.038676,0.998017
66231.704,30.282570673,-97.744228047,150.0389,5,0.046811,-0.016539,-0.039090,0.998002
66232.104,30.282567544,-97.744228323,149.9984,5,0.047766,-0.016165,-0.039252,0.997956
66232.504,30.282562971,-97.744228959,149.9661,5,0.050137,-0.016888,-0.039041,0.997836
66232.904,30.282557084,-97.744229830,149.9283,5,0.054047,-0.017177,-0.040346,0.997575
66233.304,30.282550196,-97.744230418,149.8662,5,0.055939,-0.020406,-0.041754,0.997352
66233.704,30.282542891,-97.744231437,149.8119,5,0.058083,-0.021911,-0.040481,0.997250
66234.104,30.282533162,-97.744230302,149.5960,5,0.057160,-0.020356,-0.036968,0.997473
66234.504,30.282523602,-97.744228674,149.3137,5,0.056220,-0.018547,-0.034419,0.997653
66234.904,30.282515453,-97.744226987,149.0431,5,0.054957,-0.018807,-0.034853,0.997703
66235.304,30.282506842,-97.744219330,148.1094,5,0.051184,-0.020509,-0.035560,0.997845
66235.704,30.282504747,-97.744219267,148.0838,5,0.051300,-0.020067,-0.035380,0.997855
66236.104,30.282504666,-97.744218363,148.0668,5,0.050771,-0.019339,-0.032330,0.998000
66236.504,30.282504538,-97.744217771,148.0630,5,0.050615,-0.019513,-0.032419,0.998001
66236.904,30.282504449,-97.744217503,148.0583,5,0.049905,-0.019710,-0.032282,0.998038
66237.304,30.282504255,-97.744217013,148.0584,5,0.049832,-0.019771,-0.032324,0.998039
66237.704,30.282503945,-97.744216418,148.0585,5,0.049693,-0.019837,-0.032175,0.998049
66238.104,30.282502764,-97.744214743,148.0686,5,0.048681,-0.019953,-0.032004,0.998102
66238.504,30.282498587,-97.744210154,148.3477,5,0.047655,-0.019988,-0.031812,0.998157
66238.904,30.282497957,-97.744209264,148.5128,5,0.047374,-0.020081,-0.031751,0.998171
66239.304,30.282497891,-97.744209292,148.5319,5,0.047068,-0.020146,-0.031684,0.998186
66239.704,30.282497884,-97.744209291,148.5319,5,0.047076,-0.020163,-0.031657,0.998186
66240.104,30.282497892,-97.744209328,148.5380,5,0.047571,-0.020222,-0.031644,0.998162
66240.504,30.282497987,-97.744209389,148.5110,5,0.047587,-0.020250,-0.031669,0.998160
66240.904,30.282497977,-97.744209401,148.5100,5,0.047571,-0.020190,-0.031707,0.998160
66241.304,30.282497884,-97.744209361,148.5309,5,0.047548,-0.020167,-0.031604,0.998165
66241.704,30.282497879,-97.744209383,148.5309,5,0.047532,-0.020131,-0.031597,0.998167
66242.104,30.282497896,-97.744209391,148.5258,5,0.047461,-0.020098,-0.031687,0.998168
66242.504,30.282497898,-97.744209416,148.5228,5,0.047471,-0.020064,-0.031706,0.998168
66242.904,30.282497896,-97.744209446,148.5198,5,0.047523,-0.020084,-0.031713,0.998165
66243.304,30.282497839,-97.744209363,148.5368,5,0.047540,-0.020100,-0.031668,0.998165
66243.704,30.282497837,-97.744209389,148.5369,5,0.047504,-0.020133,-0.031667,0.998166
66244.104,30.282497858,-97.744209384,148.5369,5,0.047442,-0.020110,-0.031766,0.998166
66244.504,30.282497903,-97.744209419,148.5228,5,0.047418,-0.020025,-0.031823,0.998167
66244.904,30.282497905,-97.744209464,148.5218,5,0.047381,-0.020019,-0.031920,0.998166
66245.304,30.282497849,-97.744209422,148.5387,5,0.047366,-0.019966,-0.031923,0.998168
66245.704,30.282497848,-97.744209457,148.5407,5,0.047329,-0.019977,-0.031993,0.998167
66246.104,30.282497793,-97.744209379,148.5587,5,0.047286,-0.019950,-0.032003,0.998169
66246.504,30.282497772,-97.744209396,148.5637,5,0.047277,-0.019967,-0.031994,0.998170
66246.904,30.282497761,-97.744209422,148.5618,5,0.047125,-0.020004,-0.032143,0.998171
66247.304,30.282497693,-97.744209309,148.5708,5,0.047104,-0.020051,-0.032229,0.998169
66247.704,30.282497676,-97.744209316,148.5688,5,0.047043,-0.020059,-0.032256,0.998170
66248.104,30.282497691,-97.744209276,148.5668,5,0.047122,-0.020059,-0.032202,0.998168
66248.504,30.282497673,-97.744209294,148.5689,5,0.047183,-0.020118,-0.032111,0.998167
66248.904,30.282497643,-97.744209318,148.5709,5,0.047184,-0.020148,-0.032004,0.998170
66249.304,30.282497619,-97.744209256,148.5830,5,0.047340,-0.020210,-0.031920,0.998164
66249.704,30.282497575,-97.744209281,148.5821,5,0.047427,-0.020261,-0.031828,0.998162
66250.104,30.282497644,-97.744209259,148.5830,5,0.047367,-0.020209,-0.031876,0.998164
66250.504,30.282497597,-97.744209284,148.5850,5,0.047349,-0.020226,-0.031875,0.998165
66250.904,30.282497547,-97.744209308,148.5841,5,0.047367,-0.020258,-0.031804,0.998166
66251.304,30.282497567,-97.744209269,148.5830,5,0.047421,-0.020231,-0.031743,0.998166
66251.704,30.282497519,-97.744209294,148.5810,5,0.047343,-0.020210,-0.031737,0.998170
66252.104,30.282497597,-97.744209263,148.5739,5,0.047355,-0.020116,-0.031767,0.998170
66252.504,30.282497560,-97.744209294,148.5719,5,0.047431,-0.020171,-0.031772,0.998165
66252.904,30.282497514,-97.744209331,148.5719,5,0.047381,-0.020173,-0.031668,0.998171
66253.304,30.282497576,-97.744209291,148.5729,5,0.047382,-0.020171,-0.031624,0.998172
66253.704,30.282497532,-97.744209334,148.5729,5,0.047373,-0.020163,-0.031642,0.998172
66254.104,30.282497597,-97.744209276,148.5718,5,0.047427,-0.020087,-0.031671,0.998170
66254.504,30.282497560,-97.744209299,148.5718,5,0.047392,-0.020038,-0.031762,0.998170
66254.904,30.282497585,-97.744209237,148.5648,5,0.047418,-0.020039,-0.031770,0.998169
66255.304,30.282497504,-97.744209344,148.5698,5,0.047392,-0.020040,-0.031796,0.998169
66255.704,30.282497444,-97.744209389,148.5698,5,0.047365,-0.020039,-0.031806,0.998170
66256.104,30.282497344,-97.744209422,148.5768,5,0.047365,-0.020032,-0.031832,0.998169
66256.504,30.282497237,-97.744209461,148.5807,5,0.047050,-0.019961,-0.032033,0.998179
66256.904,30.282497153,-97.744209469,148.5857,5,0.047034,-0.019925,-0.032027,0.998181
66257.304,30.282497319,-97.744209329,148.5866,5,0.047045,-0.019880,-0.031985,0.998183
66257.704,30.282497214,-97.744209346,148.5836,5,0.047061,-0.019891,-0.032028,0.998180
66258.104,30.282497391,-97.744209286,148.5766,5,0.047019,-0.019854,-0.032013,0.998183
66258.504,30.282497228,-97.744209316,148.5836,5,0.047018,-0.019897,-0.031994,0.998183
66258.904,30.282497527,-97.744209241,148.5726,5,0.046977,-0.019875,-0.031926,0.998188
66259.304,30.282497437,-97.744209212,148.5796,5,0.046959,-0.019891,-0.031908,0.998189
66259.704,30.282497360,-97.744209226,148.5786,5,0.046968,-0.019891,-0.031907,0.998188
66260.104,30.282497572,-97.744209237,148.5756,5,0.046950,-0.019907,-0.031872,0.998190
66260.504,30.282497511,-97.744209241,148.5776,5,0.046994,-0.019915,-0.031845,0.998189
66260.904,30.282497648,-97.744209224,148.5786,5,0.046969,-0.019896,-0.031829,0.998191
66261.304,30.282497585,-97.744209212,148.5806,5,0.047004,-0.019897,-0.031811,0.998190
66261.704,30.282497529,-97.744209207,148.5786,5,0.047023,-0.019855,-0.031838,0.998189
66262.104,30.282497638,-97.744209192,148.5825,5,0.046894,-0.019797,-0.031817,0.998197
66262.504,30.282497597,-97.744209179,148.5855,5,0.046930,-0.019780,-0.031791,0.998196
66262.904,30.282497666,-97.744209146,148.5865,5,0.046869,-0.019777,-0.031775,0.998200
66263.304,30.282497616,-97.744209124,148.5895,5,0.046912,-0.019796,-0.031774,0.998197
66263.704,30.282497571,-97.744209106,148.5895,5,0.046885,-0.019813,-0.031791,0.998198
66264.104,30.282497670,-97.744209092,148.5905,5,0.046869,-0.019818,-0.031721,0.998201
66264.504,30.282497636,-97.744209072,148.5915,5,0.046922,-0.019818,-0.031676,0.998199
66264.904,30.282497597,-97.744209049,148.5906,5,0.046956,-0.019869,-0.031621,0.998199
66265.304,30.282497651,-97.744209062,148.5956,5,0.046913,-0.019907,-0.031541,0.998202
66265.704,30.282497625,-97.744209044,148.5957,5,0.046981,-0.019962,-0.031537,0.998198
66266.104,30.282497629,-97.744209061,148.5867,5,0.047041,-0.019982,-0.031553,0.998195
66266.504,30.282497607,-97.744209059,148.5848,5,0.047100,-0.020037,-0.031566,0.998190
66266.904,30.282497592,-97.744209039,148.5877,5,0.047102,-0.020000,-0.031533,0.998192
66267.304,30.282497592,-97.744209024,148.5938,5,0.047074,-0.020026,-0.031550,0.998192
66267.704,30.282497566,-97.744208992,148.6007,5,0.047066,-0.020008,-0.031542,0.998193
66268.104,30.282497566,-97.744209022,148.6067,5,0.047023,-0.019997,-0.031526,0.998196
66268.504,30.282497548,-97.744209027,148.6117,5,0.046997,-0.019989,-0.031544,0.998197
66268.904,30.282497566,-97.744209004,148.6197,5,0.047050,-0.019998,-0.031517,0.998195
66269.304,30.282497564,-97.744209016,148.6217,5,0.047067,-0.020007,-0.031516,0.998194
66269.704,30.282497561,-97.744209037,148.6217,5,0.047165,-0.019973,-0.031463,0.998192
66270.104,30.282497561,-97.744208984,148.6187,5,0.047227,-0.019956,-0.031428,0.998190
66270.504,30.282497569,-97.744208994,148.6167,5,0.047244,-0.019957,-0.031445,0.998189
66270.904,30.282497568,-97.744208994,148.6167,5,0.047357,-0.019961,-0.031452,0.998183
66271.304,30.282497599,-97.744208971,148.6276,5,0.047403,-0.019925,-0.031409,0.998183
66271.704,30.282497608,-97.744208964,148.6286,5,0.047490,-0.019935,-0.031363,0.998180
66272.104,30.282497614,-97.744208952,148.6286,5,0.047491,-0.019919,-0.031390,0.998180
66272.504,30.282497627,-97.744208939,148.6286,5,0.047439,-0.019907,-0.031374,0.998183
66272.904,30.282497598,-97.744208922,148.6286,5,0.047604,-0.019938,-0.031361,0.998175
66273.304,30.282497608,-97.744208909,148.6286,5,0.047657,-0.019939,-0.031334,0.998173
66273.704,30.282497596,-97.744208901,148.6346,5,0.047804,-0.019944,-0.031340,0.998166
66274.104,30.282497615,-97.744208899,148.6286,5,0.047752,-0.019943,-0.031358,0.998168
66274.504,30.282497632,-97.744208882,148.6296,5,0.047753,-0.019933,-0.031332,0.998169
66274.904,30.282497611,-97.744208891,148.6387,5,0.047840,-0.019968,-0.031268,0.998166
66275.304,30.282497629,-97.744208877,148.6387,5,0.047865,-0.020002,-0.031231,0.998165
66275.704,30.282497604,-97.744208864,148.6397,5,0.047856,-0.020020,-0.031256,0.998164
66276.104,30.282497627,-97.744208859,148.6386,5,0.047832,-0.019940,-0.031252,0.998167
66276.504,30.282497659,-97.744208847,148.6347,5,0.047856,-0.019994,-0.031266,0.998165
66276.904,30.282497662,-97.744208837,148.6377,5,0.047873,-0.020012,-0.031265,0.998163
66277.304,30.282497695,-97.744208821,148.6377,5,0.047864,-0.020013,-0.031291,0.998163
66277.704,30.282497743,-97.744208801,148.6337,5,0.047898,-0.020008,-0.031335,0.998160
66278.104,30.282497736,-97.744208819,148.6347,5,0.047916,-0.019999,-0.031317,0.998160
66278.504,30.282497761,-97.744208806,148.6368,5,0.047924,-0.020050,-0.031289,0.998159
66278.904,30.282497798,-97.744208811,148.6418,5,0.047916,-0.020056,-0.031236,0.998161
66279.304,30.282497685,-97.744208801,148.6417,5,0.047925,-0.020030,-0.031237,0.998161
66279.704,30.282497713,-97.744208781,148.6407,5,0.047910,-0.019969,-0.031249,0.998163
66280.104,30.282497699,-97.744208799,148.6427,5,0.047883,-0.019985,-0.031240,0.998164
66280.504,30.282497747,-97.744208772,148.6397,5,0.047842,-0.019971,-0.031154,0.998169
66280.904,30.282497649,-97.744208802,148.6417,5,0.047857,-0.019993,-0.031232,0.998166
66281.304,30.282497658,-97.744208794,148.6417,5,0.047820,-0.019997,-0.031354,0.998163
66281.704,30.282497583,-97.744208806,148.6477,5,0.047767,-0.020020,-0.031310,0.998167
66282.104,30.282497604,-97.744208809,148.6478,5,0.047801,-0.020048,-0.031317,0.998165
66282.504,30.282497632,-97.744208819,148.6498,5,0.047748,-0.020048,-0.031362,0.998166
66282.904,30.282497660,-97.744208817,148.6507,5,0.047759,-0.019995,-0.031338,0.998167
66283.304,30.282497563,-97.744208797,148.6517,5,0.047760,-0.019977,-0.031330,0.998167
66283.704,30.282497583,-97.744208787,148.6507,5,0.047733,-0.019978,-0.031374,0.998167
66284.104,30.282497548,-97.744208799,148.6506,5,0.047742,-0.019953,-0.031393,0.998167
66284.504,30.282497565,-97.744208794,148.6497,5,0.047767,-0.019972,-0.031409,0.998165
66284.904,30.282497529,-97.744208787,148.6496,5,0.047803,-0.019954,-0.031374,0.998164
66285.304,30.282497541,-97.744208777,148.6496,5,0.047822,-0.019936,-0.031357,0.998164
66285.704,30.282497502,-97.744208764,148.6497,5,0.047855,-0.019966,-0.031399,0.998161
66286.104,30.282497515,-97.744208759,148.6467,5,0.047855,-0.019974,-0.031381,0.998161
66286.504,30.282497525,-97.744208747,148.6457,5,0.047871,-0.020001,-0.031397,0.998160
66286.904,30.282497533,-97.744208734,148.6447,5,0.047906,-0.020011,-0.031387,0.998158
66287.304,30.282497513,-97.744208736,148.6477,5,0.047924,-0.019977,-0.031397,0.998158
66287.704,30.282497518,-97.744208727,148.6467,5,0.047950,-0.020002,-0.031352,0.998157
66288.104,30.282497540,-97.744208721,148.6437,5,0.047934,-0.019966,-0.031354,0.998159
66288.504,30.282497546,-97.744208706,148.6436,5,0.047928,-0.019928,-0.031295,0.998162
66288.904,30.282497553,-97.744208694,148.6416,5,0.047963,-0.019929,-0.031294,0.998160
66289.304,30.282497546,-97.744208681,148.6426,5,0.047920,-0.019886,-0.031323,0.998162
66289.704,30.282497558,-97.744208659,148.6426,5,0.047911,-0.019910,-0.031296,0.998163
66290.104,30.282497563,-97.744208687,148.6486,5,0.047971,-0.019963,-0.031257,0.998160
66290.504,30.282497577,-97.744208676,148.6486,5,0.047996,-0.019957,-0.031301,0.998157
66290.904,30.282497591,-97.744208666,148.6476,5,0.047953,-0.019963,-0.031284,0.998160
66291.304,30.282497548,-97.744208686,148.6497,5,0.047969,-0.019982,-0.031300,0.998158
66291.704,30.282497522,-97.744208697,148.6496,5,0.048022,-0.019967,-0.031317,0.998156
66292.104,30.282497542,-97.744208684,148.6467,5,0.047978,-0.020000,-0.031299,0.998158
66292.504,30.282497563,-97.744208661,148.6447,5,0.047942,-0.020016,-0.031299,0.998159
66292.904,30.282497543,-97.744208694,148.6427,5,0.047961,-0.019966,-0.031336,0.998158
66293.304,30.282497559,-97.744208684,148.6417,5,0.047976,-0.020020,-0.031350,0.998156
66293.704,30.282497541,-97.744208689,148.6417,5,0.047993,-0.020005,-0.031386,0.998154
66294.104,30.282497557,-97.744208689,148.6397,5,0.048011,-0.019997,-0.031403,0.998153
66294.504,30.282497540,-97.744208704,148.6428,5,0.048025,-0.020069,-0.031425,0.998150
66294.904,30.282497549,-97.744208699,148.6428,5,0.048008,-0.020076,-0.031408,0.998151
66295.305,30.282497537,-97.744208709,148.6428,5,0.048017,-0.020060,-0.031426,0.998150
66295.705,30.282497539,-97.744208714,148.6408,5,0.048025,-0.020069,-0.031425,0.998150
66296.105,30.282497530,-97.744208711,148.6428,5,0.048069,-0.020061,-0.031425,0.998148
66296.505,30.282497532,-97.744208708,148.6437,5,0.048035,-0.020035,-0.031436,0.998150
66296.905,30.282497530,-97.744208709,148.6427,5,0.048026,-0.020034,-0.031436,0.998150
66297.305,30.282497523,-97.744208698,148.6447,5,0.048070,-0.020035,-0.031426,0.998148
66297.705,30.282497521,-97.744208699,148.6447,5,0.048079,-0.020019,-0.031436,0.998148
66298.105,30.282497530,-97.744208696,148.6447,5,0.048052,-0.020011,-0.031471,0.998148
66298.505,30.282497522,-97.744208691,148.6426,5,0.048037,-0.019958,-0.031474,0.998150
66298.905,30.282497516,-97.744208691,148.6427,5,0.048062,-0.019968,-0.031491,0.998148
66299.305,30.282497519,-97.744208681,148.6416,5,0.048107,-0.019960,-0.031464,0.998147
66299.705,30.282497515,-97.744208666,148.6426,5,0.048080,-0.019960,-0.031482,0.998148
66300.105,30.282497528,-97.744208666,148.6436,5,0.048116,-0.019911,-0.031528,0.998145
66300.505,30.282497524,-97.744208646,148.6445,5,0.048100,-0.019867,-0.031548,0.998147
66300.905,30.282497515,-97.744208636,148.6465,5,0.048162,-0.019850,-0.031504,0.998145
66301.305,30.282497557,-97.744208661,148.6415,5,0.048154,-0.019832,-0.031505,0.998146
66301.705,30.282497548,-97.744208636,148.6444,5,0.048112,-0.019754,-0.031536,0.998149
66302.105,30.282497541,-97.744208607,148.6484,5,0.048112,-0.019746,-0.031562,0.998148
66302.505,30.282497512,-97.744208587,148.6464,5,0.048156,-0.019723,-0.031589,0.998145
66302.905,30.282497548,-97.744208607,148.6463,5,0.048104,-0.019704,-0.031608,0.998148
66303.305,30.282497526,-97.744208564,148.6473,5,0.048148,-0.019698,-0.031625,0.998145
66303.705,30.282497560,-97.744208642,148.6463,5,0.048071,-0.019683,-0.031557,0.998151
66304.105,30.282497541,-97.744208592,148.6473,5,0.048072,-0.019665,-0.031541,0.998152
66304.505,30.282497513,-97.744208539,148.6473,5,0.048080,-0.019665,-0.031541,0.998152
66304.905,30.282497476,-97.744208474,148.6452,5,0.048125,-0.019625,-0.031577,0.998149
66305.305,30.282497515,-97.744208544,148.6403,5,0.048071,-0.019682,-0.031531,0.998152
66305.705,30.282497483,-97.744208469,148.6413,5,0.048088,-0.019684,-0.031548,0.998151
66306.105,30.282497556,-97.744208569,148.6334,5,0.047990,-0.019751,-0.031555,0.998154
66306.505,30.282497528,-97.744208502,148.6334,5,0.048077,-0.019763,-0.031571,0.998149
66306.905,30.282497579,-97.744208587,148.6325,5,0.047996,-0.019805,-0.031587,0.998151
66307.305,30.282497553,-97.744208534,148.6324,5,0.048060,-0.019769,-0.031527,0.998151
66307.705,30.282497524,-97.744208469,148.6334,5,0.048130,-0.019762,-0.031509,0.998148
66308.105,30.282497166,-97.744208641,148.6264,5,0.048026,-0.019846,-0.029909,0.998201
66308.505,30.282495599,-97.744208851,148.6215,5,0.047843,-0.020772,-0.027859,0.998250
66308.905,30.282491443,-97.744209439,148.6095,5,0.049029,-0.017544,-0.028514,0.998236
66309.305,30.282483927,-97.744210574,148.5797,5,0.053963,-0.013007,-0.026170,0.998115
66309.705,30.282472805,-97.744212475,148.5506,5,0.059191,-0.011432,-0.026284,0.997835
66310.105,30.282458942,-97.744214511,148.5135,5,0.054150,-0.006333,-0.025530,0.998186
66310.505,30.282443335,-97.744216275,148.4986,5,0.037801,-0.003871,-0.017816,0.999119
66310.905,30.282426182,-97.744216948,148.4928,5,0.008428,0.001322,-0.017141,0.999817
66311.305,30.282408002,-97.744215896,148.4952,5,0.038867,-0.001283,0.019276,-0.999058
66311.705,30.282389067,-97.744212504,148.4732,5,0.086171,-0.007295,0.019916,-0.996055
66312.105,30.282369495,-97.744207061,148.4615,5,0.137921,-0.002205,0.019499,-0.990249
66312.505,30.282350233,-97.744198583,148.4435,1,0.202640,0.003567,0.030095,-0.978784
66312.905,30.282331594,-97.744186746,148.3565,1,0.273003,0.009006,0.056479,-0.960312
66313.305,30.282314489,-97.744171671,148.2205,5,0.342738,0.018764,0.060047,-0.937322
66313.705,30.282299034,-97.744153329,148.0926,1,0.405973,0.017922,0.056908,-0.911936
66314.105,30.282284966,-97.744132002,147.9799,5,0.462492,0.023023,0.056902,-0.884496
66314.505,30.282272813,-97.744107649,147.8845,1,0.518453,0.024617,0.056007,-0.852915
66314.905,30.282262706,-97.744080390,147.8069,1,0.563178,0.025240,0.050691,-0.824393
66315.305,30.282253558,-97.744050533,147.7428,5,0.588419,0.025427,0.050442,-0.806581
66315.705,30.282245273,-97.744018783,147.6889,1,0.601904,0.021484,0.045846,-0.796962
66316.105,30.282236723,-97.743985437,147.6429,5,0.603723,0.023401,0.040023,-0.795845
66316.505,30.282227688,-97.743950015,147.6043,1,0.602418,0.017939,0.045424,-0.796685
66316.905,30.282218129,-97.743913656,147.5352,1,0.601022,0.019081,0.044068,-0.797788
66317.305,30.282208268,-97.743875779,147.4669,5,0.600920,0.013281,0.042736,-0.798055
66317.705,30.282198588,-97.743836825,147.4082,1,0.602626,0.009804,0.034647,-0.797211
66318.105,30.282188363,-97.743797017,147.3531,5,0.602480,0.003720,0.040132,-0.797116
66318.505,30.282177496,-97.743755793,147.2329,1,0.601540,0.005582,0.040357,-0.797803
66318.905,30.282166411,-97.743713964,147.1418,1,0.599382,0.006465,0.040517,-0.799411
66319.305,30.282155040,-97.743671250,147.0446,5,0.596436,0.003662,0.036145,-0.801838
66319.705,30.282143080,-97.743627189,146.9515,1,0.597562,0.003585,0.036141,-0.801000
66320.105,30.282131442,-97.743583156,146.8683,5,0.597191,0.000155,0.033611,-0.801394
66320.505,30.282119412,-97.743538152,146.7735,1,0.596344,-0.001165,0.030390,-0.802152
66320.905,30.282106634,-97.743491681,146.6942,1,0.595348,-0.000949,0.031088,-0.802866
66321.305,30.282094123,-97.743446153,146.6400,5,0.593772,0.003254,0.028551,-0.804120
66321.705,30.282080655,-97.743398785,146.5807,1,0.593909,0.005463,0.036845,-0.803669
66322.105,30.282067697,-97.743352812,146.5188,5,0.595335,0.011640,0.039855,-0.802404
66322.505,30.282055426,-97.743307070,146.4963,1,0.597258,0.006157,0.034152,-0.801298
66322.905,30.282042661,-97.743261232,146.4513,1,0.598099,0.008538,0.037686,-0.800490
66323.304,30.282030922,-97.743216653,146.3868,5,0.596394,0.003303,0.033195,-0.801998
66323.704,30.282018087,-97.743170765,146.2795,1,0.595036,0.009506,0.038122,-0.802738
66324.104,30.282005340,-97.743125998,146.2002,5,0.593598,0.018149,0.036735,-0.803718
66324.504,30.281992622,-97.743080789,146.1538,1,0.592358,0.008996,0.033070,-0.804945
66324.904,30.281979127,-97.743034967,146.0660,1,0.592172,0.006881,0.030742,-0.805196
66325.304,30.281966333,-97.742990070,146.0274,5,0.592944,0.008759,0.031556,-0.804577
66325.704,30.281952130,-97.742943478,145.9454,1,0.593162,0.010628,0.036846,-0.804170
66326.104,30.281938214,-97.742897793,145.8799,5,0.592694,0.025045,0.043355,-0.803870
66326.504,30.281925145,-97.742852545,145.9104,1,0.591722,0.028956,0.030887,-0.805030
66326.904,30.281911774,-97.742806987,145.9490,1,0.590987,0.016830,0.024270,-0.806140
66327.304,30.281899543,-97.742763719,146.0103,5,0.590935,0.011069,0.017626,-0.806450
66327.704,30.281886555,-97.742720206,145.9914,1,0.592387,0.008823,0.025295,-0.805208
66328.104,30.281874349,-97.742678765,145.9882,5,0.593856,0.012825,0.029153,-0.803941
66328.504,30.281862921,-97.742639334,146.0030,1,0.593753,0.018108,0.032719,-0.803778
66328.904,30.281851545,-97.742601896,145.9928,1,0.593769,0.025313,0.035493,-0.803454
66329.304,30.281842193,-97.742567968,146.0350,5,0.593572,0.024811,0.028853,-0.803880
66329.704,30.281832842,-97.742535493,146.0433,1,0.593209,0.023042,0.029952,-0.804161
66330.104,30.281824566,-97.742506600,146.0533,5,0.593713,0.024744,0.029353,-0.803761
66330.504,30.281817281,-97.742480449,146.0639,1,0.594786,0.025582,0.026545,-0.803038
66330.904,30.281810409,-97.742456957,146.0384,1,0.595856,0.024953,0.026735,-0.802259
66331.304,30.281805576,-97.742438288,146.0516,5,0.596455,0.022585,0.025951,-0.801909
66331.704,30.281800961,-97.742422089,145.9984,1,0.596668,0.025321,0.023774,-0.801736
66332.104,30.281797345,-97.742408783,145.9508,5,0.596790,0.023750,0.022393,-0.801734
66332.504,30.281794366,-97.742397641,145.9021,5,0.596562,0.023585,0.022954,-0.801892
66332.904,30.281790838,-97.742387810,145.7855,1,0.595729,0.023459,0.021081,-0.802566
66333.304,30.281789230,-97.742380975,145.7413,5,0.595461,0.024122,0.018901,-0.802800
66333.704,30.281787605,-97.742374965,145.6769,5,0.595084,0.025302,0.018305,-0.803056
66334.105,30.281786062,-97.742370082,145.6193,5,0.595130,0.025658,0.018397,-0.803009
66334.505,30.281785019,-97.742367723,145.5336,5,0.595007,0.025035,0.018124,-0.803126
66334.905,30.281784344,-97.742366072,145.4911,5,0.594800,0.025618,0.018157,-0.803260
66335.305,30.281778906,-97.742364713,145.7434,5,0.596021,0.025632,0.018476,-0.802347
66335.705,30.281778249,-97.742363994,145.7640,5,0.595313,0.026063,0.017514,-0.802880
66336.105,30.281777580,-97.742362870,145.7768,5,0.595447,0.026650,0.016621,-0.802781
66336.505,30.281775275,-97.742359172,146.0698,5,0.594885,0.028498,0.013288,-0.803196
66336.905,30.281773111,-97.742353470,146.1829,5,0.594417,0.027716,0.014280,-0.803553
66337.305,30.281769844,-97.742345285,146.3481,5,0.593737,0.027766,0.014513,-0.804049
66337.705,30.281766754,-97.742336114,146.4099,5,0.592786,0.029951,0.014186,-0.804678
66338.105,30.281763339,-97.742325196,146.4599,5,0.591788,0.030518,0.014727,-0.805381
66338.505,30.281759415,-97.742312641,146.5280,5,0.591084,0.030141,0.015246,-0.805903
66338.905,30.281755041,-97.742299090,146.5939,5,0.591124,0.032179,0.016553,-0.805769
66339.305,30.281750369,-97.742284200,146.6603,5,0.591173,0.032592,0.014178,-0.805761
66339.705,30.281745156,-97.742267434,146.7066,5,0.592878,0.032267,0.014852,-0.804509
66340.105,30.281739555,-97.742248980,146.7830,5,0.595865,0.033653,0.012668,-0.802279
66340.505,30.281733511,-97.742228303,146.8807,5,0.597148,0.029736,0.011832,-0.801492
66340.905,30.281726595,-97.742205193,146.9358,5,0.597910,0.023912,0.015956,-0.801048
66341.305,30.281719629,-97.742181240,146.9875,5,0.599203,0.014421,0.017661,-0.800273
66341.705,30.281713528,-97.742156968,147.0362,1,0.602290,0.015806,0.014574,-0.797988
66342.105,30.281707202,-97.742133194,147.0852,5,0.604862,0.012378,0.015889,-0.796075
66342.505,30.281700821,-97.742109062,147.1160,1,0.606451,0.014410,0.010950,-0.794915
66342.905,30.281694444,-97.742084143,147.1594,1,0.606701,0.009989,0.008975,-0.794816
66343.305,30.281687472,-97.742058712,147.2351,5,0.602223,0.006867,0.007301,-0.798265
66343.705,30.281679600,-97.742033465,147.2976,1,0.590546,0.012115,0.017990,-0.806713
66344.105,30.281670946,-97.742009632,147.3750,5,0.566079,0.013236,0.004635,-0.824231
66344.505,30.281660741,-97.741986237,147.4262,1,0.531387,0.002538,0.007844,-0.847089
66344.905,30.281648010,-97.741964133,147.4731,1,0.480362,0.008736,0.001979,-0.877025
66345.305,30.281632121,-97.741943368,147.5869,5,0.421773,0.010189,0.001911,-0.906642
66345.705,30.281613277,-97.741924082,147.6319,1,0.358937,0.008615,0.008427,-0.933284
66346.105,30.281591680,-97.741907611,147.7088,5,0.301408,0.018910,0.009747,-0.953258
66346.505,30.281568221,-97.741892818,147.7505,1,0.257662,0.021369,0.014553,-0.965889
66346.905,30.281543321,-97.741879453,147.7758,1,0.224566,0.020052,0.012229,-0.974176
66347.305,30.281516595,-97.741867383,147.8110,5,0.193758,0.013774,0.014662,-0.980843
66347.705,30.281488413,-97.741856805,147.8336,1,0.169389,0.020136,0.009417,-0.985299
66348.105,30.281458306,-97.741847247,147.8869,5,0.143449,0.019554,0.017180,-0.989315
66348.505,30.281426844,-97.741839033,147.8984,1,0.116357,0.017516,0.010378,-0.992999
66348.905,30.281393869,-97.741832325,147.9140,1,0.093512,0.016159,0.017033,-0.995341
66349.305,30.281359725,-97.741827351,147.9160,5,0.071346,0.018378,0.025909,-0.996946
66349.705,30.281325627,-97.741823472,147.8226,1,0.051645,0.017501,0.027165,-0.998143
66350.105,30.281291030,-97.741821484,147.7754,5,0.031522,0.019420,0.028086,-0.998920
66350.505,30.281256329,-97.741821155,147.7082,1,0.007451,0.019595,0.022298,-0.999532
66350.905,30.281221578,-97.741822991,147.6712,1,0.018482,-0.024299,-0.021045,0.999312
66351.305,30.281186294,-97.741826869,147.6534,5,0.043471,-0.023248,-0.021488,0.998553
66351.705,30.281151019,-97.741832591,147.5968,1,0.065473,-0.024837,-0.024547,0.997243
66352.105,30.281115095,-97.741840262,147.5283,5,0.086632,-0.025743,-0.022281,0.995658
66352.505,30.281079233,-97.741850044,147.4995,1,0.105963,-0.041945,-0.023996,0.993195
66352.905,30.281044329,-97.741860804,147.3726,1,0.121448,-0.040764,-0.022753,0.991499
66353.305,30.281009170,-97.741872352,147.2929,5,0.129124,-0.040309,-0.022731,0.990548
66353.705,30.280973803,-97.741884476,147.1689,1,0.131500,-0.036494,-0.027133,0.990273
66354.105,30.280937736,-97.741896792,147.0654,5,0.130146,-0.035904,-0.024472,0.990542
66354.505,30.280900719,-97.741908996,146.9595,5,0.130558,-0.030538,-0.029127,0.990542
66354.905,30.280864416,-97.741922058,146.8550,1,0.132189,-0.038227,-0.026626,0.990129
66355.305,30.280827320,-97.741934518,146.7569,5,0.133120,-0.037430,-0.028514,0.989982
66355.705,30.280791102,-97.741947621,146.6271,1,0.134103,-0.034248,-0.026584,0.990019
66356.105,30.280754874,-97.741960254,146.5306,5,0.134028,-0.033961,-0.028367,0.989989
66356.505,30.280718872,-97.741972770,146.4356,1,0.134266,-0.033080,-0.026697,0.990033
66356.905,30.280683156,-97.741985363,146.3433,1,0.132487,-0.030229,-0.025503,0.990395
66357.305,30.280647301,-97.741996924,146.2966,5,0.130394,-0.025641,-0.028293,0.990727
66357.705,30.280612006,-97.742008770,146.2001,1,0.129491,-0.023492,-0.027640,0.990917
66358.105,30.280576539,-97.742020228,146.1086,5,0.126087,-0.025687,-0.032267,0.991162
66358.505,30.280541095,-97.742031418,146.0003,1,0.125499,-0.026923,-0.029563,0.991288
66358.905,30.280505992,-97.742043096,145.8819,1,0.131200,-0.034210,-0.030476,0.990297
66359.305,30.280471676,-97.742054759,145.7910,5,0.137842,-0.033449,-0.026829,0.989526
66359.705,30.280438003,-97.742067840,145.6529,1,0.140911,-0.041034,-0.029105,0.988743
66360.105,30.280404536,-97.742079880,145.5366,5,0.139136,-0.032658,-0.032148,0.989212
66360.505,30.280371679,-97.742092320,145.3892,1,0.139562,-0.033123,-0.030969,0.989174
66360.905,30.280338919,-97.742104081,145.2713,1,0.139659,-0.032278,-0.029346,0.989238
66361.305,30.280306520,-97.742115429,145.1813,5,0.138089,-0.033816,-0.028256,0.989439
66361.705,30.280274784,-97.742127801,145.0306,1,0.136361,-0.029927,-0.028969,0.989783
66362.105,30.280243607,-97.742138858,144.9119,5,0.134739,-0.026120,-0.030964,0.990053
66362.505,30.280213197,-97.742149601,144.7881,1,0.133024,-0.029627,-0.032325,0.990142
66362.905,30.280184064,-97.742160299,144.6696,1,0.133925,-0.030329,-0.037358,0.989822
66363.305,30.280157138,-97.742169144,144.5717,5,0.135295,-0.028698,-0.035273,0.989761
66363.705,30.280132222,-97.742178855,144.4329,1,0.136255,-0.032047,-0.033345,0.989594
66364.105,30.280108321,-97.742187094,144.3379,5,0.136879,-0.034582,-0.033461,0.989418
66364.505,30.280085587,-97.742195404,144.2252,1,0.137226,-0.037291,-0.033513,0.989270
66364.905,30.280064269,-97.742203499,144.1163,1,0.136099,-0.036298,-0.030358,0.989564
66365.305,30.280044372,-97.742209998,144.0536,5,0.135595,-0.038272,-0.031767,0.989515
66365.705,30.280026274,-97.742217152,143.9463,1,0.134974,-0.035605,-0.032021,0.989691
66366.105,30.280009938,-97.742222949,143.8655,5,0.135225,-0.036617,-0.032768,0.989596
66366.505,30.279995433,-97.742228084,143.7934,1,0.133433,-0.041474,-0.034708,0.989581
66366.905,30.279982817,-97.742232272,143.7106,1,0.130886,-0.039274,-0.038722,0.989862
66367.305,30.279972718,-97.742235409,143.6953,5,0.128034,-0.034813,-0.021373,0.990928
66367.705,30.279963235,-97.742237388,143.6265,5,0.125432,-0.034245,-0.024280,0.991214
66368.105,30.279955384,-97.742243088,143.5522,5,0.123029,-0.033585,-0.035571,0.991197
66368.505,30.279949010,-97.742244247,143.5293,5,0.120324,-0.037529,-0.031542,0.991523
66368.905,30.279943324,-97.742247063,143.4601,1,0.119544,-0.039786,-0.031174,0.991541
66369.305,30.279938032,-97.742248764,143.4194,5,0.120219,-0.036781,-0.032069,0.991547
66369.705,30.279933528,-97.742250003,143.3892,5,0.119460,-0.034141,-0.031492,0.991752
66370.105,30.279928978,-97.742258429,143.2594,5,0.117395,-0.035108,-0.032551,0.991931
66370.505,30.279925975,-97.742262090,143.2342,5,0.115952,-0.037188,-0.029627,0.992116
66370.905,30.279924139,-97.742263775,143.2496,5,0.116084,-0.034243,-0.027802,0.992260
66371.305,30.279922366,-97.742267772,143.1294,4,0.115738,-0.034880,-0.027263,0.992293
66371.705,30.279922005,-97.742268330,143.1143,4,0.115737,-0.034745,-0.026341,0.992322
66372.105,30.279921853,-97.742268643,143.1756,5,0.115609,-0.034980,-0.026273,0.992331
66372.505,30.279921687,-97.742268985,143.2526,5,0.115563,-0.034940,-0.026393,0.992334
66372.905,30.279921680,-97.742269230,143.3495,5,0.115574,-0.034917,-0.026351,0.992335
66373.305,30.279921278,-97.742269626,143.3935,5,0.115509,-0.034914,-0.026486,0.992339
66373.705,30.279921114,-97.742269716,143.4095,5,0.115571,-0.034913,-0.026466,0.992333
66374.105,30.279921275,-97.742269041,143.3595,5,0.115487,-0.034916,-0.026363,0.992345
66374.505,30.279921505,-97.742268781,143.2955,5,0.115466,-0.034920,-0.026477,0.992344
66374.905,30.279921511,-97.742268776,143.2944,5,0.115510,-0.034844,-0.026564,0.992340
66375.305,30.279921191,-97.742269655,143.4364,5,0.115625,-0.034815,-0.026511,0.992329
66375.705,30.279921282,-97.742269629,143.4404,5,0.115600,-0.034789,-0.026524,0.992332
66376.105,30.279921109,-97.742269668,143.4523,5,0.115694,-0.034749,-0.026605,0.992320
66376.505,30.279921000,-97.742269696,143.4523,4,0.115724,-0.034765,-0.026733,0.992313
66376.905,30.279921055,-97.742269680,143.4523,4,0.115726,-0.034766,-0.026672,0.992314
66377.305,30.279920960,-97.742269693,143.4503,4,0.115734,-0.034760,-0.026690,0.992313
66377.705,30.279921005,-97.742269670,143.4493,4,0.115772,-0.034729,-0.026640,0.992311
66378.105,30.279921011,-97.742269658,143.4493,4,0.115821,-0.034730,-0.026708,0.992303
66378.505,30.279920980,-97.742269670,143.4502,4,0.115771,-0.034700,-0.026696,0.992311
66378.905,30.279921021,-97.742269645,143.4513,4,0.115785,-0.034758,-0.026732,0.992306
66379.305,30.279920958,-97.742269690,143.4513,4,0.115767,-0.034776,-0.026739,0.992307
66379.705,30.279920992,-97.742269678,143.4512,4,0.115834,-0.034633,-0.026702,0.992305
66380.105,30.279921030,-97.742269655,143.4522,4,0.115734,-0.034684,-0.026787,0.992313
66380.505,30.279921072,-97.742269635,143.4532,4,0.115743,-0.034629,-0.026845,0.992312
66380.905,30.279921048,-97.742269621,143.4540,4,0.115799,-0.034532,-0.026829,0.992310
66381.305,30.279921006,-97.742269630,143.4560,4,0.115766,-0.034527,-0.026795,0.992315
66381.705,30.279921038,-97.742269608,143.4561,4,0.115744,-0.034597,-0.026867,0.992313
66382.105,30.279921030,-97.742269585,143.4571,5,0.115882,-0.034585,-0.026881,0.992297
66382.505,30.279920986,-97.742269576,143.4581,5,0.115789,-0.034552,-0.026844,0.992310
66382.905,30.279921009,-97.742269551,143.4591,5,0.115797,-0.034548,-0.026889,0.992308
66383.305,30.279920941,-97.742269583,143.4580,5,0.115832,-0.034501,-0.026928,0.992304
66383.705,30.279920904,-97.742269645,143.4560,5,0.115814,-0.034540,-0.026889,0.992306
66384.105,30.279920910,-97.742269623,143.4560,5,0.115875,-0.034526,-0.026906,0.992299
66384.505,30.279920917,-97.742269593,143.4560,5,0.115894,-0.034530,-0.026861,0.992298
66384.905,30.279920821,-97.742269658,143.4569,5,0.115912,-0.034404,-0.025560,0.992334
66385.305,30.279919990,-97.742269910,143.4556,5,0.115810,-0.034939,-0.025131,0.992339
66385.705,30.279918363,-97.742270448,143.4535,5,0.115834,-0.036466,-0.024807,0.992289
66386.105,30.279916067,-97.742271145,143.4474,5,0.115903,-0.036422,-0.024863,0.992281
66386.505,30.279912538,-97.742272416,143.4388,5,0.117422,-0.039182,-0.022292,0.992058
66386.905,30.279906953,-97.742273938,143.4276,5,0.118139,-0.032314,-0.019672,0.992276
66387.305,30.279898719,-97.742276488,143.4124,4,0.118211,-0.030526,-0.019334,0.992331
66387.705,30.279888080,-97.742279923,143.3809,4,0.117134,-0.029314,-0.019475,0.992492
66388.105,30.279875770,-97.742283770,143.3639,4,0.117433,-0.028663,-0.024873,0.992355
66388.505,30.279861899,-97.742288088,143.3279,4,0.117895,-0.026224,-0.025314,0.992357
66388.905,30.279846185,-97.742293328,143.2931,4,0.117831,-0.025524,-0.024987,0.992391
66389.305,30.279828812,-97.742298872,143.2627,5,0.118044,-0.022014,-0.025731,0.992431
66389.705,30.279809962,-97.742304879,143.2258,5,0.117949,-0.021153,-0.022886,0.992531
66390.105,30.279789585,-97.742311344,143.1908,5,0.118688,-0.018723,-0.022771,0.992494
66390.505,30.279767677,-97.742318734,143.1802,5,0.116995,-0.020585,-0.020372,0.992710
66390.905,30.279743675,-97.742326291,143.1453,1,0.116473,-0.019011,-0.021508,0.992779
66391.305,30.279717502,-97.742334821,143.0946,1,0.116575,-0.018457,-0.022081,0.992765
66391.705,30.279689322,-97.742343737,143.0361,1,0.115578,-0.019807,-0.026100,0.992758
66392.105,30.279659747,-97.742352948,142.9745,5,0.115038,-0.017662,-0.026826,0.992842
66392.505,30.279628854,-97.742362525,142.8930,1,0.115537,-0.014073,-0.027205,0.992831
66392.905,30.279597232,-97.742372662,142.8260,1,0.116575,-0.016371,-0.023101,0.992778
66393.305,30.279564662,-97.742383107,142.7793,5,0.119424,-0.013459,-0.023512,0.992474
66393.705,30.279530743,-97.742394209,142.7054,1,0.121175,-0.012872,-0.026114,0.992204
66394.105,30.279495354,-97.742405891,142.6289,5,0.119571,-0.016449,-0.025809,0.992354
66394.505,30.279458679,-97.742417491,142.5586,1,0.114659,-0.015226,-0.024332,0.992990
66394.905,30.279420706,-97.742428874,142.4920,1,0.107352,-0.014629,-0.026094,0.993771
66395.305,30.279381484,-97.742439921,142.4248,5,0.100335,-0.011713,-0.021495,0.994652
66395.705,30.279340779,-97.742450686,142.3509,1,0.094911,-0.009314,-0.026667,0.995085
66396.105,30.279299239,-97.742461286,142.2801,5,0.092910,-0.004506,-0.025914,0.995327
66396.505,30.279256942,-97.742472217,142.2132,1,0.095698,0.001878,-0.025882,0.995072
66396.905,30.279213896,-97.742483567,142.1335,1,0.100691,0.011243,-0.028213,0.994454
66397.305,30.279170431,-97.742496210,142.0715,5,0.109026,0.008546,-0.028881,0.993582
66397.705,30.279126756,-97.742508720,141.9443,1,0.117976,0.017553,-0.027518,0.992480
66398.105,30.279083594,-97.742523052,141.8953,5,0.124849,0.014004,-0.029163,0.991648
66398.505,30.279040604,-97.742537843,141.8641,1,0.129817,0.012281,-0.030593,0.990990
66398.905,30.278998222,-97.742552748,141.8042,1,0.131875,0.013003,-0.029939,0.990729
66399.305,30.278956224,-97.742567766,141.7543,5,0.134083,0.011367,-0.027497,0.990523
66399.705,30.278914572,-97.742582750,141.7310,1,0.136460,0.013269,-0.026543,0.990201
66400.105,30.278873796,-97.742597991,141.7219,5,0.132168,-0.002337,-0.013501,0.991133
66400.505,30.278833246,-97.742612367,141.7441,5,0.129689,-0.007020,-0.024452,0.991228
66400.905,30.278793780,-97.742625929,141.7045,1,0.127566,-0.005096,-0.029616,0.991375
66401.305,30.278755425,-97.742638829,141.6125,5,0.128222,0.004631,-0.032391,0.991206
66401.705,30.278718255,-97.742651433,141.5481,1,0.129600,0.013923,-0.032226,0.990945
66402.105,30.278682631,-97.742663892,141.5159,5,0.130612,0.014977,-0.029797,0.990873
66402.505,30.278648417,-97.742675890,141.4893,1,0.131400,0.014590,-0.030359,0.990757
66402.905,30.278615698,-97.742687462,141.4635,1,0.131746,0.013524,-0.030815,0.990712
66403.305,30.278584580,-97.742698498,141.4368,1,0.132511,0.014048,-0.031804,0.990572
66403.705,30.278555554,-97.742708838,141.4183,1,0.133308,0.015431,-0.029126,0.990526
66404.105,30.278528625,-97.742718507,141.4159,5,0.134505,0.013911,-0.031787,0.990305
66404.505,30.278503925,-97.742727417,141.4051,1,0.136529,0.016332,-0.028854,0.990081
66404.905,30.278480957,-97.742735677,141.4085,1,0.138236,0.016917,-0.025397,0.989929
66405.305,30.278459800,-97.742743479,141.4115,5,0.139951,0.017392,-0.031564,0.989502
66405.705,30.278440931,-97.742751045,141.4279,1,0.141015,0.015444,-0.029913,0.989435
66406.105,30.278424644,-97.742757478,141.4250,5,0.142478,0.013045,-0.027610,0.989327
66406.505,30.278410804,-97.742763090,141.4356,1,0.143337,0.010137,-0.026096,0.989278
66406.905,30.278399372,-97.742767752,141.4369,1,0.143986,0.009816,-0.026676,0.989171
66407.305,30.278391583,-97.742770968,141.4288,5,0.144147,0.009687,-0.030625,0.989035
66407.705,30.278384396,-97.742773706,141.4228,5,0.143261,0.013662,-0.032777,0.989048
66408.105,30.278380406,-97.742776577,141.3954,5,0.142478,0.009191,-0.030742,0.989278
66408.505,30.278376253,-97.742778189,141.3833,5,0.141547,0.013514,-0.029739,0.989392
66408.905,30.278373637,-97.742779455,141.3872,5,0.141380,0.011970,-0.029042,0.989457
66409.305,30.278373027,-97.742779297,141.3590,5,0.141154,0.012940,-0.029210,0.989472
66409.705,30.278373239,-97.742779303,141.3833,5,0.140946,0.013617,-0.027215,0.989550
66410.105,30.278373018,-97.742777825,141.4043,5,0.141252,0.013671,-0.027395,0.989500
66410.505,30.278374132,-97.742775991,141.4173,5,0.141442,0.013660,-0.027380,0.989474
66410.905,30.278374191,-97.742775627,141.4252,5,0.141452,0.013709,-0.027404,0.989471
66411.306,30.278373551,-97.742775329,141.4422,5,0.141529,0.013690,-0.027403,0.989460
66411.706,30.278371088,-97.742776467,141.3953,5,0.141235,0.013621,-0.027502,0.989500
66412.106,30.278368906,-97.742777785,141.3534,5,0.141098,0.013555,-0.027623,0.989517
66412.506,30.278368735,-97.742777830,141.3533,5,0.141064,0.013593,-0.027610,0.989522
66412.906,30.278368672,-97.742777903,141.3374,5,0.141020,0.013556,-0.027630,0.989528
66413.306,30.278368643,-97.742777968,141.3374,5,0.141038,0.013543,-0.027655,0.989525
66413.706,30.278368637,-97.742777841,141.3254,5,0.140994,0.013515,-0.027677,0.989531
66414.106,30.278368858,-97.742777810,141.3364,5,0.141081,0.013520,-0.027688,0.989518
66414.506,30.278368797,-97.742777891,141.3385,5,0.141055,0.013492,-0.027701,0.989522
66414.906,30.278368773,-97.742777911,141.3404,5,0.141055,0.013510,-0.027695,0.989522
66415.306,30.278368904,-97.742777770,141.3494,5,0.140995,0.013538,-0.027698,0.989530
66415.706,30.278368856,-97.742777813,141.3504,5,0.140987,0.013553,-0.027717,0.989531
66416.106,30.278368986,-97.742777770,141.3584,5,0.140996,0.013571,-0.027711,0.989529
66416.506,30.278368929,-97.742777816,141.3583,5,0.140945,0.013585,-0.027748,0.989535
66416.906,30.278368873,-97.742777874,141.3594,5,0.140928,0.013574,-0.027763,0.989537
66417.306,30.278368912,-97.742777950,141.3673,5,0.141024,0.013590,-0.027820,0.989522
66417.706,30.278368794,-97.742777928,141.3654,5,0.140971,0.013526,-0.027846,0.989530
66418.106,30.278368759,-97.742778003,141.3714,5,0.140970,0.013515,-0.027800,0.989531
66418.506,30.278368642,-97.742778054,141.3704,5,0.140876,0.013517,-0.027807,0.989544
66418.906,30.278368534,-97.742778119,141.3714,5,0.140807,0.013524,-0.027833,0.989553
66419.306,30.278368465,-97.742778149,141.3794,5,0.140747,0.013571,-0.027821,0.989562
66419.706,30.278368347,-97.742778209,141.3803,5,0.140688,0.013587,-0.027840,0.989569
66420.106,30.278368199,-97.742778397,141.3873,5,0.140670,0.013624,-0.027775,0.989573
66420.506,30.278368109,-97.742778459,141.3893,5,0.140713,0.013616,-0.027757,0.989568
66420.906,30.278368019,-97.742778536,141.3913,5,0.140790,0.013585,-0.027780,0.989556
66421.306,30.278367903,-97.742778702,141.3984,5,0.140789,0.013562,-0.027750,0.989558
66421.706,30.278367803,-97.742778639,141.3984,5,0.140729,0.013555,-0.027748,0.989566
66422.106,30.278367718,-97.742778856,141.4054,5,0.140779,0.013575,-0.027664,0.989561
66422.506,30.278367631,-97.742778927,141.4063,5,0.140780,0.013596,-0.027702,0.989560
66422.906,30.278367545,-97.742779009,141.4073,5,0.140755,0.013604,-0.027712,0.989563
66423.306,30.278367449,-97.742779101,141.4063,5,0.140711,0.013663,-0.027614,0.989571
66423.706,30.278367359,-97.742779147,141.4052,5,0.140686,0.013711,-0.027593,0.989575
66424.106,30.278367371,-97.742779342,141.4061,5,0.140775,0.013798,-0.027643,0.989559
66424.506,30.278367309,-97.742779391,141.4072,5,0.140798,0.013700,-0.027585,0.989559
66424.906,30.278367376,-97.742779558,141.4111,5,0.140841,0.013764,-0.027498,0.989555
66425.306,30.278367256,-97.742779492,141.4071,5,0.140765,0.013843,-0.027517,0.989564
66425.706,30.278367196,-97.742779504,141.4061,5,0.140782,0.013826,-0.027506,0.989562
66426.106,30.278367327,-97.742779608,141.4051,5,0.140875,0.013802,-0.027416,0.989551
66426.506,30.278367297,-97.742779653,141.4050,5,0.140903,0.013871,-0.027479,0.989545
66426.906,30.278367249,-97.742779651,141.4040,5,0.140851,0.013875,-0.027461,0.989553
66427.306,30.278367354,-97.742779716,141.4060,5,0.140954,0.013889,-0.027403,0.989539
66427.706,30.278367275,-97.742779653,141.4019,5,0.140921,0.013932,-0.027418,0.989543
66428.106,30.278367416,-97.742779731,141.4019,5,0.140991,0.013934,-0.027454,0.989532
66428.506,30.278367391,-97.742779723,141.4009,5,0.140948,0.013949,-0.027482,0.989537
66428.906,30.278367359,-97.742779720,141.4029,5,0.140965,0.013940,-0.027481,0.989535
66429.306,30.278367474,-97.742779753,141.4049,5,0.141025,0.013966,-0.027407,0.989528
66429.706,30.278367424,-97.742779710,141.4010,5,0.140998,0.013926,-0.027383,0.989533
66430.106,30.278367514,-97.742779758,141.4039,5,0.141032,0.013928,-0.027366,0.989529
66430.506,30.278367507,-97.742779795,141.4030,5,0.141066,0.013920,-0.027357,0.989524
66430.906,30.278367601,-97.742779817,141.4040,5,0.141083,0.013919,-0.027295,0.989524
66431.306,30.278367575,-97.742779800,141.4000,5,0.141038,0.013901,-0.027248,0.989531
66431.706,30.278367683,-97.742779863,141.4019,5,0.141091,0.013961,-0.027248,0.989523
66432.106,30.278367693,-97.742779905,141.4009,5,0.141056,0.013964,-0.027231,0.989528
66432.506,30.278367687,-97.742779895,141.3979,5,0.141021,0.013959,-0.027212,0.989534
66432.906,30.278367684,-97.742779848,141.3969,5,0.141040,0.013981,-0.027242,0.989530
66433.306,30.278367759,-97.742779893,141.4000,5,0.141030,0.013921,-0.027233,0.989533
66433.706,30.278367729,-97.742779881,141.3960,5,0.141011,0.013858,-0.027241,0.989536
66434.106,30.278367803,-97.742779903,141.4010,5,0.141054,0.013861,-0.027216,0.989531
66434.506,30.278367813,-97.742779953,141.4000,5,0.141089,0.013892,-0.027177,0.989526
66434.906,30.278367846,-97.742779933,141.3990,5,0.141079,0.013877,-0.027157,0.989528
66435.306,30.278367839,-97.742779926,141.3990,5,0.141018,0.013869,-0.027102,0.989539
66435.706,30.278367847,-97.742779923,141.3990,5,0.140991,0.013870,-0.027040,0.989544
66436.106,30.278367884,-97.742780013,141.3981,5,0.140982,0.013853,-0.027037,0.989546
66436.506,30.278367915,-97.742779979,141.3930,5,0.140931,0.013887,-0.027050,0.989552
66436.906,30.278367952,-97.742779964,141.3890,5,0.140905,0.013908,-0.027035,0.989556
66437.306,30.278367977,-97.742780049,141.3920,5,0.140905,0.013892,-0.027024,0.989557
66437.706,30.278367945,-97.742780034,141.3921,5,0.140904,0.013863,-0.027038,0.989557
66438.106,30.278367968,-97.742780140,141.3941,5,0.140965,0.013847,-0.027080,0.989547
66438.506,30.278368016,-97.742780156,141.3911,5,0.140965,0.013853,-0.027037,0.989548
66438.906,30.278368058,-97.742780138,141.3901,5,0.140947,0.013847,-0.027018,0.989552
66439.306,30.278368050,-97.742780233,141.3912,5,0.141059,0.013774,-0.027081,0.989535
66439.706,30.278368085,-97.742780226,141.3912,5,0.141058,0.013757,-0.027078,0.989535
66440.106,30.278368123,-97.742780362,141.3912,5,0.141230,0.013727,-0.027068,0.989511
66440.506,30.278368175,-97.742780365,141.3942,5,0.141222,0.013742,-0.027088,0.989512
66440.906,30.278368245,-97.742780384,141.3942,5,0.141232,0.013736,-0.027131,0.989509
66441.306,30.278368232,-97.742780489,141.3982,5,0.141293,0.013718,-0.027183,0.989500
66441.706,30.278368207,-97.742780465,141.3972,5,0.141285,0.013743,-0.027195,0.989500
66442.106,30.278368228,-97.742780554,141.4021,5,0.141389,0.013771,-0.027227,0.989484
66442.506,30.278368245,-97.742780569,141.4011,5,0.141366,0.013811,-0.027320,0.989484
66442.906,30.278368285,-97.742780576,141.4010,5,0.141385,0.013912,-0.027291,0.989481
66443.306,30.278368201,-97.742780624,141.4020,5,0.141420,0.013891,-0.027368,0.989474
66443.706,30.278368229,-97.742780619,141.4019,5,0.141481,0.013937,-0.027349,0.989465
66444.106,30.278368234,-97.742780648,141.4030,5,0.141567,0.013911,-0.027329,0.989454
66444.506,30.278368237,-97.742780703,141.4010,5,0.141627,0.013897,-0.027355,0.989444
66444.906,30.278368246,-97.742780694,141.4020,5,0.141568,0.013909,-0.027400,0.989452
66445.306,30.278368235,-97.742780751,141.4059,5,0.141673,0.013963,-0.027435,0.989435
66445.706,30.278368191,-97.742780775,141.4039,5,0.141690,0.013934,-0.027449,0.989432
66446.106,30.278368238,-97.742780855,141.4079,5,0.141820,0.013917,-0.027484,0.989413
66446.506,30.278368225,-97.742780892,141.4059,5,0.141829,0.013942,-0.027497,0.989411
66446.906,30.278368206,-97.742780878,141.4069,5,0.141837,0.013946,-0.027462,0.989411
66447.306,30.278368218,-97.742780884,141.4069,5,0.141862,0.013922,-0.027442,0.989408
66447.706,30.278368197,-97.742780885,141.4069,5,0.141830,0.013971,-0.027475,0.989411
66448.106,30.278368227,-97.742780950,141.4068,5,0.141917,0.013990,-0.027514,0.989397
66448.506,30.278368209,-97.742780965,141.4079,5,0.141917,0.013964,-0.027572,0.989396
66448.906,30.278368175,-97.742780952,141.4089,5,0.141943,0.013935,-0.027586,0.989392
66449.306,30.278368203,-97.742780956,141.4099,5,0.142012,0.013943,-0.027580,0.989382
66449.706,30.278368165,-97.742780946,141.4119,5,0.141995,0.013969,-0.027583,0.989384
66450.106,30.278368209,-97.742780941,141.4138,5,0.142047,0.013974,-0.027541,0.989378
66450.506,30.278368173,-97.742780927,141.4139,5,0.142037,0.013931,-0.027534,0.989380
66450.906,30.278368113,-97.742780896,141.4129,5,0.141977,0.013968,-0.027530,0.989388
66451.306,30.278368152,-97.742780867,141.4109,5,0.141924,0.013928,-0.027514,0.989397
66451.706,30.278368113,-97.742780859,141.4109,5,0.141880,0.013911,-0.027458,0.989405
66452.106,30.278368232,-97.742780855,141.4091,5,0.141929,0.013817,-0.027428,0.989400
66452.506,30.278368197,-97.742780859,141.4061,5,0.141911,0.013796,-0.027390,0.989404
66452.906,30.278368292,-97.742780882,141.4051,5,0.141927,0.013772,-0.027369,0.989403
66453.306,30.278368226,-97.742780897,141.4041,5,0.141875,0.013754,-0.027383,0.989410
66453.706,30.278368326,-97.742780930,141.4041,5,0.141987,0.013765,-0.027351,0.989395
66454.106,30.278368316,-97.742780934,141.4002,5,0.142021,0.013738,-0.027348,0.989390
66454.506,30.278368301,-97.742780937,141.4002,5,0.142012,0.013734,-0.027312,0.989393
66454.906,30.278368356,-97.742780959,141.4022,5,0.142063,0.013676,-0.027340,0.989385
66455.306,30.278368296,-97.742780962,141.4012,5,0.142038,0.013713,-0.027336,0.989389
66455.706,30.278368273,-97.742780912,141.4012,5,0.142003,0.013712,-0.027344,0.989393
66456.106,30.278368357,-97.742780906,141.4031,5,0.142122,0.013794,-0.027120,0.989381
66456.506,30.278367918,-97.742781062,141.4011,5,0.142000,0.013835,-0.026489,0.989415
66456.906,30.278366772,-97.742781442,141.3997,5,0.141828,0.014108,-0.026701,0.989431
66457.306,30.278364787,-97.742782231,141.3969,5,0.141665,0.014890,-0.025453,0.989475
66457.706,30.278360782,-97.742783565,141.3841,5,0.141908,0.018939,-0.023056,0.989430
66458.106,30.278354394,-97.742786068,141.3831,5,0.140818,0.017237,-0.024650,0.989578
66458.506,30.278345741,-97.742789116,141.3716,5,0.138523,0.018375,-0.027594,0.989804
66458.906,30.278335898,-97.742792576,141.3630,5,0.135466,0.019784,-0.026871,0.990220
66459.306,30.278324749,-97.742796254,141.3610,5,0.132173,0.019143,-0.024220,0.990746
66459.706,30.278312145,-97.742800471,141.3537,5,0.129926,0.020381,-0.022669,0.991055
66460.106,30.278298759,-97.742805267,141.3509,5,0.128390,0.015236,-0.025270,0.991285
66460.506,30.278285842,-97.742809645,141.3468,5,0.128287,0.015310,-0.025198,0.991299
66460.906,30.278274264,-97.742813595,141.3205,1,0.128472,0.013801,-0.028190,0.991216
66461.306,30.278264342,-97.742816974,141.3097,5,0.128882,0.015015,-0.034015,0.990963
66461.706,30.278256166,-97.742819652,141.3012,5,0.128585,0.017208,-0.030607,0.991077
66462.106,30.278248597,-97.742822256,141.3088,5,0.128797,0.017611,-0.027859,0.991123
66462.506,30.278240992,-97.742824863,141.2955,5,0.129444,0.019586,-0.026414,0.991041
66462.906,30.278233020,-97.742827617,141.2839,5,0.130307,0.021735,-0.025166,0.990916
66463.306,30.278223489,-97.742831067,141.2770,5,0.131487,0.021652,-0.023928,0.990793
66463.706,30.278211687,-97.742835234,141.2635,5,0.133063,0.023672,-0.023980,0.990535
66464.106,30.278198054,-97.742840246,141.2606,5,0.134296,0.021107,-0.023160,0.990446
66464.506,30.278183397,-97.742845523,141.2478,5,0.135548,0.021833,-0.021969,0.990287
66464.906,30.278168241,-97.742851297,141.2649,1,0.136523,0.014157,-0.025644,0.990204
66465.306,30.278152967,-97.742856901,141.2541,5,0.138192,0.014633,-0.028143,0.989897
66465.706,30.278138823,-97.742862226,141.2497,5,0.139711,0.014223,-0.027075,0.989720
66466.106,30.278125273,-97.742867337,141.2308,5,0.141115,0.016434,-0.029069,0.989430
66466.506,30.278112124,-97.742872552,141.2206,5,0.142481,0.012493,-0.027460,0.989338
66466.906,30.278099027,-97.742877644,141.1966,1,0.143916,0.013274,-0.028628,0.989087
66467.306,30.278085065,-97.742883227,141.1752,5,0.145158,0.012037,-0.026910,0.988969
66467.706,30.278068955,-97.742889644,141.1500,5,0.146171,0.010559,-0.025625,0.988871
66468.106,30.278050636,-97.742896943,141.1359,5,0.145474,0.010114,-0.021803,0.989070
66468.506,30.278030060,-97.742904901,141.1116,5,0.142875,0.006808,-0.027489,0.989336
66468.906,30.278008376,-97.742913006,141.0964,1,0.139787,0.005869,-0.018734,0.989987
66469.306,30.277986663,-97.742920945,141.1185,5,0.137331,0.005051,-0.017966,0.990349
66469.706,30.277963545,-97.742929150,141.1223,1,0.137189,0.001960,-0.018357,0.990373
66470.106,30.277939357,-97.742938476,141.1324,5,0.136870,-0.002946,-0.016982,0.990439
66470.506,30.277914085,-97.742948174,141.1336,1,0.136697,-0.009570,-0.015274,0.990449
66470.906,30.277887383,-97.742958403,141.0863,1,0.137817,-0.010928,-0.029864,0.989947
66471.306,30.277859693,-97.742968880,141.0081,5,0.139984,-0.006643,-0.027268,0.989756
66471.706,30.277830821,-97.742980057,140.9290,1,0.141721,-0.005729,-0.027315,0.989513
66472.106,30.277800874,-97.742991432,140.8478,5,0.139908,-0.003228,-0.029382,0.989723
66472.506,30.277769912,-97.743002799,140.7653,1,0.136474,0.003941,-0.027925,0.990242
66472.906,30.277737719,-97.743014207,140.6561,1,0.133575,0.011985,-0.034592,0.990362
66473.306,30.277704744,-97.743026104,140.5885,1,0.130887,0.007989,-0.028519,0.990955
66473.706,30.277670742,-97.743038176,140.5353,1,0.130347,0.006596,-0.026369,0.991096
66474.106,30.277635743,-97.743050688,140.4806,5,0.131553,0.008055,-0.024426,0.990975
66474.506,30.277599525,-97.743063837,140.4358,1,0.133082,0.006960,-0.025556,0.990751
66474.906,30.277562054,-97.743077537,140.3678,1,0.134456,0.009057,-0.033034,0.990327
66475.306,30.277523860,-97.743091539,140.2977,5,0.135178,0.011846,-0.027138,0.990379
66475.706,30.277484744,-97.743106056,140.2202,1,0.134102,0.010630,-0.026888,0.990546
66476.106,30.277444839,-97.743120838,140.1831,5,0.133463,0.004406,-0.022806,0.990782
66476.506,30.277404051,-97.743135913,140.1219,1,0.134439,-0.001444,-0.027902,0.990528
66476.906,30.277362638,-97.743150834,140.0408,1,0.136651,0.008462,-0.027120,0.990212
66477.306,30.277320814,-97.743166486,139.9734,5,0.138267,0.008675,-0.028825,0.989937
66477.706,30.277278579,-97.743182319,139.9303,1,0.139383,0.009584,-0.027223,0.989818
66478.106,30.277236247,-97.743198430,139.8837,5,0.139031,0.004165,-0.031297,0.989785
66478.506,30.277194282,-97.743214360,139.8214,1,0.138418,0.003799,-0.028308,0.989962
66478.906,30.277152081,-97.743230376,139.7633,1,0.138000,-0.000169,-0.027454,0.990052
66479.306,30.277109849,-97.743246513,139.6962,5,0.138461,-0.003991,-0.023372,0.990084
66479.706,30.277066886,-97.743263085,139.6442,1,0.139841,-0.006605,-0.026094,0.989808
66480.106,30.277023667,-97.743279708,139.6107,5,0.141452,-0.000819,-0.017019,0.989799
66480.506,30.276980781,-97.743296537,139.6287,1,0.140054,-0.006662,-0.018736,0.989944
66480.906,30.276937099,-97.743313116,139.6154,1,0.137951,-0.001567,-0.020548,0.990225
66481.306,30.276893691,-97.743329162,139.5301,5,0.135767,0.008790,-0.032682,0.990163
66481.706,30.276849765,-97.743345116,139.4223,1,0.132211,0.023682,-0.027413,0.990559
66482.106,30.276806603,-97.743360804,139.4458,5,0.130581,0.022975,-0.016552,0.991033
66482.506,30.276763766,-97.743376620,139.5101,1,0.131907,0.017792,-0.017070,0.990955
66482.906,30.276719930,-97.743392875,139.5391,1,0.133257,0.019416,-0.016434,0.990755
66483.306,30.276676469,-97.743409144,139.5811,5,0.134363,0.017071,-0.015166,0.990669
66483.706,30.276632086,-97.743425764,139.6007,1,0.136162,0.018950,-0.015809,0.990379
66484.106,30.276587443,-97.743442716,139.6522,5,0.137456,0.014627,-0.011920,0.990328
66484.506,30.276542739,-97.743459661,139.6854,1,0.139513,0.013926,-0.021201,0.989895
66484.906,30.276497213,-97.743476842,139.7047,1,0.139871,0.013341,-0.012748,0.989998
66485.306,30.276451808,-97.743494117,139.7267,5,0.140599,0.017283,-0.015404,0.989796
66485.706,30.276406103,-97.743511227,139.7572,1,0.138183,0.020999,-0.014755,0.990074
66486.106,30.276360890,-97.743528027,139.8217,5,0.135206,0.016655,-0.013163,0.990590
66486.506,30.276316494,-97.743544226,139.9138,1,0.134401,0.019296,-0.008426,0.990703
66486.906,30.276271625,-97.743560464,139.9519,1,0.135853,0.022157,-0.013451,0.990390
66487.306,30.276227283,-97.743577140,140.0585,5,0.136638,0.018561,-0.010211,0.990395
66487.706,30.276182109,-97.743593806,140.1534,1,0.136713,0.017787,-0.011603,0.990383
66488.106,30.276136849,-97.743610414,140.2368,5,0.135608,0.017524,-0.009803,0.990559
66488.506,30.276092097,-97.743627725,140.4568,1,0.130340,-0.011369,0.001090,0.991404
66488.906,30.276046279,-97.743643513,140.5175,1,0.131803,0.005397,0.003112,0.991256
66489.306,30.276000927,-97.743660355,140.7751,5,0.129873,-0.013317,-0.001080,0.991441
66489.706,30.275955204,-97.743676330,140.8346,1,0.132539,-0.002708,-0.009384,0.991130
66490.106,30.275909665,-97.743692280,140.8522,5,0.132528,0.008229,-0.011083,0.991083
66490.506,30.275864292,-97.743708378,140.9206,1,0.131616,0.012982,-0.006582,0.991194
66490.906,30.275818758,-97.743724440,141.0585,1,0.130313,0.013325,-0.001540,0.991382
66491.306,30.275773390,-97.743740564,141.2286,5,0.129440,0.015693,-0.000527,0.991463
66491.706,30.275727893,-97.743756438,141.3857,1,0.128345,0.014745,-0.002260,0.991617
66492.106,30.275682894,-97.743772004,141.5214,5,0.127827,0.017412,-0.003414,0.991638
66492.506,30.275637811,-97.743787121,141.5814,1,0.128767,0.021456,-0.003701,0.991436
66492.906,30.275592779,-97.743801956,141.5610,1,0.130790,0.022640,-0.003920,0.991144
66493.306,30.275548342,-97.743816976,141.5905,5,0.133861,0.022203,-0.003158,0.990746
66493.706,30.275504551,-97.743833021,141.4851,1,0.137126,0.019394,-0.001365,0.990363
66494.106,30.275462260,-97.743848742,141.4846,5,0.138121,0.011779,0.002709,0.990342
66494.506,30.275420504,-97.743864337,141.5928,1,0.138175,0.019476,-0.003440,0.990210
66494.906,30.275378959,-97.743879916,141.7374,1,0.137006,0.019045,-0.002740,0.990383
66495.306,30.275337144,-97.743895344,141.9201,5,0.135442,0.020969,-0.001556,0.990562
66495.706,30.275295355,-97.743910709,142.0783,1,0.134162,0.019930,-0.002452,0.990756
66496.106,30.275252975,-97.743926061,142.2901,5,0.136436,0.020163,-0.002170,0.990441
66496.506,30.275210793,-97.743941890,142.4585,1,0.140573,0.019770,-0.002473,0.989870
66496.906,30.275168704,-97.743958028,142.6160,1,0.139745,0.016034,-0.004598,0.990047
66497.306,30.275126532,-97.743973953,142.7688,5,0.138251,0.015556,-0.001168,0.990274
66497.706,30.275084130,-97.743989709,142.9373,1,0.137157,0.016670,-0.002273,0.990406
66498.106,30.275041723,-97.744005480,143.0968,5,0.135830,0.014681,-0.002004,0.990621
66498.506,30.274999826,-97.744021119,143.2802,1,0.136295,0.011179,0.000003,0.990605
66498.906,30.274958374,-97.744036860,143.4364,1,0.137851,0.005147,-0.002840,0.990436
66499.306,30.274917204,-97.744052776,143.5752,5,0.139768,-0.002150,-0.004993,0.990169
66499.706,30.274876262,-97.744068766,143.6648,1,0.140896,-0.007963,-0.011603,0.989924
66500.106,30.274835693,-97.744084368,143.6551,5,0.140604,-0.008900,-0.023236,0.989753
66500.506,30.274795553,-97.744099478,143.6212,1,0.139763,-0.007566,-0.028354,0.989750
66500.906,30.274755521,-97.744114591,143.5067,1,0.138727,-0.003191,-0.031702,0.989818
66501.306,30.274715133,-97.744128722,143.4842,5,0.138589,0.004351,-0.035607,0.989700
66501.706,30.274674757,-97.744143464,143.4416,1,0.139262,0.005142,-0.028996,0.989818
66502.106,30.274633801,-97.744158428,143.4285,5,0.139448,0.004477,-0.028420,0.989811
66502.506,30.274592350,-97.744173571,143.5139,1,0.138241,0.006520,-0.029750,0.989930
66502.906,30.274551532,-97.744188642,143.4395,1,0.135681,0.007007,-0.028477,0.990318
66503.306,30.274510657,-97.744203463,143.3756,5,0.134850,0.010113,-0.031264,0.990321
66503.706,30.274470340,-97.744218145,143.3161,1,0.135084,0.008777,-0.032680,0.990256
66504.106,30.274430934,-97.744232589,143.2401,5,0.135443,0.007074,-0.033518,0.990193
66504.506,30.274392729,-97.744246536,143.1611,1,0.134759,0.005411,-0.034966,0.990246
66504.906,30.274356141,-97.744259783,143.0883,1,0.133498,0.005279,-0.035613,0.990395
66505.306,30.274321007,-97.744272375,143.0218,5,0.132199,0.004163,-0.033561,0.990646
66505.706,30.274286923,-97.744284591,142.9595,1,0.132120,0.001957,-0.033145,0.990678
66506.106,30.274253688,-97.744296488,142.8919,5,0.133053,0.002392,-0.033543,0.990538
66506.506,30.274221256,-97.744308137,142.8151,1,0.134837,0.006009,-0.038902,0.990086
66506.906,30.274189738,-97.744319511,142.7431,1,0.135497,0.010298,-0.034475,0.990124
66507.306,30.274158648,-97.744330865,142.7020,5,0.134988,0.008127,-0.031200,0.990323
66507.706,30.274127424,-97.744342263,142.6628,1,0.134986,0.005827,-0.031206,0.990339
66508.106,30.274095601,-97.744353796,142.5954,5,0.135335,0.007840,-0.030514,0.990299
66508.506,30.274062996,-97.744365534,142.5391,1,0.136798,0.011989,-0.032253,0.990001
66508.906,30.274030192,-97.744377718,142.4834,1,0.139675,0.011584,-0.033935,0.989548
66509.306,30.273997384,-97.744390013,142.4357,5,0.140268,0.011363,-0.032989,0.989499
66509.706,30.273964927,-97.744401968,142.3982,1,0.140522,0.016769,-0.031921,0.989421
66510.106,30.273933335,-97.744413873,142.3610,5,0.140364,0.012482,-0.037523,0.989310
66510.506,30.273903648,-97.744424912,142.3173,1,0.139183,0.013235,-0.035415,0.989545
66510.906,30.273875997,-97.744435110,142.3123,1,0.137765,0.012557,-0.033914,0.989805
66511.306,30.273851432,-97.744444006,142.2999,5,0.136037,0.014603,-0.033343,0.990035
66511.706,30.273829354,-97.744451641,142.2921,1,0.129473,0.016313,-0.032822,0.990905
66512.106,30.273808145,-97.744458287,142.2938,5,0.115178,0.018866,-0.025065,0.992849
66512.506,30.273786978,-97.744463656,142.3355,1,0.081407,0.011816,-0.018830,0.996433
66512.906,30.273766167,-97.744466160,142.4033,1,0.024158,0.003431,-0.009004,0.999662
66513.306,30.273745796,-97.744465024,142.4954,5,0.050908,0.002285,0.011056,-0.998640
66513.706,30.273726180,-97.744459718,142.5237,1,0.130252,-0.002473,0.018554,-0.991304
66514.106,30.273707363,-97.744451198,142.5307,5,0.215230,0.010697,0.025752,-0.976165
66514.506,30.273690163,-97.744438182,142.5722,1,0.307594,0.014690,0.020772,-0.951177
66514.906,30.273674831,-97.744421129,142.6243,1,0.390958,0.012071,0.023455,-0.920030
66515.306,30.273661139,-97.744401192,142.6650,5,0.454868,0.013931,0.027377,-0.890029
66515.706,30.273648855,-97.744378781,142.7165,1,0.504374,0.018865,0.026795,-0.862863
66516.106,30.273638088,-97.744353524,142.7575,5,0.539054,0.010821,0.024449,-0.841847
66516.506,30.273627570,-97.744326594,142.8160,1,0.560474,0.016439,0.026691,-0.827579
66516.906,30.273617942,-97.744298529,142.8813,1,0.579545,0.017457,0.028052,-0.814270
66517.306,30.273609167,-97.744269808,142.9544,5,0.591717,0.017581,0.030248,-0.805386
66517.706,30.273601255,-97.744241335,143.0243,1,0.600523,0.013740,0.020761,-0.799220
66518.106,30.273593114,-97.744212415,143.0911,5,0.603140,0.009558,0.036134,-0.796759
66518.506,30.273585308,-97.744184073,143.1366,1,0.605403,0.018515,0.026832,-0.795251
66518.906,30.273577791,-97.744155747,143.2240,1,0.607348,0.012097,0.028221,-0.793843
66519.306,30.273570515,-97.744128168,143.2916,5,0.609119,0.008591,0.029079,-0.792499
66519.706,30.273563168,-97.744101819,143.3487,1,0.609318,0.007586,0.029062,-0.792357
66520.106,30.273556399,-97.744076634,143.4124,5,0.608703,0.002628,0.028152,-0.792894
66520.506,30.273549980,-97.744053221,143.4518,1,0.607114,-0.000391,0.027171,-0.794150
66520.906,30.273543572,-97.744031877,143.4692,1,0.605734,0.000961,0.028669,-0.795150
66521.306,30.273537942,-97.744012277,143.4880,5,0.605693,-0.002086,0.030482,-0.795112
66521.706,30.273532478,-97.743994733,143.4777,1,0.606043,-0.006254,0.029929,-0.794844
66522.106,30.273528050,-97.743980578,143.4558,5,0.605813,-0.007397,0.028792,-0.795052
66522.506,30.273524374,-97.743968131,143.4637,5,0.602004,-0.008984,0.029504,-0.797898
66522.906,30.273520848,-97.743959398,143.3924,1,0.599358,-0.008640,0.031286,-0.799823
66523.306,30.273517737,-97.743949746,143.3931,5,0.598598,-0.008250,0.031716,-0.800379
66523.706,30.273514837,-97.743941227,143.3345,5,0.599706,-0.007711,0.030332,-0.799608
66524.107,30.273511748,-97.743933374,143.2466,5,0.600511,-0.008106,0.030924,-0.798977
66524.507,30.273509813,-97.743927686,143.2411,5,0.601057,-0.008769,0.031003,-0.798556
66524.907,30.273506632,-97.743921907,143.1855,5,0.601235,-0.009260,0.030714,-0.798428
66525.307,30.273505059,-97.743913235,143.1182,5,0.601414,-0.010371,0.030438,-0.798290
66525.707,30.273503881,-97.743908352,143.0780,5,0.601336,-0.010230,0.031198,-0.798322
66526.107,30.273503075,-97.743905929,143.0323,5,0.601238,-0.008581,0.029740,-0.798470
66526.507,30.273501990,-97.743905238,143.0683,5,0.601170,-0.008709,0.028726,-0.798557
66526.907,30.273500449,-97.743902539,143.0879,5,0.600993,-0.006758,0.026086,-0.798800
66527.307,30.273498414,-97.743896888,143.0812,5,0.600300,-0.006704,0.025178,-0.799350
66527.707,30.273495036,-97.743887024,143.0572,5,0.599822,-0.008090,0.026715,-0.799647
66528.107,30.273491472,-97.743869402,143.0039,5,0.599698,-0.009298,0.027662,-0.799694
66528.507,30.273486787,-97.743849973,142.9118,5,0.599790,-0.010448,0.028840,-0.799570
66528.907,30.273480820,-97.743831805,142.9374,5,0.600572,-0.011451,0.031970,-0.798849
66529.307,30.273474494,-97.743811802,142.8333,5,0.601257,-0.011505,0.033097,-0.798287
66529.707,30.273467854,-97.743789989,142.7630,5,0.601298,-0.013473,0.034848,-0.798151
66530.107,30.273460591,-97.743768104,142.6441,5,0.600285,-0.014593,0.032651,-0.798986
66530.507,30.273452791,-97.743744271,142.4033,5,0.599005,-0.018720,0.035147,-0.799754
66530.907,30.273444942,-97.743719347,142.2274,1,0.597663,-0.018279,0.034843,-0.800782
66531.307,30.273437614,-97.743693799,142.0890,5,0.596862,-0.023072,0.038584,-0.801083
66531.707,30.273429633,-97.743667697,141.8912,1,0.595723,-0.025508,0.039211,-0.801827
66532.107,30.273422035,-97.743641733,141.7374,5,0.594595,-0.022534,0.041103,-0.802658
66532.507,30.273413362,-97.743613876,141.5122,1,0.594288,-0.019100,0.037002,-0.803173
66532.907,30.273405073,-97.743585488,141.3981,1,0.595594,-0.015384,0.025232,-0.802742
66533.307,30.273396295,-97.743554867,141.3135,5,0.597126,-0.013266,0.005995,-0.802015
66533.707,30.273387065,-97.743523293,141.2723,1,0.598285,-0.024224,0.009441,-0.800862
66534.107,30.273378248,-97.743492106,141.2216,5,0.599083,-0.033894,0.016879,-0.799791
66534.507,30.273368740,-97.743460625,141.0894,1,0.597547,-0.034025,0.029200,-0.800579
66534.907,30.273359564,-97.743429372,140.9362,1,0.596298,-0.034121,0.037866,-0.801143
66535.307,30.273348944,-97.743396659,140.5944,5,0.594567,-0.035444,0.049556,-0.801734
66535.707,30.273339203,-97.743364127,140.3566,1,0.595092,-0.026583,0.044770,-0.801969
66536.107,30.273329610,-97.743331628,140.2122,5,0.599225,-0.012466,0.037822,-0.799589
66536.507,30.273320070,-97.743298078,140.0861,1,0.600048,-0.013963,0.044191,-0.798621
66536.907,30.273310487,-97.743264007,139.9215,1,0.600021,-0.014241,0.041281,-0.798792
66537.307,30.273300768,-97.743229392,139.7625,5,0.600336,-0.015926,0.041953,-0.798488
66537.707,30.273290951,-97.743194455,139.5970,1,0.600751,-0.015453,0.044507,-0.798047
66538.107,30.273281387,-97.743160138,139.4477,5,0.601298,-0.015192,0.045010,-0.797611
66538.507,30.273271825,-97.743125562,139.2846,1,0.601455,-0.015766,0.046753,-0.797382
66538.907,30.273262501,-97.743091686,139.1220,1,0.601635,-0.015366,0.046742,-0.797255
66539.307,30.273253717,-97.743060471,138.9774,5,0.599993,-0.014831,0.045522,-0.798572
66539.707,30.273245022,-97.743029272,138.8365,1,0.597726,-0.015555,0.045451,-0.800260
66540.107,30.273236616,-97.742999790,138.7125,5,0.595952,-0.017829,0.044464,-0.801590
66540.507,30.273228586,-97.742971718,138.6125,1,0.594944,-0.019000,0.044718,-0.802297
66540.907,30.273220902,-97.742945292,138.4943,1,0.595313,-0.015924,0.045828,-0.802027
66541.307,30.273214054,-97.742921903,138.4144,5,0.596265,-0.015931,0.047147,-0.801243
66541.707,30.273207969,-97.742900304,138.3275,1,0.597847,-0.016508,0.046538,-0.800088
66542.107,30.273202626,-97.742881198,138.2465,5,0.599165,-0.016786,0.048014,-0.799008
66542.507,30.273198115,-97.742864713,138.1714,1,0.600448,-0.016878,0.046571,-0.798128
66542.907,30.273194462,-97.742850857,138.1139,1,0.601763,-0.016403,0.045365,-0.797216
66543.307,30.273191439,-97.742840193,138.0785,5,0.602370,-0.016557,0.044946,-0.796779
66543.707,30.273189219,-97.742831501,138.0496,5,0.602018,-0.017253,0.044698,-0.797043
66544.107,30.273187639,-97.742825315,138.0302,5,0.601324,-0.017353,0.044304,-0.797588
66544.507,30.273186243,-97.742819738,138.0157,5,0.600939,-0.017779,0.044238,-0.797872
66544.907,30.273185122,-97.742815382,137.9964,5,0.600794,-0.017915,0.044100,-0.797985
66545.307,30.273184039,-97.742812247,137.9805,5,0.600752,-0.017964,0.044270,-0.798007
66545.707,30.273183270,-97.742809794,137.9603,5,0.600547,-0.018020,0.044060,-0.798172
66546.107,30.273182289,-97.742808225,137.9465,5,0.600854,-0.017795,0.044050,-0.797946
66546.507,30.273182051,-97.742807082,137.9506,5,0.600789,-0.017656,0.044032,-0.797999
66546.907,30.273182092,-97.742806487,137.9535,5,0.600677,-0.017664,0.043894,-0.798091
66547.307,30.273181492,-97.742806762,137.9725,5,0.601088,-0.017680,0.043846,-0.797783
66547.707,30.273181537,-97.742806945,137.9804,5,0.601089,-0.017380,0.043450,-0.797810
66548.107,30.273181345,-97.742807211,138.0044,5,0.601237,-0.017343,0.043372,-0.797704
66548.507,30.273181344,-97.742807424,137.9944,5,0.601231,-0.017313,0.043361,-0.797710
66548.907,30.273181360,-97.742807640,137.9924,5,0.601183,-0.017298,0.043361,-0.797747
66549.307,30.273181171,-97.742807327,138.0095,5,0.601306,-0.017362,0.043478,-0.797646
66549.707,30.273181211,-97.742807495,137.9934,5,0.601360,-0.017409,0.043433,-0.797606
66550.107,30.273181149,-97.742807105,138.0004,5,0.601525,-0.017502,0.043497,-0.797477
66550.507,30.273181183,-97.742807230,138.0063,5,0.601579,-0.017543,0.043489,-0.797435
66550.907,30.273181092,-97.742807017,138.0153,5,0.601736,-0.017648,0.043511,-0.797314
66551.307,30.273181142,-97.742806959,138.0062,5,0.601653,-0.017638,0.043463,-0.797379
66551.707,30.273181099,-97.742806810,138.0042,5,0.601822,-0.017794,0.043567,-0.797242
66552.107,30.273181104,-97.742806824,138.0042,5,0.601849,-0.017822,0.043601,-0.797220
66552.507,30.273181066,-97.742806754,138.0082,5,0.601958,-0.017888,0.043619,-0.797135
66552.907,30.273181111,-97.742806688,137.9982,5,0.601896,-0.017874,0.043606,-0.797183
66553.307,30.273181132,-97.742806698,137.9982,5,0.601883,-0.017870,0.043675,-0.797189
66553.707,30.273181156,-97.742806708,137.9982,5,0.601888,-0.017907,0.043680,-0.797184
66554.107,30.273181119,-97.742806687,138.0042,5,0.601944,-0.017904,0.043672,-0.797142
66554.507,30.273181144,-97.742806670,138.0042,5,0.601930,-0.017911,0.043710,-0.797150
66554.907,30.273181104,-97.742806685,138.0113,5,0.601911,-0.017871,0.043761,-0.797163
66555.307,30.273181135,-97.742806591,138.0013,5,0.601892,-0.017820,0.043767,-0.797178
66555.707,30.273181152,-97.742806551,138.0003,5,0.601897,-0.017864,0.043767,-0.797173
66556.107,30.273181107,-97.742806598,138.0053,5,0.601918,-0.017868,0.043742,-0.797159
66556.507,30.273181119,-97.742806553,138.0033,5,0.601897,-0.017874,0.043737,-0.797175
66556.907,30.273181091,-97.742806615,138.0072,5,0.601937,-0.017908,0.043734,-0.797144
66557.307,30.273181121,-97.742806535,138.0012,5,0.601895,-0.017923,0.043744,-0.797175
66557.707,30.273181082,-97.742806613,138.0053,5,0.601916,-0.017910,0.043798,-0.797156
66558.107,30.273181096,-97.742806568,138.0042,5,0.601902,-0.017927,0.043763,-0.797169
66558.507,30.273181096,-97.742806520,138.0042,5,0.601887,-0.017952,0.043798,-0.797177
66558.907,30.273181067,-97.742806588,138.0073,5,0.601922,-0.017937,0.043789,-0.797151
66559.307,30.273181120,-97.742806392,137.9993,5,0.601840,-0.017883,0.043740,-0.797217
66559.707,30.273181160,-97.742806341,138.0002,5,0.601792,-0.017873,0.043703,-0.797256
66560.107,30.273181169,-97.742806210,137.9960,5,0.601803,-0.017227,0.042673,-0.797317
66560.507,30.273180812,-97.742805054,137.9851,5,0.601742,-0.016693,0.042233,-0.797398
66560.907,30.273180135,-97.742802606,137.9636,5,0.601587,-0.016360,0.042502,-0.797508
66561.307,30.273179112,-97.742799035,137.9315,5,0.601378,-0.016081,0.042108,-0.797692
66561.707,30.273177556,-97.742793520,137.8952,5,0.600963,-0.016400,0.042090,-0.797999
66562.107,30.273175509,-97.742786385,137.8583,5,0.600714,-0.017874,0.042646,-0.798125
66562.507,30.273173204,-97.742778092,137.8162,5,0.600784,-0.016831,0.042547,-0.798101
66562.907,30.273170645,-97.742768686,137.7620,5,0.601105,-0.016789,0.042302,-0.797873
66563.307,30.273167724,-97.742758547,137.7091,5,0.601948,-0.015437,0.042059,-0.797277
66563.707,30.273164818,-97.742747906,137.6522,5,0.602577,-0.017097,0.041562,-0.796794
66564.107,30.273161765,-97.742737074,137.5995,5,0.603553,-0.013827,0.039406,-0.796229
66564.507,30.273158504,-97.742725170,137.5405,5,0.604405,-0.011453,0.039098,-0.795634
66564.907,30.273154729,-97.742711347,137.4775,1,0.604150,-0.012157,0.043623,-0.795583
66565.307,30.273150523,-97.742696418,137.4017,5,0.604482,-0.008721,0.049828,-0.795011
66565.707,30.273146143,-97.742680141,137.3088,1,0.605179,-0.007111,0.048098,-0.794603
66566.107,30.273141222,-97.742661678,137.2072,5,0.605701,-0.007107,0.046019,-0.794328
66566.507,30.273135744,-97.742641183,137.0934,5,0.606915,-0.007254,0.048821,-0.793232
66566.907,30.273129842,-97.742618699,136.9675,1,0.606090,-0.007735,0.045830,-0.794037
66567.307,30.273123277,-97.742594327,136.8462,5,0.604711,-0.007472,0.045271,-0.795122
66567.707,30.273116273,-97.742568390,136.7092,1,0.604605,-0.009432,0.047524,-0.795050
66568.107,30.273108805,-97.742540932,136.5642,5,0.604922,-0.006374,0.048953,-0.794753
66568.507,30.273101078,-97.742511827,136.4163,1,0.606150,-0.005685,0.045801,-0.794010
66568.907,30.273093155,-97.742480941,136.2794,1,0.607374,-0.008573,0.036800,-0.793517
66569.307,30.273085020,-97.742448519,136.1720,5,0.608035,-0.014851,0.023742,-0.793417
66569.707,30.273076383,-97.742414216,136.0605,1,0.608469,-0.026644,0.025147,-0.792731
66570.107,30.273067141,-97.742378369,135.9067,5,0.608876,-0.030291,0.028145,-0.792187
66570.507,30.273057551,-97.742340953,135.7165,1,0.608894,-0.035258,0.030963,-0.791863
66570.907,30.273047615,-97.742302599,135.5194,1,0.608189,-0.033693,0.030330,-0.792496
66571.307,30.273037252,-97.742263710,135.3191,5,0.606029,-0.030529,0.032821,-0.794179
66571.707,30.273026624,-97.742224577,135.1255,1,0.604072,-0.028385,0.034759,-0.795665
66572.107,30.273015796,-97.742185634,134.9450,5,0.604095,-0.024530,0.034697,-0.795779
66572.507,30.273003623,-97.742146918,134.7927,1,0.603892,-0.023683,0.033501,-0.796010
66572.907,30.272992598,-97.742106795,134.6097,1,0.603380,-0.024495,0.035609,-0.796282
66573.307,30.272981112,-97.742066355,134.4525,5,0.602445,-0.022786,0.034754,-0.797078
66573.707,30.272968507,-97.742024962,134.3274,1,0.601357,-0.021656,0.033439,-0.797986
66574.107,30.272956959,-97.741984499,134.1743,5,0.600410,-0.020338,0.035570,-0.798642
66574.507,30.272943824,-97.741943209,134.0645,1,0.599183,-0.016349,0.033894,-0.799727
66574.907,30.272932013,-97.741903291,133.9408,1,0.595846,-0.013277,0.036005,-0.802181
66575.307,30.272919509,-97.741863702,133.8312,5,0.591982,-0.014587,0.035726,-0.805027
66575.707,30.272907479,-97.741825614,133.7136,1,0.588668,-0.013974,0.035844,-0.807459
66576.107,30.272895986,-97.741789194,133.6099,5,0.587633,-0.012455,0.037028,-0.808184
66576.507,30.272885126,-97.741755086,133.5329,1,0.588513,-0.007848,0.036553,-0.807623
66576.907,30.272875078,-97.741723001,133.4555,1,0.589870,-0.009624,0.039251,-0.806486
66577.307,30.272865995,-97.741693215,133.3744,5,0.591146,-0.007713,0.036962,-0.805681
66577.707,30.272857542,-97.741665446,133.3175,1,0.593380,-0.007870,0.035883,-0.804083
66578.107,30.272849987,-97.741640009,133.2691,5,0.595267,-0.008809,0.035069,-0.802714
66578.507,30.272843050,-97.741616484,133.2221,1,0.597038,-0.009292,0.035432,-0.801376
66578.907,30.272836750,-97.741594730,133.1808,1,0.599734,-0.008462,0.033976,-0.799433
66579.307,30.272831575,-97.741574984,133.1550,5,0.601515,-0.005846,0.033635,-0.798132
66579.707,30.272826684,-97.741557328,133.1268,1,0.602605,-0.006807,0.033188,-0.797320
66580.107,30.272822607,-97.741542093,133.0972,5,0.603221,-0.008388,0.034194,-0.796796
66580.507,30.272819203,-97.741529565,133.0701,5,0.603457,-0.008571,0.033033,-0.796665
66580.907,30.272816446,-97.741519487,133.0553,1,0.603836,-0.009063,0.032603,-0.796390
66581.307,30.272814209,-97.741511480,133.0442,5,0.603882,-0.008109,0.032670,-0.796363
66581.707,30.272812387,-97.741504967,133.0389,5,0.603413,-0.008217,0.032425,-0.796727
66582.107,30.272811232,-97.741500080,133.0342,5,0.602923,-0.008694,0.032176,-0.797103
66582.507,30.272810541,-97.741496906,133.0408,5,0.602556,-0.008881,0.031896,-0.797389
66582.907,30.272810163,-97.741495272,133.0508,5,0.602390,-0.008829,0.031867,-0.797517
66583.307,30.272810197,-97.741494850,133.0568,4,0.602254,-0.008583,0.031536,-0.797635
66583.707,30.272810264,-97.741495032,133.0638,4,0.602274,-0.007705,0.030604,-0.797665
66584.107,30.272810176,-97.741495020,133.0528,5,0.602296,-0.007643,0.030564,-0.797651
66584.507,30.272810206,-97.741495170,133.0549,5,0.602255,-0.007608,0.030622,-0.797680
66584.907,30.272810236,-97.741495331,133.0579,5,0.602234,-0.007621,0.030655,-0.797695
66585.307,30.272810107,-97.741495083,133.0450,4,0.602261,-0.007652,0.030709,-0.797671
66585.707,30.272810049,-97.741495172,133.0420,4,0.602269,-0.007642,0.030738,-0.797665
66586.107,30.272809896,-97.741494832,133.0310,4,0.602331,-0.007680,0.030842,-0.797613
66586.507,30.272809894,-97.741494907,133.0290,4,0.602393,-0.007701,0.030838,-0.797566
66586.907,30.272809830,-97.741494698,133.0247,4,0.602456,-0.007041,0.029743,-0.797566
66587.307,30.272809486,-97.741493342,133.0197,4,0.602524,-0.007148,0.029838,-0.797510
66587.707,30.272808936,-97.741491484,133.0158,4,0.602442,-0.007065,0.029877,-0.797572
66588.107,30.272808186,-97.741488680,133.0087,4,0.602284,-0.006871,0.029485,-0.797708
66588.507,30.272806985,-97.741484552,133.0037,4,0.601962,-0.005756,0.028243,-0.798004
66588.907,30.272804977,-97.741477841,132.9946,4,0.601333,-0.005553,0.026746,-0.798532
66589.307,30.272802199,-97.741467742,132.9675,4,0.600507,-0.005411,0.025322,-0.799200
66589.707,30.272798362,-97.741454652,132.9486,4,0.599437,-0.004892,0.024842,-0.800021
66590.107,30.272793740,-97.741438457,132.9158,4,0.598298,-0.005446,0.026978,-0.800801
66590.507,30.272788477,-97.741420547,132.8844,4,0.596998,-0.006777,0.026889,-0.801763
66590.907,30.272782624,-97.741401038,132.8477,4,0.595586,-0.005744,0.027403,-0.802804
66591.307,30.272776237,-97.741379854,132.8069,5,0.596439,-0.004556,0.029973,-0.802086
66591.707,30.272769772,-97.741357775,132.7662,5,0.598116,-0.005083,0.029607,-0.800846
66592.107,30.272763324,-97.741335376,132.7260,5,0.600098,-0.004093,0.029312,-0.799379
66592.507,30.272756862,-97.741312494,132.6796,1,0.601329,-0.002686,0.029655,-0.798447
66592.907,30.272749909,-97.741288138,132.6385,1,0.601780,-0.000294,0.029271,-0.798126
66593.307,30.272742588,-97.741261896,132.6172,5,0.602154,0.004719,0.024507,-0.797990
66593.707,30.272734577,-97.741233426,132.6236,1,0.601761,0.006319,0.022107,-0.798345
66594.107,30.272725909,-97.741202955,132.6373,5,0.601486,0.006621,0.020133,-0.798602
66594.507,30.272716705,-97.741170533,132.6529,1,0.601103,0.003687,0.021692,-0.798869
66594.907,30.272707065,-97.741136589,132.6502,1,0.600791,0.000111,0.022393,-0.799093
66595.307,30.272697160,-97.741101824,132.6364,5,0.600561,0.000133,0.022633,-0.799258
66595.707,30.272687107,-97.741066226,132.6477,1,0.600326,0.000110,0.023080,-0.799422
66596.107,30.272676634,-97.741029976,132.6558,5,0.600074,0.004352,0.020911,-0.799660
66596.507,30.272666062,-97.740992651,132.6878,1,0.599625,0.006031,0.028793,-0.799740
66596.907,30.272654862,-97.740954424,132.6767,1,0.600381,0.012879,0.029551,-0.799064
66597.307,30.272643766,-97.740914984,132.6999,5,0.604048,0.016434,0.027080,-0.796318
66597.707,30.272632787,-97.740874573,132.7743,1,0.604743,0.016542,0.018830,-0.796026
66598.107,30.272621583,-97.740833488,132.8865,5,0.605004,0.014363,0.012987,-0.795987
66598.507,30.272610668,-97.740792629,133.0431,1,0.605564,0.012651,0.009486,-0.795639
66598.907,30.272599605,-97.740751962,133.2068,1,0.606146,0.012626,0.005488,-0.795234
66599.307,30.272588829,-97.740712370,133.3861,5,0.606816,0.010168,0.008598,-0.794731
66599.707,30.272578880,-97.740674464,133.5917,1,0.606128,0.013163,0.008454,-0.795213
66600.107,30.272568651,-97.740637779,133.7679,5,0.606238,0.018982,0.009616,-0.794999
66600.507,30.272559336,-97.740602055,133.9768,1,0.607631,0.020288,0.009257,-0.793907
66600.907,30.272549648,-97.740566052,134.1416,1,0.607797,0.020021,0.009333,-0.793785
66601.307,30.272539958,-97.740530442,134.3152,5,0.607887,0.022437,0.010959,-0.793631
66601.707,30.272530753,-97.740495732,134.5174,1,0.607582,0.025001,0.012056,-0.793772
66602.107,30.272521519,-97.740461860,134.6878,5,0.606867,0.025903,0.014000,-0.794257
66602.507,30.272512514,-97.740429018,134.8576,1,0.603199,0.026933,0.014974,-0.796995
66602.907,30.272503244,-97.740397441,135.0147,1,0.598442,0.029243,0.016141,-0.800470
66603.307,30.272494274,-97.740367170,135.1679,5,0.596756,0.030141,0.014202,-0.801730
66603.707,30.272485736,-97.740338015,135.3365,1,0.597387,0.030295,0.013523,-0.801267
66604.107,30.272477888,-97.740311159,135.4898,5,0.599034,0.028753,0.015651,-0.800054
66604.507,30.272471409,-97.740288023,135.6250,1,0.600929,0.029327,0.014008,-0.798641
66604.907,30.272466013,-97.740268788,135.7427,1,0.602704,0.028248,0.013607,-0.797349
66605.307,30.272461913,-97.740253866,135.8324,5,0.604342,0.028606,0.011671,-0.796125
66605.707,30.272458504,-97.740241294,135.9122,1,0.606721,0.029313,0.010700,-0.794302
66606.107,30.272455603,-97.740229886,135.9870,5,0.609548,0.029659,0.006544,-0.792167
66606.507,30.272452579,-97.740218515,136.0636,5,0.609999,0.031827,0.004903,-0.791747
66606.907,30.272449371,-97.740206246,136.1421,1,0.610447,0.030774,0.004296,-0.791447
66607.307,30.272445878,-97.740192946,136.2177,5,0.610920,0.029146,0.004377,-0.791143
66607.707,30.272442003,-97.740178775,136.3044,5,0.609660,0.031935,0.008197,-0.791977
66608.107,30.272437712,-97.740162933,136.3959,5,0.607720,0.031066,0.010842,-0.793470
66608.507,30.272432550,-97.740144924,136.4839,5,0.605989,0.037315,0.012526,-0.794499
66608.907,30.272427007,-97.740125079,136.5978,1,0.604036,0.039214,0.009053,-0.795940
66609.307,30.272420719,-97.740102925,136.7263,5,0.601661,0.038295,0.009333,-0.797778
66609.707,30.272413911,-97.740079186,136.8685,5,0.599325,0.038328,0.006947,-0.799558
66610.107,30.272406647,-97.740053648,137.0295,5,0.598476,0.033115,0.001763,-0.800454
66610.507,30.272399025,-97.740026448,137.2087,1,0.599420,0.027163,-0.003589,-0.799966
66610.907,30.272390874,-97.739997622,137.3959,1,0.600349,0.023326,-0.002662,-0.799394
66611.307,30.272382288,-97.739967155,137.5784,5,0.600627,0.020391,-0.002496,-0.799265
66611.707,30.272373177,-97.739934533,137.7551,1,0.601043,0.019550,-0.008057,-0.798937
66612.107,30.272363768,-97.739900645,137.9658,5,0.603216,0.017211,-0.005753,-0.797372
66612.507,30.272353778,-97.739864723,138.1715,5,0.605060,0.018372,-0.002494,-0.795964
66612.907,30.272343768,-97.739827624,138.3741,1,0.606077,0.018177,-0.005146,-0.795182
66613.307,30.272333334,-97.739788760,138.5912,5,0.606499,0.014569,-0.000968,-0.794950
66613.707,30.272322461,-97.739748424,138.7922,1,0.606964,0.016134,0.000874,-0.794565
66614.107,30.272311207,-97.739706755,139.0012,5,0.607098,0.019596,0.003174,-0.794379
66614.507,30.272299473,-97.739663973,139.2347,5,0.605065,0.022127,0.004607,-0.795855
66614.907,30.272287358,-97.739620103,139.4593,1,0.603562,0.023427,0.005086,-0.796955
66615.307,30.272274653,-97.739575447,139.6901,5,0.603807,0.028295,0.009286,-0.796574
66615.707,30.272262112,-97.739530026,139.9323,1,0.604345,0.026419,0.012777,-0.796182
66616.107,30.272249755,-97.739484810,140.1389,5,0.604262,0.022978,0.012489,-0.796356
66616.507,30.272237123,-97.739440334,140.3450,1,0.604263,0.025942,0.015410,-0.796213
66616.907,30.272224578,-97.739395723,140.5059,1,0.605040,0.029933,0.025553,-0.795222
66617.307,30.272212175,-97.739350352,140.6314,5,0.605159,0.028293,0.025548,-0.795191
66617.707,30.272199681,-97.739304335,140.7646,1,0.605073,0.022803,0.020825,-0.795571
66618.107,30.272186679,-97.739257170,140.8882,5,0.604992,0.025169,0.023881,-0.795476
66618.507,30.272173429,-97.739209202,140.9842,1,0.603552,0.022541,0.023100,-0.796670
66618.907,30.272159763,-97.739160247,141.0679,1,0.603037,0.021104,0.029155,-0.796901
66619.308,30.272146133,-97.739110938,141.1046,5,0.602311,0.016394,0.027942,-0.797604
66619.708,30.272132417,-97.739062389,141.1612,1,0.601803,0.017204,0.027808,-0.797975
66620.108,30.272118576,-97.739013977,141.2311,5,0.601316,0.023541,0.030494,-0.798082
66620.508,30.272105017,-97.738965668,141.3191,1,0.601887,0.019452,0.028808,-0.797824
66620.908,30.272091668,-97.738917269,141.3642,1,0.604059,0.015353,0.032287,-0.796137
66621.308,30.272078545,-97.738869248,141.4027,5,0.603453,0.011864,0.029433,-0.796767
66621.708,30.272065196,-97.738822024,141.4306,1,0.602632,0.012312,0.032542,-0.797261
66622.108,30.272052122,-97.738775249,141.4564,5,0.599968,0.008947,0.027567,-0.799499
66622.508,30.272038964,-97.738729295,141.4613,1,0.599196,0.004162,0.024146,-0.800228
66622.908,30.272025987,-97.738683407,141.4366,1,0.600029,-0.007327,0.036151,-0.799127
66623.308,30.272013273,-97.738637898,141.3113,5,0.601456,-0.014093,0.039556,-0.797802
66623.708,30.271999880,-97.738592217,141.0640,1,0.601383,-0.006394,0.072361,-0.795651
66624.108,30.271987243,-97.738546601,140.7747,5,0.601399,0.000230,0.054780,-0.797069
66624.508,30.271974337,-97.738500526,140.5417,1,0.602487,0.003145,0.056350,-0.796131
66624.908,30.271961537,-97.738454469,140.3709,1,0.603020,0.006240,0.053096,-0.795933
66625.308,30.271948758,-97.738408463,140.1624,5,0.603103,0.004677,0.060349,-0.795364
66625.708,30.271936077,-97.738362770,139.9279,1,0.602247,0.006973,0.054734,-0.796401
66626.108,30.271923255,-97.738316631,139.7145,5,0.602548,0.002022,0.058594,-0.795926
66626.508,30.271910369,-97.738270372,139.5065,1,0.603170,0.003909,0.053923,-0.795778
66626.908,30.271897501,-97.738224121,139.2883,5,0.602340,0.001965,0.055957,-0.796273
66627.308,30.271884805,-97.738178621,139.0755,1,0.601026,0.003876,0.057858,-0.797123
66627.708,30.271872653,-97.738135431,138.8848,1,0.600329,0.000459,0.054733,-0.797878
66628.108,30.271861053,-97.738094140,138.6980,5,0.600028,-0.003253,0.051729,-0.798298
66628.508,30.271849593,-97.738053524,138.5075,1,0.601244,0.001005,0.057344,-0.797004
66628.908,30.271838473,-97.738014196,138.3190,1,0.602062,0.006386,0.053182,-0.796651
66629.308,30.271827943,-97.737975250,138.1380,5,0.602905,-0.008548,0.057417,-0.795698
66629.708,30.271817595,-97.737936717,137.9434,1,0.603872,-0.008047,0.054868,-0.795150
66630.108,30.271807115,-97.737898572,137.7511,5,0.603815,-0.005001,0.051038,-0.795473
66630.508,30.271796560,-97.737860278,137.5761,1,0.601868,-0.003095,0.054075,-0.796756
66630.908,30.271785797,-97.737822123,137.3694,1,0.599689,-0.008501,0.055736,-0.798245
66631.308,30.271774923,-97.737783829,137.1276,5,0.597256,-0.013305,0.056643,-0.799937
66631.708,30.271763564,-97.737745503,136.9048,1,0.596540,-0.002546,0.060920,-0.800264
66632.108,30.271752085,-97.737706984,136.6829,5,0.595447,0.003726,0.061381,-0.801037
66632.508,30.271740516,-97.737667843,136.4241,1,0.594957,-0.001882,0.069376,-0.800755
66632.908,30.271728956,-97.737628230,136.1166,1,0.595030,-0.007823,0.069230,-0.800678
66633.308,30.271717278,-97.737587893,135.7585,5,0.596761,-0.014206,0.073671,-0.798904
66633.708,30.271705309,-97.737546624,135.3298,1,0.598353,-0.013403,0.086556,-0.796430
66634.108,30.271693395,-97.737504424,134.8537,5,0.600951,-0.008096,0.087469,-0.794444
66634.508,30.271681336,-97.737460553,134.3678,1,0.601779,-0.005084,0.084165,-0.794199
66634.908,30.271668842,-97.737414963,133.8760,1,0.601044,-0.010178,0.082838,-0.794846
66635.308,30.271655902,-97.737367891,133.3543,5,0.601686,-0.013166,0.081499,-0.794455
66635.708,30.271642777,-97.737319182,132.8217,1,0.602977,-0.015257,0.079282,-0.793663
66636.108,30.271629357,-97.737268983,132.2877,5,0.603393,-0.019783,0.073121,-0.793838
66636.508,30.271615625,-97.737217035,131.7840,1,0.603074,-0.015561,0.071399,-0.794331
66636.908,30.271601305,-97.737164546,131.3108,1,0.602718,-0.016354,0.067084,-0.794961
66637.308,30.271586901,-97.737112204,130.8940,5,0.602457,-0.016368,0.063729,-0.795435
66637.708,30.271572746,-97.737061040,130.5233,1,0.601813,-0.018080,0.062442,-0.795987
66638.108,30.271558939,-97.737011388,130.1697,5,0.601366,-0.017478,0.057421,-0.796716
66638.508,30.271545096,-97.736961936,129.8327,1,0.600844,-0.019228,0.056932,-0.797105
66638.908,30.271531074,-97.736912669,129.5075,1,0.600259,-0.014906,0.055620,-0.797730
66639.308,30.271517242,-97.736863395,129.1868,5,0.599770,-0.020755,0.053964,-0.798081
66639.708,30.271503330,-97.736814903,128.9011,1,0.601187,-0.010275,0.056005,-0.797077
66640.108,30.271490208,-97.736766495,128.6302,4,0.601045,-0.018786,0.053282,-0.797216
66640.508,30.271477221,-97.736718559,128.3363,1,0.601917,-0.018774,0.048440,-0.796867
66640.908,30.271464388,-97.736671478,128.0743,1,0.602657,-0.021970,0.048328,-0.796232
66641.308,30.271452349,-97.736626617,127.8282,5,0.603280,-0.026943,0.043891,-0.795865
66641.708,30.271441436,-97.736583849,127.5999,1,0.604048,-0.028628,0.042849,-0.795280
66642.108,30.271430579,-97.736543518,127.3469,5,0.603315,-0.036059,0.051076,-0.795048
66642.508,30.271420431,-97.736504955,127.0148,1,0.601666,-0.031654,0.051186,-0.796477
66642.908,30.271409743,-97.736467242,126.7658,1,0.601079,-0.023816,0.052342,-0.797118
66643.308,30.271399509,-97.736430034,126.5021,5,0.602050,-0.023543,0.051104,-0.796474
66643.708,30.271389298,-97.736392909,126.2357,1,0.602862,-0.021655,0.053275,-0.795770
66644.108,30.271378912,-97.736355440,125.9521,5,0.603295,-0.022314,0.058159,-0.795082
66644.508,30.271368418,-97.736317736,125.6333,1,0.602974,-0.020998,0.065467,-0.794793
66644.908,30.271358010,-97.736279649,125.2890,1,0.602460,-0.022564,0.064479,-0.795220
66645.308,30.271347414,-97.736240904,124.9503,5,0.601711,-0.026574,0.064516,-0.795660
66645.708,30.271336482,-97.736201848,124.6012,1,0.600603,-0.023740,0.065084,-0.796540
66646.108,30.271325310,-97.736162311,124.2327,5,0.598709,-0.024555,0.065569,-0.797900
66646.508,30.271313757,-97.736122536,123.8584,1,0.596499,-0.021560,0.072007,-0.799086
66646.908,30.271302083,-97.736082617,123.4913,1,0.593954,-0.021217,0.066875,-0.801434
66647.308,30.271290128,-97.736042484,123.1221,5,0.591645,-0.021249,0.063212,-0.803436
66647.708,30.271277651,-97.736002156,122.7775,1,0.588575,-0.020652,0.067122,-0.805386
66648.108,30.271265011,-97.735961601,122.4475,5,0.584112,-0.022007,0.055384,-0.809482
66648.508,30.271251516,-97.735921354,122.1661,1,0.578802,-0.018121,0.055928,-0.813346
66648.908,30.271237979,-97.735881717,121.8989,1,0.573457,-0.017735,0.045544,-0.817777
66649.308,30.271224314,-97.735842725,121.6795,5,0.569266,-0.022713,0.042495,-0.820740
66649.708,30.271210739,-97.735805673,121.4878,1,0.567098,-0.021663,0.045592,-0.822102
66650.108,30.271198025,-97.735770449,121.3221,5,0.567929,-0.020632,0.042098,-0.821741
66650.508,30.271185838,-97.735736732,121.1851,1,0.570342,-0.016787,0.042361,-0.820143
66650.908,30.271174471,-97.735704982,121.0732,1,0.572028,-0.012142,0.040680,-0.819135
66651.308,30.271164221,-97.735675802,121.0109,5,0.570971,-0.008529,0.035969,-0.820138
66651.708,30.271154233,-97.735649163,120.9772,1,0.562995,-0.003926,0.031222,-0.825861
66652.108,30.271144543,-97.735625422,120.9650,5,0.544492,-0.002318,0.025925,-0.838362
66652.508,30.271134124,-97.735605074,120.9799,1,0.502649,-0.003450,0.015013,-0.864353
66652.908,30.271121397,-97.735587691,121.0077,1,0.432800,-0.003604,0.014019,-0.901374
66653.308,30.271106606,-97.735573721,121.0185,5,0.345660,-0.005200,0.014368,-0.938235
66653.708,30.271089671,-97.735563778,121.0403,1,0.251495,-0.002488,0.015474,-0.967732
66654.108,30.271071436,-97.735557836,121.0458,5,0.154691,0.000805,0.013702,-0.987868
66654.508,30.271051571,-97.735555719,121.0486,1,0.060388,0.000789,0.015565,-0.998053
66654.908,30.271030217,-97.735557574,121.0507,1,0.022605,-0.003523,-0.019506,0.999548
66655.308,30.271008068,-97.735562590,121.0410,5,0.083162,-0.008198,-0.018255,0.996335
66655.708,30.270985118,-97.735569716,121.0299,1,0.117005,-0.007101,-0.018493,0.992934
66656.108,30.270961408,-97.735578241,121.0239,5,0.134051,-0.008143,-0.016702,0.990800
66656.508,30.270936386,-97.735587707,121.0225,1,0.139434,-0.009524,-0.015868,0.990058
66656.908,30.270909800,-97.735597778,121.0173,1,0.141489,-0.009387,-0.016384,0.989760
66657.308,30.270881421,-97.735608107,120.9924,5,0.143285,-0.011063,-0.014523,0.989513
66657.708,30.270851774,-97.735619177,120.9827,1,0.145330,-0.009830,-0.016767,0.989192
66658.108,30.270821527,-97.735630963,120.9744,5,0.148256,-0.009751,-0.018416,0.988730
66658.508,30.270790986,-97.735643257,120.9710,1,0.151935,-0.013616,-0.019630,0.988102
66658.908,30.270760669,-97.735655703,120.9626,1,0.155135,-0.016570,-0.018476,0.987582
66659.308,30.270730543,-97.735668236,120.9548,5,0.157042,-0.017641,-0.018835,0.987255
66659.708,30.270700932,-97.735680441,120.9424,1,0.155463,-0.018945,-0.019534,0.987467
66660.108,30.270671554,-97.735692330,120.9371,5,0.153765,-0.018519,-0.017395,0.987781
66660.508,30.270642443,-97.735704043,120.9273,1,0.152428,-0.018803,-0.019861,0.987936
66660.908,30.270613979,-97.735715337,120.9173,1,0.151485,-0.018753,-0.018931,0.988100
66661.308,30.270586574,-97.735726457,120.9356,5,0.149683,-0.020739,-0.020932,0.988295
66661.708,30.270559088,-97.735737375,120.9204,1,0.148251,-0.021320,-0.020923,0.988499
66662.108,30.270534386,-97.735746764,120.9274,5,0.146634,-0.023071,-0.022039,0.988676
66662.508,30.270511028,-97.735755742,120.9266,1,0.146301,-0.023987,-0.022147,0.988701
66662.908,30.270489749,-97.735763866,120.9253,1,0.146695,-0.024509,-0.021020,0.988655
66663.308,30.270470290,-97.735771268,120.9319,5,0.147654,-0.024267,-0.021777,0.988501
66663.708,30.270452852,-97.735777695,120.9559,1,0.149158,-0.024361,-0.022374,0.988260
66664.108,30.270437699,-97.735783373,120.9583,5,0.151162,-0.023212,-0.023691,0.987952
66664.508,30.270424537,-97.735789107,120.9295,1,0.152801,-0.022493,-0.023039,0.987732
66664.908,30.270414296,-97.735793074,120.9375,1,0.154374,-0.020834,-0.021770,0.987553
66665.308,30.270406607,-97.735796199,120.8782,5,0.155412,-0.018889,-0.020754,0.987451
66665.708,30.270400423,-97.735799108,120.8650,5,0.156168,-0.017656,-0.017211,0.987423
66666.108,30.270395547,-97.735800667,120.8792,5,0.156474,-0.013721,-0.017383,0.987434
66666.508,30.270389877,-97.735803933,120.8455,5,0.157105,-0.013125,-0.016835,0.987351
66666.908,30.270385920,-97.735805752,120.8420,5,0.157515,-0.011792,-0.015525,0.987324
66667.308,30.270380328,-97.735810398,120.7368,4,0.158083,-0.010735,-0.013993,0.987268
66667.708,30.270377292,-97.735811600,120.7406,4,0.157671,-0.011309,-0.013480,0.987335
66668.108,30.270373430,-97.735813169,120.7400,4,0.156594,-0.009087,-0.011555,0.987554
66668.508,30.270368531,-97.735815051,120.7497,4,0.155725,-0.006835,-0.007377,0.987749
66668.908,30.270361143,-97.735817994,120.7608,4,0.155164,-0.006136,-0.007286,0.987843
66669.308,30.270351018,-97.735822244,120.7695,4,0.156019,-0.004163,-0.006781,0.987722
66669.708,30.270339840,-97.735826901,120.7988,4,0.159266,-0.004780,-0.011330,0.987159
66670.108,30.270327837,-97.735832441,120.8045,4,0.173790,0.000105,-0.011910,0.984711
66670.508,30.270315884,-97.735839406,120.8181,4,0.215272,0.003297,-0.011396,0.976482
66670.908,30.270304169,-97.735848911,120.8497,1,0.286701,0.010401,-0.011509,0.957895
66671.308,30.270294092,-97.735861747,120.8875,5,0.378357,0.004355,-0.006644,0.925626
66671.708,30.270285715,-97.735877209,120.9242,5,0.472929,0.015554,-0.011172,0.880893
66672.108,30.270280075,-97.735895475,121.0028,5,0.564052,0.025164,-0.002400,0.825352
66672.508,30.270277609,-97.735916171,121.1191,5,0.646750,0.027172,-0.001281,0.762217
66672.908,30.270278522,-97.735937966,121.2837,1,0.709986,0.031431,0.011133,0.703426
66673.308,30.270281417,-97.735960511,121.4916,5,0.744863,0.029751,0.021361,0.666211
66673.708,30.270285829,-97.735983834,121.7255,5,0.769624,0.029668,0.021545,0.637444
66674.108,30.270291521,-97.736008429,121.9944,5,0.780875,0.025366,0.027654,0.623559
66674.508,30.270297975,-97.736034595,122.2754,1,0.785946,0.022699,0.030347,0.617132
66674.908,30.270305392,-97.736062160,122.5612,1,0.793497,0.020149,0.032742,0.607359
66675.308,30.270313784,-97.736091428,122.8352,5,0.801082,0.018243,0.038134,0.597060
66675.708,30.270323188,-97.736121903,123.1592,1,0.802323,0.014806,0.043619,0.595109
66676.108,30.270332773,-97.736154393,123.4823,5,0.799505,0.011119,0.046212,0.598776
66676.508,30.270342559,-97.736188449,123.8188,1,0.797006,0.010755,0.051073,0.601712
66676.908,30.270352679,-97.736224378,124.1967,1,0.794847,0.008423,0.050102,0.604679
66677.308,30.270362935,-97.736262000,124.5813,5,0.792042,0.007149,0.053261,0.608097
66677.708,30.270373314,-97.736300798,124.9883,1,0.790885,0.008383,0.053401,0.609573
66678.108,30.270383948,-97.736340799,125.4058,5,0.791799,0.005952,0.054886,0.608282
66678.508,30.270395167,-97.736381755,125.8327,1,0.792781,0.007420,0.057171,0.606774
66678.908,30.270406758,-97.736423697,126.2856,1,0.791706,0.005131,0.059488,0.607978
66679.308,30.270418017,-97.736466803,126.7297,5,0.790039,0.005031,0.056339,0.610442
66679.708,30.270429856,-97.736510836,127.1977,1,0.792625,0.006280,0.053920,0.607288
66680.108,30.270442133,-97.736555485,127.6693,5,0.795159,0.005783,0.056133,0.603770
66680.508,30.270455048,-97.736601072,128.1500,1,0.795122,0.004523,0.059115,0.603544
66680.908,30.270468121,-97.736647505,128.6532,1,0.794299,0.003854,0.059876,0.604557
66681.308,30.270481051,-97.736694446,129.1518,5,0.793787,0.004697,0.060188,0.605192
66681.708,30.270494380,-97.736742376,129.6467,1,0.794224,0.001055,0.056799,0.604963
66682.108,30.270507637,-97.736789770,130.1042,5,0.793972,-0.004486,0.054563,0.605484
66682.508,30.270520328,-97.736836557,130.5071,1,0.794431,-0.003578,0.044199,0.605734
66682.908,30.270533237,-97.736883072,130.8545,1,0.794976,-0.007306,0.041224,0.605194
66683.308,30.270545688,-97.736928757,131.1295,5,0.795492,-0.009286,0.030531,0.605124
66683.708,30.270557825,-97.736973952,131.3966,1,0.791812,-0.006771,0.027556,0.610106
66684.108,30.270569254,-97.737019540,131.6454,5,0.787965,-0.002850,0.022100,0.615316
66684.508,30.270580365,-97.737066114,131.8610,1,0.783008,-0.004046,0.015040,0.621817
66684.908,30.270590678,-97.737112961,132.0868,1,0.778052,0.001616,0.007945,0.628148
66685.308,30.270600136,-97.737159115,132.2956,5,0.774010,0.003072,0.005782,0.633139
66685.708,30.270609282,-97.737204761,132.5264,1,0.771435,0.004311,0.003386,0.636285
66686.108,30.270617875,-97.737249322,132.7552,5,0.770456,0.005092,0.000430,0.637472
66686.508,30.270626320,-97.737292591,132.9507,1,0.772731,0.006683,-0.004246,0.634685
66686.908,30.270635092,-97.737334350,133.1542,1,0.775310,0.005370,-0.000443,0.631558
66687.308,30.270643813,-97.737374899,133.3486,5,0.778002,0.005485,-0.001112,0.628237
66687.708,30.270652619,-97.737413970,133.5404,1,0.781093,0.004363,-0.000077,0.624399
66688.108,30.270661203,-97.737451239,133.7082,5,0.785308,0.005958,-0.001059,0.619076
66688.508,30.270670050,-97.737486560,133.8799,1,0.790308,0.005053,-0.000080,0.612688
66688.908,30.270678939,-97.737519908,134.0514,1,0.794511,0.003965,0.001624,0.607235
66689.308,30.270687497,-97.737551257,134.2111,5,0.796900,0.003972,0.002431,0.604094
66689.708,30.270695733,-97.737580480,134.3673,1,0.798635,0.002958,0.003890,0.601796
66690.108,30.270703403,-97.737607752,134.4963,5,0.798022,0.002256,0.004339,0.602609
66690.508,30.270710404,-97.737632914,134.6267,1,0.797420,0.002852,0.005342,0.603395
66690.908,30.270716891,-97.737656191,134.7534,1,0.796818,0.002365,0.007915,0.604163
66691.308,30.270722744,-97.737677411,134.8700,5,0.797598,0.003383,0.009473,0.603106
66691.708,30.270728081,-97.737696212,134.9819,1,0.798630,0.001970,0.010204,0.601733
66692.108,30.270732814,-97.737712640,135.0645,5,0.799982,0.003176,0.011937,0.599896
66692.508,30.270736986,-97.737726838,135.1485,5,0.801266,0.001341,0.013503,0.598154
66692.908,30.270740572,-97.737738786,135.2178,1,0.802959,0.001769,0.015332,0.595834
66693.308,30.270743775,-97.737748995,135.2814,5,0.803702,0.002642,0.016699,0.594791
66693.708,30.270746370,-97.737757604,135.3315,1,0.803813,0.003332,0.017457,0.594616
66694.108,30.270748519,-97.737764777,135.3744,5,0.803905,0.003724,0.017679,0.594483
66694.508,30.270750248,-97.737770547,135.4071,5,0.804125,0.003580,0.017176,0.594201
66694.908,30.270751533,-97.737774801,135.4291,5,0.804233,0.003643,0.017241,0.594052
66695.308,30.270752562,-97.737778306,135.4481,5,0.804321,0.004416,0.016800,0.593941
66695.708,30.270753362,-97.737780995,135.4609,5,0.804414,0.004602,0.016816,0.593814
66696.108,30.270754184,-97.737783638,135.4982,5,0.804558,0.004663,0.017149,0.593609
66696.508,30.270754764,-97.737785673,135.5098,5,0.804643,0.004941,0.015878,0.593526
66696.908,30.270755281,-97.737787378,135.5233,5,0.804704,0.004952,0.016394,0.593429
66697.308,30.270755747,-97.737789338,135.5567,5,0.804802,0.004771,0.016745,0.593288
66697.708,30.270756072,-97.737790461,135.5678,5,0.804867,0.005039,0.017016,0.593189
66698.108,30.270756567,-97.737791826,135.5944,4,0.804932,0.005540,0.017015,0.593097
66698.508,30.270756910,-97.737793077,135.6044,4,0.804915,0.006408,0.017807,0.593088
66698.908,30.270757690,-97.737795679,135.6250,4,0.804865,0.010265,0.020736,0.593007
66699.308,30.270759402,-97.737801680,135.6804,4,0.803881,0.014748,0.020867,0.594241
66699.708,30.270762144,-97.737811068,135.7527,4,0.802458,0.015862,0.023374,0.596040
66700.108,30.270765812,-97.737823887,135.8593,5,0.800909,0.017881,0.022571,0.598094
66700.508,30.270770116,-97.737839200,135.9931,5,0.799068,0.017005,0.022827,0.600567
66700.908,30.270774931,-97.737857256,136.1304,5,0.797698,0.016427,0.016052,0.602620
66701.308,30.270780626,-97.737877527,136.3154,5,0.796062,0.013800,0.022594,0.604636
66701.708,30.270786798,-97.737900440,136.4953,5,0.795204,0.009741,0.018901,0.605969
66702.108,30.270793915,-97.737925728,136.6635,5,0.795488,0.009868,0.019217,0.605585
66702.508,30.270801595,-97.737954100,136.8363,1,0.795980,0.007048,0.013120,0.605139
66702.908,30.270809881,-97.737985280,136.9858,1,0.796322,0.008907,0.006567,0.604772
66703.308,30.270819170,-97.738019290,137.1286,5,0.796522,0.008287,0.002390,0.604548
66703.708,30.270829031,-97.738055693,137.3015,1,0.797284,0.013918,0.000826,0.603444
66704.108,30.270839731,-97.738094379,137.5113,5,0.799079,0.018683,0.000444,0.600936
66704.508,30.270851219,-97.738135093,137.7736,1,0.800250,0.021938,0.000367,0.599265
66704.908,30.270863355,-97.738176994,138.0800,1,0.801163,0.018813,0.002293,0.598145
66705.308,30.270875336,-97.738219081,138.3181,5,0.801460,0.019972,0.005606,0.597689
66705.708,30.270887512,-97.738261279,138.6211,1,0.800703,0.016165,0.004406,0.598828
66706.108,30.270899315,-97.738302766,138.8999,5,0.799912,0.015732,0.004925,0.599891
66706.508,30.270910802,-97.738343283,139.1731,1,0.799072,0.012066,0.004151,0.601100
66706.908,30.270922007,-97.738383285,139.4199,1,0.798599,0.012327,0.003114,0.601729
66707.308,30.270933000,-97.738422840,139.6478,5,0.797950,0.009510,0.001496,0.602647
66707.708,30.270943753,-97.738461988,139.8645,1,0.797270,0.012516,-0.000486,0.603493
66708.108,30.270954114,-97.738500422,140.0419,5,0.797035,0.010448,-0.006307,0.603809
66708.508,30.270964372,-97.738537864,140.2162,1,0.797228,0.005829,-0.006861,0.603612
66708.908,30.270974514,-97.738574318,140.3648,1,0.798151,0.003907,-0.007842,0.602394
66709.308,30.270984112,-97.738609325,140.4877,5,0.798948,0.001696,-0.008914,0.601332
66709.708,30.270993570,-97.738642816,140.5979,1,0.799450,-0.000660,-0.009610,0.600656
66710.108,30.271002261,-97.738674382,140.6814,5,0.798962,-0.003105,-0.011358,0.601267
66710.508,30.271010442,-97.738703911,140.7471,1,0.798297,-0.006086,-0.014362,0.602062
66710.908,30.271017886,-97.738730941,140.7911,1,0.797551,-0.008293,-0.016303,0.602974
66711.308,30.271024358,-97.738755023,140.8140,5,0.797024,-0.009665,-0.017732,0.603610
66711.708,30.271030128,-97.738776276,140.8295,1,0.797046,-0.010498,-0.020101,0.603493
66712.108,30.271035113,-97.738794634,140.8366,5,0.797501,-0.013141,-0.022274,0.602763
66712.508,30.271039425,-97.738810350,140.8301,1,0.797886,-0.014774,-0.024350,0.602135
66712.908,30.271043103,-97.738823579,140.8246,1,0.798258,-0.016714,-0.025483,0.601544
66713.308,30.271046099,-97.738834590,140.8044,5,0.798687,-0.016862,-0.026879,0.600909
66713.708,30.271048630,-97.738843546,140.7940,5,0.799005,-0.017073,-0.026406,0.600502
66714.108,30.271050769,-97.738851263,140.7817,5,0.799532,-0.015976,-0.026763,0.599814
66714.508,30.271052579,-97.738857832,140.7683,5,0.799955,-0.015769,-0.028085,0.599195
66714.908,30.271054161,-97.738863334,140.7603,5,0.800187,-0.016378,-0.027557,0.598893
66715.308,30.271055479,-97.738867957,140.7450,5,0.800363,-0.016892,-0.028289,0.598609
66715.708,30.271056556,-97.738871891,140.7411,5,0.800588,-0.014435,-0.028216,0.598377
66716.108,30.271057979,-97.738876702,140.7260,4,0.800938,-0.014117,-0.028057,0.597923
66716.508,30.271059827,-97.738883231,140.7084,4,0.801299,-0.011422,-0.027334,0.597530
66716.908,30.271062636,-97.738892941,140.6975,4,0.801480,-0.010070,-0.026002,0.597371
66717.308,30.271066440,-97.738906288,140.6691,4,0.801565,-0.009872,-0.027351,0.597200
66717.708,30.271071070,-97.738922447,140.6504,4,0.801559,-0.009591,-0.026837,0.597236
66718.108,30.271076384,-97.738941070,140.6340,5,0.800560,-0.011007,-0.025310,0.598617
66718.508,30.271081666,-97.738959894,140.6464,5,0.799090,-0.004609,-0.016996,0.600953
66718.908,30.271087257,-97.738980252,140.6643,1,0.797926,-0.009348,-0.018158,0.602409
66719.308,30.271093313,-97.739003083,140.6471,5,0.796662,-0.010769,-0.018549,0.604045
66719.708,30.271100025,-97.739028444,140.5943,5,0.795641,-0.014644,-0.020813,0.605234
66720.108,30.271107617,-97.739056763,140.5181,5,0.792590,-0.018255,-0.021207,0.609112
66720.508,30.271115644,-97.739087968,140.4273,1,0.792851,-0.015167,-0.024742,0.608725
66720.908,30.271124464,-97.739121969,140.3125,1,0.794420,-0.018364,-0.032827,0.606203
66721.308,30.271134306,-97.739158342,140.2494,5,0.796712,-0.004204,-0.028776,0.603659
66721.708,30.271145017,-97.739197202,140.2165,1,0.798913,-0.006714,-0.029728,0.600674
66722.108,30.271156751,-97.739237903,140.1743,5,0.800541,-0.006146,-0.024988,0.598726
66722.508,30.271168711,-97.739279979,140.1432,1,0.800745,-0.010320,-0.026628,0.598325
66722.908,30.271180990,-97.739323053,140.0824,1,0.800912,-0.012369,-0.025993,0.598089
66723.308,30.271193675,-97.739367194,140.0076,5,0.800830,-0.014389,-0.026480,0.598133
66723.708,30.271206488,-97.739412296,139.9277,1,0.800108,-0.017183,-0.024591,0.599106
66724.108,30.271219411,-97.739458191,139.8192,5,0.799601,-0.016179,-0.025319,0.599779
66724.508,30.271232388,-97.739504615,139.7254,1,0.799208,-0.018940,-0.026528,0.600171
66724.908,30.271245371,-97.739551201,139.6067,1,0.798577,-0.022431,-0.027127,0.600863
66725.308,30.271258393,-97.739597763,139.4426,5,0.798874,-0.024754,-0.029283,0.600274
66725.708,30.271271401,-97.739644339,139.2641,1,0.799815,-0.023482,-0.031887,0.598939
66726.108,30.271284267,-97.739690799,139.0865,5,0.799946,-0.019688,-0.040171,0.598402
66726.508,30.271297388,-97.739737176,138.9507,1,0.797067,-0.024560,-0.031419,0.602573
66726.908,30.271309901,-97.739783672,138.7369,1,0.796431,-0.020625,-0.034317,0.603402
66727.308,30.271322470,-97.739829433,138.5900,5,0.795912,-0.029447,-0.032252,0.603836
66727.708,30.271334717,-97.739874738,138.3998,1,0.796008,-0.028457,-0.032677,0.603733
66728.109,30.271346908,-97.739919435,138.2097,5,0.797280,-0.031263,-0.034030,0.601838
66728.509,30.271358969,-97.739963508,137.9889,1,0.799198,-0.015628,-0.036138,0.599776
66728.909,30.271371246,-97.740007500,137.8569,1,0.798692,-0.021845,-0.040660,0.599968
66729.309,30.271383247,-97.740050802,137.6979,5,0.798190,-0.015995,-0.034324,0.601215
66729.709,30.271395307,-97.740094034,137.5812,1,0.797172,-0.023303,-0.030770,0.602517
66730.109,30.271407118,-97.740137324,137.4024,5,0.796208,-0.037692,-0.042423,0.602356
66730.509,30.271418904,-97.740180106,137.1715,1,0.796363,-0.032767,-0.034594,0.602940
66730.909,30.271430630,-97.740223096,136.9416,1,0.796266,-0.033435,-0.037347,0.602866
66731.309,30.271442128,-97.740265710,136.6817,5,0.796464,-0.033625,-0.035197,0.602724
66731.709,30.271453837,-97.740308149,136.4605,1,0.796898,-0.036634,-0.035753,0.601941
66732.109,30.271465589,-97.740350580,136.1330,5,0.796212,-0.048456,-0.042551,0.601571
66732.509,30.271477201,-97.740392662,135.8003,1,0.796336,-0.047385,-0.044516,0.601351
66732.909,30.271488791,-97.740434206,135.4638,1,0.796964,-0.046311,-0.042900,0.600719
66733.309,30.271500017,-97.740474935,135.1373,5,0.797266,-0.045838,-0.041898,0.600426
66733.709,30.271511161,-97.740514824,134.8217,1,0.796720,-0.047257,-0.042886,0.600970
66734.108,30.271521852,-97.740553565,134.5052,5,0.796231,-0.047977,-0.045147,0.601395
66734.508,30.271532203,-97.740590829,134.1906,1,0.795871,-0.049721,-0.046315,0.601641
66734.908,30.271542026,-97.740626246,133.8969,1,0.795816,-0.046926,-0.045716,0.601983
66735.308,30.271550560,-97.740659844,133.6101,5,0.796263,-0.045291,-0.045099,0.601565
66735.708,30.271559360,-97.740691375,133.3664,1,0.797877,-0.042158,-0.046181,0.599568
66736.108,30.271567922,-97.740721453,133.1399,5,0.799165,-0.038994,-0.048139,0.597911
66736.508,30.271576409,-97.740750639,132.9347,1,0.799876,-0.036340,-0.044791,0.597387
66736.908,30.271584737,-97.740778981,132.7521,1,0.800712,-0.036023,-0.042830,0.596429
66737.308,30.271593281,-97.740807144,132.5678,5,0.803601,-0.038478,-0.042784,0.592380
66737.708,30.271602120,-97.740835151,132.3866,1,0.807358,-0.036529,-0.039858,0.587580
66738.108,30.271611200,-97.740863140,132.2187,5,0.812605,-0.033289,-0.039502,0.580521
66738.508,30.271620926,-97.740890892,132.0672,1,0.821165,-0.027992,-0.038967,0.568671
66738.908,30.271631715,-97.740918164,131.9559,1,0.831216,-0.024483,-0.035452,0.554278
66739.309,30.271643285,-97.740945322,131.8730,5,0.837921,-0.022031,-0.030737,0.544479
66739.709,30.271655209,-97.740972695,131.8006,1,0.838519,-0.023914,-0.026361,0.543709
66740.109,30.271666774,-97.741001026,131.7497,5,0.835578,-0.022390,-0.024302,0.548377
66740.509,30.271678105,-97.741029921,131.6935,1,0.831108,-0.018974,-0.022107,0.555347
66740.909,30.271689840,-97.741060204,131.6453,1,0.827039,-0.020336,-0.020546,0.561400
66741.309,30.271701249,-97.741092349,131.5901,5,0.822948,-0.022869,-0.015684,0.567440
66741.709,30.271713111,-97.741126685,131.5156,1,0.815771,-0.025479,-0.012544,0.577677
66742.109,30.271724810,-97.741163382,131.4399,5,0.806136,-0.028076,-0.013912,0.590900
66742.509,30.271735590,-97.741202373,131.3217,1,0.796125,-0.026514,-0.017845,0.604288
66742.909,30.271746092,-97.741243509,131.2055,1,0.790781,-0.021866,-0.020789,0.611355
66743.309,30.271756564,-97.741286330,131.1461,5,0.788994,-0.009998,-0.018266,0.614048
66743.709,30.271766944,-97.741330079,131.1566,1,0.790985,0.001465,-0.015943,0.611626
66744.109,30.271778233,-97.741374037,131.2592,5,0.791054,-0.001589,-0.012524,0.611615
66744.509,30.271789739,-97.741418427,131.3181,1,0.790366,-0.008770,-0.018100,0.612304
66744.909,30.271801060,-97.741463194,131.3330,1,0.787288,-0.008323,-0.017975,0.616268
66745.309,30.271811868,-97.741509070,131.3276,5,0.782835,-0.018345,-0.024629,0.621471
66745.709,30.271822009,-97.741555287,131.3358,1,0.780163,0.005720,-0.019773,0.625238
66746.109,30.271832225,-97.741602440,131.4766,5,0.779076,0.015496,-0.017503,0.626494
66746.509,30.271842810,-97.741649464,131.7973,1,0.781705,0.033631,0.001646,0.622739
66746.909,30.271854538,-97.741696097,132.3169,1,0.793133,0.043367,0.013825,0.607346
66747.309,30.271867636,-97.741741776,132.8598,5,0.805099,0.040436,0.008965,0.591692
66747.709,30.271881199,-97.741785858,133.4070,1,0.806018,0.041658,0.014430,0.590247
66748.109,30.271894118,-97.741829315,133.9368,5,0.801718,0.036434,0.013283,0.596443
66748.509,30.271906058,-97.741872549,134.4331,1,0.795358,0.036176,0.015016,0.604872
66748.909,30.271917478,-97.741916059,134.9178,1,0.793260,0.036311,0.011724,0.607686
66749.309,30.271929000,-97.741959831,135.3957,5,0.793484,0.034751,0.012309,0.607473
66749.709,30.271940663,-97.742003993,135.8577,1,0.795330,0.033397,0.012091,0.605135
66750.109,30.271952781,-97.742048608,136.3047,5,0.796538,0.029144,0.011421,0.603777
66750.509,30.271965115,-97.742093972,136.7177,1,0.796028,0.022345,0.010815,0.604751
66750.909,30.271977467,-97.742140354,137.0792,1,0.796075,0.018900,0.004966,0.604883
66751.309,30.271990181,-97.742187717,137.4126,5,0.797129,0.019182,0.001245,0.603503
66751.709,30.272003194,-97.742236128,137.7399,1,0.798132,0.019001,-0.000762,0.602182
66752.109,30.272016597,-97.742285555,138.0571,5,0.796635,0.015335,-0.000582,0.604265
66752.509,30.272029906,-97.742335928,138.3545,1,0.794929,0.011929,-0.003192,0.606577
66752.909,30.272043099,-97.742387259,138.6266,1,0.794550,0.014295,-0.005289,0.607007
66753.309,30.272056840,-97.742439168,138.9030,5,0.796250,0.012705,-0.007423,0.604789
66753.709,30.272070318,-97.742491050,139.1548,1,0.797650,0.014959,-0.015471,0.602737
66754.109,30.272083983,-97.742542937,139.3781,5,0.797388,0.018739,-0.021623,0.602789
66754.509,30.272097764,-97.742595111,139.5828,1,0.796737,0.017497,-0.026447,0.603493
66754.909,30.272111737,-97.742647662,139.8033,1,0.799278,0.013108,-0.031946,0.599969
66755.308,30.272126637,-97.742700092,139.9231,5,0.802844,0.012292,-0.027341,0.595435
66755.708,30.272142010,-97.742752598,140.1117,1,0.805119,0.005690,-0.017202,0.592836
66756.108,30.272157629,-97.742805425,140.2173,5,0.806174,-0.007387,-0.022572,0.591202
66756.508,30.272172569,-97.742857879,140.2535,1,0.804172,0.000970,-0.032507,0.593506
66756.908,30.272187040,-97.742909904,140.3220,1,0.802290,0.004937,-0.033989,0.595946
66757.308,30.272201756,-97.742961006,140.4044,5,0.801991,-0.006831,-0.024340,0.596801
66757.708,30.272215756,-97.743011110,140.5257,1,0.803386,0.006043,-0.016993,0.595186
66758.108,30.272229784,-97.743060578,140.6389,5,0.804401,0.000761,-0.022432,0.593663
66758.508,30.272243525,-97.743108975,140.7488,1,0.804443,0.006942,-0.021480,0.593600
66758.908,30.272256982,-97.743156591,140.9151,1,0.803187,0.003922,-0.017330,0.595463
66759.308,30.272270043,-97.743203257,141.0787,5,0.802747,0.006452,-0.023206,0.595833
66759.708,30.272282461,-97.743248346,141.2247,1,0.801548,0.005095,-0.021105,0.597537
66760.108,30.272294220,-97.743292035,141.3683,5,0.800596,0.005631,-0.022148,0.598768
66760.508,30.272305580,-97.743333808,141.5226,1,0.799741,0.002663,-0.017924,0.600072
66760.908,30.272316007,-97.743373532,141.6789,1,0.799411,0.003669,-0.013496,0.600622
66761.308,30.272325869,-97.743411319,141.8200,5,0.799542,0.004367,-0.019342,0.600282
66761.708,30.272334943,-97.743446839,141.9261,1,0.799482,0.005080,-0.019605,0.600349
66762.108,30.272343579,-97.743480213,142.0504,5,0.799297,0.003170,-0.016633,0.600697
66762.508,30.272351585,-97.743511065,142.1849,1,0.799138,0.004309,-0.015048,0.600944
66762.908,30.272358725,-97.743539746,142.3060,1,0.799486,0.002651,-0.019770,0.600353
66763.308,30.272365507,-97.743566435,142.4019,5,0.799990,0.005286,-0.021884,0.599590
66763.708,30.272371535,-97.743590766,142.4911,1,0.801288,0.004460,-0.021203,0.597887
66764.108,30.272377009,-97.743612419,142.5782,5,0.801875,0.004933,-0.020687,0.597113
66764.508,30.272381757,-97.743631162,142.6562,1,0.802634,0.005140,-0.020466,0.596099
66764.908,30.272385360,-97.743646787,142.7099,1,0.803446,0.005189,-0.021881,0.594953
66765.308,30.272389102,-97.743659210,142.7573,5,0.803896,0.002757,-0.022478,0.594339
66765.708,30.272391524,-97.743669670,142.8043,5,0.804467,0.003559,-0.026035,0.593415
66766.109,30.272393185,-97.743677054,142.8398,5,0.804922,0.003938,-0.024065,0.592880
66766.509,30.272394194,-97.743682378,142.8727,5,0.805215,0.003669,-0.022274,0.592554
66766.909,30.272394666,-97.743685750,142.9058,5,0.805340,0.004657,-0.021328,0.592411
66767.309,30.272394643,-97.743686433,142.9170,5,0.805389,0.004632,-0.020002,0.592391
66767.709,30.272394154,-97.743686600,142.9453,5,0.805350,0.006827,-0.018832,0.592460
66768.109,30.272396791,-97.743685304,142.9279,5,0.804910,0.006739,-0.018263,0.593078
66768.509,30.272396666,-97.743685276,142.9440,5,0.804901,0.006615,-0.018344,0.593089
66768.909,30.272396572,-97.743685219,142.9640,5,0.804901,0.006594,-0.018359,0.593088
66769.309,30.272397644,-97.743685077,142.9121,5,0.804789,0.006495,-0.018249,0.593245
66769.709,30.272397659,-97.743684967,142.9171,5,0.804794,0.006567,-0.018185,0.593240
66770.109,30.272397870,-97.743685066,142.8592,5,0.804752,0.006575,-0.018104,0.593298
66770.509,30.272397918,-97.743684851,142.8292,5,0.804758,0.006534,-0.018123,0.593290
66770.909,30.272397965,-97.743684726,142.8283,5,0.804753,0.006501,-0.018093,0.593298
66771.309,30.272397930,-97.743684882,142.7892,5,0.804717,0.006523,-0.018164,0.593345
66771.709,30.272397987,-97.743684759,142.7872,5,0.804737,0.006561,-0.018158,0.593318
66772.109,30.272397943,-97.743684923,142.7831,5,0.804628,0.006537,-0.018253,0.593463
66772.509,30.272397998,-97.743684825,142.7831,5,0.804628,0.006507,-0.018242,0.593463
66772.909,30.272398049,-97.743684711,142.7792,5,0.804608,0.006505,-0.018222,0.593491
66773.309,30.272397952,-97.743684883,142.7711,5,0.804468,0.006468,-0.018327,0.593678
66773.709,30.272398009,-97.743684776,142.7671,5,0.804462,0.006523,-0.018298,0.593686
66774.109,30.272397933,-97.743684890,142.7610,5,0.804254,0.006512,-0.018405,0.593964
66774.509,30.272397971,-97.743684812,142.7550,5,0.804260,0.006500,-0.018403,0.593957
66774.909,30.272398018,-97.743684721,142.7490,5,0.804276,0.006482,-0.018395,0.593936
66775.309,30.272398021,-97.743684685,142.7511,5,0.804245,0.006438,-0.018363,0.593979
66775.709,30.272398068,-97.743684588,142.7451,5,0.804220,0.006430,-0.018336,0.594015
66776.109,30.272398059,-97.743684533,142.7421,5,0.804126,0.006459,-0.018370,0.594140
66776.509,30.272398099,-97.743684434,142.7360,5,0.804099,0.006474,-0.018403,0.594175
66776.909,30.272398144,-97.743684307,142.7290,5,0.804084,0.006490,-0.018424,0.594195
66777.309,30.272398077,-97.743684480,142.7269,5,0.804011,0.006444,-0.018535,0.594291
66777.709,30.272398131,-97.743684396,142.7189,5,0.804063,0.006465,-0.018507,0.594221
66778.109,30.272397954,-97.743684631,142.7288,5,0.803958,0.006515,-0.018613,0.594359
66778.509,30.272397964,-97.743684644,142.7348,5,0.803968,0.006509,-0.018650,0.594344
66778.909,30.272397984,-97.743684618,142.7298,5,0.803968,0.006480,-0.018639,0.594344
66779.309,30.272397942,-97.743684714,142.7378,5,0.803963,0.006497,-0.018648,0.594351
66779.709,30.272397962,-97.743684703,142.7328,5,0.803968,0.006507,-0.018662,0.594344
66780.109,30.272397892,-97.743684752,142.7387,5,0.803952,0.006523,-0.018727,0.594364
66780.509,30.272397904,-97.743684767,142.7397,5,0.803952,0.006528,-0.018734,0.594363
66780.909,30.272397877,-97.743684799,142.7387,5,0.803968,0.006507,-0.018749,0.594342
66781.309,30.272397877,-97.743684836,142.7407,5,0.803962,0.006493,-0.018760,0.594349
66781.709,30.272397892,-97.743684853,142.7377,5,0.803978,0.006527,-0.018734,0.594328
66782.109,30.272397884,-97.743684817,142.7437,5,0.803988,0.006531,-0.018710,0.594315
66782.509,30.272397899,-97.743684844,142.7417,5,0.804018,0.006668,-0.018618,0.594276
66782.909,30.272397957,-97.743685023,142.7397,5,0.804069,0.006843,-0.018402,0.594212
66783.309,30.272398193,-97.743685937,142.7512,5,0.804190,0.010495,-0.015778,0.594070
66783.709,30.272399353,-97.743689840,142.7619,5,0.804547,0.012691,-0.014146,0.593585
66784.109,30.272401735,-97.743697714,142.7818,5,0.805210,0.012663,-0.013216,0.592708
66784.509,30.272405285,-97.743709619,142.8143,5,0.805474,0.011268,-0.014969,0.592334
66784.909,30.272409777,-97.743724908,142.8590,5,0.802095,0.006371,-0.014229,0.596993
66785.309,30.272414865,-97.743743693,142.8810,5,0.799794,0.006714,-0.019431,0.599923
66785.709,30.272420831,-97.743765151,142.9411,5,0.798873,0.011937,-0.014585,0.601204
66786.109,30.272427680,-97.743789523,143.0205,5,0.799477,0.009142,-0.013378,0.600479
66786.509,30.272435345,-97.743816397,143.0943,5,0.800736,0.008537,-0.010876,0.598858
66786.909,30.272443824,-97.743846001,143.1429,1,0.802016,-0.000269,-0.019054,0.596998
66787.309,30.272453174,-97.743878391,143.1075,5,0.802259,-0.013942,-0.029425,0.596088
66787.709,30.272463281,-97.743913549,142.9788,1,0.801720,-0.019044,-0.035767,0.596324
66788.109,30.272474045,-97.743951274,142.8332,5,0.802033,-0.010192,-0.036257,0.596091
66788.509,30.272485320,-97.743990771,142.7507,1,0.803518,-0.004412,-0.041412,0.593822
66788.909,30.272497228,-97.744030806,142.6817,1,0.804887,-0.004636,-0.039332,0.592105
66789.309,30.272509400,-97.744070953,142.6021,5,0.805587,-0.012764,-0.040472,0.590956
66789.709,30.272521401,-97.744111005,142.4874,1,0.804766,-0.013012,-0.039329,0.592145
66790.109,30.272533351,-97.744151516,142.3809,5,0.803866,-0.012517,-0.038486,0.593432
66790.509,30.272545408,-97.744192850,142.2626,1,0.803218,-0.013103,-0.040492,0.594162
66790.909,30.272557545,-97.744234556,142.1521,1,0.802458,-0.013961,-0.038600,0.595295
66791.309,30.272569465,-97.744275998,142.0409,5,0.801342,-0.015515,-0.038053,0.596794
66791.709,30.272581116,-97.744317138,141.9328,1,0.799739,-0.017991,-0.037234,0.598922
66792.109,30.272592307,-97.744357757,141.8263,5,0.798136,-0.017612,-0.036406,0.601119
66792.509,30.272603163,-97.744397670,141.7428,1,0.797164,-0.018110,-0.034199,0.602521
66792.909,30.272613712,-97.744437034,141.6481,1,0.796328,-0.017870,-0.033728,0.603659
66793.309,30.272623808,-97.744475436,141.5382,5,0.794283,-0.020231,-0.035937,0.606147
66793.709,30.272633224,-97.744512646,141.4372,1,0.790887,-0.019956,-0.036003,0.610576
66794.109,30.272641962,-97.744548702,141.3345,5,0.787759,-0.021782,-0.036508,0.614514
66794.509,30.272649900,-97.744582775,141.2328,1,0.785890,-0.021173,-0.036882,0.616903
66794.909,30.272657176,-97.744614804,141.1345,1,0.785323,-0.020260,-0.041944,0.617332
66795.309,30.272663761,-97.744644166,141.0345,5,0.785417,-0.016580,-0.046386,0.617003
66795.709,30.272669730,-97.744670721,140.9428,1,0.784426,-0.014710,-0.051123,0.617937
66796.108,30.272674785,-97.744694676,140.8624,5,0.781759,-0.010874,-0.054913,0.621064
66796.508,30.272679285,-97.744716314,140.7867,1,0.778913,-0.012986,-0.056865,0.624414
66796.908,30.272683325,-97.744736774,140.7183,1,0.776185,-0.010734,-0.054384,0.628064
66797.308,30.272687149,-97.744757466,140.6375,5,0.771866,-0.008130,-0.055365,0.633318
66797.708,30.272690376,-97.744778498,140.5626,1,0.759348,-0.007910,-0.056328,0.648194
66798.109,30.272692129,-97.744800028,140.4934,5,0.730928,-0.008535,-0.051696,0.680440
66798.509,30.272691690,-97.744821406,140.5041,1,0.687802,-0.008073,-0.041534,0.724664
66798.909,30.272688218,-97.744842339,140.5200,1,0.626946,-0.006040,-0.023744,0.778677
66799.309,30.272681137,-97.744862577,140.5145,5,0.555358,-0.002353,-0.028926,0.831105
66799.709,30.272670686,-97.744881560,140.5982,1,0.471327,0.002624,-0.020436,0.881718
66800.109,30.272655765,-97.744900112,140.6091,5,0.380387,-0.009593,-0.027396,0.924372
66800.509,30.272636780,-97.744915785,140.6307,1,0.294570,-0.011418,-0.022484,0.955297
66800.909,30.272614334,-97.744930059,140.6390,1,0.224391,-0.014471,-0.019775,0.974191
66801.309,30.272589220,-97.744942146,140.6308,5,0.176531,-0.011688,-0.020117,0.984020
66801.709,30.272561835,-97.744952861,140.6209,1,0.146332,-0.006171,-0.019640,0.989021
66802.109,30.272532039,-97.744963003,140.6063,5,0.127482,-0.002101,-0.022094,0.991593
66802.509,30.272500845,-97.744972158,140.6056,1,0.117603,0.001143,-0.021074,0.992836
66802.909,30.272467220,-97.744982126,140.6217,1,0.110305,0.002039,-0.021665,0.993660
66803.309,30.272432055,-97.744992100,140.6118,5,0.109700,0.005138,-0.024180,0.993657
66803.709,30.272397132,-97.745001768,140.6494,1,0.112464,0.007088,-0.024062,0.993339
66804.109,30.272361270,-97.745012504,140.6515,5,0.115886,0.009364,-0.024280,0.992922
66804.509,30.272326392,-97.745022806,140.6555,1,0.117641,0.010065,-0.026255,0.992658
66804.909,30.272290848,-97.745033880,140.6588,1,0.119086,0.009684,-0.029496,0.992398
66805.309,30.272256255,-97.745044577,140.6390,5,0.121140,0.013505,-0.030714,0.992068
66805.709,30.272223545,-97.745054955,140.6701,1,0.124977,0.015043,-0.026746,0.991685
66806.109,30.272191656,-97.745065502,140.6960,5,0.129286,0.014910,-0.029306,0.991062
66806.509,30.272162201,-97.745075490,140.6721,1,0.133061,0.018060,-0.027887,0.990551
66806.909,30.272133465,-97.745085493,140.7086,1,0.134885,0.020021,-0.029255,0.990227
66807.309,30.272106050,-97.745094909,140.7074,5,0.133691,0.021676,-0.031724,0.990278
66807.709,30.272080358,-97.745103745,140.6481,1,0.135655,0.024304,-0.031989,0.989941
66808.109,30.272056789,-97.745112044,140.6648,5,0.137946,0.024423,-0.032934,0.989591
66808.509,30.272035712,-97.745119226,140.6747,1,0.140037,0.026095,-0.032946,0.989254
66808.909,30.272017278,-97.745125704,140.7004,1,0.142394,0.026364,-0.031324,0.988963
66809.309,30.272001678,-97.745131365,140.7306,5,0.145157,0.027799,-0.030270,0.988555
66809.709,30.271989254,-97.745135707,140.7411,1,0.147740,0.029014,-0.029820,0.988151
66810.109,30.271979993,-97.745138908,140.7449,5,0.149665,0.029876,-0.030560,0.987813
66810.509,30.271973552,-97.745140909,140.7481,5,0.151283,0.029709,-0.030336,0.987578
66810.909,30.271969844,-97.745142278,140.7768,1,0.152517,0.030014,-0.029464,0.987406
66811.309,30.271968075,-97.745142791,140.7638,5,0.153098,0.029969,-0.029090,0.987328
66811.709,30.271968068,-97.745142716,140.7404,5,0.153012,0.030481,-0.027042,0.987384
66812.109,30.271968358,-97.745142988,140.7573,5,0.151962,0.030621,-0.026225,0.987564
66812.509,30.271969274,-97.745145277,140.6233,5,0.152560,0.030581,-0.026345,0.987470
66812.909,30.271969416,-97.745145166,140.6523,5,0.152460,0.030622,-0.026436,0.987481
66813.309,30.271968761,-97.745146099,140.4892,5,0.152153,0.030687,-0.026515,0.987525
66813.709,30.271968779,-97.745146020,140.4941,5,0.152112,0.030719,-0.026544,0.987529
66814.109,30.271968563,-97.745146238,140.3222,5,0.151949,0.030708,-0.026581,0.987554
66814.509,30.271968533,-97.745146160,140.3071,5,0.151958,0.030732,-0.026594,0.987551
66814.909,30.271968516,-97.745146100,140.2991,5,0.151925,0.030728,-0.026627,0.987555
66815.309,30.271968554,-97.745146150,140.2862,5,0.151976,0.030682,-0.026631,0.987549
66815.709,30.271968531,-97.745146098,140.2862,5,0.151995,0.030703,-0.026661,0.987544
66816.109,30.271968509,-97.745146097,140.2832,5,0.152037,0.030642,-0.026653,0.987540
66816.509,30.271968482,-97.745145995,140.2632,5,0.152063,0.030648,-0.026664,0.987536
66816.909,30.271968443,-97.745145930,140.2502,5,0.152088,0.030636,-0.026628,0.987533
66817.309,30.271968398,-97.745145995,140.2542,5,0.152122,0.030692,-0.026602,0.987527
66817.709,30.271968343,-97.745145969,140.2512,5,0.152113,0.030646,-0.026613,0.987529
66818.109,30.271968298,-97.745145934,140.2393,5,0.152215,0.030606,-0.026575,0.987516
66818.509,30.271968250,-97.745145911,140.2352,5,0.152207,0.030629,-0.026596,0.987516
66818.909,30.271968195,-97.745145887,140.2313,5,0.152181,0.030611,-0.026601,0.987520
66819.309,30.271968172,-97.745145877,140.2302,5,0.152224,0.030649,-0.026582,0.987513
66819.709,30.271968113,-97.745145857,140.2262,5,0.152199,0.030647,-0.026598,0.987517
66820.109,30.271968075,-97.745145844,140.2232,5,0.152223,0.030698,-0.026545,0.987513
66820.509,30.271968007,-97.745145772,140.2101,5,0.152198,0.030725,-0.026548,0.987516
66820.909,30.271967937,-97.745145741,140.2051,5,0.152156,0.030757,-0.026578,0.987520
66821.309,30.271967953,-97.745145774,140.2060,5,0.152250,0.030804,-0.026545,0.987505
66821.709,30.271967907,-97.745145744,140.2030,5,0.152217,0.030837,-0.026566,0.987509
66822.109,30.271967980,-97.745145709,140.2020,5,0.152224,0.030872,-0.026510,0.987508
66822.509,30.271967948,-97.745145683,140.1989,5,0.152267,0.030927,-0.026485,0.987500
66822.909,30.271967945,-97.745145663,140.1979,5,0.152259,0.030952,-0.026497,0.987500
66823.309,30.271967971,-97.745145661,140.1989,5,0.152294,0.030960,-0.026499,0.987495
66823.709,30.271967957,-97.745145621,140.1978,5,0.152312,0.030984,-0.026512,0.987491
66824.109,30.271967990,-97.745145560,140.1928,5,0.152357,0.031028,-0.026565,0.987481
66824.509,30.271967955,-97.745145500,140.1907,5,0.152374,0.031057,-0.026543,0.987478
66824.909,30.271967999,-97.745145536,140.1917,5,0.152339,0.031050,-0.026541,0.987484
66825.309,30.271967962,-97.745145475,140.1927,5,0.152350,0.031086,-0.026591,0.987480
66825.709,30.271967914,-97.745145393,140.1907,5,0.152334,0.031107,-0.026629,0.987480
66826.109,30.271967975,-97.745145398,140.1887,5,0.152341,0.031103,-0.026593,0.987480
66826.509,30.271967927,-97.745145313,140.1876,5,0.152368,0.031163,-0.026603,0.987474
66826.909,30.271967867,-97.745145215,140.1865,5,0.152378,0.031206,-0.026610,0.987471
66827.309,30.271967951,-97.745145336,140.1916,5,0.152305,0.031161,-0.026513,0.987486
66827.709,30.271967891,-97.745145238,140.1906,5,0.152331,0.031143,-0.026511,0.987483
66828.109,30.271967970,-97.745145269,140.1907,5,0.152235,0.031121,-0.026495,0.987499
66828.509,30.271967920,-97.745145184,140.1906,5,0.152210,0.031156,-0.026500,0.987502
66828.909,30.271967858,-97.745145079,140.1916,5,0.152244,0.031167,-0.026476,0.987497
66829.309,30.271967982,-97.745145207,140.2007,5,0.152162,0.031104,-0.026384,0.987514
66829.709,30.271967930,-97.745145116,140.2017,5,0.152206,0.031126,-0.026407,0.987505
66830.109,30.271967911,-97.745144983,140.1966,5,0.152174,0.031153,-0.026463,0.987508
66830.509,30.271967848,-97.745144871,140.1976,5,0.152219,0.031126,-0.026522,0.987500
66830.909,30.271967792,-97.745144768,140.1976,5,0.152194,0.031151,-0.026534,0.987503
66831.309,30.271967516,-97.745144293,140.1906,5,0.152281,0.031198,-0.026562,0.987488
66831.709,30.271967416,-97.745144115,140.1915,5,0.152282,0.031222,-0.026574,0.987486
66832.109,30.271967414,-97.745144143,140.1917,5,0.151830,0.031133,-0.026474,0.987561
66832.509,30.271967866,-97.745144900,140.1126,5,0.152314,0.031159,-0.026522,0.987485
66832.909,30.271967917,-97.745144851,140.1106,5,0.152373,0.031190,-0.026484,0.987476
66833.309,30.271968039,-97.745145003,140.1066,5,0.152304,0.031139,-0.026483,0.987488
66833.709,30.271967961,-97.745144880,140.1066,5,0.152296,0.031128,-0.026498,0.987489
66834.109,30.271968001,-97.745144903,140.1098,5,0.151929,0.031046,-0.026394,0.987551
66834.509,30.271968458,-97.745145310,140.1028,5,0.152066,0.031013,-0.026358,0.987532
66834.909,30.271968418,-97.745145242,140.1028,5,0.152075,0.031001,-0.026375,0.987531
66835.309,30.271968586,-97.745145464,140.1039,5,0.151996,0.030964,-0.026340,0.987545
66835.709,30.271968554,-97.745145415,140.1049,5,0.152002,0.030946,-0.026284,0.987546
66836.109,30.271968560,-97.745145407,140.1049,5,0.151924,0.030913,-0.026285,0.987559
66836.509,30.271968633,-97.745145458,140.0929,5,0.151900,0.030944,-0.026316,0.987561
66836.909,30.271968607,-97.745145418,140.0929,5,0.151908,0.030926,-0.026313,0.987560
66837.309,30.271968674,-97.745145538,140.0910,5,0.151890,0.030895,-0.026290,0.987565
66837.709,30.271968728,-97.745145555,140.0840,5,0.151829,0.030889,-0.026278,0.987574
66838.109,30.271968712,-97.745145535,140.0829,5,0.151908,0.030902,-0.026301,0.987561
66838.509,30.271968695,-97.745145513,140.0829,5,0.151907,0.030904,-0.026283,0.987562
66838.909,30.271968697,-97.745145507,140.0820,5,0.151873,0.030894,-0.026298,0.987567
66839.309,30.271968731,-97.745145517,140.0799,5,0.151849,0.030924,-0.026337,0.987569
66839.709,30.271968714,-97.745145495,140.0789,5,0.151865,0.030911,-0.026301,0.987568
66840.109,30.271968742,-97.745145508,140.0670,5,0.151855,0.030841,-0.026298,0.987571
66840.509,30.271968727,-97.745145495,140.0670,5,0.151882,0.030845,-0.026326,0.987566
66840.909,30.271968707,-97.745145481,140.0660,5,0.151856,0.030827,-0.026332,0.987571
66841.309,30.271968717,-97.745145468,140.0560,5,0.151866,0.030819,-0.026384,0.987568
66841.709,30.271968649,-97.745145478,140.0721,5,0.151867,0.030788,-0.026414,0.987568
66842.109,30.271968645,-97.745145462,140.0681,5,0.151884,0.030790,-0.026397,0.987566
66842.509,30.271968618,-97.745145457,140.0670,5,0.151901,0.030818,-0.026385,0.987563
66842.909,30.271968657,-97.745145443,140.0620,5,0.151866,0.030821,-0.026375,0.987568
66843.309,30.271968733,-97.745145376,140.0080,5,0.151796,0.030835,-0.026348,0.987579
66843.709,30.271968808,-97.745145346,139.9990,5,0.151763,0.030858,-0.026377,0.987583
66844.109,30.271968790,-97.745145350,139.9979,5,0.151747,0.030909,-0.026393,0.987583
66844.509,30.271968840,-97.745145318,139.9919,5,0.151729,0.030949,-0.026363,0.987586
66844.909,30.271968819,-97.745145320,139.9909,5,0.151737,0.030916,-0.026350,0.987586
66845.309,30.271968698,-97.745145433,140.0609,5,0.151832,0.030952,-0.026332,0.987571
66845.709,30.271968763,-97.745145410,140.0559,5,0.151830,0.030942,-0.026278,0.987573
66846.110,30.271968860,-97.745145313,139.9879,5,0.151778,0.030934,-0.026283,0.987581
66846.510,30.271968875,-97.745145258,139.9799,5,0.151760,0.030958,-0.026242,0.987584
66846.910,30.271968860,-97.745145275,139.9869,5,0.151725,0.030962,-0.026224,0.987590
66847.310,30.271968895,-97.745145250,139.9819,5,0.151740,0.030960,-0.026171,0.987589
66847.710,30.271968629,-97.745145330,139.9798,5,0.151808,0.031118,-0.025308,0.987596
66848.110,30.271967729,-97.745145659,139.9786,5,0.151465,0.031376,-0.023203,0.987692
66848.510,30.271964909,-97.745146675,139.9772,5,0.146279,0.031146,-0.021411,0.988521
66848.910,30.271959349,-97.745148390,139.9848,5,0.130901,0.030193,-0.019702,0.990740
66849.310,30.271950805,-97.745150626,139.9877,5,0.106532,0.025037,-0.019270,0.993807
66849.710,30.271939536,-97.745152912,139.9881,5,0.075259,0.020398,-0.016608,0.996817
66850.110,30.271926307,-97.745154427,140.0103,5,0.030748,0.008242,-0.008800,0.999454
66850.510,30.271911156,-97.745153812,140.0322,5,0.031448,-0.003555,0.011980,-0.999427
66850.910,30.271895147,-97.745150498,140.0523,5,0.105083,0.003726,0.017557,-0.994301
66851.310,30.271878786,-97.745143601,140.0530,5,0.183054,-0.001269,0.020684,-0.982884
66851.710,30.271862966,-97.745133766,140.0941,5,0.259031,0.002365,-0.003359,-0.965860
66852.110,30.271847304,-97.745120115,140.1358,5,0.328486,-0.002150,-0.009201,-0.944461
66852.510,30.271832078,-97.745103222,140.2643,5,0.399859,0.005350,-0.008967,-0.916517
66852.910,30.271818169,-97.745081838,140.3870,1,0.470075,0.003565,-0.005190,-0.882604
66853.310,30.271806018,-97.745056466,140.4943,5,0.528937,0.000594,-0.005573,-0.848643
66853.710,30.271795388,-97.745027588,140.5599,1,0.571640,-0.003602,-0.003211,-0.820490
66854.110,30.271786184,-97.744996155,140.6512,5,0.600453,-0.006492,-0.003315,-0.799627
66854.510,30.271777627,-97.744962911,140.7059,1,0.611458,-0.011697,-0.006427,-0.791164
66854.910,30.271769025,-97.744928396,140.7843,1,0.613552,-0.015802,-0.005122,-0.789479
66855.310,30.271759967,-97.744893317,140.8606,5,0.611557,-0.014500,-0.004957,-0.791052
66855.710,30.271750354,-97.744857526,140.8958,1,0.608947,-0.015369,-0.002595,-0.793058
66856.110,30.271740756,-97.744821560,140.9684,5,0.606369,-0.015390,-0.000601,-0.795034
66856.510,30.271730927,-97.744785836,140.9908,1,0.603562,-0.015891,0.000487,-0.797158
66856.910,30.271720898,-97.744750668,141.0307,1,0.601274,-0.016665,0.005060,-0.798853
66857.310,30.271710999,-97.744716081,141.0628,5,0.599635,-0.016859,0.005454,-0.800077
66857.710,30.271701139,-97.744681870,141.0224,1,0.598383,-0.019561,0.007940,-0.800932
66858.110,30.271691362,-97.744648698,141.0325,5,0.597757,-0.018966,0.007502,-0.801418
66858.510,30.271681692,-97.744616203,140.9920,1,0.597128,-0.019131,0.008315,-0.801875
66858.910,30.271672298,-97.744584837,140.9796,1,0.596889,-0.020396,0.008007,-0.802025
66859.310,30.271663362,-97.744554683,140.9732,5,0.597832,-0.020927,0.008039,-0.801308
66859.710,30.271654851,-97.744525606,140.8811,1,0.599336,-0.021070,0.010543,-0.800151
66860.110,30.271646871,-97.744498464,140.8687,5,0.600663,-0.021515,0.010437,-0.799145
66860.510,30.271639399,-97.744472409,140.7851,1,0.601644,-0.022206,0.010511,-0.798386
66860.910,30.271632382,-97.744448607,140.7518,1,0.602042,-0.022315,0.011449,-0.798071
66861.310,30.271626071,-97.744427049,140.7279,5,0.602359,-0.021723,0.012099,-0.797838
66861.710,30.271620496,-97.744407473,140.6246,1,0.602333,-0.021712,0.014185,-0.797823
66862.110,30.271615635,-97.744391110,140.6091,5,0.601410,-0.021252,0.013114,-0.798550
66862.510,30.271611624,-97.744376399,140.5266,1,0.600412,-0.022489,0.011422,-0.799293
66862.910,30.271607728,-97.744364481,140.4908,1,0.599450,-0.021642,0.013176,-0.800011
66863.310,30.271605121,-97.744355421,140.4703,5,0.598524,-0.023581,0.013568,-0.800643
66863.710,30.271602725,-97.744348132,140.4411,5,0.597848,-0.023252,0.014272,-0.801145
66864.110,30.271602156,-97.744343218,140.2577,5,0.597335,-0.022321,0.013941,-0.801560
66864.510,30.271601101,-97.744340095,140.2196,5,0.596987,-0.021892,0.013341,-0.801841
66864.910,30.271600462,-97.744338707,140.1839,5,0.596807,-0.021620,0.013438,-0.801981
66865.310,30.271601401,-97.744339370,140.1611,4,0.596265,-0.019929,0.010518,-0.802471
66865.710,30.271601177,-97.744338504,140.1208,4,0.596100,-0.019425,0.009657,-0.802617
66866.110,30.271601518,-97.744336337,140.1066,5,0.595309,-0.017088,0.006743,-0.803287
66866.510,30.271600294,-97.744330210,140.0767,5,0.594987,-0.016925,0.005478,-0.803538
66866.910,30.271597952,-97.744320556,140.1047,5,0.594826,-0.014916,0.001964,-0.803714
66867.310,30.271594374,-97.744306694,140.0458,5,0.595095,-0.016067,0.002192,-0.803492
66867.710,30.271589012,-97.744288911,140.0436,5,0.594868,-0.014497,0.002600,-0.803689
66868.110,30.271583367,-97.744267000,140.1269,4,0.593265,-0.015414,0.006599,-0.804833
66868.510,30.271575982,-97.744243144,140.1933,4,0.591298,0.003693,-0.003590,-0.806436
66868.910,30.271567346,-97.744216085,140.2570,1,0.590040,-0.001427,0.014272,-0.807247
66869.310,30.271558363,-97.744187237,140.2650,5,0.589409,0.000387,0.019692,-0.807594
66869.710,30.271548973,-97.744156155,140.2418,1,0.592481,-0.001470,0.021512,-0.805296
66870.110,30.271539230,-97.744122823,140.2278,5,0.594654,-0.004569,0.025000,-0.803580
66870.510,30.271529740,-97.744087762,140.1523,1,0.599424,-0.014868,0.027161,-0.799833
66870.910,30.271520128,-97.744052123,140.0922,1,0.604237,-0.008335,0.007336,-0.796727
66871.310,30.271510658,-97.744014767,140.0594,5,0.606478,-0.022548,0.013401,-0.794667
66871.710,30.271500647,-97.743976390,140.0036,1,0.606770,-0.023886,0.013943,-0.794396
66872.110,30.271490431,-97.743936029,139.9285,5,0.606283,-0.028880,0.018057,-0.794519
66872.510,30.271479443,-97.743893955,139.8005,1,0.604828,-0.029061,0.014746,-0.795689
66872.910,30.271467457,-97.743850209,139.6601,1,0.598970,-0.035675,0.018312,-0.799767
66873.310,30.271454122,-97.743805617,139.4992,5,0.590045,-0.035150,0.018509,-0.806392
66873.710,30.271439648,-97.743760106,139.3276,1,0.582097,-0.032734,0.016660,-0.812289
66874.110,30.271424224,-97.743713458,139.1522,5,0.577248,-0.034398,0.018509,-0.815634
66874.510,30.271407719,-97.743665493,138.9682,1,0.574795,-0.036114,0.033361,-0.816819
66874.910,30.271391100,-97.743617029,138.7523,1,0.574405,-0.028213,0.025426,-0.817689
66875.310,30.271374046,-97.743567993,138.5211,5,0.574917,-0.025628,0.029662,-0.817272
66875.710,30.271357194,-97.743518356,138.3237,1,0.577563,-0.023885,0.034516,-0.815266
66876.110,30.271340679,-97.743468636,138.1302,5,0.581134,-0.018810,0.032679,-0.812934
66876.510,30.271324451,-97.743418601,137.9424,1,0.584560,-0.018940,0.035421,-0.810356
66876.910,30.271308808,-97.743368247,137.7205,1,0.587753,-0.021698,0.033379,-0.808060
66877.310,30.271293263,-97.743317775,137.4950,5,0.590665,-0.021893,0.042723,-0.805487
66877.710,30.271277878,-97.743266901,137.2647,1,0.594126,-0.013878,0.045338,-0.802973
66878.110,30.271262790,-97.743215451,137.0108,5,0.596810,-0.009791,0.043084,-0.801165
66878.510,30.271248013,-97.743163257,136.8415,1,0.598639,-0.020976,0.039205,-0.799784
66878.910,30.271233481,-97.743110865,136.6449,1,0.600648,-0.019927,0.027372,-0.798796
66879.310,30.271218542,-97.743058274,136.3872,5,0.600595,-0.028982,0.042730,-0.797885
66879.710,30.271203572,-97.743006162,136.1119,1,0.600540,-0.020015,0.047010,-0.797960
66880.110,30.271189156,-97.742954205,135.8622,5,0.599558,-0.030418,0.049361,-0.798228
66880.510,30.271175089,-97.742903719,135.5795,1,0.599124,-0.030029,0.037059,-0.799234
66880.910,30.271160959,-97.742854127,135.2704,1,0.598542,-0.028334,0.038700,-0.799654
66881.310,30.271146890,-97.742805181,134.9953,5,0.597770,-0.028621,0.045218,-0.799880
66881.710,30.271133051,-97.742756901,134.6971,1,0.597473,-0.028671,0.044983,-0.800113
66882.110,30.271119398,-97.742709271,134.4110,5,0.596710,-0.030146,0.041685,-0.800806
66882.510,30.271105791,-97.742662368,134.1180,1,0.596140,-0.029657,0.042406,-0.801211
66882.910,30.271092317,-97.742616227,133.8434,1,0.595384,-0.029389,0.045154,-0.801633
66883.310,30.271079194,-97.742571143,133.5601,5,0.595203,-0.030611,0.047383,-0.801593
66883.710,30.271066606,-97.742527460,133.2841,1,0.595453,-0.033845,0.043636,-0.801490
66884.110,30.271054277,-97.742485161,133.0370,5,0.595807,-0.029304,0.042115,-0.801488
66884.510,30.271042026,-97.742443800,132.7882,1,0.595978,-0.023431,0.050469,-0.801071
66884.910,30.271030499,-97.742403757,132.5399,1,0.595148,-0.025421,0.046216,-0.801883
66885.310,30.271019433,-97.742365552,132.3163,5,0.594965,-0.031633,0.046385,-0.801788
66885.710,30.271008814,-97.742329092,132.0994,1,0.595021,-0.030893,0.048149,-0.801672
66886.110,30.270998924,-97.742294880,131.8902,5,0.595289,-0.032267,0.046903,-0.801492
66886.510,30.270989410,-97.742263292,131.6337,1,0.595568,-0.032914,0.044611,-0.801389
66886.910,30.270980285,-97.742232523,131.4403,1,0.594222,-0.031722,0.044072,-0.802466
66887.310,30.270971693,-97.742203737,131.2852,5,0.592634,-0.029840,0.043239,-0.803757
66887.710,30.270963679,-97.742176859,131.1573,1,0.591394,-0.029292,0.042794,-0.804713
66888.110,30.270956243,-97.742152112,131.0376,5,0.590663,-0.028465,0.044890,-0.805166
66888.510,30.270949244,-97.742129779,130.8676,1,0.589881,-0.024757,0.045685,-0.805817
66888.910,30.270942565,-97.742108534,130.7455,1,0.589923,-0.020871,0.047249,-0.805806
66889.310,30.270936534,-97.742088830,130.6504,5,0.591227,-0.018033,0.048722,-0.804830
66889.710,30.270931381,-97.742070959,130.5764,1,0.594625,-0.017392,0.048912,-0.802326
66890.110,30.270927189,-97.742055669,130.4866,5,0.597970,-0.017057,0.048512,-0.799867
66890.510,30.270923782,-97.742043443,130.3962,5,0.600441,-0.017564,0.047091,-0.798088
66890.910,30.270921260,-97.742034089,130.3551,1,0.602215,-0.017204,0.046409,-0.796798
66891.310,30.270919646,-97.742027649,130.3384,5,0.603201,-0.016601,0.046023,-0.796087
66891.710,30.270918753,-97.742023726,130.3310,5,0.603451,-0.015731,0.045878,-0.795924
66892.110,30.270918463,-97.742021947,130.3367,5,0.603557,-0.015619,0.045374,-0.795874
66892.510,30.270918585,-97.742021821,130.3453,5,0.603643,-0.014063,0.043131,-0.795963
66892.910,30.270918697,-97.742021734,130.3533,5,0.603590,-0.014252,0.043326,-0.795989
66893.310,30.270918510,-97.742022355,130.3424,5,0.603655,-0.014163,0.043275,-0.795944
66893.710,30.270918470,-97.742022435,130.3423,5,0.603668,-0.014174,0.043245,-0.795936
66894.110,30.270918375,-97.742022482,130.3444,5,0.603691,-0.014129,0.043257,-0.795919
66894.510,30.270918372,-97.742022497,130.3374,5,0.603692,-0.014096,0.043271,-0.795918
66894.910,30.270918514,-97.742022422,130.3514,5,0.603677,-0.014134,0.043308,-0.795926
66895.310,30.270918100,-97.742022584,130.3245,5,0.603693,-0.014055,0.043346,-0.795913
66895.710,30.270918070,-97.742022594,130.3205,5,0.603714,-0.014063,0.043384,-0.795895
66896.110,30.270917877,-97.742022713,130.2986,5,0.603765,-0.013994,0.043405,-0.795857
66896.510,30.270917899,-97.742022674,130.2966,5,0.603792,-0.013998,0.043392,-0.795837
66896.910,30.270917909,-97.742022640,130.2976,5,0.603786,-0.013983,0.043403,-0.795841
66897.310,30.270917860,-97.742022860,130.2687,5,0.603746,-0.013917,0.043463,-0.795869
66897.710,30.270917990,-97.742022824,130.2828,5,0.603719,-0.013884,0.043465,-0.795890
66898.110,30.270917907,-97.742022844,130.2728,4,0.603720,-0.013867,0.043500,-0.795888
66898.510,30.270917880,-97.742022805,130.2738,4,0.603755,-0.013879,0.043513,-0.795861
66898.910,30.270917850,-97.742022755,130.2748,4,0.603763,-0.013834,0.043482,-0.795857
66899.310,30.270917847,-97.742022807,130.2648,4,0.603805,-0.013805,0.043440,-0.795828
66899.710,30.270917806,-97.742022769,130.2638,4,0.603818,-0.013825,0.043436,-0.795818
66900.110,30.270917836,-97.742022850,130.2628,4,0.603861,-0.013790,0.043430,-0.795786
66900.510,30.270917794,-97.742022824,130.2638,4,0.603896,-0.013775,0.043421,-0.795760
66900.910,30.270917761,-97.742022790,130.2628,4,0.603979,-0.013781,0.043407,-0.795698
66901.310,30.270917751,-97.742022886,130.2558,5,0.604042,-0.013795,0.043420,-0.795649
66901.710,30.270917688,-97.742022879,130.2549,5,0.604055,-0.013812,0.043484,-0.795635
66902.110,30.270917720,-97.742022948,130.2499,4,0.604147,-0.013778,0.043446,-0.795569
66902.510,30.270917670,-97.742022941,130.2488,4,0.604159,-0.013815,0.043451,-0.795558
66902.910,30.270917610,-97.742022940,130.2498,4,0.604173,-0.013814,0.043420,-0.795549
66903.310,30.270917657,-97.742022912,130.2466,4,0.604345,-0.012941,0.042170,-0.795501
66903.710,30.270917317,-97.742021829,130.2427,4,0.604461,-0.012403,0.041640,-0.795449
66904.110,30.270916610,-97.742018920,130.2268,4,0.604819,-0.010635,0.038655,-0.795353
66904.510,30.270914868,-97.742012524,130.2007,4,0.605816,-0.009605,0.037314,-0.794671
66904.910,30.270912104,-97.742002299,130.1620,4,0.607252,-0.007106,0.035997,-0.793661
66905.310,30.270908490,-97.741988372,130.1094,4,0.609312,-0.006557,0.034515,-0.792152
66905.710,30.270903861,-97.741970921,130.0570,4,0.608403,-0.005981,0.033494,-0.792898
66906.110,30.270898297,-97.741950020,129.9895,4,0.604597,-0.007346,0.028491,-0.795988
66906.510,30.270891674,-97.741926324,129.9534,4,0.603422,-0.002074,0.023750,-0.797066
66906.910,30.270884343,-97.741899622,129.9136,1,0.603290,-0.006207,0.024965,-0.797107
66907.310,30.270876146,-97.741870262,129.8431,5,0.601305,-0.010744,0.025877,-0.798528
66907.710,30.270867180,-97.741838853,129.8429,1,0.600011,-0.000901,0.012152,-0.799899
66908.110,30.270857518,-97.741804733,129.8410,5,0.600194,-0.007038,0.015513,-0.799673
66908.510,30.270847121,-97.741768305,129.8251,1,0.599636,-0.011878,0.022262,-0.799875
66908.910,30.270836017,-97.741729999,129.7581,1,0.599379,-0.010890,0.027360,-0.799924
66909.310,30.270824636,-97.741690188,129.6458,5,0.600093,-0.005327,0.018180,-0.799706
66909.710,30.270812815,-97.741648433,129.4973,1,0.601149,-0.011643,0.027153,-0.798591
66910.110,30.270800868,-97.741605808,129.5213,5,0.602902,-0.001334,0.011811,-0.797727
66910.510,30.270788710,-97.741561798,129.6455,1,0.605675,0.003699,0.006522,-0.795677
66910.910,30.270776576,-97.741516579,129.7618,1,0.607295,0.003107,0.007560,-0.794434
66911.310,30.270764178,-97.741471760,129.8755,5,0.604408,0.001838,0.015884,-0.796514
66911.710,30.270752121,-97.741428851,129.9427,1,0.602101,-0.001507,0.021113,-0.798139
66912.110,30.270740694,-97.741388771,129.9874,5,0.599724,-0.001972,0.020134,-0.799951
66912.510,30.270729442,-97.741350516,130.0253,1,0.597621,-0.001091,0.022780,-0.801454
66912.910,30.270718458,-97.741313469,130.0427,1,0.595763,-0.001150,0.022113,-0.802855
66913.310,30.270707710,-97.741277565,130.0734,5,0.595514,-0.000364,0.019715,-0.803103
66913.710,30.270697302,-97.741242278,130.1211,1,0.598093,0.001091,0.018789,-0.801206
66914.110,30.270687200,-97.741207336,130.1664,5,0.600947,0.002433,0.017658,-0.799090
66914.510,30.270677376,-97.741172583,130.2235,1,0.603112,0.001331,0.017699,-0.797459
66914.910,30.270667752,-97.741137933,130.2756,1,0.604622,0.000684,0.015999,-0.796352
66915.310,30.270658097,-97.741103476,130.3538,5,0.603595,0.001948,0.013677,-0.797171
66915.710,30.270648335,-97.741069200,130.4316,1,0.601669,0.003700,0.012739,-0.798635
66916.110,30.270638411,-97.741034567,130.5121,5,0.603127,0.007103,0.012033,-0.797523
66916.510,30.270628380,-97.740999096,130.6106,1,0.604136,0.007287,0.012401,-0.796752
66916.910,30.270618228,-97.740963051,130.7154,1,0.603470,0.006948,0.010095,-0.797292
66917.310,30.270607801,-97.740927146,130.8475,5,0.599199,0.007417,0.009780,-0.800506
66917.710,30.270597063,-97.740892006,130.9844,1,0.590615,0.010636,0.007158,-0.806851
66918.110,30.270585914,-97.740858833,131.1312,5,0.580616,0.012299,0.007508,-0.814050
66918.510,30.270574356,-97.740827008,131.2793,1,0.569456,0.017516,0.007723,-0.821799
66918.910,30.270562456,-97.740796517,131.4539,1,0.558456,0.022570,0.007274,-0.829195
66919.310,30.270549396,-97.740766582,131.5717,5,0.549244,0.024875,0.006642,-0.835266
66919.710,30.270536816,-97.740737757,131.7636,1,0.545264,0.030995,0.002515,-0.837687
66920.110,30.270524824,-97.740710020,131.9817,5,0.549636,0.035150,0.004170,-0.834654
66920.510,30.270513973,-97.740683278,132.1937,1,0.561219,0.040148,0.002325,-0.826690
66920.910,30.270504153,-97.740656213,132.4024,1,0.574141,0.036369,-0.003169,-0.817942
66921.310,30.270494712,-97.740627790,132.5787,5,0.583795,0.022694,0.003540,-0.811576
66921.710,30.270484948,-97.740598877,132.7904,1,0.589149,0.037247,-0.002236,-0.807162
66922.110,30.270474653,-97.740568880,133.0286,5,0.596101,0.049444,0.009307,-0.801331
66922.510,30.270465063,-97.740537367,133.2742,1,0.601790,0.053515,-0.005123,-0.796843
66922.910,30.270456253,-97.740504029,133.5964,1,0.605514,0.030223,-0.022816,-0.794933
66923.310,30.270446592,-97.740469471,133.8694,5,0.606256,0.015172,-0.011102,-0.795047
66923.710,30.270436343,-97.740434192,134.0263,1,0.604471,0.005925,0.007465,-0.796570
66924.110,30.270425920,-97.740398749,134.1195,5,0.605799,0.007183,0.014780,-0.795448
66924.510,30.270415483,-97.740363044,134.1687,1,0.607467,0.011748,0.025874,-0.793837
66924.910,30.270405036,-97.740327365,134.2843,1,0.608405,0.033943,0.010663,-0.792829
66925.310,30.270395151,-97.740290832,134.5203,5,0.607226,0.026489,-0.010325,-0.794020
66925.710,30.270384506,-97.740253715,134.7233,1,0.607476,0.010966,0.011617,-0.794177
66926.110,30.270374087,-97.740217282,134.8310,5,0.605477,0.006612,0.008748,-0.795787
66926.510,30.270363469,-97.740181421,134.9517,1,0.606998,0.012355,0.014214,-0.794480
66926.910,30.270353352,-97.740146438,135.0502,1,0.606986,0.010157,0.014807,-0.794509
66927.310,30.270343413,-97.740112631,135.1370,5,0.605644,0.008207,0.019184,-0.795462
66927.710,30.270333769,-97.740079982,135.1959,1,0.604518,0.007193,0.014036,-0.796435
66928.110,30.270324317,-97.740048489,135.2560,5,0.603743,0.003749,0.020515,-0.796906
66928.510,30.270314973,-97.740018336,135.3089,1,0.604007,0.010851,0.024686,-0.796523
66928.910,30.270306270,-97.739989408,135.3536,1,0.605264,0.010697,0.017100,-0.795769
66929.310,30.270297866,-97.739961616,135.4101,5,0.604205,0.006965,0.017041,-0.796616
66929.710,30.270289447,-97.739934591,135.4556,1,0.603804,0.007246,0.022212,-0.796791
66930.110,30.270281426,-97.739908619,135.4725,5,0.603529,0.004173,0.026726,-0.796882
66930.510,30.270273829,-97.739884559,135.4802,1,0.602507,0.003585,0.028239,-0.797605
66930.910,30.270266754,-97.739862468,135.4921,1,0.601684,0.004023,0.026534,-0.798283
66931.310,30.270260101,-97.739841695,135.4831,5,0.600571,0.003510,0.027043,-0.799106
66931.710,30.270253859,-97.739821644,135.4610,1,0.599714,0.005411,0.026098,-0.799770
66932.110,30.270248394,-97.739803250,135.4414,5,0.598983,0.005617,0.025195,-0.800346
66932.510,30.270242504,-97.739785984,135.4220,5,0.598011,0.005546,0.029757,-0.800916
66932.910,30.270236944,-97.739769652,135.4085,1,0.597709,0.007001,0.029862,-0.801126
66933.310,30.270232463,-97.739755822,135.3983,5,0.599283,0.008522,0.029076,-0.799964
66933.710,30.270228076,-97.739743375,135.4426,5,0.601324,0.009010,0.030163,-0.798385
66934.110,30.270223885,-97.739733920,135.5115,5,0.602658,0.006472,0.031503,-0.797351
66934.510,30.270220618,-97.739726236,135.5289,5,0.603750,0.008404,0.032371,-0.796472
66934.910,30.270218451,-97.739722221,135.5664,1,0.604541,0.009134,0.030813,-0.795926
66935.310,30.270216455,-97.739718939,135.5701,5,0.604855,0.009370,0.030260,-0.795706
66935.710,30.270215288,-97.739718241,135.5565,5,0.604947,0.009930,0.030153,-0.795632
66936.110,30.270217107,-97.739718324,135.5659,5,0.604857,0.011716,0.027345,-0.795779
66936.510,30.270219095,-97.739719243,135.6126,5,0.604774,0.011547,0.027224,-0.795848
66936.910,30.270219128,-97.739718787,135.6515,5,0.604656,0.011474,0.027164,-0.795940
66937.310,30.270219060,-97.739718732,135.7325,5,0.604634,0.011600,0.027072,-0.795959
66937.710,30.270219267,-97.739718698,135.7645,5,0.604593,0.011553,0.027134,-0.795988
66938.110,30.270219896,-97.739717849,135.7963,5,0.604421,0.011319,0.027102,-0.796123
66938.510,30.270222290,-97.739716025,135.9353,5,0.604415,0.011281,0.027095,-0.796129
66938.910,30.270224901,-97.739714018,135.9522,5,0.604360,0.011223,0.027115,-0.796171
66939.310,30.270225156,-97.739713723,135.9540,5,0.604265,0.010987,0.027097,-0.796247
66939.710,30.270224826,-97.739714067,135.9641,5,0.604236,0.011065,0.027111,-0.796267
66940.110,30.270226431,-97.739712276,135.9428,5,0.604155,0.010770,0.027070,-0.796334
66940.510,30.270228447,-97.739710367,135.8968,5,0.604128,0.010772,0.027081,-0.796354
66940.910,30.270229529,-97.739709420,135.8708,5,0.604086,0.010826,0.027099,-0.796385
66941.310,30.270231447,-97.739707633,135.7937,5,0.604073,0.010699,0.027122,-0.796395
66941.710,30.270233271,-97.739705893,135.7329,5,0.604073,0.010763,0.027182,-0.796393
66942.110,30.270234417,-97.739704826,135.7190,5,0.604072,0.010843,0.027221,-0.796391
66942.510,30.270234432,-97.739704857,135.7159,5,0.604121,0.010803,0.027214,-0.796354
66942.910,30.270234402,-97.739704905,135.7150,5,0.604128,0.010838,0.027240,-0.796348
66943.310,30.270234361,-97.739704937,135.7150,5,0.604093,0.010837,0.027228,-0.796375
66943.710,30.270234306,-97.739705048,135.7180,5,0.604170,0.010840,0.027265,-0.796315
66944.110,30.270234247,-97.739705087,135.7180,5,0.604149,0.010875,0.027291,-0.796330
66944.510,30.270234187,-97.739705107,135.7182,5,0.604129,0.010940,0.027438,-0.796339
66944.910,30.270234117,-97.739705137,135.7193,5,0.604136,0.010957,0.027473,-0.796332
66945.310,30.270233995,-97.739705192,135.7203,5,0.604143,0.010921,0.027534,-0.796325
66945.710,30.270233924,-97.739705181,135.7203,5,0.604124,0.011250,0.027246,-0.796345
66946.110,30.270233736,-97.739704754,135.7272,5,0.604231,0.011473,0.026862,-0.796274
66946.510,30.270233243,-97.739703133,135.7199,5,0.604612,0.013458,0.023009,-0.796074
66946.910,30.270231979,-97.739698442,135.7260,5,0.607804,0.013340,0.023197,-0.793636
66947.310,30.270230236,-97.739691933,135.7408,5,0.610597,0.012638,0.026090,-0.791411
66947.710,30.270228535,-97.739685678,135.7482,5,0.611958,0.011518,0.026603,-0.790359
66948.110,30.270227104,-97.739680473,135.7567,5,0.612319,0.010758,0.027959,-0.790043
66948.510,30.270226162,-97.739677349,135.7604,5,0.612397,0.011385,0.028172,-0.789966
66948.910,30.270225702,-97.739676022,135.7616,5,0.612384,0.011453,0.028313,-0.789971
66949.310,30.270225691,-97.739676095,135.7713,5,0.612467,0.012746,0.026528,-0.789948
66949.710,30.270225559,-97.739676025,135.7752,5,0.612500,0.012450,0.026795,-0.789918
66950.110,30.270225516,-97.739676046,135.7822,5,0.612534,0.012487,0.026760,-0.789892
66950.510,30.270225362,-97.739675995,135.7852,5,0.612513,0.012510,0.026689,-0.789911
66950.910,30.270225386,-97.739676073,135.7871,5,0.612601,0.012515,0.026552,-0.789847
66951.310,30.270225244,-97.739676063,135.7850,5,0.612588,0.012471,0.026496,-0.789860
66951.710,30.270225319,-97.739676085,135.7809,5,0.612628,0.012504,0.026380,-0.789832
66952.110,30.270225293,-97.739676090,135.7799,5,0.612607,0.012502,0.026311,-0.789851
66952.510,30.270225288,-97.739676067,135.7749,5,0.612613,0.012517,0.026279,-0.789847
66952.910,30.270225279,-97.739676029,135.7698,5,0.612627,0.012492,0.026282,-0.789836
66953.310,30.270225311,-97.739676020,135.7688,5,0.612620,0.012505,0.026237,-0.789843
66953.710,30.270225308,-97.739676047,135.7679,5,0.612633,0.012555,0.026243,-0.789832
66954.110,30.270225341,-97.739676052,135.7678,5,0.612640,0.012538,0.026208,-0.789828
66954.510,30.270225311,-97.739676106,135.7628,5,0.612660,0.012542,0.026146,-0.789814
66954.910,30.270225298,-97.739676121,135.7627,5,0.612639,0.012547,0.026083,-0.789833
66955.310,30.270225308,-97.739676132,135.7617,5,0.612626,0.012525,0.026054,-0.789844
66955.710,30.270225404,-97.739676065,135.7637,5,0.612584,0.012532,0.026046,-0.789877
66956.110,30.270225384,-97.739676101,135.7627,5,0.612542,0.012563,0.026036,-0.789909
66956.510,30.270225391,-97.739676134,135.7617,5,0.612535,0.012589,0.026045,-0.789914
66956.910,30.270225431,-97.739676109,135.7618,5,0.612507,0.012657,0.026030,-0.789935
66957.311,30.270225454,-97.739676128,135.7598,5,0.612478,0.012714,0.026028,-0.789956
66957.711,30.270225454,-97.739676161,135.7589,5,0.612464,0.012751,0.026024,-0.789967
66958.111,30.270225534,-97.739676068,135.7629,5,0.612484,0.012798,0.026061,-0.789949
66958.511,30.270225481,-97.739676128,135.7619,5,0.612450,0.012806,0.026066,-0.789976
66958.911,30.270225481,-97.739676148,135.7619,5,0.612443,0.012781,0.026057,-0.789982
66959.311,30.270225434,-97.739676058,135.7638,5,0.612429,0.013129,0.025565,-0.790003
66959.711,30.270225368,-97.739675522,135.7648,5,0.612462,0.013180,0.025441,-0.789981
66960.111,30.270225026,-97.739674094,135.7652,5,0.612327,0.014116,0.023723,-0.790122
66960.511,30.270224166,-97.739670600,135.7708,5,0.612331,0.014148,0.024409,-0.790098
66960.911,30.270222955,-97.739666105,135.7788,5,0.612435,0.014515,0.025271,-0.789984
66961.311,30.270221557,-97.739660566,135.7845,5,0.612298,0.016103,0.023110,-0.790125
66961.711,30.270219541,-97.739652481,135.7963,5,0.612113,0.014743,0.021950,-0.790328
66962.111,30.270216939,-97.739641795,135.8110,5,0.611695,0.014238,0.022182,-0.790654
66962.511,30.270213754,-97.739629659,135.8252,5,0.610506,0.015059,0.022724,-0.791542
66962.911,30.270210178,-97.739615782,135.8368,5,0.607494,0.011344,0.025182,-0.793844
66963.311,30.270206103,-97.739601453,135.8404,5,0.601202,0.009239,0.030821,-0.798449
66963.711,30.270201692,-97.739587289,135.8468,5,0.592681,0.014024,0.028696,-0.804804
66964.111,30.270196643,-97.739572009,135.8344,5,0.581011,0.013465,0.026534,-0.813351
66964.512,30.270190205,-97.739555325,135.8450,5,0.567465,0.019658,0.035520,-0.822396
66964.912,30.270183096,-97.739538196,135.8386,5,0.547991,0.021086,0.035201,-0.835477
66965.312,30.270174895,-97.739521637,135.8366,5,0.519131,0.023317,0.035702,-0.853630
66965.712,30.270164794,-97.739505656,135.8168,5,0.471876,0.023308,0.042140,-0.880349
66966.112,30.270152143,-97.739490964,135.7637,5,0.403969,0.026124,0.042369,-0.913417
66966.512,30.270136844,-97.739478385,135.7062,5,0.327839,0.035830,0.035042,-0.943403
66966.912,30.270118832,-97.739467831,135.6379,5,0.244720,0.029489,0.037779,-0.968409
66967.312,30.270098706,-97.739460820,135.5674,5,0.157183,0.025750,0.030493,-0.986763
66967.713,30.270076736,-97.739457652,135.4994,1,0.076892,0.024834,0.033438,-0.996169
66968.113,30.270053454,-97.739457783,135.4064,5,0.010301,0.021703,0.035161,-0.999093
66968.513,30.270028581,-97.739460954,135.2847,1,0.041235,-0.021030,-0.039562,0.998144
66968.913,30.270002409,-97.739466619,135.1280,1,0.077700,-0.021088,-0.041894,0.995873
66969.313,30.269975139,-97.739474158,134.9568,5,0.101967,-0.021109,-0.043548,0.993610
66969.713,30.269947132,-97.739483141,134.7704,1,0.119057,-0.020793,-0.045081,0.991646
66970.113,30.269918414,-97.739493344,134.5710,5,0.133021,-0.020414,-0.046619,0.989806
66970.513,30.269889262,-97.739504636,134.3673,1,0.146288,-0.017880,-0.045369,0.988039
66970.913,30.269859725,-97.739517033,134.1697,1,0.159018,-0.015413,-0.043892,0.986179
66971.313,30.269830090,-97.739530465,133.9844,5,0.170282,-0.014068,-0.044060,0.984309
66971.713,30.269800963,-97.739544422,133.8119,1,0.179478,-0.012429,-0.043647,0.982715
66972.113,30.269772914,-97.739558582,133.6529,5,0.188095,-0.011205,-0.044014,0.981100
66972.513,30.269746544,-97.739572645,133.5203,1,0.196650,-0.010626,-0.040017,0.979599
66972.913,30.269721880,-97.739586503,133.4327,1,0.205382,-0.012112,-0.033330,0.978039
66973.313,30.269698836,-97.739600129,133.3618,5,0.213269,-0.015958,-0.034464,0.976255
66973.713,30.269677684,-97.739613215,133.2997,1,0.217380,-0.019970,-0.033003,0.975325
66974.113,30.269657945,-97.739625220,133.2487,5,0.216380,-0.021163,-0.029891,0.975622
66974.513,30.269639662,-97.739635784,133.2035,1,0.210818,-0.017480,-0.029801,0.976915
66974.913,30.269623150,-97.739645031,133.1730,1,0.205813,-0.014345,-0.029246,0.978049
66975.313,30.269608528,-97.739653012,133.1548,5,0.195436,-0.017917,-0.028823,0.980129
66975.713,30.269595724,-97.739658976,133.1543,1,0.176935,-0.018679,-0.029521,0.983602
66976.113,30.269584856,-97.739663607,133.1413,5,0.162263,-0.019053,-0.029590,0.986120
66976.513,30.269575996,-97.739667297,133.1328,5,0.151197,-0.019106,-0.029213,0.987887
66976.913,30.269569337,-97.739669566,133.1165,1,0.142670,-0.018481,-0.028144,0.989197
66977.313,30.269564262,-97.739671180,133.0940,5,0.135809,-0.018652,-0.027033,0.990191
66977.713,30.269560957,-97.739672273,133.0933,5,0.130793,-0.017919,-0.026212,0.990901
66978.113,30.269559258,-97.739671636,133.1068,5,0.128180,-0.016565,-0.025451,0.991286
66978.513,30.269559147,-97.739671189,133.1095,5,0.127865,-0.016308,-0.024961,0.991343
66978.913,30.269559624,-97.739670541,133.1115,5,0.128017,-0.016256,-0.023374,0.991363
66979.313,30.269558312,-97.739670838,133.1218,5,0.127450,-0.016461,-0.023232,0.991436
66979.713,30.269557850,-97.739670626,133.1268,5,0.127503,-0.016448,-0.023189,0.991431
66980.113,30.269556676,-97.739670887,133.1299,5,0.127239,-0.016534,-0.023295,0.991461
66980.513,30.269555094,-97.739671069,133.1129,5,0.127145,-0.016502,-0.023274,0.991474
66980.913,30.269554058,-97.739671189,133.0759,5,0.127103,-0.016495,-0.023223,0.991480
66981.313,30.269553468,-97.739671387,133.0569,5,0.126946,-0.016551,-0.023209,0.991500
66981.713,30.269552721,-97.739671615,133.0230,5,0.126937,-0.016595,-0.023142,0.991502
66982.113,30.269552679,-97.739671575,133.0010,4,0.126849,-0.016602,-0.023222,0.991511
66982.513,30.269553326,-97.739671054,132.9770,4,0.126624,-0.016594,-0.023199,0.991541
66982.913,30.269554533,-97.739671141,132.9511,4,0.126718,-0.016648,-0.023191,0.991528
66983.313,30.269554753,-97.739671207,132.8991,5,0.126796,-0.016652,-0.023207,0.991518
66983.713,30.269554780,-97.739671217,132.8961,5,0.126838,-0.016664,-0.023223,0.991512
66984.113,30.269554734,-97.739671258,132.8930,4,0.126926,-0.016612,-0.023281,0.991500
66984.513,30.269554775,-97.739671257,132.8901,4,0.127028,-0.016656,-0.023327,0.991485
66984.913,30.269554813,-97.739671247,132.8900,4,0.127054,-0.016645,-0.023310,0.991482
66985.313,30.269554771,-97.739671277,132.8880,4,0.127099,-0.016571,-0.023336,0.991477
66985.713,30.269554805,-97.739671262,132.8879,4,0.127177,-0.016556,-0.023408,0.991466
66986.113,30.269554710,-97.739671293,132.8919,4,0.127289,-0.016520,-0.023516,0.991449
66986.513,30.269554755,-97.739671244,132.8968,4,0.127368,-0.016477,-0.023512,0.991440
66986.913,30.269554753,-97.739671233,132.8988,4,0.127403,-0.016460,-0.023505,0.991436
66987.313,30.269554678,-97.739671250,132.8987,4,0.127465,-0.016414,-0.023545,0.991428
66987.713,30.269554669,-97.739671253,132.8967,4,0.127543,-0.016380,-0.023610,0.991417
66988.113,30.269554662,-97.739671261,132.8966,4,0.127605,-0.016328,-0.023607,0.991410
66988.513,30.269554663,-97.739671258,132.8956,4,0.127649,-0.016276,-0.023605,0.991405
66988.913,30.269554601,-97.739671260,132.8955,4,0.127695,-0.016208,-0.023613,0.991400
66989.313,30.269554641,-97.739671233,132.8964,4,0.127722,-0.016163,-0.023601,0.991397
66989.713,30.269554640,-97.739671238,132.8954,4,0.127801,-0.016119,-0.023649,0.991387
66990.113,30.269554586,-97.739671247,132.8924,4,0.127801,-0.016110,-0.023651,0.991387
66990.513,30.269554625,-97.739671259,132.8924,4,0.127896,-0.016112,-0.023649,0.991375
66990.913,30.269554585,-97.739671279,132.8924,4,0.127955,-0.016143,-0.023671,0.991366
66991.313,30.269554634,-97.739671282,132.8944,4,0.128016,-0.016168,-0.023649,0.991358
66991.713,30.269554651,-97.739671226,132.8933,4,0.128017,-0.016111,-0.023683,0.991358
66992.113,30.269554599,-97.739671234,132.8903,4,0.128060,-0.016106,-0.023701,0.991352
66992.513,30.269554637,-97.739671197,132.8914,4,0.128069,-0.016128,-0.023662,0.991352
66992.913,30.269554587,-97.739671221,132.8884,4,0.128059,-0.016139,-0.023687,0.991352
66993.313,30.269554616,-97.739671231,132.8924,4,0.128033,-0.016132,-0.023706,0.991355
66993.713,30.269554634,-97.739671236,132.8934,4,0.128051,-0.016121,-0.023681,0.991354
66994.113,30.269554597,-97.739671271,132.8914,4,0.128103,-0.016138,-0.023669,0.991347
66994.513,30.269554613,-97.739671241,132.8914,4,0.128102,-0.016157,-0.023676,0.991347
66994.913,30.269554628,-97.739671284,132.8894,4,0.128085,-0.016163,-0.023658,0.991349
66995.313,30.269554612,-97.739671272,132.8875,4,0.128049,-0.016205,-0.023653,0.991353
66995.713,30.269554628,-97.739671317,132.8905,4,0.128005,-0.016255,-0.023638,0.991359
66996.113,30.269554616,-97.739671309,132.8885,4,0.127972,-0.016198,-0.023611,0.991364
66996.513,30.269554635,-97.739671320,132.8885,4,0.127927,-0.016233,-0.023624,0.991369
66996.913,30.269554605,-97.739671324,132.8885,4,0.127935,-0.016259,-0.023621,0.991368
66997.313,30.269554637,-97.739671315,132.8886,4,0.127900,-0.016312,-0.023561,0.991373
66997.713,30.269554658,-97.739671314,132.8906,4,0.127847,-0.016344,-0.023540,0.991380
66998.113,30.269554644,-97.739671279,132.8897,4,0.127854,-0.016400,-0.023568,0.991377
66998.513,30.269554673,-97.739671307,132.8898,4,0.127852,-0.016479,-0.023567,0.991376
66998.913,30.269554696,-97.739671320,132.8899,4,0.127823,-0.016583,-0.023562,0.991378
66999.313,30.269554658,-97.739671327,132.8899,4,0.127814,-0.016594,-0.023579,0.991379
66999.713,30.269554680,-97.739671335,132.8899,4,0.127797,-0.016578,-0.023590,0.991381
67000.113,30.269554640,-97.739671364,132.8879,4,0.127753,-0.016572,-0.023626,0.991386
67000.513,30.269554669,-97.739671340,132.8849,4,0.127728,-0.016564,-0.023566,0.991391
67000.913,30.269554682,-97.739671349,132.8869,4,0.127710,-0.016585,-0.023599,0.991392
67001.313,30.269554667,-97.739671342,132.8900,4,0.127709,-0.016612,-0.023604,0.991392
67001.713,30.269554706,-97.739671344,132.8879,4,0.127710,-0.016574,-0.023583,0.991393
67002.113,30.269554665,-97.739671369,132.8849,4,0.127762,-0.016581,-0.023625,0.991385
67002.513,30.269554702,-97.739671339,132.8819,4,0.127770,-0.016576,-0.023652,0.991383
67002.913,30.269554733,-97.739671340,132.8810,4,0.127778,-0.016624,-0.023611,0.991382
67003.313,30.269554676,-97.739671324,132.8830,4,0.127794,-0.016645,-0.023634,0.991379
67003.713,30.269554705,-97.739671325,132.8860,4,0.127759,-0.016672,-0.023649,0.991383
67004.113,30.269554650,-97.739671349,132.8880,4,0.127759,-0.016657,-0.023668,0.991383
67004.513,30.269554673,-97.739671325,132.8920,4,0.127794,-0.016653,-0.023633,0.991379
67004.913,30.269554635,-97.739671354,132.8930,4,0.127794,-0.016652,-0.023624,0.991379
67005.313,30.269554650,-97.739671334,132.8940,4,0.127743,-0.016632,-0.023610,0.991387
67005.713,30.269554660,-97.739671315,132.8900,4,0.127787,-0.016597,-0.023605,0.991382
67006.113,30.269554645,-97.739671325,132.8890,4,0.127761,-0.016616,-0.023621,0.991384
67006.513,30.269554647,-97.739671290,132.8889,4,0.127779,-0.016592,-0.023571,0.991384
67006.913,30.269554627,-97.739671299,132.8880,4,0.127770,-0.016601,-0.023570,0.991385
67007.313,30.269554677,-97.739671319,132.8910,4,0.127753,-0.016606,-0.023543,0.991387
67007.713,30.269554701,-97.739671309,132.8900,4,0.127814,-0.016608,-0.023551,0.991379
67008.113,30.269554655,-97.739671314,132.8900,4,0.127813,-0.016617,-0.023620,0.991378
67008.513,30.269554693,-97.739671329,132.8900,4,0.127795,-0.016643,-0.023617,0.991380
67008.913,30.269554655,-97.739671322,132.8900,4,0.127787,-0.016600,-0.023631,0.991381
67009.313,30.269554673,-97.739671325,132.8889,4,0.127789,-0.016554,-0.023611,0.991382
67009.713,30.269554688,-97.739671305,132.8879,4,0.127806,-0.016544,-0.023603,0.991380
67010.113,30.269554648,-97.739671322,132.8879,4,0.127807,-0.016535,-0.023595,0.991381
67010.513,30.269554685,-97.739671329,132.8878,4,0.127774,-0.016487,-0.023576,0.991386
67010.913,30.269554699,-97.739671295,132.8838,4,0.127843,-0.016470,-0.023568,0.991377
67011.313,30.269554675,-97.739671337,132.8828,4,0.127807,-0.016501,-0.023609,0.991381
67011.713,30.269554687,-97.739671309,132.8838,4,0.127791,-0.016450,-0.023624,0.991383
67012.113,30.269554660,-97.739671324,132.8848,4,0.127774,-0.016451,-0.023633,0.991385
67012.513,30.269554698,-97.739671329,132.8948,4,0.127781,-0.016488,-0.023646,0.991383
67012.913,30.269554723,-97.739671317,132.8968,4,0.127773,-0.016465,-0.023675,0.991384
67013.313,30.269554685,-97.739671335,132.8978,4,0.127756,-0.016463,-0.023667,0.991387
67013.713,30.269554707,-97.739671332,132.8978,4,0.127790,-0.016482,-0.023673,0.991382
67014.113,30.269554665,-97.739671329,132.8988,4,0.127747,-0.016474,-0.023683,0.991387
67014.513,30.269554695,-97.739671347,132.8978,4,0.127790,-0.016450,-0.023695,0.991382
67014.913,30.269554703,-97.739671342,132.8948,4,0.127781,-0.016493,-0.023689,0.991382
67015.313,30.269554658,-97.739671360,132.8908,4,0.127789,-0.016496,-0.023706,0.991381
67015.713,30.269554666,-97.739671355,132.8909,4,0.127806,-0.016527,-0.023675,0.991379
67016.113,30.269554623,-97.739671347,132.8909,4,0.127823,-0.016553,-0.023663,0.991377
67016.513,30.269554639,-97.739671356,132.8899,4,0.127874,-0.016573,-0.023677,0.991369
67016.913,30.269554607,-97.739671349,132.8859,4,0.127865,-0.016586,-0.023641,0.991371
67017.313,30.269554409,-97.739671386,132.8807,4,0.127596,-0.016377,-0.022827,0.991428
67017.713,30.269553862,-97.739671565,132.8836,4,0.126999,-0.016296,-0.022995,0.991502
67018.113,30.269553248,-97.739671728,132.8855,4,0.126212,-0.016140,-0.022551,0.991616
67018.513,30.269552169,-97.739672051,132.8815,4,0.125005,-0.016075,-0.022347,0.991774
67018.913,30.269550550,-97.739672554,132.8797,4,0.123410,-0.015418,-0.021835,0.991996
67019.313,30.269548250,-97.739673262,132.8948,4,0.121190,-0.014615,-0.020882,0.992302
67019.713,30.269544919,-97.739674314,132.8822,4,0.118472,-0.013974,-0.020526,0.992647
67020.113,30.269540126,-97.739675699,132.8682,4,0.116068,-0.013075,-0.017208,0.993006
67020.513,30.269533163,-97.739677858,132.8614,4,0.114744,-0.012329,-0.016826,0.993176
67020.913,30.269523950,-97.739680665,132.8425,4,0.114108,-0.009937,-0.016679,0.993279
67021.313,30.269512892,-97.739683974,132.8323,4,0.113200,-0.009932,-0.021007,0.993301
67021.713,30.269501950,-97.739687318,132.8249,4,0.112459,-0.010479,-0.023110,0.993332
67022.113,30.269491078,-97.739690733,132.8188,5,0.114303,-0.011251,-0.023243,0.993110
67022.513,30.269480355,-97.739694134,132.8076,5,0.116324,-0.011889,-0.023159,0.992870
67022.913,30.269469793,-97.739697532,132.7964,1,0.117935,-0.011822,-0.022555,0.992695
67023.313,30.269459035,-97.739701048,132.7905,5,0.120476,-0.011050,-0.021492,0.992422
67023.713,30.269448092,-97.739704775,132.7817,5,0.125666,-0.009685,-0.021024,0.991802
67024.113,30.269437197,-97.739708550,132.7762,5,0.129689,-0.009349,-0.020055,0.991308
67024.513,30.269426564,-97.739712177,132.7777,5,0.132042,-0.007324,-0.020670,0.991002
67024.913,30.269416550,-97.739715775,132.7764,1,0.133490,-0.007174,-0.020754,0.990807
67025.313,30.269406709,-97.739719184,132.7784,5,0.134825,-0.006315,-0.020443,0.990638
67025.713,30.269397119,-97.739722708,132.7805,5,0.137334,-0.005593,-0.019301,0.990321
67026.113,30.269387461,-97.739726443,132.7847,5,0.142364,-0.005789,-0.017742,0.989638
67026.513,30.269377400,-97.739730653,132.7851,5,0.153657,-0.004513,-0.015901,0.987986
67026.913,30.269366800,-97.739735845,132.7925,1,0.174213,-0.004966,-0.013540,0.984602
67027.313,30.269355934,-97.739741985,132.8111,5,0.205790,-0.000447,-0.009251,0.978552
67027.713,30.269345279,-97.739750076,132.8554,5,0.262751,0.004860,-0.003376,0.964846
67028.113,30.269335694,-97.739760840,132.9133,5,0.341340,0.003430,0.000983,0.939933
67028.513,30.269327294,-97.739774276,132.9797,5,0.422840,0.000349,0.002543,0.906201
67028.913,30.269320629,-97.739790310,133.0225,1,0.502507,-0.002000,0.006179,0.864549
67029.313,30.269316121,-97.739808504,133.0977,5,0.575996,-0.005128,0.009933,0.817376
67029.713,30.269314111,-97.739828589,133.1645,5,0.645211,-0.007877,0.010513,0.763892
67030.113,30.269314608,-97.739850301,133.2348,5,0.696017,-0.012322,0.011498,0.717828
67030.513,30.269316565,-97.739874002,133.2899,5,0.726160,-0.012756,0.008641,0.687353
67030.913,30.269319817,-97.739900001,133.3416,1,0.746988,-0.003426,0.004007,0.664817
67031.313,30.269324931,-97.739928296,133.4102,5,0.765587,-0.004494,0.000179,0.643317
67031.713,30.269331366,-97.739958444,133.4778,1,0.774698,-0.004577,-0.000300,0.632314
67032.113,30.269338429,-97.739990832,133.5493,5,0.775857,-0.003392,-0.001971,0.630896
67032.513,30.269345772,-97.740025352,133.6202,1,0.774190,-0.004711,-0.006895,0.632898
67032.913,30.269353273,-97.740061145,133.6663,1,0.772491,-0.008606,-0.010529,0.634880
67033.313,30.269360794,-97.740097547,133.6978,5,0.769927,-0.012155,-0.009006,0.637952
67033.713,30.269368025,-97.740134318,133.7204,1,0.767800,-0.012625,-0.009986,0.640488
67034.113,30.269375210,-97.740171444,133.7291,5,0.767063,-0.012827,-0.011635,0.641337
67034.513,30.269382667,-97.740209029,133.7414,1,0.768997,-0.013491,-0.011959,0.638998
67034.913,30.269390436,-97.740246755,133.7517,1,0.771613,-0.013060,-0.013295,0.635819
67035.313,30.269398526,-97.740284260,133.7351,5,0.775462,-0.017731,-0.019477,0.630845
67035.713,30.269406843,-97.740320505,133.7092,1,0.779626,-0.018901,-0.020249,0.625633
67036.113,30.269415166,-97.740355158,133.6641,5,0.783628,-0.018030,-0.024888,0.620470
67036.513,30.269423356,-97.740387882,133.6055,1,0.786601,-0.021507,-0.030795,0.616318
67036.913,30.269431310,-97.740418509,133.5355,1,0.787822,-0.024252,-0.031072,0.614640
67037.313,30.269438859,-97.740447148,133.4596,5,0.788043,-0.022988,-0.031973,0.614359
67037.713,30.269445559,-97.740473394,133.4064,1,0.788110,-0.024148,-0.033267,0.614161
67038.113,30.269451803,-97.740497040,133.3444,5,0.788286,-0.024767,-0.034904,0.613819
67038.513,30.269457543,-97.740518533,133.2926,1,0.789817,-0.024405,-0.036458,0.611771
67038.913,30.269462983,-97.740538297,133.2336,1,0.794124,-0.024488,-0.038334,0.606051
67039.313,30.269468347,-97.740555479,133.1714,5,0.798032,-0.027247,-0.040537,0.600633
67039.713,30.269472272,-97.740567517,133.1296,1,0.801151,-0.027303,-0.041170,0.596419
67040.113,30.269475880,-97.740578340,133.0966,5,0.802138,-0.024907,-0.045498,0.594881
67040.513,30.269479291,-97.740588152,133.0592,5,0.802307,-0.024399,-0.048672,0.594424
67040.913,30.269481568,-97.740595026,133.0858,1,0.802642,-0.026297,-0.048585,0.593898
67041.313,30.269483867,-97.740600734,133.0895,5,0.804080,-0.023942,-0.043431,0.592448
67041.713,30.269485724,-97.740605414,133.0714,5,0.805346,-0.018574,-0.045231,0.590785
67042.112,30.269486478,-97.740609555,133.1015,5,0.805914,-0.019934,-0.045235,0.589965
67042.512,30.269487721,-97.740611472,133.1118,5,0.806692,-0.021370,-0.041680,0.589113
67042.912,30.269488026,-97.740611376,133.1305,5,0.807186,-0.018685,-0.039706,0.588664
67043.312,30.269487326,-97.740611876,133.1430,5,0.807948,-0.018489,-0.039977,0.587605
67043.712,30.269487396,-97.740611834,133.1520,5,0.808022,-0.018604,-0.040075,0.587493
67044.112,30.269482667,-97.740614307,133.1340,5,0.807154,-0.018600,-0.040175,0.588679
67044.512,30.269481143,-97.740615388,133.0761,5,0.806921,-0.018650,-0.040166,0.588996
67044.912,30.269479409,-97.740616580,132.9781,5,0.806664,-0.018653,-0.040146,0.589350
67045.313,30.269479371,-97.740616627,132.9791,4,0.806911,-0.018678,-0.040112,0.589014
67045.713,30.269479615,-97.740616468,132.8792,4,0.807025,-0.018666,-0.040062,0.588862
67046.113,30.269479615,-97.740616493,132.8752,5,0.807080,-0.018718,-0.040084,0.588782
67046.513,30.269479565,-97.740616495,132.8561,5,0.807101,-0.018684,-0.040101,0.588753
67046.913,30.269479575,-97.740616453,132.8541,5,0.807096,-0.018708,-0.040097,0.588760
67047.313,30.269479439,-97.740616562,132.8511,5,0.807148,-0.018660,-0.040122,0.588689
67047.713,30.269479467,-97.740616507,132.8500,5,0.807132,-0.018645,-0.040156,0.588708
67048.113,30.269479399,-97.740616626,132.8470,5,0.807174,-0.018622,-0.040146,0.588652
67048.513,30.269479464,-97.740616561,132.8480,5,0.807153,-0.018647,-0.040156,0.588680
67048.913,30.269479539,-97.740616489,132.8490,5,0.807174,-0.018625,-0.040127,0.588653
67049.313,30.269479431,-97.740616615,132.8430,5,0.807144,-0.018566,-0.040162,0.588694
67049.713,30.269479476,-97.740616557,132.8420,5,0.807124,-0.018567,-0.040144,0.588723
67050.113,30.269479474,-97.740616553,132.8409,5,0.807120,-0.018504,-0.040141,0.588731
67050.513,30.269479415,-97.740616584,132.8399,5,0.807094,-0.018478,-0.040146,0.588766
67050.913,30.269479422,-97.740616560,132.8369,5,0.807059,-0.018439,-0.040152,0.588815
67051.313,30.269479373,-97.740616597,132.8348,5,0.806988,-0.018389,-0.040187,0.588912
67051.713,30.269479311,-97.740616684,132.8357,5,0.806911,-0.018336,-0.040240,0.589015
67052.113,30.269479328,-97.740616626,132.8337,5,0.806855,-0.018285,-0.040262,0.589092
67052.513,30.269479340,-97.740616580,132.8316,5,0.806872,-0.018228,-0.040251,0.589072
67052.913,30.269479288,-97.740616622,132.8336,5,0.806831,-0.018201,-0.040256,0.589128
67053.313,30.269479286,-97.740616568,132.8315,5,0.806863,-0.018153,-0.040294,0.589084
67053.713,30.269479249,-97.740616653,132.8336,5,0.806790,-0.018169,-0.040269,0.589184
67054.113,30.269479246,-97.740616578,132.8316,5,0.806786,-0.018131,-0.040231,0.589193
67054.513,30.269479251,-97.740616556,132.8286,5,0.806813,-0.017872,-0.039996,0.589181
67054.913,30.269479370,-97.740617084,132.8311,5,0.807031,-0.014806,-0.038955,0.589036
67055.313,30.269480355,-97.740620414,132.8148,5,0.807896,-0.009336,-0.035540,0.588179
67055.713,30.269482830,-97.740628101,132.7878,5,0.808755,-0.011017,-0.034770,0.587014
67056.113,30.269486413,-97.740639196,132.7589,5,0.808334,-0.013977,-0.032978,0.587634
67056.513,30.269490689,-97.740653144,132.7140,5,0.806459,-0.019046,-0.035159,0.589936
67056.913,30.269495655,-97.740669716,132.6529,5,0.805646,-0.013616,-0.033947,0.591267
67057.313,30.269501569,-97.740689333,132.5852,5,0.805876,-0.007860,-0.031758,0.591180
67057.713,30.269508174,-97.740711152,132.5346,5,0.804158,-0.011812,-0.032812,0.593392
67058.113,30.269515021,-97.740734901,132.4750,5,0.801659,-0.009552,-0.032686,0.596810
67058.513,30.269522363,-97.740760300,132.4162,1,0.799717,-0.015481,-0.031307,0.599361
67058.913,30.269530024,-97.740787473,132.3238,1,0.798299,-0.019773,-0.032365,0.601065
67059.313,30.269538054,-97.740816270,132.2181,5,0.797564,-0.018951,-0.031429,0.602117
67059.713,30.269546476,-97.740846903,132.0617,1,0.796688,-0.037089,-0.049192,0.601242
67060.113,30.269555049,-97.740877949,131.8312,5,0.797590,-0.030682,-0.050503,0.600298
67060.513,30.269564170,-97.740909648,131.6236,1,0.799867,-0.028978,-0.047130,0.597622
67060.913,30.269573740,-97.740942383,131.3796,1,0.801666,-0.031209,-0.052118,0.594678
67061.313,30.269583895,-97.740976369,131.1176,5,0.801373,-0.038609,-0.055393,0.594341
67061.713,30.269594050,-97.741011008,130.8588,1,0.799316,-0.032890,-0.041768,0.598555
67062.113,30.269604145,-97.741047007,130.6195,4,0.797116,-0.038979,-0.039016,0.601302
67062.513,30.269614265,-97.741083739,130.3776,1,0.797722,-0.036967,-0.041390,0.600466
67062.913,30.269624881,-97.741120674,130.1460,1,0.798710,-0.036194,-0.035746,0.599562
67063.313,30.269635349,-97.741157644,129.9350,5,0.798098,-0.034019,-0.036071,0.600484
67063.713,30.269645771,-97.741194613,129.7317,1,0.798190,-0.030045,-0.035115,0.600631
67064.113,30.269656350,-97.741231753,129.5539,5,0.799219,-0.029453,-0.036396,0.599214
67064.513,30.269666976,-97.741268625,129.3722,1,0.800269,-0.029081,-0.038903,0.597671
67064.913,30.269677954,-97.741305023,129.1932,1,0.804961,-0.029199,-0.038545,0.591354
67065.313,30.269689546,-97.741340507,129.0314,5,0.811181,-0.030619,-0.032487,0.583089
67065.713,30.269701426,-97.741375344,128.8937,1,0.817532,-0.025034,-0.034311,0.574315
67066.114,30.269713528,-97.741409590,128.7849,5,0.821057,-0.015773,-0.034542,0.569581
67066.514,30.269725912,-97.741442910,128.7312,1,0.822701,-0.015751,-0.027752,0.567578
67066.914,30.269737956,-97.741475217,128.7085,1,0.823030,-0.015924,-0.024398,0.567250
67067.314,30.269749125,-97.741506119,128.6889,5,0.821386,-0.011540,-0.026784,0.569627
67067.714,30.269759594,-97.741535315,128.6961,1,0.819180,-0.010263,-0.025721,0.572868
67068.114,30.269769235,-97.741562962,128.7212,5,0.814815,-0.012197,-0.022099,0.579171
67068.514,30.269777947,-97.741589146,128.7253,1,0.810692,-0.015260,-0.024849,0.584747
67068.914,30.269785865,-97.741613997,128.7221,1,0.807446,-0.013319,-0.024666,0.589275
67069.314,30.269793161,-97.741637391,128.7205,5,0.806535,-0.012924,-0.026058,0.590471
67069.714,30.269800068,-97.741658863,128.7449,1,0.807215,-0.013565,-0.021898,0.589695
67070.114,30.269806373,-97.741678924,128.7492,5,0.807450,-0.014127,-0.023117,0.589314
67070.514,30.269812418,-97.741697088,128.7650,1,0.807071,-0.012469,-0.021883,0.589917
67070.914,30.269817619,-97.741713680,128.7772,1,0.804128,-0.008913,-0.023099,0.593940
67071.314,30.269822227,-97.741728642,128.7973,5,0.801896,-0.010861,-0.026929,0.596758
67071.714,30.269826201,-97.741741146,128.7997,5,0.800516,-0.013972,-0.028321,0.598479
67072.114,30.269829508,-97.741752318,128.8227,5,0.800622,-0.014550,-0.030902,0.598196
67072.514,30.269832714,-97.741761432,128.8281,5,0.801792,-0.018317,-0.028311,0.596651
67072.914,30.269835168,-97.741769846,128.8150,1,0.803191,-0.017942,-0.029082,0.594741
67073.314,30.269837487,-97.741777369,128.8060,5,0.804165,-0.017430,-0.032920,0.593238
67073.714,30.269839766,-97.741783028,128.8193,5,0.804698,-0.018804,-0.026161,0.592810
67074.114,30.269840182,-97.741783462,128.7876,5,0.804884,-0.021381,-0.022583,0.592617
67074.514,30.269841448,-97.741787053,128.7844,5,0.804861,-0.019954,-0.022739,0.592691
67074.914,30.269842133,-97.741790176,128.7575,5,0.804959,-0.016134,-0.023586,0.592642
67075.314,30.269842673,-97.741801123,128.7086,5,0.805807,-0.014672,-0.023181,0.591542
67075.714,30.269843791,-97.741804489,128.7072,5,0.805834,-0.013190,-0.023445,0.591531
67076.114,30.269844604,-97.741808547,128.7112,5,0.806213,-0.013667,-0.023840,0.590987
67076.514,30.269845650,-97.741811596,128.7234,5,0.805983,-0.015094,-0.020549,0.591390
67076.914,30.269846844,-97.741815380,128.7209,5,0.806146,-0.014567,-0.018424,0.591251
67077.314,30.269847006,-97.741825684,128.6166,5,0.805485,-0.013848,-0.016032,0.592238
67077.714,30.269849398,-97.741834196,128.6089,5,0.803390,-0.014582,-0.018620,0.594983
67078.114,30.269852600,-97.741845567,128.5932,5,0.802571,-0.014221,-0.020217,0.596044
67078.514,30.269856598,-97.741859605,128.5687,5,0.801182,-0.014143,-0.019606,0.597932
67078.914,30.269861152,-97.741876412,128.4996,5,0.799987,-0.012322,-0.024742,0.599380
67079.314,30.269866736,-97.741895717,128.4366,5,0.799840,-0.011326,-0.023884,0.599631
67079.714,30.269872963,-97.741917656,128.4027,5,0.802204,-0.008022,-0.025042,0.596470
67080.114,30.269880407,-97.741942176,128.3890,5,0.806079,-0.004154,-0.022283,0.591373
67080.514,30.269888610,-97.741968989,128.3963,5,0.808768,0.003216,-0.021902,0.587711
67080.914,30.269897540,-97.741997786,128.4528,1,0.808299,0.006716,-0.019526,0.588410
67081.314,30.269906901,-97.742028242,128.5215,5,0.805145,-0.000145,-0.013914,0.592914
67081.714,30.269916049,-97.742059439,128.6007,1,0.801048,0.006687,-0.002215,0.598559
67082.114,30.269925029,-97.742092272,128.6915,5,0.797507,-0.005348,-0.014352,0.603115
67082.514,30.269934147,-97.742126313,128.7165,1,0.795077,-0.007699,-0.015474,0.606262
67082.914,30.269943391,-97.742161618,128.7631,1,0.793114,0.000776,-0.009306,0.609001
67083.314,30.269952822,-97.742198532,128.7713,5,0.791843,-0.007703,-0.020274,0.610340
67083.714,30.269962183,-97.742235702,128.8193,1,0.791118,0.010699,-0.010061,0.611488
67084.114,30.269972056,-97.742274052,128.9557,5,0.790688,0.005592,-0.007579,0.612147
67084.514,30.269981664,-97.742312614,129.0934,1,0.790768,0.021938,-0.002868,0.611716
67084.914,30.269991823,-97.742351431,129.3825,1,0.792814,0.021849,0.004799,0.609052
67085.314,30.270002295,-97.742390244,129.7357,5,0.797309,0.028893,0.010057,0.602796
67085.714,30.270013497,-97.742429042,130.1220,1,0.801522,0.030506,0.014807,0.597003
67086.114,30.270024959,-97.742468082,130.5106,5,0.802601,0.028367,0.013486,0.595689
67086.514,30.270036210,-97.742506935,130.8918,1,0.801823,0.029778,0.012887,0.596680
67086.914,30.270047443,-97.742545610,131.2770,1,0.801293,0.028988,0.014631,0.597391
67087.314,30.270058663,-97.742584122,131.6572,5,0.801467,0.026253,0.013512,0.597310
67087.714,30.270069749,-97.742622124,132.0166,1,0.801517,0.027680,0.014047,0.597166
67088.114,30.270080410,-97.742658721,132.4000,5,0.801776,0.027693,0.013398,0.596832
67088.514,30.270091162,-97.742695731,132.7646,1,0.801903,0.031295,0.012875,0.596495
67088.914,30.270102034,-97.742732860,133.1261,1,0.802304,0.029521,0.009622,0.596108
67089.314,30.270112648,-97.742769089,133.4928,5,0.802397,0.032345,0.009674,0.595835
67089.714,30.270123588,-97.742806546,133.8840,1,0.802226,0.032952,0.007147,0.596068
67090.114,30.270134622,-97.742844000,134.2551,5,0.802144,0.029334,0.006177,0.596378
67090.514,30.270146082,-97.742883063,134.6095,1,0.801663,0.030508,0.008795,0.596932
67090.914,30.270157754,-97.742922967,134.9718,1,0.801532,0.028093,0.006977,0.597251
67091.314,30.270169634,-97.742963821,135.3143,5,0.801175,0.024612,0.002304,0.597919
67091.714,30.270181244,-97.743004000,135.6352,1,0.799841,0.020014,-0.000775,0.599878
67092.114,30.270191964,-97.743042927,135.9093,5,0.797754,0.024652,-0.008494,0.602419
67092.514,30.270202102,-97.743080189,136.1709,1,0.796248,0.026712,-0.011432,0.604272
67092.914,30.270211977,-97.743116161,136.4248,1,0.797058,0.022401,-0.016554,0.603260
67093.314,30.270221959,-97.743151014,136.5835,5,0.798200,0.007760,-0.017920,0.602076
67093.714,30.270231937,-97.743185776,136.6823,1,0.798410,0.006124,-0.014180,0.601916
67094.114,30.270242147,-97.743221418,136.7828,5,0.798507,0.003162,-0.011878,0.601860
67094.514,30.270252568,-97.743257604,136.8769,1,0.798906,0.001709,-0.008654,0.601391
67094.914,30.270263177,-97.743294516,136.9476,1,0.799214,-0.008848,-0.010769,0.600884
67095.314,30.270273298,-97.743330774,136.9942,5,0.796192,-0.006302,-0.008986,0.604945
67095.714,30.270282847,-97.743368034,137.0290,1,0.789442,-0.012695,-0.013072,0.613555
67096.114,30.270291369,-97.743405821,137.0478,5,0.781570,-0.008435,-0.016276,0.623548
67096.514,30.270299550,-97.743443919,137.0559,1,0.776815,-0.005688,-0.023938,0.629248
67096.914,30.270307709,-97.743483708,137.0555,1,0.774018,-0.005658,-0.025592,0.632621
67097.314,30.270315988,-97.743524527,137.0522,5,0.773380,-0.003810,-0.026416,0.633380
67097.714,30.270324470,-97.743566616,137.0682,1,0.774184,-0.002260,-0.026019,0.632421
67098.114,30.270333404,-97.743609387,137.0906,5,0.775566,-0.012399,-0.022876,0.630731
67098.514,30.270342458,-97.743651519,137.0657,1,0.777843,-0.005571,-0.021762,0.628058
67098.914,30.270351705,-97.743693824,137.1081,1,0.781963,-0.008400,-0.024934,0.622769
67099.314,30.270361406,-97.743734290,137.1449,5,0.786671,-0.004941,-0.022763,0.616933
67099.714,30.270371255,-97.743775492,137.2537,1,0.790022,-0.007394,-0.022852,0.612608
67100.114,30.270381036,-97.743814168,137.2948,5,0.791752,-0.008552,-0.024842,0.610278
67100.514,30.270390925,-97.743851528,137.2406,1,0.793167,0.000421,-0.022414,0.608591
67100.914,30.270400737,-97.743888195,137.0893,1,0.794196,-0.014929,-0.023354,0.607029
67101.314,30.270410255,-97.743922655,137.0551,5,0.795485,-0.016047,-0.020133,0.605426
67101.714,30.270418799,-97.743955478,136.9059,1,0.796756,-0.015638,-0.022067,0.603696
67102.114,30.270427253,-97.743985912,136.8921,5,0.798023,-0.012850,-0.021559,0.602104
67102.514,30.270435261,-97.744014342,136.8860,1,0.799194,-0.012951,-0.022790,0.600501
67102.914,30.270442918,-97.744040562,136.8853,1,0.800280,-0.010846,-0.023754,0.599058
67103.314,30.270449275,-97.744064437,136.8605,5,0.801249,-0.009336,-0.025444,0.597717
67103.714,30.270455506,-97.744086684,136.8281,1,0.802065,-0.008102,-0.026945,0.596574
67104.114,30.270461009,-97.744106342,136.8119,5,0.802663,-0.005086,-0.026613,0.595817
67104.514,30.270466080,-97.744124431,136.7942,1,0.803261,-0.003317,-0.026906,0.595010
67104.914,30.270471306,-97.744141680,136.8041,1,0.803684,-0.003738,-0.027298,0.594418
67105.314,30.270476171,-97.744157517,136.8125,5,0.804102,-0.005417,-0.027253,0.593842
67105.714,30.270480607,-97.744172160,136.8091,5,0.804304,-0.006383,-0.028585,0.593496
67106.114,30.270483678,-97.744184798,136.7856,5,0.804486,-0.006457,-0.029184,0.593219
67106.514,30.270486241,-97.744196214,136.7772,5,0.804891,-0.005251,-0.029533,0.592664
67106.914,30.270488511,-97.744206397,136.7569,1,0.805191,-0.004771,-0.030585,0.592208
67107.314,30.270490494,-97.744215209,136.7744,5,0.805430,-0.004020,-0.030444,0.591895
67107.714,30.270492554,-97.744222798,136.7605,5,0.805538,-0.004195,-0.030448,0.591746
67108.114,30.270494340,-97.744229398,136.7523,5,0.805653,-0.003708,-0.030292,0.591602
67108.514,30.270495820,-97.744234790,136.7395,5,0.805790,-0.004403,-0.030579,0.591395
67108.914,30.270496976,-97.744238863,136.7377,5,0.805841,-0.004720,-0.030680,0.591318
67109.314,30.270497901,-97.744242063,136.7410,4,0.805881,-0.005149,-0.030689,0.591259
67109.714,30.270498376,-97.744243833,136.7392,4,0.805959,-0.005233,-0.030564,0.591158
67110.114,30.270498741,-97.744244887,136.7383,4,0.805975,-0.005320,-0.030551,0.591137
67110.514,30.270498673,-97.744244809,136.7359,4,0.806026,-0.004209,-0.030047,0.591102
67110.914,30.270498603,-97.744244707,136.7349,4,0.806051,-0.004324,-0.030142,0.591062
67111.314,30.270498708,-97.744244879,136.7369,4,0.806020,-0.004424,-0.030195,0.591102
67111.714,30.270498661,-97.744244788,136.7359,4,0.806030,-0.004392,-0.030181,0.591088
67112.114,30.270498891,-97.744244991,136.7459,5,0.806025,-0.004432,-0.030200,0.591094
67112.514,30.270498880,-97.744244936,136.7469,5,0.805994,-0.004381,-0.030208,0.591137
67112.914,30.270498865,-97.744244876,136.7468,5,0.806004,-0.004332,-0.030247,0.591121
67113.314,30.270498935,-97.744245049,136.7438,5,0.805983,-0.004389,-0.030300,0.591147
67113.714,30.270498973,-97.744245094,136.7428,5,0.805983,-0.004417,-0.030321,0.591146
67114.114,30.270498961,-97.744245080,136.7417,5,0.805946,-0.004340,-0.030364,0.591194
67114.514,30.270498931,-97.744245068,136.7406,5,0.805869,-0.004325,-0.030410,0.591297
67114.914,30.270498937,-97.744245140,136.7406,5,0.805889,-0.004321,-0.030417,0.591269
67115.314,30.270498919,-97.744245131,136.7406,5,0.805874,-0.004297,-0.030433,0.591289
67115.714,30.270498932,-97.744245173,136.7406,5,0.805874,-0.004322,-0.030429,0.591289
67116.114,30.270498922,-97.744245159,136.7386,5,0.805827,-0.004279,-0.030411,0.591354
67116.514,30.270498899,-97.744245159,136.7376,5,0.805817,-0.004296,-0.030445,0.591366
67116.914,30.270498911,-97.744245174,136.7386,5,0.805833,-0.004277,-0.030398,0.591347
67117.314,30.270498887,-97.744245175,136.7375,5,0.805801,-0.004252,-0.030446,0.591388
67117.714,30.270498897,-97.744245199,136.7366,5,0.805781,-0.004259,-0.030420,0.591417
67118.114,30.270498909,-97.744245210,136.7366,5,0.805801,-0.004265,-0.030413,0.591389
67118.514,30.270498909,-97.744245193,136.7335,5,0.805817,-0.004253,-0.030446,0.591367
67118.914,30.270498902,-97.744245182,136.7346,5,0.805801,-0.004259,-0.030451,0.591387
67119.314,30.270498906,-97.744245200,136.7355,5,0.805816,-0.004290,-0.030484,0.591365
67119.714,30.270498894,-97.744245189,136.7356,5,0.805822,-0.004274,-0.030461,0.591359
67120.114,30.270498891,-97.744245211,136.7365,5,0.805852,-0.004283,-0.030510,0.591314
67120.514,30.270498884,-97.744245204,136.7354,5,0.805852,-0.004245,-0.030547,0.591313
67120.914,30.270498871,-97.744245194,136.7365,5,0.805842,-0.004221,-0.030519,0.591328
67121.314,30.270498857,-97.744245186,136.7354,5,0.805858,-0.004198,-0.030523,0.591307
67121.714,30.270498872,-97.744245205,136.7355,4,0.805816,-0.004213,-0.030514,0.591364
67122.114,30.270498859,-97.744245198,136.7364,4,0.805816,-0.004210,-0.030533,0.591363
67122.514,30.270498842,-97.744245196,136.7364,4,0.805852,-0.004219,-0.030582,0.591312
67122.914,30.270498859,-97.744245232,136.7353,4,0.805817,-0.003892,-0.030376,0.591372
67123.314,30.270498969,-97.744245607,136.7353,4,0.805838,-0.003758,-0.030309,0.591347
67123.714,30.270499169,-97.744246356,136.7353,4,0.805863,-0.003871,-0.030423,0.591307
67124.114,30.270499504,-97.744247393,136.7354,4,0.805852,-0.004203,-0.030516,0.591315
67124.514,30.270499786,-97.744248423,136.7366,4,0.805873,-0.004368,-0.030484,0.591287
67124.914,30.270500033,-97.744249318,136.7377,4,0.805935,-0.004521,-0.030486,0.591201
67125.314,30.270500269,-97.744250243,136.7377,4,0.805971,-0.004539,-0.030508,0.591151
67125.714,30.270500458,-97.744251024,136.7397,4,0.805981,-0.004631,-0.030575,0.591133
67126.114,30.270500754,-97.744251947,136.7445,4,0.805961,-0.004317,-0.030530,0.591166
67126.514,30.270501080,-97.744253200,136.7452,4,0.805959,-0.004189,-0.030718,0.591158
67126.914,30.270501568,-97.744254990,136.7462,4,0.805986,-0.003992,-0.030561,0.591131
67127.314,30.270502521,-97.744257961,136.7411,4,0.805522,-0.001235,-0.028361,0.591886
67127.714,30.270504277,-97.744264158,136.7433,4,0.804101,-0.000924,-0.027871,0.593838
67128.114,30.270507116,-97.744273799,136.7413,4,0.801754,-0.001339,-0.026177,0.597079
67128.514,30.270510627,-97.744286811,136.7403,4,0.799225,0.001078,-0.026347,0.600454
67128.914,30.270515072,-97.744302973,136.7487,4,0.798871,0.001591,-0.025427,0.600963
67129.314,30.270520482,-97.744322321,136.7433,4,0.799700,0.001005,-0.027499,0.599769
67129.714,30.270526646,-97.744344283,136.7431,4,0.800436,-0.000001,-0.028501,0.598740
67130.114,30.270533407,-97.744368485,136.7358,5,0.800121,-0.002721,-0.029143,0.599124
67130.514,30.270540337,-97.744393936,136.7198,5,0.799001,-0.001218,-0.033306,0.600405
67130.914,30.270547597,-97.744420286,136.7031,1,0.798246,-0.003536,-0.031745,0.601484
67131.314,30.270554825,-97.744447178,136.7505,5,0.797173,0.018596,-0.013690,0.603309
67131.714,30.270562512,-97.744475838,136.8610,1,0.797861,0.009434,-0.021338,0.602390
67132.114,30.270570502,-97.744505525,136.9437,5,0.798184,0.009863,-0.013667,0.602178
67132.514,30.270579398,-97.744536825,137.0306,1,0.800236,-0.004141,-0.014192,0.599503
67132.914,30.270588405,-97.744568827,137.0203,1,0.801663,-0.013702,-0.024074,0.597135
67133.314,30.270597330,-97.744600797,136.9876,5,0.802604,-0.011035,-0.022339,0.595992
67133.714,30.270606672,-97.744633638,136.9623,1,0.803263,-0.004343,-0.022184,0.595195
67134.114,30.270616547,-97.744667457,137.0107,5,0.804051,-0.002557,-0.019144,0.594246
67134.514,30.270626838,-97.744702487,137.0672,1,0.804902,-0.000125,-0.015345,0.593209
67134.914,30.270637553,-97.744738839,137.1289,1,0.805713,0.000742,-0.014887,0.592118
67135.314,30.270648343,-97.744775917,137.1870,5,0.806107,0.000032,-0.016441,0.591541
67135.714,30.270659339,-97.744813117,137.2630,1,0.805957,0.001228,-0.015381,0.591772
67136.114,30.270670168,-97.744850040,137.3386,5,0.805360,0.002709,-0.016739,0.592544
67136.514,30.270680716,-97.744886487,137.4219,1,0.804722,0.001112,-0.018956,0.593348
67136.914,30.270690770,-97.744921601,137.4928,1,0.803945,0.000569,-0.021664,0.594309
67137.314,30.270700171,-97.744954679,137.5355,5,0.803261,0.000264,-0.024514,0.595123
67137.714,30.270708814,-97.744985697,137.5744,1,0.802454,-0.000506,-0.028609,0.596027
67138.114,30.270716708,-97.745014264,137.5946,5,0.801465,-0.001787,-0.031731,0.597197
67138.514,30.270724030,-97.745041181,137.6039,1,0.800609,-0.001598,-0.032377,0.598309
67138.914,30.270730895,-97.745066752,137.6131,1,0.799644,-0.000445,-0.032219,0.599609
67139.314,30.270737345,-97.745091079,137.6299,5,0.799165,0.000993,-0.032238,0.600246
67139.714,30.270743438,-97.745114114,137.6461,1,0.799497,0.001694,-0.032572,0.599783
67140.114,30.270749215,-97.745135609,137.6690,5,0.800472,0.002818,-0.031629,0.598528
67140.514,30.270754517,-97.745155448,137.6900,1,0.801497,0.001404,-0.032831,0.597095
67140.914,30.270759310,-97.745173274,137.7068,1,0.802357,-0.000151,-0.033290,0.595915
67141.314,30.270763583,-97.745188928,137.7179,5,0.803007,-0.000752,-0.033612,0.595020
67141.715,30.270767301,-97.745202806,137.7289,1,0.803608,-0.002175,-0.033802,0.594195
67142.115,30.270771115,-97.745213800,137.6847,5,0.803816,-0.001408,-0.033313,0.593943
67142.515,30.270774213,-97.745223055,137.6880,5,0.804100,-0.000688,-0.032314,0.593614
67142.915,30.270776348,-97.745231078,137.6907,1,0.804456,-0.000038,-0.032059,0.593146
67143.315,30.270778019,-97.745237810,137.6889,5,0.804810,0.000292,-0.031519,0.592695
67143.715,30.270779502,-97.745243492,137.6951,5,0.805075,0.000540,-0.031154,0.592354
67144.115,30.270781477,-97.745247990,137.6900,5,0.805054,0.000826,-0.030923,0.592394
67144.515,30.270782892,-97.745251649,137.7061,5,0.805101,0.000710,-0.030931,0.592330
67144.915,30.270783842,-97.745254178,137.7281,5,0.805184,0.000714,-0.030913,0.592218
67145.315,30.270784949,-97.745255237,137.7392,4,0.805091,0.000748,-0.030849,0.592348
67145.715,30.270784935,-97.745255427,137.7390,4,0.805080,0.001412,-0.030426,0.592384
67146.115,30.270785057,-97.745255384,137.7609,4,0.805021,0.001921,-0.030172,0.592476
67146.515,30.270785032,-97.745255402,137.7639,4,0.805026,0.001931,-0.030142,0.592470
67146.915,30.270785083,-97.745255384,137.7669,4,0.805011,0.001845,-0.030142,0.592490
67147.315,30.270785320,-97.745255337,137.7751,4,0.804997,0.001777,-0.030062,0.592514
67147.715,30.270785342,-97.745255342,137.7741,4,0.805018,0.001784,-0.030045,0.592487
67148.115,30.270785461,-97.745255322,137.7741,4,0.805008,0.001762,-0.030029,0.592501
67148.515,30.270785455,-97.745255339,137.7711,4,0.805018,0.001802,-0.030054,0.592487
67148.915,30.270785455,-97.745255366,137.7711,4,0.805039,0.001787,-0.030021,0.592460
67149.315,30.270785502,-97.745255317,137.7781,4,0.805034,0.001768,-0.030024,0.592466
67149.715,30.270785508,-97.745255340,137.7772,4,0.805055,0.001738,-0.030013,0.592439
67150.115,30.270785483,-97.745255311,137.7782,5,0.805055,0.001752,-0.029960,0.592441
67150.515,30.270785493,-97.745255330,137.7803,5,0.805071,0.001685,-0.029943,0.592420
67150.915,30.270785508,-97.745255347,137.7802,5,0.805076,0.001667,-0.029978,0.592411
67151.315,30.270785531,-97.745255336,137.7843,4,0.805019,0.001638,-0.029979,0.592488
67151.715,30.270785530,-97.745255358,137.7853,4,0.804999,0.001632,-0.029984,0.592516
67152.115,30.270785546,-97.745255330,137.7873,4,0.804973,0.001652,-0.029950,0.592553
67152.515,30.270785575,-97.745255343,137.7893,4,0.804973,0.001666,-0.029939,0.592553
67152.915,30.270785585,-97.745255364,137.7892,4,0.804957,0.001666,-0.029983,0.592573
67153.315,30.270785611,-97.745255340,137.7892,4,0.804931,0.001730,-0.029980,0.592608
67153.715,30.270785626,-97.745255350,137.7902,4,0.804930,0.001716,-0.030034,0.592606
67154.115,30.270785649,-97.745255340,137.7901,5,0.804920,0.001774,-0.030024,0.592621
67154.515,30.270785626,-97.745255346,137.7871,5,0.804889,0.001800,-0.030027,0.592663
67154.915,30.270785623,-97.745255371,137.7871,5,0.804873,0.001759,-0.030015,0.592684
67155.315,30.270785623,-97.745255344,137.7862,4,0.804874,0.001770,-0.029985,0.592686
67155.715,30.270785629,-97.745255343,137.7872,4,0.804879,0.001799,-0.029952,0.592680
67156.115,30.270785623,-97.745255294,137.7872,4,0.804868,0.001826,-0.029944,0.592695
67156.515,30.270785631,-97.745255312,137.7861,4,0.804868,0.001852,-0.029935,0.592695
67156.915,30.270785624,-97.745255270,137.7861,4,0.804852,0.001871,-0.029944,0.592716
67157.315,30.270785631,-97.745255279,137.7861,4,0.804847,0.001839,-0.029989,0.592721
67157.715,30.270785639,-97.745255287,137.7861,4,0.804852,0.001832,-0.029994,0.592714
67158.115,30.270785639,-97.745255243,137.7871,4,0.804837,0.001848,-0.030015,0.592734
67158.515,30.270785633,-97.745255257,137.7870,4,0.804847,0.001858,-0.030029,0.592720
67158.915,30.270785626,-97.745255264,137.7870,4,0.804862,0.001897,-0.030054,0.592698
67159.315,30.270785684,-97.745255469,137.7869,5,0.804881,0.002475,-0.029649,0.592690
67159.715,30.270785909,-97.745256261,137.7879,5,0.804896,0.002581,-0.029603,0.592672
67160.115,30.270786383,-97.745257889,137.7879,5,0.804885,0.004164,-0.028222,0.592744
67160.515,30.270787440,-97.745261618,137.7920,5,0.803878,0.003967,-0.028221,0.594111
67160.915,30.270788901,-97.745267006,137.7960,5,0.801134,0.003533,-0.028744,0.597784
67161.315,30.270790664,-97.745273716,137.8001,5,0.798032,0.003470,-0.028764,0.601919
67161.715,30.270792795,-97.745282046,137.8129,5,0.795518,0.003491,-0.029110,0.605221
67162.115,30.270795218,-97.745291651,137.8248,4,0.794781,0.003199,-0.030573,0.606117
67162.515,30.270797724,-97.745301340,137.8359,4,0.794746,0.002838,-0.030860,0.606151
67162.915,30.270800269,-97.745310902,137.8464,4,0.795471,0.003015,-0.031172,0.605182
67163.315,30.270802832,-97.745320289,137.8551,5,0.796996,0.002283,-0.031040,0.603182
67163.715,30.270805139,-97.745328860,137.8626,5,0.798432,0.001938,-0.031860,0.601238
67164.115,30.270807105,-97.745336446,137.8638,4,0.799687,0.001403,-0.032009,0.599562
67164.515,30.270808807,-97.745342769,137.8728,4,0.800555,0.001085,-0.032246,0.598390
67164.915,30.270809973,-97.745347226,137.8813,4,0.801013,0.000695,-0.032063,0.597788
67165.315,30.270810709,-97.745349604,137.8759,4,0.801333,0.001430,-0.031774,0.597372
67165.715,30.270810887,-97.745350640,137.8809,4,0.801474,0.001481,-0.031721,0.597186
67166.115,30.270810797,-97.745350362,137.8727,5,0.801526,0.003317,-0.030307,0.597182
67166.515,30.270810857,-97.745350967,137.8777,5,0.801573,0.003360,-0.030251,0.597122
67166.915,30.270811119,-97.745352355,137.8749,5,0.801723,0.004013,-0.029489,0.596955
67167.315,30.270811908,-97.745354544,137.8581,4,0.801793,0.003895,-0.029335,0.596869
67167.715,30.270812746,-97.745357979,137.8614,4,0.801525,0.003683,-0.029294,0.597232
67168.115,30.270813848,-97.745361378,137.8353,4,0.800923,0.004020,-0.029061,0.598048
67168.515,30.270814867,-97.745365441,137.8339,4,0.800286,0.004391,-0.029249,0.598888
67168.915,30.270815930,-97.745369757,137.8359,4,0.799667,0.004784,-0.028929,0.599727
67169.315,30.270817240,-97.745373905,137.8321,4,0.798135,0.005067,-0.029512,0.601734
67169.715,30.270818181,-97.745377832,137.8354,4,0.797014,0.004626,-0.029714,0.603211
67170.115,30.270818936,-97.745380007,137.8263,4,0.796283,0.004247,-0.030144,0.604157
67170.515,30.270818948,-97.745380522,137.8241,4,0.796151,0.005038,-0.029690,0.604348
67170.915,30.270818866,-97.745380543,137.8230,4,0.796110,0.005658,-0.029264,0.604418
67171.315,30.270819023,-97.745380421,137.8319,4,0.796109,0.005863,-0.029086,0.604426
67171.715,30.270818968,-97.745380459,137.8299,4,0.796103,0.005868,-0.029093,0.604433
67172.115,30.270819252,-97.745380214,137.8440,4,0.796062,0.005834,-0.029044,0.604490
67172.515,30.270819221,-97.745380227,137.8450,4,0.796046,0.005770,-0.029104,0.604508
67172.915,30.270819191,-97.745380235,137.8450,4,0.796035,0.005816,-0.029091,0.604523
67173.315,30.270819301,-97.745380216,137.8500,4,0.796023,0.006080,-0.028891,0.604546
67173.715,30.270819382,-97.745380622,137.8508,4,0.795909,0.006326,-0.028816,0.604697
67174.115,30.270819627,-97.745381503,137.8518,4,0.795570,0.007199,-0.028095,0.605167
67174.515,30.270820173,-97.745383850,137.8531,4,0.793812,0.008311,-0.026824,0.607515
67174.915,30.270821124,-97.745388451,137.8585,4,0.788471,0.010452,-0.025552,0.614452
67175.315,30.270822705,-97.745396464,137.8679,5,0.781393,0.012453,-0.025617,0.623388
67175.715,30.270824907,-97.745407907,137.8849,5,0.775089,0.012858,-0.026529,0.631164
67176.116,30.270827458,-97.745421716,137.9123,4,0.768069,0.014152,-0.028366,0.639582
67176.516,30.270829828,-97.745437116,137.9452,4,0.758803,0.013599,-0.028085,0.650573
67176.916,30.270831680,-97.745453997,137.9721,4,0.743470,0.011374,-0.030967,0.667956
67177.316,30.270832480,-97.745472215,137.9782,5,0.715367,0.005846,-0.036943,0.697747
67177.716,30.270831499,-97.745491844,137.9497,5,0.678070,-0.000227,-0.043490,0.733710
67178.116,30.270827946,-97.745511914,137.8891,5,0.621375,0.000557,-0.043459,0.782307
67178.516,30.270821105,-97.745531806,137.8089,5,0.552185,0.007050,-0.040198,0.832722
67178.916,30.270810879,-97.745551385,137.7393,1,0.474316,0.001107,-0.041888,0.879357
67179.316,30.270796904,-97.745569844,137.6466,5,0.392219,-0.003841,-0.041302,0.918936
67179.716,30.270779136,-97.745586607,137.5305,1,0.314782,-0.005932,-0.043564,0.948145
67180.116,30.270757773,-97.745601817,137.3491,5,0.243349,-0.003638,-0.056859,0.968264
67180.516,30.270733173,-97.745613885,137.1094,1,0.180983,0.008306,-0.061538,0.981524
67180.916,30.270705639,-97.745624573,136.8459,1,0.142402,0.011166,-0.060694,0.987883
67181.316,30.270675275,-97.745634513,136.5067,5,0.122556,0.012248,-0.067553,0.990084
67181.716,30.270642539,-97.745644689,136.1591,1,0.118311,0.016339,-0.066176,0.990634
67182.116,30.270607393,-97.745656233,135.7925,5,0.126565,0.019441,-0.069520,0.989328
67182.516,30.270570703,-97.745669078,135.4062,1,0.133212,0.019407,-0.065012,0.988762
67182.916,30.270532518,-97.745682915,135.0320,1,0.136379,0.016081,-0.065431,0.988363
67183.316,30.270492931,-97.745696858,134.6510,5,0.136568,0.013722,-0.063118,0.988523
67183.716,30.270452853,-97.745711302,134.2808,1,0.137516,0.010283,-0.068543,0.988072
67184.116,30.270412581,-97.745725875,133.8877,5,0.139174,0.011290,-0.064777,0.988082
67184.516,30.270372642,-97.745740789,133.5517,5,0.141083,0.002150,-0.063864,0.987933
67184.916,30.270333488,-97.745755266,133.2171,1,0.143503,0.006206,-0.056561,0.988013
67185.316,30.270295114,-97.745769845,132.9092,5,0.143002,-0.002219,-0.060488,0.987870
67185.716,30.270257687,-97.745783567,132.5911,1,0.139720,-0.003625,-0.061114,0.988297
67186.116,30.270221613,-97.745796486,132.2933,5,0.136922,-0.006101,-0.061199,0.988671
67186.516,30.270187914,-97.745808244,132.0135,1,0.134609,-0.006963,-0.061463,0.988966
67186.916,30.270156892,-97.745818937,131.7626,1,0.132315,-0.010151,-0.060796,0.989289
67187.316,30.270128537,-97.745828524,131.5415,5,0.130005,-0.012256,-0.059135,0.989672
67187.716,30.270102912,-97.745836642,131.3561,1,0.118154,-0.016091,-0.056932,0.991231
67188.116,30.270079748,-97.745841955,131.1980,5,0.084613,-0.015728,-0.052314,0.994915
67188.516,30.270058115,-97.745844045,131.0700,1,0.031202,-0.014923,-0.045970,0.998344
67188.916,30.270036976,-97.745842641,130.9710,1,0.039122,0.013962,0.041149,-0.998289
67189.315,30.270016360,-97.745837355,130.9141,5,0.122393,0.015572,0.034343,-0.991765
67189.715,30.269996868,-97.745828262,130.9299,1,0.211284,0.029101,0.019826,-0.976790
67190.115,30.269979046,-97.745815205,131.0213,5,0.298291,0.038376,0.008938,-0.953661
67190.515,30.269962883,-97.745798218,131.1500,1,0.376164,0.034282,0.005145,-0.925904
67190.915,30.269948276,-97.745777998,131.2998,1,0.436208,0.031522,-0.000083,-0.899293
67191.316,30.269935612,-97.745755128,131.5229,5,0.483351,0.029077,-0.000659,-0.874943
67191.716,30.269924821,-97.745729987,131.7786,1,0.517178,0.023959,0.000227,-0.855543
67192.116,30.269913758,-97.745703442,131.9671,5,0.542108,0.024744,-0.000793,-0.839944
67192.516,30.269903223,-97.745674541,132.1692,1,0.563857,0.024284,0.000513,-0.825515
67192.916,30.269893422,-97.745643408,132.3649,1,0.581860,0.021919,0.000832,-0.812993
67193.316,30.269883786,-97.745610514,132.5558,5,0.588574,0.018784,-0.000415,-0.808225
67193.716,30.269873745,-97.745575812,132.7574,1,0.590421,0.016293,0.000668,-0.806931
67194.116,30.269863389,-97.745539759,132.9534,5,0.591906,0.014298,0.003044,-0.805874
67194.516,30.269853087,-97.745503331,133.1311,1,0.593591,0.010028,0.007560,-0.804669
67194.916,30.269843239,-97.745467512,133.2956,1,0.595190,0.008401,0.006266,-0.803517
67195.316,30.269833677,-97.745432589,133.4500,5,0.596702,0.006908,0.008464,-0.802388
67195.716,30.269824560,-97.745398526,133.5999,1,0.598119,0.006258,0.010289,-0.801317
67196.116,30.269815652,-97.745365159,133.7413,5,0.598371,0.005595,0.011540,-0.801116
67196.516,30.269807006,-97.745333125,133.8536,1,0.598126,0.004585,0.014267,-0.801262
67196.916,30.269798895,-97.745302976,133.9511,1,0.596522,0.004005,0.015588,-0.802435
67197.316,30.269791769,-97.745276332,134.0469,5,0.595044,0.005043,0.017869,-0.803479
67197.716,30.269785238,-97.745252419,134.1575,1,0.593538,0.003246,0.019533,-0.804563
67198.116,30.269779409,-97.745230915,134.2086,5,0.591956,0.003475,0.019429,-0.805728
67198.516,30.269774469,-97.745212509,134.2773,1,0.594488,0.005899,0.022360,-0.803772
67198.916,30.269770194,-97.745195726,134.3694,1,0.597534,0.005228,0.023241,-0.801490
67199.316,30.269766460,-97.745180558,134.4237,5,0.598841,0.005287,0.024694,-0.800470
67199.716,30.269763034,-97.745167665,134.4583,1,0.600160,0.004880,0.025801,-0.799449
67200.116,30.269759753,-97.745157000,134.4690,5,0.600922,0.005348,0.024889,-0.798903
67200.516,30.269757423,-97.745147162,134.4965,5,0.601013,0.006442,0.023040,-0.798881
67200.916,30.269755123,-97.745138359,134.4752,1,0.600201,0.007906,0.023613,-0.799462
67201.316,30.269753503,-97.745131568,134.4952,5,0.598757,0.007762,0.023731,-0.800541
67201.716,30.269752037,-97.745126263,134.5188,5,0.597676,0.008597,0.024819,-0.801307
67202.116,30.269750735,-97.745121860,134.5185,5,0.596869,0.008690,0.025567,-0.801884
67202.516,30.269749624,-97.745117758,134.5082,5,0.596712,0.009376,0.025702,-0.801989
67202.916,30.269749148,-97.745114706,134.4639,5,0.597005,0.009786,0.026061,-0.801754
67203.316,30.269748248,-97.745113279,134.3722,4,0.597282,0.010142,0.026086,-0.801543
67203.716,30.269748227,-97.745112183,134.3570,4,0.597477,0.010093,0.025839,-0.801406
67204.116,30.269747186,-97.745112630,134.3231,5,0.597673,0.010098,0.026002,-0.801254
67204.516,30.269747204,-97.745112645,134.3341,5,0.597704,0.010328,0.025664,-0.801239
67204.916,30.269747273,-97.745112602,134.3461,5,0.597724,0.010406,0.025646,-0.801224
67205.316,30.269746371,-97.745113176,134.3093,5,0.597814,0.010532,0.025678,-0.801154
67205.716,30.269746286,-97.745113222,134.3173,5,0.597807,0.010572,0.025610,-0.801161
67206.116,30.269746070,-97.745113196,134.2831,5,0.597860,0.010697,0.025324,-0.801129
67206.516,30.269745905,-97.745113026,134.3061,5,0.597942,0.010366,0.025679,-0.801061
67206.916,30.269745749,-97.745113043,134.3091,5,0.597960,0.010513,0.025452,-0.801053
67207.316,30.269745691,-97.745112894,134.2889,5,0.598019,0.010632,0.025042,-0.801020
67207.716,30.269745353,-97.745112294,134.2877,5,0.598257,0.010500,0.024964,-0.800846
67208.116,30.269745186,-97.745111150,134.2804,5,0.598545,0.010271,0.024912,-0.800636
67208.516,30.269744581,-97.745109644,134.2805,5,0.598776,0.010322,0.024969,-0.800461
67208.916,30.269743826,-97.745107739,134.2818,5,0.598886,0.010530,0.025009,-0.800375
67209.316,30.269743300,-97.745105150,134.2759,5,0.599083,0.010519,0.025193,-0.800222
67209.716,30.269742175,-97.745102002,134.2748,5,0.598912,0.011470,0.024057,-0.800371
67210.116,30.269740950,-97.745096553,134.2766,5,0.598845,0.012351,0.022808,-0.800444
67210.516,30.269738451,-97.745088501,134.2794,5,0.598764,0.012191,0.023970,-0.800474
67210.916,30.269735617,-97.745079229,134.2852,5,0.599498,0.009642,0.027820,-0.799835
67211.316,30.269733544,-97.745071155,134.2933,5,0.599983,0.009512,0.029212,-0.799423
67211.716,30.269731627,-97.745064904,134.2854,5,0.600286,0.010637,0.026830,-0.799265
67212.116,30.269730013,-97.745058459,134.2955,5,0.600936,0.009548,0.026953,-0.798785
67212.516,30.269727875,-97.745051453,134.2934,5,0.601626,0.010593,0.028180,-0.798210
67212.916,30.269725563,-97.745043570,134.2961,5,0.602477,0.008308,0.030237,-0.797520
67213.316,30.269723591,-97.745035734,134.2945,5,0.603099,0.007642,0.030283,-0.797055
67213.716,30.269720884,-97.745026364,134.2846,5,0.603897,0.011197,0.026398,-0.796547
67214.116,30.269717665,-97.745013314,134.2947,5,0.605546,0.009627,0.027044,-0.795292
67214.516,30.269713260,-97.744996949,134.2891,5,0.607115,0.009596,0.025094,-0.794160
67214.916,30.269708081,-97.744977811,134.2977,5,0.608929,0.015820,0.020187,-0.792810
67215.316,30.269702246,-97.744955700,134.3154,5,0.612910,0.016362,0.027574,-0.789502
67215.716,30.269696308,-97.744931514,134.3551,5,0.617208,0.025110,0.011820,-0.786310
67216.116,30.269689798,-97.744904580,134.4270,5,0.617947,0.016447,0.019810,-0.785798
67216.516,30.269682734,-97.744875501,134.4346,1,0.617014,0.006426,0.028881,-0.786395
67216.916,30.269675127,-97.744844998,134.4088,1,0.614585,0.007098,0.026055,-0.788388
67217.316,30.269666912,-97.744813017,134.3683,5,0.611733,-0.001128,0.036838,-0.790205
67217.716,30.269658363,-97.744780612,134.2847,1,0.608669,-0.003832,0.042910,-0.792254
67218.116,30.269649683,-97.744748553,134.1739,5,0.605264,0.001156,0.034169,-0.795290
67218.516,30.269640883,-97.744716722,134.1373,1,0.602808,0.001348,0.028451,-0.797377
67218.916,30.269632078,-97.744685059,134.0937,1,0.600417,-0.003344,0.024449,-0.799307
67219.316,30.269622793,-97.744653282,134.0205,5,0.598971,-0.008868,0.040318,-0.799706
67219.716,30.269613722,-97.744621547,133.9339,1,0.599038,-0.007552,0.035632,-0.799892
67220.116,30.269604582,-97.744589558,133.8209,5,0.600620,-0.007899,0.040860,-0.798451
67220.516,30.269595449,-97.744557555,133.7044,1,0.600534,-0.006127,0.041967,-0.798474
67220.916,30.269586510,-97.744525871,133.5885,1,0.598750,-0.009318,0.038432,-0.799959
67221.316,30.269577545,-97.744494555,133.4750,5,0.598182,-0.010282,0.036514,-0.800462
67221.716,30.269568677,-97.744463400,133.3652,1,0.599611,-0.011520,0.035542,-0.799419
67222.116,30.269559915,-97.744432570,133.2551,5,0.599797,-0.012836,0.038167,-0.799139
67222.516,30.269551163,-97.744402435,133.1396,1,0.600585,-0.010403,0.042056,-0.798386
67222.916,30.269542987,-97.744373113,133.0282,1,0.600173,-0.011795,0.038278,-0.798867
67223.316,30.269534962,-97.744344818,132.9182,5,0.599617,-0.012331,0.038890,-0.799247
67223.716,30.269527144,-97.744317655,132.8135,1,0.599023,-0.013696,0.037150,-0.799752
67224.116,30.269519524,-97.744291560,132.7189,5,0.599487,-0.011354,0.043558,-0.799118
67224.516,30.269512536,-97.744267081,132.6288,1,0.600858,-0.009330,0.039913,-0.798305
67224.916,30.269506029,-97.744243893,132.5507,1,0.601827,-0.012411,0.040731,-0.797491
67225.316,30.269500040,-97.744222293,132.4593,5,0.602795,-0.012509,0.041400,-0.796723
67225.716,30.269494604,-97.744203139,132.3759,1,0.603704,-0.011760,0.041233,-0.796054
67226.116,30.269489942,-97.744186209,132.3088,5,0.604604,-0.010256,0.038259,-0.795541
67226.516,30.269485726,-97.744170941,132.2479,1,0.604623,-0.011685,0.037483,-0.795543
67226.916,30.269481658,-97.744156816,132.1998,1,0.604531,-0.010686,0.039868,-0.795512
67227.316,30.269477765,-97.744144438,132.1437,5,0.603857,-0.013135,0.041356,-0.795911
67227.716,30.269474278,-97.744132501,132.1019,5,0.603035,-0.010165,0.044473,-0.796410
67228.116,30.269471090,-97.744121883,132.0744,5,0.602480,-0.011492,0.042934,-0.796896
67228.516,30.269468125,-97.744112939,132.0332,5,0.602241,-0.008594,0.044345,-0.797036
67228.916,30.269465732,-97.744105465,132.0075,1,0.602506,-0.009589,0.043309,-0.796881
67229.316,30.269463556,-97.744100075,131.9686,5,0.602417,-0.009122,0.044204,-0.796905
67229.716,30.269461995,-97.744095809,131.9606,5,0.602344,-0.008412,0.044659,-0.796942
67230.116,30.269460878,-97.744093026,131.9702,5,0.602584,-0.006934,0.044885,-0.796762
67230.516,30.269461123,-97.744095262,132.0168,5,0.602422,-0.006861,0.044367,-0.796914
67230.916,30.269461361,-97.744095085,132.0510,5,0.602423,-0.005726,0.043344,-0.796979
67231.316,30.269461469,-97.744094088,132.0817,5,0.602272,-0.005303,0.042478,-0.797142
67231.716,30.269461027,-97.744091837,132.0890,5,0.602209,-0.006221,0.041426,-0.797239
67232.116,30.269460361,-97.744088777,132.0967,5,0.602396,-0.006757,0.040471,-0.797142
67232.516,30.269459160,-97.744084322,132.0887,5,0.602196,-0.004501,0.040439,-0.797311
67232.916,30.269457465,-97.744077932,132.0831,5,0.601530,-0.004634,0.039924,-0.797839
67233.316,30.269454914,-97.744069135,132.0658,5,0.600523,-0.003033,0.041484,-0.798525
67233.716,30.269452068,-97.744058792,132.0398,5,0.599173,-0.004315,0.041720,-0.799520
67234.116,30.269448518,-97.744046920,132.0199,5,0.597641,-0.002918,0.041599,-0.800678
67234.516,30.269444108,-97.744033619,132.0854,5,0.596191,-0.002646,0.039526,-0.801865
67234.916,30.269439700,-97.744018344,132.0354,5,0.595356,-0.002982,0.041223,-0.802398
67235.316,30.269434722,-97.744001596,131.9737,5,0.595968,-0.002845,0.046346,-0.801665
67235.716,30.269429181,-97.743982652,131.9041,5,0.598002,0.003181,0.048537,-0.800018
67236.116,30.269423497,-97.743961563,131.8439,5,0.599831,0.000093,0.038081,-0.799220
67236.516,30.269416915,-97.743938501,131.7954,5,0.600445,0.003902,0.044211,-0.798433
67236.916,30.269410337,-97.743913720,131.7073,1,0.601133,-0.001473,0.037802,-0.798253
67237.316,30.269403155,-97.743887812,131.6331,5,0.600313,-0.000572,0.039038,-0.798812
67237.716,30.269395733,-97.743860691,131.5277,1,0.599132,0.000864,0.035802,-0.799849
67238.116,30.269387929,-97.743832332,131.4663,5,0.598985,-0.001295,0.034109,-0.800032
67238.516,30.269379819,-97.743803128,131.4124,1,0.599786,-0.002156,0.032650,-0.799491
67238.916,30.269371381,-97.743772428,131.3493,1,0.600675,-0.003661,0.036604,-0.798647
67239.316,30.269362664,-97.743740885,131.2693,5,0.601047,-0.001088,0.042285,-0.798094
67239.716,30.269353649,-97.743708406,131.1715,1,0.600783,0.004805,0.040841,-0.798354
67240.116,30.269344398,-97.743674817,131.0974,5,0.600332,0.005348,0.042643,-0.798595
67240.516,30.269335291,-97.743641017,131.0183,1,0.601099,0.003485,0.040878,-0.798121
67240.916,30.269326098,-97.743606863,130.9214,1,0.601209,-0.004924,0.043043,-0.797917
67241.316,30.269316751,-97.743572052,130.8052,5,0.600365,-0.008742,0.042160,-0.798566
67241.716,30.269306810,-97.743536591,130.6854,1,0.599574,-0.005877,0.040545,-0.799270
67242.116,30.269296814,-97.743499966,130.5584,5,0.598913,-0.009005,0.039181,-0.799804
67242.516,30.269286404,-97.743462743,130.4233,1,0.598027,-0.009911,0.037603,-0.800532
67242.916,30.269275868,-97.743425216,130.3112,1,0.597193,-0.010777,0.038506,-0.801101
67243.316,30.269265374,-97.743387684,130.1788,5,0.597030,-0.011373,0.039960,-0.801142
67243.716,30.269254781,-97.743350391,130.0617,1,0.599129,-0.009673,0.039080,-0.799640
67244.116,30.269244526,-97.743312685,129.9483,5,0.601829,-0.009059,0.037698,-0.797683
67244.516,30.269234376,-97.743274924,129.8388,1,0.601947,-0.009204,0.034753,-0.797726
67244.916,30.269224089,-97.743236890,129.7311,1,0.601907,-0.013107,0.037099,-0.797597
67245.316,30.269214145,-97.743198498,129.5968,5,0.603399,-0.017573,0.036702,-0.796401
67245.716,30.269204079,-97.743160771,129.4731,1,0.604712,-0.016503,0.039337,-0.795301
67246.116,30.269194625,-97.743123976,129.3493,5,0.605077,-0.018717,0.035932,-0.795135
67246.516,30.269185645,-97.743088761,129.2555,1,0.603218,-0.019422,0.031005,-0.796737
67246.916,30.269176828,-97.743055637,129.2034,1,0.602453,-0.013983,0.031052,-0.797428
67247.316,30.269168607,-97.743024068,129.1386,5,0.601614,-0.017352,0.036267,-0.797774
67247.716,30.269160888,-97.742995116,129.0733,1,0.601066,-0.018828,0.037616,-0.798091
67248.116,30.269153891,-97.742968632,129.0188,5,0.600354,-0.015689,0.033596,-0.798874
67248.516,30.269147559,-97.742943955,128.9607,1,0.600355,-0.013987,0.031493,-0.798991
67248.916,30.269141705,-97.742920770,128.8908,1,0.600308,-0.018357,0.034036,-0.798834
67249.316,30.269136422,-97.742899259,128.8453,5,0.600529,-0.019782,0.031397,-0.798741
67249.716,30.269131316,-97.742880596,128.8175,1,0.600340,-0.018554,0.031479,-0.798910
67250.116,30.269126787,-97.742864075,128.8122,5,0.599976,-0.017525,0.032390,-0.799170
67250.516,30.269122801,-97.742850681,128.7972,1,0.600459,-0.012354,0.036415,-0.798730
67250.916,30.269119640,-97.742840574,128.8224,1,0.600791,-0.019152,0.038156,-0.798265
67251.316,30.269116981,-97.742829739,128.8161,5,0.600665,-0.014212,0.039648,-0.798391
67251.716,30.269114809,-97.742821284,128.7975,5,0.600470,-0.013498,0.038065,-0.798627
67252.116,30.269112857,-97.742815223,128.7693,5,0.600396,-0.013028,0.037315,-0.798726
67252.516,30.269111672,-97.742809380,128.7614,5,0.600373,-0.013162,0.037596,-0.798728
67252.916,30.269110181,-97.742805546,128.7428,5,0.600138,-0.013097,0.038022,-0.798885
67253.316,30.269109304,-97.742803298,128.7425,5,0.600000,-0.012889,0.038687,-0.798960
67253.716,30.269109646,-97.742802470,128.7566,5,0.600095,-0.012716,0.038622,-0.798895
67254.116,30.269110153,-97.742802870,128.7716,5,0.600286,-0.011580,0.037287,-0.798832
67254.516,30.269110600,-97.742803313,128.7876,5,0.600386,-0.011475,0.037182,-0.798763
67254.916,30.269110940,-97.742803704,128.7966,5,0.600541,-0.011408,0.037126,-0.798650
67255.316,30.269109996,-97.742806265,128.8176,5,0.600206,-0.011398,0.037094,-0.798904
67255.716,30.269109717,-97.742810316,128.8256,5,0.600165,-0.011332,0.037067,-0.798936
67256.116,30.269108314,-97.742809480,128.7858,5,0.600186,-0.011367,0.037302,-0.798909
67256.516,30.269107492,-97.742809079,128.7599,5,0.600104,-0.011329,0.037329,-0.798971
67256.916,30.269107742,-97.742809041,128.7838,5,0.599943,-0.011325,0.037264,-0.799094
67257.316,30.269104846,-97.742804657,128.6650,5,0.600250,-0.011379,0.037589,-0.798848
67257.716,30.269103282,-97.742802493,128.5861,5,0.600272,-0.011347,0.037690,-0.798827
67258.116,30.269100953,-97.742801112,128.4932,5,0.600461,-0.011358,0.037805,-0.798679
67258.516,30.269099976,-97.742800339,128.3842,5,0.600321,-0.011336,0.037786,-0.798785
67258.916,30.269099801,-97.742800330,128.3793,5,0.600330,-0.011289,0.037811,-0.798779
67259.316,30.269099746,-97.742800435,128.3813,5,0.600301,-0.011328,0.037836,-0.798798
67259.716,30.269099721,-97.742800400,128.3832,5,0.600300,-0.011352,0.037795,-0.798801
67260.116,30.269099701,-97.742800377,128.3822,5,0.600321,-0.011362,0.037778,-0.798786
67260.516,30.269099738,-97.742800424,128.3751,5,0.600327,-0.011402,0.037758,-0.798782
67260.916,30.269099729,-97.742800355,128.3751,5,0.600340,-0.011446,0.037758,-0.798771
67261.316,30.269099719,-97.742800284,128.3751,5,0.600346,-0.011461,0.037748,-0.798767
67261.716,30.269099651,-97.742800281,128.3700,5,0.600393,-0.011521,0.037693,-0.798733
67262.116,30.269099616,-97.742800128,128.3618,5,0.600413,-0.010843,0.036675,-0.798775
67262.516,30.269099350,-97.742799116,128.3537,5,0.600377,-0.010506,0.036230,-0.798827
67262.916,30.269098701,-97.742796898,128.3447,5,0.600379,-0.009959,0.035604,-0.798860
67263.316,30.269097586,-97.742792780,128.3235,5,0.600686,-0.010092,0.034278,-0.798686
67263.716,30.269095759,-97.742786113,128.3005,5,0.601181,-0.009659,0.033785,-0.798340
67264.116,30.269093015,-97.742776385,128.2674,5,0.601754,-0.008376,0.034597,-0.797888
67264.516,30.269089674,-97.742763820,128.2048,5,0.602213,-0.014397,0.036885,-0.797353
67264.916,30.269085691,-97.742749805,128.1469,5,0.602718,-0.013323,0.043133,-0.796677
67265.316,30.269081331,-97.742733928,128.0698,5,0.603287,-0.011381,0.037084,-0.796580
67265.716,30.269076180,-97.742715569,127.9917,5,0.603061,-0.009673,0.038750,-0.796695
67266.116,30.269070405,-97.742695123,127.9016,5,0.603232,-0.009471,0.043266,-0.796335
67266.516,30.269064250,-97.742673068,127.7901,5,0.602328,-0.011829,0.049104,-0.796649
67266.916,30.269057861,-97.742650338,127.6838,5,0.601123,-0.012225,0.035729,-0.798264
67267.316,30.269051235,-97.742627086,127.6041,5,0.600553,-0.011655,0.034259,-0.798766
67267.716,30.269044218,-97.742602981,127.5406,1,0.599552,-0.007201,0.027508,-0.799830
67268.116,30.269036777,-97.742576882,127.4975,5,0.599768,-0.005709,0.024476,-0.799779
67268.516,30.269028927,-97.742549142,127.4661,1,0.599492,-0.007879,0.016601,-0.800170
67268.916,30.269020649,-97.742520996,127.4944,1,0.599071,-0.003420,0.014388,-0.800559
67269.316,30.269012318,-97.742492022,127.4865,5,0.599002,-0.010889,0.024164,-0.800309
67269.716,30.269003659,-97.742462798,127.4632,1,0.598930,-0.008094,0.016939,-0.800581
67270.116,30.268994971,-97.742433112,127.4381,5,0.599085,-0.012235,0.024019,-0.800231
67270.516,30.268986198,-97.742403336,127.3684,1,0.599891,-0.017169,0.039608,-0.798916
67270.916,30.268977504,-97.742374016,127.2681,1,0.601339,-0.009153,0.037539,-0.798059
67271.316,30.268969285,-97.742344122,127.1754,5,0.603081,-0.011970,0.023898,-0.797232
67271.716,30.268960484,-97.742313128,127.1184,1,0.603705,-0.014713,0.023205,-0.796734
67272.116,30.268951636,-97.742281467,127.1219,5,0.605229,0.000167,0.007307,-0.796018
67272.516,30.268942185,-97.742248057,127.1664,1,0.604767,-0.007284,0.021017,-0.796091
67272.916,30.268932517,-97.742214189,127.1584,1,0.604992,-0.002233,0.023879,-0.795870
67273.316,30.268923128,-97.742180184,127.1576,5,0.606255,-0.000468,0.022189,-0.794961
67273.716,30.268913692,-97.742146155,127.1630,1,0.607370,-0.001079,0.020834,-0.794145
67274.116,30.268904168,-97.742111430,127.1632,5,0.607054,-0.000830,0.023236,-0.794320
67274.516,30.268894303,-97.742076054,127.1608,1,0.606054,0.003211,0.023199,-0.795078
67274.916,30.268884082,-97.742040151,127.1634,1,0.605214,0.005590,0.025028,-0.795650
67275.316,30.268874066,-97.742003888,127.1687,5,0.604320,0.002411,0.025294,-0.796337
67275.716,30.268863896,-97.741967890,127.1706,1,0.604157,0.004037,0.025799,-0.796437
67276.116,30.268853910,-97.741931987,127.1577,5,0.603828,-0.001074,0.027917,-0.796625
67276.516,30.268844000,-97.741896508,127.1456,5,0.605006,0.001668,0.028363,-0.795714
67276.916,30.268834204,-97.741861422,127.1460,1,0.607136,0.005072,0.027479,-0.794107
67277.316,30.268824524,-97.741826385,127.1578,5,0.607739,0.009586,0.029610,-0.793526
67277.716,30.268815030,-97.741791500,127.1979,1,0.606604,0.012640,0.020257,-0.794646
67278.116,30.268805280,-97.741756461,127.2644,5,0.603940,0.008552,0.020513,-0.796720
67278.516,30.268795352,-97.741721816,127.3290,5,0.602316,0.011345,0.021905,-0.797877
67278.916,30.268785547,-97.741687601,127.4019,1,0.602835,0.011455,0.020432,-0.797522
67279.316,30.268776142,-97.741653963,127.4720,5,0.604058,0.008442,0.018923,-0.796671
67279.716,30.268766851,-97.741621221,127.5708,1,0.604736,0.013032,0.014783,-0.796182
67280.116,30.268757751,-97.741588907,127.6784,5,0.603976,0.008636,0.016748,-0.796780
67280.516,30.268748829,-97.741557228,127.7780,5,0.603109,0.012117,0.008759,-0.797519
67280.916,30.268739726,-97.741525756,127.9022,1,0.602729,0.012771,0.014393,-0.797714
67281.316,30.268730645,-97.741493906,128.0203,5,0.602603,0.018435,0.010702,-0.797756
67281.716,30.268721476,-97.741461668,128.1761,1,0.602843,0.018272,0.013090,-0.797543
67282.116,30.268712393,-97.741429954,128.3064,5,0.603336,0.020845,0.009401,-0.797160
67282.516,30.268703520,-97.741398815,128.4406,5,0.603432,0.019156,0.010203,-0.797119
67282.916,30.268694662,-97.741368526,128.5827,1,0.603166,0.022017,0.009659,-0.797253
67283.316,30.268685496,-97.741337794,128.7415,5,0.602453,0.025216,0.011901,-0.797668
67283.716,30.268676036,-97.741306023,128.8848,1,0.601577,0.028149,0.016405,-0.798150
67284.117,30.268666107,-97.741273441,129.0497,5,0.601550,0.036079,0.018492,-0.797805
67284.517,30.268656307,-97.741240479,129.2530,1,0.600855,0.038149,0.014024,-0.798324
67284.917,30.268646376,-97.741208768,129.4492,5,0.600715,0.037525,0.013718,-0.798464
67285.317,30.268636910,-97.741177141,129.6325,1,0.601204,0.035266,0.020333,-0.798058
67285.717,30.268627661,-97.741145986,129.7643,1,0.601770,0.028111,0.031765,-0.797543
67286.117,30.268618483,-97.741115183,129.8706,5,0.600531,0.038904,0.017683,-0.798459
67286.517,30.268608996,-97.741083564,130.0199,1,0.600990,0.038769,0.021812,-0.798018
67286.917,30.268599492,-97.741051276,130.1685,1,0.601325,0.037180,0.023185,-0.797802
67287.317,30.268589886,-97.741019003,130.3255,5,0.600493,0.039374,0.018233,-0.798452
67287.717,30.268580150,-97.740986319,130.4942,1,0.598354,0.039070,0.014378,-0.800149
67288.117,30.268570493,-97.740953539,130.6962,5,0.598983,0.039809,0.006268,-0.799747
67288.517,30.268560717,-97.740920199,130.9181,1,0.598206,0.030458,0.005465,-0.800745
67288.917,30.268550555,-97.740886428,131.1220,1,0.593180,0.025965,0.001634,-0.804649
67289.317,30.268539838,-97.740852689,131.3168,5,0.588995,0.024890,0.001237,-0.807753
67289.717,30.268528557,-97.740818301,131.5204,1,0.584960,0.024561,0.002291,-0.810687
67290.117,30.268516762,-97.740783101,131.7141,5,0.581497,0.024693,0.002960,-0.813169
67290.517,30.268504385,-97.740746979,131.9069,1,0.580749,0.024451,0.005442,-0.813697
67290.917,30.268491916,-97.740709805,132.0836,1,0.580500,0.023147,0.006634,-0.813904
67291.317,30.268478888,-97.740671546,132.2657,5,0.579204,0.022867,0.007065,-0.814831
67291.717,30.268465367,-97.740632019,132.4392,1,0.578023,0.021246,0.009605,-0.815687
67292.117,30.268451842,-97.740592643,132.5931,5,0.579269,0.019948,0.014845,-0.814757
67292.517,30.268438270,-97.740552800,132.7047,1,0.582621,0.018416,0.019807,-0.812294
67292.917,30.268425591,-97.740513242,132.8238,1,0.585793,0.018763,0.023370,-0.809906
67293.317,30.268413131,-97.740474262,132.8876,5,0.588654,0.015664,0.026600,-0.807795
67293.717,30.268401279,-97.740435956,132.9389,1,0.592131,0.010417,0.025418,-0.805374
67294.117,30.268390282,-97.740398416,132.9838,5,0.595479,0.002395,0.028184,-0.802873
67294.517,30.268379271,-97.740362505,132.9682,1,0.597751,0.003148,0.036410,-0.800848
67294.917,30.268369527,-97.740328484,133.0520,1,0.597972,0.003367,0.043320,-0.800338
67295.317,30.268360378,-97.740297585,133.0359,5,0.595556,0.005641,0.048089,-0.801853
67295.717,30.268351951,-97.740270611,132.9878,1,0.588749,0.007711,0.051012,-0.806668
67296.117,30.268343832,-97.740248060,132.6009,5,0.577553,0.009482,0.051023,-0.814702
67296.517,30.268335290,-97.740226126,132.7018,1,0.560339,0.005804,0.056669,-0.826302
67296.917,30.268326189,-97.740206667,132.5681,1,0.529426,0.008928,0.054004,-0.846588
67297.317,30.268315518,-97.740188117,132.7108,5,0.479667,0.015308,0.055474,-0.875562
67297.717,30.268302546,-97.740174349,132.4791,1,0.410461,0.022273,0.058115,-0.909752
67298.117,30.268287062,-97.740159083,132.3374,5,0.327659,0.012763,0.073267,-0.941865
67298.517,30.268269261,-97.740148919,132.1128,1,0.237180,0.014979,0.073773,-0.968545
67298.917,30.268249336,-97.740139063,131.9581,1,0.145346,0.006987,0.075454,-0.986475
67299.317,30.268227776,-97.740140244,131.6182,5,0.058226,0.004091,0.077534,-0.995280
67299.717,30.268205065,-97.740140310,131.6326,1,0.016578,-0.004924,-0.082754,0.996420
67300.117,30.268181465,-97.740143510,131.2329,5,0.067680,-0.013363,-0.087773,0.993749
67300.517,30.268156664,-97.740147656,130.9189,1,0.097502,-0.015214,-0.088869,0.991143
67300.917,30.268130563,-97.740158199,130.6256,1,0.116816,-0.015217,-0.092420,0.988727
67301.317,30.268102756,-97.740169614,130.0552,5,0.135407,-0.013170,-0.090096,0.986597
67301.717,30.268073538,-97.740180689,129.6088,1,0.152481,-0.013538,-0.089440,0.984158
67302.117,30.268042868,-97.740194609,129.0056,5,0.164035,-0.013685,-0.090245,0.982222
67302.517,30.268011300,-97.740208975,128.6010,1,0.170699,-0.017737,-0.087999,0.981225
67302.917,30.267978588,-97.740225111,128.0983,1,0.173632,-0.012791,-0.082043,0.981304
67303.317,30.267945165,-97.740240852,127.6140,5,0.170727,-0.016619,-0.084761,0.981525
67303.717,30.267911144,-97.740256168,127.1927,1,0.165890,-0.017380,-0.072565,0.983317
67304.117,30.267876539,-97.740272972,126.9403,5,0.160378,-0.019595,-0.068914,0.984452
67304.517,30.267842241,-97.740285961,126.6292,1,0.156430,-0.014489,-0.060508,0.985727
67304.917,30.267807885,-97.740299607,126.3893,1,0.153827,-0.013011,-0.052137,0.986635
67305.317,30.267774098,-97.740313288,126.1155,5,0.151806,-0.012910,-0.049738,0.987074
67305.717,30.267741219,-97.740326778,125.9840,1,0.149874,-0.013835,-0.047077,0.987487
67306.117,30.267709855,-97.740338849,125.8556,5,0.148953,-0.011461,-0.042030,0.987884
67306.517,30.267680539,-97.740350265,125.7615,1,0.145719,-0.010568,-0.044065,0.988288
67306.917,30.267653041,-97.740360955,125.6564,1,0.142177,-0.008762,-0.045221,0.988769
67307.317,30.267627676,-97.740370675,125.5963,5,0.139126,-0.008259,-0.039479,0.989453
67307.717,30.267603356,-97.740379243,125.4128,1,0.136241,-0.011162,-0.043610,0.989652
67308.117,30.267581457,-97.740387004,125.2171,5,0.135518,-0.013860,-0.043656,0.989716
67308.517,30.267561407,-97.740394053,124.9914,1,0.134057,-0.012933,-0.037335,0.990186
67308.917,30.267542312,-97.740398983,124.6905,1,0.144186,-0.005696,-0.032896,0.988987
67309.317,30.267523050,-97.740404279,124.9649,5,0.146326,-0.003866,-0.023147,0.988958
67309.717,30.267504186,-97.740417042,125.1626,1,0.177608,0.004208,-0.019432,0.983900
67310.117,30.267520325,-97.740414315,126.0623,5,0.223407,0.016732,-0.036975,0.973880
67310.517,30.267582151,-97.740417208,119.1467,5,0.337489,-0.009091,0.012602,0.941201
67310.917,30.267587869,-97.740427796,113.9284,1,0.384066,0.016370,-0.041803,0.922214
67311.317,30.267560513,-97.740480711,126.4755,5,0.487422,-0.015107,-0.046355,0.871804
67311.717,30.267593575,-97.740587972,129.3913,1,0.604766,-0.050901,0.001023,0.794774
67312.117,30.267613898,-97.740634141,136.2921,5,0.682554,-0.057590,0.003533,0.728554
67312.517,30.267641898,-97.740673804,123.3855,1,0.754001,-0.065121,-0.017232,0.653410
67312.917,30.267670386,-97.740720295,123.2287,1,0.807407,-0.067120,-0.022727,0.585724
67313.317,30.267702573,-97.740768299,123.7758,5,0.837716,-0.068541,-0.025469,0.541189
67318.018,30.267518305,-97.740837622,123.0496,5,0.807590,0.253555,0.225769,0.482220
67318.418,30.267509674,-97.740811421,121.4908,5,0.807850,0.252825,0.226369,0.481888
67318.818,30.267497816,-97.740774406,119.4971,5,0.808017,0.252516,0.227275,0.481343
67319.218,30.267564073,-97.741015988,125.4401,5,0.860753,0.005662,0.011873,0.508853
67319.618,30.267568982,-97.741039175,125.4759,5,0.861003,0.006143,0.013073,0.508394
67320.018,30.267545554,-97.740937575,125.2756,5,0.818936,0.072642,0.070025,0.564945
67320.418,30.267541589,-97.740922929,125.0828,5,0.818564,0.071991,0.069740,0.565602
67320.818,30.267536003,-97.740902772,124.8103,5,0.817193,0.070423,0.070362,0.567702
67321.218,30.267552703,-97.740986031,127.5210,5,0.827354,0.033769,0.033412,0.559668
67321.618,30.267548343,-97.740976737,127.6175,5,0.826532,0.034360,0.033451,0.560843
67322.018,30.267556881,-97.740981842,126.8916,5,0.871566,0.012925,0.035853,0.488795
67322.418,30.267552011,-97.740969046,126.8125,5,0.870846,0.013780,0.034422,0.490156
67322.818,30.267545834,-97.740952877,126.7186,5,0.870295,0.015257,0.032539,0.491217
67323.218,30.267554806,-97.740992786,125.9795,5,0.888029,-0.007026,0.022871,0.459165
67323.618,30.267548631,-97.740978949,125.8871,5,0.888218,-0.008455,0.022582,0.458789
67324.018,30.267562456,-97.740987125,126.6043,5,0.928130,-0.031043,0.028387,0.369871
67324.418,30.267556830,-97.740973378,126.6292,5,0.928250,-0.030648,0.029461,0.369519
67324.818,30.267550243,-97.740957475,126.6652,5,0.928327,-0.029159,0.029257,0.369464
67325.218,30.267557342,-97.740977778,128.4012,5,0.946335,-0.060258,0.022113,0.316750
67325.618,30.267552808,-97.740967415,128.6724,5,0.946300,-0.061035,0.022003,0.316714
67326.018,30.267560265,-97.740986215,128.3508,5,0.937080,-0.071907,0.013282,0.341371
67326.418,30.267557558,-97.740979105,128.5059,5,0.937077,-0.071496,0.012633,0.341489
67326.818,30.267555883,-97.740972576,128.6633,5,0.936966,-0.072407,0.011650,0.341639
67327.218,30.267578006,-97.741010166,128.6882,5,0.939744,-0.094585,0.006323,0.328473
67327.618,30.267582355,-97.741012094,128.8654,5,0.939550,-0.096193,0.004833,0.328586
67328.018,30.267564660,-97.741010496,128.9811,5,0.919654,-0.088260,-0.003383,0.382670
67328.418,30.267568329,-97.741014787,129.1152,5,0.919506,-0.089254,-0.004660,0.382781
67328.818,30.267573498,-97.741020952,129.2385,5,0.919389,-0.090171,-0.005824,0.382830
67329.218,30.267575430,-97.741021255,129.5688,5,0.927710,-0.083851,-0.003289,0.363748
67329.618,30.267584366,-97.741031303,129.6563,5,0.927832,-0.079026,-0.003266,0.364517
67330.018,30.267573171,-97.741040365,129.1299,5,0.917916,-0.071384,-0.003714,0.390283
67330.418,30.267585425,-97.741057309,129.1119,5,0.917333,-0.072933,-0.004660,0.391355
67330.818,30.267600549,-97.741078053,129.0477,5,0.916424,-0.084038,-0.010671,0.391140
67331.218,30.267611743,-97.741101008,129.3810,5,0.909154,-0.075230,-0.003576,0.409594
67331.618,30.267630420,-97.741128022,129.2840,5,0.909157,-0.075022,-0.009077,0.409540
67332.018,30.267678084,-97.741141407,129.5957,5,0.930984,-0.070853,-0.002975,0.358105
67332.418,30.267705500,-97.741171248,129.4615,5,0.930330,-0.076367,-0.006754,0.358620
67332.818,30.267676463,-97.741212031,130.0361,5,0.907772,-0.058781,-0.007935,0.415248
67333.218,30.267699743,-97.741248237,129.9211,5,0.907750,-0.062146,-0.010680,0.414744
67333.618,30.267724228,-97.741286475,129.7884,5,0.907743,-0.065671,-0.010475,0.414221
67334.018,30.267830957,-97.741293857,129.7135,5,0.938099,-0.072644,-0.002492,0.338653
67334.418,30.267866973,-97.741331823,129.5037,5,0.937564,-0.079926,-0.003790,0.338485
67334.818,30.267904555,-97.741371959,129.2669,5,0.937745,-0.078924,-0.004018,0.338214
67335.218,30.267856715,-97.741405573,130.9212,5,0.928128,-0.062650,-0.000087,0.366952
67335.618,30.267887532,-97.741448789,130.8469,5,0.927639,-0.061553,-0.001712,0.368366
67336.018,30.267982882,-97.741491270,131.0694,5,0.931697,-0.069701,-0.005270,0.356447
67336.418,30.268020514,-97.741537375,131.0053,5,0.931323,-0.069856,-0.008253,0.357337
67336.818,30.268058297,-97.741584478,130.9602,5,0.931276,-0.068560,-0.008617,0.357700
67337.218,30.267873416,-97.741582473,135.0378,5,0.915229,-0.024687,0.002900,0.402166
67337.618,30.267888317,-97.741623072,135.2820,5,0.915106,-0.025190,0.002778,0.402417
67338.018,30.267975184,-97.741574728,135.3231,5,0.905654,-0.041228,0.020602,0.421505
67338.418,30.267997128,-97.741608458,135.5221,5,0.905817,-0.040022,0.020295,0.421287
67338.818,30.268018510,-97.741642056,135.7358,5,0.905903,-0.039955,0.020062,0.421119
67339.218,30.267885970,-97.741598890,137.0062,5,0.904577,-0.014172,0.027651,0.425177
67339.618,30.267892556,-97.741624466,137.2083,5,0.904775,-0.012744,0.028563,0.424741
67340.018,30.267899108,-97.741612399,138.5825,5,0.893553,-0.015715,0.032819,0.447481
67340.418,30.267904347,-97.741632633,138.8116,5,0.893710,-0.009054,0.036045,0.447103
67340.818,30.267908620,-97.741652057,139.0660,5,0.893737,-0.011764,0.039581,0.446687
67341.218,30.267940901,-97.741736872,140.6849,5,0.901144,-0.006571,0.028979,0.432501
67341.618,30.267944174,-97.741761389,141.0170,5,0.901970,-0.005950,0.023791,0.431102
67342.018,30.267983316,-97.741787424,141.8470,5,0.898786,-0.006061,0.027590,0.437476
67342.418,30.267988880,-97.741812719,142.2322,5,0.899153,-0.007489,0.026870,0.436744
67342.818,30.267994124,-97.741838536,142.6183,5,0.899378,-0.008118,0.027561,0.436226
67343.218,30.267997138,-97.741870140,142.7479,5,0.894281,-0.008137,0.029194,0.446479
67343.618,30.268002242,-97.741897383,143.1408,5,0.893575,-0.008650,0.029746,0.447844
67344.018,30.267988931,-97.741921241,145.3591,5,0.894211,-0.005741,0.031824,0.446477
67344.418,30.267991605,-97.741949486,145.8204,5,0.893857,-0.003997,0.031262,0.447244
67344.818,30.267993453,-97.741978022,146.3058,5,0.893563,0.000974,0.029861,0.447942
67345.218,30.268017742,-97.741995241,148.2503,5,0.894432,-0.001378,0.026971,0.446389
67345.618,30.268019240,-97.742023253,148.8025,5,0.893902,-0.000525,0.027695,0.447406
67346.018,30.268000954,-97.742062590,148.8742,5,0.889824,-0.000250,0.021952,0.455776
67346.418,30.267998601,-97.742090874,149.3787,5,0.889241,0.001279,0.020545,0.456975
67346.818,30.267994930,-97.742118616,149.8878,5,0.888720,0.001495,0.022691,0.457886
67347.218,30.268021345,-97.742130548,152.0376,5,0.891565,0.000667,0.023803,0.452265
67347.618,30.268016600,-97.742157032,152.6055,5,0.892025,0.001707,0.023417,0.451377
67348.018,30.268036286,-97.742167593,155.1984,5,0.885653,0.001930,0.025587,0.463639
67348.418,30.268031169,-97.742191540,155.8465,5,0.886617,0.003182,0.018713,0.462115
67348.818,30.268024708,-97.742214603,156.5000,5,0.886047,0.007163,0.017896,0.463194
67349.218,30.268024743,-97.742246930,156.3968,5,0.877650,0.013015,0.016060,0.478856
67349.618,30.268016458,-97.742268899,157.0665,5,0.876512,0.002908,0.010985,0.481245
67350.018,30.268016133,-97.742297630,156.8670,5,0.870472,0.004358,0.012628,0.492037
67350.418,30.268006746,-97.742318248,157.4492,5,0.870258,0.001562,0.010971,0.492471
67350.818,30.267996315,-97.742338400,158.0238,5,0.869981,-0.007018,0.009624,0.492942
67351.218,30.267995295,-97.742376114,156.8731,5,0.862293,-0.003504,0.010430,0.506291
67351.618,30.267984044,-97.742395119,157.4418,5,0.862128,0.004338,0.013631,0.506489
67352.018,30.268002293,-97.742422015,157.0935,5,0.854816,0.002500,0.020267,0.518529
67352.418,30.267991685,-97.742440018,157.7063,5,0.854452,0.002915,0.024468,0.518945
67352.818,30.267980046,-97.742457618,158.3267,5,0.854123,0.003604,0.026399,0.519388
67353.218,30.268073689,-97.742487674,157.5152,5,0.852535,-0.008048,0.029612,0.521769
67353.618,30.268068379,-97.742505116,158.1354,5,0.851544,-0.008902,0.032248,0.523215
67354.018,30.268126744,-97.742590587,154.4319,5,0.841292,-0.011955,0.027608,0.539742
67354.418,30.268123351,-97.742610992,154.9558,5,0.840625,-0.010839,0.024237,0.540967
67354.818,30.268119058,-97.742630588,155.4766,5,0.839888,-0.011287,0.021566,0.542214
67355.218,30.268107864,-97.742645303,155.9260,5,0.835070,-0.009009,0.022871,0.549594
67355.618,30.268100920,-97.742662594,156.4590,5,0.833244,-0.007348,0.022098,0.552415
67356.018,30.268099030,-97.742603997,157.9285,5,0.834513,-0.015903,0.030387,0.549920
67356.418,30.268090755,-97.742613907,158.4805,5,0.831650,-0.010072,0.033007,0.554226
67356.818,30.268081682,-97.742623651,159.0468,5,0.829074,-0.008895,0.032279,0.558136
67357.218,30.268062368,-97.742701414,159.0301,5,0.812569,-0.009903,0.025795,0.582210
67357.618,30.268051576,-97.742714482,159.5840,5,0.807857,-0.007964,0.025271,0.588783
67358.018,30.268040501,-97.742821582,158.7097,5,0.794813,-0.002045,0.016311,0.606632
67358.418,30.268027448,-97.742839072,159.2534,5,0.789604,-0.001141,0.013557,0.613466
67358.818,30.268013438,-97.742856757,159.8019,5,0.784687,-0.000939,0.013337,0.619747
67359.218,30.268039238,-97.742867633,160.8314,5,0.777447,-0.004195,0.013150,0.628797
67359.618,30.268026261,-97.742885272,161.4079,5,0.776662,-0.003178,0.013602,0.629762
67360.018,30.268075467,-97.742977821,164.2839,5,0.771382,-0.001933,0.008021,0.636319
67360.418,30.268064304,-97.742999674,164.9300,5,0.774054,-0.001646,0.007222,0.633076
67360.818,30.268081584,-97.743067171,165.9842,5,0.767628,-0.001105,0.001146,0.640893
67361.218,30.268071047,-97.743091202,166.6369,5,0.771230,0.000228,-0.001249,0.636555
67361.618,30.268060312,-97.743114940,167.2932,5,0.774949,0.000453,-0.001826,0.632020
67362.018,30.268094683,-97.743196028,168.3106,5,0.773652,-0.002878,-0.005797,0.633578
67362.418,30.268085559,-97.743221501,168.9856,5,0.775962,-0.001526,-0.004390,0.630763
67362.818,30.268075904,-97.743246815,169.6650,5,0.775762,-0.002251,-0.004700,0.631004
67363.218,30.268109524,-97.743299822,168.1346,5,0.763742,-0.003657,-0.005582,0.645487
67363.618,30.268100276,-97.743325809,168.7681,5,0.763228,-0.006980,-0.009475,0.646022
67364.018,30.268111000,-97.743384097,166.0310,5,0.753911,-0.003432,-0.006116,0.656940
67364.418,30.268101423,-97.743408860,166.6187,5,0.753637,-0.003622,-0.011380,0.657182
67364.818,30.268091112,-97.743432663,167.1835,5,0.754173,-0.002663,-0.019996,0.656366
67365.218,30.268173534,-97.743516176,163.5088,5,0.759941,0.001927,-0.017114,0.649764
67365.618,30.268166638,-97.743541773,164.0025,5,0.758506,-0.004196,-0.022538,0.651263
67366.018,30.268203564,-97.743525669,164.8841,5,0.753576,-0.001576,-0.014667,0.657196
67366.418,30.268196966,-97.743549771,165.4089,5,0.752060,-0.001117,-0.014507,0.658934
67366.818,30.268189728,-97.743573538,165.9430,5,0.750510,-0.000998,-0.015412,0.660679
67367.218,30.268349663,-97.743629546,165.2212,5,0.758334,-0.012861,-0.020070,0.651431
67367.618,30.268350189,-97.743653979,165.7192,5,0.757902,-0.013231,-0.018163,0.651981
67368.018,30.268551367,-97.743727959,162.3687,5,0.756898,-0.020978,-0.019710,0.652899
67368.418,30.268560652,-97.743753945,162.8107,5,0.753508,-0.022309,-0.021227,0.656717
67368.818,30.268569605,-97.743779706,163.2565,5,0.750922,-0.021683,-0.021060,0.659699
67369.218,30.268616085,-97.743888240,157.8197,5,0.736078,-0.023247,-0.021047,0.676169
67369.618,30.268625252,-97.743914924,158.2181,5,0.736693,-0.010951,-0.018008,0.675899
67370.018,30.268679700,-97.743965277,155.5143,5,0.741949,-0.021129,-0.023717,0.669703
67370.418,30.268689965,-97.743991058,155.8526,5,0.741577,-0.021252,-0.023487,0.670119
67370.818,30.268699923,-97.744014928,156.2013,5,0.741331,-0.021040,-0.023641,0.670393
67371.218,30.268723497,-97.744041950,156.2874,5,0.741607,-0.024812,-0.026248,0.669861
67371.618,30.268733329,-97.744062908,156.6249,5,0.741845,-0.023089,-0.022705,0.669789
67372.018,30.268745416,-97.744075682,156.0159,5,0.746164,-0.024564,-0.021575,0.664959
67372.418,30.268755298,-97.744095067,156.3540,5,0.745794,-0.025039,-0.020794,0.665381
67372.818,30.268764870,-97.744113960,156.6945,5,0.743546,-0.024345,-0.020789,0.667918
67373.218,30.268748511,-97.744164546,156.2215,5,0.747419,-0.022314,-0.020759,0.663654
67373.618,30.268756709,-97.744182992,156.5342,1,0.743649,-0.021566,-0.020543,0.667906
67374.018,30.268765119,-97.744200501,156.8117,5,0.741211,-0.020550,-0.018995,0.670688
67374.418,30.268772802,-97.744219978,157.1333,5,0.739270,-0.018742,-0.017662,0.672916
67374.818,30.268780905,-97.744240131,157.4155,1,0.739209,-0.017880,-0.017767,0.673004
67381.318,30.268727482,-97.745189521,127.6077,5,0.674251,-0.025291,-0.010094,-0.738000
67381.718,30.268739242,-97.745217313,127.6236,5,0.675192,-0.028062,-0.007748,-0.737067
67382.118,30.268751760,-97.745264463,128.9793,5,0.678813,0.004986,-0.019454,-0.734036
67382.518,30.268761348,-97.745298875,128.9746,5,0.678799,0.004789,-0.023342,-0.733937
67382.918,30.268770959,-97.745333936,128.9843,5,0.678768,0.005532,-0.024365,-0.733928
67383.318,30.268773240,-97.745389186,128.0631,5,0.676795,0.020078,-0.034649,-0.735082
67383.718,30.268782390,-97.745430994,128.0792,5,0.675008,0.020631,-0.033004,-0.736783
67384.118,30.268790051,-97.745465753,127.5590,5,0.744201,0.008224,-0.025467,-0.667420
67384.518,30.268799093,-97.745507919,127.5352,5,0.743018,0.008653,-0.025673,-0.668723
67384.918,30.268808042,-97.745551613,127.5085,5,0.742232,0.008912,-0.025532,-0.669597
67385.318,30.268814030,-97.745584913,127.0279,5,0.777415,-0.004411,-0.024556,-0.628493
67385.718,30.268823393,-97.745628600,127.0163,5,0.777989,-0.004886,-0.023912,-0.627804
67386.118,30.268832312,-97.745655918,127.1577,5,0.770745,-0.015986,-0.018915,-0.636662
67386.518,30.268842288,-97.745698366,127.2288,5,0.772443,-0.015090,-0.018421,-0.634638
67386.918,30.268852625,-97.745741315,127.3033,5,0.775097,-0.015547,-0.017622,-0.631405
67387.318,30.268852070,-97.745766489,128.7195,5,0.760864,-0.022953,-0.005996,-0.648477
67387.718,30.268861663,-97.745807617,128.9881,5,0.769258,-0.024573,-0.004534,-0.638449
67388.118,30.268886280,-97.745847614,128.4561,5,0.801333,-0.031157,-0.008277,-0.597350
67388.518,30.268899864,-97.745888379,128.6092,5,0.808013,-0.032245,-0.008836,-0.588215
67388.918,30.268914394,-97.745927498,128.7676,5,0.810472,-0.035092,-0.006896,-0.584684
67389.318,30.268910461,-97.745939546,129.5966,5,0.761223,-0.043256,0.004509,-0.647030
67389.718,30.268921851,-97.745973854,129.8123,5,0.755776,-0.048719,-0.000505,-0.653016
67390.118,30.268897709,-97.746050156,129.0897,5,0.765671,-0.036440,0.001544,-0.642198
67390.518,30.268903648,-97.746092082,129.2019,5,0.763669,-0.039051,0.004691,-0.644408
67390.918,30.268908908,-97.746137382,129.3173,5,0.763636,-0.043086,0.005925,-0.644181
67391.318,30.268918979,-97.746201181,128.9627,5,0.781432,-0.040265,0.004130,-0.622676
67391.718,30.268924029,-97.746257385,129.0045,5,0.799620,-0.039709,0.005173,-0.599169
67392.118,30.268934212,-97.746276421,128.3311,5,0.866543,-0.048633,0.009316,-0.496640
67392.518,30.268941492,-97.746332402,128.3325,5,0.900209,-0.049854,0.008057,-0.432521
67392.918,30.268951017,-97.746390967,128.3685,5,0.936301,-0.039920,0.022563,-0.348193
67393.319,30.268974554,-97.746467350,129.9091,5,0.952557,-0.029614,0.032743,-0.301140
67393.719,30.268991516,-97.746533954,130.0432,5,0.976230,-0.036380,0.032843,-0.211122
67394.119,30.268998464,-97.746565015,129.8558,5,0.992264,-0.041741,0.032797,-0.112224
67394.519,30.269016655,-97.746633933,130.0398,5,0.998382,-0.040030,0.034036,-0.021748
67394.919,30.269036441,-97.746706443,130.2253,5,0.996620,-0.040826,0.031182,0.064109
67395.319,30.269022909,-97.746809206,131.2406,5,0.988740,-0.036296,0.017880,0.144071
67395.719,30.269028871,-97.746858253,131.3384,5,0.983430,-0.035506,0.023605,0.176205
67396.119,30.269047616,-97.746933892,131.5669,5,0.983036,-0.038265,0.024996,0.177627
67396.519,30.269019245,-97.746958511,131.4339,5,0.976324,-0.037453,0.037014,0.209806
67396.919,30.269034988,-97.747026262,131.6594,5,0.978088,-0.034595,0.033424,0.202559
67397.319,30.269052282,-97.747092218,131.8854,5,0.979141,-0.037850,0.032567,0.196949
67397.719,30.269002659,-97.747042506,130.7601,5,0.962693,-0.043493,0.047661,0.262792
67398.119,30.269017364,-97.747095020,130.9128,5,0.963305,-0.047148,0.049609,0.259537
67398.519,30.269032777,-97.747145065,131.0386,5,0.963039,-0.050191,0.051861,0.259514
67398.919,30.268790868,-97.746854119,128.3248,5,0.910936,-0.039469,0.090393,0.400584
67399.319,30.268786183,-97.746868299,128.2149,5,0.910606,-0.043400,0.082703,0.402584
67399.719,30.268781535,-97.746877709,128.0423,5,0.910797,-0.044383,0.075907,0.403382
67400.119,30.268763099,-97.746775552,126.0465,5,0.880399,-0.037088,0.070037,0.467566
67400.519,30.268756145,-97.746767420,125.7133,5,0.879311,-0.037646,0.072441,0.469198
67400.919,30.268740620,-97.746720090,124.1328,5,0.875234,-0.035220,0.072617,0.476918
67401.319,30.268731713,-97.746697926,123.6524,5,0.874443,-0.039014,0.069804,0.478492
67401.719,30.268722463,-97.746669602,123.1221,5,0.874165,-0.040071,0.069741,0.478921
67402.119,30.268816182,-97.746731217,124.3004,5,0.895478,-0.050541,0.064570,0.437488
67402.519,30.268813176,-97.746699035,123.8316,5,0.895815,-0.053935,0.066625,0.436083
67402.919,30.268809917,-97.746661165,123.3281,5,0.894997,-0.056086,0.068683,0.437170
67403.319,30.268870560,-97.746716570,122.8867,5,0.863001,-0.058679,0.055607,0.498692
67403.719,30.268872550,-97.746678104,122.4482,5,0.862131,-0.060426,0.055793,0.499965
67404.119,30.268887111,-97.747032590,126.5403,5,0.824542,-0.057891,0.031178,0.561968
67404.519,30.268887285,-97.747015402,126.4854,5,0.824019,-0.059409,0.031001,0.562586
67404.919,30.268887768,-97.746994163,126.4262,5,0.823408,-0.061164,0.031458,0.563266
67405.319,30.268896512,-97.747015441,127.2844,5,0.810360,-0.065977,0.027923,0.581536
67405.719,30.268899609,-97.746991543,127.2587,5,0.809853,-0.068274,0.028415,0.581953
67406.119,30.268909343,-97.747058406,127.2415,5,0.810565,-0.073468,0.022831,0.580574
67406.519,30.268913641,-97.747040020,127.2835,5,0.810087,-0.074793,0.023755,0.581034
67406.919,30.268919396,-97.747020914,127.3215,5,0.809505,-0.077180,0.023905,0.581527
67407.319,30.268935871,-97.746945078,122.9798,5,0.814144,-0.085893,0.021733,0.573864
67407.719,30.268944231,-97.746928360,122.9229,5,0.813508,-0.088896,0.021463,0.574319
67408.119,30.268931646,-97.746900268,119.2771,5,0.766996,-0.092265,0.014135,0.634826
67408.519,30.268943289,-97.746889200,119.1306,5,0.766166,-0.095526,0.013751,0.635355
67408.919,30.268956572,-97.746878724,118.9741,5,0.765315,-0.098786,0.013337,0.635890
67409.319,30.268971927,-97.746872441,115.1732,5,0.761897,-0.107868,0.001901,0.638650
67409.719,30.268983572,-97.746872749,114.9734,5,0.760991,-0.111340,0.000928,0.639136
67410.119,30.268956928,-97.746857461,112.8561,5,0.684749,-0.109052,-0.016286,0.720389
67410.519,30.268963105,-97.746865039,112.6523,5,0.683557,-0.112478,-0.017768,0.720960
67410.919,30.268970092,-97.746874639,112.4356,5,0.682322,-0.115898,-0.019222,0.721551
67411.319,30.268967358,-97.746871617,112.3424,5,0.658946,-0.116351,-0.024533,0.742732
67411.719,30.268972988,-97.746885035,112.1107,5,0.657663,-0.119717,-0.026066,0.743282
67412.119,30.268966229,-97.746888803,113.2776,5,0.630078,-0.116198,-0.029989,0.767203
67412.519,30.268970680,-97.746903699,113.0688,5,0.628702,-0.119363,-0.031472,0.767786
67412.919,30.268975682,-97.746920998,112.8431,5,0.627294,-0.122576,-0.032974,0.768368
67413.319,30.268969389,-97.746931297,112.6361,5,0.599344,-0.118173,-0.035618,0.790919
67413.719,30.268973512,-97.746949902,112.3905,5,0.597865,-0.121211,-0.036944,0.791518
67414.119,30.268968029,-97.746961832,112.7657,5,0.575845,-0.116216,-0.038262,0.808352
67414.519,30.268971711,-97.746981027,112.5141,5,0.574296,-0.119082,-0.039462,0.808979
67414.919,30.268975795,-97.747002670,112.2454,5,0.572739,-0.121907,-0.040695,0.809600
67415.319,30.268981215,-97.747023839,111.5871,5,0.561210,-0.117349,-0.041152,0.818278
67415.719,30.268984927,-97.747047944,111.2634,5,0.559832,-0.119584,-0.041428,0.818884
67416.119,30.268992199,-97.747081357,110.3318,5,0.565927,-0.112558,-0.040624,0.815725
67416.519,30.268994707,-97.747110118,109.9075,5,0.564439,-0.113483,-0.039869,0.816664
67416.919,30.268996459,-97.747144735,109.4125,5,0.560961,-0.114801,-0.039457,0.818894
67417.319,30.269002006,-97.747175673,108.7695,5,0.558947,-0.108417,-0.040629,0.821080
67417.719,30.269000906,-97.747213701,108.1988,5,0.532908,-0.111691,-0.039768,0.837826
67418.119,30.268999874,-97.747248401,108.4406,5,0.504571,-0.101137,-0.036570,0.856646
67418.519,30.268994599,-97.747287090,107.8783,5,0.451752,-0.101131,-0.029607,0.885899
67418.919,30.268986925,-97.747327213,107.3261,5,0.384223,-0.096479,-0.025706,0.917826
67419.319,30.268970500,-97.747342275,107.6653,5,0.306220,-0.090029,-0.015925,0.947560
67419.719,30.268957818,-97.747378039,107.2780,5,0.219718,-0.091167,0.007166,0.971268
67420.119,30.268931087,-97.747377205,107.9742,5,0.120737,-0.091054,0.012962,0.988415
67420.519,30.268914960,-97.747403644,107.7882,5,0.024375,-0.093805,0.021347,0.995063
67420.919,30.268919367,-97.747405103,107.1835,5,0.082939,0.085654,-0.034424,-0.992270
67421.319,30.268907426,-97.747424437,107.1315,5,0.144398,0.076702,-0.040255,-0.985721
67421.719,30.268863015,-97.747472533,106.6268,5,0.165113,0.075447,-0.036133,-0.982721
67422.119,30.268848418,-97.747493701,106.5995,5,0.182146,0.070418,-0.034030,-0.980156
67422.519,30.268836686,-97.747510960,105.4020,5,0.162233,0.066081,-0.032733,-0.983993
67422.919,30.268821461,-97.747534023,105.3325,5,0.151909,0.066062,-0.029550,-0.985741
67423.319,30.268806151,-97.747559329,105.2421,5,0.140178,0.069457,-0.026241,-0.987338
67423.719,30.268796564,-97.747586261,104.5781,5,0.105804,0.068601,-0.020831,-0.991799
67424.119,30.268781814,-97.747615626,104.4291,5,0.098517,0.075175,-0.016803,-0.992150
67424.519,30.268768471,-97.747646640,104.2560,5,0.100035,0.080812,-0.015853,-0.991570
67424.919,30.268756789,-97.747678557,104.0806,5,0.107409,0.079988,-0.016255,-0.990859
67425.319,30.268693208,-97.747669960,104.1346,5,0.105876,0.077415,-0.007747,-0.991331
67425.719,30.268680575,-97.747700876,103.9375,5,0.112978,0.080979,-0.008386,-0.990257
67426.119,30.268569331,-97.747617701,103.9603,5,0.124260,0.072302,0.001294,-0.989611
67426.519,30.268553990,-97.747643613,103.7417,5,0.131306,0.071633,0.002463,-0.988747
67426.919,30.268541532,-97.747670773,103.5059,5,0.138296,0.072582,0.006841,-0.987704
67427.319,30.268431982,-97.747480976,103.3644,5,0.193242,0.063143,0.010606,-0.979060
67427.719,30.268422511,-97.747502897,103.0756,5,0.197898,0.063120,0.011381,-0.978122
67428.119,30.268432789,-97.747526649,102.2984,5,0.196736,0.063256,0.010340,-0.978359
67428.519,30.268431630,-97.747552768,101.9603,5,0.200071,0.062952,0.011262,-0.977692
67428.919,30.268433637,-97.747580936,101.6014,5,0.203023,0.063747,0.011697,-0.977027
67429.319,30.268530581,-97.747425766,95.6610,5,0.190489,0.055841,0.007881,-0.980068
67429.719,30.268543142,-97.747449417,95.0962,5,0.193325,0.055877,0.008505,-0.979506
67430.119,30.268380401,-97.747339755,87.6274,5,0.090938,0.042358,0.017267,-0.994805
67430.519,30.268390327,-97.747350461,86.9574,5,0.092622,0.045786,0.016589,-0.994510
67430.919,30.268402842,-97.747361635,86.2672,5,0.094391,0.045360,0.017813,-0.994342
67431.319,30.268338296,-97.747267881,84.9785,5,0.122397,0.037679,0.018668,-0.991590
67431.719,30.268352240,-97.747277395,84.2200,5,0.123897,0.028569,0.019736,-0.991687
67432.119,30.268368214,-97.747259771,83.5309,5,0.132114,0.030770,0.020513,-0.990544
67432.519,30.268386838,-97.747270487,82.7868,5,0.133918,0.030664,0.020489,-0.990306
67432.919,30.268407102,-97.747281614,82.0376,5,0.135527,0.030783,0.019232,-0.990109
67433.319,30.268420007,-97.747277573,80.7690,5,0.134737,0.030198,0.019479,-0.990230
67433.719,30.268441531,-97.747288227,80.0149,5,0.136395,0.030042,0.019530,-0.990006
67434.119,30.268458827,-97.747288045,78.8322,5,0.133804,0.029518,0.019603,-0.990374
67434.519,30.268481904,-97.747298222,78.0711,5,0.135432,0.029362,0.019784,-0.990154
67434.919,30.268505846,-97.747308538,77.3060,5,0.137076,0.029235,0.019943,-0.989928
67435.319,30.268382475,-97.747299973,77.1467,5,0.116858,0.024957,0.024484,-0.992533
67435.719,30.268243450,-97.747317517,76.9081,5,0.101370,0.021397,0.029207,-0.994190
67436.119,30.268258037,-97.747320609,76.2377,5,0.102875,0.021006,0.029371,-0.994039
67436.519,30.268273304,-97.747323444,75.5663,5,0.104327,0.020600,0.029513,-0.993892
67436.919,30.268162893,-97.747351576,78.3671,5,0.102942,0.018825,0.033575,-0.993942
67437.319,30.268174756,-97.747353059,77.8015,5,0.104390,0.018331,0.033741,-0.993795
67437.719,30.268187211,-97.747354158,77.2360,5,0.105846,0.017791,0.033927,-0.993644
67438.119,30.268099152,-97.747384657,79.5626,5,0.106336,0.016834,0.037167,-0.993493
67438.519,30.268181051,-97.747369365,77.0248,5,0.110968,0.017014,0.036039,-0.993025
67438.919,30.268191226,-97.747371779,76.5858,1,0.114835,0.015993,0.036733,-0.992576
67439.319,30.268199130,-97.747371296,76.1748,5,0.115811,0.015501,0.038627,-0.992399
67439.719,30.268207595,-97.747374029,75.7900,1,0.117049,0.014804,0.038861,-0.992255
67440.119,30.268216252,-97.747371873,75.3702,5,0.117752,0.014571,0.040681,-0.992102
67440.519,30.268226600,-97.747370479,74.9326,5,0.119139,0.013963,0.040900,-0.991937
67440.919,30.268232596,-97.747369643,74.5772,5,0.119013,0.014005,0.042947,-0.991865
67441.319,30.268244085,-97.747365758,74.1374,5,0.120764,0.013266,0.042998,-0.991661
67441.719,30.268254303,-97.747362395,73.7177,5,0.122172,0.012604,0.043181,-0.991489
67442.119,30.268258932,-97.747360381,73.3873,5,0.121489,0.012759,0.044890,-0.991495
67442.519,30.268262719,-97.747359678,73.0215,5,0.122598,0.011972,0.045166,-0.991356
67442.919,30.268268706,-97.747355340,72.6585,5,0.121264,0.012555,0.046863,-0.991434
67443.319,30.268279062,-97.747348357,72.2560,5,0.122615,0.011995,0.047118,-0.991263
67443.719,30.268286453,-97.747342733,71.8582,5,0.124139,0.011234,0.047368,-0.991070
67444.119,30.268292111,-97.747336463,71.5037,5,0.121988,0.012218,0.048907,-0.991251
67444.519,30.268297180,-97.747330442,71.0930,5,0.123177,0.011522,0.049239,-0.991095
67444.919,30.268304342,-97.747322499,70.6944,5,0.124422,0.010919,0.049573,-0.990930
67445.319,30.268305076,-97.747317884,70.3244,5,0.121039,0.012519,0.050865,-0.991265
67445.719,30.268314828,-97.747307290,69.9500,5,0.122339,0.011967,0.051244,-0.991092
67446.119,30.268310056,-97.747304898,69.4962,5,0.118177,0.013882,0.052145,-0.991525
67446.519,30.268319148,-97.747293808,69.1308,5,0.119435,0.013358,0.052530,-0.991361
67446.919,30.268322851,-97.747284428,68.6810,1,0.120954,0.012577,0.052669,-0.991180
67447.319,30.268327802,-97.747276102,68.3540,5,0.116482,0.015136,0.053815,-0.991618
67447.719,30.268331335,-97.747265921,67.9084,5,0.117681,0.014484,0.054117,-0.991470
67448.119,30.268333469,-97.747258315,67.5357,5,0.113104,0.017264,0.054995,-0.991910
67448.519,30.268341520,-97.747245782,67.2063,5,0.114230,0.016841,0.055395,-0.991766
67448.919,30.268342003,-97.747235365,66.7133,1,0.115568,0.015939,0.055499,-0.991620
67449.319,30.268347040,-97.747226717,66.4432,5,0.110709,0.019214,0.056480,-0.992061
67449.719,30.268352067,-97.747214308,66.0755,5,0.111932,0.018537,0.056744,-0.991921
67450.119,30.268346745,-97.747209240,65.6014,5,0.106935,0.021896,0.057484,-0.992361
67450.519,30.268352940,-97.747196566,65.3040,5,0.107915,0.021468,0.057931,-0.992239
67450.919,30.268352923,-97.747185314,64.8561,1,0.108831,0.020620,0.058069,-0.992148
67451.319,30.268354639,-97.747178372,64.5904,5,0.104462,0.024257,0.058903,-0.992487
67451.719,30.268356412,-97.747166773,64.2267,5,0.105327,0.023563,0.059104,-0.992400
67452.119,30.268350571,-97.747162388,63.8149,5,0.101146,0.027196,0.059751,-0.992703
67452.519,30.268354875,-97.747150471,63.5617,5,0.101954,0.026899,0.060230,-0.992600
67452.919,30.268350089,-97.747141177,63.1008,1,0.102403,0.026140,0.060276,-0.992571
67453.319,30.268346386,-97.747137320,62.8031,5,0.099001,0.029800,0.060947,-0.992772
67453.719,30.268343707,-97.747128040,62.4445,5,0.099361,0.029211,0.061184,-0.992739
67454.119,30.268336975,-97.747125246,62.1094,5,0.096316,0.032578,0.061522,-0.992913
67454.519,30.268333775,-97.747117149,61.7961,5,0.096642,0.032236,0.061870,-0.992871
67454.919,30.268330400,-97.747108468,61.4918,5,0.096951,0.031881,0.062269,-0.992828
67455.319,30.268321927,-97.747107823,61.1822,5,0.094499,0.034901,0.062399,-0.992954
67455.719,30.268322581,-97.747098304,60.9991,5,0.094960,0.034706,0.062881,-0.992887
67456.119,30.268319700,-97.747097433,60.8482,5,0.091406,0.038382,0.062403,-0.993115
67456.519,30.268313027,-97.747093529,60.6390,5,0.091209,0.038143,0.062749,-0.993121
67456.919,30.268306825,-97.747088803,60.4437,5,0.090215,0.037944,0.063090,-0.993197
67457.319,30.268303971,-97.747090643,60.3797,5,0.086650,0.041490,0.062563,-0.993406
67457.719,30.268302872,-97.747084922,60.2727,5,0.087084,0.041388,0.063046,-0.993342
67458.119,30.268301384,-97.747089931,60.3149,5,0.084258,0.044525,0.061578,-0.993542
67458.519,30.268298303,-97.747090961,60.2802,5,0.084306,0.045550,0.061528,-0.993495
67458.919,30.268293178,-97.747092265,60.2792,5,0.082232,0.047208,0.057211,-0.993849
67459.319,30.268283168,-97.747092135,60.2715,5,0.081590,0.047602,0.056537,-0.993922
67459.719,30.268267878,-97.747092493,60.2780,5,0.079644,0.053681,0.053150,-0.993957
67460.119,30.268247514,-97.747094327,60.3203,5,0.074136,0.047589,0.047682,-0.994970
67460.519,30.268230010,-97.747091033,60.2323,5,0.074227,0.056202,0.051127,-0.994343
67460.919,30.268205560,-97.747089662,60.2099,5,0.074124,0.055062,0.050871,-0.994427
67461.319,30.268177428,-97.747088018,60.1723,5,0.073243,0.050066,0.052978,-0.994647
67461.719,30.268145543,-97.747086417,60.1698,1,0.070727,0.049966,0.030574,-0.995774
67462.119,30.268113687,-97.747081901,60.1056,5,0.073874,0.052802,0.052933,-0.994461
67462.519,30.268079194,-97.747076825,59.9644,1,0.075208,0.050877,0.053243,-0.994445
67462.919,30.268039283,-97.747072694,59.8654,1,0.077791,0.052400,0.053492,-0.994154
67463.319,30.268000342,-97.747065976,59.6890,5,0.079489,0.057609,0.054707,-0.993665
67463.719,30.267955944,-97.747059991,59.5265,1,0.083638,0.061628,0.062446,-0.992626
67464.119,30.267910009,-97.747052802,59.4096,5,0.085947,0.059047,0.047439,-0.993416
67464.519,30.267862959,-97.747044145,59.3127,1,0.086879,0.055127,0.046166,-0.993621
67464.919,30.267811200,-97.747036450,59.2730,1,0.087023,0.055952,0.047712,-0.993489
67465.319,30.267761083,-97.747026789,59.1437,5,0.086765,0.053917,0.048621,-0.993580
67465.719,30.267707590,-97.747017639,59.0533,1,0.088414,0.053334,0.049654,-0.993415
67466.119,30.267653506,-97.747008023,58.9639,5,0.090209,0.053139,0.053023,-0.993090
67466.519,30.267600602,-97.746997469,58.8615,1,0.091502,0.052282,0.051041,-0.993121
67466.919,30.267544852,-97.746987305,58.7662,1,0.093409,0.051448,0.053821,-0.992840
67467.319,30.267498678,-97.746975859,58.7263,5,0.095397,0.047946,0.054905,-0.992767
67467.719,30.267446893,-97.746965386,58.7305,1,0.094421,0.048173,0.054603,-0.992866
67468.119,30.267397539,-97.746955188,58.7458,5,0.093043,0.049998,0.050819,-0.993107
67468.519,30.267350404,-97.746944699,58.7467,1,0.092074,0.050779,0.051102,-0.993143
67468.919,30.267300976,-97.746934638,58.8178,1,0.091104,0.049962,0.051345,-0.993261
67469.319,30.267255223,-97.746923984,58.8214,5,0.090341,0.049145,0.049615,-0.993459
67469.719,30.267206684,-97.746913516,58.8962,1,0.089490,0.048210,0.049736,-0.993576
67470.119,30.267167004,-97.746902878,59.0109,5,0.092361,0.047414,0.047125,-0.993479
67470.519,30.267123793,-97.746892022,59.0717,1,0.093904,0.046211,0.047953,-0.993351
67470.919,30.267077933,-97.746881139,59.2264,1,0.095087,0.047042,0.046475,-0.993270
67471.319,30.267045256,-97.746870461,59.3226,5,0.101054,0.044644,0.050062,-0.992617
67471.719,30.267003211,-97.746858928,59.4849,1,0.101434,0.047247,0.050940,-0.992413
67472.119,30.266971196,-97.746847627,59.6294,5,0.102782,0.055079,0.046457,-0.992091
67472.519,30.266935246,-97.746835563,59.7217,1,0.102539,0.051189,0.046642,-0.992315
67472.919,30.266897328,-97.746823402,59.9061,1,0.103238,0.047857,0.043712,-0.992543
67473.319,30.266861436,-97.746811346,60.0012,5,0.104335,0.044502,0.043690,-0.992585
67473.719,30.266822255,-97.746798583,60.2088,1,0.105315,0.044560,0.045875,-0.992380
67474.119,30.266782644,-97.746785633,60.3617,5,0.106389,0.045900,0.051302,-0.991939
67474.519,30.266743542,-97.746772378,60.4242,1,0.106981,0.046572,0.054481,-0.991674
67474.919,30.266701604,-97.746758518,60.5975,1,0.108079,0.050952,0.054598,-0.991333
67475.319,30.266662420,-97.746744782,60.6888,5,0.109008,0.051938,0.054786,-0.991170
67475.719,30.266621844,-97.746730598,60.8444,1,0.109218,0.053185,0.055239,-0.991056
67476.119,30.266581812,-97.746716376,61.0263,5,0.108619,0.053738,0.052156,-0.991259
67476.519,30.266543390,-97.746702147,61.1666,1,0.108042,0.047767,0.054047,-0.991526
67476.919,30.266502437,-97.746687604,61.4110,1,0.108120,0.053595,0.055861,-0.991119
67477.319,30.266464679,-97.746673356,61.5056,5,0.109465,0.054357,0.058825,-0.990759
67477.719,30.266424451,-97.746658215,61.7156,1,0.110748,0.052727,0.058099,-0.990747
67478.119,30.266384660,-97.746643145,61.9088,5,0.112144,0.052716,0.058800,-0.990549
67478.519,30.266346387,-97.746628122,62.0602,1,0.113512,0.053461,0.056274,-0.990500
67478.919,30.266305654,-97.746613088,62.3153,1,0.120088,0.053398,0.059403,-0.989545
67479.319,30.266268011,-97.746598311,62.4345,5,0.122330,0.052855,0.058395,-0.989359
67479.719,30.266227780,-97.746582308,62.7051,1,0.123721,0.053553,0.057119,-0.989223
67480.119,30.266201035,-97.746569891,62.9601,5,0.135058,0.052967,0.053577,-0.987969
67480.519,30.266168848,-97.746556397,63.1234,1,0.135804,0.052281,0.054032,-0.987879
67480.919,30.266134582,-97.746541785,63.5167,1,0.136388,0.051497,0.054744,-0.987800
67481.319,30.266118199,-97.746533602,63.6109,5,0.147634,0.046186,0.050636,-0.986665
67481.719,30.266092880,-97.746521911,63.9292,1,0.148344,0.046488,0.050402,-0.986556
67482.119,30.266068955,-97.746511031,64.2581,5,0.149798,0.049457,0.051640,-0.986128
67482.519,30.266046982,-97.746500586,64.5283,1,0.150685,0.051361,0.051372,-0.985909
67482.919,30.266025447,-97.746490014,64.9405,1,0.152138,0.051447,0.051199,-0.985691
67483.319,30.266006627,-97.746480844,65.1687,5,0.154258,0.051522,0.051311,-0.985351
67483.719,30.265987317,-97.746471085,65.6101,1,0.155442,0.050677,0.052607,-0.985141
67490.019,30.267198407,-97.743379201,124.7566,5,0.626665,0.000269,0.099310,0.772935
67490.419,30.267199497,-97.743348909,124.6876,5,0.628473,0.004317,0.099003,0.771493
67490.819,30.267202161,-97.743316778,124.6328,5,0.629853,0.011591,0.102366,0.769852
67491.219,30.267150566,-97.743261898,124.5399,5,0.650621,0.079696,0.069120,0.752040
67491.619,30.267140323,-97.743218588,124.5598,5,0.650689,0.092663,0.078084,0.749614
67492.019,30.267129187,-97.743187703,124.5606,5,0.672626,0.062446,0.048304,0.735759
67492.419,30.267118294,-97.743143247,124.5046,5,0.674178,0.058858,0.042103,0.735015
67492.819,30.267107131,-97.743095731,124.4110,5,0.673855,0.064104,0.046730,0.734593
67493.219,30.267094837,-97.743063811,124.4552,5,0.663295,0.044555,0.022862,0.746681
67493.619,30.267082756,-97.743015125,124.3720,5,0.660073,0.052302,0.041638,0.748220
67494.019,30.267071181,-97.742977804,124.5846,5,0.637460,0.052114,0.041305,0.767609
67494.419,30.267058595,-97.742927726,124.6153,5,0.635296,0.039715,0.047710,0.769770
67494.819,30.267045222,-97.742875890,124.5339,5,0.636091,0.035144,0.041825,0.769678
67495.219,30.267029525,-97.742808895,124.1982,5,0.656049,0.043277,0.045410,0.752107
67495.619,30.267014613,-97.742750249,124.0437,5,0.655261,0.047862,0.042765,0.752671
67496.020,30.267013679,-97.742723729,124.4227,5,0.605670,0.029335,0.027210,0.794709
67496.420,30.267000569,-97.742667586,124.3095,5,0.605531,0.026783,0.024399,0.794997
67496.820,30.266987271,-97.742609470,124.1680,5,0.605081,0.028557,0.023545,0.795303
67497.220,30.266965499,-97.742506150,123.4039,5,0.622100,0.041036,0.033265,0.781153
67497.620,30.266950106,-97.742437598,123.1514,5,0.621648,0.042877,0.030955,0.781510
67498.020,30.266974811,-97.742432764,122.8192,5,0.521103,0.019137,0.018451,0.853080
67498.420,30.266964049,-97.742370279,122.5370,5,0.519469,0.016731,0.015182,0.854190
67498.820,30.266952994,-97.742306622,122.2322,5,0.518721,0.021140,0.011580,0.854604
67499.220,30.266993377,-97.742281647,123.2012,5,0.426743,0.000904,0.019256,0.904168
67499.620,30.266988760,-97.742220567,123.0728,5,0.427850,0.004956,0.010427,0.903776
67500.020,30.266974174,-97.742132104,121.6774,5,0.451013,0.007499,0.019441,0.892274
67500.420,30.266970518,-97.742065228,121.3849,5,0.451102,0.006635,0.016026,0.892304
67500.820,30.266967634,-97.741997201,121.0852,5,0.451968,0.006013,0.015071,0.891887
67501.220,30.266931701,-97.742014635,122.1579,5,0.423456,-0.003206,-0.001892,0.905909
67501.620,30.266926500,-97.741953336,121.9443,5,0.428011,-0.003112,-0.003064,0.903763
67502.020,30.266944946,-97.741801282,120.7129,5,0.492838,-0.002761,0.015062,0.869986
67502.420,30.266944238,-97.741730756,120.4370,5,0.496767,-0.003664,0.013308,0.867774
67502.820,30.267052523,-97.741699333,121.5251,1,0.461261,-0.018174,0.011711,0.887001
67519.020,30.266281316,-97.740140887,120.2921,5,0.261541,0.330209,-0.201698,-0.884237
67519.420,30.266288511,-97.740156826,118.0739,5,0.261629,0.329998,-0.201645,-0.884303
67519.820,30.266298405,-97.740183957,115.4080,5,0.261935,0.332506,-0.201709,-0.883257
67520.220,30.266253556,-97.739976949,122.5893,5,0.072054,0.124239,-0.052489,-0.988240
67520.620,30.266254078,-97.739960418,122.3165,5,0.071774,0.125369,-0.053320,-0.988073
67521.020,30.266254554,-97.739938775,122.1072,5,0.238569,0.098307,-0.065230,-0.963932
67521.420,30.266257872,-97.739927901,121.7688,5,0.234359,0.099650,-0.063641,-0.964933
67521.820,30.266262925,-97.739921366,121.3359,5,0.229892,0.103104,-0.061998,-0.965751
67522.220,30.266271852,-97.739903044,121.8086,5,0.474946,0.061771,-0.077210,-0.874442
67522.620,30.266280244,-97.739902209,121.4323,5,0.472349,0.065323,-0.074633,-0.875814
67523.020,30.266292851,-97.739868039,121.3159,5,0.651740,0.023775,-0.081264,-0.753702
67523.420,30.266304791,-97.739868243,120.9518,5,0.649696,0.023075,-0.083229,-0.755272
67523.820,30.266318351,-97.739870991,120.5454,5,0.650191,0.020514,-0.081163,-0.755144
67524.220,30.266328810,-97.739868428,120.3725,5,0.642666,0.025998,-0.072544,-0.762261
67524.620,30.266346099,-97.739875336,119.9148,5,0.646535,0.024535,-0.075923,-0.758701
67525.020,30.266363336,-97.739881584,119.5431,5,0.644151,0.025399,-0.074453,-0.760842
67525.420,30.266384703,-97.739894020,119.0202,5,0.646441,0.025030,-0.074796,-0.758876
67525.820,30.266407805,-97.739909150,118.4585,5,0.649532,0.030294,-0.070068,-0.756492
67526.220,30.266428483,-97.739919373,118.0953,5,0.640024,0.032702,-0.069366,-0.764518
67526.620,30.266455704,-97.739938423,117.4796,5,0.645162,0.026583,-0.072690,-0.760115
67527.020,30.266419519,-97.739856502,119.8577,5,0.480213,0.048624,-0.050884,-0.874324
67527.420,30.266443999,-97.739868681,119.5244,5,0.485533,0.045218,-0.052783,-0.871451
67527.820,30.266470373,-97.739882723,119.1804,5,0.489745,0.038474,-0.052567,-0.869428
67528.220,30.266431607,-97.739777939,122.7168,5,0.496999,0.032630,-0.044023,-0.866019
67528.620,30.266456256,-97.739785887,122.6407,5,0.498864,0.032494,-0.043815,-0.864962
67529.020,30.266440848,-97.739725582,124.5752,5,0.502933,0.025948,-0.047612,-0.862623
67529.420,30.266465097,-97.739732329,124.6360,5,0.503028,0.021211,-0.048172,-0.862666
67529.820,30.266490752,-97.739741125,124.6840,5,0.502432,0.016683,-0.050312,-0.862991
67530.220,30.266490411,-97.739708521,125.9441,5,0.499707,0.015043,-0.049567,-0.864644
67530.620,30.266515574,-97.739718824,126.0274,5,0.495364,0.010375,-0.039929,-0.867705
67531.020,30.266521350,-97.739686169,127.3173,5,0.484494,0.023171,-0.038055,-0.873659
67531.420,30.266547128,-97.739697903,127.4368,5,0.481675,0.027999,-0.037480,-0.875100
67531.820,30.266574377,-97.739712227,127.5775,5,0.478947,0.028155,-0.042753,-0.876350
67532.220,30.266530323,-97.739576240,131.8060,5,0.452729,0.021112,-0.039754,-0.890511
67532.620,30.266555801,-97.739585104,132.1603,5,0.455022,0.021008,-0.038895,-0.889382
67533.020,30.266559733,-97.739554766,133.4199,5,0.446054,0.030761,-0.035931,-0.893755
67533.420,30.266585870,-97.739565400,133.7896,5,0.440768,0.031434,-0.031767,-0.896508
67533.820,30.266612756,-97.739578148,134.1149,5,0.435146,0.032139,-0.033006,-0.899180
67534.220,30.266516516,-97.739382187,138.9830,5,0.402033,0.029806,-0.030350,-0.914636
67534.620,30.266538749,-97.739388012,139.4755,5,0.402708,0.025602,-0.028499,-0.914527
67535.020,30.266545269,-97.739369104,140.1738,5,0.401978,0.023766,-0.031596,-0.914796
67535.420,30.266569992,-97.739377785,140.6871,5,0.404218,0.022267,-0.031493,-0.913849
67535.820,30.266596700,-97.739389289,141.1926,5,0.405878,0.026014,-0.032223,-0.912989
67536.220,30.266579050,-97.739329072,141.9555,5,0.396874,0.024233,-0.028142,-0.917121
67536.620,30.266607889,-97.739342416,142.3990,5,0.394022,0.021352,-0.030785,-0.918337
67537.020,30.266572957,-97.739252953,142.9213,5,0.385253,0.020388,-0.025814,-0.922224
67537.420,30.266602721,-97.739267972,143.3197,5,0.376940,0.020355,-0.027412,-0.925608
67537.820,30.266634026,-97.739286037,143.6953,5,0.367840,0.020032,-0.024610,-0.929347
67538.220,30.266580396,-97.739180408,143.8610,5,0.364723,0.019461,-0.020568,-0.930685
67538.620,30.266610392,-97.739199231,144.2178,5,0.357236,0.021402,-0.017804,-0.933599
67539.020,30.266505239,-97.739038804,144.0046,5,0.352042,0.019023,-0.007961,-0.935757
67539.420,30.266527569,-97.739054946,144.3656,5,0.315311,0.016605,-0.007931,-0.948810
67539.820,30.266548097,-97.739074510,144.7312,5,0.251650,0.024389,-0.004261,-0.967502
67540.220,30.266426175,-97.738919053,142.9856,5,0.161705,0.024745,0.008226,-0.986495
67540.620,30.266436506,-97.738942215,143.2631,5,0.053924,0.029065,0.017821,-0.997963
67541.020,30.266320903,-97.738791531,141.0935,5,0.063647,-0.031858,-0.026212,0.997119
67541.420,30.266340047,-97.738834780,141.4987,5,0.170295,-0.034900,-0.026540,0.984417
67541.820,30.266363656,-97.738887689,141.2524,1,0.251773,-0.052246,-0.021909,0.966127
67542.220,30.266375774,-97.738933016,141.2473,5,0.306743,-0.057305,-0.021384,0.949825
67542.620,30.266389908,-97.738986866,141.1653,1,0.341878,-0.056321,-0.019030,0.937862
67543.020,30.266398549,-97.739038015,141.1916,5,0.364676,-0.056636,-0.019284,0.929210
67543.420,30.266416090,-97.739107662,140.9589,5,0.372364,-0.063637,-0.015108,0.925779
67543.820,30.266431069,-97.739176469,140.7089,1,0.374782,-0.069031,-0.015425,0.924411
67544.220,30.266442117,-97.739247127,140.4869,5,0.376726,-0.069411,-0.016515,0.923573
67544.620,30.266455835,-97.739326950,140.1546,1,0.377807,-0.069767,-0.012675,0.923165
67545.020,30.266453149,-97.739388778,140.3583,5,0.383870,-0.051791,-0.021500,0.921683
67545.420,30.266461971,-97.739473446,140.1156,5,0.381860,-0.044604,-0.020136,0.922923
67545.820,30.266469817,-97.739560616,139.8279,1,0.379393,-0.051658,-0.020105,0.923573
67546.220,30.266463026,-97.739633676,139.9667,5,0.382147,-0.055575,-0.024229,0.922111
67546.620,30.266465805,-97.739723520,139.7776,1,0.379723,-0.063649,-0.023069,0.922620
67547.020,30.266456585,-97.739799747,139.9225,5,0.384035,-0.054952,-0.025335,0.921333
67547.420,30.266457283,-97.739891440,139.8494,5,0.381853,-0.061590,-0.030347,0.921669
67547.820,30.266459128,-97.739985120,139.6319,1,0.380205,-0.061893,-0.027519,0.922418
67548.220,30.266461164,-97.740078438,139.5316,5,0.379145,-0.063862,-0.026646,0.922746
67548.620,30.266466757,-97.740175512,139.2760,1,0.377783,-0.065646,-0.025845,0.923203
67549.020,30.266458674,-97.740252931,139.5717,5,0.385195,-0.061804,-0.035083,0.920095
67549.420,30.266465064,-97.740348092,139.5046,5,0.384862,-0.062318,-0.034219,0.920232
67549.820,30.266473780,-97.740443151,139.3649,1,0.384619,-0.068965,-0.037874,0.919716
67550.220,30.266468578,-97.740517614,139.6806,5,0.394637,-0.062807,-0.031373,0.916151
67550.620,30.266477826,-97.740607661,139.7485,1,0.396999,-0.060516,-0.037361,0.915059
67551.020,30.266485513,-97.740690007,139.8628,5,0.401727,-0.056560,-0.039404,0.913161
67551.420,30.266505037,-97.740783718,139.9067,5,0.404131,-0.060648,-0.038398,0.911880
67551.820,30.266524652,-97.740875717,139.8415,1,0.408560,-0.060567,-0.037747,0.909937
67552.220,30.266522762,-97.740943118,140.4126,5,0.428893,-0.051398,-0.044600,0.900789
67552.620,30.266538300,-97.741031805,140.5923,1,0.442890,-0.050876,-0.039314,0.894267
67553.020,30.266536725,-97.741103451,141.1068,5,0.475402,-0.044824,-0.051955,0.877089
67553.420,30.266548141,-97.741193897,141.4355,5,0.514140,-0.044301,-0.050444,0.855075
67553.820,30.266563173,-97.741290659,141.5946,1,0.568432,-0.045606,-0.052249,0.819802
67554.220,30.266578248,-97.741388408,141.8141,5,0.633551,-0.048361,-0.051375,0.770477
67554.620,30.266598515,-97.741494202,141.9472,1,0.697871,-0.046051,-0.051804,0.712861
67555.020,30.266621443,-97.741602534,141.9516,5,0.767257,-0.042441,-0.052769,0.637755
67555.420,30.266649986,-97.741716234,142.0751,1,0.830930,-0.042967,-0.056148,0.551866
67555.820,30.266684031,-97.741832861,142.0539,1,0.880169,-0.045094,-0.052886,0.469544
67556.220,30.266718470,-97.741948064,142.2264,5,0.909643,-0.041950,-0.052223,0.409954
67556.620,30.266762836,-97.742073226,142.1346,1,0.923293,-0.041863,-0.049593,0.378574
67557.020,30.266800599,-97.742190042,142.2680,5,0.931902,-0.039132,-0.050058,0.357101
67557.420,30.266855388,-97.742326060,142.0627,5,0.933175,-0.045764,-0.044148,0.353753
67557.820,30.266909302,-97.742460822,141.8193,1,0.932174,-0.049575,-0.042883,0.356027
67558.220,30.266960968,-97.742593747,141.7534,5,0.931469,-0.051930,-0.040452,0.357816
67558.620,30.267024650,-97.742740105,141.3929,1,0.930570,-0.049916,-0.035638,0.360941
67559.020,30.267081667,-97.742879163,141.2512,5,0.930003,-0.052258,-0.037466,0.361883
67559.420,30.267156291,-97.743037787,140.7108,5,0.929174,-0.054686,-0.036396,0.363759
67559.820,30.267229923,-97.743194413,140.1800,1,0.928701,-0.057341,-0.035826,0.364614
67560.220,30.267299318,-97.743346959,139.9124,5,0.929204,-0.059410,-0.034495,0.363125
67560.620,30.267385128,-97.743516896,139.1431,1,0.927182,-0.061571,-0.031704,0.368153
67561.020,30.267457155,-97.743671435,138.8859,5,0.929101,-0.061262,-0.035831,0.362951
67561.420,30.267551150,-97.743851473,137.9714,5,0.925818,-0.063926,-0.033769,0.370991
67561.820,30.267640759,-97.744024961,137.2053,1,0.924105,-0.067799,-0.034313,0.374508
67562.220,30.267727367,-97.744196053,136.6402,5,0.922327,-0.068773,-0.031576,0.378927
67562.620,30.267824347,-97.744378672,135.7477,1,0.920068,-0.071957,-0.029555,0.383957
67563.020,30.267916669,-97.744555175,135.0310,5,0.919193,-0.071438,-0.030121,0.386101
67563.420,30.268017802,-97.744742610,134.1401,5,0.918086,-0.073490,-0.030428,0.388320
67563.820,30.268118540,-97.744927391,133.2331,1,0.917281,-0.078472,-0.030332,0.389252
67564.220,30.268218632,-97.745111438,132.4094,5,0.916742,-0.074072,-0.025255,0.391739
67564.620,30.268322034,-97.745299124,131.5409,1,0.915868,-0.079838,-0.026030,0.392600
67565.020,30.268416827,-97.745476819,130.9443,5,0.916753,-0.079096,-0.026026,0.390680
67565.420,30.268531583,-97.745675178,129.7564,5,0.914258,-0.082285,-0.021715,0.396093
67565.820,30.268640950,-97.745865377,128.7501,1,0.913078,-0.080950,-0.021573,0.399086
67566.220,30.268748736,-97.746055446,127.7997,5,0.911744,-0.082611,-0.021209,0.401806
67566.620,30.268864561,-97.746252378,126.6432,1,0.910066,-0.085788,-0.019103,0.405037
67567.020,30.268859562,-97.746337286,129.5412,5,0.945065,-0.064553,-0.042247,0.317648
67567.420,30.268906389,-97.746513260,129.5549,5,0.933375,-0.069131,-0.047540,0.348959
67567.820,30.268975213,-97.746676501,129.7596,1,0.934256,-0.062727,-0.040160,0.348738
67568.220,30.268963391,-97.746774343,132.0855,5,0.933879,-0.054712,-0.049277,0.349926
67568.620,30.269013747,-97.746928767,132.8135,1,0.935733,-0.051254,-0.055337,0.344550
67569.020,30.269069903,-97.747079814,133.5172,5,0.934737,-0.053160,-0.046791,0.348211
67569.420,30.269132010,-97.747242452,134.2016,5,0.934965,-0.056519,-0.045298,0.347267
67569.820,30.269198383,-97.747407566,134.7520,1,0.934430,-0.056469,-0.044985,0.348752
67570.220,30.269270873,-97.747575172,135.2416,5,0.929288,-0.060580,-0.044864,0.361581
67570.620,30.269346440,-97.747749564,135.6900,1,0.926590,-0.063845,-0.041217,0.368315
67571.020,30.269425440,-97.747923742,136.0641,5,0.923647,-0.065402,-0.038015,0.375704
67571.420,30.269510731,-97.748108803,136.3978,5,0.924046,-0.067651,-0.032918,0.374806
67571.820,30.269601351,-97.748296010,136.6067,1,0.923361,-0.066470,-0.028880,0.377030
67572.220,30.269694166,-97.748486520,136.8093,5,0.919895,-0.073966,-0.029123,0.384025
67572.620,30.269792523,-97.748682425,136.8878,1,0.916695,-0.076234,-0.025990,0.391387
67573.020,30.269890838,-97.748878564,136.9874,5,0.913845,-0.077668,-0.022220,0.397945
67573.420,30.269997921,-97.749085754,136.9647,5,0.911923,-0.079408,-0.021402,0.402035
67573.820,30.270109533,-97.749293759,136.8041,1,0.910001,-0.081894,-0.019954,0.405948
67580.320,30.265209719,-97.739759048,119.0786,5,0.175106,-0.063316,-0.004297,-0.982502
67580.720,30.265231079,-97.739779658,119.0011,5,0.177901,-0.068494,-0.008794,-0.981622
67581.120,30.265225164,-97.739814702,119.2164,5,0.245028,-0.051637,0.035760,-0.967479
67581.520,30.265242706,-97.739837270,119.2237,5,0.249408,-0.056901,0.028727,-0.966298
67581.920,30.265262531,-97.739859114,119.2439,5,0.252814,-0.063362,0.027314,-0.965051
67582.320,30.265232449,-97.739889606,120.3169,5,0.412656,-0.061602,0.064897,-0.906482
67582.720,30.265243846,-97.739913332,120.5245,5,0.413571,-0.063703,0.069493,-0.905578
67583.120,30.265230422,-97.739914352,120.3173,5,0.362176,-0.067982,0.098401,-0.924405
67583.520,30.265236795,-97.739931978,120.5058,5,0.362625,-0.064495,0.101479,-0.924146
67583.920,30.265240078,-97.739928572,120.3966,5,0.249481,-0.077857,0.112047,-0.958719
67584.320,30.265244747,-97.739937542,120.5655,5,0.249144,-0.074874,0.115856,-0.958592
67584.720,30.265248510,-97.739944204,120.7264,5,0.249730,-0.075063,0.115777,-0.958434
67585.120,30.265229722,-97.739925589,120.0622,5,0.264936,-0.087879,0.133708,-0.950899
67585.520,30.265225012,-97.739921088,119.9784,5,0.265456,-0.088435,0.133047,-0.950795
67585.920,30.265216622,-97.739912422,119.7830,5,0.266711,-0.085991,0.129898,-0.951103
67586.320,30.265211320,-97.739897124,119.0434,4,0.342978,-0.089446,0.128340,-0.926226
67586.720,30.265194906,-97.739875824,118.4424,4,0.342719,-0.089695,0.126945,-0.926490
67587.120,30.265171080,-97.739858791,118.0326,5,0.274568,-0.087641,0.120734,-0.949923
67587.520,30.265144310,-97.739830114,117.2160,5,0.278500,-0.089980,0.119029,-0.948775
67587.920,30.265113411,-97.739796425,116.2911,5,0.285920,-0.088158,0.109648,-0.947869
67588.320,30.265068195,-97.739768802,115.2304,5,0.245512,-0.088983,0.119759,-0.957843
67588.720,30.265026482,-97.739728544,114.0239,5,0.247910,-0.086184,0.119398,-0.957527
67589.120,30.264979254,-97.739710928,113.8481,5,0.207717,-0.082992,0.121050,-0.967116
67589.520,30.264928864,-97.739666450,112.5610,5,0.216616,-0.083167,0.114563,-0.965938
67589.920,30.264874092,-97.739617710,111.1466,5,0.216012,-0.082795,0.112458,-0.966353
67590.320,30.264881254,-97.739415143,107.3157,5,0.388359,-0.081663,0.119149,-0.910117
67590.720,30.264829115,-97.739336242,105.3861,5,0.390139,-0.093741,0.124106,-0.907525
67591.120,30.264691670,-97.739439560,105.7521,5,0.237724,-0.076785,0.117625,-0.961122
67591.520,30.264621764,-97.739374337,103.8862,5,0.239224,-0.079261,0.116833,-0.960645
67591.920,30.264669704,-97.739213837,100.0258,5,0.322792,-0.084226,0.117598,-0.935351
67592.320,30.264606070,-97.739131383,97.8405,5,0.315849,-0.085498,0.114292,-0.938012
67592.720,30.264539904,-97.739046082,95.5681,5,0.304354,-0.094557,0.117876,-0.940496
67593.120,30.264437500,-97.739090901,94.9474,5,0.246035,-0.090190,0.110599,-0.958697
67593.520,30.264363295,-97.739013580,92.7515,5,0.233630,-0.089215,0.110751,-0.961869
67593.920,30.264287007,-97.738934228,90.5246,5,0.228950,-0.085193,0.108828,-0.963577
67594.320,30.264331695,-97.738758002,88.4308,5,0.272865,-0.096189,0.091303,-0.952867
67594.720,30.264263159,-97.738664832,86.1528,5,0.280856,-0.091685,0.095243,-0.950601
67595.120,30.264266412,-97.738564728,84.3953,5,0.299329,-0.096606,0.088949,-0.945070
67595.520,30.264205437,-97.738465602,82.0931,5,0.305381,-0.103924,0.084835,-0.942733
67595.920,30.264145621,-97.738364953,79.7814,5,0.307999,-0.106301,0.088042,-0.941321
67596.320,30.264044511,-97.738319973,77.3527,5,0.304294,-0.100271,0.090424,-0.942961
67596.720,30.263982564,-97.738221560,75.0555,5,0.301117,-0.095903,0.089294,-0.944541
67597.120,30.263927088,-97.738189122,73.3970,5,0.297848,-0.081528,0.082833,-0.947512
67597.520,30.263866199,-97.738093498,71.1357,5,0.294428,-0.077076,0.087489,-0.948534
67597.920,30.263806027,-97.737996370,68.8628,5,0.293654,-0.078977,0.079467,-0.949323
67598.320,30.263756649,-97.737933364,67.0339,5,0.297961,-0.074181,0.084210,-0.947958
67598.720,30.263698725,-97.737838006,64.7956,5,0.298527,-0.063685,0.081661,-0.948766
67599.121,30.264319353,-97.738530201,83.4416,5,0.290157,-0.058538,0.060239,-0.953286
67599.521,30.263904654,-97.738041775,65.7574,5,0.304846,-0.034124,0.044978,-0.950727
67599.921,30.263784146,-97.737865133,61.2207,1,0.307344,-0.041106,0.047016,-0.949547
67600.321,30.263743540,-97.737790110,58.3597,5,0.310632,-0.041605,0.045662,-0.948521
67600.721,30.263704217,-97.737713253,55.4541,1,0.310988,-0.043004,0.041472,-0.948534
67601.121,30.263665443,-97.737647283,52.6811,5,0.324231,-0.034643,0.038739,-0.944549
67601.521,30.263628773,-97.737574261,49.8397,1,0.322063,-0.035629,0.036376,-0.945348
67601.921,30.263592416,-97.737502734,46.9866,1,0.321218,-0.036634,0.034606,-0.945664
67602.321,30.263555378,-97.737430446,44.1457,5,0.324188,-0.036150,0.033203,-0.944719
67602.721,30.263518779,-97.737356572,41.2762,1,0.323953,-0.033540,0.030380,-0.944990
67603.121,30.263483910,-97.737293464,38.5278,5,0.331696,-0.022253,0.025711,-0.942773
67603.521,30.263447646,-97.737221742,35.6708,1,0.330928,-0.022646,0.020563,-0.943160
67603.921,30.263410938,-97.737149761,32.8295,1,0.327720,-0.029231,0.014903,-0.944205
67604.321,30.263374386,-97.737088123,30.1233,5,0.331637,-0.009494,0.006217,-0.943339
67604.721,30.263335813,-97.737017562,27.3619,1,0.332052,-0.011272,0.003321,-0.943188
67605.121,30.263294852,-97.736945694,24.5837,5,0.338452,-0.007913,-0.002392,-0.940947
67605.521,30.263252613,-97.736871059,21.7956,1,0.341306,-0.011455,0.004928,-0.939870
67605.921,30.263209157,-97.736795890,18.9884,5,0.347395,-0.009320,-0.009584,-0.937623
67606.321,30.263162051,-97.736714437,16.1012,1,0.350743,-0.012671,0.000890,-0.936386
67606.721,30.263114248,-97.736632777,13.2203,1,0.349133,-0.010596,-0.005177,-0.936999
67607.121,30.263065154,-97.736550054,10.3299,5,0.347018,-0.009118,-0.003421,-0.937808
67607.521,30.263014032,-97.736464433,7.3294,1,0.344569,-0.010190,0.013372,-0.938611
67607.921,30.262964227,-97.736381095,4.3671,1,0.345247,0.001231,-0.001956,-0.938509
67608.321,30.262912304,-97.736295386,1.3995,5,0.349242,0.010022,0.005095,-0.936965
67616.121,30.265750721,-97.741917403,121.4762,5,0.372797,-0.080726,0.107403,-0.918134
67616.521,30.265758704,-97.741940037,121.5797,5,0.372371,-0.079508,0.111403,-0.917937
67616.921,30.265767027,-97.741961252,121.6956,5,0.371790,-0.079225,0.112749,-0.918032
67617.321,30.265765881,-97.741982546,121.4126,5,0.453930,-0.074534,0.122070,-0.879483
67617.721,30.265771440,-97.742001153,121.4758,5,0.451843,-0.074814,0.121776,-0.880574
67618.121,30.265771329,-97.741996957,121.5801,5,0.450901,-0.098685,0.147621,-0.874733
67618.521,30.265774615,-97.742005701,121.5979,5,0.449985,-0.098957,0.146627,-0.875341
67618.921,30.265775385,-97.742008144,121.7217,5,0.439573,-0.100535,0.151216,-0.879660
67619.321,30.265776666,-97.742010441,121.6895,5,0.439296,-0.101209,0.150500,-0.879844
67619.721,30.265777133,-97.742009787,121.6400,5,0.439354,-0.101320,0.149845,-0.879914
67620.121,30.265774711,-97.742005179,121.7525,5,0.455338,-0.099868,0.149977,-0.871895
67620.521,30.265771312,-97.741995948,121.5735,5,0.455550,-0.099832,0.149913,-0.871799
67620.921,30.265765938,-97.741982044,121.3105,5,0.455744,-0.099775,0.149745,-0.871733
67621.321,30.265760680,-97.741973342,120.8246,5,0.387977,-0.092407,0.140679,-0.906170
67621.721,30.265750573,-97.741953175,120.4548,5,0.388180,-0.092057,0.140349,-0.906170
67622.121,30.265736811,-97.741966373,121.2513,5,0.030316,-0.081594,0.101680,-0.991002
67622.521,30.265720839,-97.741950190,121.0574,5,0.030564,-0.081488,0.100995,-0.991073
67622.921,30.265702414,-97.741931571,120.8304,5,0.030815,-0.081452,0.100289,-0.991140
67623.321,30.265763450,-97.742001107,121.2023,5,0.456804,0.053656,-0.023747,0.887630
67623.721,30.265759123,-97.741997194,121.1992,5,0.456628,0.054090,-0.022863,0.887717
67624.121,30.265763519,-97.741997762,122.1688,5,0.296155,0.044245,-0.020302,0.953898
67624.521,30.265760002,-97.741999228,122.3836,5,0.295914,0.043852,-0.018810,0.954022
67624.921,30.265756311,-97.742001206,122.6274,5,0.295667,0.043489,-0.017392,0.954142
67625.321,30.265781468,-97.742005024,121.6649,5,0.280259,0.048096,-0.009948,0.958667
67625.721,30.265782304,-97.742007402,121.8291,5,0.279992,0.047438,-0.008218,0.958794
67626.121,30.265782745,-97.742002587,120.9865,5,0.270174,0.050003,-0.006113,0.961493
67626.521,30.265784338,-97.742004233,121.0826,5,0.269837,0.049397,-0.004170,0.961629
67626.921,30.265786429,-97.742006187,121.1927,5,0.269528,0.048840,-0.002271,0.961751
67627.321,30.265785808,-97.742002808,120.7962,5,0.257665,0.054085,0.002053,0.964717
67627.721,30.265788390,-97.742003703,120.8909,5,0.257289,0.053890,0.004080,0.964822
67628.121,30.265788083,-97.742002070,120.7447,5,0.265720,0.059089,0.003442,0.962232
67628.521,30.265790730,-97.742002293,120.8539,5,0.265296,0.059271,0.005273,0.962329
67628.921,30.265793417,-97.742002587,120.9923,5,0.276004,0.059749,0.004507,0.959287
67629.321,30.265796805,-97.742002786,121.1304,5,0.275542,0.059981,0.006068,0.959397
67629.721,30.265800774,-97.742002885,121.2805,5,0.275044,0.060185,0.007702,0.959515
67630.121,30.265794995,-97.741999197,120.9415,5,0.290465,0.065456,0.003019,0.954639
67630.521,30.265797995,-97.741998319,121.0943,5,0.289919,0.065830,0.004347,0.954775
67630.921,30.265800734,-97.741998174,121.4785,5,0.307035,0.064274,0.004117,0.949516
67631.321,30.265804434,-97.741997097,121.6704,5,0.306448,0.064660,0.005353,0.949674
67631.721,30.265808617,-97.741995749,121.8752,5,0.305916,0.065080,0.006583,0.949809
67632.121,30.265798145,-97.741993422,121.5367,5,0.318053,0.066929,0.000780,0.945707
67632.521,30.265801018,-97.741991558,121.7364,5,0.317383,0.067407,0.001754,0.945897
67632.921,30.265804247,-97.741989367,121.9471,5,0.316749,0.067886,0.002624,0.946073
67633.321,30.265806197,-97.741990161,122.3501,5,0.334664,0.065674,0.002630,0.940042
67633.721,30.265809951,-97.741987736,122.5959,5,0.333985,0.066071,0.003483,0.940253
67634.121,30.265795477,-97.741985014,122.0609,5,0.334101,0.068158,-0.001438,0.940069
67634.521,30.265797779,-97.741981993,122.2876,5,0.333299,0.068642,-0.000725,0.940319
67634.921,30.265800353,-97.741978593,122.5262,5,0.332534,0.069080,-0.000063,0.940558
67635.321,30.265797408,-97.741977496,122.8042,5,0.356153,0.066976,-0.000391,0.932024
67635.721,30.265799899,-97.741973593,123.0678,5,0.355395,0.067424,0.000271,0.932281
67636.121,30.265794873,-97.741980103,122.2513,5,0.352432,0.065399,-0.002294,0.933547
67636.521,30.265795593,-97.741978858,122.5289,5,0.352754,0.065825,-0.002100,0.933396
67636.921,30.265797595,-97.741975551,122.7704,5,0.351928,0.066527,-0.001029,0.933659
67637.321,30.265798953,-97.741972844,123.0328,5,0.351396,0.068149,0.002973,0.933738
67637.721,30.265791004,-97.741984424,122.2389,5,0.355752,0.066183,0.002048,0.932232
67638.121,30.265788906,-97.741985989,122.5114,5,0.360198,0.067169,0.006547,0.930432
67638.521,30.265788212,-97.741987520,123.2239,5,0.367553,0.067507,0.008245,0.927512
67638.921,30.265783673,-97.741992178,123.5890,5,0.369152,0.068411,0.008543,0.926808
67639.321,30.265775370,-97.742003563,123.5693,5,0.404622,0.064801,0.007953,0.912150
67639.721,30.265769245,-97.742011381,123.9794,5,0.402455,0.066938,0.009609,0.912939
67640.121,30.265779708,-97.742003243,125.9554,5,0.454921,0.065527,0.014033,0.888007
67640.521,30.265774615,-97.742011996,126.5153,5,0.450512,0.068888,0.015991,0.889965
67640.921,30.265768934,-97.742021409,127.1137,5,0.446790,0.068273,0.011534,0.891955
67641.321,30.265744761,-97.742040622,126.5998,5,0.392256,0.073611,0.005818,0.916887
67641.721,30.265736851,-97.742049579,127.1547,5,0.389708,0.075293,0.005624,0.917838
67642.121,30.265731699,-97.742043054,128.1661,5,0.382665,0.074451,0.007594,0.920851
67642.521,30.265724221,-97.742050827,128.7791,5,0.385040,0.074441,0.012624,0.919806
67642.921,30.265716600,-97.742059001,129.4234,5,0.388091,0.070747,0.012249,0.918820
67643.321,30.265706380,-97.742056015,129.9470,5,0.367571,0.070802,0.013809,0.927194
67643.721,30.265698059,-97.742064038,130.6219,5,0.369595,0.067096,0.015312,0.926641
67644.121,30.265689740,-97.742072099,131.3233,5,0.370494,0.067922,0.021782,0.926092
67644.521,30.265684274,-97.742084068,132.1672,5,0.379697,0.065223,0.014362,0.922697
67644.921,30.265675997,-97.742092904,132.9126,5,0.379730,0.070014,0.024910,0.922108
67645.321,30.265667629,-97.742101856,133.6965,5,0.378729,0.065587,0.021899,0.922921
67645.721,30.265656878,-97.742115635,134.2638,5,0.376240,0.064990,0.021088,0.924000
67646.121,30.265648707,-97.742123815,135.0305,5,0.373357,0.067001,0.021530,0.925014
67646.521,30.265644165,-97.742180101,134.9884,5,0.401095,0.063507,0.017456,0.913666
67646.921,30.265637143,-97.742189299,135.7480,5,0.395387,0.066118,0.019705,0.915920
67647.321,30.265630778,-97.742197377,136.5177,5,0.392084,0.063863,0.017745,0.917539
67647.721,30.265625267,-97.742203932,137.2691,5,0.388325,0.066538,0.019578,0.918909
67648.121,30.265643381,-97.742213070,138.3424,5,0.399593,0.067758,0.024882,0.913846
67648.521,30.265639716,-97.742217628,139.1131,5,0.391488,0.063889,0.019133,0.917763
67648.921,30.265635974,-97.742220845,139.8772,5,0.379088,0.067058,0.020271,0.922705
67649.321,30.265645502,-97.742259048,140.3046,5,0.378406,0.060890,0.023539,0.923335
67649.721,30.265642348,-97.742261555,141.0730,5,0.367720,0.061214,0.018847,0.927728
67650.121,30.265659627,-97.742302182,141.3801,5,0.381034,0.060930,0.024799,0.922218
67650.521,30.265658305,-97.742304071,142.1266,5,0.378675,0.058583,0.021741,0.923418
67650.921,30.265657771,-97.742304595,142.8890,5,0.377675,0.065481,0.028572,0.923178
67651.321,30.265676690,-97.742348509,143.0137,5,0.396611,0.063381,0.021058,0.915554
67651.721,30.265679143,-97.742350046,143.7781,5,0.408079,0.064898,0.024694,0.910302
67652.121,30.265703900,-97.742403144,143.7699,5,0.435715,0.061644,0.025600,0.897606
67652.521,30.265710845,-97.742406473,144.5520,5,0.454526,0.057948,0.027150,0.888432
67652.921,30.265719825,-97.742409299,145.3473,5,0.471647,0.054873,0.030668,0.879544
67653.321,30.265752836,-97.742477241,145.0145,5,0.494053,0.050994,0.031270,0.867371
67653.721,30.265767350,-97.742480408,145.7761,5,0.506617,0.047499,0.034877,0.860155
67654.121,30.265802133,-97.742567686,144.8223,5,0.517504,0.038562,0.035955,0.854055
67654.521,30.265821876,-97.742570779,145.5021,5,0.520408,0.038263,0.036491,0.852279
67654.921,30.265843447,-97.742571324,146.1580,5,0.516491,0.035846,0.037492,0.854720
67655.321,30.265772510,-97.742508493,147.2296,5,0.468712,0.039538,0.031284,0.881911
67655.721,30.265794216,-97.742502621,147.8239,5,0.455781,0.045445,0.035129,0.888237
67656.121,30.265806141,-97.742479233,148.3136,5,0.438572,0.045187,0.034196,0.896908
67656.521,30.265831259,-97.742465981,148.8473,5,0.422324,0.053731,0.035477,0.904155
67656.921,30.265859145,-97.742449111,149.3303,5,0.409362,0.056418,0.040368,0.909731
67657.321,30.265883286,-97.742438336,149.5125,5,0.397938,0.059665,0.037362,0.914707
67657.721,30.265916127,-97.742416580,149.9260,5,0.395697,0.060390,0.036255,0.915676
67658.121,30.265801735,-97.742581220,145.7436,5,0.296242,0.057493,0.027812,0.952975
67658.521,30.265839189,-97.742570829,146.0725,5,0.295012,0.058618,0.028939,0.953255
67658.921,30.265878086,-97.742559854,146.4042,5,0.294007,0.057173,0.029010,0.953651
67659.321,30.265717974,-97.742834350,137.3778,5,0.303838,0.049599,0.014787,0.951317
67659.721,30.265753576,-97.742833244,137.5587,5,0.303207,0.049983,0.016109,0.951477
67660.121,30.265820493,-97.742783460,139.8647,5,0.412365,0.054680,0.011650,0.909302
67660.521,30.265853117,-97.742771634,140.1029,5,0.412603,0.054758,0.012262,0.909181
67660.921,30.265886588,-97.742759573,140.3472,5,0.412794,0.054677,0.012700,0.909093
67661.321,30.265969905,-97.742721285,141.3670,5,0.417298,0.053459,0.015711,0.907060
67661.721,30.266005614,-97.742708359,141.6233,5,0.417513,0.053391,0.016145,0.906958
67662.121,30.265817343,-97.742696118,141.5943,5,0.427110,0.059068,0.007004,0.902241
67662.521,30.265845748,-97.742682669,141.8895,5,0.427505,0.059082,0.007407,0.902050
67662.921,30.265661764,-97.742752855,140.4344,5,0.392838,0.062400,-0.000310,0.917488
67663.321,30.265685827,-97.742745355,140.7474,5,0.393153,0.062710,0.000499,0.917332
67663.721,30.265709556,-97.742738927,141.0822,5,0.393337,0.064118,0.004083,0.917147
67664.121,30.265419196,-97.742810483,137.3444,5,0.364909,0.067707,-0.006440,0.928556
67664.521,30.265430357,-97.742814358,137.6920,5,0.365658,0.066809,-0.007780,0.928316
67664.921,30.265439853,-97.742820558,138.0705,5,0.366136,0.066620,-0.009775,0.928122
67665.321,30.265355956,-97.742872755,135.3856,5,0.355355,0.067633,-0.014710,0.932165
67665.721,30.265359849,-97.742885865,135.7499,5,0.353121,0.068352,-0.011127,0.933011
67666.121,30.265277320,-97.742914178,133.0006,5,0.353703,0.072833,-0.014214,0.932410
67666.521,30.265334814,-97.742909545,135.7879,5,0.384156,0.072014,-0.016806,0.920302
67666.921,30.265331553,-97.742926587,136.1996,1,0.381086,0.072867,-0.014939,0.921542
67667.321,30.265328005,-97.742945622,136.6599,5,0.381890,0.079244,-0.010304,0.920747
67667.721,30.265323399,-97.742966786,137.1383,5,0.380808,0.075663,-0.023371,0.921257
67668.121,30.265316793,-97.742990328,137.5742,5,0.382754,0.077948,-0.019039,0.920359
67668.521,30.265309830,-97.743014311,138.0623,5,0.385904,0.075302,-0.029728,0.918980
67668.921,30.265302307,-97.743040598,138.5474,1,0.387975,0.066568,-0.032416,0.918691
67669.321,30.265295291,-97.743067261,138.9957,5,0.389410,0.058595,-0.029620,0.918722
67675.121,30.266369107,-97.744146322,122.8053,5,0.349092,0.013017,0.011776,-0.936924
67675.521,30.266377894,-97.744187431,122.7430,5,0.346605,0.004274,0.010538,-0.937942
67675.921,30.266386486,-97.744230067,122.6752,5,0.339661,0.000315,0.013901,-0.940445
67676.321,30.266373140,-97.744252590,122.9546,5,0.431839,-0.017393,0.034233,-0.901133
67676.721,30.266374907,-97.744292696,122.9567,5,0.418104,-0.010829,0.035633,-0.907636
67677.121,30.266391831,-97.744327720,123.0470,5,0.418010,-0.025752,0.017651,-0.907906
67677.521,30.266397532,-97.744367881,123.0702,5,0.413890,-0.026654,0.018259,-0.909754
67677.921,30.266403761,-97.744408476,123.0967,5,0.412804,-0.028616,0.019216,-0.910167
67678.321,30.266427468,-97.744424199,123.0376,5,0.363330,-0.052459,0.013870,-0.930079
67678.721,30.266439131,-97.744459330,123.0581,5,0.363886,-0.053170,0.012382,-0.929842
67679.121,30.266450883,-97.744482321,122.7968,5,0.297192,-0.053658,0.023533,-0.953018
67679.521,30.266464170,-97.744513880,122.7768,5,0.298293,-0.052091,0.021754,-0.952803
67679.921,30.266478800,-97.744544866,122.7609,5,0.299106,-0.052218,0.019941,-0.952581
67680.321,30.266497105,-97.744591342,122.9942,5,0.371601,-0.050723,0.016194,-0.926864
67680.721,30.266515281,-97.744626290,123.0180,5,0.370690,-0.049217,0.014831,-0.927333
67681.121,30.266517319,-97.744634111,123.1582,5,0.279254,-0.043001,0.035405,-0.958600
67681.521,30.266536314,-97.744664334,123.2394,5,0.278693,-0.042186,0.036073,-0.958775
67681.921,30.266577892,-97.744711274,123.5428,5,0.325491,-0.055049,0.019425,-0.943742
67682.321,30.266604384,-97.744745620,123.6438,5,0.324012,-0.052999,0.025160,-0.944232
67682.721,30.266633592,-97.744780393,123.7404,5,0.322529,-0.058411,0.024558,-0.944436
67683.121,30.266539176,-97.744678177,123.0655,5,0.044069,0.014429,-0.087767,0.995061
67683.521,30.266552687,-97.744690529,123.2154,5,0.043252,0.014665,-0.090744,0.994827
67683.921,30.266647973,-97.744784581,123.5462,5,0.171895,-0.055807,0.055878,-0.981945
67684.321,30.266676104,-97.744804521,123.6404,5,0.172647,-0.056522,0.055816,-0.981775
67684.721,30.266705389,-97.744823107,123.7449,5,0.173071,-0.057177,0.056486,-0.981624
67685.121,30.266513037,-97.744690317,122.3529,5,0.096869,0.026207,-0.118215,0.987904
67685.521,30.266512526,-97.744687185,122.3655,5,0.096726,0.026493,-0.120300,0.987659
67685.921,30.266509385,-97.744682224,122.3452,5,0.096552,0.026751,-0.122547,0.987393
67686.321,30.266502295,-97.744655566,121.2494,5,0.057991,-0.060504,0.135756,-0.987191
67686.721,30.266495704,-97.744637995,121.0548,5,0.058073,-0.061433,0.138360,-0.986767
67687.121,30.266531079,-97.744682115,121.3418,5,0.079991,-0.056497,0.124654,-0.987355
67687.521,30.266524908,-97.744665381,121.1365,5,0.080103,-0.057130,0.126942,-0.987018
67687.921,30.266554686,-97.744702281,122.6238,5,0.079796,-0.043121,0.114936,-0.989223
67688.321,30.266547818,-97.744688095,122.5324,5,0.079981,-0.042992,0.116965,-0.988976
67688.721,30.266538768,-97.744671412,122.4150,5,0.080153,-0.042828,0.119006,-0.988726
67689.121,30.266511432,-97.744675026,123.0857,5,0.045969,-0.029920,0.120792,-0.991161
67689.521,30.266496013,-97.744658284,123.0038,5,0.046156,-0.029312,0.122788,-0.990926
67689.921,30.266478146,-97.744639546,122.8988,5,0.046334,-0.028730,0.124765,-0.990687
67690.321,30.266531130,-97.744679614,122.0412,5,0.077994,0.014986,-0.104346,0.991365
67690.721,30.266515894,-97.744666949,121.9094,5,0.077771,0.014037,-0.105674,0.991256
67691.121,30.266526152,-97.744652748,122.6106,5,0.089064,0.007740,-0.102387,0.990719
67691.521,30.266509875,-97.744639179,122.5190,5,0.088802,0.006684,-0.103477,0.990637
67691.921,30.266562553,-97.744671191,122.4532,5,0.157616,-0.005791,-0.084699,0.983844
67692.321,30.266550737,-97.744662606,122.3827,5,0.157281,-0.007064,-0.085244,0.983843
67692.721,30.266537518,-97.744653648,122.3083,5,0.157044,-0.008373,-0.085739,0.983827
67693.121,30.266533894,-97.744658842,123.6056,5,0.172100,-0.017057,-0.082722,0.981452
67693.521,30.266519621,-97.744652105,123.6003,5,0.171768,-0.018494,-0.083062,0.981455
67693.921,30.266584506,-97.744666586,123.6709,5,0.259412,-0.026077,-0.061496,0.963454
67694.321,30.266577571,-97.744663136,123.6876,5,0.259147,-0.027440,-0.061346,0.963497
67694.721,30.266569832,-97.744660000,123.7043,5,0.258851,-0.028651,-0.060272,0.963609
67695.121,30.266576242,-97.744671450,124.1827,5,0.254618,-0.035241,-0.055277,0.964817
67695.521,30.266566779,-97.744672429,124.1831,5,0.253625,-0.034089,-0.051967,0.965304
67695.921,30.266579043,-97.744675404,124.5636,5,0.281308,-0.034807,-0.044997,0.957930
67696.321,30.266567059,-97.744681539,124.5403,5,0.274943,-0.035464,-0.043119,0.959838
67696.721,30.266552446,-97.744689798,124.4994,5,0.269782,-0.033462,-0.042282,0.961411
67697.121,30.266550081,-97.744703663,124.4407,5,0.290240,-0.039128,-0.039115,0.955353
67697.521,30.266533627,-97.744717773,124.3603,5,0.295005,-0.038276,-0.039759,0.953901
67697.921,30.266515582,-97.744734585,124.2601,5,0.302284,-0.041149,-0.036689,0.951622
67698.321,30.266482081,-97.744749066,124.9942,5,0.307385,-0.044529,-0.035184,0.949891
67698.721,30.266459983,-97.744770000,124.9151,5,0.307447,-0.048782,-0.035703,0.949643
67699.121,30.266518744,-97.744838845,124.6684,5,0.428661,-0.062313,-0.022910,0.901023
67699.521,30.266506496,-97.744871518,124.5696,5,0.428588,-0.061227,-0.024232,0.901097
67699.921,30.266494251,-97.744906085,124.4662,5,0.428855,-0.062846,-0.022524,0.900903
67700.322,30.266451313,-97.744896738,125.5930,5,0.387690,-0.060215,-0.023731,0.919515
67700.722,30.266435596,-97.744928370,125.5625,5,0.388051,-0.063047,-0.022935,0.919193
67701.122,30.266467172,-97.744961038,124.8411,5,0.416055,-0.071554,-0.014758,0.906400
67701.522,30.266458014,-97.744994427,124.7986,5,0.416534,-0.077026,-0.011501,0.905778
67701.922,30.266449552,-97.745028884,124.7397,5,0.416749,-0.083811,-0.010526,0.905089
67702.322,30.266281568,-97.745046198,124.0238,5,0.325098,-0.079494,-0.030459,0.941841
67702.722,30.266259463,-97.745081599,123.9139,5,0.324532,-0.081846,-0.032494,0.941767
67703.122,30.266407008,-97.745122434,124.0684,5,0.395198,-0.091706,-0.008957,0.913963
67703.522,30.266400668,-97.745158122,123.9876,5,0.390989,-0.087663,-0.017755,0.916039
67703.922,30.266395692,-97.745194368,123.9148,5,0.388448,-0.085825,-0.012166,0.917384
67704.322,30.266275699,-97.745128615,124.5561,5,0.343311,-0.080082,-0.015791,0.935668
67704.722,30.266264628,-97.745158987,124.5574,5,0.343721,-0.076897,-0.012572,0.935834
67705.122,30.266234914,-97.745232203,122.9638,5,0.340096,-0.085338,-0.020575,0.936285
67705.522,30.266225396,-97.745267635,122.9016,5,0.342089,-0.087675,-0.016917,0.935415
67705.922,30.266217373,-97.745303466,122.8536,5,0.343662,-0.084146,-0.016464,0.935171
67706.322,30.266278569,-97.745275162,123.1656,5,0.356370,-0.082785,-0.003847,0.930662
67706.722,30.266278669,-97.745306563,123.1506,5,0.357444,-0.086475,-0.004724,0.929910
67707.122,30.266216001,-97.745383639,123.4999,5,0.365349,-0.085197,-0.012959,0.926873
67707.522,30.266214635,-97.745419647,123.4865,5,0.366914,-0.088694,-0.013888,0.925913
67707.922,30.266215151,-97.745455906,123.4786,5,0.368675,-0.089029,-0.011874,0.925209
67708.322,30.266270782,-97.745396424,125.4121,5,0.388466,-0.089341,0.004439,0.917111
67708.722,30.266278105,-97.745424611,125.5092,5,0.389739,-0.090112,0.010463,0.916446
67709.122,30.266271023,-97.745512447,124.8779,5,0.405556,-0.095827,0.004382,0.909023
67709.522,30.266280417,-97.745544138,124.9637,5,0.402260,-0.098610,0.005738,0.910181
67709.922,30.266291562,-97.745575392,125.0565,5,0.397834,-0.094155,0.004849,0.912600
67710.322,30.266312062,-97.745515993,126.0941,5,0.422749,-0.082569,0.015730,0.902341
67710.722,30.266326533,-97.745538549,126.2544,5,0.421068,-0.082432,0.014350,0.903162
67711.122,30.266320336,-97.745464237,127.7175,5,0.455093,-0.073362,0.023031,0.887118
67711.522,30.266335665,-97.745477911,127.9377,5,0.457654,-0.076494,0.026775,0.885429
67711.922,30.266352698,-97.745490633,128.1564,5,0.460564,-0.073539,0.029000,0.884100
67712.322,30.266354568,-97.745504385,127.4539,5,0.506492,-0.071625,0.028575,0.858790
67712.722,30.266371533,-97.745513303,127.6700,5,0.507212,-0.072295,0.029343,0.858282
67713.122,30.266287587,-97.745495339,124.4252,5,0.483439,-0.061338,0.029797,0.872718
67713.522,30.266353289,-97.745518232,127.8240,5,0.498504,-0.063824,0.027799,0.864088
67713.922,30.266367888,-97.745522583,128.1965,1,0.499876,-0.064062,0.030192,0.863197
67714.322,30.266378279,-97.745526270,128.2945,5,0.499961,-0.055600,0.026886,0.863843
67714.722,30.266395471,-97.745531854,128.4961,5,0.500745,-0.055979,0.027212,0.863354
67715.122,30.266400787,-97.745534847,128.5558,5,0.499676,-0.053462,0.026351,0.864159
67715.522,30.266414613,-97.745540280,128.6592,5,0.500520,-0.054492,0.026858,0.863591
67715.922,30.266419431,-97.745543835,128.5908,5,0.498631,-0.043015,0.021500,0.865479
67716.322,30.266437356,-97.745550527,128.7886,5,0.499736,-0.045868,0.022755,0.864663
67716.722,30.266442459,-97.745554815,128.6760,5,0.497800,-0.037880,0.019319,0.866249
67717.122,30.266454951,-97.745561028,128.7520,5,0.498658,-0.039407,0.019938,0.865673
67717.522,30.266459814,-97.745565796,128.6541,5,0.494516,-0.028164,0.015093,0.868581
67717.922,30.266473899,-97.745572555,128.8235,5,0.495741,-0.030779,0.016039,0.867777
67718.322,30.266487371,-97.745579512,128.9976,5,0.496111,-0.030939,0.015866,0.867563
67718.722,30.266485427,-97.745584495,128.6044,1,0.497545,-0.033007,0.016981,0.866644
67719.122,30.266491807,-97.745590033,128.7181,5,0.493152,-0.023876,0.012679,0.869523
67719.522,30.266503395,-97.745597279,128.8870,5,0.493371,-0.023968,0.012269,0.869402
67719.922,30.266507917,-97.745603823,128.8047,1,0.494466,-0.025318,0.012776,0.868734
67720.322,30.266511735,-97.745608496,128.9400,5,0.489291,-0.017018,0.009740,0.871900
67720.722,30.266520970,-97.745616038,129.1128,5,0.490310,-0.018517,0.010100,0.871293
67721.122,30.266513818,-97.745617695,128.9919,5,0.484843,-0.010538,0.008097,0.874500
67721.522,30.266513978,-97.745622926,128.9877,5,0.485514,-0.011304,0.008025,0.874119
67721.922,30.266513280,-97.745628157,128.9963,5,0.485634,-0.011143,0.007578,0.874058
67722.322,30.266505141,-97.745617837,129.0946,5,0.477664,-0.002084,0.010599,0.878476
67722.722,30.266501168,-97.745617249,129.1625,5,0.477991,-0.002408,0.011622,0.878284
67723.122,30.266495094,-97.745615875,129.3274,5,0.472423,0.005274,0.012905,0.881262
67723.522,30.266484354,-97.745614781,129.4405,5,0.470041,0.008220,0.011906,0.882526
67723.922,30.266475876,-97.745619638,129.5816,5,0.470188,0.009659,0.011148,0.882443
67724.322,30.266460481,-97.745620551,129.5920,5,0.468020,0.011552,0.010342,0.883582
67724.722,30.266446087,-97.745631121,129.6901,5,0.469708,0.010313,0.007491,0.882730
67725.122,30.266433327,-97.745645649,129.8989,5,0.473821,0.009348,0.008863,0.880527
67725.522,30.266423062,-97.745665082,130.4044,5,0.475802,0.010999,0.007602,0.879451
67725.922,30.266403412,-97.745683836,130.4648,5,0.477042,0.010723,0.007643,0.878782
67726.322,30.266382641,-97.745704242,130.4256,5,0.478283,0.005718,0.007926,0.878151
67733.022,30.266922414,-97.746241220,121.3805,5,0.683011,0.011085,0.062410,-0.727653
67733.422,30.266920443,-97.746266380,121.3872,5,0.681994,0.016379,0.066167,-0.728174
67733.822,30.266917169,-97.746291540,121.4078,5,0.681031,0.012835,0.062421,-0.729476
67734.222,30.266973591,-97.746390876,121.9181,5,0.651107,0.021142,-0.026122,-0.758242
67734.622,30.266982501,-97.746435796,121.7075,5,0.651967,0.023241,-0.017307,-0.757694
67735.022,30.267001700,-97.746464559,120.9179,5,0.621471,-0.009794,-0.010822,-0.783301
67735.422,30.267014632,-97.746506781,120.7465,5,0.622121,-0.008303,-0.010521,-0.782806
67735.822,30.267028492,-97.746550517,120.5533,5,0.623069,-0.009803,-0.012819,-0.782001
67736.222,30.267025389,-97.746579986,121.5192,5,0.638681,-0.008722,0.011722,-0.769332
67736.622,30.267036230,-97.746623742,121.5717,5,0.639759,-0.009829,0.009883,-0.768449
67737.022,30.267063284,-97.746685942,121.2786,5,0.638773,-0.012178,-0.004090,-0.769288
67737.422,30.267077627,-97.746737654,121.1977,5,0.636035,-0.012075,-0.005273,-0.771548
67737.822,30.267092439,-97.746791664,121.1144,5,0.633297,-0.011263,-0.005238,-0.773810
67738.222,30.267004318,-97.746771679,122.7421,5,0.652491,-0.003972,0.049982,-0.756136
67738.622,30.267002447,-97.746817638,122.8557,5,0.653722,-0.005154,0.049488,-0.755098
67739.022,30.266966006,-97.746793419,122.7979,5,0.776195,-0.017876,0.054672,-0.627863
67739.422,30.266956322,-97.746831267,123.0273,5,0.776592,-0.016720,0.057272,-0.627172
67739.822,30.266945425,-97.746870344,123.2668,5,0.777607,-0.016846,0.056746,-0.625959
67740.222,30.266931468,-97.746811206,118.8302,5,0.854507,-0.030096,0.068056,-0.514083
67740.622,30.266915099,-97.746837078,118.6729,5,0.854732,-0.030536,0.067973,-0.513693
67741.022,30.266932529,-97.746825429,119.8143,5,0.854779,-0.037776,0.073655,-0.512348
67741.422,30.266915721,-97.746845324,119.7245,5,0.854458,-0.040373,0.076083,-0.512330
67741.822,30.266897401,-97.746864505,119.6277,5,0.854265,-0.041054,0.076660,-0.512512
67742.222,30.266892000,-97.746955866,125.0044,5,0.744871,-0.032431,0.077140,-0.661941
67742.622,30.266872728,-97.746984560,125.1899,5,0.744890,-0.032193,0.077497,-0.661889
67743.022,30.267008276,-97.746840297,124.8422,5,0.842600,-0.067360,0.072077,-0.529426
67743.422,30.266999166,-97.746847985,125.1243,5,0.842708,-0.067701,0.072345,-0.529176
67743.822,30.266989748,-97.746853046,125.3916,5,0.842736,-0.068365,0.072959,-0.528961
67744.222,30.267103292,-97.746807088,122.9263,5,0.784435,-0.091941,0.088556,-0.606932
67744.622,30.267099259,-97.746784434,123.5428,5,0.743479,-0.086959,0.085361,-0.657564
67745.022,30.267097522,-97.746774845,123.5769,5,0.743511,-0.087782,0.086092,-0.657323
67745.422,30.267095306,-97.746762000,123.5850,5,0.743539,-0.088623,0.086803,-0.657085
67745.822,30.267092616,-97.746745865,123.5671,5,0.743554,-0.089474,0.087515,-0.656859
67746.222,30.267089943,-97.746772382,124.6896,5,0.750982,-0.085571,0.075503,-0.650386
67746.622,30.267087878,-97.746755551,124.6704,5,0.751023,-0.086319,0.075778,-0.650208
67747.022,30.267099477,-97.746781499,125.3573,5,0.806524,-0.088767,0.060448,-0.581366
67747.422,30.267100501,-97.746764124,125.3815,5,0.806607,-0.089491,0.060109,-0.581174
67747.822,30.267101684,-97.746744181,125.3929,5,0.806734,-0.090140,0.059932,-0.580916
67748.222,30.267104085,-97.746707702,124.3600,5,0.805521,-0.092174,0.057642,-0.582509
67748.622,30.267105469,-97.746682226,124.3332,5,0.805611,-0.092764,0.057251,-0.582330
67749.022,30.267107340,-97.746725690,124.4305,5,0.834926,-0.079360,0.034834,-0.543495
67749.422,30.267108676,-97.746707153,124.4874,5,0.835108,-0.079244,0.033740,-0.543302
67749.822,30.267110205,-97.746687054,124.5423,5,0.835258,-0.079198,0.032635,-0.543145
67750.222,30.267091622,-97.746636979,124.2834,5,0.817265,-0.076986,0.041260,-0.569603
67750.622,30.267090556,-97.746610508,124.3295,5,0.817396,-0.076898,0.040392,-0.569490
67751.022,30.267103374,-97.746713578,124.2197,5,0.805060,-0.066626,-0.000704,-0.589440
67751.422,30.267104659,-97.746704024,124.3619,5,0.805115,-0.065948,-0.002886,-0.589433
67751.822,30.267106235,-97.746694306,124.5070,5,0.805135,-0.065247,-0.005092,-0.589469
67752.222,30.267089379,-97.746663032,124.3139,5,0.805866,-0.061628,0.000155,-0.588882
67752.622,30.267088808,-97.746650319,124.4674,5,0.805929,-0.060807,-0.001741,-0.588879
67753.022,30.267100091,-97.746740920,122.6062,5,0.784931,-0.051950,-0.029128,-0.616714
67753.422,30.267101402,-97.746742183,122.6952,5,0.784869,-0.050807,-0.031794,-0.616756
67753.822,30.267103025,-97.746744373,122.7862,5,0.784823,-0.049713,-0.034467,-0.616760
67754.222,30.267092884,-97.746733679,121.9604,5,0.790904,-0.046555,-0.034666,-0.609181
67754.622,30.267093681,-97.746736547,122.0265,5,0.790840,-0.045325,-0.037281,-0.609202
67755.022,30.267092307,-97.746737977,121.7313,5,0.791707,-0.042844,-0.037131,-0.608264
67755.422,30.267093274,-97.746742521,121.7765,5,0.791628,-0.041613,-0.039689,-0.608291
67755.822,30.267094493,-97.746748330,121.8207,5,0.791537,-0.040356,-0.042224,-0.608323
67756.222,30.267092677,-97.746746031,121.7747,5,0.795050,-0.037491,-0.039302,-0.604108
67756.622,30.267094001,-97.746752776,121.7990,5,0.794967,-0.036300,-0.041694,-0.604128
67757.022,30.267094167,-97.746761946,122.3764,5,0.795176,-0.032142,-0.039064,-0.604265
67757.422,30.267095726,-97.746770586,122.3938,5,0.795085,-0.031026,-0.041368,-0.604290
67757.822,30.267097552,-97.746780712,122.4072,5,0.794977,-0.029887,-0.043624,-0.604330
67758.222,30.267101463,-97.746795534,121.8525,5,0.796258,-0.029857,-0.046273,-0.602445
67758.622,30.267104163,-97.746809268,121.8258,5,0.796140,-0.028751,-0.048630,-0.602470
67759.022,30.267106276,-97.746819980,123.2331,5,0.790419,-0.019651,-0.039580,-0.610970
67759.422,30.267109139,-97.746834672,123.1846,5,0.790282,-0.018549,-0.041757,-0.611037
67759.822,30.267112317,-97.746851071,123.1271,5,0.790142,-0.017484,-0.043951,-0.611096
67760.222,30.267118124,-97.746873499,122.4890,5,0.794290,-0.020735,-0.050551,-0.605076
67760.622,30.267122567,-97.746894497,122.3934,5,0.794132,-0.019094,-0.053242,-0.605107
67761.022,30.267118135,-97.746888437,124.2652,5,0.783631,-0.003436,-0.034643,-0.620250
67761.422,30.267122043,-97.746906494,124.1626,5,0.783236,-0.002424,-0.036818,-0.620629
67761.822,30.267126387,-97.746925584,124.0554,5,0.782788,-0.000846,-0.039057,-0.621060
67762.222,30.267141143,-97.746966669,122.9303,5,0.791158,-0.007397,-0.052141,-0.609341
67762.622,30.267148233,-97.746989429,122.7926,5,0.790793,-0.006508,-0.053353,-0.609720
67763.022,30.267130550,-97.746943533,124.8957,5,0.767022,0.015640,-0.026060,-0.640900
67763.422,30.267135833,-97.746958332,124.7986,5,0.766142,0.013593,-0.029780,-0.641837
67763.822,30.267141417,-97.746973410,124.7088,5,0.765308,0.015565,-0.028967,-0.642823
67764.222,30.267175502,-97.747020149,123.9431,5,0.779196,0.006475,-0.041442,-0.625376
67764.622,30.267185153,-97.747039738,123.7903,5,0.776327,0.009411,-0.043406,-0.628764
67765.022,30.267136090,-97.746971302,125.5638,5,0.722647,0.033202,-0.017222,-0.690204
67765.422,30.267140319,-97.746982218,125.5544,5,0.717591,0.036621,-0.022900,-0.695124
67765.822,30.267144637,-97.746992871,125.5548,5,0.711457,0.031788,-0.023229,-0.701626
67766.222,30.267141440,-97.747009360,125.9067,5,0.722815,0.039815,-0.026854,-0.689371
67766.622,30.267145473,-97.747021143,125.9324,5,0.716522,0.043662,-0.028699,-0.695605
67767.022,30.267161801,-97.747061020,125.5084,5,0.728686,0.040174,-0.040345,-0.682477
67767.422,30.267167093,-97.747075620,125.5376,5,0.719805,0.035590,-0.038456,-0.692196
67767.822,30.267171936,-97.747090850,125.5567,5,0.710604,0.035432,-0.035937,-0.701780
67768.222,30.267164306,-97.747086651,125.8337,5,0.692442,0.035389,-0.032179,-0.719886
67768.622,30.267168649,-97.747104042,125.8346,5,0.696067,0.034246,-0.032102,-0.716441
67769.022,30.267195372,-97.747151930,125.4903,5,0.727897,0.013937,-0.029285,-0.684919
67769.422,30.267203964,-97.747176292,125.4108,5,0.742829,0.039116,-0.051008,-0.666388
67769.822,30.267214019,-97.747201747,125.3655,5,0.755381,0.039162,-0.044819,-0.652578
67770.222,30.267202564,-97.747192144,126.9421,5,0.746167,0.045614,-0.037859,-0.663114
67770.622,30.267213226,-97.747217293,126.9831,5,0.753002,0.047389,-0.039375,-0.655127
67771.022,30.267246487,-97.747296197,126.0314,5,0.781166,0.037757,-0.052997,-0.620922
67771.422,30.267260854,-97.747329187,125.9687,5,0.782385,0.039122,-0.054446,-0.619176
67771.822,30.267275695,-97.747364060,125.9069,5,0.782113,0.041632,-0.053955,-0.619398
67772.222,30.267257948,-97.747349560,126.2924,5,0.761187,0.050949,-0.050628,-0.644542
67772.622,30.267271533,-97.747384576,126.3037,5,0.758269,0.047877,-0.056501,-0.647721
67773.022,30.267253311,-97.747456301,126.9328,5,0.758115,0.044652,-0.071181,-0.646685
67773.422,30.267265047,-97.747498189,126.9237,5,0.758561,0.044245,-0.061889,-0.647146
67773.822,30.267277270,-97.747543697,126.8942,5,0.756797,0.048082,-0.069389,-0.648176
67774.222,30.267326098,-97.747553473,125.9012,5,0.752372,0.055629,-0.065363,-0.653123
67774.622,30.267341150,-97.747603133,125.8105,5,0.750643,0.050099,-0.061424,-0.655936
67775.022,30.267309135,-97.747610769,126.2017,5,0.731008,0.054321,-0.051819,-0.678226
67775.422,30.267322066,-97.747665997,126.0494,5,0.728406,0.054484,-0.057791,-0.680526
67775.822,30.267335065,-97.747726451,125.8467,5,0.726516,0.060260,-0.059097,-0.681947
67776.222,30.267401774,-97.747794292,124.2833,5,0.721701,0.051523,-0.058570,-0.687795
67776.622,30.267420142,-97.747867113,123.7852,1,0.719715,0.056647,-0.062027,-0.689169
67781.722,30.267443272,-97.747893519,120.5923,5,0.616198,-0.080192,0.111269,-0.775557
67782.122,30.267441378,-97.747885979,120.5144,5,0.616907,-0.079530,0.111722,-0.774996
67782.522,30.267451492,-97.747928310,120.5799,5,0.683345,-0.029479,0.032142,-0.728792
67782.922,30.267453217,-97.747933618,120.5846,5,0.684082,-0.030248,0.032473,-0.728054
67783.322,30.267452134,-97.747926792,119.9988,5,0.638696,-0.035476,0.040639,-0.767566
67783.722,30.267452634,-97.747925966,119.9954,5,0.639135,-0.035078,0.038577,-0.767325
67784.122,30.267452881,-97.747924270,119.9937,5,0.639546,-0.034685,0.037303,-0.767063
67784.522,30.267462667,-97.747967468,119.8442,5,0.661351,-0.015346,0.003824,-0.749910
67784.922,30.267465162,-97.747975960,119.8797,5,0.661628,-0.014027,0.003087,-0.749695
67785.322,30.267467749,-97.747984498,119.9169,5,0.661726,-0.013360,0.002778,-0.749621
67785.722,30.267462964,-97.747946172,119.7487,5,0.665118,-0.026651,0.019475,-0.746009
67786.122,30.267464060,-97.747944253,119.7638,5,0.665104,-0.026958,0.021025,-0.745967
67786.522,30.267474770,-97.748005632,119.5671,5,0.675208,-0.006401,-0.001589,-0.737598
67786.922,30.267477523,-97.748015519,119.6087,5,0.675202,-0.004876,-0.004534,-0.737603
67787.322,30.267480271,-97.748025927,119.6492,5,0.675505,-0.003426,-0.001919,-0.737345
67787.722,30.267471999,-97.747973548,120.5523,5,0.662556,-0.018416,0.013578,-0.748663
67788.122,30.267473178,-97.747973541,120.6481,5,0.664332,-0.014695,0.013218,-0.747177
67788.522,30.267480294,-97.748017029,121.3052,5,0.658698,-0.005741,-0.006465,-0.752358
67788.922,30.267482003,-97.748018899,121.5174,5,0.657679,-0.005924,-0.007200,-0.753240
67789.322,30.267483460,-97.748018888,121.7543,5,0.656029,-0.005409,-0.010125,-0.754648
67789.722,30.267484499,-97.748006103,121.3122,5,0.653455,-0.005083,-0.011685,-0.756858
67790.122,30.267485407,-97.748001621,121.4543,5,0.652232,-0.005139,-0.011513,-0.757915
67790.522,30.267485959,-97.747995228,121.6117,5,0.651647,-0.002551,-0.011292,-0.758434
67790.922,30.267498327,-97.748027598,122.2367,5,0.657262,0.002825,-0.023284,-0.753297
67791.322,30.267500180,-97.748023529,122.4771,5,0.656560,0.008189,-0.025736,-0.753790
67791.722,30.267502105,-97.748018337,122.7133,5,0.655244,0.007791,-0.030906,-0.754744
67792.122,30.267502823,-97.748016339,121.6928,5,0.653945,0.008965,-0.025790,-0.756049
67792.522,30.267504622,-97.748011795,121.8363,5,0.654482,0.014885,-0.025303,-0.755507
67792.922,30.267506994,-97.748008339,121.9557,5,0.654803,0.010560,-0.026293,-0.755268
67793.322,30.267492378,-97.748136883,127.3597,5,0.643019,0.036329,-0.047953,-0.763483
67793.722,30.267493292,-97.748153029,127.9328,5,0.641495,0.046232,-0.047421,-0.764263
67794.122,30.267488556,-97.747999969,122.8412,5,0.664676,0.025567,-0.020295,-0.746418
67794.522,30.267489090,-97.748004676,122.9036,5,0.666200,0.033969,-0.025429,-0.744565
67794.922,30.267490320,-97.748011491,122.9408,5,0.667603,0.028323,-0.026523,-0.743506
67795.322,30.267547686,-97.748156685,124.2431,5,0.640816,0.031976,-0.058411,-0.764801
67795.722,30.267556632,-97.748182578,124.2687,5,0.643117,0.033820,-0.060416,-0.762631
67796.122,30.267658475,-97.748259366,121.7487,5,0.625449,0.029628,-0.084130,-0.775150
67796.522,30.267679368,-97.748297958,121.4846,5,0.626650,0.032589,-0.084763,-0.773991
67796.922,30.267702024,-97.748341966,121.1317,5,0.623248,0.033319,-0.085963,-0.776570
67797.322,30.267752544,-97.748400653,121.4533,5,0.633812,0.033508,-0.090819,-0.767405
67797.722,30.267780108,-97.748457717,120.9241,5,0.630543,0.032658,-0.095353,-0.769583
67798.122,30.267759655,-97.748494325,121.2325,5,0.655598,0.031357,-0.085111,-0.749643
67798.522,30.267784707,-97.748561755,120.6089,5,0.654617,0.034223,-0.089729,-0.749836
67798.922,30.267811476,-97.748636154,119.8761,5,0.653531,0.035602,-0.093296,-0.750283
67799.322,30.267781301,-97.748740351,117.4502,5,0.696247,0.038814,-0.084769,-0.711721
67799.722,30.267802316,-97.748830434,116.4195,5,0.696433,0.037533,-0.086583,-0.711390
67800.122,30.267751202,-97.748785699,112.8125,5,0.757885,0.019686,-0.064781,-0.648866
67800.522,30.267761259,-97.748875744,111.7064,5,0.758529,0.023798,-0.069783,-0.647454
67800.922,30.267887716,-97.748808235,118.6943,5,0.760026,-0.006790,-0.058003,-0.647263
67801.322,30.267906077,-97.748886970,118.2059,5,0.769089,-0.005174,-0.062966,-0.636011
67801.722,30.267926098,-97.748965914,117.7143,5,0.788026,-0.007184,-0.064144,-0.612249
67802.122,30.267976107,-97.749015060,112.0771,5,0.727397,0.001541,-0.058214,-0.683741
67802.522,30.268006411,-97.749094360,111.2741,5,0.761517,0.000497,-0.063226,-0.645054
67802.922,30.268039623,-97.749174653,110.4643,5,0.801499,-0.007858,-0.063958,-0.594514
67803.323,30.268087116,-97.749217376,115.1008,5,0.836942,-0.018822,-0.063309,-0.543291
67803.723,30.268128529,-97.749298411,114.4570,5,0.879157,-0.020801,-0.062230,-0.471993
67804.123,30.268197330,-97.749338088,114.2963,5,0.910212,-0.034924,-0.054198,-0.409094
67804.523,30.268248167,-97.749420865,113.5969,5,0.942282,-0.042733,-0.049120,-0.328430
67804.923,30.268302817,-97.749507908,112.8132,5,0.966525,-0.048325,-0.051601,-0.246640
67805.323,30.268382893,-97.749541142,111.2771,5,0.977138,-0.053797,-0.050568,-0.199374
67805.723,30.268445590,-97.749630802,110.3766,5,0.985317,-0.054074,-0.056654,-0.151713
67806.123,30.268525990,-97.749651381,109.3081,5,0.986950,-0.054595,-0.050942,-0.142670
67806.524,30.268595256,-97.749738118,108.4352,5,0.989015,-0.049393,-0.049267,-0.130313
67806.924,30.268666940,-97.749825592,107.5482,5,0.989343,-0.051765,-0.051810,-0.125847
67807.324,30.268803846,-97.749761306,107.6969,5,0.983951,-0.064733,-0.046115,-0.159763
67807.724,30.268884864,-97.749836864,106.7789,5,0.984938,-0.067546,-0.049729,-0.151200
67808.124,30.268948907,-97.749843749,106.2555,5,0.987809,-0.059542,-0.034886,-0.139537
67808.524,30.269030593,-97.749915946,105.4104,5,0.987919,-0.066632,-0.034812,-0.135512
67808.924,30.269113389,-97.749988575,104.5337,5,0.988169,-0.068131,-0.035511,-0.132735
67809.324,30.269142789,-97.750087226,103.4887,5,0.991872,-0.068018,-0.029360,-0.103446
67809.724,30.269223399,-97.750160241,102.6559,5,0.992079,-0.065806,-0.030897,-0.102446
67810.124,30.269243333,-97.750184937,102.9761,5,0.992317,-0.070722,-0.023547,-0.098747
67810.524,30.269321415,-97.750251123,102.2218,5,0.991874,-0.072143,-0.025212,-0.101711
67810.924,30.269399666,-97.750317002,101.4750,5,0.991686,-0.073384,-0.025758,-0.102524
67811.324,30.268809613,-97.749928465,109.2107,5,0.987358,-0.063430,0.041775,-0.139122
67811.724,30.268841054,-97.749950511,108.9748,5,0.986477,-0.064374,0.040644,-0.145147
67812.124,30.268405582,-97.749701406,108.0365,5,0.982135,-0.061143,0.084031,-0.156878
67812.524,30.268717212,-97.749862820,106.7471,5,0.982333,-0.069226,0.073573,-0.157531
67812.924,30.268718827,-97.749861454,106.1964,1,0.983064,-0.067891,0.071789,-0.154347
67813.324,30.268714826,-97.749852811,105.6881,5,0.983731,-0.072324,0.069806,-0.148896
67813.724,30.268703482,-97.749842771,105.2169,5,0.983956,-0.073136,0.069552,-0.147119
67814.124,30.268683745,-97.749832685,105.0628,5,0.983520,-0.071205,0.070414,-0.150534
67814.524,30.268668866,-97.749825902,104.8159,5,0.983826,-0.070885,0.070360,-0.148697
67814.924,30.268649466,-97.749817158,104.6110,5,0.983619,-0.072002,0.072188,-0.148656
67815.324,30.268641716,-97.749813785,104.6404,5,0.983715,-0.072079,0.066050,-0.150818
67815.724,30.268611061,-97.749799312,104.9013,5,0.983490,-0.070166,0.067637,-0.152477
67816.124,30.268583923,-97.749784363,105.2128,5,0.983450,-0.069160,0.063991,-0.154751
67816.524,30.268553235,-97.749770019,105.2588,1,0.983409,-0.067325,0.063896,-0.155859
67816.924,30.268518672,-97.749752124,105.4542,1,0.983242,-0.065711,0.065075,-0.157104
67817.324,30.268494828,-97.749735156,105.4354,5,0.982697,-0.067016,0.063086,-0.160736
67817.724,30.268461422,-97.749712956,105.6220,1,0.982379,-0.068454,0.063787,-0.161794
67818.124,30.268427179,-97.749689143,105.7523,5,0.982157,-0.068535,0.064178,-0.162949
67818.524,30.268391008,-97.749662106,105.8971,1,0.982085,-0.068439,0.063183,-0.163805
67818.924,30.268361379,-97.749636264,105.9894,5,0.981249,-0.068672,0.062181,-0.169023
67819.324,30.268326353,-97.749605856,106.0836,1,0.981098,-0.068938,0.062469,-0.169679
67819.724,30.268290040,-97.749572703,106.2424,1,0.980833,-0.068981,0.063226,-0.170910
67820.124,30.268264994,-97.749541638,106.1382,5,0.980275,-0.068272,0.062476,-0.174632
67820.524,30.268233732,-97.749504025,106.1827,1,0.981064,-0.067197,0.063281,-0.170277
67820.924,30.268211835,-97.749468624,106.0951,5,0.982408,-0.067769,0.066227,-0.160924
67821.324,30.268186606,-97.749427366,106.0459,1,0.986004,-0.067755,0.066012,-0.137289
67821.724,30.268162347,-97.749384093,106.0547,1,0.989523,-0.067376,0.065438,-0.109646
67822.124,30.268138649,-97.749336413,105.8940,5,0.992415,-0.068529,0.062899,-0.080372
67822.524,30.268115071,-97.749287206,105.8597,1,0.994512,-0.068251,0.062871,-0.048327
67822.924,30.268091811,-97.749234875,105.7519,5,0.995668,-0.068292,0.061637,-0.013482
67823.324,30.268068874,-97.749179113,105.5826,1,0.995156,-0.067609,0.066338,0.026333
67823.724,30.268045303,-97.749121892,105.4916,1,0.992189,-0.064949,0.067658,0.082249
67824.124,30.268021336,-97.749062430,105.3924,5,0.984523,-0.060397,0.071847,0.148004
67832.124,30.266652270,-97.748936529,121.4342,5,0.628337,-0.004804,0.052899,0.776125
67832.524,30.266648072,-97.748895966,121.5621,5,0.629283,-0.003411,0.053187,0.775346
67832.924,30.266645730,-97.748853083,121.6592,5,0.629741,-0.005326,0.050461,0.775146
67833.324,30.266665092,-97.748803161,119.3228,5,0.657182,-0.026121,-0.007077,0.753246
67833.724,30.266659768,-97.748764633,119.2272,5,0.656327,-0.025803,-0.006139,0.754010
67834.124,30.266655277,-97.748724222,119.1228,5,0.655140,-0.025493,-0.006314,0.755051
67834.524,30.266645253,-97.748705327,118.7151,5,0.679982,-0.047462,-0.042016,0.730484
67834.924,30.266637425,-97.748672551,118.7027,5,0.679389,-0.047517,-0.042649,0.730995
67835.324,30.266630240,-97.748639342,118.6905,5,0.680500,-0.050252,-0.042249,0.729801
67835.724,30.266623580,-97.748605245,118.6845,5,0.681569,-0.049085,-0.040655,0.728973
67836.124,30.266615631,-97.748602918,119.1973,5,0.674104,-0.069324,-0.071590,0.731883
67836.524,30.266609344,-97.748576066,119.2713,5,0.674416,-0.069488,-0.073008,0.731440
67836.924,30.266603442,-97.748548543,119.3828,5,0.674417,-0.069919,-0.072941,0.731405
67837.324,30.266590730,-97.748556958,119.5078,5,0.622218,-0.079830,-0.084903,0.774121
67837.724,30.266586279,-97.748537788,119.5771,5,0.622104,-0.079391,-0.083856,0.774372
67838.124,30.266590282,-97.748555679,118.6900,5,0.521447,-0.086610,-0.087010,0.844406
67838.524,30.266585326,-97.748553949,118.5751,5,0.521605,-0.086612,-0.085082,0.844504
67838.924,30.266578782,-97.748559119,118.3517,5,0.520765,-0.088838,-0.086578,0.844639
67839.324,30.266566559,-97.748584715,118.0444,5,0.505476,-0.098352,-0.086827,0.852808
67839.724,30.266557028,-97.748605162,117.6106,5,0.505097,-0.101127,-0.082806,0.853108
67840.124,30.266561960,-97.748576162,118.9494,5,0.524773,-0.089021,-0.058044,0.844582
67840.524,30.266552970,-97.748600030,118.6731,5,0.522622,-0.091912,-0.055633,0.845768
67840.924,30.266542699,-97.748629156,118.3299,5,0.517841,-0.094340,-0.061878,0.848005
67841.324,30.266564831,-97.748565011,118.5618,5,0.426647,-0.077264,-0.022083,0.900841
67841.724,30.266556486,-97.748586426,118.4100,5,0.425766,-0.071666,-0.023316,0.901689
67842.124,30.266556060,-97.748681481,117.9576,5,0.540419,-0.081578,-0.049018,0.835996
67842.524,30.266550209,-97.748721469,117.6623,5,0.541060,-0.079413,-0.047239,0.835893
67842.924,30.266544298,-97.748765373,117.3499,5,0.542975,-0.076551,-0.049274,0.834800
67843.324,30.266661017,-97.748770619,113.4733,5,0.662693,-0.082385,-0.045226,0.742970
67843.724,30.266672130,-97.748817628,112.7335,5,0.666114,-0.079733,-0.043625,0.740292
67844.124,30.266774366,-97.748802198,112.8954,5,0.771695,-0.089239,-0.050380,0.627682
67844.524,30.266799615,-97.748849177,112.0582,5,0.772015,-0.086632,-0.046933,0.627922
67844.924,30.266826196,-97.748898502,111.1970,5,0.772013,-0.088350,-0.045403,0.627797
67845.324,30.266823407,-97.748834390,112.5649,5,0.787587,-0.069660,-0.038876,0.611018
67845.724,30.266850397,-97.748875278,111.8766,5,0.788903,-0.067961,-0.037395,0.609603
67846.124,30.266950804,-97.748724924,109.7583,5,0.839715,-0.046227,-0.014977,0.540848
67846.524,30.266986449,-97.748746503,108.8855,5,0.840351,-0.041562,-0.011076,0.540333
67846.924,30.267023028,-97.748767668,107.9870,5,0.840300,-0.043395,-0.012012,0.540249
67847.324,30.267090906,-97.748450311,106.9956,5,0.901629,-0.006563,0.012579,0.432277
67847.724,30.267129572,-97.748440621,105.9910,5,0.901408,-0.003277,0.013963,0.432734
67848.124,30.267121659,-97.748400887,102.6576,5,0.869413,0.004367,0.030099,0.493149
67848.524,30.267159626,-97.748384703,101.4943,5,0.868880,0.008058,0.032400,0.493895
67848.924,30.267198638,-97.748367073,100.2894,5,0.869757,0.012389,0.032438,0.492256
67849.324,30.267117128,-97.748302992,101.1399,5,0.895199,0.023504,0.014856,0.444799
67849.724,30.267147012,-97.748282471,100.0195,5,0.896942,0.026975,0.016484,0.441016
67850.124,30.267096427,-97.748228513,100.3036,5,0.922131,0.035997,0.007076,0.385133
67850.524,30.267120764,-97.748204804,99.2166,5,0.924765,0.037769,0.010533,0.378514
67850.924,30.267145770,-97.748179529,98.1232,5,0.926816,0.038190,0.018294,0.373121
67851.324,30.267154481,-97.748146070,97.0621,5,0.930099,0.038607,0.025296,0.364398
67851.724,30.267178244,-97.748118159,95.9140,5,0.930188,0.042132,0.028717,0.363526
67852.124,30.267174348,-97.748079974,94.8552,5,0.937850,0.035270,0.019151,0.344714
67852.524,30.267194655,-97.748049375,93.5711,5,0.936449,0.041211,0.020253,0.347785
67852.924,30.267111354,-97.748013148,92.8357,5,0.958061,0.043114,0.012818,0.283014
67853.324,30.267122288,-97.747982994,91.4738,5,0.957402,0.047314,0.015578,0.284429
67853.724,30.267131690,-97.747951081,90.0783,5,0.957519,0.047874,0.017063,0.283857
67854.124,30.267076693,-97.747944191,89.1553,5,0.967645,0.049335,0.012905,0.247111
67854.524,30.267077771,-97.747912569,87.6334,5,0.967844,0.052014,0.012129,0.245814
67854.924,30.266615533,-97.748096319,82.9835,5,0.998695,0.047101,-0.018394,0.007119
67855.324,30.266590856,-97.748094956,80.9750,5,0.998484,0.050453,-0.019968,0.009287
67855.724,30.266563128,-97.748094336,78.8894,5,0.998357,0.052292,-0.020205,0.011817
67856.124,30.265938980,-97.748349376,71.9754,5,0.989767,0.082023,-0.031468,-0.112440
67856.524,30.265883116,-97.748371181,69.2063,5,0.989742,0.085372,-0.030666,-0.110373
67856.924,30.265823224,-97.748394780,66.3220,5,0.989576,0.087539,-0.030958,-0.110083
67857.324,30.265452827,-97.748442331,53.5129,5,0.985467,0.110658,-0.028450,-0.125701
67857.724,30.265369813,-97.748468107,49.9593,5,0.984773,0.112852,-0.029481,-0.128909
67858.124,30.265231651,-97.748458554,46.6116,5,0.984866,0.115318,-0.027379,-0.126457
67858.524,30.265138718,-97.748487939,42.8555,5,0.984352,0.116248,-0.026285,-0.129795
67858.924,30.265402072,-97.748244627,59.1335,5,0.987818,0.105069,0.003838,-0.114721
67859.324,30.265089424,-97.748476287,41.1045,5,0.984890,0.112711,-0.013032,-0.130835
67859.724,30.264996173,-97.748503682,37.3459,1,0.984419,0.114112,-0.008949,-0.133481
67865.324,30.265994016,-97.746490136,120.4927,5,0.547753,-0.007130,0.006429,-0.836585
67865.724,30.265995695,-97.746490949,120.4895,5,0.547936,-0.007081,0.006127,-0.836468
67866.124,30.265988545,-97.746483921,120.3313,5,0.485424,-0.003320,0.024763,-0.873922
67866.524,30.265988180,-97.746483229,120.3301,5,0.485590,-0.003318,0.024517,-0.873836
67866.924,30.265987724,-97.746482357,120.3289,5,0.485726,-0.003338,0.024258,-0.873768
67867.324,30.265983007,-97.746482724,119.9770,5,0.461339,0.000256,0.018347,-0.887034
67867.724,30.265983026,-97.746482711,119.9768,5,0.461523,0.000257,0.018055,-0.886944
67868.124,30.265981576,-97.746482501,119.8140,5,0.522625,-0.001538,0.019005,-0.852349
67868.524,30.265981544,-97.746482308,119.8128,5,0.522781,-0.001475,0.018595,-0.852263
67868.924,30.265980919,-97.746483456,119.7456,5,0.506354,-0.000352,0.017350,-0.862151
67869.324,30.265981035,-97.746483527,119.7455,5,0.506542,-0.000245,0.017040,-0.862047
67869.724,30.265981202,-97.746483644,119.7444,5,0.506699,-0.000124,0.016607,-0.861963
67870.124,30.265980875,-97.746483663,119.8029,5,0.507019,0.000177,0.016980,-0.861768
67870.524,30.265981052,-97.746483851,119.8029,5,0.507206,0.000307,0.016735,-0.861662
67870.924,30.265981281,-97.746484101,119.8028,5,0.507364,0.000412,0.016414,-0.861576
67871.324,30.265981599,-97.746484097,119.9132,5,0.508080,0.000397,0.017000,-0.861142
67871.724,30.265981812,-97.746484353,119.9131,5,0.508238,0.000469,0.016822,-0.861052
67872.124,30.265980839,-97.746484295,120.0539,5,0.511223,0.000495,0.017757,-0.859265
67872.524,30.265980976,-97.746484506,120.0538,5,0.511402,0.000550,0.017589,-0.859161
67872.924,30.265980380,-97.746484371,120.2216,5,0.510327,0.000811,0.018298,-0.859785
67873.324,30.265980468,-97.746484532,120.2205,5,0.510499,0.000835,0.018234,-0.859684
67873.724,30.265979996,-97.746484220,120.3982,5,0.508544,0.001078,0.018817,-0.860830
67874.124,30.265980052,-97.746484336,120.3962,5,0.508687,0.001145,0.018767,-0.860746
67874.524,30.265980121,-97.746484478,120.3942,5,0.508852,0.001219,0.018671,-0.860650
67874.924,30.265979815,-97.746484105,120.5839,5,0.506512,0.001546,0.019265,-0.862016
67875.324,30.265979854,-97.746484197,120.5819,5,0.506662,0.001536,0.019241,-0.861929
67875.724,30.265979897,-97.746484311,120.5809,5,0.506843,0.001554,0.019274,-0.861821
67876.124,30.265980558,-97.746484288,120.8584,5,0.505522,0.001736,0.019685,-0.862587
67876.524,30.265980581,-97.746484369,120.8574,5,0.505710,0.001800,0.019655,-0.862477
67876.924,30.265980606,-97.746484461,120.8563,5,0.505860,0.001775,0.019571,-0.862391
67877.324,30.265980119,-97.746483934,120.9748,5,0.504847,0.001957,0.020006,-0.862974
67877.724,30.265980138,-97.746483994,120.9738,5,0.504998,0.001937,0.020017,-0.862886
67878.124,30.265980391,-97.746483576,121.1181,5,0.504902,0.002050,0.020243,-0.862937
67878.524,30.265980402,-97.746483622,121.1170,5,0.505083,0.002055,0.020209,-0.862832
67878.924,30.265980450,-97.746483254,121.2712,5,0.504474,0.002112,0.020394,-0.863183
67879.324,30.265980461,-97.746483289,121.2712,5,0.504632,0.002088,0.020412,-0.863091
67879.724,30.265980445,-97.746482838,121.4073,5,0.504166,0.002089,0.020618,-0.863358
67880.124,30.265980459,-97.746482864,121.4074,5,0.504317,0.002118,0.020597,-0.863270
67880.524,30.265980261,-97.746482499,121.5175,5,0.504860,0.002136,0.020737,-0.862949
67880.924,30.265980268,-97.746482518,121.5175,5,0.505049,0.002133,0.020769,-0.862838
67881.324,30.265980144,-97.746482123,121.6166,5,0.504650,0.002144,0.020869,-0.863069
67881.724,30.265980154,-97.746482127,121.6166,5,0.504846,0.002178,0.020872,-0.862954
67882.124,30.265980163,-97.746482135,121.6166,5,0.505027,0.002160,0.020845,-0.862849
67882.524,30.265979938,-97.746481763,121.6986,5,0.504764,0.002152,0.020886,-0.863002
67882.924,30.265979947,-97.746481761,121.6986,5,0.504899,0.002157,0.020871,-0.862923
67883.324,30.265979955,-97.746481764,121.6986,5,0.505072,0.002196,0.020867,-0.862822
67883.724,30.265979939,-97.746481487,121.7926,5,0.505426,0.002127,0.020954,-0.862613
67884.124,30.265979944,-97.746481485,121.7926,5,0.505577,0.002137,0.020931,-0.862525
67884.524,30.265979952,-97.746481488,121.7926,5,0.505742,0.002143,0.020897,-0.862429
67884.924,30.265979542,-97.746481266,121.8336,5,0.506991,0.002111,0.020920,-0.861695
67885.324,30.265979543,-97.746481281,121.8327,5,0.507210,0.002127,0.020953,-0.861565
67885.724,30.265979542,-97.746481298,121.8327,5,0.507368,0.002147,0.020947,-0.861472
67886.124,30.265979246,-97.746481038,121.8906,5,0.507382,0.002082,0.020919,-0.861465
67886.524,30.265979246,-97.746481058,121.8906,5,0.507525,0.002100,0.020902,-0.861381
67886.924,30.265979246,-97.746481081,121.8896,5,0.507713,0.002065,0.020935,-0.861269
67887.324,30.265978984,-97.746480821,121.9546,5,0.507074,0.002066,0.020925,-0.861646
67887.724,30.265978981,-97.746480842,121.9535,5,0.507194,0.002025,0.020903,-0.861576
67888.124,30.265978614,-97.746480575,121.9955,5,0.507058,0.002014,0.020894,-0.861656
67888.524,30.265978610,-97.746480594,121.9945,5,0.507194,0.002019,0.020879,-0.861577
67888.924,30.265978604,-97.746480619,121.9936,5,0.507337,0.002046,0.020897,-0.861492
67889.324,30.265978393,-97.746480346,122.0504,5,0.506644,0.001978,0.020816,-0.861902
67889.724,30.265978391,-97.746480367,122.0494,5,0.506787,0.002000,0.020790,-0.861818
67890.124,30.265978101,-97.746480524,122.0414,5,0.506847,0.001973,0.020816,-0.861782
67890.524,30.265978100,-97.746480549,122.0404,5,0.506959,0.001978,0.020770,-0.861717
67890.924,30.265977898,-97.746480597,122.0403,5,0.506214,0.001929,0.020658,-0.862158
67891.324,30.265977905,-97.746480618,122.0393,5,0.506357,0.001991,0.020616,-0.862075
67891.724,30.265977665,-97.746480707,122.0252,5,0.505935,0.001929,0.020634,-0.862323
67892.124,30.265977679,-97.746480733,122.0243,5,0.506026,0.001992,0.020591,-0.862270
67892.524,30.265977696,-97.746480767,122.0233,5,0.506191,0.002027,0.020543,-0.862174
67892.924,30.265977382,-97.746480871,121.9943,5,0.506093,0.002007,0.020581,-0.862231
67893.324,30.265977403,-97.746480918,121.9943,5,0.506266,0.002005,0.020542,-0.862130
67893.724,30.265977426,-97.746480973,121.9933,5,0.506409,0.002007,0.020535,-0.862046
67894.124,30.265977095,-97.746481028,121.9672,5,0.506055,0.001888,0.020612,-0.862253
67894.524,30.265977116,-97.746481090,121.9662,5,0.506205,0.001888,0.020573,-0.862165
67894.924,30.265977140,-97.746481159,121.9651,5,0.506378,0.001865,0.020553,-0.862064
67895.324,30.265976798,-97.746481215,121.9341,5,0.505934,0.001837,0.020600,-0.862324
67895.724,30.265976822,-97.746481286,121.9331,5,0.506130,0.001810,0.020587,-0.862210
67896.124,30.265976589,-97.746481229,121.9081,5,0.505219,0.001718,0.020711,-0.862741
67896.524,30.265976619,-97.746481289,121.9071,5,0.505377,0.001697,0.020741,-0.862648
67896.924,30.265976291,-97.746481275,121.8851,5,0.504331,0.001705,0.020871,-0.863256
67897.324,30.265976324,-97.746481322,121.8841,5,0.504474,0.001694,0.020867,-0.863173
67897.724,30.265976356,-97.746481362,121.8831,5,0.504616,0.001832,0.020556,-0.863097
67898.124,30.265975994,-97.746480905,121.8370,5,0.504164,0.002034,0.020211,-0.863369
67898.524,30.265975529,-97.746479971,121.8357,5,0.504228,0.002390,0.019339,-0.863350
67898.924,30.265974320,-97.746477600,121.8361,5,0.504272,0.003295,0.017182,-0.863367
67899.324,30.265971659,-97.746472792,121.7958,5,0.504089,0.004642,0.016247,-0.863486
67899.724,30.265967658,-97.746465098,121.7988,5,0.503940,0.004433,0.016557,-0.863569
67900.124,30.265963688,-97.746453951,121.7452,5,0.530942,0.003009,0.016990,-0.847232
67900.524,30.265958231,-97.746441414,121.7491,5,0.535204,0.003768,0.017189,-0.844539
67900.924,30.265951997,-97.746426531,121.7521,5,0.540722,0.003181,0.017790,-0.841007
67901.324,30.265952659,-97.746406027,121.5932,5,0.599771,-0.001158,0.020254,-0.799914
67901.724,30.265947751,-97.746387920,121.5866,5,0.601799,-0.003478,0.020869,-0.798367
67902.124,30.265943029,-97.746369377,121.5664,5,0.606046,-0.004485,0.017865,-0.795216
67902.524,30.265938224,-97.746350329,121.5602,5,0.610322,-0.008545,0.015878,-0.791948
67902.924,30.265933456,-97.746331371,121.5565,1,0.614149,-0.009639,0.017355,-0.788940
67903.324,30.265928988,-97.746312482,121.5478,5,0.617833,-0.008352,0.016177,-0.786099
67903.724,30.265924535,-97.746292889,121.5443,5,0.620207,-0.008053,0.014024,-0.784271
67904.124,30.265919828,-97.746272154,121.5562,5,0.621973,-0.008496,0.014314,-0.782862
67904.524,30.265915279,-97.746250352,121.5566,5,0.623240,-0.008791,0.016181,-0.781814
67904.924,30.265910354,-97.746227963,121.5632,1,0.623744,-0.010643,0.020019,-0.781300
67905.324,30.265905329,-97.746205554,121.5524,5,0.624778,-0.011237,0.022054,-0.780410
67905.724,30.265900860,-97.746183025,121.5283,1,0.626697,-0.012586,0.026806,-0.778700
67906.124,30.265896186,-97.746161033,121.5078,5,0.628440,-0.007681,0.024609,-0.777430
67906.524,30.265891712,-97.746139018,121.4914,1,0.628774,-0.009356,0.019906,-0.777277
67906.924,30.265887655,-97.746117527,121.4994,1,0.628328,-0.014730,0.014967,-0.777665
67907.324,30.265883328,-97.746097023,121.4962,5,0.628023,-0.019690,0.012799,-0.777840
67907.724,30.265879970,-97.746077046,121.5279,1,0.630165,-0.018581,0.012360,-0.776140
67908.125,30.265876576,-97.746057949,121.5565,5,0.632693,-0.022017,0.013003,-0.773981
67908.525,30.265872543,-97.746039300,121.5389,5,0.630820,-0.021653,0.008501,-0.775581
67908.925,30.265867934,-97.746020295,121.5853,1,0.628231,-0.019018,0.009862,-0.777732
67909.325,30.265863891,-97.746002006,121.5973,5,0.625824,-0.019257,0.010242,-0.779659
67909.725,30.265859777,-97.745984153,121.6022,5,0.623903,-0.018436,0.011629,-0.781198
67910.125,30.265856424,-97.745967206,121.5982,5,0.622259,-0.016362,0.010746,-0.782567
67910.525,30.265852349,-97.745950025,121.5946,5,0.620830,-0.016577,0.011480,-0.783686
67910.925,30.265848609,-97.745932500,121.6006,1,0.619261,-0.017113,0.012150,-0.784904
67911.325,30.265844300,-97.745914510,121.5948,5,0.615862,-0.015523,0.011931,-0.787610
67911.725,30.265839822,-97.745895811,121.5914,5,0.613074,-0.013813,0.009725,-0.789845
67912.125,30.265835463,-97.745876627,121.5840,5,0.613349,-0.014525,0.008783,-0.789629
67912.525,30.265830081,-97.745855453,121.5846,5,0.613405,-0.015167,0.007830,-0.789584
67912.925,30.265824382,-97.745833129,121.5797,1,0.613523,-0.016487,0.009310,-0.789450
67913.325,30.265818523,-97.745809854,121.5689,5,0.613496,-0.014872,0.011429,-0.789475
67913.725,30.265812457,-97.745785474,121.5763,1,0.613156,-0.014689,0.011761,-0.789738
67914.125,30.265806666,-97.745761259,121.5814,5,0.612415,-0.016041,0.010983,-0.790298
67914.525,30.265800827,-97.745738549,121.6096,1,0.611683,-0.016223,0.012614,-0.790836
67914.925,30.265795438,-97.745717956,121.6588,1,0.612207,-0.013493,0.014770,-0.790444
67915.325,30.265789735,-97.745694945,121.6650,5,0.614317,-0.014130,0.013228,-0.788822
67915.725,30.265784829,-97.745673781,121.6899,1,0.615996,-0.014835,0.011317,-0.787528
67916.125,30.265779709,-97.745652163,121.7082,5,0.616124,-0.017912,0.012607,-0.787345
67916.525,30.265774428,-97.745630580,121.7146,1,0.615455,-0.019665,0.012639,-0.787825
67916.925,30.265769556,-97.745610931,121.7265,1,0.615464,-0.019922,0.015206,-0.787767
67917.325,30.265765050,-97.745592820,121.7172,5,0.615627,-0.018624,0.014558,-0.787683
67917.725,30.265760971,-97.745576845,121.7223,1,0.614229,-0.019107,0.015301,-0.788748
67918.125,30.265757314,-97.745562751,121.7307,5,0.613189,-0.017969,0.013433,-0.789618
67918.525,30.265753984,-97.745549929,121.7269,5,0.612415,-0.016459,0.013187,-0.790255
67918.925,30.265749776,-97.745537456,121.7849,1,0.611239,-0.017922,0.012518,-0.791144
67919.325,30.265746970,-97.745526951,121.7893,5,0.609389,-0.015051,0.012346,-0.792632
67919.725,30.265744605,-97.745519138,121.8198,5,0.608764,-0.016002,0.012720,-0.793088
67920.125,30.265743475,-97.745520070,121.9651,5,0.607350,-0.016255,0.013482,-0.794153
67920.525,30.265742414,-97.745519818,122.0449,5,0.607108,-0.015577,0.016155,-0.794302
67920.925,30.265741934,-97.745522010,122.1238,5,0.606919,-0.015636,0.016067,-0.794447
67921.325,30.265742221,-97.745525830,122.2050,5,0.605886,-0.016178,0.015746,-0.795231
67921.725,30.265742898,-97.745532373,122.3135,5,0.605418,-0.015981,0.016129,-0.795583
67922.125,30.265743850,-97.745540698,122.4027,5,0.605452,-0.014644,0.014876,-0.795608
67922.525,30.265744730,-97.745546973,122.5090,5,0.605461,-0.014527,0.015097,-0.795599
67922.925,30.265745569,-97.745551459,122.5601,5,0.605629,-0.014489,0.015213,-0.795470
67923.325,30.265745303,-97.745552239,122.5885,5,0.608244,-0.014460,0.015578,-0.793465
67923.725,30.265743937,-97.745547981,122.5660,5,0.608934,-0.014864,0.015342,-0.792933
67924.125,30.265740834,-97.745538935,122.5076,5,0.611895,-0.015353,0.015360,-0.790641
67924.525,30.265740262,-97.745536580,122.4653,5,0.611882,-0.015616,0.015201,-0.790649
67924.925,30.265739643,-97.745534416,122.4190,5,0.612807,-0.015859,0.015074,-0.789929
67925.325,30.265739563,-97.745532574,122.3805,5,0.610662,-0.016068,0.014869,-0.791588
67925.725,30.265740124,-97.745533977,122.3525,5,0.611075,-0.016147,0.014839,-0.791269
67926.125,30.265740367,-97.745534517,122.3449,5,0.613093,-0.016024,0.015132,-0.789703
67926.525,30.265740523,-97.745534857,122.3378,5,0.613486,-0.016024,0.015042,-0.789400
67926.925,30.265740860,-97.745535759,122.3328,5,0.613898,-0.016098,0.015048,-0.789078
67927.325,30.265740953,-97.745536034,122.3238,5,0.615184,-0.016123,0.015066,-0.788074
67927.725,30.265741002,-97.745535855,122.3057,5,0.615477,-0.016235,0.015054,-0.787844
67928.125,30.265739147,-97.745531368,122.3297,5,0.620957,-0.016009,0.015759,-0.783523
67928.525,30.265738701,-97.745529082,122.3276,5,0.622116,-0.016132,0.015679,-0.782602
67928.925,30.265738148,-97.745526464,122.3164,5,0.622338,-0.016277,0.015585,-0.782424
67929.325,30.265737902,-97.745526068,122.3032,5,0.623129,-0.016327,0.015429,-0.781797
67929.725,30.265737680,-97.745525560,122.2902,5,0.623128,-0.016357,0.015439,-0.781797
67930.125,30.265736654,-97.745523375,122.2747,5,0.628715,-0.015808,0.016449,-0.777301
67930.525,30.265736100,-97.745520868,122.2736,5,0.630325,-0.015983,0.016437,-0.775993
67930.925,30.265735561,-97.745518331,122.2694,5,0.630150,-0.016185,0.016375,-0.776132
67931.325,30.265735236,-97.745516006,122.2471,5,0.630193,-0.016371,0.016201,-0.776097
67931.725,30.265734973,-97.745514228,122.2269,5,0.630434,-0.016484,0.016052,-0.775901
67932.125,30.265734512,-97.745511902,122.2006,5,0.630398,-0.016594,0.015884,-0.775932
67932.525,30.265734418,-97.745510848,122.1885,5,0.630971,-0.016699,0.015807,-0.775466
67932.925,30.265734318,-97.745509683,122.1743,5,0.631383,-0.016462,0.015289,-0.775145
67933.325,30.265733950,-97.745508777,122.1541,5,0.630452,-0.017104,0.015762,-0.775879
67933.725,30.265733749,-97.745507630,122.1278,5,0.630885,-0.016391,0.014742,-0.775563
67934.125,30.265733378,-97.745506164,122.1190,5,0.630215,-0.016097,0.014659,-0.776116
67934.525,30.265732764,-97.745503542,122.1155,5,0.630596,-0.015750,0.014838,-0.775810
67934.925,30.265732110,-97.745500168,122.1127,5,0.631184,-0.015483,0.014816,-0.775337
67935.325,30.265731043,-97.745495317,122.1151,5,0.631268,-0.015405,0.014013,-0.775285
67935.725,30.265729610,-97.745488563,122.1154,5,0.633091,-0.015242,0.014137,-0.773798
67936.125,30.265727238,-97.745481004,122.1216,5,0.630098,-0.015314,0.014531,-0.776229
67936.525,30.265725179,-97.745472677,122.1280,5,0.631529,-0.015267,0.013708,-0.775081
67936.925,30.265723207,-97.745464034,122.1219,5,0.633581,-0.014488,0.012700,-0.773436
67937.325,30.265720649,-97.745454722,122.1240,5,0.626887,-0.013586,0.010964,-0.778914
67937.725,30.265718033,-97.745443378,122.1300,5,0.627042,-0.011957,0.010426,-0.778824
67938.125,30.265714079,-97.745430271,122.1412,5,0.619605,-0.011076,0.012324,-0.784739
67938.525,30.265708409,-97.745414477,122.1831,5,0.617134,-0.013001,0.012005,-0.786659
67938.925,30.265704535,-97.745401007,122.1924,5,0.618278,-0.011694,0.012096,-0.785780
67939.325,30.265702082,-97.745387815,122.1803,5,0.624865,-0.013947,0.010620,-0.780536
67939.725,30.265698997,-97.745375279,122.1970,5,0.625766,-0.014789,0.011079,-0.779792
67940.125,30.265696041,-97.745363101,122.2037,5,0.626148,-0.015440,0.009020,-0.779499
67940.525,30.265693226,-97.745350554,122.2175,5,0.627887,-0.015134,0.005997,-0.778135
67940.925,30.265689524,-97.745335642,122.2223,1,0.628498,-0.015755,0.009940,-0.777588
67941.325,30.265686924,-97.745324846,122.2494,5,0.627943,-0.016170,0.011696,-0.778004
67941.725,30.265684630,-97.745316314,122.2726,5,0.627603,-0.014483,0.010258,-0.778331
67942.125,30.265683138,-97.745311057,122.2688,5,0.626986,-0.013744,0.010948,-0.778832
67942.525,30.265682005,-97.745307347,122.2827,5,0.626654,-0.011194,0.010437,-0.779147
67942.925,30.265680770,-97.745303716,122.2994,5,0.626264,-0.010521,0.013039,-0.779431
67943.325,30.265679411,-97.745301267,122.2465,5,0.624035,-0.009754,0.012379,-0.781237
67943.725,30.265678518,-97.745299175,122.2183,5,0.624023,-0.008717,0.012269,-0.781261
67944.125,30.265677767,-97.745296942,122.1815,5,0.621249,-0.008345,0.012126,-0.783475
67944.525,30.265676464,-97.745293954,122.1026,5,0.620625,-0.008496,0.012406,-0.783964
67944.925,30.265675241,-97.745290612,122.0633,5,0.619811,-0.009359,0.013002,-0.784587
67945.325,30.265673980,-97.745287071,122.0024,5,0.617835,-0.009077,0.014120,-0.786129
67945.725,30.265672639,-97.745283157,121.9551,5,0.617415,-0.008647,0.013248,-0.786478
67946.125,30.265671174,-97.745278214,121.9457,5,0.616756,-0.005778,0.010982,-0.787057
67946.525,30.265668937,-97.745270736,121.9468,5,0.616581,-0.006118,0.012666,-0.787166
67946.925,30.265666274,-97.745261686,121.9338,5,0.616113,-0.002622,0.010037,-0.787589
67947.325,30.265663043,-97.745248967,121.9335,5,0.615560,-0.004896,0.009741,-0.788014
67947.725,30.265659062,-97.745233325,121.9445,5,0.615924,-0.008175,0.013359,-0.787650
67948.125,30.265654957,-97.745217216,121.9523,5,0.618168,-0.011313,0.016414,-0.785793
67948.525,30.265651051,-97.745201740,121.9575,5,0.620269,-0.010888,0.020826,-0.784037
67948.925,30.265647363,-97.745187350,121.9630,5,0.622413,-0.013104,0.022456,-0.782257
67949.325,30.265643935,-97.745174140,121.9798,5,0.625014,-0.008347,0.023028,-0.780229
67949.725,30.265640889,-97.745161076,121.9761,5,0.628000,-0.007971,0.024032,-0.777801
67950.125,30.265637795,-97.745148247,121.9972,5,0.631653,-0.007502,0.023501,-0.774859
67950.525,30.265634797,-97.745134402,121.9929,5,0.635677,-0.005144,0.019423,-0.771693
67950.925,30.265630709,-97.745118496,122.0104,1,0.638231,-0.006173,0.015183,-0.769670
67951.325,30.265626886,-97.745100000,122.0134,5,0.639339,-0.012721,0.013629,-0.768699
67951.725,30.265622874,-97.745079562,122.0141,5,0.638575,-0.016497,0.008998,-0.769330
67952.125,30.265617204,-97.745057943,122.0444,5,0.633512,-0.017927,0.007467,-0.773489
67952.525,30.265611972,-97.745034570,122.0595,5,0.629139,-0.017949,0.007730,-0.777047
67952.925,30.265606166,-97.745010080,122.0935,1,0.625140,-0.016812,0.010222,-0.780264
67953.325,30.265599892,-97.744984956,122.1198,5,0.621395,-0.015899,0.010955,-0.783260
67953.725,30.265593596,-97.744959287,122.1680,1,0.620172,-0.015489,0.012002,-0.784221
67954.125,30.265587005,-97.744932955,122.2178,5,0.619585,-0.014859,0.011115,-0.784711
67954.525,30.265580124,-97.744905349,122.2433,1,0.619436,-0.013780,0.011824,-0.784837
67954.925,30.265572790,-97.744876678,122.2492,1,0.619797,-0.012223,0.011206,-0.784587
67955.325,30.265565250,-97.744847044,122.2638,5,0.619747,-0.015175,0.012677,-0.784553
67955.725,30.265557938,-97.744817362,122.2736,1,0.619751,-0.014393,0.012828,-0.784562
67956.125,30.265550431,-97.744787949,122.2865,5,0.618683,-0.016355,0.013609,-0.785353
67956.525,30.265543096,-97.744759033,122.2952,1,0.617693,-0.016252,0.011954,-0.786161
67956.925,30.265535828,-97.744730692,122.3109,1,0.616954,-0.018510,0.011608,-0.786696
67957.325,30.265528570,-97.744703107,122.3228,5,0.615793,-0.020220,0.010981,-0.787572
67957.725,30.265521565,-97.744676011,122.3294,1,0.615745,-0.019730,0.011277,-0.787618
67958.125,30.265514453,-97.744649696,122.3364,5,0.614694,-0.018935,0.011624,-0.788453
67958.525,30.265507548,-97.744623837,122.3520,1,0.613284,-0.020170,0.010074,-0.789541
67958.925,30.265500456,-97.744597906,122.3423,1,0.612312,-0.022605,0.009579,-0.790235
67959.325,30.265493393,-97.744572764,122.3367,5,0.611243,-0.022082,0.008351,-0.791091
67959.725,30.265486352,-97.744547712,122.3381,1,0.611979,-0.021003,0.008753,-0.790546
67960.125,30.265479694,-97.744522822,122.3480,5,0.615213,-0.021371,0.008950,-0.788021
67960.525,30.265473510,-97.744498243,122.3560,1,0.619676,-0.020741,0.010445,-0.784514
67960.925,30.265467675,-97.744473943,122.3521,1,0.623636,-0.020327,0.008804,-0.781401
67961.325,30.265462102,-97.744449709,122.3489,5,0.625732,-0.024091,0.007678,-0.779628
67961.725,30.265456639,-97.744425808,122.3344,1,0.627575,-0.023312,0.009745,-0.778146
67962.125,30.265451376,-97.744403040,122.3038,5,0.629335,-0.022362,0.007954,-0.776772
67962.525,30.265446570,-97.744380292,122.3100,1,0.630587,-0.022208,0.007975,-0.775760
67962.925,30.265441525,-97.744359044,122.2726,1,0.629017,-0.023076,0.012064,-0.776956
67963.325,30.265436603,-97.744338609,122.2704,5,0.627117,-0.019152,0.011339,-0.778607
67963.725,30.265431986,-97.744319115,122.2540,1,0.624897,-0.021023,0.011701,-0.780337
67964.125,30.265427542,-97.744300465,122.2125,5,0.623531,-0.021204,0.010159,-0.781445
67964.525,30.265423263,-97.744284254,122.2375,1,0.622627,-0.021496,0.010522,-0.782153
67964.925,30.265419061,-97.744269560,122.1687,1,0.619808,-0.021526,0.010967,-0.784382
67965.325,30.265414958,-97.744256869,122.1432,5,0.616412,-0.022267,0.012504,-0.787009
67965.725,30.265411101,-97.744246139,122.1294,5,0.613691,-0.020878,0.012600,-0.789170
67966.125,30.265407022,-97.744238147,122.0296,5,0.611322,-0.019681,0.011607,-0.791052
67966.525,30.265403486,-97.744231823,122.1264,5,0.608069,-0.019614,0.010142,-0.793577
67966.925,30.265401302,-97.744222528,122.1362,5,0.609350,-0.019541,0.010982,-0.792584
67967.325,30.265397630,-97.744216576,122.2781,5,0.607323,-0.020634,0.011031,-0.794110
67967.725,30.265396287,-97.744211871,122.3472,5,0.607378,-0.021944,0.011290,-0.794030
67968.125,30.265395246,-97.744210617,122.5175,5,0.608088,-0.021618,0.011363,-0.793494
67968.525,30.265394289,-97.744210976,122.6592,5,0.607990,-0.021887,0.011302,-0.793563
67968.925,30.265393272,-97.744212138,122.7726,5,0.607075,-0.020736,0.009265,-0.794320
67969.325,30.265392699,-97.744208316,122.6677,5,0.603019,-0.021285,0.010188,-0.797378
67969.725,30.265392498,-97.744209340,122.7357,5,0.603047,-0.021287,0.010131,-0.797357
67970.125,30.265391999,-97.744212338,122.8499,5,0.605484,-0.021169,0.010158,-0.795511
67970.525,30.265391598,-97.744215629,122.9448,5,0.605701,-0.021132,0.010029,-0.795349
67970.925,30.265391291,-97.744217283,122.9977,5,0.605722,-0.021139,0.009936,-0.795334
67971.325,30.265391141,-97.744217767,122.9727,5,0.606706,-0.021165,0.009899,-0.794583
67971.725,30.265390332,-97.744220130,123.0846,5,0.606471,-0.021166,0.009738,-0.794764
67972.125,30.265389095,-97.744221763,123.1296,5,0.607706,-0.021131,0.009655,-0.793822
67972.525,30.265388441,-97.744216963,123.1793,5,0.604848,-0.021332,0.009650,-0.795997
67972.925,30.265387792,-97.744215746,123.2264,5,0.604820,-0.021335,0.009757,-0.796017
67973.325,30.265387050,-97.744216227,123.2204,5,0.604390,-0.021297,0.009783,-0.796344
67973.725,30.265386985,-97.744216280,123.2244,5,0.604348,-0.021302,0.009791,-0.796375
67974.125,30.265385814,-97.744216719,123.2215,5,0.606106,-0.021299,0.009784,-0.795039
67974.525,30.265386339,-97.744211421,123.0714,5,0.601004,-0.021353,0.009974,-0.798899
67974.925,30.265387504,-97.744210893,122.9904,5,0.601567,-0.021408,0.009978,-0.798473
67975.325,30.265386983,-97.744210708,122.9416,5,0.599975,-0.021224,0.010079,-0.799674
67975.725,30.265386598,-97.744210679,122.9465,5,0.599513,-0.021268,0.010086,-0.800019
67976.125,30.265386341,-97.744210784,122.9267,5,0.598561,-0.021099,0.010120,-0.800736
67976.525,30.265386660,-97.744209247,122.9185,5,0.597632,-0.021273,0.010115,-0.801424
67976.925,30.265387181,-97.744208028,122.9584,5,0.596293,-0.021346,0.010126,-0.802419
67977.325,30.265386950,-97.744208312,122.9466,5,0.595509,-0.021103,0.010169,-0.803007
67977.725,30.265387097,-97.744208224,122.9457,5,0.595523,-0.021089,0.010222,-0.802996
67978.125,30.265385921,-97.744209254,122.7937,5,0.596177,-0.021011,0.010193,-0.802513
67978.525,30.265386033,-97.744208801,122.7797,5,0.595791,-0.021045,0.010152,-0.802800
67978.925,30.265386147,-97.744207557,122.7216,5,0.594416,-0.021059,0.010143,-0.803818
67979.325,30.265385533,-97.744208825,122.6279,5,0.595722,-0.020788,0.010116,-0.802858
67979.725,30.265385468,-97.744208960,122.5908,5,0.595901,-0.020869,0.010130,-0.802722
67980.125,30.265385007,-97.744209707,122.4930,5,0.597313,-0.020727,0.010157,-0.801676
67980.525,30.265384532,-97.744209719,122.4541,5,0.597125,-0.020711,0.010216,-0.801816
67980.925,30.265384618,-97.744209703,122.4370,5,0.597425,-0.020722,0.010203,-0.801592
67981.325,30.265384258,-97.744210185,122.4032,5,0.597527,-0.020592,0.010287,-0.801518
67981.725,30.265383630,-97.744210651,122.2903,5,0.598235,-0.020528,0.010302,-0.800991
67982.125,30.265383349,-97.744211786,122.1464,5,0.600932,-0.020499,0.010280,-0.798971
67982.525,30.265383123,-97.744211750,122.1704,5,0.600548,-0.020489,0.010283,-0.799260
67982.925,30.265383101,-97.744211830,122.2064,5,0.600533,-0.020545,0.010329,-0.799270
67983.325,30.265382591,-97.744212683,122.1956,5,0.601135,-0.020443,0.010429,-0.798818
67983.725,30.265382020,-97.744212654,122.2096,5,0.600559,-0.020374,0.010391,-0.799254
67984.125,30.265381854,-97.744213192,122.2008,5,0.601446,-0.020299,0.010456,-0.798587
67984.525,30.265381485,-97.744213478,122.1918,5,0.602471,-0.020293,0.010434,-0.797815
67984.925,30.265381066,-97.744213947,122.1829,5,0.603036,-0.020233,0.010503,-0.797388
67985.325,30.265380738,-97.744214569,122.1651,5,0.603687,-0.020123,0.010577,-0.796897
67985.725,30.265379942,-97.744215202,122.1552,5,0.603980,-0.020068,0.010592,-0.796676
67986.125,30.265379534,-97.744216238,122.1202,5,0.605300,-0.020082,0.010627,-0.795673
67986.525,30.265379608,-97.744215661,122.1802,5,0.604536,-0.020093,0.010630,-0.796254
67986.925,30.265379631,-97.744215602,122.2092,5,0.604390,-0.020093,0.010666,-0.796364
67987.325,30.265379434,-97.744216036,122.2133,5,0.604669,-0.020064,0.010673,-0.796153
67987.725,30.265378806,-97.744216728,122.2703,5,0.604919,-0.020039,0.010731,-0.795962
67988.125,30.265378746,-97.744216995,122.2794,5,0.605538,-0.020031,0.010794,-0.795491
67988.525,30.265379073,-97.744216382,122.3164,5,0.604918,-0.020069,0.010785,-0.795961
67988.925,30.265379284,-97.744216333,122.3873,5,0.604813,-0.020110,0.010800,-0.796040
67989.325,30.265378995,-97.744216892,122.3923,5,0.605154,-0.020107,0.010753,-0.795782
67989.725,30.265378920,-97.744216732,122.3803,5,0.605057,-0.020095,0.010741,-0.795856
67990.125,30.265378758,-97.744217120,122.3463,5,0.605675,-0.020088,0.010748,-0.795386
67990.525,30.265379914,-97.744214743,122.3401,5,0.603486,-0.020100,0.010598,-0.797050
67990.925,30.265380134,-97.744214333,122.3041,5,0.603326,-0.020088,0.010532,-0.797172
67991.325,30.265380054,-97.744214343,122.2660,5,0.602999,-0.020089,0.010460,-0.797420
67991.725,30.265379826,-97.744214018,122.1219,5,0.602992,-0.020111,0.010345,-0.797427
67992.125,30.265379646,-97.744213975,122.0678,5,0.603019,-0.020132,0.010284,-0.797406
67992.525,30.265379681,-97.744213362,122.0467,5,0.602273,-0.020169,0.010235,-0.797970
67992.925,30.265379755,-97.744212984,121.9117,5,0.602489,-0.020181,0.010168,-0.797807
67993.325,30.265379136,-97.744213479,121.8887,5,0.602510,-0.020178,0.010192,-0.797791
67993.725,30.265378985,-97.744213288,121.8076,5,0.602551,-0.020206,0.010127,-0.797760
67994.125,30.265378540,-97.744213612,121.7326,5,0.603213,-0.020195,0.010113,-0.797261
67994.525,30.265378808,-97.744212618,121.7845,5,0.601700,-0.020235,0.010042,-0.798402
67994.925,30.265378858,-97.744212570,121.7955,5,0.601686,-0.020263,0.010021,-0.798413
67995.325,30.265378516,-97.744212909,121.8035,5,0.601547,-0.020228,0.009995,-0.798518
67995.725,30.265378377,-97.744213059,121.8174,5,0.601630,-0.020258,0.010003,-0.798455
67996.125,30.265378333,-97.744213357,121.8115,5,0.601944,-0.020250,0.009994,-0.798219
67996.525,30.265379105,-97.744212383,121.8033,5,0.601241,-0.020227,0.009847,-0.798751
67996.925,30.265379330,-97.744212064,121.7223,5,0.601541,-0.020211,0.009800,-0.798526
67997.325,30.265379144,-97.744212592,121.6474,5,0.602289,-0.020156,0.009753,-0.797964
67997.725,30.265378981,-97.744212357,121.5022,5,0.602476,-0.020205,0.009636,-0.797823
67998.125,30.265378797,-97.744212690,121.3372,5,0.603520,-0.020205,0.009608,-0.797034
67998.525,30.265379302,-97.744211626,121.2711,5,0.602748,-0.020213,0.009462,-0.797620
67998.925,30.265379399,-97.744211581,121.2241,5,0.602958,-0.020171,0.009413,-0.797463
67999.325,30.265379329,-97.744211861,121.1521,5,0.603585,-0.020133,0.009410,-0.796989
67999.725,30.265379246,-97.744211677,121.0220,5,0.603760,-0.020105,0.009264,-0.796858
68000.125,30.265379277,-97.744211715,120.9681,5,0.604080,-0.020112,0.009275,-0.796616
68000.525,30.265379970,-97.744210642,120.9739,5,0.603092,-0.020123,0.009185,-0.797365
68000.925,30.265380193,-97.744210382,120.9289,5,0.603022,-0.020126,0.009162,-0.797418
68001.325,30.265380058,-97.744210658,120.8990,5,0.603588,-0.020073,0.009171,-0.796991
68001.725,30.265380029,-97.744210520,120.8520,5,0.603491,-0.020056,0.009109,-0.797066
68002.125,30.265379915,-97.744210688,120.8149,5,0.603817,-0.020098,0.009094,-0.796818
68002.525,30.265380083,-97.744209796,120.8768,5,0.602633,-0.020121,0.008998,-0.797714
68002.925,30.265380215,-97.744209819,120.9058,5,0.602486,-0.020152,0.009031,-0.797824
68003.325,30.265380052,-97.744210125,120.9278,5,0.602902,-0.020185,0.009130,-0.797507
68003.725,30.265380059,-97.744210310,120.9648,5,0.602846,-0.020197,0.009133,-0.797549
68004.125,30.265379966,-97.744210285,120.9858,5,0.603006,-0.020234,0.009103,-0.797428
68004.525,30.265380018,-97.744209924,121.0247,5,0.602356,-0.020301,0.009117,-0.797917
68004.925,30.265380187,-97.744210196,121.1328,5,0.602189,-0.020303,0.009184,-0.798043
68005.325,30.265379956,-97.744210418,121.1338,5,0.602542,-0.020339,0.009304,-0.797773
68005.725,30.265379966,-97.744210467,121.1479,5,0.602453,-0.020289,0.009300,-0.797842
68006.125,30.265379810,-97.744210567,121.1350,5,0.602787,-0.020290,0.009403,-0.797589
68006.525,30.265380068,-97.744210302,121.1419,5,0.602468,-0.020246,0.009343,-0.797831
68006.925,30.265380347,-97.744210093,121.1489,5,0.602231,-0.020252,0.009332,-0.798010
68007.325,30.265380213,-97.744209797,121.1399,5,0.602035,-0.020303,0.009394,-0.798157
68007.725,30.265380222,-97.744209715,121.1079,5,0.602007,-0.020294,0.009325,-0.798178
68008.125,30.265380123,-97.744209758,121.0899,5,0.602313,-0.020308,0.009375,-0.797946
68008.525,30.265380360,-97.744208792,121.0417,5,0.601435,-0.020343,0.009210,-0.798610
68008.925,30.265380425,-97.744208698,120.9977,5,0.601365,-0.020351,0.009238,-0.798662
68009.325,30.265380189,-97.744208733,120.9377,5,0.601677,-0.020400,0.009218,-0.798426
68009.725,30.265380176,-97.744208277,120.7807,5,0.601699,-0.020364,0.009169,-0.798411
68010.125,30.265380125,-97.744208252,120.7316,5,0.602011,-0.020416,0.009124,-0.798175
68010.525,30.265380496,-97.744207791,120.7236,5,0.601747,-0.020381,0.009089,-0.798375
68010.925,30.265380660,-97.744207370,120.6746,5,0.601371,-0.020395,0.009151,-0.798658
68011.325,30.265380530,-97.744207324,120.6326,5,0.601517,-0.020395,0.009159,-0.798547
68011.725,30.265380521,-97.744207088,120.5486,5,0.601581,-0.020364,0.009116,-0.798500
68012.125,30.265380392,-97.744206948,120.4366,5,0.601916,-0.020340,0.009085,-0.798249
68012.525,30.265380657,-97.744206281,120.4296,5,0.601351,-0.020368,0.009073,-0.798674
68012.925,30.265380810,-97.744206081,120.4075,5,0.601244,-0.020430,0.009115,-0.798752
68013.325,30.265380557,-97.744206308,120.3716,5,0.601467,-0.020418,0.009120,-0.798584
68013.725,30.265380563,-97.744206022,120.3075,5,0.601398,-0.020433,0.009056,-0.798637
68014.125,30.265380554,-97.744205905,120.2274,5,0.601517,-0.020412,0.008950,-0.798549
68014.525,30.265380524,-97.744205746,120.2164,5,0.601426,-0.020421,0.008966,-0.798617
68014.925,30.265380639,-97.744205515,120.1635,5,0.601454,-0.020414,0.009014,-0.798596
68015.325,30.265380597,-97.744205590,120.1425,5,0.601365,-0.020366,0.008997,-0.798664
68015.725,30.265380531,-97.744205379,120.0195,5,0.601634,-0.020236,0.008785,-0.798467
68016.125,30.265380312,-97.744205266,119.8704,5,0.602196,-0.020337,0.008765,-0.798041
68016.525,30.265379963,-97.744204832,119.8324,5,0.601947,-0.020479,0.008979,-0.798223
68016.925,30.265380092,-97.744204614,119.7353,5,0.602159,-0.020399,0.008719,-0.798068
68017.325,30.265379888,-97.744205081,119.6753,5,0.602486,-0.020218,0.008511,-0.797828
68017.725,30.265379790,-97.744204602,119.5763,5,0.602653,-0.020413,0.008689,-0.797695
68018.126,30.265380115,-97.744203912,119.4040,5,0.602551,-0.020395,0.008321,-0.797777
68018.526,30.265380255,-97.744203980,119.3210,5,0.602784,-0.020485,0.008446,-0.797597
68018.926,30.265380202,-97.744203592,119.0629,5,0.603209,-0.020491,0.008292,-0.797277
68019.326,30.265380254,-97.744203406,118.8087,5,0.603570,-0.020530,0.008069,-0.797004
68019.726,30.265380753,-97.744202347,118.7996,5,0.602980,-0.020513,0.007984,-0.797453
68020.126,30.265380679,-97.744202918,118.7646,5,0.603349,-0.020505,0.008016,-0.797174
68020.526,30.265380590,-97.744202998,118.7597,5,0.603342,-0.020482,0.008001,-0.797179
68020.926,30.265380615,-97.744202970,118.7577,5,0.603295,-0.020436,0.008014,-0.797216
68021.326,30.265380471,-97.744202279,118.8185,5,0.602490,-0.020389,0.007737,-0.797829
68021.726,30.265380501,-97.744202178,118.9186,5,0.602170,-0.020370,0.007811,-0.798070
68022.126,30.265380556,-97.744202308,118.9575,5,0.602211,-0.020395,0.007813,-0.798038
68022.526,30.265380345,-97.744203175,119.0177,5,0.602455,-0.020373,0.007935,-0.797853
68022.926,30.265380339,-97.744203462,119.1157,5,0.602357,-0.020362,0.008011,-0.797926
68023.326,30.265380151,-97.744204791,119.1410,5,0.603168,-0.020240,0.008209,-0.797315
68023.726,30.265376987,-97.744220763,119.6119,5,0.610578,-0.019958,0.009927,-0.791642
68024.126,30.265376377,-97.744223528,119.8902,5,0.610102,-0.019927,0.010179,-0.792007
68024.526,30.265375777,-97.744225485,120.8717,5,0.607382,-0.019843,0.010900,-0.794087
68024.926,30.265375736,-97.744225579,120.9037,5,0.607056,-0.019843,0.010828,-0.794337
68025.326,30.265375693,-97.744225680,120.9358,5,0.607050,-0.019815,0.010893,-0.794342
68025.726,30.265375702,-97.744225741,120.9658,5,0.607453,-0.019782,0.010847,-0.794035
68026.126,30.265375700,-97.744225862,120.9688,5,0.608327,-0.019752,0.010857,-0.793367
68026.526,30.265376135,-97.744226759,120.9718,5,0.624550,-0.019727,0.010197,-0.780669
68026.926,30.265376295,-97.744227408,120.9699,5,0.625320,-0.019723,0.010188,-0.780052
68027.326,30.265376254,-97.744227618,120.9697,5,0.623340,-0.019843,0.010267,-0.781632
68027.726,30.265376304,-97.744227959,120.9698,5,0.623709,-0.019816,0.010260,-0.781338
68028.126,30.265376358,-97.744228297,120.9628,5,0.626257,-0.019821,0.010174,-0.779298
68028.526,30.265376365,-97.744228745,120.9569,5,0.624568,-0.019826,0.010362,-0.780650
68028.926,30.265376378,-97.744229104,120.9529,5,0.624970,-0.019822,0.010382,-0.780328
68029.326,30.265376295,-97.744229213,120.9479,5,0.624293,-0.019892,0.010414,-0.780868
68029.726,30.265376263,-97.744229451,120.9438,5,0.624551,-0.019724,0.010165,-0.780669
68030.126,30.265376172,-97.744229154,120.9357,5,0.625551,-0.019551,0.009797,-0.779877
68030.526,30.265375909,-97.744228378,120.9317,5,0.625834,-0.019650,0.009881,-0.779646
68030.926,30.265375450,-97.744226991,120.9219,5,0.626233,-0.019246,0.009752,-0.779337
68031.326,30.265374812,-97.744224414,120.9102,5,0.625791,-0.019015,0.009844,-0.779697
68031.726,30.265374065,-97.744221466,120.9073,5,0.625390,-0.019205,0.010111,-0.780011
68032.126,30.265373143,-97.744218458,120.8959,5,0.624262,-0.019343,0.009883,-0.780913
68032.526,30.265372480,-97.744216341,120.8885,5,0.624249,-0.019562,0.009696,-0.780920
68032.926,30.265371611,-97.744214508,120.8859,5,0.620770,-0.018517,0.009152,-0.783721
68033.326,30.265370782,-97.744212086,120.8839,5,0.620400,-0.018855,0.008300,-0.784015
68033.726,30.265369815,-97.744209215,120.8863,5,0.620138,-0.018408,0.008280,-0.784233
68034.126,30.265368557,-97.744206000,120.8960,5,0.618724,-0.017734,0.008533,-0.785362
68034.526,30.265367569,-97.744202553,120.8964,5,0.618074,-0.018213,0.008276,-0.785865
68034.926,30.265366821,-97.744199812,120.8809,5,0.617590,-0.018368,0.007884,-0.786246
68035.326,30.265365941,-97.744195951,120.8360,5,0.616784,-0.018002,0.007673,-0.786890
68035.726,30.265365028,-97.744192525,120.7818,5,0.616827,-0.018167,0.007599,-0.786852
68036.126,30.265364032,-97.744188617,120.6703,5,0.617963,-0.018595,0.007411,-0.785953
68036.526,30.265362856,-97.744184302,120.6027,5,0.619769,-0.018449,0.007697,-0.784530
68036.926,30.265361720,-97.744179747,120.4904,5,0.621834,-0.017949,0.007906,-0.782904
68037.326,30.265360533,-97.744174615,120.3954,5,0.623660,-0.018085,0.007983,-0.781446
68037.726,30.265359253,-97.744169470,120.3881,5,0.625109,-0.018521,0.006884,-0.780287
68038.126,30.265357619,-97.744163528,120.3861,5,0.626435,-0.018554,0.006824,-0.779223
68038.526,30.265355826,-97.744156639,120.3886,5,0.626910,-0.018074,0.006878,-0.778851
68038.926,30.265353624,-97.744148316,120.3848,5,0.626724,-0.016585,0.006748,-0.779036
68039.326,30.265350856,-97.744138468,120.3733,5,0.626963,-0.017582,0.007240,-0.778817
68039.726,30.265348138,-97.744127945,120.3597,5,0.626991,-0.018236,0.008427,-0.778767
68040.126,30.265345200,-97.744117383,120.3388,5,0.625522,-0.018316,0.007478,-0.779956
68040.526,30.265342383,-97.744107087,120.3441,5,0.623535,-0.020580,0.007866,-0.781485
68040.926,30.265338725,-97.744090773,120.6508,1,0.617036,-0.019723,0.011609,-0.786602
68041.326,30.265336181,-97.744082674,120.6425,5,0.615944,-0.019456,0.012209,-0.787455
68041.726,30.265334437,-97.744076639,120.6075,5,0.615631,-0.020266,0.011911,-0.787684
68042.126,30.265324738,-97.744066251,117.6212,5,0.611244,-0.019655,0.002630,-0.791194
68042.526,30.265322574,-97.744061855,117.4341,5,0.611487,-0.020712,0.003604,-0.790975
68042.926,30.265320476,-97.744057854,117.2107,5,0.611196,-0.020451,0.004089,-0.791204
68043.326,30.265318912,-97.744054244,117.0604,5,0.610155,-0.019988,0.003323,-0.792023
68043.726,30.265312974,-97.744048638,115.6602,5,0.610122,-0.017657,0.000484,-0.792110
68044.126,30.265310982,-97.744042084,115.4946,5,0.614939,-0.017833,0.002288,-0.788369
68044.526,30.265309526,-97.744035018,115.4990,5,0.627558,-0.018000,-0.001032,-0.778361
68044.926,30.265307669,-97.744025231,115.5097,5,0.640101,-0.016797,-0.002881,-0.768102
68045.326,30.265305629,-97.744011416,115.5380,5,0.649644,-0.015574,-0.003832,-0.760069
68045.726,30.265303349,-97.743995459,115.5970,5,0.662386,-0.013902,0.000018,-0.749034
68046.126,30.265300901,-97.743977068,115.6759,5,0.666983,-0.012861,-0.001244,-0.744961
68046.526,30.265298180,-97.743957673,115.7294,5,0.664593,-0.009459,0.000707,-0.747145
68046.926,30.265294966,-97.743937164,115.8195,1,0.652012,-0.010287,-0.000526,-0.758139
68047.326,30.265290946,-97.743915975,115.9307,5,0.640018,-0.004687,-0.004586,-0.768332
68047.726,30.265286081,-97.743893404,116.0141,5,0.633730,-0.008624,0.003448,-0.773498
68048.126,30.265280967,-97.743869562,116.0795,5,0.632183,-0.011154,0.008851,-0.774689
68048.526,30.265275720,-97.743844592,116.1218,1,0.632205,-0.008324,0.006295,-0.774731
68048.926,30.265270278,-97.743818268,116.1814,1,0.632170,-0.009875,0.007395,-0.774732
68049.326,30.265264443,-97.743790632,116.2124,5,0.631663,-0.013767,0.016157,-0.774953
68049.726,30.265258385,-97.743762206,116.2235,1,0.630540,-0.015225,0.015523,-0.775852
68050.126,30.265252145,-97.743732969,116.2298,5,0.628790,-0.013146,0.016168,-0.777296
68050.526,30.265245381,-97.743703066,116.2524,1,0.627078,-0.007996,0.020908,-0.778635
68050.926,30.265238402,-97.743672610,116.2822,1,0.624543,-0.000454,0.018842,-0.780763
68051.326,30.265230862,-97.743641305,116.3211,5,0.617514,0.000968,0.019751,-0.786312
68051.726,30.265222386,-97.743609557,116.3509,1,0.607302,0.003743,0.021541,-0.794170
68052.126,30.265213099,-97.743577350,116.4129,5,0.599143,0.006274,0.021399,-0.800332
68052.526,30.265203214,-97.743544585,116.4889,1,0.593708,0.007790,0.019777,-0.804400
68052.926,30.265193069,-97.743511336,116.5826,1,0.591968,0.006210,0.020009,-0.805689
68053.326,30.265183046,-97.743477478,116.6227,5,0.592478,0.003038,0.016282,-0.805416
68053.726,30.265172936,-97.743442886,116.6610,1,0.592714,0.001025,0.020189,-0.805159
68054.126,30.265162281,-97.743407911,116.6921,5,0.591929,0.001401,0.018642,-0.805773
68054.526,30.265151349,-97.743372536,116.7356,1,0.591035,0.000429,0.022888,-0.806321
68054.926,30.265140514,-97.743337239,116.7678,1,0.590781,0.000823,0.024014,-0.806474
68055.326,30.265129822,-97.743302269,116.7898,5,0.590615,0.001774,0.026650,-0.806511
68055.726,30.265118854,-97.743267903,116.8208,1,0.590398,0.004913,0.029240,-0.806567
68056.126,30.265108438,-97.743233953,116.8366,5,0.592331,0.005807,0.029148,-0.805146
68056.526,30.265098439,-97.743200528,116.8661,1,0.595384,0.005824,0.024675,-0.803041
68056.926,30.265088971,-97.743167695,116.9327,1,0.599211,0.004525,0.023165,-0.800243
68057.326,30.265079684,-97.743135694,116.9796,5,0.602249,0.003849,0.022412,-0.797985
68057.726,30.265070768,-97.743104511,117.0304,1,0.605209,0.004246,0.020512,-0.795791
68058.126,30.265062129,-97.743073766,117.0892,5,0.607097,0.002344,0.018635,-0.794406
68058.526,30.265053937,-97.743043430,117.1439,1,0.609874,-0.000690,0.021499,-0.792207
68058.926,30.265046230,-97.743014130,117.2069,1,0.611992,-0.001516,0.019966,-0.790611
68059.326,30.265038898,-97.742986194,117.2490,5,0.612597,-0.002746,0.016562,-0.790217
68059.726,30.265031608,-97.742960027,117.3011,1,0.612581,0.001211,0.017155,-0.790221
68060.126,30.265024742,-97.742935196,117.3632,5,0.613040,0.001057,0.018679,-0.789830
68060.526,30.265018356,-97.742911519,117.4220,1,0.612216,0.002040,0.021067,-0.790408
68060.926,30.265011991,-97.742889194,117.5010,1,0.611654,0.003717,0.020387,-0.790854
68061.326,30.265006345,-97.742868025,117.5603,5,0.611497,0.002341,0.018604,-0.791025
68061.726,30.265000955,-97.742847933,117.6254,1,0.611899,0.003076,0.019169,-0.790698
68062.126,30.264996054,-97.742829298,117.6943,5,0.612511,0.002398,0.018603,-0.790240
68062.526,30.264991850,-97.742812266,117.7512,1,0.613268,-0.000228,0.017653,-0.789678
68062.926,30.264987452,-97.742797563,117.7669,1,0.615609,-0.001614,0.017573,-0.787855
68063.326,30.264984694,-97.742786136,117.7712,5,0.614021,-0.001029,0.017253,-0.789100
68063.726,30.264982330,-97.742776225,117.7970,5,0.612249,-0.002327,0.017257,-0.790473
68064.126,30.264981468,-97.742772447,117.8333,5,0.612191,-0.002262,0.018785,-0.790484
68064.526,30.264979480,-97.742765906,117.8653,5,0.610123,-0.001028,0.019912,-0.792056
68064.926,30.264978583,-97.742763765,117.8880,5,0.608616,-0.002537,0.018806,-0.793238
68065.326,30.264978686,-97.742767156,117.9330,5,0.607356,-0.001406,0.018849,-0.794205
68065.726,30.264978535,-97.742768678,117.9729,5,0.606454,-0.001340,0.018720,-0.794897
68066.126,30.264977758,-97.742768936,118.0074,5,0.606084,-0.001574,0.018349,-0.795187
68066.526,30.264977247,-97.742768804,117.9993,5,0.606271,-0.001557,0.018234,-0.795047
68066.926,30.264976809,-97.742769455,117.9673,5,0.606439,-0.001092,0.017648,-0.794934
68067.326,30.264977054,-97.742770733,117.9650,5,0.605919,-0.000262,0.016473,-0.795356
68067.726,30.264976872,-97.742771424,117.9689,5,0.605870,-0.000219,0.016274,-0.795397
68068.126,30.264976595,-97.742770009,117.9992,5,0.604892,0.001094,0.015164,-0.796163
68068.526,30.264975550,-97.742766846,118.0259,5,0.605546,0.001647,0.015474,-0.795658
68068.926,30.264974077,-97.742761730,118.0557,5,0.606889,-0.000431,0.016194,-0.794621
68069.326,30.264972908,-97.742756209,118.1009,5,0.608060,-0.000996,0.016999,-0.793709
68069.726,30.264971280,-97.742750384,118.1299,5,0.609002,-0.000762,0.016797,-0.792990
68070.126,30.264970040,-97.742745253,118.1679,5,0.609951,-0.001813,0.016718,-0.792261
68070.526,30.264968935,-97.742741397,118.2014,5,0.609796,-0.003114,0.016354,-0.792383
68070.926,30.264969041,-97.742742165,118.2671,5,0.609613,-0.003615,0.016451,-0.792520
68071.326,30.264970214,-97.742748941,118.3287,5,0.609508,-0.002904,0.016446,-0.792604
68071.726,30.264971049,-97.742754934,118.4348,5,0.609062,-0.002054,0.015597,-0.792967
68072.126,30.264971231,-97.742757967,118.5314,5,0.608797,-0.002360,0.015546,-0.793170
68072.526,30.264971101,-97.742761034,118.6535,5,0.608479,-0.002323,0.015592,-0.793414
68072.926,30.264971609,-97.742763070,118.6763,5,0.607419,-0.002083,0.015137,-0.794235
68073.326,30.264973640,-97.742767878,118.5613,5,0.607788,-0.001545,0.014509,-0.793965
68073.726,30.264974870,-97.742771051,118.5453,5,0.607955,-0.001545,0.014533,-0.793837
68074.126,30.264975158,-97.742772640,118.5533,5,0.607899,-0.001637,0.014583,-0.793879
68074.526,30.264974145,-97.742769932,118.5474,5,0.608037,-0.001706,0.014741,-0.793770
68074.926,30.264974104,-97.742771094,118.5725,5,0.608204,-0.001785,0.015056,-0.793636
68075.326,30.264974585,-97.742773451,118.5964,5,0.607809,-0.001782,0.014933,-0.793941
68075.726,30.264972198,-97.742767027,118.6284,5,0.607767,-0.001857,0.015018,-0.793971
68076.126,30.264968822,-97.742757943,118.6455,5,0.607247,-0.001974,0.015185,-0.794366
68076.526,30.264969338,-97.742760560,118.6615,5,0.607212,-0.001965,0.015203,-0.794392
68076.926,30.264969907,-97.742763339,118.6755,5,0.607205,-0.001954,0.015189,-0.794397
68077.326,30.264970212,-97.742764725,118.6936,5,0.606845,-0.002010,0.015416,-0.794668
68077.726,30.264970511,-97.742766416,118.7146,5,0.606831,-0.001956,0.015403,-0.794679
68078.126,30.264969828,-97.742764286,118.7629,5,0.606644,-0.002074,0.015793,-0.794814
68078.526,30.264968415,-97.742759314,118.8408,5,0.606616,-0.002153,0.015854,-0.794834
68078.926,30.264967952,-97.742757985,118.8818,5,0.606678,-0.002191,0.015858,-0.794786
68079.326,30.264967797,-97.742757859,118.9069,5,0.606269,-0.002293,0.016105,-0.795094
68079.726,30.264966044,-97.742750773,118.8949,5,0.606254,-0.002366,0.016202,-0.795102
68080.126,30.264964982,-97.742747157,118.8598,5,0.606087,-0.002439,0.016144,-0.795231
68080.526,30.264964941,-97.742745012,118.6527,5,0.606281,-0.002532,0.016131,-0.795083
68080.926,30.264965071,-97.742745308,118.6227,5,0.606343,-0.002549,0.016151,-0.795035
68081.326,30.264964292,-97.742742149,118.5808,5,0.605948,-0.002636,0.016420,-0.795331
68081.726,30.264963960,-97.742740947,118.5628,5,0.605968,-0.002687,0.016415,-0.795315
68082.126,30.264961655,-97.742732648,118.4579,5,0.606141,-0.002852,0.016741,-0.795176
68082.526,30.264961365,-97.742732436,118.4489,5,0.606141,-0.002898,0.016816,-0.795174
68082.926,30.264961140,-97.742732383,118.4459,5,0.606148,-0.002917,0.016812,-0.795169
68083.326,30.264960678,-97.742728951,118.3760,5,0.605175,-0.003133,0.017184,-0.795901
68083.726,30.264960409,-97.742727971,118.3521,5,0.605161,-0.003126,0.017233,-0.795910
68084.126,30.264960315,-97.742727086,118.3309,5,0.605174,-0.003190,0.017130,-0.795902
68084.526,30.264960166,-97.742726372,118.3109,5,0.605236,-0.003203,0.017087,-0.795856
68084.926,30.264960058,-97.742725861,118.2979,5,0.605285,-0.003227,0.017103,-0.795819
68085.326,30.264959972,-97.742725190,118.2769,5,0.605320,-0.003244,0.017123,-0.795792
68085.726,30.264959757,-97.742724312,118.2607,5,0.605308,-0.002778,0.016381,-0.795818
68086.126,30.264959332,-97.742722816,118.2448,5,0.605566,-0.002443,0.016135,-0.795627
68086.526,30.264958577,-97.742719755,118.2253,5,0.606561,-0.001642,0.014640,-0.794901
68086.926,30.264957323,-97.742714457,118.2086,5,0.609847,-0.002284,0.014472,-0.792384
68087.326,30.264955499,-97.742706605,118.1962,5,0.614537,-0.002346,0.013846,-0.788763
68087.726,30.264953005,-97.742696010,118.1928,5,0.616738,-0.003137,0.012974,-0.787055
68088.126,30.264949880,-97.742682866,118.1878,5,0.616396,-0.003650,0.011217,-0.787348
68088.526,30.264945973,-97.742666903,118.1739,5,0.615818,-0.004207,0.014266,-0.787748
68088.926,30.264941223,-97.742645785,118.0684,5,0.615081,-0.007494,0.014839,-0.788288
68089.326,30.264936111,-97.742625227,118.0392,5,0.615214,-0.004361,0.016111,-0.788183
68089.726,30.264930764,-97.742603168,118.0334,5,0.615478,-0.003249,0.011547,-0.788063
68090.126,30.264924127,-97.742578101,117.9932,5,0.615880,-0.005475,0.012401,-0.787723
68090.526,30.264918010,-97.742553318,117.9965,5,0.615313,-0.007115,0.014616,-0.788115
68090.926,30.264911407,-97.742527267,117.9861,1,0.613572,-0.008103,0.015176,-0.789451
68091.326,30.264904402,-97.742500026,117.9830,5,0.611714,-0.006699,0.014896,-0.790910
68091.726,30.264896802,-97.742471126,117.9727,1,0.610989,-0.007751,0.014454,-0.791469
68092.126,30.264888852,-97.742440725,117.9621,5,0.609807,-0.010036,0.011425,-0.792404
68092.526,30.264880462,-97.742408898,117.9625,1,0.609394,-0.009864,0.012945,-0.792700
68092.926,30.264871538,-97.742375735,117.9656,1,0.609669,-0.010049,0.010787,-0.792519
68093.326,30.264862692,-97.742341244,117.9736,5,0.610993,-0.012184,0.010713,-0.791470
68093.726,30.264853229,-97.742305580,117.9773,1,0.610210,-0.013694,0.010753,-0.792049
68094.126,30.264843379,-97.742269041,117.9712,5,0.607083,-0.017226,0.013412,-0.794339
68094.526,30.264833531,-97.742232363,117.9652,1,0.605560,-0.018646,0.012606,-0.795481
68094.926,30.264823389,-97.742195858,117.9705,1,0.604784,-0.017528,0.012972,-0.796091
68095.326,30.264813618,-97.742159722,117.9673,5,0.604346,-0.018479,0.013853,-0.796387
68095.726,30.264803782,-97.742123878,117.9728,1,0.603467,-0.019588,0.013306,-0.797037
68096.126,30.264794164,-97.742088892,117.9762,5,0.602585,-0.016758,0.013149,-0.797770
68096.526,30.264784394,-97.742053705,117.9836,1,0.600540,-0.016544,0.013447,-0.799310
68096.926,30.264774333,-97.742018936,118.0108,1,0.598798,-0.019450,0.016995,-0.800483
68097.326,30.264764789,-97.741985772,118.0161,5,0.598202,-0.017934,0.015684,-0.800991
68097.726,30.264755147,-97.741952707,118.0414,1,0.598030,-0.014374,0.012094,-0.801253
68098.126,30.264745564,-97.741919878,118.0737,5,0.598307,-0.017168,0.015602,-0.800931
68098.526,30.264736353,-97.741887423,118.0738,5,0.598610,-0.014596,0.015225,-0.800763
68098.926,30.264727114,-97.741855791,118.1090,1,0.598886,-0.016241,0.013666,-0.800553
68099.326,30.264718529,-97.741825143,118.1140,5,0.600012,-0.016389,0.014964,-0.799683
68099.726,30.264710067,-97.741795081,118.1143,1,0.601360,-0.017023,0.017208,-0.798611
68100.126,30.264702011,-97.741765489,118.1057,5,0.604754,-0.016389,0.016841,-0.796065
68100.526,30.264694364,-97.741736360,118.1028,1,0.608714,-0.013897,0.017790,-0.793069
68100.926,30.264687216,-97.741708560,118.1115,1,0.611537,-0.015806,0.018100,-0.790851
68101.326,30.264681141,-97.741683633,118.1145,5,0.612619,-0.017249,0.016062,-0.790027
68101.726,30.264675662,-97.741661268,118.1264,1,0.612245,-0.019323,0.014566,-0.790298
68102.126,30.264670650,-97.741641865,118.1601,5,0.611570,-0.017792,0.014975,-0.790848
68102.526,30.264666660,-97.741625619,118.1806,1,0.611308,-0.017263,0.015044,-0.791061
68102.926,30.264663383,-97.741612352,118.2057,1,0.610750,-0.015873,0.014799,-0.791526
68103.326,30.264661168,-97.741603491,118.2256,5,0.610293,-0.015055,0.015002,-0.791891
68103.726,30.264660073,-97.741598195,118.3105,5,0.610229,-0.013913,0.014925,-0.791962
68104.126,30.264659436,-97.741595425,118.3955,5,0.610261,-0.011354,0.013306,-0.792007
68104.526,30.264658253,-97.741590341,118.4135,5,0.610134,-0.011112,0.014297,-0.792091
68104.926,30.264656886,-97.741584832,118.4257,5,0.609530,-0.009602,0.012915,-0.792600
68105.326,30.264654815,-97.741578755,118.4377,5,0.606485,-0.008943,0.013406,-0.794932
68105.726,30.264652392,-97.741570986,118.4540,5,0.597965,-0.008428,0.013527,-0.801364
68106.126,30.264648399,-97.741561789,118.4601,5,0.578065,-0.007603,0.014505,-0.815826
68106.526,30.264643344,-97.741553261,118.5122,5,0.541880,-0.006494,0.016994,-0.840259
68106.926,30.264636296,-97.741545212,118.5972,5,0.491044,-0.005426,0.018758,-0.870916
68107.326,30.264627963,-97.741535979,118.5997,5,0.428969,-0.006148,0.020226,-0.903072
68107.726,30.264617278,-97.741527156,118.5990,5,0.358438,-0.004700,0.021488,-0.933294
68108.126,30.264604814,-97.741519816,118.5818,5,0.280643,-0.006836,0.019984,-0.959580
68108.526,30.264590983,-97.741514640,118.5729,5,0.195551,-0.004223,0.017826,-0.980522
68108.926,30.264573542,-97.741512011,118.5379,1,0.115099,-0.000211,0.017817,-0.993194
68109.326,30.264555462,-97.741511446,118.5335,5,0.045861,0.000352,0.014037,-0.998849
68109.726,30.264535444,-97.741513238,118.5508,5,0.006312,-0.000443,-0.014911,0.999869
68110.126,30.264514314,-97.741517172,118.5747,5,0.047568,-0.001034,-0.012907,0.998784
68110.526,30.264492764,-97.741522736,118.5990,5,0.079655,-0.000842,-0.012723,0.996741
68110.926,30.264470557,-97.741530088,118.6495,1,0.104120,-0.004780,-0.012134,0.994479
68111.326,30.264447560,-97.741538560,118.6778,5,0.119708,-0.007804,-0.014633,0.992671
68111.726,30.264424716,-97.741547531,118.7381,1,0.122832,-0.010417,-0.011617,0.992305
68112.126,30.264401784,-97.741556430,118.7896,5,0.121286,-0.010843,-0.013328,0.992469
68112.526,30.264378696,-97.741565385,118.8186,1,0.119402,-0.007639,-0.015490,0.992696
68112.926,30.264355757,-97.741574413,118.8553,1,0.117681,-0.006568,-0.017006,0.992884
68113.326,30.264331939,-97.741583789,118.8707,5,0.117481,-0.006043,-0.015418,0.992937
68113.726,30.264307381,-97.741593685,118.8957,1,0.120278,-0.006994,-0.017813,0.992556
68114.126,30.264282361,-97.741603980,118.9070,5,0.123323,-0.004048,-0.017848,0.992198
68114.526,30.264256984,-97.741614780,118.9220,1,0.128089,-0.003353,-0.018194,0.991590
68114.926,30.264231517,-97.741625790,118.9376,1,0.135817,-0.004868,-0.019890,0.990522
68115.326,30.264206191,-97.741637925,118.9294,5,0.146373,-0.005772,-0.020395,0.989002
68115.726,30.264181290,-97.741650400,118.9151,1,0.159996,-0.004906,-0.019572,0.986911
68116.126,30.264156671,-97.741663690,118.8991,5,0.173348,-0.005354,-0.021651,0.984608
68116.526,30.264132824,-97.741677965,118.8919,1,0.182014,-0.008699,-0.021621,0.983020
68116.926,30.264109891,-97.741692175,118.8874,1,0.185943,-0.011380,-0.019336,0.982304
68117.326,30.264087487,-97.741706293,118.8859,5,0.183520,-0.014230,-0.019522,0.982719
68117.726,30.264066401,-97.741719244,118.8830,1,0.178649,-0.015092,-0.020278,0.983588
68118.126,30.264046235,-97.741731664,118.8774,5,0.174074,-0.016095,-0.019887,0.984400
68118.526,30.264026789,-97.741743756,118.8673,1,0.169903,-0.016723,-0.019362,0.985129
68118.926,30.264008339,-97.741755123,118.8541,1,0.165203,-0.018261,-0.020980,0.985867
68119.326,30.263990752,-97.741766458,118.8491,5,0.160956,-0.017254,-0.019998,0.986608
68119.726,30.263975384,-97.741775905,118.8320,1,0.156768,-0.016322,-0.020692,0.987284
68120.126,30.263961765,-97.741784753,118.8179,5,0.152717,-0.017009,-0.021866,0.987882
68120.526,30.263949561,-97.741793129,118.7996,1,0.146687,-0.015818,-0.021686,0.988819
68120.926,30.263938892,-97.741800219,118.7721,1,0.141735,-0.015233,-0.020353,0.989578
68121.326,30.263928743,-97.741807884,118.7598,5,0.134984,-0.014818,-0.019077,0.990553
68121.726,30.263919393,-97.741815704,118.7560,5,0.129486,-0.014052,-0.019703,0.991286
68122.126,30.263912829,-97.741819226,118.6776,5,0.127187,-0.013692,-0.019345,0.991595
68122.526,30.263906357,-97.741826439,118.6700,5,0.125842,-0.013163,-0.019278,0.991776
68122.926,30.263902739,-97.741833182,118.5763,1,0.124141,-0.013383,-0.019146,0.991990
68123.326,30.263899442,-97.741838872,118.5742,5,0.124880,-0.013286,-0.019027,0.991900
68123.726,30.263897181,-97.741844934,118.5679,5,0.124883,-0.012913,-0.017043,0.991941
68124.126,30.263894369,-97.741843836,118.4821,5,0.129374,-0.012377,-0.017478,0.991365
68124.526,30.263891896,-97.741844003,118.4249,5,0.129204,-0.012231,-0.017464,0.991389
68124.926,30.263889462,-97.741843635,118.3748,5,0.128982,-0.012118,-0.017437,0.991420
68125.326,30.263886527,-97.741842982,118.3065,5,0.128978,-0.011916,-0.017446,0.991422
68125.726,30.263884425,-97.741840855,118.2773,5,0.128937,-0.011742,-0.017530,0.991428
68126.126,30.263888841,-97.741831731,118.3736,5,0.129339,-0.011177,-0.017530,0.991383
68126.526,30.263899545,-97.741814360,118.4786,5,0.130532,-0.010402,-0.017552,0.991234
68126.926,30.263900357,-97.741813273,118.4945,5,0.130499,-0.010292,-0.017522,0.991240
68127.326,30.263902619,-97.741809706,118.5194,5,0.130632,-0.010182,-0.017474,0.991225
68127.726,30.263902573,-97.741809343,118.5149,5,0.133709,-0.009882,-0.017429,0.990818
68128.126,30.263902273,-97.741808372,118.4987,5,0.133951,-0.009685,-0.016846,0.990797
68128.526,30.263901899,-97.741806628,118.4826,5,0.133702,-0.009608,-0.016770,0.990833
68128.926,30.263901289,-97.741804676,118.4663,5,0.134910,-0.009364,-0.016628,0.990674
68129.326,30.263899654,-97.741803779,118.4591,5,0.134928,-0.009077,-0.014844,0.990703
68129.726,30.263896426,-97.741803429,118.4560,5,0.134199,-0.008920,-0.014228,0.990812
68130.126,30.263891973,-97.741802357,118.4519,5,0.132616,-0.008861,-0.014432,0.991023
68130.526,30.263886702,-97.741800896,118.4435,5,0.131548,-0.009410,-0.016170,0.991133
68130.926,30.263880635,-97.741800269,118.4369,5,0.130271,-0.009658,-0.014950,0.991319
68131.327,30.263873391,-97.741799827,118.4453,5,0.130344,-0.010017,-0.014788,0.991308
68131.727,30.263862332,-97.741803795,118.4425,5,0.131328,-0.011020,-0.014999,0.991164
68132.127,30.263861167,-97.741791347,118.4681,5,0.132499,-0.012391,-0.015552,0.990984
68132.527,30.263853170,-97.741790089,118.4584,5,0.133635,-0.014106,-0.013046,0.990844
68132.927,30.263845959,-97.741788410,118.4376,5,0.133210,-0.015903,-0.013231,0.990872
68133.327,30.263836178,-97.741790167,118.4254,5,0.133295,-0.017670,-0.019204,0.990733
68133.727,30.263828812,-97.741789513,118.3784,5,0.133339,-0.014305,-0.017362,0.990815
68134.127,30.263822344,-97.741786418,118.2514,5,0.134073,-0.016135,-0.020167,0.990635
68134.527,30.263809932,-97.741790353,118.2345,5,0.136794,-0.016364,-0.022644,0.990205
68134.927,30.263799000,-97.741792466,118.1670,1,0.140063,-0.013627,-0.023157,0.989778
68135.327,30.263787386,-97.741796216,118.1339,5,0.147221,-0.012706,-0.020434,0.988811
68135.727,30.263776034,-97.741799827,118.0844,5,0.165999,-0.009542,-0.021293,0.985850
68136.127,30.263765416,-97.741804136,118.0434,5,0.197063,-0.011531,-0.018650,0.980146
68136.527,30.263755130,-97.741810303,118.0222,5,0.231132,-0.010357,-0.018328,0.972695
68136.927,30.263745038,-97.741817011,118.0233,5,0.269483,-0.011652,-0.015984,0.962802
68137.327,30.263736000,-97.741824856,118.0379,5,0.313489,-0.009888,-0.013634,0.949442
68137.727,30.263727745,-97.741834401,118.0387,5,0.360556,-0.017786,-0.015142,0.932445
68138.127,30.263719148,-97.741846108,118.0817,5,0.415751,-0.018995,-0.017504,0.909112
68138.527,30.263713000,-97.741859049,118.0649,5,0.478000,-0.009294,-0.011434,0.878236
68138.927,30.263706925,-97.741874947,118.1244,1,0.542595,-0.009579,-0.001978,0.839937
68139.327,30.263704045,-97.741891807,118.1430,5,0.608934,-0.009258,-0.010253,0.793101
68139.727,30.263703527,-97.741909491,118.1817,5,0.672776,-0.015001,-0.009604,0.739632
68140.127,30.263704383,-97.741927920,118.2631,5,0.721108,-0.016114,-0.007333,0.692596
68140.527,30.263708410,-97.741946243,118.2634,5,0.751869,-0.014985,-0.002471,0.659138
68140.927,30.263711447,-97.741966499,118.3839,1,0.771004,-0.015591,0.000300,0.636639
68141.327,30.263717226,-97.741987530,118.4209,5,0.785156,-0.015516,0.001880,0.619101
68141.727,30.263724407,-97.742009326,118.4384,5,0.792958,-0.018929,0.002805,0.608975
68142.127,30.263727083,-97.742033961,118.7116,5,0.796143,-0.020014,0.004327,0.604762
68142.527,30.263734429,-97.742057986,118.7628,1,0.798955,-0.020298,0.005436,0.601024
68142.927,30.263742000,-97.742082557,118.8319,1,0.800797,-0.022276,0.004891,0.598501
68143.327,30.263749811,-97.742107199,118.8897,5,0.800837,-0.022708,0.007587,0.598403
68143.727,30.263757185,-97.742132592,118.9722,1,0.798732,-0.022680,0.007101,0.601218
68144.127,30.263764673,-97.742158546,119.0562,5,0.796955,-0.020543,0.007780,0.603639
68144.527,30.263772882,-97.742184966,119.1077,1,0.796193,-0.022152,0.005807,0.604609
68144.927,30.263780339,-97.742212098,119.2006,1,0.795518,-0.022544,0.004272,0.605496
68145.327,30.263788485,-97.742238550,119.2367,5,0.794817,-0.021190,0.002274,0.606475
68145.727,30.263795746,-97.742265350,119.3271,1,0.794361,-0.020210,0.001316,0.607108
68146.127,30.263803347,-97.742290624,119.3915,5,0.794376,-0.021678,0.001558,0.607037
68146.527,30.263810686,-97.742314974,119.4267,1,0.793821,-0.023345,0.001364,0.607702
68146.927,30.263817131,-97.742338197,119.4812,1,0.793546,-0.021578,0.000133,0.608127
68147.327,30.263824323,-97.742360723,119.5232,5,0.794904,-0.017270,-0.000322,0.606490
68147.727,30.263830201,-97.742380667,119.5703,1,0.796282,-0.018033,-0.000850,0.604657
68148.127,30.263836421,-97.742399841,119.6262,5,0.798187,-0.017376,-0.000307,0.602159
68148.527,30.263842698,-97.742418259,119.6594,1,0.799552,-0.017521,-0.000147,0.600341
68148.927,30.263848113,-97.742434302,119.6966,1,0.800172,-0.017801,-0.001254,0.599505
68149.327,30.263854456,-97.742451861,119.7332,5,0.800958,-0.019011,-0.001697,0.598416
68149.727,30.263860016,-97.742467841,119.7956,1,0.801395,-0.020043,-0.003235,0.597791
68150.127,30.263864763,-97.742480853,119.8355,5,0.800985,-0.019048,-0.002420,0.598376
68150.527,30.263869870,-97.742494500,119.8697,5,0.800091,-0.018920,-0.001102,0.599579
68150.927,30.263874831,-97.742507350,119.8938,1,0.799209,-0.019121,-0.002297,0.600744
68151.327,30.263878494,-97.742514927,119.9129,5,0.798507,-0.019059,-0.002166,0.601680
68151.727,30.263882724,-97.742524798,119.9485,5,0.796890,-0.018425,-0.003120,0.603836
68152.127,30.263885568,-97.742528276,119.9895,5,0.796232,-0.017503,-0.003397,0.604728
68152.527,30.263888339,-97.742531349,120.0327,5,0.795526,-0.017011,-0.003858,0.605668
68152.927,30.263890635,-97.742532206,120.0778,5,0.795073,-0.015797,-0.004956,0.606287
68153.327,30.263893002,-97.742531739,120.1508,5,0.794648,-0.015862,-0.004964,0.606842
68153.727,30.263895455,-97.742531871,120.3161,5,0.794577,-0.015954,-0.004729,0.606935
68154.127,30.263896971,-97.742531289,120.3779,5,0.794373,-0.014442,-0.003636,0.607248
68154.527,30.263896236,-97.742528788,120.4244,5,0.795375,-0.013275,-0.004189,0.605958
68154.927,30.263895983,-97.742527196,120.4696,5,0.796568,-0.013035,-0.004807,0.604389
68155.327,30.263894778,-97.742531331,120.5499,5,0.800252,-0.013600,-0.004812,0.599491
68155.727,30.263894601,-97.742532955,120.5989,5,0.803418,-0.013840,-0.004964,0.595234
68156.127,30.263893077,-97.742537151,120.6529,5,0.806949,-0.014570,-0.005534,0.590415
68156.527,30.263892821,-97.742538893,120.6821,5,0.808265,-0.015181,-0.005776,0.588594
68156.927,30.263892344,-97.742541041,120.7000,5,0.808432,-0.015609,-0.006254,0.588349
68157.327,30.263892163,-97.742542278,120.7448,5,0.806957,-0.016769,-0.006428,0.590337
68157.727,30.263892409,-97.742542386,120.7619,5,0.806072,-0.017427,-0.006975,0.591520
68158.127,30.263889283,-97.742542082,120.7815,5,0.806582,-0.017490,-0.007413,0.590817
68158.527,30.263887380,-97.742540033,120.8077,5,0.806222,-0.017641,-0.007374,0.591304
68158.927,30.263885627,-97.742536883,120.8270,5,0.806001,-0.017388,-0.007869,0.591606
68159.327,30.263883225,-97.742534683,120.8676,5,0.805989,-0.017521,-0.008454,0.591611
68159.727,30.263880560,-97.742532223,120.9245,5,0.805792,-0.017756,-0.008786,0.591867
68160.127,30.263877474,-97.742529832,120.9795,5,0.805593,-0.017915,-0.008954,0.592131
68160.527,30.263875342,-97.742525563,121.0214,5,0.805655,-0.017452,-0.008655,0.592065
68160.927,30.263872680,-97.742524753,121.1124,5,0.805579,-0.017347,-0.008505,0.592173
68161.327,30.263871195,-97.742518816,121.1255,5,0.805171,-0.017317,-0.008445,0.592729
68161.727,30.263869990,-97.742518793,121.1815,5,0.805180,-0.017374,-0.008487,0.592715
68162.127,30.263869863,-97.742521506,121.2565,5,0.805306,-0.017542,-0.008595,0.592537
68162.527,30.263868028,-97.742519218,121.3035,5,0.805348,-0.017518,-0.008554,0.592482
68162.927,30.263866101,-97.742517428,121.3456,5,0.805363,-0.017521,-0.008490,0.592462
68163.327,30.263864751,-97.742521038,121.4866,5,0.805719,-0.017810,-0.008698,0.591966
68163.727,30.263863858,-97.742522472,121.5956,5,0.805837,-0.017829,-0.008729,0.591804
68164.127,30.263862290,-97.742519460,121.6286,5,0.805901,-0.018006,-0.008900,0.591710
68164.527,30.263860695,-97.742516968,121.6796,5,0.805966,-0.018056,-0.008891,0.591619
68164.927,30.263859407,-97.742516893,121.7646,5,0.806060,-0.018033,-0.008848,0.591493
68165.327,30.263858030,-97.742514291,121.8087,5,0.805883,-0.018096,-0.008837,0.591732
68165.727,30.263857535,-97.742516338,121.8647,5,0.805943,-0.018169,-0.008855,0.591648
68166.127,30.263857649,-97.742521878,121.9428,5,0.806093,-0.018398,-0.009028,0.591434
68166.527,30.263856846,-97.742524444,122.0127,5,0.806166,-0.018380,-0.009022,0.591336
68166.927,30.263856625,-97.742533573,122.0558,5,0.806262,-0.018473,-0.009043,0.591202
68167.327,30.263854866,-97.742531001,122.0867,5,0.806612,-0.018701,-0.009347,0.590711
68167.727,30.263853098,-97.742527421,122.1137,5,0.806649,-0.018701,-0.009377,0.590661
68168.127,30.263851303,-97.742523862,122.1416,5,0.806680,-0.018659,-0.009389,0.590619
68168.527,30.263850183,-97.742521994,122.1596,5,0.806680,-0.018915,-0.009586,0.590608
68168.927,30.263848430,-97.742518697,122.1856,5,0.806732,-0.018890,-0.009620,0.590537
68169.327,30.263847697,-97.742520420,122.2677,5,0.806666,-0.019264,-0.009788,0.590612
68169.727,30.263848095,-97.742526951,122.4238,5,0.806762,-0.019336,-0.009793,0.590478
68170.127,30.263850296,-97.742538026,122.5849,5,0.806893,-0.019681,-0.009985,0.590285
68170.527,30.263850150,-97.742540955,122.6679,5,0.807000,-0.019730,-0.010005,0.590137
68170.927,30.263850027,-97.742543754,122.7419,5,0.807067,-0.019754,-0.010031,0.590045
68171.327,30.263850435,-97.742551710,122.8667,5,0.807496,-0.020083,-0.010478,0.589438
68171.727,30.263850037,-97.742554824,122.9527,5,0.807532,-0.020088,-0.010501,0.589388
68172.127,30.263849981,-97.742560192,123.0516,5,0.807659,-0.020368,-0.010796,0.589199
68172.527,30.263849976,-97.742564659,123.1397,5,0.807658,-0.020406,-0.010759,0.589200
68172.927,30.263850167,-97.742569692,123.2197,5,0.807581,-0.020402,-0.010706,0.589307
68173.327,30.263850071,-97.742569934,123.2369,5,0.807554,-0.020836,-0.010926,0.589324
68173.727,30.263852311,-97.742578243,123.2800,5,0.807666,-0.020891,-0.010864,0.589170
68174.127,30.263854516,-97.742583312,123.2703,5,0.807551,-0.021349,-0.010933,0.589310
68174.527,30.263856566,-97.742589313,123.2543,5,0.807542,-0.020703,-0.010398,0.589355
68174.927,30.263858926,-97.742595977,123.2120,5,0.807590,-0.019812,-0.009887,0.589328
68175.327,30.263861069,-97.742600724,123.1608,5,0.807662,-0.018507,-0.008965,0.589287
68175.727,30.263862983,-97.742607081,123.1581,5,0.807341,-0.019235,-0.009348,0.589697
68176.127,30.263865922,-97.742616170,123.1542,5,0.806855,-0.019775,-0.010758,0.590320
68176.527,30.263869674,-97.742628615,123.1433,5,0.806421,-0.019876,-0.011923,0.590888
68176.927,30.263874248,-97.742644028,123.1175,5,0.806119,-0.018267,-0.014590,0.591292
68177.327,30.263879649,-97.742662431,123.1022,5,0.805992,-0.016360,-0.016510,0.591470
68177.727,30.263886434,-97.742685696,123.0315,5,0.806273,-0.012274,-0.015873,0.591203
68178.127,30.263893866,-97.742711497,123.1383,5,0.806697,0.004603,-0.001366,0.590946
68178.527,30.263902440,-97.742739468,123.2254,5,0.806898,-0.004023,-0.005584,0.590651
68178.927,30.263911531,-97.742769589,123.2714,1,0.806858,-0.014263,-0.014449,0.590396
68179.327,30.263921222,-97.742802058,123.2203,5,0.806076,-0.022671,-0.021861,0.590973
68179.727,30.263931114,-97.742835622,123.1546,1,0.803814,-0.021892,-0.022140,0.594065
68180.127,30.263940892,-97.742869975,123.1491,5,0.801216,-0.016953,-0.023995,0.597653
68180.527,30.263950593,-97.742904176,123.1456,1,0.799577,-0.009794,-0.019290,0.600173
68180.927,30.263960237,-97.742939395,123.1395,1,0.798214,-0.008875,-0.021920,0.601910
68181.327,30.263970432,-97.742976447,123.1523,5,0.799735,-0.009693,-0.022829,0.599841
68181.727,30.263981641,-97.743013494,123.1598,1,0.805417,-0.009263,-0.023776,0.592160
68182.127,30.263993743,-97.743051725,123.1334,5,0.811871,-0.010717,-0.024121,0.583240
68182.527,30.264006469,-97.743090613,123.1239,1,0.814866,-0.013091,-0.024336,0.578990
68182.927,30.264019225,-97.743129328,123.1392,1,0.814396,-0.012169,-0.023266,0.579715
68183.327,30.264031648,-97.743168124,123.1525,5,0.810589,-0.013014,-0.022741,0.585029
68183.727,30.264044224,-97.743206479,123.1565,1,0.806225,-0.014297,-0.019855,0.591103
68184.127,30.264055022,-97.743245805,123.1516,5,0.800324,-0.015678,-0.020174,0.599023
68184.527,30.264065793,-97.743285351,123.1264,5,0.796057,-0.014155,-0.022502,0.604638
68184.927,30.264076675,-97.743324728,123.1445,1,0.794602,-0.011276,-0.025441,0.606493
68185.327,30.264087125,-97.743363306,123.1438,5,0.795558,-0.009821,-0.026982,0.605197
68185.727,30.264098947,-97.743402355,123.1557,1,0.799015,-0.011250,-0.026060,0.600640
68186.127,30.264108485,-97.743439980,123.1683,5,0.801211,-0.011464,-0.024301,0.597778
68186.527,30.264119965,-97.743476430,123.1867,1,0.804854,-0.012003,-0.024171,0.592859
68186.927,30.264130231,-97.743512595,123.2150,1,0.806990,-0.012850,-0.024434,0.589919
68187.327,30.264141438,-97.743547058,123.2382,5,0.809519,-0.013333,-0.023456,0.586474
68187.727,30.264155945,-97.743583561,123.2601,1,0.809195,-0.013461,-0.021487,0.586992
68188.127,30.264165366,-97.743617547,123.2940,5,0.809423,-0.014844,-0.023866,0.586553
68188.527,30.264177178,-97.743647412,123.3349,1,0.810628,-0.013414,-0.025942,0.584833
68188.927,30.264187615,-97.743677128,123.3813,1,0.810205,-0.014376,-0.028467,0.585278
68189.327,30.264159189,-97.743705096,123.4008,5,0.807899,-0.013913,-0.029832,0.588401
68189.727,30.264165032,-97.743729400,123.4339,1,0.805561,-0.012952,-0.030134,0.591604
68190.127,30.264182926,-97.743753038,123.4599,5,0.803615,-0.010867,-0.028460,0.594369
68190.527,30.264188252,-97.743775262,123.4775,5,0.802531,-0.011629,-0.028540,0.595814
68190.927,30.264182188,-97.743786840,123.4438,1,0.801176,-0.009924,-0.028998,0.597644
68191.327,30.264197581,-97.743800967,123.4377,5,0.794756,-0.008793,-0.030593,0.606093
68191.727,30.264155731,-97.743798933,123.4340,5,0.800905,-0.006610,-0.028041,0.598098
68192.127,30.264153265,-97.743816140,123.7713,5,0.802478,0.001565,-0.024788,0.596165
68192.527,30.264191093,-97.743826305,123.7887,5,0.783919,0.007626,-0.021452,0.620446
68192.927,30.264201441,-97.743863595,123.9548,1,0.798160,0.006734,-0.020847,0.602047
68193.327,30.264215481,-97.743891090,123.9702,5,0.804834,0.004750,-0.021984,0.593074
68193.727,30.264217481,-97.743930253,124.0283,1,0.807571,0.002039,-0.018802,0.589466
68194.127,30.264225074,-97.743952309,124.0649,5,0.810232,-0.004449,-0.019338,0.585774
68194.527,30.264230711,-97.743981333,124.0963,1,0.811903,-0.004301,-0.018696,0.583477
68194.927,30.264236148,-97.744007877,124.1439,1,0.811854,-0.005557,-0.016978,0.583587
68195.327,30.264257463,-97.744038237,124.2089,5,0.809698,-0.000046,-0.011209,0.586739
68195.727,30.264265264,-97.744073115,124.2837,1,0.807671,-0.002457,-0.011420,0.589517
68196.127,30.264276896,-97.744100335,124.3636,5,0.805429,0.001052,-0.009572,0.592614
68196.527,30.264282775,-97.744136019,124.4325,1,0.803646,-0.007449,-0.015015,0.594872
68196.927,30.264292609,-97.744164543,124.4542,1,0.801536,-0.019763,-0.021987,0.597215
68197.327,30.264303559,-97.744186766,124.4255,5,0.799884,-0.018342,-0.022648,0.599446
68197.727,30.264310178,-97.744218870,124.4071,1,0.796765,-0.019354,-0.028530,0.603306
68198.127,30.264318047,-97.744240609,124.4045,5,0.792844,-0.003984,-0.022121,0.609010
68198.527,30.264320102,-97.744275001,124.2444,1,0.802557,-0.009613,-0.035535,0.595438
68198.927,30.264328022,-97.744305402,124.1466,1,0.790119,-0.005967,-0.037243,0.611792
68199.327,30.264339214,-97.744327871,124.3880,5,0.798325,-0.006041,-0.031979,0.601347
68199.727,30.264342270,-97.744361354,124.8678,1,0.813412,-0.006812,-0.040586,0.580231
68200.127,30.264350516,-97.744376148,125.5147,5,0.843844,-0.009486,-0.047804,0.534371
68200.527,30.264364318,-97.744394462,126.0864,1,0.854953,-0.010840,-0.061262,0.514961
68205.127,30.264470062,-97.744878278,121.5846,5,0.450380,-0.059139,-0.016394,-0.890726
68205.527,30.264485774,-97.744910562,121.5425,5,0.451023,-0.058773,-0.012454,-0.890488
68205.927,30.264469719,-97.744959786,121.4511,5,0.467629,-0.043895,0.003946,-0.882825
68206.327,30.264482750,-97.744994640,121.4827,5,0.471386,-0.034774,0.004023,-0.881232
68206.727,30.264496788,-97.745029729,121.5151,5,0.474639,-0.032397,0.005399,-0.879568
68207.127,30.264497984,-97.745047083,120.6714,5,0.486703,-0.041133,0.025411,-0.872229
68207.527,30.264510660,-97.745079613,120.7882,5,0.484017,-0.038985,0.023651,-0.873870
68207.927,30.264523894,-97.745112533,120.9098,5,0.480675,-0.040369,0.023959,-0.875641
68208.327,30.264507500,-97.745136499,121.5687,5,0.500227,-0.037237,0.043315,-0.864008
68208.727,30.264514238,-97.745168895,121.7998,5,0.499945,-0.038087,0.041838,-0.864207
68209.127,30.264535613,-97.745177051,122.5959,5,0.548096,-0.055111,0.042633,-0.833508
68209.527,30.264545100,-97.745205092,122.8979,5,0.550045,-0.057481,0.042722,-0.832059
68209.927,30.264554843,-97.745232853,123.2044,5,0.551901,-0.057942,0.042337,-0.830816
68210.327,30.264558760,-97.745221795,121.1919,5,0.512483,-0.073500,0.054615,-0.853801
68210.727,30.264568668,-97.745241540,121.2373,5,0.512203,-0.072695,0.055437,-0.853985
68211.127,30.264562988,-97.745246971,123.0341,5,0.461807,-0.074713,0.067647,-0.881236
68211.527,30.264569656,-97.745262058,123.1577,5,0.461859,-0.074246,0.066352,-0.881346
68211.927,30.264575789,-97.745275149,123.2627,5,0.461722,-0.075427,0.066657,-0.881294
68212.327,30.264567578,-97.745261804,121.3399,5,0.485606,-0.081119,0.076419,-0.867045
68212.727,30.264569884,-97.745266978,121.2272,5,0.485294,-0.080739,0.074895,-0.867388
68213.127,30.264565464,-97.745270046,121.6211,5,0.489185,-0.079206,0.076005,-0.865244
68213.527,30.264563752,-97.745267700,121.4773,5,0.489301,-0.078052,0.071680,-0.865652
68213.927,30.264559777,-97.745260494,121.2526,5,0.488426,-0.078409,0.074299,-0.865894
68214.327,30.264551175,-97.745240457,122.3592,5,0.498379,-0.084750,0.074823,-0.859557
68214.727,30.264543906,-97.745222712,122.1273,5,0.495859,-0.083443,0.076618,-0.860982
68215.127,30.264547513,-97.745219943,121.6783,5,0.498217,-0.075868,0.065408,-0.861247
68215.527,30.264538181,-97.745197785,121.3948,5,0.495526,-0.069953,0.073909,-0.862611
68215.927,30.264527543,-97.745171852,121.0512,5,0.493971,-0.068044,0.077804,-0.863313
68216.327,30.264526558,-97.745154113,121.9954,5,0.540779,-0.065436,0.072137,-0.835507
68216.727,30.264516506,-97.745121288,121.6294,5,0.538725,-0.067215,0.076198,-0.836332
68217.127,30.264518240,-97.745092943,122.6823,5,0.573842,-0.048900,0.051567,-0.815877
68217.527,30.264508542,-97.745053725,122.4317,5,0.579202,-0.052676,0.060774,-0.811207
68217.927,30.264498577,-97.745011368,122.1335,5,0.586269,-0.052672,0.064479,-0.805827
68218.327,30.264470706,-97.744958812,121.4672,5,0.586279,-0.057933,0.075065,-0.804541
68218.727,30.264459341,-97.744909675,121.0429,5,0.591613,-0.058322,0.069182,-0.801129
68219.127,30.264464204,-97.744904745,122.0049,5,0.601729,-0.050889,0.070266,-0.793975
68219.527,30.264453538,-97.744855749,121.6776,5,0.604628,-0.041812,0.064351,-0.792802
68219.927,30.264442467,-97.744804346,121.3518,5,0.605511,-0.040185,0.066299,-0.792052
68220.327,30.264464704,-97.744803949,121.3764,5,0.619580,-0.036039,0.054751,-0.782192
68220.727,30.264456079,-97.744754593,121.0924,5,0.618372,-0.038278,0.054905,-0.783030
68221.127,30.264491306,-97.744826000,121.4124,5,0.638090,-0.022004,0.034829,-0.768859
68221.527,30.264485248,-97.744785862,121.2470,5,0.636412,-0.020656,0.031958,-0.770410
68221.927,30.264478781,-97.744744902,121.0890,5,0.634801,-0.020109,0.032667,-0.771723
68222.327,30.264539036,-97.745052248,124.0180,5,0.663328,0.024934,-0.002031,-0.747911
68222.727,30.264537188,-97.745042777,124.0268,5,0.661888,0.026413,-0.002582,-0.749133
68223.127,30.264577011,-97.745169355,122.8468,5,0.641212,0.038342,-0.019959,-0.766146
68223.527,30.264579765,-97.745177046,122.7344,5,0.641004,0.038556,-0.022961,-0.766225
68223.927,30.264582967,-97.745188515,122.5937,5,0.640973,0.042793,-0.026795,-0.765901
68224.327,30.264593676,-97.745219750,124.0484,5,0.643980,0.041280,-0.027678,-0.763426
68224.727,30.264597127,-97.745238539,123.9427,5,0.643383,0.043418,-0.028393,-0.763784
68225.127,30.264639606,-97.745312030,124.6366,5,0.651939,0.047401,-0.037316,-0.755868
68225.527,30.264645397,-97.745341477,124.5178,5,0.651397,0.048835,-0.038526,-0.756183
68225.927,30.264651618,-97.745375348,124.3530,5,0.650463,0.051426,-0.040883,-0.756691
68226.327,30.264705906,-97.745467683,126.3077,5,0.656732,0.053733,-0.048382,-0.750650
68226.727,30.264715269,-97.745514507,126.1416,5,0.656170,0.058507,-0.050784,-0.750626
68227.127,30.264754506,-97.745588570,128.0105,5,0.668835,0.056889,-0.055433,-0.739155
68227.527,30.264764842,-97.745646559,127.8308,5,0.668452,0.059369,-0.056322,-0.739240
68227.927,30.264775757,-97.745710280,127.5760,5,0.668032,0.060646,-0.058408,-0.739354
68228.327,30.264697160,-97.745470471,126.2539,5,0.687187,0.044602,-0.043815,-0.723785
68228.727,30.264702381,-97.745524842,125.9870,5,0.686586,0.047421,-0.046257,-0.724024
68229.127,30.264709470,-97.745473252,125.7991,5,0.715134,0.039134,-0.045492,-0.696407
68229.527,30.264712857,-97.745530598,125.4528,5,0.714859,0.041420,-0.048709,-0.696340
68229.927,30.264711455,-97.745424881,125.1176,5,0.740100,0.028794,-0.046767,-0.670250
68230.327,30.264712130,-97.745479511,124.7632,5,0.739873,0.031175,-0.049960,-0.670164
68230.727,30.264712684,-97.745537401,124.3874,5,0.739716,0.033285,-0.052466,-0.670045
68231.127,30.264707363,-97.745439638,123.4258,5,0.754792,0.021186,-0.050741,-0.653656
68231.527,30.264706080,-97.745492840,123.0589,5,0.754661,0.022830,-0.052842,-0.653585
68231.927,30.264704603,-97.745549329,122.6690,5,0.754504,0.024668,-0.055090,-0.653514
68232.327,30.264736769,-97.745427399,120.0397,5,0.775363,0.012115,-0.054756,-0.629021
68232.727,30.264733846,-97.745478382,119.6499,5,0.775302,0.013575,-0.056492,-0.628913
68233.127,30.264766306,-97.745525469,120.1941,5,0.773168,0.011701,-0.061135,-0.631140
68233.527,30.264764644,-97.745581302,119.8239,5,0.773024,0.013601,-0.063640,-0.631030
68233.927,30.264762874,-97.745639553,119.4431,5,0.772958,0.015384,-0.065705,-0.630858
68234.327,30.264840627,-97.745545346,117.5598,5,0.792818,0.001078,-0.071461,-0.605253
68234.727,30.264887344,-97.745444197,116.2021,5,0.818762,-0.011677,-0.073281,-0.569317
68235.128,30.264888607,-97.745487758,115.8818,5,0.818805,-0.010379,-0.075228,-0.569027
68235.528,30.264889929,-97.745533181,115.5586,5,0.818812,-0.009051,-0.077156,-0.568781
68235.928,30.264891314,-97.745580644,115.2303,5,0.818799,-0.007763,-0.079121,-0.568548
68236.328,30.264889330,-97.745455869,112.5070,5,0.799388,-0.018379,-0.072218,-0.596175
68236.728,30.264887958,-97.745495379,112.2250,5,0.799207,-0.017028,-0.073988,-0.596242
68237.128,30.264865103,-97.745352344,109.6611,5,0.783551,-0.028967,-0.070721,-0.616610
68237.528,30.264860469,-97.745383263,109.4433,5,0.783217,-0.027677,-0.072384,-0.616900
68237.928,30.264866614,-97.745234935,107.3713,5,0.779272,-0.038959,-0.072864,-0.621215
68238.328,30.264838609,-97.745336616,108.3777,5,0.752583,-0.033020,-0.071212,-0.653803
68238.728,30.264831822,-97.745359466,108.2000,1,0.759773,-0.033068,-0.073757,-0.645145
68239.128,30.264830017,-97.745376603,108.0920,5,0.768333,-0.037369,-0.077523,-0.634239
68239.528,30.264824685,-97.745402954,107.9745,1,0.766877,-0.035796,-0.079163,-0.635886
68239.928,30.264818724,-97.745428128,107.8757,1,0.766201,-0.034224,-0.081047,-0.636550
68240.328,30.264819218,-97.745443718,107.8077,5,0.772790,-0.037628,-0.083451,-0.628025
68240.728,30.264815211,-97.745467903,107.7548,1,0.771955,-0.036813,-0.084908,-0.628905
68241.128,30.264815359,-97.745484384,107.7089,5,0.777772,-0.038546,-0.087456,-0.621238
68241.528,30.264813105,-97.745508660,107.6840,5,0.776735,-0.037458,-0.090085,-0.622225
68241.928,30.264810907,-97.745531164,107.6937,1,0.776288,-0.034546,-0.092421,-0.622609
68242.328,30.264812983,-97.745544470,107.7064,5,0.780656,-0.036409,-0.092270,-0.617039
68242.728,30.264812553,-97.745563928,107.7753,1,0.780144,-0.036012,-0.091653,-0.617802
68243.128,30.264811605,-97.745583249,107.8652,5,0.780153,-0.033116,-0.091719,-0.617942
68243.528,30.264811167,-97.745604886,107.9629,1,0.779259,-0.033571,-0.093751,-0.618740
68243.928,30.264809263,-97.745626972,108.0908,5,0.779921,-0.028805,-0.094963,-0.617961
68249.028,30.264986237,-97.746624875,119.4826,5,0.997954,0.035478,-0.012376,-0.051737
68249.428,30.264985404,-97.746648637,119.4038,5,0.998217,0.030442,-0.013114,-0.049648
68249.828,30.264983300,-97.746672647,119.3064,5,0.998399,0.029469,-0.010907,-0.047043
68250.228,30.264990219,-97.746695056,119.1777,5,0.977278,0.044424,-0.000885,-0.207252
68250.628,30.264988873,-97.746718521,119.1655,5,0.978037,0.041105,-0.000495,-0.204337
68251.028,30.265002775,-97.746752584,120.1585,5,0.896445,0.020075,0.000531,-0.442701
68251.428,30.265004484,-97.746775933,120.0158,5,0.897535,0.021105,0.001320,-0.440437
68251.828,30.265005307,-97.746800029,119.8585,5,0.895989,0.019426,-0.000980,-0.443651
68252.228,30.265044010,-97.746848078,120.2513,5,0.819062,0.011709,-0.020564,-0.573217
68252.628,30.265049695,-97.746878429,120.2472,5,0.816210,0.008534,-0.020779,-0.577319
68253.028,30.265052903,-97.746897565,119.7980,5,0.812540,0.004368,-0.011950,-0.582766
68253.428,30.265058441,-97.746925956,119.7542,5,0.811348,0.003327,-0.011162,-0.584447
68253.828,30.265063742,-97.746955146,119.7064,5,0.811115,0.003620,-0.010184,-0.584787
68254.228,30.265076119,-97.746977016,119.4373,5,0.773287,-0.000604,-0.008059,-0.634005
68254.628,30.265082741,-97.747006297,119.4246,5,0.772514,0.000433,-0.011415,-0.634895
68255.028,30.265094984,-97.747033221,119.2744,5,0.769030,-0.005939,-0.013207,-0.639049
68255.428,30.265102898,-97.747062601,119.2312,5,0.767981,-0.008176,-0.011850,-0.640310
68255.828,30.265110762,-97.747093080,119.1832,5,0.767230,-0.006907,-0.009774,-0.641261
68256.228,30.265119756,-97.747122734,119.5688,5,0.756756,-0.005644,-0.005987,-0.653645
68256.628,30.265127763,-97.747157234,119.5344,5,0.755947,-0.003749,-0.006796,-0.654586
68257.028,30.265132766,-97.747186331,119.4451,5,0.770871,-0.004432,-0.001624,-0.636974
68257.428,30.265140110,-97.747222331,119.4105,5,0.768952,-0.005051,-0.000738,-0.639286
68257.828,30.265147330,-97.747259546,119.3777,5,0.767648,-0.002347,0.001505,-0.640865
68258.228,30.265138292,-97.747288818,118.6740,5,0.836687,-0.000870,0.006160,-0.547646
68258.628,30.265142740,-97.747326935,118.6309,5,0.838880,-0.005188,0.007444,-0.544241
68259.028,30.265141096,-97.747345451,118.7180,5,0.883962,-0.017271,0.011861,-0.467089
68259.428,30.265143263,-97.747382589,118.6709,5,0.881941,-0.019888,0.013811,-0.470737
68259.828,30.265144519,-97.747420351,118.6260,5,0.876506,-0.019779,0.018641,-0.480623
68260.228,30.265110049,-97.747428439,117.9079,5,0.926244,-0.017009,0.029188,-0.375409
68260.628,30.265104027,-97.747461651,117.7957,5,0.915194,-0.017580,0.035155,-0.401093
68261.028,30.265099933,-97.747456045,117.8806,5,0.929864,-0.024825,0.042084,-0.364644
68261.428,30.265091669,-97.747483508,117.7483,5,0.921211,-0.025816,0.044745,-0.385618
68261.828,30.265082480,-97.747510950,117.6212,5,0.916699,-0.026762,0.048839,-0.395678
68262.228,30.265067874,-97.747526358,117.2631,5,0.914220,-0.028450,0.053058,-0.400722
68262.628,30.265056572,-97.747552735,117.1049,5,0.915772,-0.028134,0.055192,-0.396892
68263.028,30.265048108,-97.747578030,115.8972,5,0.921040,-0.028351,0.055766,-0.384410
68263.428,30.265036409,-97.747605108,115.6759,5,0.929612,-0.027995,0.056065,-0.363173
68263.828,30.265024013,-97.747632706,115.4603,5,0.940339,-0.026663,0.056400,-0.334471
68264.228,30.265021465,-97.747654148,116.7091,5,0.950008,-0.028951,0.056368,-0.305728
68264.628,30.265007773,-97.747681297,116.5751,5,0.956122,-0.028415,0.056172,-0.286126
68265.028,30.265048542,-97.747639495,117.8143,5,0.964657,-0.044494,0.057880,-0.253192
68265.428,30.265037965,-97.747658634,117.7838,5,0.965164,-0.045375,0.059139,-0.250804
68265.828,30.265027114,-97.747676546,117.7516,5,0.965080,-0.044817,0.060561,-0.250887
68266.228,30.265176858,-97.747507441,121.4805,5,0.949908,-0.083683,0.070862,-0.292660
68266.628,30.265180364,-97.747504779,121.4809,5,0.949754,-0.085448,0.072398,-0.292274
68267.028,30.265133387,-97.747475357,120.5207,5,0.934695,-0.084898,0.080367,-0.335678
68267.428,30.265135087,-97.747464569,120.3870,5,0.934491,-0.086747,0.081960,-0.335387
68267.828,30.265137768,-97.747450647,120.2213,5,0.934302,-0.088591,0.083599,-0.335026
68268.228,30.265109102,-97.747523376,122.0395,5,0.944852,-0.080044,0.079262,-0.307516
68268.628,30.265111748,-97.747511151,121.9258,5,0.944682,-0.081738,0.080730,-0.307208
68269.028,30.265110484,-97.747568105,121.7810,5,0.957024,-0.076745,0.074291,-0.269620
68269.428,30.265115224,-97.747557290,121.6512,5,0.956882,-0.078286,0.075557,-0.269330
68269.828,30.265121098,-97.747543910,121.4983,5,0.956744,-0.079861,0.076774,-0.269015
68270.228,30.265103824,-97.747573963,122.6536,5,0.963193,-0.075907,0.074932,-0.246744
68270.628,30.265110196,-97.747559775,122.5377,5,0.963069,-0.077289,0.076135,-0.246432
68271.028,30.265128381,-97.747571267,122.3844,5,0.974788,-0.073223,0.073362,-0.197595
68271.428,30.265136544,-97.747556107,122.2466,5,0.974684,-0.074394,0.074445,-0.197267
68271.828,30.265145849,-97.747538666,122.0897,5,0.974582,-0.075558,0.075524,-0.196920
68272.228,30.265166240,-97.747512940,122.0702,5,0.979843,-0.073676,0.074295,-0.170176
68272.628,30.265177122,-97.747491674,121.8735,5,0.979740,-0.074710,0.075393,-0.169835
68273.028,30.265188802,-97.747453632,122.2500,5,0.981677,-0.074412,0.078071,-0.157090
68273.428,30.265201340,-97.747427024,122.0383,5,0.981579,-0.075355,0.079229,-0.156673
68273.828,30.265215022,-97.747397996,121.8057,5,0.981480,-0.076328,0.080373,-0.156244
68274.228,30.265230663,-97.747382085,121.9819,5,0.986333,-0.071283,0.079396,-0.125550
68274.628,30.265244756,-97.747350532,121.7333,5,0.986238,-0.072076,0.080576,-0.125092
68275.028,30.265257995,-97.747322799,121.7043,5,0.986369,-0.072373,0.080475,-0.123944
68275.428,30.265273722,-97.747287056,121.4306,5,0.986276,-0.073076,0.081600,-0.123538
68275.828,30.265290514,-97.747248857,121.1350,5,0.986175,-0.073874,0.082744,-0.123105
68276.228,30.265299295,-97.747232442,121.6284,5,0.988056,-0.070504,0.080358,-0.110979
68276.628,30.265316084,-97.747191920,121.3327,5,0.987965,-0.071083,0.081446,-0.110633
68277.028,30.265327923,-97.747145787,121.9968,5,0.987792,-0.070660,0.084009,-0.110532
68277.428,30.265345865,-97.747100181,121.6932,5,0.987685,-0.071221,0.085111,-0.110278
68277.828,30.265364768,-97.747052046,121.3665,5,0.987580,-0.071783,0.086235,-0.109985
68278.228,30.265384527,-97.747033226,122.0742,5,0.986910,-0.074561,0.081704,-0.117359
68278.628,30.265405081,-97.746982916,121.7704,5,0.986809,-0.075090,0.082698,-0.117176
68279.028,30.265377770,-97.746962600,121.8024,5,0.989217,-0.066255,0.080442,-0.102907
68279.428,30.265394755,-97.746910238,121.4676,5,0.989136,-0.066456,0.081454,-0.102757
68279.828,30.265412446,-97.746855428,121.1118,5,0.989045,-0.066715,0.082443,-0.102672
68280.228,30.265441121,-97.746841407,121.1392,5,0.985367,-0.072811,0.075450,-0.134377
68280.628,30.265461039,-97.746785565,120.7931,5,0.985266,-0.073096,0.076194,-0.134541
68281.028,30.265414814,-97.746778811,121.0666,5,0.987635,-0.065007,0.071270,-0.123579
68281.428,30.265430001,-97.746722263,120.7155,5,0.987556,-0.064963,0.071978,-0.123820
68281.828,30.265445627,-97.746663487,120.3473,5,0.987469,-0.065000,0.072716,-0.124070
68282.228,30.265402032,-97.746705168,120.0242,5,0.984396,-0.061850,0.060386,-0.153275
68282.628,30.265413477,-97.746649817,119.6648,5,0.984286,-0.061632,0.060881,-0.153872
68283.028,30.265363699,-97.746736433,119.4902,5,0.980801,-0.057011,0.043597,-0.181322
68283.428,30.265369667,-97.746688021,119.1355,5,0.980648,-0.056490,0.043846,-0.182255
68283.828,30.265375487,-97.746638146,118.7707,5,0.980488,-0.055943,0.044029,-0.183236
68284.228,30.265461458,-97.746691711,119.2801,5,0.971474,-0.068334,0.032212,-0.224789
68284.628,30.265472258,-97.746647355,119.0009,5,0.971227,-0.067887,0.032129,-0.226004
68285.028,30.265416846,-97.746727583,118.5448,5,0.972489,-0.065674,0.015729,-0.222944
68285.428,30.265422323,-97.746690397,118.2804,5,0.972254,-0.065002,0.015383,-0.224186
68285.828,30.265427534,-97.746652657,118.0150,5,0.972025,-0.064309,0.015056,-0.225401
68286.228,30.265403134,-97.746811286,117.2012,5,0.964117,-0.065298,-0.006492,-0.257242
68286.628,30.265404946,-97.746786626,116.9575,5,0.963756,-0.064444,-0.007171,-0.258785
68287.028,30.265442437,-97.746899853,117.2443,5,0.959418,-0.072387,-0.021624,-0.271679
68287.428,30.265450859,-97.746906782,117.6147,5,0.956977,-0.097770,-0.043241,-0.269753
68287.828,30.265441334,-97.746841963,116.8088,5,0.961511,-0.068750,-0.020678,-0.265223
68288.228,30.265441006,-97.746833537,116.7533,5,0.961303,-0.072093,-0.027961,-0.264419
68288.628,30.265441742,-97.746822434,116.6031,5,0.960902,-0.071155,-0.029035,-0.266011
68289.028,30.265439646,-97.746821957,116.5248,5,0.960516,-0.073722,-0.035520,-0.265919
68289.428,30.265439377,-97.746815110,116.4264,5,0.960126,-0.072806,-0.036742,-0.267410
68289.828,30.265438395,-97.746810761,116.3200,5,0.959689,-0.071866,-0.037963,-0.269055
68290.228,30.265437200,-97.746831748,116.3262,5,0.958276,-0.079490,-0.049602,-0.270051
68290.628,30.265435731,-97.746852696,116.1265,5,0.957499,-0.077797,-0.051144,-0.272996
68291.028,30.265437445,-97.746875834,115.9556,5,0.955947,-0.075530,-0.048551,-0.279471
68291.428,30.265436216,-97.746881937,115.9596,5,0.955728,-0.073830,-0.048798,-0.280629
68291.828,30.265434501,-97.746889988,115.9443,5,0.955334,-0.072239,-0.050130,-0.282146
68292.228,30.265434406,-97.746894608,115.9519,5,0.955717,-0.069543,-0.049358,-0.281661
68292.628,30.265434175,-97.746903714,115.9487,5,0.955559,-0.067571,-0.051568,-0.282281
68293.028,30.265435327,-97.746917399,115.9750,5,0.954932,-0.065279,-0.050785,-0.285067
68293.428,30.265438428,-97.746925243,115.9124,5,0.954623,-0.063495,-0.051620,-0.286355
68293.828,30.265442862,-97.746933300,115.8274,5,0.954204,-0.063595,-0.054015,-0.287287
68294.228,30.265447434,-97.746940637,115.7353,5,0.951837,-0.063469,-0.056265,-0.294638
68294.628,30.265453164,-97.746949363,115.6178,5,0.952286,-0.063794,-0.058445,-0.292686
68295.028,30.265458444,-97.746963831,115.5688,5,0.952707,-0.063778,-0.063547,-0.290248
68295.428,30.265465419,-97.746975359,115.4322,5,0.954163,-0.060588,-0.066678,-0.285404
68295.828,30.265473234,-97.746988026,115.2865,5,0.954715,-0.065845,-0.067169,-0.282262
68296.228,30.265481341,-97.747005382,115.1694,5,0.954472,-0.063041,-0.073711,-0.282092
68296.628,30.265490164,-97.747020300,114.9970,5,0.954046,-0.067624,-0.073089,-0.282631
68297.028,30.265498650,-97.747042705,114.9122,5,0.964858,-0.061792,-0.081195,-0.242154
68297.428,30.265507842,-97.747059657,114.7842,5,0.965771,-0.038077,-0.091759,-0.239617
68297.828,30.265517663,-97.747077831,114.6683,5,0.964886,-0.054409,-0.089027,-0.241058
68298.228,30.265526559,-97.747109637,114.6837,5,0.961588,-0.067067,-0.082691,-0.253009
68298.628,30.265535609,-97.747132297,114.4643,5,0.961676,-0.066758,-0.079705,-0.253712
68299.028,30.265543739,-97.747155901,114.2655,5,0.976524,-0.073628,-0.081997,-0.185087
68299.428,30.265551399,-97.747180267,114.0662,5,0.977751,-0.049164,-0.087992,-0.183966
68299.828,30.265559386,-97.747212426,113.9191,1,0.969372,-0.062845,-0.082111,-0.222768
68300.228,30.265559629,-97.747239812,113.7533,5,0.958706,-0.048704,-0.080540,-0.268372
68300.628,30.265560826,-97.747272465,113.5559,1,0.958033,-0.054849,-0.082229,-0.269076
68301.028,30.265558489,-97.747307550,113.3841,5,0.953925,-0.049272,-0.081771,-0.284450
68301.428,30.265554734,-97.747345113,113.1628,5,0.952317,-0.050705,-0.082371,-0.289373
68301.828,30.265547212,-97.747388227,113.0329,1,0.950753,-0.048531,-0.083455,-0.294532
68302.228,30.265536423,-97.747433281,112.8223,5,0.948616,-0.045836,-0.084286,-0.301534
68302.628,30.265523162,-97.747483063,112.6289,1,0.947514,-0.044662,-0.085700,-0.304760
68303.028,30.265506697,-97.747536498,112.4764,5,0.946536,-0.043472,-0.086323,-0.307780
68303.428,30.265489555,-97.747592514,112.2208,5,0.945465,-0.042519,-0.086957,-0.311008
68303.828,30.265469229,-97.747653187,112.0784,1,0.944816,-0.040710,-0.087634,-0.313028
68304.228,30.265452504,-97.747703132,111.7918,5,0.952741,-0.041842,-0.085142,-0.288591
68304.628,30.265430632,-97.747764847,111.5588,1,0.951998,-0.039902,-0.085425,-0.291222
68305.028,30.265410260,-97.747817986,111.3889,5,0.959717,-0.041696,-0.083210,-0.265106
68305.428,30.265387128,-97.747882086,111.0596,5,0.959404,-0.040616,-0.084418,-0.266023
68305.828,30.265362015,-97.747946970,110.8798,1,0.958646,-0.039648,-0.085209,-0.268635
68306.228,30.265339997,-97.748002944,110.6223,5,0.966270,-0.040839,-0.083662,-0.240116
68306.628,30.265314083,-97.748069335,110.3731,1,0.965487,-0.039633,-0.084771,-0.243060
68307.028,30.265291438,-97.748125861,110.2233,5,0.972006,-0.042002,-0.083419,-0.215595
68307.428,30.265265450,-97.748195554,109.8461,5,0.971632,-0.041288,-0.084459,-0.217009
68307.828,30.265239600,-97.748263025,109.6580,1,0.970900,-0.040354,-0.085454,-0.220050
68308.228,30.265216987,-97.748324077,109.3798,5,0.976401,-0.042346,-0.084566,-0.194157
68308.628,30.265190432,-97.748394492,109.0696,1,0.975791,-0.041473,-0.085561,-0.196955
68309.028,30.265167666,-97.748455791,108.8589,5,0.980173,-0.043270,-0.085050,-0.173655
68309.428,30.265140148,-97.748530984,108.4178,5,0.979869,-0.042483,-0.085985,-0.175094
68309.828,30.265114002,-97.748601568,108.1217,1,0.979302,-0.040712,-0.086977,-0.178173
68310.228,30.265090353,-97.748669343,107.7479,5,0.983024,-0.042268,-0.086615,-0.156123
68310.628,30.265063893,-97.748744147,107.3480,1,0.982467,-0.041256,-0.087313,-0.159479
68311.028,30.265041399,-97.748810927,107.0160,5,0.985317,-0.042691,-0.087111,-0.140497
68311.428,30.265013319,-97.748892455,106.4993,5,0.985098,-0.041560,-0.087743,-0.141969
68311.829,30.264987924,-97.748967795,106.0942,1,0.984611,-0.040648,-0.088556,-0.145077
68312.229,30.264963791,-97.749043009,105.6195,5,0.986977,-0.041894,-0.088932,-0.127330
68312.629,30.264937475,-97.749123901,105.1183,1,0.986716,-0.040611,-0.089936,-0.129047
68313.029,30.264915861,-97.749197228,104.6647,5,0.988854,-0.039984,-0.090266,-0.111446
68313.429,30.264889996,-97.749285464,104.0501,5,0.989017,-0.038953,-0.090872,-0.109867
68313.830,30.264869719,-97.749365666,103.5173,1,0.988956,-0.038977,-0.091516,-0.109875
68314.230,30.264851188,-97.749447731,102.9048,5,0.990822,-0.039150,-0.088402,-0.094471
68314.630,30.264834057,-97.749530934,102.2887,1,0.991406,-0.039902,-0.088716,-0.087471
68315.030,30.264817589,-97.749616483,101.6213,5,0.991206,-0.036874,-0.088921,-0.090796
68315.430,30.264799596,-97.749709673,100.8913,1,0.990164,-0.039010,-0.092783,-0.097183
68315.830,30.264780984,-97.749803341,100.1736,1,0.989177,-0.041125,-0.093902,-0.104977
68316.230,30.264759451,-97.749898363,99.4164,5,0.987238,-0.039008,-0.092544,-0.123590
68316.630,30.264734542,-97.749998714,98.6473,1,0.986779,-0.038891,-0.093411,-0.126604
68317.030,30.264709041,-97.750095953,97.8888,5,0.985935,-0.035439,-0.092883,-0.134348
68317.430,30.264677596,-97.750206538,97.0361,5,0.987004,-0.034511,-0.092078,-0.127096
68317.830,30.264648364,-97.750311587,96.1984,1,0.988131,-0.033250,-0.097176,-0.114232
68318.230,30.264617868,-97.750423050,95.3006,5,0.988051,-0.032512,-0.098719,-0.113807
68318.630,30.264588393,-97.750536066,94.3883,1,0.986411,-0.030988,-0.102024,-0.124995
68319.030,30.264561158,-97.750645899,93.4852,5,0.983728,-0.027567,-0.102631,-0.144865
68319.430,30.264531377,-97.750766920,92.5175,5,0.981572,-0.027140,-0.103724,-0.158178
68319.830,30.264503452,-97.750883552,91.5704,1,0.981019,-0.030041,-0.100166,-0.163297
68320.230,30.264473542,-97.751005721,90.5521,5,0.980682,-0.028767,-0.098001,-0.166825
68320.630,30.264442524,-97.751131273,89.5119,1,0.981555,-0.028150,-0.098310,-0.161531
68321.030,30.264411287,-97.751256278,88.4380,5,0.980628,-0.031585,-0.102035,-0.164193
68321.430,30.264375029,-97.751393037,87.3041,5,0.981324,-0.029423,-0.100549,-0.161331
68321.830,30.264339613,-97.751523870,86.1761,1,0.981335,-0.031443,-0.102043,-0.159937
68322.230,30.264299553,-97.751666271,84.9657,5,0.980912,-0.031295,-0.102348,-0.162346
68327.230,30.265525108,-97.748491394,120.1438,5,0.692731,-0.033508,0.029414,-0.719817
68327.630,30.265526875,-97.748495587,120.0996,5,0.692926,-0.033375,0.029020,-0.719651
68328.030,30.265524937,-97.748485802,119.8687,5,0.764310,-0.044893,0.062524,-0.640238
68328.430,30.265524053,-97.748483561,119.8758,5,0.764453,-0.044462,0.062339,-0.640116
68328.830,30.265522848,-97.748479424,119.8728,5,0.764550,-0.044344,0.062226,-0.640020
68329.230,30.265527697,-97.748478540,119.4091,5,0.838648,-0.043656,0.046624,-0.540915
68329.630,30.265527848,-97.748473012,119.3580,5,0.838755,-0.043529,0.046425,-0.540777
68330.030,30.265530391,-97.748480294,119.3034,5,0.988482,-0.026698,0.018337,-0.147832
68330.430,30.265531374,-97.748477670,119.2913,5,0.988521,-0.026349,0.018156,-0.147653
68330.830,30.265532562,-97.748474477,119.2760,5,0.988554,-0.026187,0.017959,-0.147489
68331.230,30.265531210,-97.748483497,119.1383,5,0.991518,-0.016765,0.004994,-0.128789
68331.630,30.265532413,-97.748483254,119.1340,5,0.991542,-0.016501,0.004728,-0.128647
68332.030,30.265532835,-97.748481713,119.4088,5,0.982692,-0.016048,0.011187,-0.184213
68332.430,30.265533881,-97.748481563,119.4165,5,0.982740,-0.015632,0.010954,-0.184006
68332.830,30.265535056,-97.748481432,119.4252,5,0.982783,-0.015237,0.010655,-0.183826
68333.230,30.265531460,-97.748481692,119.4311,5,0.994266,-0.012220,0.011671,-0.105591
68333.630,30.265531584,-97.748481807,119.4420,5,0.994297,-0.011481,0.011546,-0.105392
68334.030,30.265531017,-97.748480504,119.5241,5,0.998137,-0.010485,0.011137,-0.059061
68334.430,30.265530716,-97.748480591,119.5311,5,0.998158,-0.009771,0.011136,-0.058833
68334.830,30.265530282,-97.748480705,119.5401,5,0.998176,-0.009075,0.011102,-0.058641
68335.230,30.265530278,-97.748480306,119.5312,5,0.998047,-0.009285,0.010438,-0.060893
68335.630,30.265529673,-97.748480466,119.5391,5,0.998066,-0.008628,0.010343,-0.060691
68336.030,30.265530373,-97.748480007,119.5108,5,0.999555,-0.010958,0.008818,-0.026315
68336.430,30.265529826,-97.748480127,119.5177,5,0.999566,-0.010376,0.008774,-0.026128
68336.830,30.265529130,-97.748480277,119.5256,5,0.999578,-0.009837,0.008740,-0.025906
68337.230,30.265530146,-97.748479895,119.4886,5,0.999188,-0.012495,0.006208,0.037803
68337.630,30.265529610,-97.748479971,119.4945,5,0.999185,-0.012058,0.006170,0.038027
68338.030,30.265530252,-97.748479736,119.4924,5,0.995870,-0.013413,0.003585,0.089721
68338.430,30.265529835,-97.748479752,119.4973,5,0.995859,-0.013054,0.003580,0.089893
68338.830,30.265529315,-97.748479766,119.5032,5,0.995848,-0.012679,0.003497,0.090082
68339.230,30.265529972,-97.748479545,119.5241,5,0.991722,-0.013083,0.001228,0.127731
68339.630,30.265529535,-97.748479509,119.5290,5,0.991700,-0.012723,0.001227,0.127938
68340.030,30.265529752,-97.748479735,119.5584,5,0.987861,-0.012572,-0.000433,0.154829
68340.430,30.265529329,-97.748479659,119.5624,5,0.987830,-0.012246,-0.000376,0.155053
68340.830,30.265529035,-97.748479631,119.5664,5,0.987807,-0.011231,-0.000149,0.155279
68341.231,30.265529951,-97.748480645,119.7112,5,0.983472,-0.010877,-0.001307,0.180730
68341.631,30.265530326,-97.748480867,119.7180,5,0.983403,-0.010843,-0.001544,0.181105
68342.031,30.265530998,-97.748481752,119.6729,5,0.980200,-0.009955,-0.002373,0.197746
68342.431,30.265531847,-97.748482235,119.6814,5,0.980140,-0.009151,-0.002606,0.198078
68342.831,30.265533064,-97.748482893,119.6907,5,0.980066,-0.008280,-0.002950,0.198477
68343.231,30.265534036,-97.748484686,119.7858,5,0.981809,-0.005906,-0.002919,0.189757
68343.631,30.265537847,-97.748486661,119.8095,5,0.981723,-0.005807,-0.003978,0.190187
68344.031,30.265543079,-97.748493086,119.7600,5,0.977088,-0.006432,-0.003972,0.212700
68344.431,30.265550871,-97.748497362,119.7932,5,0.976958,-0.010507,-0.004204,0.213133
68344.831,30.265559409,-97.748501976,119.8248,5,0.976728,-0.014547,-0.002392,0.213973
68345.231,30.265565208,-97.748505096,119.7879,5,0.981886,-0.010756,-0.005013,0.189101
68345.631,30.265573125,-97.748509163,119.8168,5,0.981598,-0.009276,-0.004736,0.190676
68346.031,30.265574160,-97.748529635,119.9377,5,0.951963,-0.013456,-0.000795,0.305917
68346.431,30.265580036,-97.748535411,119.9553,5,0.951818,-0.013904,-0.006702,0.306276
68346.831,30.265585703,-97.748540617,119.9860,5,0.951517,-0.015462,-0.001415,0.307203
68347.231,30.265592475,-97.748528971,120.2649,5,0.977662,-0.008828,-0.005564,0.209923
68347.631,30.265598929,-97.748533022,120.2935,5,0.978636,-0.003987,-0.006107,0.205472
68348.031,30.265597555,-97.748550291,120.4506,5,0.972374,-0.002464,-0.009107,0.233237
68348.431,30.265606757,-97.748557066,120.4873,5,0.974457,-0.011478,-0.015700,0.223731
68348.831,30.265616600,-97.748563824,120.5209,5,0.975854,-0.006766,-0.014458,0.217842
68349.231,30.265633379,-97.748558613,120.6046,5,0.982879,0.002831,-0.009103,0.184005
68349.631,30.265645083,-97.748564711,120.6839,5,0.982894,0.013080,-0.011986,0.183316
68350.031,30.265637104,-97.748613881,120.8135,5,0.957924,0.010373,-0.016763,0.286345
68350.431,30.265648218,-97.748625052,120.9132,5,0.954718,0.007414,-0.019974,0.296748
68350.831,30.265659509,-97.748637339,120.9899,5,0.950572,0.002680,-0.023997,0.309564
68351.231,30.265688738,-97.748616437,121.1561,5,0.966626,-0.006576,-0.021593,0.255194
68351.631,30.265701812,-97.748627782,121.2018,5,0.964097,0.002208,-0.019628,0.264816
68352.031,30.265724318,-97.748705983,120.4232,5,0.934046,0.000189,-0.011811,0.356957
68352.431,30.265738925,-97.748723262,120.5049,5,0.935089,-0.010481,-0.004503,0.354230
68352.831,30.265753463,-97.748740549,120.5234,5,0.935395,-0.022319,-0.001526,0.352895
68353.231,30.265730538,-97.748751522,121.2539,5,0.934824,-0.014867,-0.010186,0.354653
68353.631,30.265741727,-97.748767961,121.2664,5,0.935554,-0.013209,-0.005309,0.352896
68354.031,30.265781548,-97.748772693,121.1770,5,0.949250,-0.016510,-0.000241,0.314090
68354.431,30.265793786,-97.748788757,121.1828,5,0.949931,-0.016865,-0.004078,0.311979
68354.831,30.265812506,-97.748852320,120.6169,5,0.937568,-0.021722,0.001200,0.347122
68355.231,30.265824535,-97.748870249,120.6273,5,0.938079,-0.025704,0.006013,0.345413
68355.631,30.265835645,-97.748887745,120.6313,5,0.938373,-0.024414,0.007518,0.344678
68356.031,30.265832147,-97.748858855,121.2346,5,0.945400,-0.017444,0.005053,0.325406
68356.431,30.265839371,-97.748872190,121.2501,5,0.945560,-0.015814,0.004429,0.325033
68356.831,30.265819546,-97.748856690,121.7123,5,0.945253,-0.009224,0.004849,0.326171
68357.231,30.265822883,-97.748866091,121.7374,5,0.944853,-0.008923,0.005978,0.327317
68357.631,30.265825121,-97.748875059,121.7563,5,0.943852,-0.011352,0.004757,0.330140
68358.031,30.265769883,-97.748778810,123.0880,5,0.941039,0.005617,0.009502,0.338119
68358.431,30.265766649,-97.748778956,123.0905,5,0.940382,0.006054,0.008406,0.339961
68358.831,30.265762053,-97.748777977,123.0834,5,0.939909,0.005935,0.007382,0.341295
68359.231,30.265753710,-97.748809750,122.3846,5,0.937985,0.004690,0.006115,0.346589
68359.631,30.265746713,-97.748808083,122.3491,5,0.938359,0.005134,0.005806,0.345575
68360.031,30.265800671,-97.748812602,122.3393,5,0.933333,0.000083,0.010943,0.358846
68360.431,30.265795181,-97.748808649,122.3050,5,0.933421,0.001032,0.011157,0.358608
68360.831,30.265788738,-97.748803947,122.2699,5,0.932272,0.002300,0.010767,0.361591
68361.231,30.265811444,-97.748818236,121.9682,5,0.923315,-0.000800,0.012379,0.383844
68361.631,30.265805542,-97.748812506,121.9323,5,0.921813,-0.001185,0.012300,0.387438
68362.031,30.265802170,-97.748806360,121.7078,5,0.921772,-0.001228,0.012737,0.387521
68362.431,30.265794470,-97.748798670,121.6597,5,0.921111,-0.001499,0.013415,0.389067
68362.831,30.265785545,-97.748789643,121.6055,5,0.920568,-0.001172,0.013446,0.390349
68363.231,30.265776849,-97.748779921,121.5208,5,0.920939,-0.000222,0.012328,0.389512
68363.631,30.265765568,-97.748768373,121.4507,5,0.920390,-0.000021,0.013311,0.390775
68364.031,30.265763579,-97.748766083,121.3047,5,0.920767,-0.000670,0.013912,0.389864
68364.431,30.265750952,-97.748753037,121.2282,5,0.921113,-0.000451,0.014455,0.389027
68364.831,30.265737748,-97.748739351,121.1475,5,0.921682,0.000106,0.013204,0.387721
68365.231,30.265739826,-97.748741483,120.8873,5,0.923634,-0.001554,0.013016,0.383053
68365.631,30.265725979,-97.748727178,120.8052,5,0.924026,-0.001180,0.012213,0.382132
68366.031,30.265730546,-97.748717629,121.0076,5,0.928979,-0.002656,0.013557,0.369874
68366.431,30.265715837,-97.748702811,120.9283,5,0.929205,-0.001902,0.013668,0.369306
68366.831,30.265700375,-97.748687136,120.8447,5,0.929382,-0.001578,0.014217,0.368841
68367.231,30.265704675,-97.748689476,120.6875,5,0.931398,-0.003510,0.014864,0.363683
68367.631,30.265688800,-97.748673432,120.6057,5,0.931538,-0.002846,0.014401,0.363348
68368.031,30.265690192,-97.748683055,119.9644,5,0.931675,-0.005006,0.014916,0.362951
68368.431,30.265674014,-97.748666556,119.8814,5,0.931754,-0.005116,0.014873,0.362750
68368.831,30.265657015,-97.748649160,119.7944,5,0.931805,-0.005002,0.014946,0.362618
68369.231,30.265667056,-97.748656116,119.5732,5,0.933827,-0.007701,0.016198,0.357275
68369.631,30.265649921,-97.748638539,119.4878,5,0.933884,-0.006365,0.016447,0.357140
68370.031,30.265669419,-97.748644683,119.3080,5,0.938114,-0.009429,0.017868,0.345736
68370.431,30.265654173,-97.748628919,119.2344,5,0.938233,-0.008382,0.017818,0.345443
68370.831,30.265639942,-97.748613918,119.1667,5,0.938391,-0.007788,0.019292,0.344950
68371.231,30.265666204,-97.748637349,119.3813,5,0.941540,-0.011239,0.019994,0.336119
68371.631,30.265656578,-97.748626553,119.3415,5,0.941360,-0.012626,0.018681,0.336648
68372.031,30.265685355,-97.748673014,119.9789,5,0.943217,-0.017754,0.018534,0.331183
68372.431,30.265677842,-97.748664696,119.9593,5,0.943033,-0.017991,0.017852,0.331733
68372.831,30.265670212,-97.748656174,119.9403,5,0.942885,-0.018309,0.017754,0.332142
68373.231,30.265677329,-97.748694515,120.0864,5,0.940827,-0.020681,0.015763,0.337888
68373.631,30.265669968,-97.748687481,120.0770,5,0.940470,-0.021076,0.016153,0.338838
68374.031,30.265671065,-97.748733951,120.2687,5,0.938883,-0.023415,0.014737,0.343123
68374.431,30.265663706,-97.748729004,120.2669,5,0.938703,-0.024077,0.014561,0.343575
68374.831,30.265656048,-97.748723786,120.2675,5,0.938874,-0.023602,0.014408,0.343149
68375.231,30.265729960,-97.748729272,120.2431,5,0.947980,-0.027129,0.020154,0.316532
68375.631,30.265726128,-97.748724444,120.2462,5,0.948281,-0.024911,0.020347,0.315797
68376.031,30.265753519,-97.748780768,120.1112,5,0.943771,-0.027979,0.017902,0.328928
68376.431,30.265752772,-97.748779819,120.1208,5,0.944005,-0.029085,0.017054,0.328205
68376.831,30.265751833,-97.748778671,120.1322,5,0.944268,-0.030811,0.015711,0.327356
68377.231,30.265746486,-97.748744920,120.1474,5,0.945965,-0.031465,0.015743,0.322355
68377.631,30.265742917,-97.748740208,120.1553,5,0.946144,-0.031938,0.016373,0.321751
68378.031,30.265743507,-97.748747130,120.1937,5,0.945688,-0.032607,0.016395,0.323020
68378.431,30.265737345,-97.748740289,120.2077,5,0.945841,-0.032548,0.016474,0.322574
68378.831,30.265729958,-97.748732358,120.2248,5,0.945920,-0.032838,0.016429,0.322315
68379.231,30.265773136,-97.748760122,120.8118,5,0.950467,-0.033924,0.018109,0.308438
68379.631,30.265766833,-97.748753292,120.8558,5,0.950573,-0.034413,0.017925,0.308066
68380.031,30.265781783,-97.748814084,120.8101,5,0.950140,-0.037361,0.016918,0.309115
68380.431,30.265776934,-97.748809911,120.8582,5,0.950263,-0.037567,0.016883,0.308712
68380.831,30.265772304,-97.748805901,120.9072,5,0.950391,-0.037794,0.016833,0.308294
68381.231,30.265817137,-97.748856290,120.3163,5,0.954341,-0.041369,0.017668,0.295314
68381.631,30.265815250,-97.748854916,120.3583,5,0.954488,-0.041629,0.017616,0.294802
68382.031,30.265841733,-97.748893504,119.6079,5,0.954152,-0.044101,0.017967,0.295511
68382.431,30.265842033,-97.748893940,119.6359,5,0.954309,-0.044374,0.017905,0.294967
68382.831,30.265842702,-97.748894658,119.6639,5,0.954471,-0.044633,0.017830,0.294405
68383.231,30.265832811,-97.748902869,118.8033,5,0.950848,-0.044707,0.017719,0.305900
68383.631,30.265834227,-97.748904051,118.8072,5,0.951034,-0.044060,0.017892,0.305406
68384.031,30.265837660,-97.748905740,118.9746,5,0.954407,-0.043925,0.017834,0.294721
68384.431,30.265841001,-97.748908491,118.9783,5,0.954649,-0.043124,0.017879,0.294052
68384.831,30.265846101,-97.748912534,118.9765,5,0.954810,-0.041232,0.018846,0.293739
68385.231,30.265845352,-97.748920783,118.9435,5,0.953459,-0.042588,0.018121,0.297950
68385.631,30.265853547,-97.748927185,118.9288,5,0.953281,-0.042636,0.017507,0.298547
68386.031,30.265864622,-97.748935788,118.9047,5,0.951828,-0.040324,0.017290,0.303477
68386.431,30.265876472,-97.748945163,118.8756,5,0.951844,-0.039579,0.016572,0.303564
68386.831,30.265887943,-97.748965638,118.7858,5,0.950155,-0.040288,0.014520,0.308824
68387.231,30.265904790,-97.748979246,118.7327,5,0.950660,-0.039882,0.013816,0.307350
68387.631,30.265923143,-97.749000808,118.4814,5,0.949750,-0.038639,0.011244,0.310412
68388.031,30.265944634,-97.749018354,118.3979,5,0.949763,-0.040245,0.009285,0.310233
68388.431,30.265968576,-97.749037874,118.2963,5,0.949689,-0.043098,0.007551,0.310123
68388.831,30.265998473,-97.749063314,118.1528,5,0.948623,-0.040620,0.007076,0.313710
68389.231,30.266025197,-97.749085288,118.0551,5,0.949272,-0.038282,0.008399,0.312005
68389.631,30.266053030,-97.749108080,117.9642,5,0.950240,-0.038185,0.005970,0.309110
68390.031,30.266074959,-97.749135362,117.6982,5,0.950893,-0.039975,0.010701,0.306741
68390.431,30.266104411,-97.749158884,117.6017,5,0.951496,-0.042191,0.012902,0.304481
68390.831,30.266101197,-97.749227052,117.6550,5,0.937937,-0.039816,0.013621,0.344243
68391.231,30.266129512,-97.749253488,117.5711,5,0.937538,-0.041844,0.012777,0.345121
68391.631,30.266158059,-97.749280086,117.4843,5,0.937800,-0.041414,0.013129,0.344447
68392.031,30.266191851,-97.749296433,117.5675,5,0.942474,-0.038288,0.013444,0.331807
68392.431,30.266221416,-97.749322507,117.5050,5,0.942900,-0.038195,0.014871,0.330543
68392.831,30.266251475,-97.749349072,117.4417,5,0.942269,-0.038115,0.015494,0.332319
68393.231,30.266293737,-97.749365277,116.7287,5,0.941418,-0.036991,0.015862,0.334832
68393.631,30.266324730,-97.749393589,116.6695,5,0.938902,-0.033806,0.015142,0.342184
68394.031,30.266346594,-97.749440036,116.7284,5,0.932930,-0.031317,0.013055,0.358454
68394.431,30.266378244,-97.749470374,116.6880,5,0.934601,-0.032571,0.012221,0.353994
68394.831,30.266411204,-97.749501230,116.6254,5,0.937844,-0.034722,0.007359,0.345237
68395.231,30.266453641,-97.749519720,116.7253,5,0.943591,-0.037173,0.010278,0.328859
68395.631,30.266490176,-97.749550585,116.6409,5,0.944925,-0.037241,0.016305,0.324751
68396.031,30.266555383,-97.749542255,116.9621,5,0.951871,-0.028270,0.014601,0.304843
68396.431,30.266594947,-97.749572961,116.9390,5,0.951557,-0.039437,0.019659,0.304298
68396.831,30.266635238,-97.749604312,116.8596,5,0.951076,-0.047096,0.022297,0.304530
68397.231,30.266665244,-97.749660289,116.1096,5,0.950221,-0.049235,0.021315,0.306922
68397.631,30.266706733,-97.749693394,115.9991,1,0.949373,-0.047630,0.022355,0.309714
68398.031,30.266748830,-97.749727817,115.8939,5,0.948575,-0.046574,0.022537,0.312295
68398.431,30.266791946,-97.749763696,115.7707,5,0.948084,-0.046883,0.023002,0.313702
68398.831,30.266836410,-97.749800703,115.6403,1,0.947986,-0.046631,0.021901,0.314115
68399.231,30.266882142,-97.749838563,115.5076,5,0.948542,-0.046360,0.021460,0.312503
68399.631,30.266929405,-97.749877648,115.3537,1,0.949363,-0.047489,0.022049,0.309787
68400.031,30.266975113,-97.749916835,115.1962,5,0.947415,-0.045766,0.022961,0.315885
68400.431,30.267023110,-97.749957473,115.0619,1,0.946381,-0.046247,0.022382,0.318940
68400.831,30.267072263,-97.749999369,114.9371,1,0.945332,-0.046235,0.022416,0.322035
68401.231,30.267117171,-97.750041270,114.8638,5,0.942174,-0.044488,0.021701,0.331447
68401.631,30.267166106,-97.750085373,114.8367,1,0.941720,-0.043352,0.022120,0.332860
68402.031,30.267215695,-97.750130189,114.7741,5,0.942305,-0.043769,0.018721,0.331354
68402.431,30.267266905,-97.750174682,114.6542,5,0.943079,-0.042325,0.023157,0.329052
68402.831,30.267318455,-97.750219589,114.5746,1,0.943899,-0.030041,0.022681,0.328083
68403.231,30.267369661,-97.750264536,114.6475,5,0.943038,-0.030757,0.016839,0.330831
68403.631,30.267420946,-97.750308840,114.6096,1,0.942641,-0.047295,0.015887,0.330057
68404.031,30.267470914,-97.750352471,114.6183,5,0.943327,-0.038210,0.022359,0.328899
68404.431,30.267520844,-97.750395142,114.6246,5,0.943957,-0.038527,0.025278,0.326837
68404.831,30.267570008,-97.750437113,114.6375,1,0.944283,-0.037811,0.025470,0.325961
68405.231,30.267618365,-97.750479101,114.6692,5,0.943452,-0.040506,0.023969,0.328152
68405.631,30.267666016,-97.750520861,114.6805,1,0.938045,-0.039861,0.028589,0.343023
68406.031,30.267711493,-97.750563562,114.7404,5,0.927740,-0.039571,0.030625,0.369859
68406.431,30.267754781,-97.750607220,114.8097,5,0.911375,-0.040977,0.034751,0.408054
68406.831,30.267795726,-97.750653060,114.8828,1,0.891315,-0.048407,0.030334,0.449771
68407.231,30.267833711,-97.750699945,114.9397,5,0.873938,-0.044415,0.023843,0.483416
68407.631,30.267870712,-97.750746558,114.9810,1,0.865507,-0.046190,0.017437,0.498457
68408.031,30.267907307,-97.750792750,115.0156,5,0.866798,-0.046478,0.015920,0.496234
68408.431,30.267944526,-97.750837215,115.0591,5,0.875505,-0.047708,0.013298,0.480665
68408.831,30.267982663,-97.750879991,115.0576,1,0.888753,-0.049341,0.009010,0.455635
68409.231,30.268021454,-97.750921595,115.0518,5,0.903905,-0.056913,0.006444,0.423882
68409.631,30.268061912,-97.750961292,114.9961,1,0.918404,-0.053676,0.007523,0.391913
68410.031,30.268103653,-97.751000075,114.9806,5,0.931937,-0.056824,0.007303,0.358067
68410.431,30.268145911,-97.751036693,114.9534,5,0.942113,-0.056228,0.008109,0.330448
68410.831,30.268187964,-97.751071861,114.8965,1,0.947789,-0.061976,0.006718,0.312745
68411.231,30.268229403,-97.751106320,114.8693,5,0.951015,-0.062176,0.004402,0.302796
68411.631,30.268270569,-97.751140076,114.8356,1,0.952365,-0.068060,0.004405,0.297238
68412.031,30.268310173,-97.751172840,114.8128,5,0.953030,-0.066761,0.004305,0.295396
68412.431,30.268348343,-97.751204335,114.8153,1,0.952801,-0.065676,0.006957,0.296326
68412.831,30.268384899,-97.751235160,114.8462,5,0.951276,-0.065582,0.006559,0.301214
68413.231,30.268421296,-97.751265767,114.8769,1,0.949865,-0.064815,0.006288,0.305803
68413.631,30.268456876,-97.751295983,114.9072,1,0.948777,-0.064600,0.004633,0.309238
68414.031,30.268490786,-97.751325549,114.9796,5,0.948114,-0.063842,0.004314,0.311425
68414.431,30.268524212,-97.751354247,115.0560,1,0.947643,-0.060725,0.004058,0.313479
68414.831,30.268555512,-97.751381736,115.1514,5,0.946553,-0.058847,0.004119,0.317109
68415.231,30.268589194,-97.751409758,115.2499,5,0.946989,-0.058845,0.004604,0.315796
68415.631,30.268621921,-97.751437150,115.3527,1,0.947163,-0.057423,0.005066,0.315531
68416.031,30.268654811,-97.751465165,115.4627,5,0.947207,-0.057689,0.004970,0.315350
68416.431,30.268688695,-97.751493960,115.5577,5,0.947274,-0.057815,0.004950,0.315128
68416.831,30.268723093,-97.751522885,115.6534,1,0.947282,-0.056664,0.005202,0.315307
68417.231,30.268743478,-97.751548087,115.6868,5,0.942665,-0.053218,0.003566,0.329450
68421.231,30.266418376,-97.752039547,117.6741,5,0.796742,0.021024,-0.051588,-0.601746
68421.631,30.266425226,-97.752059191,117.5684,5,0.841522,0.015825,-0.054002,-0.537284
68422.031,30.266419877,-97.752074301,117.4535,5,0.881299,0.041217,-0.011851,-0.470610
68422.431,30.266422990,-97.752096097,117.3805,5,0.916611,0.038797,-0.016950,-0.397531
68422.831,30.266427279,-97.752120087,117.3065,5,0.942399,0.034969,-0.022159,-0.331918
68423.231,30.266405238,-97.752129526,117.3712,5,0.951743,0.061588,0.004800,-0.300613
68423.631,30.266401542,-97.752152828,117.3624,5,0.964336,0.063138,0.002433,-0.257030
68424.031,30.266396483,-97.752178353,117.3404,5,0.972969,0.063647,0.001244,-0.221990
68424.431,30.266389669,-97.752206425,117.2941,5,0.979637,0.065747,-0.003679,-0.189672
68424.831,30.266325474,-97.752176624,117.0027,5,0.995696,0.076348,0.035193,-0.039021
68425.231,30.266304281,-97.752194045,116.8948,5,0.996460,0.076574,0.030459,-0.016594
68425.631,30.266280615,-97.752211441,116.7671,5,0.996473,0.079332,0.027347,-0.000192
68426.031,30.266244249,-97.752199174,116.6818,5,0.991984,0.076881,0.027191,0.096530
68426.431,30.266215137,-97.752210685,116.5415,5,0.991759,0.072243,0.028197,0.101980
68426.831,30.266183113,-97.752221210,116.3669,5,0.991488,0.073805,0.028102,0.103514
68427.231,30.266182286,-97.752178802,116.9593,5,0.968950,0.050170,0.022308,0.241083
68427.631,30.266153265,-97.752180348,116.8856,5,0.969963,0.048229,0.022579,0.237352
68428.031,30.266150854,-97.752164156,117.7301,5,0.970257,0.034749,0.027148,0.238027
68428.431,30.266121696,-97.752160576,117.6370,5,0.970899,0.034207,0.027623,0.235418
68428.831,30.266090588,-97.752155172,117.5139,5,0.971641,0.032183,0.024965,0.232926
68429.231,30.266078443,-97.752167324,117.9000,5,0.980968,0.019338,0.018024,0.192361
68429.631,30.266046245,-97.752160950,117.7839,5,0.981604,0.017922,0.020037,0.189028
68430.031,30.266012724,-97.752178525,120.7333,5,0.988602,0.015487,0.017141,0.148771
68430.431,30.265974173,-97.752171615,120.8090,5,0.988901,0.015868,0.015249,0.146935
68430.831,30.265932741,-97.752163061,120.8583,5,0.989075,0.013514,0.014127,0.146114
68431.231,30.265988573,-97.752136930,115.0772,5,0.975459,-0.010713,-0.004302,0.219879
68431.631,30.265958605,-97.752126970,114.8900,5,0.975137,-0.009626,-0.005058,0.221337
68432.031,30.265866442,-97.752112679,120.0680,5,0.973916,-0.005035,0.009239,0.226667
68432.431,30.265824906,-97.752095943,120.1768,5,0.973482,-0.010540,0.009019,0.228342
68432.831,30.265781115,-97.752077358,120.2657,5,0.972876,-0.008406,0.010481,0.230938
68433.231,30.265919177,-97.752081370,113.9356,5,0.938214,-0.038290,-0.021144,0.343280
68433.631,30.265895336,-97.752066845,113.9024,5,0.938112,-0.039170,-0.020844,0.343479
68434.031,30.265950324,-97.752108005,112.3076,5,0.928605,-0.060310,-0.026751,0.365157
68434.431,30.265935817,-97.752097823,112.3444,5,0.928933,-0.062781,-0.028045,0.363808
68434.831,30.265921132,-97.752086628,112.3936,5,0.929339,-0.062305,-0.028530,0.362813
68435.231,30.265959455,-97.752147689,110.6913,5,0.924960,-0.074238,-0.043607,0.370183
68435.631,30.265951518,-97.752143985,110.6432,5,0.925324,-0.074871,-0.043935,0.369106
68436.031,30.265978769,-97.752176232,109.3061,5,0.924743,-0.088274,-0.050419,0.366764
68436.431,30.265977668,-97.752176928,109.1580,5,0.924585,-0.089389,-0.051109,0.366798
68436.831,30.265978063,-97.752178487,108.9969,5,0.924353,-0.090778,-0.051903,0.366929
68437.231,30.265983336,-97.752186908,109.8744,5,0.915625,-0.096766,-0.051570,0.386791
68437.631,30.265988058,-97.752190382,109.7426,5,0.915302,-0.098695,-0.052478,0.386946
68438.031,30.265993393,-97.752188070,109.2759,5,0.912215,-0.095279,-0.051412,0.395148
68438.431,30.266000669,-97.752192500,109.1391,5,0.911970,-0.096843,-0.052161,0.395236
68438.831,30.266009723,-97.752198047,108.9862,5,0.911729,-0.098405,-0.052870,0.395311
68439.231,30.266015336,-97.752198673,108.5868,5,0.907772,-0.090279,-0.052144,0.406301
68439.631,30.266025625,-97.752204963,108.4410,5,0.907551,-0.091663,-0.052806,0.406400
68440.031,30.266037037,-97.752212939,108.5778,5,0.900791,-0.082678,-0.052843,0.423021
68440.431,30.266048300,-97.752220082,108.4499,5,0.900622,-0.083626,-0.053290,0.423140
68440.831,30.266061011,-97.752228194,108.3100,5,0.900467,-0.084565,-0.053739,0.423226
68441.231,30.266063052,-97.752215159,108.2115,5,0.888792,-0.068413,-0.048797,0.450540
68441.631,30.266074638,-97.752220714,108.1127,5,0.888708,-0.068902,-0.048908,0.450620
68442.031,30.266070389,-97.752204719,108.3687,5,0.883931,-0.052832,-0.046788,0.462262
68442.431,30.266080075,-97.752207375,108.3237,5,0.883906,-0.052781,-0.046678,0.462326
68442.831,30.266090608,-97.752210309,108.2769,5,0.883883,-0.052781,-0.046544,0.462383
68443.231,30.266070673,-97.752192570,108.3029,5,0.884441,-0.036875,-0.048090,0.462700
68443.631,30.266077623,-97.752192898,108.2988,5,0.884479,-0.036348,-0.047822,0.462697
68444.031,30.266055446,-97.752188090,107.9795,5,0.888017,-0.025116,-0.053135,0.456039
68444.431,30.266079342,-97.752185094,108.3638,5,0.879151,-0.029651,-0.050038,0.472981
68444.831,30.266086277,-97.752182565,108.4227,5,0.878998,-0.028976,-0.049745,0.473337
68445.231,30.266077765,-97.752182516,108.3516,5,0.886060,-0.019922,-0.052930,0.460107
68445.631,30.266073014,-97.752181941,108.3052,5,0.886687,-0.018369,-0.053230,0.458928
68446.031,30.266065724,-97.752182334,108.2419,5,0.886640,-0.014974,-0.057161,0.458670
68446.431,30.266066748,-97.752180927,108.2734,5,0.886697,-0.013903,-0.056945,0.458621
68446.831,30.266065421,-97.752179950,108.2776,5,0.887056,-0.012641,-0.056878,0.457970
68447.232,30.266060720,-97.752181507,108.2625,5,0.887934,-0.013110,-0.059069,0.455973
68447.632,30.266058902,-97.752180622,108.2798,5,0.888174,-0.011912,-0.059049,0.455543
68448.032,30.266056858,-97.752181890,108.2763,5,0.887630,-0.014505,-0.059208,0.456506
68448.432,30.266054841,-97.752180601,108.2930,5,0.888416,-0.012453,-0.059176,0.455038
68448.832,30.266052815,-97.752179472,108.3168,5,0.888685,-0.009184,-0.058273,0.454708
68449.232,30.266053385,-97.752179743,108.3630,5,0.887651,-0.010028,-0.056781,0.456893
68449.632,30.266052975,-97.752180434,108.3962,5,0.888506,-0.009940,-0.055422,0.455397
68450.032,30.266052206,-97.752182011,108.4413,5,0.889032,-0.008305,-0.055266,0.454421
68450.432,30.266051237,-97.752181921,108.4824,5,0.889711,-0.005303,-0.054221,0.453262
68450.832,30.266049231,-97.752180924,108.5283,5,0.889979,-0.003818,-0.054335,0.452736
68451.232,30.266044529,-97.752178170,108.5410,5,0.890540,-0.001343,-0.054972,0.451569
68451.632,30.266040492,-97.752174862,108.6328,5,0.891267,0.000636,-0.054793,0.450156
68452.032,30.266038999,-97.752173432,108.6551,5,0.889879,-0.002784,-0.051961,0.453220
68452.432,30.266035176,-97.752170962,108.6834,5,0.888748,-0.002280,-0.052431,0.455381
68452.832,30.266031153,-97.752167843,108.7059,5,0.888617,-0.001494,-0.052408,0.455644
68453.232,30.266032384,-97.752167270,108.7342,5,0.887091,-0.004035,-0.049986,0.458863
68453.632,30.266029224,-97.752164138,108.7649,5,0.886923,-0.003421,-0.049925,0.459199
68454.032,30.266031867,-97.752166639,108.7163,5,0.884638,-0.007988,-0.047746,0.463759
68454.432,30.266029438,-97.752163891,108.7314,5,0.884588,-0.007591,-0.047385,0.463898
68454.832,30.266027381,-97.752161710,108.7212,5,0.883653,-0.006737,-0.048092,0.465616
68455.232,30.266027866,-97.752164138,108.5933,5,0.880130,-0.010321,-0.047708,0.472217
68455.632,30.266034988,-97.752169274,108.4056,5,0.879739,-0.010729,-0.047660,0.472941
68456.032,30.266037799,-97.752168065,108.4765,5,0.879612,-0.012695,-0.045207,0.473369
68456.432,30.266036578,-97.752169497,108.3637,5,0.877923,-0.013328,-0.045582,0.476440
68456.832,30.266038324,-97.752170806,108.3008,5,0.877506,-0.013487,-0.045593,0.477203
68457.232,30.266041962,-97.752172127,108.2863,5,0.872259,-0.015039,-0.045632,0.486679
68457.632,30.266039689,-97.752174126,108.1552,5,0.872451,-0.014870,-0.045602,0.486341
68458.032,30.266043842,-97.752175504,108.1541,5,0.875526,-0.017200,-0.042095,0.481026
68458.432,30.266040209,-97.752174747,108.0979,5,0.874874,-0.017127,-0.042219,0.482204
68458.832,30.266038157,-97.752174715,108.0234,5,0.873110,-0.016739,-0.042629,0.485367
68459.232,30.266035856,-97.752174759,107.9507,5,0.874017,-0.018246,-0.041376,0.483787
68459.632,30.266037220,-97.752178883,107.7611,5,0.874042,-0.018680,-0.041245,0.483735
68460.032,30.266037861,-97.752177819,107.7836,5,0.879978,-0.020845,-0.036675,0.473137
68460.432,30.266035141,-97.752175451,107.7788,5,0.879592,-0.020330,-0.037204,0.473837
68460.832,30.266037746,-97.752171505,107.8622,5,0.876489,-0.019753,-0.037709,0.479536
68461.232,30.266041645,-97.752173879,107.7503,5,0.873704,-0.021547,-0.037132,0.484560
68461.632,30.266035781,-97.752171295,107.7448,5,0.873832,-0.021160,-0.037266,0.484336
68462.032,30.266034631,-97.752170509,107.7349,5,0.877470,-0.023317,-0.034363,0.477831
68462.432,30.266030599,-97.752169923,107.6636,5,0.877574,-0.023086,-0.034467,0.477644
68462.832,30.266031375,-97.752171452,107.5498,5,0.878009,-0.023252,-0.034399,0.476840
68463.232,30.266031717,-97.752171870,107.5054,5,0.880530,-0.026077,-0.031464,0.472226
68463.632,30.266033288,-97.752173597,107.3987,5,0.881059,-0.026357,-0.031329,0.471230
68464.032,30.266037713,-97.752175483,107.3393,5,0.880148,-0.029378,-0.028881,0.472908
68464.432,30.266036341,-97.752176214,107.2765,5,0.880588,-0.028998,-0.028430,0.472140
68464.832,30.266040194,-97.752179206,107.1928,5,0.881098,-0.029088,-0.028123,0.471200
68465.232,30.266041089,-97.752179741,107.2183,5,0.879973,-0.029382,-0.026971,0.473346
68465.632,30.266041977,-97.752179678,107.2608,5,0.880556,-0.028688,-0.026942,0.472305
68466.032,30.266047170,-97.752180022,107.3346,5,0.881673,-0.029942,-0.024888,0.470252
68466.432,30.266047501,-97.752178716,107.3975,5,0.882363,-0.029679,-0.024794,0.468978
68466.832,30.266048136,-97.752176814,107.4720,5,0.882502,-0.029390,-0.025063,0.468720
68467.232,30.266047784,-97.752174811,107.5255,5,0.879058,-0.029409,-0.023968,0.475203
68467.632,30.266048664,-97.752172133,107.5869,5,0.876823,-0.028290,-0.024999,0.479328
68468.032,30.266053247,-97.752170419,107.6912,5,0.884093,-0.031176,-0.022001,0.465751
68468.432,30.266052261,-97.752168962,107.7218,5,0.884020,-0.031026,-0.022284,0.465886
68468.832,30.266053193,-97.752167370,107.7747,5,0.884468,-0.031123,-0.022392,0.465024
68469.232,30.266059881,-97.752168895,107.7738,5,0.885074,-0.032172,-0.021908,0.463819
68469.632,30.266055763,-97.752166924,107.8526,5,0.885396,-0.032018,-0.021965,0.463214
68470.032,30.266056083,-97.752167393,107.9248,5,0.893787,-0.035430,-0.019190,0.446677
68470.432,30.266052867,-97.752166077,108.0028,5,0.894305,-0.035452,-0.019188,0.445638
68470.832,30.266049604,-97.752164736,108.0856,5,0.894313,-0.035359,-0.019297,0.445626
68471.232,30.266050906,-97.752167417,108.0701,5,0.902453,-0.038791,-0.017093,0.428698
68471.632,30.266050275,-97.752168405,108.0890,5,0.902978,-0.038948,-0.017225,0.427572
68472.032,30.266054606,-97.752172255,108.0459,5,0.908915,-0.042428,-0.014819,0.414553
68472.432,30.266054511,-97.752174612,108.0368,5,0.909262,-0.042677,-0.015063,0.413757
68472.832,30.266054380,-97.752176664,108.0496,5,0.909606,-0.042743,-0.015204,0.412987
68473.232,30.266057923,-97.752180154,107.9937,5,0.915104,-0.045402,-0.013135,0.400438
68473.632,30.266058319,-97.752182317,108.0109,5,0.916087,-0.045760,-0.012972,0.398148
68474.032,30.266060554,-97.752185879,107.9282,5,0.917670,-0.046566,-0.012909,0.394393
68474.432,30.266060056,-97.752188018,107.9680,5,0.917549,-0.046316,-0.013010,0.394701
68474.832,30.266060725,-97.752191325,107.9527,5,0.917783,-0.046365,-0.013284,0.394143
68475.232,30.266062487,-97.752192315,107.9335,5,0.917378,-0.046372,-0.012533,0.395107
68475.632,30.266062774,-97.752194677,107.9573,5,0.917588,-0.046350,-0.012753,0.394616
68476.032,30.266063533,-97.752195923,107.9447,5,0.917197,-0.045909,-0.013044,0.395564
68476.432,30.266062996,-97.752198084,108.0046,5,0.917561,-0.045914,-0.013151,0.394717
68476.832,30.266063498,-97.752200459,108.0404,5,0.917868,-0.045919,-0.013284,0.393997
68477.232,30.266064505,-97.752200645,108.0314,5,0.914772,-0.044975,-0.013212,0.401241
68477.632,30.266064525,-97.752202305,108.0873,5,0.915244,-0.044942,-0.013204,0.400169
68478.032,30.266065258,-97.752203132,108.0977,5,0.913748,-0.044449,-0.013665,0.403610
68478.432,30.266064692,-97.752204982,108.1725,5,0.913811,-0.044331,-0.013758,0.403478
68478.832,30.266064293,-97.752206927,108.2433,5,0.914011,-0.044299,-0.013910,0.403024
68479.232,30.266065544,-97.752206633,108.2304,5,0.910647,-0.043401,-0.013804,0.410668
68479.632,30.266065166,-97.752208492,108.2932,5,0.910941,-0.043413,-0.013897,0.410011
68480.032,30.266065942,-97.752208162,108.2831,5,0.906723,-0.042383,-0.013991,0.419358
68480.432,30.266064273,-97.752210945,108.3864,5,0.904195,-0.042134,-0.014843,0.424777
68480.832,30.266063875,-97.752213078,108.4442,5,0.904540,-0.042141,-0.014922,0.424038
68481.232,30.266064664,-97.752211558,108.4407,5,0.896366,-0.040318,-0.015260,0.441215
68481.632,30.266064144,-97.752213064,108.4988,5,0.896457,-0.040332,-0.015248,0.441027
68482.032,30.266064450,-97.752212885,108.5254,5,0.892039,-0.039543,-0.015632,0.449954
68482.432,30.266063700,-97.752214646,108.5913,5,0.892835,-0.039566,-0.015667,0.448369
68482.832,30.266063043,-97.752216337,108.6531,5,0.893050,-0.039492,-0.015753,0.447943
68483.232,30.266063825,-97.752214201,108.6813,5,0.884429,-0.038034,-0.015561,0.464861
68483.632,30.266063408,-97.752215040,108.7432,5,0.884451,-0.038010,-0.015625,0.464820
68484.032,30.266063322,-97.752214718,108.7924,5,0.880466,-0.037531,-0.015576,0.472365
68484.432,30.266062414,-97.752215949,108.8670,5,0.880687,-0.036505,-0.015217,0.472045
68484.832,30.266062435,-97.752217759,108.9298,5,0.880960,-0.036200,-0.015247,0.471558
68485.232,30.266064473,-97.752218374,108.9455,5,0.877675,-0.035497,-0.015353,0.477693
68485.632,30.266065030,-97.752221464,109.0070,5,0.878015,-0.034889,-0.014458,0.477140
68486.032,30.266065278,-97.752223871,109.0451,5,0.874537,-0.032974,-0.015390,0.483591
68486.432,30.266065675,-97.752227675,109.1154,5,0.874992,-0.033321,-0.015242,0.482748
68486.832,30.266066177,-97.752231494,109.1859,5,0.875282,-0.033944,-0.014144,0.482213
68487.232,30.266066616,-97.752233827,109.2015,5,0.871508,-0.033575,-0.012674,0.489066
68487.632,30.266067101,-97.752236482,109.2545,5,0.872592,-0.033672,-0.012637,0.487125
68488.032,30.266066599,-97.752235976,109.2811,5,0.864328,-0.032555,-0.010963,0.501754
68488.432,30.266067431,-97.752237243,109.2970,5,0.870693,-0.031982,-0.011168,0.490659
68488.832,30.266068697,-97.752237465,109.2598,5,0.870784,-0.031847,-0.011245,0.490504
68489.232,30.266074369,-97.752234149,109.0137,5,0.874060,-0.032233,-0.009407,0.484657
68489.632,30.266072870,-97.752235093,109.0997,5,0.874114,-0.032479,-0.009538,0.484540
68490.032,30.266072380,-97.752231902,109.1699,5,0.869294,-0.032592,-0.007859,0.493157
68490.432,30.266070052,-97.752231781,109.2767,5,0.869206,-0.032314,-0.007859,0.493330
68490.832,30.266067934,-97.752230718,109.3816,5,0.869069,-0.032075,-0.007774,0.493590
68491.232,30.266066877,-97.752226351,109.5418,5,0.863292,-0.032120,-0.006054,0.503645
68491.632,30.266064598,-97.752224807,109.6718,5,0.863191,-0.032101,-0.006040,0.503819
68492.032,30.266063220,-97.752221235,109.8392,5,0.859465,-0.032232,-0.005020,0.510152
68492.432,30.266060202,-97.752219534,110.0186,5,0.859129,-0.032035,-0.005556,0.510726
68492.832,30.266057709,-97.752217589,110.1666,5,0.858980,-0.031955,-0.005509,0.510981
68493.232,30.266056538,-97.752215641,110.2772,5,0.865046,-0.032157,-0.005548,0.500630
68493.632,30.266054431,-97.752213986,110.4052,5,0.864966,-0.032095,-0.005537,0.500773
68494.032,30.266053864,-97.752211779,110.4973,5,0.867028,-0.032255,-0.005393,0.497185
68494.432,30.266051769,-97.752210290,110.6333,5,0.866894,-0.032148,-0.005392,0.497426
68494.832,30.266050153,-97.752208255,110.7422,5,0.866753,-0.032085,-0.005456,0.497674
68495.232,30.266050281,-97.752207853,110.7936,5,0.872824,-0.032339,-0.005724,0.486928
68495.632,30.266049663,-97.752207277,110.8473,5,0.874289,-0.032105,-0.005738,0.484310
68496.032,30.266056449,-97.752201606,110.5195,5,0.868358,-0.031882,-0.005829,0.494877
68496.432,30.266055846,-97.752199437,110.6030,5,0.864514,-0.031441,-0.006322,0.501584
68496.832,30.266058034,-97.752195711,110.5458,5,0.861367,-0.031210,-0.006568,0.506981
68497.232,30.266058392,-97.752195183,110.5246,5,0.864272,-0.031775,-0.006955,0.501972
68497.632,30.266060128,-97.752191750,110.4715,5,0.863261,-0.031577,-0.007023,0.503720
68498.032,30.266062640,-97.752188547,110.3570,5,0.863560,-0.031521,-0.007455,0.503204
68498.432,30.266061547,-97.752187263,110.4319,5,0.863400,-0.031462,-0.007492,0.503482
68498.832,30.266066604,-97.752182616,110.1245,5,0.855408,-0.030992,-0.008141,0.516962
68499.232,30.266066695,-97.752181269,110.1309,5,0.852731,-0.031004,-0.008948,0.521352
68499.632,30.266065088,-97.752180141,110.2398,5,0.852543,-0.030941,-0.009024,0.521663
68500.032,30.266064857,-97.752180294,110.2762,5,0.855303,-0.031195,-0.009647,0.517099
68500.432,30.266063292,-97.752179397,110.3871,5,0.855241,-0.031160,-0.009691,0.517202
68500.832,30.266061828,-97.752178680,110.4840,5,0.855044,-0.031115,-0.009770,0.517529
68501.232,30.266062416,-97.752179989,110.4784,5,0.859982,-0.031620,-0.010383,0.509238
68501.632,30.266061193,-97.752179614,110.5683,5,0.860069,-0.031575,-0.010441,0.509093
68502.032,30.266061120,-97.752180649,110.5782,5,0.864528,-0.031884,-0.010429,0.501464
68502.432,30.266059826,-97.752180350,110.6681,5,0.864319,-0.031840,-0.010510,0.501824
68502.832,30.266058756,-97.752180388,110.7370,5,0.864271,-0.031840,-0.010564,0.501906
68503.232,30.266060468,-97.752182985,110.6516,5,0.872052,-0.032637,-0.010946,0.488201
68503.632,30.266059854,-97.752183488,110.7005,5,0.872303,-0.032650,-0.011004,0.487749
68504.032,30.266061430,-97.752186326,110.5822,5,0.878614,-0.033358,-0.011287,0.476232
68504.432,30.266059915,-97.752186561,110.7064,5,0.876305,-0.033062,-0.011018,0.480494
68504.832,30.266059404,-97.752187524,110.7444,5,0.876416,-0.033031,-0.011072,0.480293
68505.232,30.266062016,-97.752191415,110.5290,5,0.883155,-0.033750,-0.011323,0.467728
68505.632,30.266062114,-97.752193173,110.5089,5,0.883256,-0.033786,-0.011383,0.467533
68506.032,30.266062979,-97.752195863,110.4039,5,0.886080,-0.034073,-0.011399,0.462139
68506.432,30.266063152,-97.752197971,110.3728,5,0.886038,-0.034005,-0.011456,0.462222
68506.832,30.266063224,-97.752199879,110.3567,5,0.886122,-0.034040,-0.011536,0.462057
68507.232,30.266064426,-97.752202948,110.2335,5,0.888829,-0.034319,-0.011668,0.456804
68507.632,30.266064719,-97.752205597,110.1954,5,0.889090,-0.034383,-0.011786,0.456288
68508.032,30.266065073,-97.752207692,110.1153,5,0.885474,-0.033429,-0.012554,0.463316
68508.432,30.266065736,-97.752210771,110.0233,5,0.885302,-0.033470,-0.012590,0.463639
68508.832,30.266067055,-97.752212902,109.8678,5,0.883903,-0.032906,-0.012849,0.466335
68509.232,30.266067622,-97.752215225,109.8311,5,0.884859,-0.033301,-0.012678,0.464495
68509.632,30.266067857,-97.752217008,109.8071,5,0.884460,-0.033324,-0.012793,0.465249
68510.032,30.266070899,-97.752220017,109.4761,5,0.886396,-0.033524,-0.012710,0.461538
68510.432,30.266071456,-97.752221864,109.4251,5,0.886874,-0.033556,-0.012715,0.460616
68510.832,30.266071907,-97.752221756,109.3855,5,0.885608,-0.032901,-0.012996,0.463084
68511.232,30.266072103,-97.752223733,109.3988,5,0.887068,-0.033321,-0.012842,0.460255
68511.632,30.266072221,-97.752225210,109.4028,5,0.886721,-0.033351,-0.012868,0.460921
68512.032,30.266073118,-97.752225654,109.4028,5,0.886745,-0.033243,-0.012791,0.460884
68512.432,30.266073412,-97.752227145,109.4118,5,0.887090,-0.033276,-0.012797,0.460218
68512.832,30.266073760,-97.752228634,109.4138,5,0.886831,-0.033311,-0.012848,0.460712
68513.232,30.266074388,-97.752228235,109.3975,5,0.887355,-0.032973,-0.012903,0.459725
68513.632,30.266074751,-97.752229416,109.4024,5,0.886915,-0.032933,-0.012970,0.460576
68514.032,30.266075183,-97.752229716,109.4133,5,0.886366,-0.032730,-0.013010,0.461643
68514.432,30.266075707,-97.752231266,109.4394,5,0.887506,-0.032910,-0.012927,0.459437
68514.832,30.266076217,-97.752231038,109.4280,5,0.886322,-0.032400,-0.013079,0.461748
68515.232,30.266076672,-97.752232052,109.4461,5,0.887144,-0.032497,-0.013010,0.460163
68515.632,30.266077059,-97.752233124,109.4631,5,0.886867,-0.032485,-0.013037,0.460696
68516.032,30.266077523,-97.752233415,109.4880,5,0.887608,-0.032444,-0.012953,0.459273
68516.432,30.266078019,-97.752234477,109.5070,5,0.888161,-0.032444,-0.012906,0.458204
68516.832,30.266078519,-97.752235567,109.5261,5,0.888253,-0.032435,-0.012884,0.458026
68517.232,30.266078836,-97.752235106,109.5246,5,0.887803,-0.031611,-0.012852,0.458956
68517.632,30.266079622,-97.752236329,109.5425,5,0.887991,-0.031743,-0.013032,0.458579
68518.032,30.266080558,-97.752237224,109.5575,5,0.887934,-0.031877,-0.013135,0.458676
68518.432,30.266081777,-97.752239173,109.5770,5,0.888455,-0.030383,-0.012620,0.457782
68518.832,30.266083735,-97.752242142,109.5890,5,0.888730,-0.029697,-0.012119,0.457307
68519.232,30.266086018,-97.752245265,109.5911,5,0.887852,-0.028276,-0.011271,0.459122
68519.632,30.266090238,-97.752251545,109.6016,5,0.888090,-0.028060,-0.010621,0.458689
68520.032,30.266094896,-97.752258109,109.6206,5,0.887470,-0.028852,-0.009178,0.459869
68520.432,30.266100771,-97.752266370,109.6412,5,0.888181,-0.027882,-0.007941,0.458578
68520.832,30.266106840,-97.752272113,109.6844,5,0.888499,-0.026472,-0.009737,0.458011
68521.232,30.266111103,-97.752271723,109.8501,5,0.890520,-0.027365,-0.005624,0.454085
68521.632,30.266117266,-97.752276530,109.8983,5,0.892317,-0.016149,-0.006120,0.451080
68522.032,30.266123832,-97.752278785,109.7911,5,0.892414,-0.009213,-0.002007,0.451118
68522.432,30.266130627,-97.752287801,109.8518,5,0.895105,-0.010273,-0.005739,0.445700
68522.832,30.266136722,-97.752293481,109.8761,5,0.896123,-0.008794,-0.007431,0.443656
68523.232,30.266142195,-97.752297791,109.7808,5,0.896752,-0.006937,-0.011323,0.442335
68523.632,30.266146201,-97.752303762,109.8303,5,0.896833,-0.006150,-0.011303,0.442182
68524.032,30.266149375,-97.752306330,109.7050,5,0.896916,-0.006625,-0.011962,0.441989
68524.432,30.266151405,-97.752309298,109.7332,5,0.897439,-0.004609,-0.011434,0.440966
68524.832,30.266153445,-97.752312356,109.7542,5,0.897780,-0.003465,-0.012672,0.440247
68525.232,30.266154340,-97.752314449,109.7501,5,0.894182,-0.003073,-0.014546,0.447457
68525.632,30.266155930,-97.752311601,109.2980,5,0.894939,-0.003428,-0.013838,0.445961
68526.032,30.266158087,-97.752314515,109.1662,5,0.892073,-0.001856,-0.014702,0.451648
68526.432,30.266161127,-97.752319215,109.0091,5,0.890686,-0.001477,-0.014557,0.454384
68526.832,30.266164810,-97.752325521,108.9254,5,0.884907,0.000253,-0.014273,0.465549
68527.232,30.266167030,-97.752333431,108.8602,5,0.868291,0.000628,-0.016564,0.495778
68527.632,30.266168783,-97.752340176,108.8535,5,0.853442,0.001173,-0.017176,0.520903
68528.032,30.266167526,-97.752348501,108.8181,5,0.835967,0.037303,-0.005183,0.547486
68528.432,30.266169068,-97.752359559,108.8714,5,0.815694,0.046532,-0.000181,0.576609
68528.832,30.266169588,-97.752371447,109.0325,5,0.795862,0.035858,-0.015726,0.604211
68529.232,30.266169236,-97.752383873,109.1499,5,0.771517,0.035276,-0.015031,0.635052
68529.632,30.266168015,-97.752398517,109.2935,5,0.738883,0.025532,-0.014111,0.673201
68530.032,30.266163909,-97.752414972,109.3786,5,0.693685,0.017337,-0.023417,0.719689
68530.432,30.266159074,-97.752434031,109.5069,5,0.648937,0.008325,-0.022455,0.760465
68530.832,30.266150461,-97.752454682,109.5688,5,0.594394,0.002556,-0.024390,0.803800
68531.232,30.266138370,-97.752477119,109.6048,5,0.538670,-0.005622,-0.023385,0.842174
68531.632,30.266122324,-97.752501104,109.6536,5,0.485361,-0.005883,-0.023880,0.873968
68532.032,30.266102111,-97.752526411,109.6692,5,0.439543,-0.015038,-0.026960,0.897691
68532.432,30.266077921,-97.752552702,109.6898,5,0.396548,-0.015437,-0.023375,0.917587
68532.832,30.266049358,-97.752578721,109.6859,1,0.355414,-0.015537,-0.024662,0.934254
68533.232,30.266016779,-97.752605005,109.6768,5,0.325368,-0.010523,-0.025418,0.945187
68533.632,30.265980943,-97.752631899,109.6743,1,0.310885,-0.003376,-0.027300,0.950049
68534.032,30.265942460,-97.752659949,109.6577,5,0.308460,-0.002412,-0.028964,0.950793
68534.432,30.265901733,-97.752690494,109.6415,5,0.310754,-0.000798,-0.029930,0.950019
68534.832,30.265859210,-97.752722943,109.5945,1,0.315211,-0.001472,-0.031945,0.948483
68535.232,30.265814685,-97.752756895,109.5584,5,0.318335,-0.003536,-0.030042,0.947496
68535.632,30.265768932,-97.752792978,109.5050,1,0.323096,-0.005933,-0.033653,0.945749
68536.032,30.265721881,-97.752828893,109.4242,5,0.325631,-0.006247,-0.033966,0.944866
68536.432,30.265674371,-97.752866323,109.3674,5,0.329511,-0.006063,-0.035263,0.943473
68536.832,30.265626550,-97.752903893,109.2925,1,0.330945,-0.006404,-0.035809,0.942949
68537.232,30.265577885,-97.752941570,109.2028,5,0.330880,-0.008415,-0.036324,0.942936
68537.632,30.265528468,-97.752979983,109.1286,1,0.330940,-0.009717,-0.029038,0.943155
68538.032,30.265477799,-97.753018060,109.0890,5,0.326984,-0.003851,-0.031406,0.944500
68538.432,30.265426103,-97.753056416,109.0186,5,0.321178,0.004226,-0.034980,0.946363
68538.832,30.265373788,-97.753094398,108.9799,1,0.315461,0.006127,-0.030451,0.948430
68539.232,30.265320018,-97.753132288,108.9864,5,0.310265,0.006669,-0.030393,0.950141
68539.632,30.265264836,-97.753170453,108.9813,1,0.307587,0.005784,-0.035192,0.950851
68540.032,30.265208470,-97.753208643,108.9225,5,0.305587,0.004844,-0.035057,0.951506
68540.432,30.265151147,-97.753248119,108.9096,5,0.307425,0.007968,-0.031687,0.951011
68540.832,30.265092519,-97.753288014,108.8969,1,0.309889,0.007184,-0.030113,0.950269
68541.232,30.265032721,-97.753329214,108.8729,5,0.313137,0.005950,-0.034879,0.949049
68541.632,30.264971504,-97.753371568,108.8387,1,0.316325,0.005234,-0.034737,0.948000
68542.032,30.264908898,-97.753414490,108.8262,5,0.317836,0.009856,-0.027517,0.947695
68542.432,30.264845317,-97.753459059,108.8929,5,0.318595,0.011141,-0.033636,0.947228
68542.832,30.264780551,-97.753504226,108.8827,1,0.319879,0.009835,-0.029254,0.946956
68543.232,30.264714590,-97.753550848,108.9106,5,0.320103,0.007973,-0.026920,0.946967
68543.632,30.264646823,-97.753598081,108.9327,1,0.321267,0.006467,-0.025731,0.946617
68544.032,30.264578017,-97.753646308,108.9775,5,0.323079,0.007669,-0.028049,0.945925
68544.432,30.264508369,-97.753696015,109.0134,5,0.324502,0.005190,-0.027955,0.945458
68544.832,30.264436921,-97.753745896,109.0466,1,0.326638,0.004163,-0.027976,0.944726
68545.232,30.264365063,-97.753796541,109.0731,5,0.327980,0.005022,-0.029438,0.944213
68545.632,30.264292423,-97.753847880,109.0961,1,0.328812,0.003417,-0.028986,0.943944
68546.032,30.264222351,-97.753897465,109.1083,5,0.332120,0.003886,-0.029429,0.942770
68546.432,30.264150762,-97.753948844,109.1294,5,0.333900,0.003404,-0.030507,0.942109
68546.832,30.264079432,-97.753998484,109.2238,1,0.334874,0.002644,-0.029068,0.941811
68547.232,30.264007635,-97.754049236,109.2881,5,0.334834,-0.000350,-0.029626,0.941811
68547.632,30.263935736,-97.754099945,109.3498,1,0.335038,-0.002384,-0.028841,0.941760
68548.032,30.263867094,-97.754147661,109.4251,5,0.335543,-0.005755,-0.027618,0.941603
68548.432,30.263795928,-97.754197660,109.4652,5,0.333054,-0.007676,-0.025180,0.942540
68548.832,30.263727937,-97.754243418,109.6581,1,0.331022,-0.007215,-0.024119,0.943287
68549.232,30.263657027,-97.754291890,109.7516,5,0.328296,-0.006363,-0.022583,0.944283
68549.632,30.263586951,-97.754338611,109.8798,1,0.325686,-0.006524,-0.022819,0.945180
68550.032,30.263518083,-97.754383460,110.0563,5,0.322481,-0.009309,-0.022769,0.946256
68550.432,30.263446476,-97.754430880,110.1382,5,0.320872,-0.008927,-0.021611,0.946834
68550.832,30.263377238,-97.754474559,110.3056,1,0.319190,-0.007310,-0.020769,0.947435
68551.232,30.263307308,-97.754519132,110.4570,5,0.317030,-0.007339,-0.019499,0.948187
68551.632,30.263237235,-97.754563509,110.5967,1,0.315479,-0.008621,-0.019258,0.948698
68552.032,30.263171466,-97.754603124,110.7579,5,0.315165,-0.010214,-0.017930,0.948813
68552.432,30.263103336,-97.754645720,110.8777,5,0.313411,-0.010589,-0.017069,0.949405
68552.832,30.263039250,-97.754683121,111.0943,1,0.311648,-0.009596,-0.017937,0.949980
68553.232,30.262976879,-97.754719792,111.2133,5,0.312181,-0.007463,-0.019380,0.949796
68553.632,30.262914584,-97.754756091,111.3898,1,0.311358,-0.006382,-0.020231,0.950056
68554.032,30.262857135,-97.754787782,111.5764,5,0.312294,-0.005190,-0.020256,0.949755
68554.432,30.262794840,-97.754824621,111.6722,5,0.313297,-0.003654,-0.021463,0.949406
68554.832,30.262738884,-97.754855203,111.8911,1,0.313196,-0.002196,-0.022540,0.949418
68555.233,30.262681251,-97.754888261,112.0430,5,0.311333,-0.000555,-0.023471,0.950011
68555.633,30.262624563,-97.754919962,112.2043,1,0.311716,0.000057,-0.023371,0.949888
68556.033,30.262571555,-97.754948381,112.4235,5,0.311291,-0.000210,-0.023712,0.950019
68556.433,30.262515717,-97.754980105,112.5533,1,0.313283,-0.001163,-0.024525,0.949342
68556.833,30.262463242,-97.755008430,112.7188,1,0.314360,-0.002635,-0.025443,0.948959
68557.233,30.262413545,-97.755034529,112.8239,5,0.316799,-0.003454,-0.024853,0.948161
68557.633,30.262363897,-97.755061635,112.9466,1,0.316200,-0.003328,-0.025435,0.948346
68558.033,30.262317008,-97.755084713,113.0894,5,0.316622,-0.004162,-0.025968,0.948187
68558.433,30.262268610,-97.755111816,113.1822,5,0.314256,-0.004670,-0.025403,0.948987
68558.833,30.262225913,-97.755131988,113.3316,1,0.311868,-0.005043,-0.025795,0.949762
68559.233,30.262183991,-97.755152208,113.4129,5,0.311765,-0.005773,-0.024417,0.949828
68559.633,30.262142694,-97.755171974,113.5433,1,0.310284,-0.005912,-0.023900,0.950325
68560.033,30.262105954,-97.755187591,113.6614,5,0.309108,-0.005748,-0.022987,0.950732
68560.433,30.262063099,-97.755209642,113.7479,5,0.308664,-0.005080,-0.021672,0.950911
68560.833,30.262025937,-97.755226342,113.9052,1,0.306154,-0.005182,-0.021496,0.951725
68561.233,30.261987132,-97.755244936,113.9853,5,0.306021,-0.005134,-0.021044,0.951778
68561.633,30.261947929,-97.755264778,114.1175,1,0.303150,-0.005287,-0.021192,0.952693
68562.033,30.261912886,-97.755280209,114.2447,5,0.302298,-0.005410,-0.020895,0.952969
68562.433,30.261874200,-97.755300078,114.3729,1,0.299357,-0.005536,-0.020962,0.953895
68562.833,30.261833485,-97.755321725,114.4820,1,0.298031,-0.005605,-0.020994,0.954309
68563.233,30.261794775,-97.755341243,114.5611,5,0.298898,-0.005566,-0.020541,0.954048
68563.633,30.261755399,-97.755362490,114.6833,1,0.296162,-0.005699,-0.020616,0.954898
68564.033,30.261720895,-97.755378194,114.8105,5,0.296761,-0.005738,-0.020165,0.954721
68564.433,30.261677574,-97.755403505,114.8846,5,0.295151,-0.005814,-0.020205,0.955219
68564.833,30.261641705,-97.755421806,115.0378,1,0.291969,-0.005956,-0.020252,0.956195
68565.233,30.261602823,-97.755441567,115.1138,5,0.294799,-0.005870,-0.019704,0.955338
68565.633,30.261563794,-97.755462866,115.2360,1,0.292526,-0.006036,-0.019817,0.956033
68566.033,30.261529522,-97.755478466,115.3620,5,0.294047,-0.005952,-0.019313,0.955577
68566.433,30.261485749,-97.755504364,115.4320,5,0.293179,-0.005943,-0.019316,0.955844
68566.833,30.261449941,-97.755522497,115.5872,1,0.290397,-0.006072,-0.019432,0.956690
68567.233,30.261411157,-97.755543112,115.6621,5,0.292437,-0.005900,-0.018873,0.956080
68567.633,30.261372086,-97.755564915,115.7794,1,0.290054,-0.006096,-0.018996,0.956802
68568.033,30.261337974,-97.755580779,115.8992,5,0.292456,-0.005796,-0.017874,0.956094
68568.433,30.261293191,-97.755607696,115.9550,5,0.292819,-0.005134,-0.015749,0.956024
68568.833,30.261255294,-97.755628132,116.0941,1,0.289725,-0.004967,-0.014689,0.956984
68569.233,30.261212087,-97.755652182,116.1634,5,0.293575,-0.004886,-0.012758,0.955838
68569.633,30.261166098,-97.755679077,116.2630,1,0.291191,-0.005305,-0.012542,0.956568
68570.033,30.261121823,-97.755703409,116.4079,5,0.294629,-0.006622,-0.011318,0.955522
68570.433,30.261066162,-97.755739870,116.4768,5,0.294892,-0.006756,-0.012271,0.955428
68570.833,30.261015926,-97.755771517,116.6074,1,0.276894,-0.008772,-0.012756,0.960776
68571.233,30.260961051,-97.755806141,116.6786,5,0.280991,-0.007760,-0.010630,0.959620
68571.633,30.260903351,-97.755843604,116.7814,1,0.281156,-0.008009,-0.012684,0.959545
68572.033,30.260849518,-97.755876555,116.8994,5,0.285247,-0.008293,-0.009905,0.958367
68572.433,30.260783608,-97.755922518,116.9706,5,0.287455,-0.007675,-0.009905,0.957712
68572.833,30.260724616,-97.755961112,117.1151,1,0.288230,-0.009165,-0.010856,0.957456
68573.233,30.260659756,-97.756006105,117.2243,5,0.290299,-0.009976,-0.013761,0.956785
68573.633,30.260595611,-97.756050632,117.3619,1,0.292948,-0.010404,-0.013367,0.955978
68578.733,30.264503009,-97.748707617,114.1081,5,0.769282,-0.300971,-0.151167,0.542927
68579.133,30.264510112,-97.748725334,113.0044,5,0.766007,-0.303445,-0.152454,0.545813
68579.533,30.264511007,-97.748730871,112.3924,5,0.776207,-0.261154,-0.128759,0.559217
68579.933,30.264520977,-97.748759408,111.0422,5,0.774203,-0.259764,-0.129325,0.562501
68580.333,30.264533991,-97.748796430,109.4336,5,0.773167,-0.261594,-0.126532,0.563712
68580.733,30.264556190,-97.748782104,108.0933,5,0.805349,-0.235221,-0.093038,0.536122
68581.133,30.264577540,-97.748820868,106.4618,5,0.805262,-0.235438,-0.091707,0.536387
68581.533,30.264601918,-97.748866080,104.6620,5,0.805757,-0.233138,-0.091909,0.536615
68581.933,30.264593603,-97.748785287,105.8259,5,0.903945,-0.152490,-0.085462,0.390290
68582.333,30.264616473,-97.748820513,104.7160,5,0.903766,-0.152032,-0.084341,0.391126
68582.733,30.264641420,-97.748860493,103.5238,5,0.903138,-0.151393,-0.083631,0.392973
68583.133,30.264464809,-97.748593070,109.3902,5,0.920106,-0.054242,-0.021107,0.387321
68583.533,30.264464843,-97.748597988,109.2904,5,0.918297,-0.054351,-0.023160,0.391460
68583.933,30.264464935,-97.748604559,109.1811,5,0.916756,-0.053712,-0.024270,0.395074
68584.333,30.264442244,-97.748598310,107.8256,5,0.919312,-0.048487,-0.017037,0.390160
68584.733,30.264440882,-97.748604771,107.9217,5,0.918754,-0.047510,-0.012736,0.391755
68585.133,30.264438792,-97.748607500,107.7500,5,0.914996,-0.045045,-0.016327,0.400608
68585.533,30.264437252,-97.748616167,107.8924,5,0.914646,-0.042823,-0.017581,0.401596
68585.933,30.264435639,-97.748625820,108.0782,5,0.914824,-0.038633,-0.021140,0.401444
68586.333,30.264435829,-97.748629282,107.9353,5,0.917678,-0.041444,-0.020285,0.394636
68586.733,30.264436252,-97.748640476,108.1769,5,0.916671,-0.041696,-0.019030,0.397005
68587.133,30.264431186,-97.748646608,108.0282,5,0.915364,-0.033952,-0.020381,0.400676
68587.533,30.264431256,-97.748660265,108.3070,5,0.915342,-0.031718,-0.024932,0.400652
68587.933,30.264432019,-97.748675489,108.5952,5,0.915209,-0.033743,-0.030512,0.400403
68588.333,30.264442716,-97.748675552,108.5003,5,0.912817,-0.037241,-0.027003,0.405770
68588.733,30.264446531,-97.748691145,108.7912,5,0.912730,-0.030513,-0.029997,0.406317
68589.133,30.264441142,-97.748676176,108.0783,5,0.898027,-0.026851,-0.018919,0.438712
68589.533,30.264443955,-97.748689411,108.4624,5,0.897614,-0.030000,-0.015990,0.439469
68589.933,30.264446602,-97.748702717,108.8791,5,0.897217,-0.029448,-0.013074,0.440412
68590.333,30.264450614,-97.748613584,103.2590,5,0.921763,-0.025293,0.003119,0.386916
68590.733,30.264454156,-97.748616966,103.2128,5,0.920918,-0.024967,0.002114,0.388951
68591.133,30.264449663,-97.748681236,107.1625,5,0.885133,-0.014439,-0.003249,0.465102
68591.533,30.264451970,-97.748689226,107.6585,5,0.886195,-0.016852,-0.003792,0.462991
68591.933,30.264454770,-97.748697257,108.1777,5,0.887297,-0.016946,-0.003609,0.460873
68592.333,30.264440078,-97.748628475,108.7045,5,0.894677,-0.014171,0.006807,0.446437
68592.733,30.264442877,-97.748630065,109.2960,5,0.895289,-0.014787,0.007968,0.445168
68593.133,30.264367882,-97.748315453,110.6062,5,0.895033,0.014293,0.040211,0.443953
68593.533,30.264364935,-97.748290002,111.2901,5,0.893709,0.014347,0.044096,0.446245
68593.933,30.264362118,-97.748263179,111.9813,5,0.892637,0.013385,0.048550,0.447955
68594.333,30.264249209,-97.747981660,109.5221,5,0.901854,0.041985,0.070668,0.424150
68594.733,30.264237636,-97.747931886,110.0585,5,0.901142,0.044576,0.074508,0.424741
68595.133,30.264226628,-97.747985208,111.0433,5,0.902750,0.040074,0.071418,0.422298
68595.533,30.264214037,-97.747937278,111.6228,5,0.902153,0.044106,0.076233,0.422331
68595.933,30.264201045,-97.747886753,112.2344,5,0.902417,0.043940,0.075678,0.421885
68596.333,30.264272768,-97.748185544,107.9656,5,0.906375,0.034006,0.054522,0.417560
68596.733,30.264265927,-97.748159015,108.3435,1,0.907287,0.027448,0.048662,0.416785
68602.333,30.263841899,-97.746242902,111.0724,5,0.404158,0.314068,-0.316194,-0.798773
68602.733,30.263854434,-97.746269759,107.8105,5,0.408393,0.311047,-0.308031,-0.800988
68603.133,30.263754809,-97.745977948,118.1768,5,0.475044,0.042273,-0.001643,-0.878944
68603.533,30.263741505,-97.745933620,118.4010,5,0.473794,0.044952,-0.003931,-0.879479
68603.933,30.263728273,-97.745890424,118.6420,5,0.472409,0.043292,-0.004520,-0.880304
68604.333,30.263717170,-97.745854240,118.9930,5,0.420683,0.039352,0.000877,-0.906353
68604.733,30.263704834,-97.745815422,119.3778,5,0.418446,0.035774,0.001769,-0.907535
68605.133,30.263673020,-97.745678257,118.5304,5,0.491647,-0.005250,0.037669,-0.869964
68605.533,30.263658433,-97.745623438,118.6373,5,0.490724,-0.006485,0.039419,-0.870399
68605.933,30.263645052,-97.745570266,118.7436,5,0.490802,-0.006867,0.038916,-0.870374
68606.333,30.263629459,-97.745523849,118.5425,5,0.523128,0.006422,0.035020,-0.851510
68606.733,30.263618182,-97.745478198,118.5706,5,0.525263,0.004252,0.035270,-0.850198
68607.133,30.263608650,-97.745442906,118.5930,5,0.527662,0.007618,0.033920,-0.848743
68607.533,30.263600624,-97.745404669,118.6099,5,0.530627,0.007611,0.032289,-0.846956
68607.933,30.263593980,-97.745369134,118.6204,5,0.532852,0.006800,0.031235,-0.845604
68608.333,30.263581662,-97.745344278,118.5013,5,0.568539,0.013115,0.027215,-0.822101
68608.733,30.263574982,-97.745314553,118.4721,1,0.570099,0.013624,0.027565,-0.821000
68609.133,30.263568965,-97.745287363,118.4308,5,0.572711,0.015428,0.027611,-0.819147
68609.533,30.263563788,-97.745262523,118.3800,1,0.574354,0.017838,0.024888,-0.818034
68609.933,30.263559109,-97.745238750,118.3252,1,0.577498,0.018630,0.022916,-0.815858
68610.333,30.263554717,-97.745217795,118.2936,5,0.586650,0.019881,0.020654,-0.809333
68610.733,30.263550692,-97.745196136,118.2132,1,0.595013,0.018896,0.017457,-0.803304
68611.133,30.263546509,-97.745173329,118.1348,5,0.603263,0.018438,0.016239,-0.797164
68611.533,30.263542334,-97.745149373,118.0594,1,0.609649,0.017766,0.015331,-0.792324
68611.933,30.263537942,-97.745124868,117.9672,1,0.613446,0.017594,0.014092,-0.789415
68612.333,30.263533566,-97.745099497,117.8756,5,0.615562,0.015724,0.014145,-0.787805
68612.733,30.263528382,-97.745074303,117.7852,1,0.613464,0.014154,0.014124,-0.789469
68613.133,30.263523218,-97.745048964,117.6869,5,0.608097,0.011821,0.015090,-0.793631
68613.533,30.263517934,-97.745025043,117.5967,1,0.600645,0.010864,0.014798,-0.799305
68613.933,30.263512030,-97.745002087,117.5494,1,0.592424,0.011257,0.016477,-0.805379
68614.333,30.263507867,-97.744986271,117.4615,5,0.585839,0.014368,0.016794,-0.810126
68614.733,30.263504476,-97.744973541,117.3756,1,0.581817,0.013487,0.016826,-0.813034
68615.133,30.263500815,-97.744958979,117.3532,5,0.577284,0.012522,0.016237,-0.816286
68615.533,30.263497124,-97.744945922,117.3352,5,0.572627,0.012423,0.016394,-0.819558
68615.933,30.263494449,-97.744936876,117.3200,1,0.570475,0.011490,0.017170,-0.821055
68616.333,30.263492090,-97.744929535,117.2860,5,0.569110,0.010393,0.017274,-0.822014
68616.733,30.263490447,-97.744925531,117.1098,5,0.568419,0.010473,0.017002,-0.822497
68617.133,30.263489916,-97.744924110,117.0051,5,0.568578,0.009987,0.016629,-0.822400
68617.533,30.263490809,-97.744925840,116.7630,5,0.568416,0.010258,0.016239,-0.822517
68617.933,30.263492581,-97.744929838,116.5588,5,0.568328,0.010237,0.015979,-0.822583
68618.333,30.263494014,-97.744923804,116.2545,5,0.569083,0.009037,0.015708,-0.822081
68618.733,30.263494072,-97.744923151,116.1433,5,0.569476,0.008555,0.016106,-0.821806
68619.133,30.263493469,-97.744926467,116.1809,5,0.568972,0.008579,0.019346,-0.822085
68619.533,30.263490854,-97.744920081,116.4433,5,0.569950,0.008040,0.020484,-0.821385
68619.933,30.263488623,-97.744917203,116.6471,5,0.570082,0.007635,0.020727,-0.821291
68620.333,30.263483158,-97.744909969,117.3410,5,0.570947,0.008344,0.026086,-0.820530
68620.733,30.263479933,-97.744904149,117.6681,5,0.571662,0.006964,0.025340,-0.820069
68621.133,30.263477954,-97.744900822,117.9486,5,0.571466,0.007650,0.029062,-0.820075
68621.533,30.263475681,-97.744895349,118.3101,5,0.572348,0.006694,0.028171,-0.819500
68621.933,30.263474473,-97.744893579,118.5173,5,0.572603,0.006175,0.027806,-0.819338
68622.333,30.263473867,-97.744892836,118.7591,5,0.573231,0.004926,0.027709,-0.818911
68622.733,30.263473624,-97.744892638,118.7560,5,0.573310,0.004855,0.027746,-0.818855
68623.133,30.263473949,-97.744892741,118.7614,5,0.575016,0.003658,0.027010,-0.817688
68623.533,30.263473836,-97.744892536,118.7605,5,0.576563,0.003965,0.026768,-0.816605
68623.933,30.263473604,-97.744892274,118.7576,5,0.574988,0.003853,0.027007,-0.817707
68624.333,30.263473874,-97.744892536,118.7534,4,0.575346,0.003127,0.026401,-0.817478
68624.733,30.263473723,-97.744892295,118.7493,4,0.575068,0.003046,0.026422,-0.817673
68625.133,30.263474034,-97.744892579,118.7495,4,0.574687,0.001927,0.025435,-0.817976
68625.533,30.263473986,-97.744892403,118.7454,4,0.573815,0.001773,0.025509,-0.818586
68625.933,30.263473939,-97.744892202,118.7403,4,0.573229,0.001642,0.025584,-0.818994
68626.333,30.263473920,-97.744892094,118.7353,4,0.573757,0.001867,0.025317,-0.818632
68626.733,30.263473768,-97.744891555,118.7290,4,0.572690,0.001890,0.024872,-0.819392
68627.133,30.263473385,-97.744890369,118.7236,4,0.572485,0.002816,0.023280,-0.819580
68627.533,30.263472239,-97.744886845,118.7180,4,0.573753,0.004161,0.020811,-0.818753
68627.933,30.263469960,-97.744879768,118.7124,4,0.575479,0.003915,0.020411,-0.817553
68628.333,30.263466791,-97.744869483,118.7138,4,0.581682,0.003249,0.020269,-0.813157
68628.733,30.263462555,-97.744855803,118.7107,4,0.582808,0.002026,0.020232,-0.812356
68629.133,30.263457762,-97.744839247,118.7202,4,0.584712,0.001364,0.020343,-0.810985
68629.533,30.263451263,-97.744813751,118.7076,4,0.588730,-0.000722,0.020674,-0.808065
68629.933,30.263444506,-97.744788700,118.6308,4,0.592690,-0.002586,0.019223,-0.805197
68630.333,30.263437802,-97.744765644,118.6865,5,0.596730,-0.005560,0.019626,-0.802183
68630.733,30.263430381,-97.744736502,118.6385,1,0.600406,-0.005164,0.016571,-0.799507
68631.133,30.263422492,-97.744705724,118.6133,5,0.603205,-0.008450,0.012559,-0.797443
68631.533,30.263414309,-97.744671318,118.5907,1,0.607107,-0.010171,0.006253,-0.794530
68631.933,30.263405769,-97.744636680,118.6534,1,0.609659,0.004514,-0.008946,-0.792601
68632.333,30.263397126,-97.744601368,118.8170,5,0.607749,-0.001285,-0.000632,-0.794128
68632.733,30.263388356,-97.744564872,118.8735,1,0.606028,-0.013419,0.015764,-0.795174
68633.133,30.263379169,-97.744528506,118.8243,5,0.603854,-0.017187,0.020969,-0.796634
68633.533,30.263369785,-97.744490275,118.8171,1,0.603326,-0.012355,0.020316,-0.797140
68633.933,30.263359686,-97.744451007,118.7764,1,0.601939,-0.011461,0.020996,-0.798184
68634.333,30.263348547,-97.744410320,118.7303,5,0.598520,-0.000455,0.020844,-0.800837
68634.733,30.263337460,-97.744366465,118.7863,1,0.598748,-0.002068,0.025164,-0.800539
68635.133,30.263325828,-97.744322300,118.7469,5,0.599891,-0.003160,0.020970,-0.799801
68635.533,30.263314414,-97.744275965,118.7444,1,0.599865,-0.008624,0.016678,-0.799881
68635.933,30.263302368,-97.744229597,118.7248,1,0.600343,-0.006403,0.020736,-0.799448
68636.333,30.263289863,-97.744182376,118.6859,5,0.599544,-0.006510,0.019807,-0.800070
68636.733,30.263276959,-97.744134097,118.6632,1,0.598398,-0.004191,0.020046,-0.800938
68637.133,30.263263641,-97.744084708,118.6432,5,0.597849,-0.004170,0.018814,-0.801377
68637.533,30.263250166,-97.744034513,118.6379,1,0.597751,-0.003918,0.020610,-0.801407
68637.933,30.263236625,-97.743983947,118.6247,1,0.597557,-0.005073,0.020488,-0.801549
68638.333,30.263223239,-97.743933265,118.6202,5,0.598340,-0.005210,0.021223,-0.800944
68638.733,30.263210298,-97.743883497,118.6109,1,0.599415,-0.005592,0.022488,-0.800103
68639.133,30.263197802,-97.743834857,118.6109,5,0.600267,-0.006189,0.023055,-0.799443
68639.533,30.263185863,-97.743787786,118.6093,1,0.600215,-0.004911,0.023391,-0.799482
68639.933,30.263174452,-97.743742342,118.6117,1,0.599250,-0.008790,0.023416,-0.800171
68640.333,30.263163652,-97.743700328,118.5826,5,0.597749,-0.002984,0.021709,-0.801383
68640.733,30.263152919,-97.743660464,118.5323,1,0.595303,-0.009914,0.026829,-0.802992
68641.133,30.263142983,-97.743622567,118.5097,5,0.595163,-0.007644,0.024655,-0.803190
68641.533,30.263134250,-97.743587150,118.5035,1,0.595871,-0.006469,0.023124,-0.802721
68641.933,30.263126199,-97.743554827,118.5322,1,0.596922,-0.006606,0.026547,-0.801832
68642.333,30.263119536,-97.743525401,118.5321,5,0.597559,-0.007407,0.026070,-0.801366
68642.733,30.263113822,-97.743498924,118.5388,1,0.597671,-0.007668,0.024692,-0.801325
68643.133,30.263108762,-97.743475084,118.5498,5,0.597747,-0.008048,0.023898,-0.801288
68643.533,30.263104755,-97.743453487,118.5473,1,0.599132,-0.008393,0.023635,-0.800258
68643.933,30.263101393,-97.743434430,118.5653,1,0.601971,-0.007300,0.024711,-0.798102
68644.333,30.263099385,-97.743420111,118.5564,5,0.604001,-0.007520,0.025000,-0.796556
68644.733,30.263098008,-97.743408678,118.5226,1,0.604955,-0.008228,0.024859,-0.795829
68645.133,30.263096965,-97.743399914,118.4986,5,0.605839,-0.007273,0.024885,-0.795165
68645.533,30.263097548,-97.743392989,118.4878,5,0.606207,-0.007276,0.025173,-0.794875
68645.933,30.263098472,-97.743389215,118.4970,1,0.606455,-0.006898,0.024982,-0.794695
68646.333,30.263099043,-97.743387870,118.3478,4,0.608474,-0.006400,0.025307,-0.793145
68646.733,30.263101384,-97.743386650,118.2010,4,0.608775,-0.005029,0.022834,-0.792998
68647.133,30.263097400,-97.743388088,118.1858,5,0.618208,-0.003376,0.024008,-0.785641
68647.533,30.263102911,-97.743386099,118.1302,5,0.613950,-0.004195,0.023200,-0.788992
68647.933,30.263105096,-97.743385411,118.1142,5,0.614177,-0.004240,0.023148,-0.788817
68648.333,30.263106765,-97.743384628,118.1432,5,0.615071,-0.004380,0.023375,-0.788113
68648.733,30.263109099,-97.743383844,118.1321,5,0.615332,-0.004451,0.023313,-0.787911
68649.133,30.263099034,-97.743387026,118.1887,5,0.624814,-0.003229,0.024716,-0.780376
68649.533,30.263100270,-97.743386547,118.1875,5,0.625153,-0.003368,0.024623,-0.780106
68649.933,30.263101614,-97.743386038,118.1884,5,0.625417,-0.003494,0.024573,-0.779896
68650.334,30.263102511,-97.743385607,118.1953,5,0.625696,-0.003544,0.024595,-0.779671
68650.734,30.263103839,-97.743385114,118.1973,5,0.626049,-0.003652,0.024616,-0.779387
68651.134,30.263104862,-97.743384666,118.2054,5,0.626036,-0.003556,0.024693,-0.779395
68651.534,30.263106246,-97.743384130,118.2124,5,0.626492,-0.003546,0.024688,-0.779028
68651.934,30.263107725,-97.743383556,118.2183,5,0.626879,-0.003664,0.024679,-0.778717
68652.334,30.263108944,-97.743383089,118.2234,5,0.627083,-0.003669,0.024690,-0.778553
68652.734,30.263110541,-97.743382479,118.2303,5,0.627449,-0.003745,0.024727,-0.778256
68653.134,30.263111844,-97.743382020,118.2386,5,0.627091,-0.003494,0.024820,-0.778542
68653.534,30.263113603,-97.743381372,118.2485,5,0.627641,-0.003607,0.024797,-0.778100
68653.934,30.263115336,-97.743380706,118.2586,5,0.628021,-0.003557,0.024801,-0.777793
68654.334,30.263116909,-97.743380233,118.2766,5,0.628300,-0.003525,0.024833,-0.777567
68654.734,30.263118812,-97.743379537,118.2907,5,0.628680,-0.003562,0.024889,-0.777258
68655.134,30.263120198,-97.743379146,118.3130,5,0.627719,-0.003295,0.025005,-0.778032
68655.534,30.263122293,-97.743378409,118.3280,5,0.628418,-0.003306,0.025057,-0.777465
68655.934,30.263124393,-97.743377640,118.3449,5,0.628790,-0.003409,0.025015,-0.777165
68656.334,30.263126185,-97.743377182,118.3680,5,0.629496,-0.003398,0.025039,-0.776593
68656.734,30.263128487,-97.743376326,118.3839,5,0.629827,-0.003474,0.025007,-0.776325
68657.134,30.263129989,-97.743376013,118.4172,5,0.629253,-0.003273,0.025146,-0.776787
68657.534,30.263131992,-97.743375365,118.4493,5,0.629193,-0.003186,0.025193,-0.776834
68657.934,30.263133030,-97.743375142,118.4868,5,0.627059,-0.002640,0.025361,-0.778554
68658.334,30.263131759,-97.743376250,118.6204,5,0.630403,-0.002424,0.024535,-0.775876
68658.734,30.263123192,-97.743378517,118.6352,5,0.631964,-0.001864,0.024790,-0.774599
68659.134,30.263120445,-97.743377153,118.6292,5,0.630933,0.000360,0.022515,-0.775510
68659.534,30.263113692,-97.743373525,118.5674,5,0.630324,0.001411,0.021657,-0.776029
68659.934,30.263105816,-97.743366725,118.4848,5,0.626888,0.001898,0.020565,-0.778836
68660.334,30.263104674,-97.743354549,118.5001,5,0.623106,0.003830,0.020175,-0.781868
68660.734,30.263102837,-97.743339678,118.5130,5,0.621193,0.001940,0.019775,-0.783405
68661.134,30.263099632,-97.743323138,118.5438,5,0.625089,0.002490,0.023510,-0.780196
68661.534,30.263097784,-97.743304635,118.5620,5,0.639445,0.000255,0.025619,-0.768410
68661.934,30.263093549,-97.743286693,118.5637,1,0.664253,-0.002759,0.025106,-0.747081
68662.334,30.263091632,-97.743268378,118.5481,5,0.696047,-0.005222,0.022257,-0.717632
68662.734,30.263093762,-97.743248973,118.5658,5,0.729364,-0.004650,0.022400,-0.683743
68663.134,30.263097234,-97.743229614,118.5762,5,0.769520,-0.004493,0.016462,-0.638395
68663.534,30.263103942,-97.743210523,118.6228,5,0.816687,-0.002100,0.022038,-0.576656
68663.934,30.263113654,-97.743192965,118.6366,1,0.863411,-0.005988,0.014402,-0.504260
68664.334,30.263125970,-97.743176429,118.6766,5,0.906673,-0.006386,0.019481,-0.421335
68664.734,30.263142306,-97.743162177,118.6787,1,0.944371,-0.012325,0.016360,-0.328244
68665.134,30.263161499,-97.743150823,118.6956,5,0.972286,-0.017604,0.022158,-0.232074
68665.534,30.263183474,-97.743143120,118.6988,1,0.986987,-0.014252,0.015554,-0.159408
68665.934,30.263206503,-97.743137156,118.7529,1,0.992436,-0.002496,0.018758,-0.121293
68666.334,30.263231378,-97.743131756,118.8279,5,0.994229,-0.005073,0.021980,-0.104884
68666.734,30.263257394,-97.743126855,118.9021,1,0.994895,0.000685,0.020390,-0.098829
68667.134,30.263284603,-97.743122102,119.0028,5,0.995304,-0.000756,0.022667,-0.094106
68667.534,30.263313448,-97.743117789,119.1046,1,0.996068,0.000819,0.027366,-0.084258
68667.934,30.263343039,-97.743114561,119.1932,1,0.997081,-0.003097,0.027794,-0.071043
68668.334,30.263373510,-97.743112124,119.2856,5,0.997943,-0.003082,0.026472,-0.058302
68668.734,30.263404636,-97.743110683,119.3792,1,0.998430,-0.003512,0.020412,-0.052041
68669.134,30.263435815,-97.743109456,119.4733,5,0.998525,-0.003128,0.014704,-0.052169
68669.534,30.263467453,-97.743108403,119.5982,1,0.998234,0.003104,0.008340,-0.058734
68669.934,30.263499555,-97.743106679,119.7356,1,0.997764,0.000439,0.008577,-0.066279
68670.334,30.263532373,-97.743104225,119.8629,5,0.997303,-0.002822,0.010381,-0.072606
68670.734,30.263566150,-97.743101598,119.9742,1,0.997031,-0.002912,0.009054,-0.076414
68671.134,30.263601148,-97.743098261,120.0717,5,0.996859,-0.005178,0.013473,-0.077866
68671.534,30.263637723,-97.743095480,120.1819,1,0.996704,0.000533,0.013737,-0.079949
68671.934,30.263675376,-97.743091727,120.3006,1,0.996509,-0.001277,0.011839,-0.082628
68672.334,30.263714516,-97.743087985,120.4241,1,0.996255,-0.004411,0.013839,-0.085238
68672.734,30.263754132,-97.743083745,120.5247,1,0.995893,-0.002699,0.012746,-0.089595
68673.134,30.263794541,-97.743079543,120.6464,5,0.995505,-0.008077,0.010928,-0.093730
68673.534,30.263835360,-97.743075402,120.7649,1,0.995175,-0.005767,0.008063,-0.097616
68673.934,30.263876673,-97.743070679,120.8662,1,0.995017,-0.004968,0.005837,-0.099409
68674.334,30.263919093,-97.743065599,120.9793,5,0.994892,-0.008820,0.010929,-0.099967
68674.734,30.263962020,-97.743060716,121.0744,1,0.994986,-0.005594,0.011792,-0.099158
68675.134,30.264005737,-97.743055751,121.1865,5,0.995147,-0.010603,0.011899,-0.097097
68675.534,30.264049793,-97.743051765,121.2536,1,0.995409,-0.009013,0.014396,-0.094191
68675.934,30.264094220,-97.743047999,121.3597,1,0.995730,-0.007254,0.005437,-0.091870
68676.334,30.264139583,-97.743044283,121.4471,5,0.995891,-0.009030,0.007412,-0.089807
68676.734,30.264184951,-97.743040671,121.5453,1,0.995778,-0.006276,0.007533,-0.091267
68677.134,30.264230654,-97.743036694,121.6430,5,0.995657,-0.007497,0.004011,-0.092706
68677.534,30.264276881,-97.743033423,121.7422,1,0.995638,-0.009136,0.005040,-0.092717
68677.934,30.264322875,-97.743029576,121.8206,1,0.995574,-0.009578,0.005351,-0.093337
68678.334,30.264369485,-97.743026290,121.9209,5,0.995687,-0.008998,0.006459,-0.092112
68678.734,30.264415311,-97.743023350,122.0230,1,0.995890,-0.006553,0.009712,-0.089812
68679.134,30.264460929,-97.743020851,122.1242,5,0.996062,-0.009935,0.013177,-0.087113
68679.534,30.264506457,-97.743019502,122.2524,1,0.996155,-0.009540,0.013333,-0.086064
68679.934,30.264551056,-97.743017893,122.3278,1,0.996229,-0.009187,0.008745,-0.085836
68680.334,30.264595446,-97.743016999,122.4057,5,0.996160,-0.009589,0.008682,-0.086590
68680.734,30.264639311,-97.743015547,122.4809,1,0.996092,-0.011941,0.012129,-0.086670
68681.134,30.264682848,-97.743014816,122.5709,5,0.996164,-0.009645,0.012125,-0.086122
68681.534,30.264725935,-97.743015005,122.6753,1,0.996027,-0.009284,0.010019,-0.088003
68681.934,30.264768094,-97.743014337,122.7496,1,0.995790,-0.011483,0.011048,-0.090263
68682.334,30.264809434,-97.743014355,122.8454,5,0.995641,-0.007196,0.010939,-0.092349
68682.734,30.264850227,-97.743014612,122.9437,1,0.995250,-0.012462,0.008753,-0.096152
68683.134,30.264889812,-97.743014344,123.0426,5,0.995034,-0.008186,0.006217,-0.098998
68683.534,30.264929025,-97.743014996,123.1647,1,0.994622,-0.012798,0.004006,-0.102696
68683.934,30.264967799,-97.743014859,123.2637,1,0.994541,-0.007876,0.003052,-0.104003
68684.334,30.265006381,-97.743015754,123.3882,5,0.995154,-0.004422,0.005040,-0.098097
68684.734,30.265045284,-97.743017124,123.4938,1,0.995664,-0.006047,0.008773,-0.092405
68685.134,30.265084320,-97.743018434,123.5993,5,0.995742,-0.003346,0.010788,-0.091486
68685.534,30.265123613,-97.743020878,123.7304,1,0.995743,-0.008056,0.014168,-0.090722
68705.234,30.266644185,-97.741833746,123.2222,5,0.889489,-0.037304,0.036724,-0.453949
68705.634,30.266662161,-97.741810754,123.0411,5,0.889094,-0.046415,0.037705,-0.453801
68706.034,30.266676996,-97.741835353,123.5010,5,0.948189,-0.012281,-0.001226,-0.317467
68706.434,30.266699320,-97.741820487,123.5352,5,0.948216,-0.006738,-0.003220,-0.317537
68706.834,30.266723630,-97.741804168,123.5800,5,0.948591,-0.009686,-0.001848,-0.316352
68707.234,30.266745371,-97.741830602,124.0053,5,0.985130,-0.005007,-0.005098,-0.171665
68707.634,30.266772651,-97.741820603,124.0065,5,0.985116,-0.025307,0.000098,-0.170018
68708.034,30.266801199,-97.741808290,124.1689,5,0.987415,-0.026641,0.005882,-0.155780
68708.434,30.266830550,-97.741797463,124.1477,5,0.987408,-0.023346,0.006268,-0.156337
68708.834,30.266860940,-97.741786251,124.1318,5,0.987400,-0.019224,0.008515,-0.156843
68709.234,30.266891110,-97.741773533,124.2162,5,0.988857,-0.010540,0.013877,-0.147844
68709.634,30.266922298,-97.741761865,124.2566,5,0.989165,-0.014373,0.015185,-0.145314
68710.034,30.266953199,-97.741749583,124.3149,5,0.990176,-0.009394,0.014244,-0.138785
68710.434,30.266983786,-97.741738404,124.3519,5,0.990376,-0.012887,0.012834,-0.137204
68710.834,30.267013882,-97.741727374,124.3761,5,0.990411,-0.012334,0.012966,-0.136991
68711.234,30.267044317,-97.741716403,124.4473,5,0.989954,-0.013051,0.012374,-0.140243
68711.634,30.267073182,-97.741705990,124.4728,5,0.989919,-0.015491,0.012068,-0.140269
68712.034,30.267101252,-97.741695099,124.5688,5,0.990311,-0.011763,0.012642,-0.137789
68712.434,30.267128289,-97.741685210,124.5929,5,0.990248,-0.013077,0.012795,-0.138110
68712.834,30.267154210,-97.741675663,124.6032,5,0.989844,-0.014580,0.011553,-0.140935
68713.234,30.267178874,-97.741665811,124.7944,5,0.989581,-0.014578,0.015007,-0.142449
68713.634,30.267201361,-97.741657136,124.8107,5,0.989274,-0.016737,0.015451,-0.144287
68714.034,30.267221465,-97.741648139,124.9194,5,0.989446,-0.016763,0.015194,-0.143126
68714.434,30.267237994,-97.741641469,124.9492,5,0.989602,-0.014050,0.016426,-0.142202
68714.834,30.267251428,-97.741636141,124.9688,5,0.989837,-0.016324,0.014615,-0.140510
68715.234,30.267262566,-97.741631643,124.9594,5,0.990031,-0.017920,0.015126,-0.138881
68715.634,30.267269353,-97.741628898,124.9620,5,0.990234,-0.016149,0.013843,-0.137780
68716.034,30.267274748,-97.741627358,125.0188,5,0.989516,-0.014781,0.015334,-0.142845
68716.434,30.267277724,-97.741626181,125.0228,5,0.989574,-0.014001,0.015331,-0.142518
68716.834,30.267279117,-97.741625585,125.0317,5,0.989604,-0.014324,0.015250,-0.142291
68717.234,30.267279183,-97.741625563,125.0247,5,0.989463,-0.011954,0.015129,-0.143498
68717.634,30.267279119,-97.741625413,124.9848,5,0.989468,-0.011381,0.015196,-0.143504
68718.034,30.267279124,-97.741625547,124.9723,5,0.989649,-0.011571,0.014783,-0.142274
68718.434,30.267279087,-97.741625564,124.9743,5,0.989662,-0.011615,0.014797,-0.142178
68718.834,30.267279143,-97.741625693,124.9582,5,0.989707,-0.011590,0.014692,-0.141878
68719.234,30.267279342,-97.741625637,124.9516,5,0.989677,-0.011844,0.014995,-0.142034
68719.634,30.267279487,-97.741625573,124.9326,5,0.989655,-0.011835,0.014979,-0.142190
68720.034,30.267279674,-97.741625593,124.8935,5,0.989625,-0.011899,0.014947,-0.142397
68720.434,30.267279592,-97.741625611,124.8755,5,0.989582,-0.011925,0.014981,-0.142689
68720.834,30.267279590,-97.741625632,124.8626,5,0.989562,-0.011974,0.015060,-0.142817
68721.234,30.267279688,-97.741625636,124.8527,5,0.989507,-0.011949,0.015133,-0.143196
68721.634,30.267279810,-97.741625674,124.8337,5,0.989481,-0.011902,0.015137,-0.143378
68722.034,30.267280756,-97.741625807,124.7507,4,0.989468,-0.011767,0.015146,-0.143474
68722.434,30.267282412,-97.741624832,124.4448,4,0.989499,-0.011727,0.015199,-0.143258
68722.834,30.267282796,-97.741624905,124.1568,4,0.989491,-0.011694,0.015177,-0.143319
68723.234,30.267283528,-97.741625014,123.5630,5,0.989502,-0.011642,0.015362,-0.143230
68723.634,30.267283546,-97.741624980,123.5600,5,0.989490,-0.011700,0.015380,-0.143307
68724.034,30.267283527,-97.741625009,123.5590,4,0.989497,-0.011571,0.015361,-0.143266
68724.434,30.267283551,-97.741624989,123.5580,4,0.989488,-0.011504,0.015335,-0.143336
68724.834,30.267283566,-97.741624977,123.5590,4,0.989486,-0.011459,0.015337,-0.143354
68725.234,30.267283539,-97.741625014,123.5580,4,0.989491,-0.011394,0.015301,-0.143330
68725.634,30.267283555,-97.741625009,123.5579,4,0.989503,-0.011388,0.015290,-0.143252
68726.034,30.267283532,-97.741625044,123.5569,4,0.989518,-0.011393,0.015263,-0.143149
68726.434,30.267283547,-97.741625038,123.5569,4,0.989518,-0.011341,0.015256,-0.143150
68726.834,30.267283554,-97.741625027,123.5559,4,0.989517,-0.011299,0.015241,-0.143168
68727.234,30.267283514,-97.741625062,123.5550,4,0.989511,-0.011306,0.015313,-0.143201
68727.634,30.267283521,-97.741625056,123.5540,4,0.989512,-0.011300,0.015294,-0.143193
68728.034,30.267283504,-97.741625050,123.5559,4,0.989493,-0.011241,0.015261,-0.143332
68728.434,30.267283549,-97.741625032,123.5549,4,0.989502,-0.010786,0.015177,-0.143314
68728.834,30.267283929,-97.741624886,123.5559,4,0.989515,-0.010674,0.015231,-0.143228
68729.234,30.267284904,-97.741624534,123.5576,4,0.989538,-0.009039,0.014835,-0.143221
68729.634,30.267287509,-97.741623513,123.5630,4,0.989542,-0.007180,0.015069,-0.143276
68730.034,30.267292075,-97.741621854,123.5742,5,0.989512,-0.008364,0.013691,-0.143556
68730.434,30.267298026,-97.741619605,123.5797,5,0.989472,-0.008206,0.013231,-0.143884
68730.834,30.267304765,-97.741617027,123.5986,5,0.989459,-0.009010,0.014070,-0.143845
68731.234,30.267311849,-97.741614372,123.6161,4,0.989572,-0.009903,0.013697,-0.143046
68731.634,30.267318856,-97.741611848,123.6235,4,0.989610,-0.010649,0.013255,-0.142768
68732.034,30.267325715,-97.741609316,123.6321,5,0.989667,-0.010246,0.012901,-0.142432
68732.434,30.267332207,-97.741606949,123.6442,5,0.989750,-0.010994,0.013019,-0.141792
68732.834,30.267338103,-97.741604796,123.6469,5,0.989872,-0.009992,0.013500,-0.140966
68733.234,30.267343382,-97.741602881,123.6508,5,0.989961,-0.009359,0.012540,-0.140469
68733.634,30.267348211,-97.741601140,123.6643,5,0.990029,-0.009328,0.012988,-0.139953
68734.034,30.267352378,-97.741599544,123.6736,4,0.990055,-0.009558,0.014066,-0.139650
68734.434,30.267356089,-97.741598262,123.6839,4,0.990138,-0.009530,0.013439,-0.139124
68734.834,30.267359097,-97.741597220,123.6914,4,0.990198,-0.010019,0.013889,-0.138619
68735.234,30.267361167,-97.741596376,123.7016,4,0.990265,-0.009998,0.013194,-0.138206
68735.634,30.267362656,-97.741595892,123.7064,4,0.990287,-0.009926,0.013094,-0.138061
68736.034,30.267363424,-97.741595489,123.6997,4,0.990354,-0.008992,0.013259,-0.137629
68736.434,30.267364449,-97.741595146,123.7039,4,0.990371,-0.009177,0.013459,-0.137477
68736.834,30.267365704,-97.741594705,123.7103,4,0.990391,-0.009130,0.013750,-0.137309
68737.234,30.267366998,-97.741594130,123.7121,4,0.990442,-0.008961,0.014374,-0.136887
68737.634,30.267368671,-97.741593566,123.7175,4,0.990487,-0.009245,0.013943,-0.136588
68738.034,30.267370550,-97.741592842,123.7175,4,0.990542,-0.009453,0.013940,-0.136170
68738.434,30.267372831,-97.741592071,123.7261,4,0.990577,-0.009359,0.013617,-0.135960
68738.834,30.267375343,-97.741591145,123.7349,4,0.990602,-0.007910,0.014957,-0.135726
68739.234,30.267379019,-97.741589715,123.7452,4,0.990688,-0.005314,0.014281,-0.135293
68739.634,30.267385245,-97.741587459,123.7583,4,0.990743,-0.005085,0.015171,-0.134802
68740.034,30.267393994,-97.741584336,123.7585,4,0.990870,-0.004525,0.014455,-0.133970
68740.434,30.267404904,-97.741580391,123.7828,4,0.990923,-0.004239,0.016314,-0.133367
68740.834,30.267417905,-97.741575820,123.7978,4,0.990836,-0.004595,0.014695,-0.134191
68741.234,30.267433009,-97.741570210,123.8218,4,0.990677,-0.003555,0.016338,-0.135201
68741.634,30.267449865,-97.741564084,123.8451,4,0.990493,-0.005734,0.016672,-0.136426
68742.034,30.267468077,-97.741557362,123.8705,5,0.990317,-0.006718,0.017893,-0.137501
68742.434,30.267487417,-97.741550247,123.8981,5,0.990183,-0.009274,0.017720,-0.138336
68742.834,30.267507612,-97.741542715,123.9143,1,0.989990,-0.011914,0.017218,-0.139574
68743.234,30.267528630,-97.741534835,123.9249,5,0.989807,-0.010562,0.016782,-0.141027
68743.634,30.267550889,-97.741526398,123.9457,1,0.989670,-0.009018,0.017357,-0.142025
68744.034,30.267574481,-97.741517757,123.9573,5,0.990050,-0.006524,0.013631,-0.139900
68744.434,30.267598947,-97.741508615,123.9887,5,0.990409,-0.010935,0.010081,-0.137361
68744.834,30.267623622,-97.741499636,124.0330,1,0.990762,-0.009339,0.007791,-0.135069
68745.234,30.267648209,-97.741490812,124.1210,5,0.991040,-0.006694,0.004370,-0.133326
68745.634,30.267672352,-97.741482277,124.1734,1,0.991159,-0.014804,0.005850,-0.131722
68746.034,30.267695219,-97.741474238,124.2099,5,0.991411,-0.013709,0.008616,-0.129779
68746.434,30.267717388,-97.741466491,124.2419,5,0.991589,-0.015115,0.011096,-0.128063
68746.834,30.267738890,-97.741458981,124.2723,1,0.991577,-0.011508,0.011339,-0.128507
68747.234,30.267759821,-97.741451744,124.3013,5,0.991628,-0.010177,0.011242,-0.128236
68747.634,30.267780614,-97.741444524,124.3354,1,0.991600,-0.015064,0.012388,-0.127866
68748.034,30.267800795,-97.741437511,124.3461,5,0.991744,-0.013778,0.013657,-0.126757
68748.434,30.267820764,-97.741430622,124.3666,5,0.992090,-0.011056,0.016350,-0.123966
68748.834,30.267840834,-97.741424116,124.3983,1,0.992972,-0.008921,0.015989,-0.116926
68749.234,30.267861247,-97.741418312,124.4330,5,0.994042,-0.006339,0.014776,-0.107806
68749.634,30.267883175,-97.741412376,124.4880,1,0.995259,-0.000717,0.014622,-0.096152
68750.034,30.267906209,-97.741407090,124.5628,5,0.996405,-0.001662,0.010404,-0.084056
68750.434,30.267930150,-97.741402094,124.6293,5,0.996947,-0.003437,0.003402,-0.077933
68750.834,30.267954800,-97.741396697,124.6977,1,0.996706,-0.003504,-0.001965,-0.080997
68751.234,30.267979558,-97.741391109,124.7856,5,0.996204,-0.003841,-0.005280,-0.086799
68751.634,30.268005745,-97.741384735,124.8669,1,0.995423,-0.003055,-0.012394,-0.094706
68752.034,30.268033107,-97.741377315,124.9666,5,0.994196,-0.002091,-0.013432,-0.106723
68752.434,30.268059799,-97.741369176,125.0779,5,0.993010,-0.003834,-0.014714,-0.117044
68752.834,30.268084723,-97.741361080,125.1843,1,0.992232,-0.005860,-0.015109,-0.123344
68753.234,30.268107607,-97.741353284,125.2879,5,0.991561,-0.005287,-0.013815,-0.128796
68753.634,30.268128000,-97.741346091,125.3767,1,0.991122,-0.005999,-0.012308,-0.132248
68754.034,30.268145381,-97.741339922,125.4492,5,0.990833,-0.008660,-0.013375,-0.134153
68754.434,30.268159379,-97.741334883,125.5148,5,0.990637,-0.003280,-0.014823,-0.135675
68754.834,30.268170125,-97.741330931,125.5710,1,0.990489,0.001962,-0.016549,-0.136580
68755.234,30.268177916,-97.741328031,125.6193,5,0.990215,0.003380,-0.017152,-0.138453
68755.634,30.268183970,-97.741325587,125.6651,5,0.990143,0.008115,-0.015177,-0.138995
68756.034,30.268189571,-97.741323452,125.7049,5,0.989982,0.006788,-0.016912,-0.140010
68756.434,30.268194657,-97.741321380,125.7400,5,0.989762,0.006818,-0.016834,-0.141565
68756.834,30.268199525,-97.741319324,125.7875,5,0.989197,0.009951,-0.018289,-0.145103
68757.234,30.268205511,-97.741317323,125.8318,5,0.988439,0.009594,-0.018088,-0.150229
68757.634,30.268213200,-97.741314007,125.8810,5,0.987502,0.012198,-0.016518,-0.156262
68758.035,30.268222914,-97.741310039,125.9733,5,0.986242,0.008354,-0.014399,-0.164469
68758.435,30.268232848,-97.741305666,126.0447,5,0.985181,0.008981,-0.016655,-0.170472
68758.835,30.268242639,-97.741301116,126.1311,5,0.984844,0.011589,-0.014088,-0.172478
68759.235,30.268253638,-97.741296341,126.2178,5,0.985429,0.013094,-0.016048,-0.168820
68759.635,30.268266481,-97.741291081,126.3118,5,0.987094,0.014764,-0.016057,-0.158650
68760.035,30.268281159,-97.741285496,126.4293,5,0.989188,0.015408,-0.015490,-0.145019
68760.435,30.268297400,-97.741279608,126.5635,5,0.989954,0.019195,-0.014601,-0.139319
68760.835,30.268315047,-97.741273106,126.7081,5,0.989809,0.016066,-0.013183,-0.140880
68761.235,30.268333878,-97.741265930,126.8484,5,0.989239,0.018249,-0.012266,-0.144644
68761.635,30.268354255,-97.741258088,127.0203,5,0.988656,0.022978,-0.012757,-0.147879
68762.035,30.268376362,-97.741249463,127.2193,5,0.988598,0.019221,-0.011695,-0.148888
68762.435,30.268399476,-97.741240725,127.4144,5,0.988930,0.019454,-0.014007,-0.146431
68762.835,30.268423101,-97.741231905,127.6285,1,0.989556,0.017726,-0.012984,-0.142465
68763.235,30.268446199,-97.741223713,127.8322,5,0.990463,0.018590,-0.013096,-0.135886
68763.635,30.268469410,-97.741215845,128.0363,1,0.990972,0.018741,-0.015446,-0.131851
68764.035,30.268493258,-97.741207713,128.2320,5,0.990875,0.016585,-0.015609,-0.132843
68764.435,30.268517944,-97.741199121,128.4348,5,0.990476,0.021071,-0.015992,-0.135121
68764.835,30.268543670,-97.741190004,128.6542,1,0.989891,0.020292,-0.015738,-0.139485
68765.235,30.268570235,-97.741180293,128.8843,5,0.989602,0.018945,-0.015648,-0.141716
68765.635,30.268597715,-97.741170388,129.1052,1,0.989432,0.018302,-0.017368,-0.142787
68766.035,30.268625920,-97.741160032,129.3608,5,0.989571,0.020607,-0.016976,-0.141548
68766.435,30.268655277,-97.741149568,129.5890,5,0.990258,0.010700,-0.022694,-0.136969
68766.835,30.268685197,-97.741138981,129.8436,1,0.990922,0.012313,-0.025464,-0.131433
68767.235,30.268715747,-97.741129034,130.0834,5,0.991478,0.010170,-0.029588,-0.126461
68767.635,30.268746669,-97.741119085,130.3009,1,0.991809,0.004838,-0.032231,-0.123504
68768.035,30.268778386,-97.741108681,130.3695,5,0.991622,-0.024851,-0.023178,-0.124622
68768.435,30.268809944,-97.741098356,130.4111,5,0.991440,-0.016028,-0.026303,-0.126879
68768.835,30.268842211,-97.741087131,130.4861,1,0.990714,-0.016592,-0.025355,-0.132542
68769.235,30.268874910,-97.741075531,130.5365,5,0.989862,-0.017447,-0.027388,-0.138268
68769.635,30.268907307,-97.741063433,130.6286,1,0.989189,-0.013429,-0.028208,-0.143282
68770.035,30.268939022,-97.741051187,130.7510,5,0.988793,-0.010156,-0.026422,-0.146582
68770.435,30.268969779,-97.741039116,130.8888,5,0.988775,-0.005264,-0.020335,-0.147926
68770.835,30.268999655,-97.741027131,131.0417,1,0.988705,-0.007649,-0.017796,-0.148615
68771.235,30.269028707,-97.741015675,131.1918,5,0.988960,-0.000984,-0.014049,-0.147512
68771.635,30.269057371,-97.741004774,131.3471,1,0.989459,-0.007935,-0.013458,-0.143966
68772.035,30.269085521,-97.740994449,131.4454,5,0.989970,-0.012680,-0.014601,-0.139947
68772.435,30.269113093,-97.740984622,131.5287,5,0.990402,-0.013067,-0.016018,-0.136661
68772.835,30.269139832,-97.740975162,131.6469,1,0.990627,-0.011390,-0.013434,-0.135453
68773.235,30.269166033,-97.740966103,131.7383,5,0.990589,-0.012014,-0.015559,-0.135449
68773.635,30.269191083,-97.740957219,131.8462,1,0.990228,-0.014237,-0.015473,-0.137861
68774.035,30.269214866,-97.740948775,131.9506,5,0.990142,-0.015582,-0.014308,-0.138461
68774.435,30.269238149,-97.740940455,132.0163,5,0.989999,-0.014619,-0.015355,-0.139473
68774.835,30.269259649,-97.740932606,132.1317,1,0.989674,-0.012839,-0.015112,-0.141956
68775.235,30.269280322,-97.740925178,132.2174,5,0.989508,-0.013600,-0.016120,-0.142933
68775.635,30.269299132,-97.740918359,132.3097,1,0.989612,-0.016319,-0.014911,-0.142054
68776.035,30.269315936,-97.740912617,132.3780,5,0.989891,-0.015980,-0.014740,-0.140156
68776.435,30.269331268,-97.740907050,132.4336,5,0.989806,-0.013148,-0.016807,-0.140814
68776.835,30.269343220,-97.740901805,132.5021,1,0.989560,-0.012207,-0.012370,-0.143070
68777.235,30.269355287,-97.740897403,132.5711,5,0.989079,-0.013319,-0.013876,-0.146125
68777.635,30.269366259,-97.740893475,132.6269,5,0.989102,-0.012975,-0.013283,-0.146056
68778.035,30.269375183,-97.740890927,132.6269,5,0.989120,-0.012688,-0.013256,-0.145965
68778.435,30.269383688,-97.740888166,132.6559,5,0.989165,-0.015921,-0.013918,-0.145276
68778.835,30.269390767,-97.740886243,132.6435,1,0.989269,-0.017762,-0.015800,-0.144159
68779.235,30.269393501,-97.740885472,132.6722,5,0.989251,-0.019202,-0.019178,-0.143686
68779.635,30.269398504,-97.740884015,132.6880,5,0.989321,-0.019286,-0.021048,-0.142929
68780.035,30.269401896,-97.740883705,132.6620,5,0.989312,-0.019231,-0.021841,-0.142883
68780.435,30.269404924,-97.740883366,132.6409,5,0.989347,-0.019103,-0.022738,-0.142517
68780.835,30.269407130,-97.740883009,132.6231,5,0.989345,-0.019635,-0.024173,-0.142223
68781.235,30.269408343,-97.740883460,132.5914,5,0.989357,-0.019884,-0.024794,-0.141994
68781.635,30.269408490,-97.740883835,132.5541,5,0.989358,-0.019979,-0.025037,-0.141929
68782.035,30.269407892,-97.740883952,132.5341,5,0.989412,-0.019699,-0.025056,-0.141594
68782.435,30.269405612,-97.740885238,132.5126,5,0.989408,-0.019036,-0.025458,-0.141640
68782.835,30.269403940,-97.740886890,132.5505,5,0.989406,-0.018928,-0.025570,-0.141646
68783.235,30.269406993,-97.740885384,132.5637,5,0.989456,-0.019120,-0.025372,-0.141305
68783.635,30.269406764,-97.740884320,132.5938,5,0.989422,-0.019120,-0.025324,-0.141555
68784.035,30.269410293,-97.740881173,132.6090,5,0.989456,-0.019377,-0.025141,-0.141310
68784.435,30.269411694,-97.740879664,132.6111,5,0.989445,-0.019411,-0.025047,-0.141405
68784.835,30.269413190,-97.740877147,132.7152,5,0.989415,-0.019463,-0.024939,-0.141621
68785.235,30.269413521,-97.740876316,132.7113,5,0.989449,-0.019567,-0.024911,-0.141373
68785.635,30.269416840,-97.740872667,132.5986,5,0.989429,-0.019651,-0.024596,-0.141563
68786.035,30.269417853,-97.740871329,132.5507,5,0.989425,-0.019741,-0.024548,-0.141582
68786.435,30.269417763,-97.740871310,132.5528,5,0.989410,-0.019726,-0.024477,-0.141702
68786.835,30.269417706,-97.740871250,132.5548,5,0.989409,-0.019694,-0.024499,-0.141710
68787.235,30.269420301,-97.740869619,132.4280,5,0.989420,-0.019812,-0.024290,-0.141651
68787.635,30.269420491,-97.740869194,132.3791,5,0.989415,-0.019828,-0.024207,-0.141702
68788.035,30.269420800,-97.740868817,132.3892,5,0.989408,-0.019830,-0.024144,-0.141762
68788.435,30.269420451,-97.740869354,132.3951,5,0.989415,-0.019817,-0.024191,-0.141702
68788.835,30.269420471,-97.740869351,132.3951,5,0.989415,-0.019854,-0.024204,-0.141694
68789.235,30.269420724,-97.740869592,132.3951,5,0.989418,-0.019873,-0.024219,-0.141669
68789.635,30.269420743,-97.740869664,132.3941,5,0.989418,-0.019896,-0.024198,-0.141669
68790.035,30.269420766,-97.740869651,132.3950,5,0.989416,-0.019905,-0.024258,-0.141670
68790.435,30.269420767,-97.740869731,132.3951,5,0.989424,-0.019936,-0.024237,-0.141619
68790.835,30.269420773,-97.740869737,132.3951,5,0.989428,-0.019961,-0.024234,-0.141585
68791.235,30.269420878,-97.740869757,132.3941,5,0.989429,-0.019973,-0.024197,-0.141585
68791.635,30.269421081,-97.740869904,132.3922,5,0.989434,-0.019975,-0.024153,-0.141559
68792.035,30.269421440,-97.740869519,132.4063,5,0.989429,-0.019954,-0.024058,-0.141609
68792.435,30.269421112,-97.740869644,132.4112,5,0.989428,-0.019944,-0.024113,-0.141610
68792.835,30.269421118,-97.740869633,132.4093,5,0.989436,-0.019947,-0.024078,-0.141557
68793.235,30.269421153,-97.740869614,132.4102,5,0.989440,-0.019980,-0.024136,-0.141516
68793.635,30.269421392,-97.740869528,132.4122,5,0.989444,-0.019982,-0.024092,-0.141498
68794.035,30.269421413,-97.740869504,132.4123,5,0.989442,-0.019979,-0.024065,-0.141515
68794.435,30.269421564,-97.740869363,132.4123,5,0.989446,-0.019956,-0.024034,-0.141497
68794.835,30.269421591,-97.740869313,132.4103,5,0.989446,-0.019985,-0.024047,-0.141489
68795.235,30.269421834,-97.740868809,132.4183,5,0.989443,-0.019964,-0.024023,-0.141514
68795.635,30.269421708,-97.740868748,132.4104,5,0.989442,-0.020004,-0.023991,-0.141524
68796.035,30.269421853,-97.740868238,132.4163,5,0.989434,-0.019972,-0.024003,-0.141583
68796.435,30.269421679,-97.740868157,132.4104,5,0.989427,-0.019989,-0.023991,-0.141627
68796.835,30.269421712,-97.740868099,132.4094,5,0.989428,-0.019978,-0.023975,-0.141626
68797.235,30.269421682,-97.740868006,132.4083,5,0.989427,-0.019887,-0.024015,-0.141642
68797.635,30.269421741,-97.740867742,132.4093,5,0.989421,-0.019887,-0.024005,-0.141685
68798.035,30.269421968,-97.740867427,132.4164,5,0.989420,-0.019844,-0.023949,-0.141709
68798.435,30.269421863,-97.740867544,132.4104,5,0.989424,-0.019868,-0.023937,-0.141675
68798.835,30.269421856,-97.740867646,132.4075,5,0.989430,-0.019934,-0.023911,-0.141633
68799.235,30.269421964,-97.740867286,132.4125,5,0.989429,-0.019910,-0.023861,-0.141650
68799.635,30.269421884,-97.740867337,132.4105,5,0.989427,-0.019901,-0.023862,-0.141667
68800.035,30.269421891,-97.740867292,132.4105,5,0.989430,-0.019891,-0.023855,-0.141649
68800.435,30.269421899,-97.740867202,132.4096,5,0.989425,-0.019903,-0.023809,-0.141683
68800.835,30.269421910,-97.740867101,132.4086,5,0.989416,-0.019922,-0.023805,-0.141744
68801.235,30.269422073,-97.740866669,132.4166,5,0.989406,-0.019892,-0.023826,-0.141821
68801.635,30.269421919,-97.740866802,132.4105,5,0.989412,-0.019910,-0.023842,-0.141770
68802.035,30.269422054,-97.740866624,132.4175,5,0.989406,-0.019901,-0.023895,-0.141805
68802.435,30.269421916,-97.740866712,132.4085,5,0.989406,-0.019931,-0.023856,-0.141805
68802.835,30.269421917,-97.740866649,132.4065,5,0.989405,-0.019936,-0.023890,-0.141806
68803.235,30.269421926,-97.740866622,132.4064,5,0.989399,-0.019908,-0.023938,-0.141849
68803.635,30.269421918,-97.740866555,132.4004,5,0.989397,-0.019933,-0.023925,-0.141858
68804.035,30.269421918,-97.740866570,132.3944,5,0.989378,-0.019908,-0.023971,-0.141987
68804.435,30.269421773,-97.740866468,132.3874,5,0.989370,-0.019964,-0.023988,-0.142032
68804.835,30.269421787,-97.740866378,132.3864,5,0.989370,-0.019998,-0.023975,-0.142033
68805.235,30.269421801,-97.740866418,132.3864,5,0.989359,-0.019956,-0.023979,-0.142109
68805.635,30.269421737,-97.740866518,132.3794,5,0.989365,-0.019974,-0.023986,-0.142067
68806.035,30.269421754,-97.740866535,132.3794,5,0.989357,-0.019963,-0.023960,-0.142126
68806.435,30.269422021,-97.740866763,132.3664,5,0.989378,-0.020014,-0.023912,-0.141981
68806.835,30.269422056,-97.740866715,132.3654,5,0.989380,-0.020058,-0.023914,-0.141964
68807.235,30.269422137,-97.740867083,132.3604,5,0.989382,-0.020012,-0.023965,-0.141946
68807.635,30.269422173,-97.740867077,132.3594,5,0.989388,-0.020004,-0.023985,-0.141903
68808.035,30.269422200,-97.740867088,132.3593,5,0.989370,-0.020001,-0.024001,-0.142024
68808.435,30.269422076,-97.740867197,132.3654,5,0.989380,-0.020082,-0.023964,-0.141948
68808.835,30.269422114,-97.740867150,132.3664,5,0.989381,-0.020093,-0.023918,-0.141948
68809.235,30.269422217,-97.740867335,132.3684,5,0.989381,-0.020100,-0.023970,-0.141940
68809.635,30.269422185,-97.740867513,132.3624,5,0.989385,-0.020074,-0.023975,-0.141914
68810.035,30.269422350,-97.740867552,132.3643,5,0.989388,-0.020033,-0.023998,-0.141896
68810.435,30.269422249,-97.740867667,132.3533,5,0.989385,-0.020076,-0.023992,-0.141914
68810.835,30.269422295,-97.740867605,132.3524,5,0.989389,-0.020088,-0.023955,-0.141888
68811.235,30.269422334,-97.740867598,132.3524,5,0.989375,-0.020058,-0.023976,-0.141982
68811.635,30.269422393,-97.740867857,132.3464,5,0.989389,-0.020062,-0.023959,-0.141887
68812.035,30.269422402,-97.740867843,132.3464,5,0.989383,-0.020051,-0.023933,-0.141939
68812.435,30.269422236,-97.740867845,132.3444,5,0.989381,-0.020025,-0.023937,-0.141955
68812.835,30.269422489,-97.740867822,132.3584,5,0.989384,-0.019962,-0.023990,-0.141937
68813.235,30.269422340,-97.740867922,132.3483,5,0.989385,-0.019980,-0.023997,-0.141920
68813.635,30.269422318,-97.740868007,132.3413,5,0.989391,-0.020022,-0.023991,-0.141878
68814.035,30.269422401,-97.740868027,132.3523,5,0.989392,-0.019985,-0.024041,-0.141869
68814.435,30.269422253,-97.740868058,132.3443,5,0.989388,-0.020013,-0.024045,-0.141887
68814.835,30.269422275,-97.740868040,132.3453,5,0.989383,-0.019988,-0.024048,-0.141929
68815.235,30.269422288,-97.740868324,132.3453,5,0.989396,-0.019986,-0.024050,-0.141834
68815.635,30.269422329,-97.740868337,132.3463,5,0.989403,-0.019957,-0.024046,-0.141790
68816.035,30.269422349,-97.740868339,132.3473,5,0.989402,-0.019917,-0.024007,-0.141815
68816.435,30.269422292,-97.740868485,132.3533,5,0.989407,-0.019934,-0.024006,-0.141772
68816.835,30.269422330,-97.740868462,132.3543,5,0.989410,-0.019945,-0.024031,-0.141747
68817.235,30.269422288,-97.740868534,132.3533,5,0.989422,-0.019889,-0.024023,-0.141676
68817.635,30.269422289,-97.740868624,132.3523,5,0.989424,-0.019884,-0.024050,-0.141659
68818.035,30.269422339,-97.740868557,132.3602,5,0.989419,-0.019891,-0.024093,-0.141686
68818.435,30.269422175,-97.740868637,132.3522,5,0.989430,-0.019864,-0.024107,-0.141607
68818.835,30.269422189,-97.740868602,132.3531,5,0.989425,-0.019868,-0.024194,-0.141626
68819.235,30.269422196,-97.740868604,132.3521,5,0.989419,-0.019853,-0.024204,-0.141668
68819.635,30.269422245,-97.740868741,132.3471,5,0.989434,-0.019836,-0.024226,-0.141565
68820.035,30.269422248,-97.740868754,132.3471,5,0.989432,-0.019803,-0.024239,-0.141581
68820.435,30.269422196,-97.740868744,132.3471,5,0.989422,-0.019832,-0.024243,-0.141642
68820.835,30.269422204,-97.740868732,132.3471,5,0.989425,-0.019840,-0.024242,-0.141625
68821.235,30.269422277,-97.740868661,132.3510,5,0.989421,-0.019860,-0.024256,-0.141643
68821.635,30.269422237,-97.740868767,132.3460,5,0.989425,-0.019896,-0.024269,-0.141610
68822.035,30.269422390,-97.740868627,132.3520,5,0.989424,-0.019921,-0.024257,-0.141619
68822.435,30.269422283,-97.740868789,132.3450,5,0.989431,-0.019927,-0.024248,-0.141567
68822.835,30.269422301,-97.740868809,132.3460,5,0.989432,-0.019944,-0.024246,-0.141559
68823.235,30.269422343,-97.740868814,132.3450,5,0.989445,-0.019336,-0.024306,-0.141544
68823.635,30.269422808,-97.740868638,132.3419,5,0.989449,-0.019085,-0.024404,-0.141529
68824.035,30.269424530,-97.740867861,132.3492,5,0.989512,-0.015361,-0.025237,-0.141395
68824.435,30.269428648,-97.740866576,132.3477,5,0.989555,-0.014011,-0.028150,-0.140684
68824.835,30.269435698,-97.740864093,132.3615,5,0.989750,-0.013528,-0.029185,-0.139144
68825.235,30.269445335,-97.740860536,132.3759,5,0.989978,-0.008077,-0.032450,-0.137208
68825.635,30.269457416,-97.740856392,132.3965,5,0.990348,-0.004738,-0.031284,-0.134945
68826.035,30.269471996,-97.740851279,132.4362,5,0.990427,-0.005860,-0.030727,-0.134448
68826.435,30.269488935,-97.740845321,132.4846,5,0.990464,-0.007609,-0.028624,-0.134554
68826.835,30.269508029,-97.740838074,132.5479,5,0.990338,-0.007066,-0.024280,-0.136351
68827.235,30.269529646,-97.740830061,132.6091,5,0.990106,-0.007327,-0.019222,-0.138803
68827.635,30.269553336,-97.740821267,132.6698,5,0.989877,-0.006213,-0.017053,-0.140763
68828.035,30.269578433,-97.740811957,132.7385,5,0.989868,-0.009153,-0.014651,-0.140938
68828.435,30.269603348,-97.740802845,132.8095,5,0.989869,-0.008166,-0.015585,-0.140890
68828.835,30.269627721,-97.740793790,132.8898,1,0.989595,-0.007846,-0.015276,-0.142853
68829.235,30.269651638,-97.740784776,132.9633,5,0.989323,-0.010080,-0.013942,-0.144723
68829.635,30.269675121,-97.740775746,133.0217,1,0.989032,-0.011492,-0.014353,-0.146549
68830.035,30.269698730,-97.740766652,133.0861,5,0.988935,-0.007745,-0.015044,-0.147383
68830.435,30.269722585,-97.740757601,133.1577,5,0.988885,-0.008808,-0.017744,-0.147359
68830.835,30.269746143,-97.740748651,133.2281,1,0.988683,-0.014010,-0.022807,-0.147615
68831.235,30.269769006,-97.740739739,133.3082,5,0.988162,-0.010151,-0.027023,-0.150675
68831.635,30.269791426,-97.740730806,133.3886,1,0.987956,-0.015986,-0.025469,-0.151786
68832.035,30.269813708,-97.740722699,133.4070,5,0.988047,-0.021824,-0.029765,-0.149669
68832.435,30.269835346,-97.740714491,133.4430,5,0.988490,-0.016464,-0.027660,-0.147825
68832.835,30.269856720,-97.740706677,133.4942,1,0.988917,-0.016169,-0.025927,-0.145293
68833.235,30.269877825,-97.740699059,133.5307,5,0.989185,-0.018129,-0.027030,-0.143014
68833.635,30.269898579,-97.740691595,133.5643,1,0.989526,-0.018039,-0.025010,-0.141023
68834.035,30.269918871,-97.740684301,133.6104,5,0.989711,-0.015478,-0.022571,-0.140436
68834.435,30.269938751,-97.740677149,133.6589,5,0.989905,-0.014723,-0.020627,-0.139450
68834.835,30.269958330,-97.740670232,133.7137,1,0.989909,-0.019686,-0.018844,-0.139056
68835.235,30.269977483,-97.740663563,133.7630,5,0.989817,-0.016166,-0.022863,-0.139564
68835.635,30.269996161,-97.740656804,133.8456,1,0.989794,-0.017264,-0.019044,-0.140165
68836.035,30.270014462,-97.740650160,133.8763,5,0.989648,-0.016099,-0.017709,-0.141504
68836.435,30.270032404,-97.740643634,133.9309,5,0.989477,-0.017400,-0.016351,-0.142708
68836.835,30.270049474,-97.740637199,133.9718,1,0.989349,-0.015875,-0.017254,-0.143664
68837.235,30.270065715,-97.740631097,134.0282,5,0.989479,-0.013615,-0.013847,-0.143367
68837.635,30.270080963,-97.740625339,134.0720,1,0.989534,-0.016476,-0.012171,-0.142841
68838.035,30.270095155,-97.740620162,134.1206,5,0.989455,-0.013538,-0.012673,-0.143651
68838.435,30.270108609,-97.740615533,134.1553,5,0.989361,-0.017384,-0.011078,-0.144016
68838.835,30.270120663,-97.740611385,134.2012,5,0.989362,-0.019338,-0.011019,-0.143764
68839.235,30.270130736,-97.740608493,134.2851,5,0.989491,-0.015984,-0.011345,-0.143258
68839.635,30.270139889,-97.740605411,134.3179,5,0.989112,-0.016919,-0.012196,-0.145679
68840.035,30.270144775,-97.740604330,134.3601,5,0.988511,-0.015055,-0.012114,-0.149907
68840.435,30.270151524,-97.740601957,134.3846,5,0.987827,-0.015653,-0.010715,-0.154395
68840.835,30.270156100,-97.740600340,134.4057,5,0.987616,-0.014028,-0.012400,-0.155767
68841.235,30.270159719,-97.740599188,134.4305,5,0.987860,-0.015183,-0.014150,-0.153953
68841.635,30.270165459,-97.740597106,134.4491,5,0.988141,-0.015954,-0.015259,-0.151957
68842.035,30.270170510,-97.740594873,134.4616,5,0.988257,-0.015665,-0.018177,-0.150904
68842.435,30.270176469,-97.740592710,134.4843,5,0.988427,-0.018603,-0.018273,-0.149437
68842.835,30.270182515,-97.740590510,134.5085,5,0.988576,-0.017628,-0.020653,-0.148255
68843.235,30.270188703,-97.740587296,134.5458,5,0.988565,-0.017113,-0.022850,-0.148069
68843.635,30.270194515,-97.740584810,134.5757,5,0.988438,-0.017332,-0.023725,-0.148752
68844.035,30.270201043,-97.740582134,134.5740,5,0.988258,-0.016886,-0.026790,-0.149480
68844.435,30.270208756,-97.740579992,134.5825,5,0.988394,-0.017250,-0.028852,-0.148145
68844.835,30.270217917,-97.740577643,134.5864,5,0.988522,-0.015922,-0.031455,-0.146904
68845.235,30.270229102,-97.740573810,134.6024,5,0.988655,-0.013039,-0.034114,-0.145696
68845.635,30.270242909,-97.740568750,134.6330,5,0.988866,-0.016028,-0.033455,-0.144109
68846.035,30.270258891,-97.740562318,134.5668,5,0.989062,-0.016211,-0.036916,-0.141885
68846.435,30.270276454,-97.740555955,134.6196,5,0.989593,-0.012019,-0.033287,-0.139473
68846.835,30.270295894,-97.740549257,134.6606,5,0.989738,-0.016650,-0.033059,-0.138015
68847.235,30.270316772,-97.740542221,134.7082,5,0.989458,-0.017783,-0.035703,-0.139217
68847.635,30.270339058,-97.740534703,134.7499,5,0.988922,-0.019741,-0.038320,-0.142039
68848.035,30.270363007,-97.740526627,134.8251,5,0.988560,-0.015871,-0.042414,-0.143870
68848.435,30.270388923,-97.740517192,134.8827,5,0.988461,-0.015092,-0.043581,-0.144281
68848.835,30.270417321,-97.740508102,134.9978,1,0.989152,-0.014456,-0.040315,-0.140510
68849.235,30.270447219,-97.740498461,135.1016,5,0.989429,-0.016098,-0.041243,-0.138093
68849.635,30.270478581,-97.740487995,135.2066,1,0.989232,-0.018731,-0.040287,-0.139452
68850.035,30.270511580,-97.740477865,135.4055,5,0.989017,-0.009403,-0.045751,-0.140225
68850.435,30.270544600,-97.740465797,135.5434,5,0.988811,-0.009856,-0.040877,-0.143122
68850.835,30.270578741,-97.740454267,135.7576,1,0.986977,-0.010426,-0.037322,-0.156125
68851.235,30.270612307,-97.740440890,135.9453,5,0.983933,-0.010165,-0.039055,-0.173918
68851.635,30.270643929,-97.740425698,136.1705,1,0.980291,0.006289,-0.043897,-0.192517
68852.035,30.270675160,-97.740409226,136.4227,5,0.979808,0.011253,-0.034487,-0.196624
68852.435,30.270706480,-97.740393338,136.6974,5,0.981696,0.009514,-0.022093,-0.188931
68852.835,30.270738404,-97.740378064,136.9492,1,0.984130,0.010279,-0.012362,-0.176722
68853.235,30.270771475,-97.740363339,137.0770,5,0.986327,0.005693,-0.006232,-0.164586
68853.635,30.270805771,-97.740349322,137.2455,1,0.987937,0.005150,-0.003324,-0.154737
68854.035,30.270841793,-97.740335354,137.3033,5,0.988754,0.004508,-0.005853,-0.149366
68854.435,30.270878548,-97.740321400,137.5090,5,0.989414,0.005559,-0.003716,-0.144966
68854.835,30.270916467,-97.740307052,137.7782,1,0.989637,0.017424,-0.004995,-0.142441
68855.235,30.270956054,-97.740292219,138.0942,5,0.989873,0.014274,-0.004795,-0.141156
68855.635,30.270996897,-97.740277077,138.2724,1,0.989723,-0.004937,-0.001888,-0.142898
68856.035,30.271037317,-97.740261775,138.3994,5,0.989277,-0.009051,0.000831,-0.145771
68856.435,30.271076891,-97.740246565,138.5133,5,0.989235,-0.006557,0.003862,-0.146137
68856.835,30.271116091,-97.740231487,138.6195,1,0.989259,-0.009547,0.005844,-0.145744
68857.235,30.271154680,-97.740216232,138.7441,5,0.989330,-0.006893,0.006147,-0.145399
68857.635,30.271192853,-97.740201890,138.8398,1,0.989207,-0.006560,0.003423,-0.146338
68858.035,30.271231353,-97.740186505,138.9810,5,0.989131,-0.005236,0.005974,-0.146825
68858.435,30.271269900,-97.740171740,139.0951,5,0.989144,-0.005630,0.003615,-0.146797
68858.835,30.271309072,-97.740156844,139.2125,1,0.989234,-0.007301,-0.004100,-0.146103
68859.235,30.271348348,-97.740141730,139.2896,5,0.989161,-0.009139,-0.007999,-0.146334
68859.635,30.271387052,-97.740126651,139.4849,1,0.988343,-0.014272,-0.015531,-0.150775
68860.035,30.271425533,-97.740111110,139.5809,5,0.987866,-0.019849,-0.015123,-0.153289
68860.435,30.271463808,-97.740096028,139.6264,5,0.988886,-0.016588,-0.003611,-0.147701
68860.835,30.271502745,-97.740081393,139.6816,1,0.989572,-0.019235,0.000746,-0.142744
68861.235,30.271541767,-97.740066053,139.9389,5,0.989401,-0.025648,0.011956,-0.142422
68861.635,30.271580687,-97.740050943,139.7583,1,0.989149,-0.023338,0.010630,-0.144661
68862.035,30.271619600,-97.740035216,139.5832,5,0.989036,-0.023092,0.008068,-0.145636
68862.435,30.271658103,-97.740020883,139.5406,5,0.989215,-0.025563,0.011804,-0.143740
68862.835,30.271696583,-97.740006330,139.8533,1,0.989527,-0.021403,0.006374,-0.142609
68863.235,30.271734477,-97.739992026,139.7886,5,0.989599,-0.018098,0.008822,-0.142440
68863.635,30.271771862,-97.739978344,139.7556,1,0.989445,-0.017513,0.007217,-0.143668
68864.035,30.271808375,-97.739964059,139.9043,5,0.989313,-0.015875,0.012601,-0.144392
68864.435,30.271843172,-97.739950714,139.9998,5,0.989127,-0.014635,0.012955,-0.145761
68864.835,30.271877827,-97.739938077,139.9591,1,0.989037,-0.015177,0.008356,-0.146646
68865.235,30.271910733,-97.739925956,139.9781,5,0.989156,-0.008828,0.010392,-0.146237
68865.635,30.271941959,-97.739915044,140.0498,1,0.989219,-0.008064,0.009252,-0.145929
68866.035,30.271970660,-97.739903963,140.1188,5,0.989331,-0.008832,0.007665,-0.145217
68866.435,30.271996610,-97.739894564,140.3315,5,0.989338,-0.006335,0.004786,-0.145422
68866.835,30.272020827,-97.739885020,140.4521,1,0.989405,-0.007441,0.006161,-0.144861
68867.235,30.272042969,-97.739876504,140.6081,5,0.989420,-0.004935,0.003581,-0.144951
68867.635,30.272064087,-97.739868696,140.7000,1,0.989363,-0.004896,0.003480,-0.145341
68868.035,30.272084668,-97.739860784,140.7634,5,0.989366,-0.004333,0.003829,-0.145332
68868.435,30.272103713,-97.739853737,140.8669,5,0.989248,-0.003312,0.005826,-0.146093
68868.835,30.272121699,-97.739845425,140.9175,1,0.988885,-0.005159,0.006369,-0.148453
68869.236,30.272138650,-97.739838311,140.9438,5,0.987902,-0.003126,0.005693,-0.154946
68869.636,30.272153433,-97.739830926,141.1434,1,0.986219,-0.002021,0.003675,-0.165391
68870.036,30.272167002,-97.739823809,141.3645,5,0.984584,-0.004266,0.004028,-0.174815
68870.436,30.272178182,-97.739817953,141.4894,5,0.983398,-0.002987,0.001412,-0.181434
68870.836,30.272188947,-97.739811077,141.6005,1,0.982505,-0.010797,0.003908,-0.185883
68871.236,30.272199821,-97.739804688,141.7784,5,0.981434,-0.015614,0.001947,-0.191153
68871.636,30.272208835,-97.739799457,141.9964,5,0.980275,-0.012784,0.003355,-0.197194
68872.036,30.272220329,-97.739792800,141.2042,5,0.979143,-0.013289,0.002529,-0.202720
68872.436,30.272227407,-97.739788918,141.0322,5,0.978076,-0.012604,-0.000792,-0.207867
68872.836,30.272234039,-97.739784372,141.2991,1,0.976205,-0.011379,-0.001695,-0.216545
68873.236,30.272241235,-97.739780953,141.1046,4,0.974049,-0.008908,-0.004069,-0.226125
68873.636,30.272244977,-97.739778673,141.3310,4,0.972325,-0.005394,-0.007518,-0.233447
68874.036,30.272249343,-97.739775474,141.6607,5,0.970526,-0.004295,-0.007017,-0.240857
68874.436,30.272256309,-97.739772115,139.5177,5,0.967166,-0.011010,0.037283,-0.251156
68874.836,30.272261410,-97.739763307,141.1643,5,0.959481,-0.009164,0.037139,-0.279165
68875.236,30.272272973,-97.739718007,158.4187,5,0.493081,-0.545704,0.474493,-0.483668
68875.636,30.271869585,-97.739529883,157.0307,1,0.875231,0.130060,0.062466,-0.461685
68876.036,30.271509446,-97.738313571,133.8567,5,0.457295,0.031824,0.003634,0.888738
68880.236,30.272269688,-97.739529608,140.4470,5,0.568944,0.014319,-0.134592,-0.811161
68880.636,30.272270936,-97.739501783,140.5955,5,0.567107,0.015549,-0.131964,-0.812855
68881.036,30.272274965,-97.739474048,140.7441,5,0.568329,0.015368,-0.130735,-0.812203
68881.436,30.272267353,-97.739435270,140.9829,5,0.590806,0.018886,-0.084735,-0.802130
68881.836,30.272270477,-97.739402699,141.1224,5,0.590910,0.019581,-0.078623,-0.802659
68882.236,30.272275646,-97.739369290,141.2825,5,0.589835,0.017776,-0.087805,-0.802539
68882.636,30.272282297,-97.739335108,141.4531,5,0.589919,0.017552,-0.083001,-0.802994
68883.036,30.272238677,-97.739260194,141.9249,5,0.606707,0.016800,-0.031784,-0.794112
68883.436,30.272238098,-97.739218038,142.0830,5,0.608651,0.014422,-0.026514,-0.792864
68883.836,30.272239311,-97.739177084,142.1863,5,0.609524,0.008550,-0.026918,-0.792264
68884.236,30.272136562,-97.739064956,141.6095,5,0.592662,0.014430,0.021612,-0.805032
68884.636,30.272123385,-97.739014866,141.6785,5,0.591400,0.018212,0.018544,-0.805959
68885.036,30.272109470,-97.738963447,141.8974,5,0.600422,0.013844,0.015830,-0.799407
68885.436,30.272095743,-97.738912064,141.9796,5,0.599656,0.012240,0.021643,-0.799872
68885.836,30.272081944,-97.738860386,142.0679,5,0.599004,0.010070,0.023188,-0.800347
68886.236,30.272065914,-97.738809132,142.0308,5,0.610111,0.011135,0.024066,-0.791872
68886.636,30.272051894,-97.738757998,142.0839,5,0.609645,0.006454,0.020835,-0.792374
68887.036,30.272037305,-97.738706907,142.1623,5,0.607935,-0.000103,0.022525,-0.793667
68887.436,30.272023246,-97.738656108,142.0775,5,0.609148,-0.007759,0.031093,-0.792409
68887.836,30.272009301,-97.738605227,141.8870,5,0.613677,-0.009575,0.057567,-0.787397
68888.235,30.271995438,-97.738552035,141.1704,4,0.622046,0.002286,0.051884,-0.781257
68888.635,30.271983504,-97.738500503,140.9470,4,0.630804,0.001336,0.050657,-0.774286
68889.035,30.271972018,-97.738446968,140.4729,5,0.637291,-0.001504,0.044859,-0.769315
68889.435,30.271961440,-97.738394703,140.2421,5,0.638753,-0.011988,0.043877,-0.768066
68889.835,30.271950487,-97.738342880,140.0358,5,0.638392,-0.004814,0.046811,-0.768271
68890.235,30.271939429,-97.738291221,139.7757,5,0.633344,-0.006893,0.044468,-0.772561
68890.635,30.271928004,-97.738240526,139.5577,5,0.628966,-0.004940,0.047491,-0.775965
68891.035,30.271915978,-97.738191031,139.3161,5,0.622612,-0.003442,0.049188,-0.780976
68891.435,30.271904043,-97.738143063,139.1207,5,0.619277,0.000063,0.051193,-0.783502
68891.835,30.271892167,-97.738096295,138.9072,5,0.616304,-0.000717,0.050400,-0.785894
68892.235,30.271880950,-97.738051146,138.7212,5,0.614188,-0.005209,0.049484,-0.787590
68892.635,30.271869606,-97.738007563,138.5076,5,0.613100,-0.006558,0.055147,-0.788050
68893.035,30.271859031,-97.737966182,138.2901,5,0.611022,-0.012956,0.044644,-0.790248
68893.435,30.271848748,-97.737927575,138.0964,5,0.611044,-0.012770,0.049662,-0.789934
68893.835,30.271839325,-97.737891872,137.9137,1,0.609667,-0.016071,0.046515,-0.791129
68894.235,30.271830943,-97.737859302,137.7818,5,0.605100,-0.016488,0.045014,-0.794705
68894.635,30.271822732,-97.737829581,137.6346,1,0.603409,-0.017414,0.052022,-0.795543
68895.035,30.271815254,-97.737802717,137.4895,5,0.604421,-0.015970,0.052640,-0.794764
68895.435,30.271808608,-97.737778003,137.3500,5,0.608971,-0.014099,0.054462,-0.791195
68895.835,30.271803236,-97.737754862,137.2104,1,0.623554,-0.014860,0.053197,-0.779827
68896.235,30.271799389,-97.737731768,137.0924,5,0.654221,-0.009130,0.052911,-0.754395
68896.635,30.271798091,-97.737708379,136.9837,1,0.699654,-0.009197,0.053055,-0.712450
68897.036,30.271800107,-97.737684952,136.8638,5,0.753644,-0.010014,0.053862,-0.654995
68897.436,30.271805551,-97.737662124,136.7686,5,0.805868,-0.009144,0.052229,-0.589716
68897.836,30.271814407,-97.737640026,136.6894,1,0.853284,-0.006908,0.052315,-0.518770
68898.236,30.271826813,-97.737618362,136.6360,5,0.893776,-0.004609,0.052989,-0.445349
68898.636,30.271843040,-97.737598585,136.5955,1,0.925912,-0.007001,0.051471,-0.374151
68899.036,30.271862559,-97.737579703,136.5474,5,0.947519,-0.003668,0.047564,-0.316119
68899.436,30.271884949,-97.737562300,136.5355,5,0.962811,-0.000661,0.037105,-0.267615
68899.836,30.271909607,-97.737546600,136.5276,1,0.973028,-0.010866,0.036793,-0.227473
68900.236,30.271936639,-97.737532334,136.4846,5,0.980138,-0.016135,0.030225,-0.195335
68900.636,30.271966319,-97.737518116,136.4252,1,0.983596,-0.022080,0.026812,-0.177010
68901.036,30.271998100,-97.737504843,136.3695,5,0.986705,-0.020250,0.022376,-0.159697
68901.436,30.272032028,-97.737491570,136.2798,5,0.988692,-0.023514,0.019263,-0.146847
68901.836,30.272067554,-97.737478453,136.1756,1,0.989577,-0.029015,0.019219,-0.139737
68902.236,30.272103967,-97.737465759,136.0760,5,0.990239,-0.028245,0.022641,-0.134596
68902.636,30.272141687,-97.737452399,135.9409,1,0.990613,-0.029418,0.021720,-0.131711
68903.036,30.272179543,-97.737439831,135.8185,5,0.990697,-0.033749,0.023197,-0.129778
68903.436,30.272217663,-97.737427296,135.6574,5,0.991251,-0.035205,0.019727,-0.125673
68903.836,30.272255853,-97.737415846,135.5351,1,0.991963,-0.032488,0.019225,-0.120769
68904.236,30.272294754,-97.737403996,135.4010,5,0.991993,-0.032570,0.015900,-0.120980
68904.636,30.272333869,-97.737391919,135.2451,1,0.992209,-0.032842,0.011847,-0.119591
68905.036,30.272373011,-97.737380037,135.1237,5,0.992525,-0.032435,0.013841,-0.116836
68905.436,30.272411654,-97.737368586,135.0056,5,0.992671,-0.034428,0.011347,-0.115280
68905.836,30.272449298,-97.737357791,134.8847,1,0.992715,-0.036677,0.011401,-0.114204
68906.236,30.272485385,-97.737347404,134.7823,5,0.992762,-0.031044,0.007751,-0.115754
68906.636,30.272520086,-97.737337198,134.7138,1,0.992089,-0.034356,0.008385,-0.120453
68907.036,30.272552598,-97.737327391,134.6426,5,0.991719,-0.027626,0.009731,-0.125043
68907.436,30.272582920,-97.737317606,134.5961,5,0.990933,-0.031380,0.010508,-0.130216
68907.836,30.272611059,-97.737308265,134.5403,1,0.990307,-0.029461,0.009113,-0.135430
68908.235,30.272637014,-97.737299386,134.5070,5,0.989818,-0.026413,0.008777,-0.139588
68908.635,30.272661176,-97.737290874,134.4992,1,0.989522,-0.021711,0.010355,-0.142365
68909.035,30.272683399,-97.737283040,134.4945,5,0.989143,-0.026234,0.010926,-0.144184
68909.435,30.272702563,-97.737276218,134.4809,5,0.988846,-0.026088,0.011341,-0.146203
68909.835,30.272718490,-97.737270516,134.5061,1,0.988616,-0.024759,0.013886,-0.147762
68910.235,30.272731102,-97.737265878,134.5208,5,0.988444,-0.023681,0.016093,-0.148856
68910.635,30.272740305,-97.737262681,134.5565,1,0.988219,-0.021307,0.017338,-0.150559
68911.036,30.272746293,-97.737259991,134.6102,5,0.988166,-0.016561,0.016774,-0.151568
68911.436,30.272751263,-97.737258483,134.6288,5,0.988183,-0.009118,0.015127,-0.152258
68911.836,30.272756480,-97.737256760,134.6512,5,0.988190,-0.004272,0.014301,-0.152504
68912.236,30.272763268,-97.737252980,134.6907,5,0.988294,0.007013,0.013190,-0.151830
68912.636,30.272773651,-97.737248847,134.7432,5,0.988344,0.009063,0.014238,-0.151300
68913.036,30.272787850,-97.737242017,134.8150,5,0.989185,0.006922,0.019163,-0.145253
68913.436,30.272806127,-97.737231988,134.8926,5,0.989134,0.009948,0.021127,-0.145149
68913.836,30.272825717,-97.737222984,135.0363,5,0.989342,0.008646,0.024290,-0.143313
68914.236,30.272847322,-97.737216733,135.0893,5,0.989614,0.009720,0.026643,-0.140928
68914.636,30.272871485,-97.737207945,135.1392,5,0.990133,0.015514,0.023009,-0.137356
68915.036,30.272898299,-97.737198672,135.2816,5,0.990473,0.006479,0.022232,-0.135748
68915.436,30.272926781,-97.737188307,135.4106,5,0.990561,0.011802,0.020338,-0.135041
68915.836,30.272957791,-97.737177965,135.5998,1,0.990527,0.009821,0.019733,-0.135535
68916.236,30.272990022,-97.737166242,135.8165,5,0.990328,0.013335,0.020942,-0.136510
68916.636,30.273023386,-97.737153734,136.0470,1,0.990230,0.021239,0.016855,-0.136781
68917.036,30.273057977,-97.737140490,136.3308,5,0.990304,0.024304,0.017364,-0.135664
68917.436,30.273093158,-97.737127308,136.6552,5,0.990241,0.027199,0.015062,-0.135850
68917.836,30.273129798,-97.737113455,136.9685,1,0.990447,0.016657,0.011740,-0.136377
68918.236,30.273166430,-97.737099874,137.2103,5,0.990315,0.014397,0.010034,-0.137722
68918.636,30.273204639,-97.737085875,137.2892,1,0.990144,0.013582,0.003465,-0.139349
68919.036,30.273244276,-97.737070999,137.4544,5,0.990057,0.005544,0.000747,-0.140553
68919.436,30.273284737,-97.737055770,137.5746,5,0.990008,0.001384,-0.000435,-0.141004
68919.836,30.273327233,-97.737039445,137.6301,1,0.989995,-0.003300,0.001026,-0.141063
68920.236,30.273370577,-97.737023435,137.6810,5,0.990289,-0.013147,0.004727,-0.138317
68920.636,30.273414820,-97.737007161,137.6059,1,0.990489,-0.019536,0.008267,-0.135944
68921.036,30.273458150,-97.736991347,137.5425,5,0.990593,-0.022878,0.008026,-0.134679
68921.436,30.273502430,-97.736975436,137.3849,5,0.990325,-0.028755,0.003791,-0.135706
68921.836,30.273547959,-97.736958975,137.1176,1,0.989823,-0.036316,0.004067,-0.137535
68922.236,30.273593702,-97.736941392,136.8680,5,0.989172,-0.043090,0.004881,-0.140208
68922.636,30.273640123,-97.736923249,136.5851,1,0.988630,-0.048094,0.002013,-0.142452
68923.036,30.273687359,-97.736905067,136.2152,5,0.988151,-0.051964,0.002480,-0.144402
68923.436,30.273735683,-97.736886747,135.7813,5,0.987788,-0.054741,0.007719,-0.145663
68923.836,30.273784522,-97.736868112,135.2816,1,0.987341,-0.058034,0.010740,-0.147225
68924.236,30.273834327,-97.736849396,134.7663,5,0.987089,-0.056829,0.017043,-0.148777
68924.636,30.273883967,-97.736829867,134.2000,1,0.987295,-0.054911,0.019929,-0.147772
68925.036,30.273933838,-97.736810163,133.6739,5,0.987366,-0.059912,0.023290,-0.144833
68925.436,30.273983913,-97.736790185,133.1837,1,0.987951,-0.054787,0.031603,-0.141253
68925.836,30.274034712,-97.736770537,132.7196,1,0.988670,-0.052428,0.037612,-0.135533
68926.236,30.274086455,-97.736751289,132.2582,5,0.988726,-0.058537,0.045556,-0.130072
68926.636,30.274138556,-97.736732671,131.7787,1,0.989708,-0.047927,0.038776,-0.129142
68927.036,30.274191439,-97.736713753,131.2761,5,0.989681,-0.052307,0.037624,-0.127982
68927.436,30.274244834,-97.736694381,130.7791,5,0.988938,-0.059056,0.040524,-0.129888
68927.836,30.274298550,-97.736675120,130.2549,1,0.989541,-0.053659,0.024586,-0.131621
68928.236,30.274352626,-97.736655520,129.7631,5,0.989850,-0.055575,0.022231,-0.128894
68928.636,30.274406636,-97.736636270,129.3237,1,0.990017,-0.054860,0.014474,-0.129022
68929.036,30.274460407,-97.736617002,128.9159,5,0.990242,-0.050960,0.012048,-0.129146
68929.436,30.274513346,-97.736597420,128.6007,5,0.990121,-0.044965,0.021479,-0.131058
68929.836,30.274565445,-97.736577974,128.2354,1,0.989541,-0.049092,0.024849,-0.133346
68930.236,30.274617084,-97.736559140,127.9155,5,0.989905,-0.042650,0.011550,-0.134671
68930.636,30.274668250,-97.736539910,127.6370,1,0.990299,-0.040990,0.019892,-0.131272
68931.036,30.274718589,-97.736521820,127.3689,5,0.990464,-0.040759,0.011641,-0.131085
68931.436,30.274768115,-97.736503992,127.1279,5,0.990435,-0.040607,0.002656,-0.131842
68931.836,30.274816807,-97.736486044,126.9199,1,0.990265,-0.039372,0.000162,-0.133509
68932.236,30.274864528,-97.736468376,126.7593,5,0.989957,-0.031027,0.003475,-0.137879
68932.636,30.274911302,-97.736450538,126.6240,1,0.989704,-0.031555,0.003365,-0.139569
68933.036,30.274956781,-97.736432952,126.5269,5,0.989717,-0.035511,0.010776,-0.138143
68933.436,30.275000910,-97.736416251,126.4613,5,0.990127,-0.030921,0.009152,-0.136417
68933.836,30.275044023,-97.736400171,126.3581,1,0.990368,-0.028840,0.006451,-0.135273
68934.236,30.275086460,-97.736385212,126.2628,5,0.990168,-0.029814,0.011178,-0.136209
68934.636,30.275127770,-97.736370049,126.1768,1,0.990226,-0.029062,0.011093,-0.135957
68935.036,30.275167986,-97.736355596,126.0934,5,0.990189,-0.031936,0.006850,-0.135867
68935.436,30.275206595,-97.736341827,125.9758,5,0.990271,-0.032609,-0.001820,-0.135262
68935.836,30.275243402,-97.736328589,125.9145,1,0.990375,-0.030903,-0.005424,-0.134808
68936.235,30.275278356,-97.736316260,125.8498,5,0.990521,-0.028473,-0.004473,-0.134303
68936.635,30.275311408,-97.736304509,125.8054,1,0.990564,-0.028261,-0.006459,-0.133953
68937.035,30.275343088,-97.736293087,125.7731,5,0.990339,-0.028893,-0.004187,-0.135562
68937.435,30.275373157,-97.736282049,125.7344,5,0.989945,-0.030450,-0.002945,-0.138108
68937.835,30.275401295,-97.736271505,125.6963,1,0.989463,-0.029953,-0.003792,-0.141603
68938.235,30.275427345,-97.736261533,125.6675,5,0.989274,-0.028901,-0.003678,-0.143138
68938.635,30.275451391,-97.736252288,125.6319,1,0.989195,-0.032251,-0.001495,-0.143005
68939.035,30.275473373,-97.736244101,125.5916,5,0.989482,-0.029813,-0.001080,-0.141545
68939.435,30.275493496,-97.736236676,125.5671,5,0.989768,-0.028009,-0.004912,-0.139827
68939.835,30.275511684,-97.736230029,125.5499,1,0.989795,-0.027191,-0.009275,-0.139575
68940.235,30.275527992,-97.736224205,125.5421,5,0.989692,-0.028387,-0.011495,-0.139899
68940.635,30.275542210,-97.736219020,125.5281,1,0.989654,-0.027151,-0.013185,-0.140262
68941.035,30.275553984,-97.736214849,125.5119,5,0.989597,-0.026740,-0.014159,-0.140646
68941.435,30.275562860,-97.736211592,125.5060,5,0.989571,-0.026539,-0.014898,-0.140795
68941.835,30.275568995,-97.736209263,125.5106,1,0.989645,-0.024659,-0.013694,-0.140741
68942.235,30.275572911,-97.736207980,125.5108,5,0.989599,-0.023819,-0.014368,-0.141136
68942.635,30.275575089,-97.736207156,125.5111,5,0.989604,-0.023128,-0.014200,-0.141234
68943.035,30.275575939,-97.736206901,125.5080,5,0.989602,-0.022782,-0.014301,-0.141299
68943.435,30.275575849,-97.736206938,125.5056,5,0.989645,-0.020779,-0.014719,-0.141262
68943.835,30.275575801,-97.736206971,125.5046,5,0.989635,-0.020991,-0.014715,-0.141301
68944.235,30.275575812,-97.736207009,125.5026,4,0.989635,-0.021010,-0.014730,-0.141292
68944.635,30.275575770,-97.736207059,125.5015,4,0.989629,-0.020921,-0.014777,-0.141343
68945.035,30.275575895,-97.736207021,125.5065,4,0.989627,-0.020943,-0.014809,-0.141353
68945.435,30.275575882,-97.736207063,125.5065,4,0.989625,-0.020963,-0.014761,-0.141370
68945.835,30.275575872,-97.736207096,125.5096,4,0.989618,-0.020883,-0.014745,-0.141429
68946.236,30.275575967,-97.736206997,125.5147,4,0.989607,-0.020883,-0.014673,-0.141514
68946.636,30.275575966,-97.736207014,125.5157,4,0.989595,-0.020895,-0.014626,-0.141600
68947.036,30.275575970,-97.736206930,125.5138,5,0.989561,-0.020888,-0.014543,-0.141849
68947.436,30.275575965,-97.736206931,125.5129,5,0.989550,-0.020873,-0.014490,-0.141935
68947.836,30.275575956,-97.736206907,125.5138,5,0.989532,-0.020854,-0.014526,-0.142056
68948.236,30.275575956,-97.736206872,125.5088,5,0.989530,-0.020849,-0.014553,-0.142073
68948.636,30.275575950,-97.736206876,125.5088,5,0.989527,-0.020819,-0.014521,-0.142098
68949.036,30.275575956,-97.736206874,125.5088,4,0.989529,-0.020782,-0.014509,-0.142089
68949.436,30.275575947,-97.736206876,125.5089,4,0.989526,-0.020739,-0.014453,-0.142122
68949.836,30.275575935,-97.736206877,125.5080,4,0.989525,-0.020709,-0.014422,-0.142138
68950.236,30.275575912,-97.736206864,125.5080,4,0.989526,-0.020641,-0.014379,-0.142145
68950.636,30.275575887,-97.736206857,125.5070,4,0.989520,-0.020618,-0.014399,-0.142188
68951.036,30.275575897,-97.736206846,125.5069,4,0.989527,-0.020606,-0.014445,-0.142137
68951.436,30.275575868,-97.736206846,125.5060,4,0.989529,-0.020558,-0.014417,-0.142136
68951.836,30.275575830,-97.736206842,125.5060,4,0.989526,-0.020558,-0.014417,-0.142153
68952.236,30.275575840,-97.736206851,125.5049,4,0.989529,-0.020557,-0.014470,-0.142128
68952.636,30.275575798,-97.736206851,125.5049,4,0.989529,-0.020537,-0.014455,-0.142136
68953.036,30.275575837,-97.736206858,125.5069,4,0.989543,-0.020540,-0.014492,-0.142033
68953.436,30.275575787,-97.736206854,125.5069,4,0.989545,-0.020549,-0.014491,-0.142016
68953.836,30.275575737,-97.736206856,125.5069,4,0.989547,-0.020538,-0.014475,-0.142007
68954.236,30.275575801,-97.736206860,125.5059,4,0.989564,-0.020546,-0.014485,-0.141886
68954.636,30.275575746,-97.736206844,125.5059,4,0.989556,-0.020511,-0.014480,-0.141946
68955.036,30.275575819,-97.736206843,125.5059,4,0.989564,-0.020499,-0.014465,-0.141893
68955.436,30.275575773,-97.736206833,125.5059,4,0.989564,-0.020463,-0.014461,-0.141901
68955.836,30.275575726,-97.736206819,125.5059,4,0.989560,-0.020464,-0.014461,-0.141927
68956.236,30.275575772,-97.736206831,125.5059,4,0.989567,-0.020449,-0.014490,-0.141876
68956.636,30.275575727,-97.736206831,125.5039,4,0.989567,-0.020443,-0.014509,-0.141876
68957.036,30.275575780,-97.736206843,125.5049,4,0.989570,-0.020529,-0.014497,-0.141843
68957.436,30.275575727,-97.736206841,125.5039,4,0.989571,-0.020529,-0.014497,-0.141834
68957.836,30.275575682,-97.736206840,125.5049,4,0.989574,-0.020566,-0.014448,-0.141817
68958.236,30.275575765,-97.736206857,125.5050,4,0.989578,-0.020647,-0.014402,-0.141783
68958.636,30.275575728,-97.736206838,125.5060,4,0.989571,-0.020645,-0.014384,-0.141834
68959.036,30.275575802,-97.736206828,125.5071,4,0.989574,-0.020693,-0.014351,-0.141809
68959.436,30.275575765,-97.736206815,125.5071,4,0.989577,-0.020742,-0.014327,-0.141783
68959.836,30.275575728,-97.736206802,125.5081,4,0.989576,-0.020759,-0.014324,-0.141784
68960.237,30.275575909,-97.736206780,125.5059,4,0.989594,-0.020168,-0.014516,-0.141725
68960.637,30.275576246,-97.736206625,125.5070,4,0.989567,-0.020526,-0.014409,-0.141876
68961.037,30.275576652,-97.736206485,125.5092,4,0.989570,-0.020600,-0.014249,-0.141858
68961.437,30.275576904,-97.736206371,125.5103,4,0.989565,-0.020824,-0.014155,-0.141869
68961.837,30.275576903,-97.736206365,125.5103,4,0.989565,-0.020645,-0.014189,-0.141892
68962.237,30.275576990,-97.736206361,125.5103,4,0.989556,-0.020728,-0.014149,-0.141945
68962.637,30.275576988,-97.736206340,125.5123,4,0.989560,-0.020651,-0.014170,-0.141927
68963.037,30.275577043,-97.736206373,125.5113,4,0.989556,-0.020603,-0.014132,-0.141968
68963.437,30.275577048,-97.736206358,125.5103,4,0.989558,-0.020602,-0.014132,-0.141951
68963.837,30.275577053,-97.736206346,125.5093,4,0.989563,-0.020602,-0.014133,-0.141917
68964.237,30.275577039,-97.736206371,125.5092,4,0.989568,-0.020620,-0.014202,-0.141875
68964.637,30.275577039,-97.736206370,125.5083,4,0.989571,-0.020600,-0.014187,-0.141857
68965.037,30.275577034,-97.736206366,125.5082,4,0.989569,-0.020575,-0.014199,-0.141874
68965.437,30.275577031,-97.736206373,125.5082,4,0.989571,-0.020525,-0.014215,-0.141865
68965.837,30.275577031,-97.736206383,125.5082,4,0.989566,-0.020536,-0.014231,-0.141900
68966.237,30.275577029,-97.736206405,125.5082,4,0.989567,-0.020572,-0.014235,-0.141883
68966.637,30.275577027,-97.736206401,125.5082,4,0.989566,-0.020574,-0.014252,-0.141892
68967.037,30.275577012,-97.736206416,125.5082,4,0.989568,-0.020584,-0.014260,-0.141875
68967.437,30.275577013,-97.736206411,125.5082,4,0.989563,-0.020592,-0.014249,-0.141909
68967.837,30.275577024,-97.736206416,125.5082,4,0.989569,-0.020591,-0.014250,-0.141866
68968.237,30.275577015,-97.736206320,125.5073,4,0.989571,-0.020626,-0.014183,-0.141857
68968.637,30.275577017,-97.736206266,125.5073,4,0.989573,-0.020591,-0.014189,-0.141848
68969.037,30.275577034,-97.736206295,125.5072,4,0.989569,-0.020583,-0.014251,-0.141866
68969.437,30.275577035,-97.736206255,125.5082,4,0.989580,-0.020563,-0.014246,-0.141797
68969.837,30.275577111,-97.736206170,125.5050,4,0.989599,-0.019865,-0.014426,-0.141744
68970.237,30.275577664,-97.736206045,125.5040,4,0.989574,-0.019847,-0.014461,-0.141917
68970.637,30.275578722,-97.736205610,125.5041,4,0.989631,-0.018815,-0.014419,-0.141667
68971.037,30.275581108,-97.736204850,125.5039,4,0.989766,-0.016636,-0.015553,-0.140874
68971.437,30.275585350,-97.736203328,125.5051,4,0.990011,-0.017489,-0.016175,-0.138960
68971.837,30.275591401,-97.736201122,125.5127,4,0.990360,-0.015879,-0.015004,-0.136787
68972.237,30.275599842,-97.736198235,125.5165,4,0.990517,-0.015639,-0.015193,-0.135653
68972.637,30.275610486,-97.736194533,125.5197,4,0.990576,-0.015352,-0.017514,-0.134967
68973.037,30.275623538,-97.736189924,125.5252,4,0.990641,-0.015726,-0.015441,-0.134706
68973.437,30.275638901,-97.736184540,125.5299,4,0.990581,-0.015193,-0.017315,-0.134979
68973.837,30.275656615,-97.736178192,125.5379,4,0.990526,-0.015182,-0.016517,-0.135483
68974.237,30.275676452,-97.736171246,125.5453,5,0.990454,-0.015968,-0.015363,-0.136049
68974.637,30.275697895,-97.736163475,125.5582,5,0.990411,-0.015459,-0.012984,-0.136667
68975.037,30.275721163,-97.736155084,125.5600,5,0.989950,-0.018347,-0.014558,-0.139467
68975.437,30.275745760,-97.736145585,125.5671,5,0.988674,-0.013004,-0.015500,-0.148710
68975.837,30.275772052,-97.736134883,125.5904,1,0.987161,-0.014845,-0.017411,-0.158079
68976.237,30.275799563,-97.736122894,125.6148,5,0.986832,-0.016938,-0.007880,-0.160668
68976.637,30.275827773,-97.736110861,125.6589,1,0.987898,-0.012274,0.003184,-0.154588
68977.037,30.275856705,-97.736099226,125.7148,5,0.988920,-0.011553,0.008715,-0.147742
68977.437,30.275886372,-97.736088050,125.7342,5,0.989893,-0.007769,0.007069,-0.141430
68977.837,30.275916916,-97.736076912,125.7837,1,0.990483,-0.008803,0.006726,-0.137185
68978.237,30.275948675,-97.736065441,125.8341,5,0.990628,-0.008706,0.008692,-0.136031
68978.637,30.275982161,-97.736053136,125.8147,1,0.989939,-0.023813,0.012500,-0.138913
68979.037,30.276016810,-97.736040401,125.7153,5,0.989651,-0.032414,0.014262,-0.139055
68979.437,30.276053383,-97.736026894,125.5989,5,0.989942,-0.023955,0.014260,-0.138697
68979.837,30.276091779,-97.736012788,125.5346,1,0.990022,-0.020778,0.014684,-0.138599
68980.237,30.276131764,-97.735998413,125.4773,5,0.990222,-0.015104,0.009187,-0.138373
68980.637,30.276173276,-97.735983316,125.4574,1,0.990216,-0.017699,0.008594,-0.138152
68981.037,30.276215947,-97.735967802,125.4231,5,0.990223,-0.018725,0.009200,-0.137926
68981.437,30.276259690,-97.735951934,125.3750,5,0.990232,-0.021407,0.008498,-0.137512
68981.837,30.276304210,-97.735935823,125.3202,1,0.990260,-0.022893,0.008659,-0.137059
68982.237,30.276349190,-97.735919559,125.2612,5,0.990385,-0.019919,0.010129,-0.136523
68982.637,30.276394396,-97.735903326,125.2316,1,0.990510,-0.018291,0.009575,-0.135880
68983.037,30.276439319,-97.735887351,125.1934,5,0.990578,-0.019538,0.006221,-0.135409
68983.437,30.276483923,-97.735871441,125.1913,5,0.990564,-0.018967,0.005240,-0.135630
68983.837,30.276527835,-97.735855753,125.2466,1,0.990283,-0.015086,0.000432,-0.138249
68984.237,30.276570925,-97.735839846,125.3096,5,0.990150,-0.010852,0.002667,-0.139567
68984.637,30.276613408,-97.735824316,125.4116,1,0.990250,-0.007210,0.000052,-0.139116
68985.037,30.276655688,-97.735808850,125.5259,5,0.990178,-0.006292,-0.002250,-0.139655
68985.437,30.276698137,-97.735793162,125.6497,5,0.990003,-0.005185,-0.002488,-0.140931
68985.837,30.276740809,-97.735777259,125.7842,1,0.989826,-0.004984,-0.002846,-0.142167
68986.237,30.276783728,-97.735761141,125.8940,5,0.989631,-0.010973,-0.001860,-0.143200
68986.637,30.276826486,-97.735745017,125.9768,1,0.989561,-0.008077,-0.002971,-0.143855
68987.037,30.276868975,-97.735728858,126.0119,5,0.989410,-0.014794,-0.000884,-0.144392
68987.437,30.276911275,-97.735712729,126.0593,5,0.989225,-0.020778,0.000662,-0.144917
68987.837,30.276953610,-97.735696656,126.0313,1,0.989051,-0.022008,-0.003362,-0.145882
68988.237,30.276996169,-97.735680289,126.0691,5,0.989287,-0.009825,-0.004252,-0.145590
68988.637,30.277039300,-97.735663759,126.1462,1,0.989474,-0.012524,-0.002435,-0.144144
68989.037,30.277082485,-97.735647567,126.2151,5,0.989915,-0.011850,-0.003362,-0.141128
68989.437,30.277125646,-97.735631695,126.2875,5,0.990052,-0.012313,-0.006306,-0.140018
68989.837,30.277168514,-97.735616002,126.3624,1,0.990152,-0.013548,-0.007941,-0.139111
68990.237,30.277210592,-97.735600668,126.4430,5,0.990177,-0.013737,-0.010774,-0.138724
68990.637,30.277251048,-97.735585872,126.5380,1,0.990107,-0.013057,-0.011595,-0.139223
68991.037,30.277289456,-97.735571712,126.6476,5,0.989977,-0.009486,-0.012087,-0.140390
68991.437,30.277326691,-97.735557802,126.7724,5,0.989779,-0.008090,-0.011552,-0.141908
68991.837,30.277362960,-97.735544113,126.9024,1,0.989556,-0.006989,-0.011596,-0.143510
68992.237,30.277397047,-97.735531015,127.0376,5,0.989338,-0.006415,-0.009766,-0.145166
68992.637,30.277428374,-97.735518836,127.1766,1,0.989125,-0.007505,-0.008918,-0.146617
68993.037,30.277457996,-97.735507295,127.2925,5,0.988932,-0.006768,-0.009859,-0.147889
68993.437,30.277486420,-97.735496074,127.4009,5,0.988796,-0.006798,-0.009523,-0.148812
68993.837,30.277513995,-97.735485174,127.5323,1,0.988724,-0.005137,-0.010062,-0.149322
68994.237,30.277541876,-97.735474100,127.6377,5,0.988696,-0.004942,-0.009746,-0.149536
68994.637,30.277570539,-97.735462557,127.7473,1,0.988691,-0.004794,-0.008524,-0.149646
68995.037,30.277599786,-97.735450848,127.8495,5,0.988677,-0.005549,-0.006626,-0.149813
68995.437,30.277629375,-97.735439064,127.9396,5,0.989047,-0.006655,-0.004046,-0.147394
68995.837,30.277659125,-97.735427577,128.0315,1,0.989436,-0.006746,-0.002523,-0.144789
68996.237,30.277690632,-97.735415342,128.1082,5,0.989120,-0.008502,-0.001826,-0.146853
68996.637,30.277722463,-97.735402823,128.1727,1,0.988096,-0.011208,-0.000353,-0.153430
68997.037,30.277756026,-97.735389070,128.2526,5,0.986815,-0.010514,0.002914,-0.161487
68997.437,30.277791144,-97.735373785,128.3025,5,0.986335,-0.011004,0.003727,-0.164344
68997.837,30.277827056,-97.735358665,128.4081,1,0.986183,-0.005198,0.002085,-0.165564
68998.237,30.277863322,-97.735342955,128.5590,5,0.985912,-0.001319,-0.000732,-0.167260
68998.637,30.277899527,-97.735326582,128.6985,1,0.985362,-0.002941,-0.001794,-0.170438
68999.037,30.277935851,-97.735309778,128.8260,5,0.984751,-0.005215,-0.001179,-0.173888
68999.437,30.277972352,-97.735292708,128.9399,5,0.984315,-0.006074,-0.000401,-0.176317
68999.837,30.278008688,-97.735275492,129.0599,1,0.984437,-0.006359,-0.000364,-0.175621
69000.237,30.278045623,-97.735258355,129.1670,5,0.985059,-0.007935,0.002298,-0.172019
69000.637,30.278083037,-97.735241474,129.2709,1,0.986186,-0.008134,0.006266,-0.165323
69001.037,30.278120942,-97.735225171,129.3596,5,0.987066,-0.010393,0.006952,-0.159828
69001.437,30.278159088,-97.735209380,129.4226,5,0.987725,-0.010811,0.006175,-0.155708
69001.837,30.278196189,-97.735194363,129.5041,1,0.987925,-0.012394,0.008295,-0.154213
69002.237,30.278234971,-97.735178701,129.5599,5,0.987996,-0.015489,0.009947,-0.153379
69002.637,30.278273825,-97.735163175,129.6103,1,0.988087,-0.016617,0.010339,-0.152647
69003.037,30.278312447,-97.735147959,129.6481,5,0.988015,-0.022133,0.009783,-0.152451
69003.437,30.278350283,-97.735132840,129.6391,5,0.987870,-0.021672,0.008112,-0.153547
69003.837,30.278387776,-97.735118211,129.6536,1,0.987815,-0.023248,0.008590,-0.153648
69004.237,30.278424849,-97.735103582,129.6389,5,0.987746,-0.024444,0.008950,-0.153883
69004.637,30.278462093,-97.735088798,129.5896,1,0.987692,-0.022777,0.009428,-0.154457
69005.037,30.278499775,-97.735073748,129.5478,5,0.987206,-0.025138,0.006543,-0.157317
69005.437,30.278537561,-97.735058176,129.4794,5,0.986269,-0.031905,0.003586,-0.161994
69005.837,30.278574256,-97.735042470,129.3748,1,0.984862,-0.029774,-0.001705,-0.170757
69006.237,30.278611374,-97.735025403,129.3318,5,0.983403,-0.029518,0.000173,-0.179016
69006.637,30.278648076,-97.735007738,129.3041,1,0.981980,-0.025252,0.001874,-0.187281
69007.037,30.278683503,-97.734989723,129.3161,5,0.980195,-0.020005,0.005640,-0.196941
69007.437,30.278717486,-97.734971600,129.3322,5,0.977822,-0.023171,0.003843,-0.208118
69007.837,30.278750572,-97.734953164,129.3335,1,0.976062,-0.025452,0.004603,-0.215950
69008.237,30.278781700,-97.734935486,129.3154,5,0.975798,-0.028313,0.005806,-0.216754
69008.637,30.278811577,-97.734918863,129.2988,1,0.975653,-0.029485,0.002149,-0.217320
69009.037,30.278839107,-97.734903406,129.2783,5,0.975486,-0.029434,-0.000692,-0.218085
69009.437,30.278865101,-97.734888620,129.2723,5,0.975366,-0.029533,-0.000717,-0.218606
69009.837,30.278890447,-97.734874332,129.2774,1,0.975379,-0.023741,-0.001418,-0.219250
69010.237,30.278914745,-97.734860600,129.2919,5,0.975441,-0.024020,-0.000960,-0.218944
69010.637,30.278938360,-97.734847441,129.2362,1,0.976083,-0.025734,0.000291,-0.215867
69011.037,30.278960939,-97.734835080,129.1741,5,0.977519,-0.026676,0.000137,-0.209154
69011.437,30.278982604,-97.734823916,129.1488,5,0.979045,-0.026591,-0.001941,-0.201890
69011.837,30.279004159,-97.734812497,128.8101,1,0.980467,-0.028363,-0.002541,-0.194610
69012.237,30.279024042,-97.734802847,128.7188,5,0.981691,-0.030282,-0.002733,-0.188041
69012.637,30.279043165,-97.734794106,128.6883,1,0.983074,-0.028256,-0.001979,-0.181006
69013.037,30.279061847,-97.734786159,128.6661,5,0.984485,-0.028399,-0.006407,-0.173038
69013.437,30.279079230,-97.734779183,128.6718,5,0.985806,-0.019759,-0.010872,-0.166368
69013.837,30.279095563,-97.734772791,128.7113,1,0.986611,-0.016591,-0.010809,-0.161885
69014.237,30.279110854,-97.734766987,128.7527,5,0.987282,-0.018005,-0.009622,-0.157660
69014.637,30.279125044,-97.734761778,128.7855,1,0.987886,-0.017442,-0.009887,-0.153881
69015.037,30.279138187,-97.734757249,128.8253,5,0.988427,-0.017686,-0.010049,-0.150324
69015.437,30.279150205,-97.734753391,128.8602,5,0.989160,-0.017045,-0.011096,-0.145427
69015.837,30.279161002,-97.734749991,128.8938,5,0.989694,-0.017317,-0.011451,-0.141687
69016.237,30.279170406,-97.734747187,128.9236,5,0.990043,-0.018053,-0.011617,-0.139116
69016.637,30.279178358,-97.734744972,128.9551,5,0.990233,-0.018348,-0.011282,-0.137751
69017.037,30.279185166,-97.734742773,128.9587,5,0.990369,-0.017632,-0.011608,-0.136838
69017.437,30.279191363,-97.734741253,128.9848,5,0.990474,-0.017267,-0.011590,-0.136124
69017.837,30.279196689,-97.734740064,129.0102,5,0.990457,-0.017010,-0.011235,-0.136306
69018.237,30.279200581,-97.734735371,128.9457,5,0.990464,-0.016611,-0.010055,-0.136400
69018.637,30.279203378,-97.734732180,128.8591,5,0.990453,-0.015815,-0.008980,-0.136647
69019.037,30.279205576,-97.734730092,128.7649,5,0.990442,-0.016183,-0.009088,-0.136678
69019.437,30.279206732,-97.734726773,128.6128,5,0.990420,-0.016663,-0.009179,-0.136770
69019.837,30.279208175,-97.734726148,128.6107,5,0.990416,-0.015949,-0.009231,-0.136884
69020.237,30.279210221,-97.734724630,128.3021,5,0.990419,-0.016354,-0.008912,-0.136833
69020.637,30.279211171,-97.734724384,128.3000,5,0.990401,-0.016462,-0.008984,-0.136947
69021.037,30.279211503,-97.734724078,128.2990,5,0.990400,-0.016476,-0.008955,-0.136956
69021.437,30.279211527,-97.734724139,128.3010,5,0.990412,-0.015985,-0.008979,-0.136925
69021.837,30.279211549,-97.734724216,128.3010,5,0.990413,-0.016007,-0.009012,-0.136908
69022.237,30.279211470,-97.734724014,128.3021,4,0.990417,-0.016026,-0.008895,-0.136890
69022.637,30.279211474,-97.734724058,128.3012,4,0.990418,-0.015972,-0.008885,-0.136889
69023.037,30.279211466,-97.734723971,128.3022,4,0.990408,-0.016033,-0.008875,-0.136950
69023.437,30.279211476,-97.734723998,128.3032,4,0.990410,-0.015934,-0.008863,-0.136949
69023.837,30.279211478,-97.734724029,128.3022,4,0.990403,-0.015884,-0.008877,-0.137009
69024.237,30.279211437,-97.734723952,128.3022,4,0.990393,-0.015885,-0.008814,-0.137086
69024.637,30.279211432,-97.734723992,128.3022,4,0.990394,-0.015851,-0.008819,-0.137077
69025.037,30.279211414,-97.734723944,128.3003,4,0.990389,-0.015891,-0.008787,-0.137112
69025.437,30.279211403,-97.734723967,128.2993,4,0.990387,-0.015865,-0.008790,-0.137129
69025.837,30.279211387,-97.734724000,128.3003,4,0.990384,-0.015848,-0.008792,-0.137155
69026.237,30.279211394,-97.734723954,128.3023,4,0.990377,-0.015858,-0.008737,-0.137206
69026.637,30.279211375,-97.734723985,128.3034,4,0.990383,-0.015793,-0.008711,-0.137171
69027.037,30.279211369,-97.734723920,128.3024,4,0.990373,-0.015769,-0.008661,-0.137247
69027.437,30.279211341,-97.734723923,128.3015,4,0.990367,-0.015738,-0.008620,-0.137299
69027.837,30.279211307,-97.734723937,128.3025,4,0.990364,-0.015711,-0.008615,-0.137324
69028.237,30.279211344,-97.734723900,128.3025,5,0.990359,-0.015690,-0.008653,-0.137359
69028.637,30.279211303,-97.734723920,128.3014,5,0.990366,-0.015676,-0.008682,-0.137307
69029.037,30.279211342,-97.734723892,128.3004,4,0.990364,-0.015709,-0.008668,-0.137325
69029.437,30.279211296,-97.734723898,128.2994,4,0.990369,-0.015655,-0.008658,-0.137289
69029.837,30.279211245,-97.734723913,128.2994,4,0.990365,-0.015684,-0.008680,-0.137316
69030.237,30.279211268,-97.734723888,128.2984,4,0.990371,-0.015673,-0.008665,-0.137272
69030.637,30.279211209,-97.734723897,128.2985,4,0.990374,-0.015685,-0.008628,-0.137255
69031.037,30.279211277,-97.734723877,128.2975,4,0.990382,-0.015686,-0.008638,-0.137194
69031.437,30.279211227,-97.734723880,128.2964,4,0.990384,-0.015649,-0.008687,-0.137186
69031.837,30.279211163,-97.734723882,128.2964,4,0.990386,-0.015649,-0.008687,-0.137169
69032.237,30.279211241,-97.734723879,128.2954,4,0.990395,-0.015682,-0.008684,-0.137100
69032.637,30.279211186,-97.734723890,128.2934,4,0.990392,-0.015682,-0.008675,-0.137126
69033.037,30.279211281,-97.734723871,128.2944,4,0.990393,-0.015715,-0.008662,-0.137109
69033.437,30.279211233,-97.734723880,128.2945,4,0.990390,-0.015696,-0.008655,-0.137134
69033.837,30.279211181,-97.734723889,128.2925,4,0.990390,-0.015729,-0.008633,-0.137134
69034.237,30.279211263,-97.734723882,128.2955,4,0.990390,-0.015806,-0.008622,-0.137126
69034.637,30.279211220,-97.734723894,128.2965,4,0.990386,-0.015784,-0.008651,-0.137152
69035.037,30.279211314,-97.734723890,128.2954,4,0.990375,-0.015854,-0.008702,-0.137223
69035.437,30.279211287,-97.734723900,128.2944,4,0.990372,-0.015866,-0.008727,-0.137241
69035.837,30.279211255,-97.734723917,128.2943,4,0.990377,-0.015837,-0.008775,-0.137206
69036.237,30.279211331,-97.734723897,128.2973,4,0.990373,-0.015893,-0.008794,-0.137224
69036.637,30.279211309,-97.734723910,128.2973,4,0.990375,-0.015883,-0.008786,-0.137216
69037.037,30.279211349,-97.734723895,128.3003,4,0.990375,-0.015926,-0.008781,-0.137207
69037.437,30.279211336,-97.734723915,128.3003,4,0.990374,-0.015920,-0.008737,-0.137224
69037.837,30.279211323,-97.734723934,128.3003,4,0.990381,-0.015922,-0.008755,-0.137172
69038.237,30.279211393,-97.734723940,128.2993,4,0.990378,-0.015953,-0.008786,-0.137182
69038.637,30.279211395,-97.734723964,128.2983,4,0.990379,-0.015942,-0.008770,-0.137181
69039.037,30.279211419,-97.734723944,128.2993,4,0.990377,-0.015927,-0.008728,-0.137198
69039.437,30.279211424,-97.734723955,128.2983,4,0.990376,-0.015920,-0.008737,-0.137207
69039.837,30.279211431,-97.734723979,128.2984,4,0.990371,-0.015898,-0.008705,-0.137249
69040.237,30.279211422,-97.734723939,128.2984,4,0.990378,-0.015884,-0.008672,-0.137197
69040.637,30.279211425,-97.734723962,128.2984,4,0.990378,-0.015844,-0.008695,-0.137205
69041.037,30.279211432,-97.734723914,128.2964,4,0.990385,-0.015811,-0.008718,-0.137153
69041.437,30.279211430,-97.734723930,128.2964,4,0.990383,-0.015820,-0.008717,-0.137171
69041.837,30.279211425,-97.734723957,128.2944,4,0.990384,-0.015786,-0.008730,-0.137162
69042.237,30.279211401,-97.734723922,128.2954,4,0.990390,-0.015743,-0.008737,-0.137127
69042.637,30.279211388,-97.734723946,128.2964,4,0.990391,-0.015734,-0.008738,-0.137118
69043.037,30.279211373,-97.734723902,128.2964,4,0.990392,-0.015786,-0.008731,-0.137110
69043.437,30.279211351,-97.734723919,128.2953,4,0.990390,-0.015780,-0.008749,-0.137119
69043.837,30.279211326,-97.734723937,128.2953,4,0.990389,-0.015764,-0.008760,-0.137128
69044.237,30.279211360,-97.734723924,128.2944,4,0.990388,-0.015804,-0.008728,-0.137136
69044.637,30.279211339,-97.734723949,128.2944,4,0.990390,-0.015819,-0.008717,-0.137119
69045.037,30.279211366,-97.734723927,128.2945,4,0.990392,-0.015810,-0.008648,-0.137109
69045.437,30.279211343,-97.734723950,128.2955,4,0.990386,-0.015800,-0.008640,-0.137152
69045.837,30.279211318,-97.734723969,128.2955,4,0.990386,-0.015799,-0.008632,-0.137152
69046.237,30.279211346,-97.734723927,128.2955,4,0.990394,-0.015799,-0.008632,-0.137101
69046.637,30.279211320,-97.734723944,128.2945,4,0.990388,-0.015781,-0.008625,-0.137143
69047.037,30.279211346,-97.734723905,128.2945,4,0.990390,-0.015733,-0.008597,-0.137134
69047.437,30.279211322,-97.734723911,128.2935,4,0.990396,-0.015709,-0.008619,-0.137091
69047.837,30.279211289,-97.734723921,128.2925,4,0.990402,-0.015682,-0.008623,-0.137056
69048.237,30.279211318,-97.734723882,128.2935,4,0.990410,-0.015682,-0.008624,-0.136995
69048.637,30.279211279,-97.734723869,128.2906,4,0.990402,-0.015702,-0.008576,-0.137056
69049.037,30.279211325,-97.734723852,128.2925,4,0.990404,-0.015748,-0.008588,-0.137030
69049.437,30.279211290,-97.734723847,128.2915,4,0.990408,-0.015709,-0.008629,-0.137004
69049.837,30.279211250,-97.734723849,128.2905,4,0.990407,-0.015706,-0.008603,-0.137013
69050.237,30.279211298,-97.734723847,128.2915,4,0.990410,-0.015755,-0.008578,-0.136987
69050.637,30.279211265,-97.734723843,128.2915,4,0.990412,-0.015739,-0.008590,-0.136978
69051.037,30.279211323,-97.734723831,128.2925,4,0.990414,-0.015811,-0.008606,-0.136953
69051.437,30.279211296,-97.734723831,128.2925,4,0.990413,-0.015783,-0.008593,-0.136962
69051.837,30.279211263,-97.734723821,128.2915,4,0.990411,-0.015792,-0.008591,-0.136979
69052.237,30.279211328,-97.734723822,128.2935,4,0.990407,-0.015803,-0.008607,-0.137005
69052.637,30.279211302,-97.734723819,128.2925,4,0.990405,-0.015828,-0.008594,-0.137014
69053.037,30.279211354,-97.734723831,128.2925,4,0.990396,-0.015838,-0.008601,-0.137083
69053.437,30.279211331,-97.734723829,128.2915,4,0.990392,-0.015807,-0.008631,-0.137109
69053.837,30.279211364,-97.734723834,128.2925,4,0.990397,-0.015806,-0.008623,-0.137075
69054.237,30.279211352,-97.734723837,128.2946,4,0.990400,-0.015790,-0.008573,-0.137057
69054.637,30.279211389,-97.734723849,128.2935,4,0.990396,-0.015863,-0.008589,-0.137075
69055.037,30.279211374,-97.734723849,128.2925,4,0.990402,-0.015888,-0.008586,-0.137032
69055.437,30.279211397,-97.734723842,128.2945,4,0.990397,-0.015889,-0.008585,-0.137066
69055.837,30.279211382,-97.734723836,128.2945,4,0.990401,-0.015883,-0.008613,-0.137041
69056.237,30.279211367,-97.734723829,128.2935,4,0.990398,-0.015855,-0.008599,-0.137066
69056.637,30.279211382,-97.734723837,128.2935,4,0.990400,-0.015865,-0.008606,-0.137049
69057.037,30.279211393,-97.734723837,128.2955,4,0.990404,-0.015876,-0.008623,-0.137015
69057.437,30.279211382,-97.734723836,128.2955,4,0.990405,-0.015869,-0.008642,-0.137006
69057.837,30.279211398,-97.734723841,128.2954,4,0.990409,-0.015907,-0.008663,-0.136972
69058.237,30.279211397,-97.734723841,128.2944,4,0.990404,-0.015889,-0.008656,-0.137015
69058.637,30.279211387,-97.734723832,128.2944,4,0.990405,-0.015880,-0.008658,-0.137007
69059.037,30.279211416,-97.734723841,128.2944,4,0.990411,-0.015918,-0.008680,-0.136955
69059.437,30.279211410,-97.734723849,128.2954,4,0.990409,-0.015910,-0.008681,-0.136973
69059.837,30.279211424,-97.734723854,128.2944,4,0.990410,-0.015922,-0.008706,-0.136964
69060.238,30.279211422,-97.734723854,128.2944,4,0.990402,-0.015932,-0.008712,-0.137016
69060.638,30.279211422,-97.734723874,128.2944,4,0.990400,-0.015933,-0.008720,-0.137034
69061.038,30.279211425,-97.734723864,128.2944,4,0.990400,-0.015929,-0.008686,-0.137033
69061.438,30.279211426,-97.734723871,128.2944,4,0.990395,-0.015924,-0.008712,-0.137068
69061.838,30.279211429,-97.734723872,128.2943,4,0.990394,-0.015871,-0.008773,-0.137077
69062.238,30.279211433,-97.734723889,128.2943,4,0.990385,-0.015892,-0.008795,-0.137138
69062.638,30.279211447,-97.734723904,128.2942,4,0.990374,-0.015896,-0.008820,-0.137216
69063.038,30.279211429,-97.734723890,128.2953,4,0.990377,-0.015922,-0.008755,-0.137198
69063.438,30.279211427,-97.734723915,128.2943,4,0.990379,-0.015880,-0.008770,-0.137189
69063.838,30.279211426,-97.734723954,128.2943,4,0.990370,-0.015882,-0.008777,-0.137250
69064.238,30.279211429,-97.734723920,128.2953,4,0.990373,-0.015888,-0.008759,-0.137233
69064.638,30.279211428,-97.734723953,128.2943,4,0.990365,-0.015918,-0.008781,-0.137285
69065.038,30.279211425,-97.734723977,128.2943,4,0.990366,-0.015894,-0.008802,-0.137276
69065.438,30.279211429,-97.734723955,128.2933,4,0.990370,-0.015935,-0.008779,-0.137242
69065.838,30.279211424,-97.734723979,128.2943,4,0.990373,-0.015945,-0.008787,-0.137225
69066.238,30.279211412,-97.734723944,128.2943,4,0.990370,-0.015953,-0.008785,-0.137242
69066.638,30.279211431,-97.734723913,128.2933,4,0.990364,-0.015913,-0.008746,-0.137293
69067.038,30.279211432,-97.734723938,128.2933,4,0.990361,-0.015905,-0.008747,-0.137319
69067.438,30.279211430,-97.734723975,128.2923,4,0.990357,-0.015879,-0.008750,-0.137345
69067.838,30.279211429,-97.734724010,128.2924,4,0.990354,-0.015883,-0.008714,-0.137370
69068.238,30.279211432,-97.734723973,128.2934,4,0.990355,-0.015901,-0.008711,-0.137362
69068.638,30.279211430,-97.734724016,128.2923,4,0.990345,-0.015913,-0.008735,-0.137431
69069.038,30.279211430,-97.734724041,128.2923,4,0.990341,-0.015911,-0.008779,-0.137458
69069.438,30.279211429,-97.734723973,128.2933,4,0.990345,-0.015955,-0.008782,-0.137424
69069.838,30.279211431,-97.734724016,128.2942,4,0.990346,-0.015986,-0.008813,-0.137407
69070.238,30.279211441,-97.734723948,128.2963,4,0.990345,-0.015992,-0.008795,-0.137416
69070.638,30.279211437,-97.734723908,128.2952,4,0.990340,-0.015959,-0.008808,-0.137459
69071.038,30.279211440,-97.734723938,128.2962,4,0.990336,-0.015948,-0.008853,-0.137485
69071.438,30.279211443,-97.734723890,128.2942,4,0.990338,-0.015979,-0.008822,-0.137468
69071.838,30.279211450,-97.734723918,128.2952,4,0.990332,-0.015996,-0.008819,-0.137511
69072.238,30.279211451,-97.734723883,128.2922,4,0.990329,-0.015945,-0.008826,-0.137536
69072.638,30.279211461,-97.734723921,128.2922,4,0.990329,-0.016003,-0.008800,-0.137528
69073.038,30.279211435,-97.734723860,128.2923,4,0.990336,-0.016003,-0.008739,-0.137484
69073.438,30.279211443,-97.734723889,128.2923,4,0.990323,-0.016019,-0.008789,-0.137571
69073.838,30.279211455,-97.734723923,128.2932,4,0.990317,-0.016038,-0.008856,-0.137607
69074.238,30.279211470,-97.734723963,128.2942,4,0.990315,-0.016052,-0.008827,-0.137624
69074.638,30.279211468,-97.734723923,128.2942,4,0.990319,-0.016009,-0.008843,-0.137598
69075.038,30.279211487,-97.734723961,128.2962,4,0.990316,-0.016032,-0.008874,-0.137616
69075.438,30.279211510,-97.734724008,128.2971,4,0.990311,-0.016024,-0.008884,-0.137650
69075.838,30.279211473,-97.734723948,128.2952,4,0.990317,-0.016034,-0.008830,-0.137615
69076.238,30.279211496,-97.734723994,128.2953,4,0.990323,-0.016064,-0.008791,-0.137572
69076.638,30.279211520,-97.734724044,128.2952,4,0.990317,-0.016085,-0.008814,-0.137607
69077.038,30.279211498,-97.734723969,128.2943,4,0.990318,-0.016115,-0.008775,-0.137598
69077.438,30.279211519,-97.734723998,128.2952,4,0.990312,-0.016094,-0.008813,-0.137642
69077.838,30.279211552,-97.734724042,128.2972,4,0.990307,-0.016080,-0.008840,-0.137676
69078.238,30.279211521,-97.734723966,128.2952,4,0.990305,-0.016060,-0.008817,-0.137693
69078.638,30.279211557,-97.734724007,128.2983,4,0.990307,-0.016070,-0.008762,-0.137684
69079.038,30.279211509,-97.734723947,128.2963,4,0.990310,-0.016056,-0.008729,-0.137666
69079.438,30.279211540,-97.734723981,128.2974,4,0.990311,-0.016034,-0.008697,-0.137666
69079.838,30.279211502,-97.734723911,128.2944,4,0.990307,-0.016038,-0.008661,-0.137691
69080.238,30.279211456,-97.734723861,128.2915,4,0.990308,-0.016049,-0.008615,-0.137691
69080.638,30.279211474,-97.734723874,128.2924,4,0.990307,-0.016071,-0.008647,-0.137691
69081.038,30.279211445,-97.734723836,128.2915,4,0.990312,-0.016033,-0.008627,-0.137665
69081.438,30.279211466,-97.734723844,128.2914,4,0.990311,-0.016002,-0.008657,-0.137673
69081.838,30.279211487,-97.734723854,128.2914,4,0.990310,-0.015974,-0.008644,-0.137682
69082.238,30.279211491,-97.734723814,128.2904,4,0.990313,-0.015449,-0.008663,-0.137720
69082.638,30.279211828,-97.734723702,128.2915,4,0.990314,-0.015494,-0.008613,-0.137711
69083.038,30.279212498,-97.734723462,128.2926,4,0.990314,-0.015427,-0.008569,-0.137718
69083.438,30.279213585,-97.734723070,128.2936,4,0.990297,-0.014855,-0.008558,-0.137902
69083.838,30.279215521,-97.734722315,128.2955,4,0.990271,-0.014211,-0.008662,-0.138156
69084.238,30.279218491,-97.734721225,128.3007,4,0.990200,-0.014685,-0.008484,-0.138626
69084.638,30.279221914,-97.734719927,128.3084,4,0.990141,-0.015604,-0.007028,-0.139024
69085.038,30.279225307,-97.734718657,128.3178,4,0.990115,-0.016665,-0.006613,-0.139106
69085.438,30.279228410,-97.734717517,128.3215,4,0.990095,-0.016471,-0.006911,-0.139255
69085.838,30.279231348,-97.734716426,128.3253,4,0.990053,-0.016365,-0.007080,-0.139559
69086.238,30.279234415,-97.734715277,128.3244,4,0.990027,-0.016177,-0.006980,-0.139772
69086.638,30.279237974,-97.734713952,128.3266,4,0.990009,-0.014858,-0.007735,-0.140002
69087.038,30.279243350,-97.734712003,128.3280,4,0.989996,-0.014204,-0.007394,-0.140183
69087.438,30.279251336,-97.734708996,128.3392,4,0.989928,-0.013045,-0.007321,-0.140776
69087.838,30.279262036,-97.734704980,128.3510,4,0.989834,-0.012255,-0.007549,-0.141497
69088.238,30.279274845,-97.734700356,128.3624,4,0.990006,-0.010855,-0.008130,-0.140375
69088.638,30.279289219,-97.734695082,128.3825,4,0.990169,-0.012468,-0.007969,-0.139092
69089.038,30.279305140,-97.734689391,128.3973,5,0.990355,-0.011633,-0.009025,-0.137770
69089.438,30.279322531,-97.734683130,128.4224,5,0.990415,-0.010952,-0.009741,-0.137345
69089.838,30.279341117,-97.734676309,128.4466,5,0.990375,-0.012077,-0.007917,-0.137654
69090.238,30.279360966,-97.734669242,128.4629,5,0.990240,-0.013894,-0.007565,-0.138471
69090.638,30.279381842,-97.734661547,128.4811,5,0.990036,-0.013978,-0.007376,-0.139921
69091.038,30.279403631,-97.734653559,128.4997,5,0.989854,-0.016191,-0.006747,-0.141005
69091.438,30.279425424,-97.734645463,128.5158,5,0.989685,-0.017733,-0.006502,-0.142008
69091.838,30.279446840,-97.734637347,128.5339,1,0.989571,-0.015960,-0.005691,-0.143045
69092.238,30.279468253,-97.734629324,128.5516,5,0.989507,-0.015695,-0.003525,-0.143585
69092.638,30.279489866,-97.734621055,128.5703,1,0.989433,-0.013291,-0.003097,-0.144345
69093.038,30.279512431,-97.734612612,128.5825,5,0.989716,-0.015511,-0.002851,-0.142176
69093.438,30.279536027,-97.734604131,128.5887,5,0.990257,-0.014975,-0.007691,-0.138231
69093.838,30.279560740,-97.734595301,128.6067,1,0.990619,-0.014184,-0.008531,-0.135648
69094.238,30.279586188,-97.734586410,128.6719,5,0.990913,0.001372,-0.010814,-0.134061
69094.638,30.279612953,-97.734577027,128.7547,1,0.990894,-0.010335,-0.010422,-0.133841
69095.038,30.279640562,-97.734567350,128.7897,5,0.990938,-0.014614,-0.008575,-0.133249
69095.438,30.279669501,-97.734557180,128.7751,5,0.990782,-0.025926,-0.005261,-0.132857
69095.838,30.279699527,-97.734546815,128.7182,1,0.990879,-0.022568,-0.010219,-0.132454
69096.238,30.279730179,-97.734536212,128.7640,5,0.991186,0.003775,-0.013311,-0.131751
69096.638,30.279761787,-97.734525185,128.9598,1,0.991249,0.001050,-0.009260,-0.131677
69097.038,30.279793970,-97.734514149,129.0876,5,0.991235,0.002866,-0.010293,-0.131680
69097.438,30.279827061,-97.734502790,129.2082,5,0.991203,-0.002589,-0.012060,-0.131774
69097.838,30.279860852,-97.734491270,129.3084,1,0.991186,-0.005213,-0.015823,-0.131423
69098.238,30.279895080,-97.734479578,129.4031,5,0.991241,-0.006796,-0.016011,-0.130912
69098.638,30.279929735,-97.734467608,129.5091,1,0.990792,-0.005130,-0.016882,-0.134239
69099.038,30.279964745,-97.734454776,129.6201,5,0.989926,-0.007822,-0.012620,-0.140802
69099.438,30.279999875,-97.734441407,129.7141,5,0.989315,-0.007415,-0.009354,-0.145305
69099.838,30.280035086,-97.734427778,129.7964,1,0.988246,-0.008851,-0.013878,-0.151986
69100.238,30.280069900,-97.734413652,129.8967,5,0.986593,-0.011179,-0.020683,-0.161495
69100.638,30.280103946,-97.734398583,129.9879,1,0.984043,-0.015139,-0.022470,-0.175853
69101.038,30.280136401,-97.734382347,130.0755,5,0.980070,-0.013746,-0.021037,-0.197056
69101.438,30.280167043,-97.734364531,130.1834,5,0.974101,-0.009913,-0.015603,-0.225357
69101.838,30.280195850,-97.734344789,130.2867,1,0.965305,-0.010930,-0.010725,-0.260674
69102.238,30.280222346,-97.734323358,130.4030,5,0.954895,-0.003646,-0.008380,-0.296804
69102.638,30.280247219,-97.734299713,130.5085,1,0.943412,-0.009238,-0.000574,-0.331493
69103.038,30.280270676,-97.734274280,130.5789,5,0.933467,-0.006292,0.004305,-0.358582
69103.438,30.280293476,-97.734247322,130.6601,5,0.926022,-0.001084,0.004692,-0.377438
69103.838,30.280316200,-97.734219193,130.7564,1,0.921882,-0.002420,0.007103,-0.387398
69104.238,30.280338828,-97.734190077,130.8616,5,0.918777,-0.000400,0.010144,-0.394647
69104.638,30.280361550,-97.734159979,130.9576,1,0.914803,0.000487,0.008990,-0.403800
69105.038,30.280384256,-97.734128739,131.0438,5,0.909370,-0.003649,0.005450,-0.415937
69105.438,30.280406443,-97.734096362,131.1399,5,0.903405,-0.009807,0.002741,-0.428668
69105.838,30.280427784,-97.734062891,131.2220,1,0.897769,-0.002816,0.005513,-0.440424
69106.238,30.280448938,-97.734028756,131.3432,5,0.894125,-0.000957,0.004969,-0.447789
69106.638,30.280469734,-97.733994282,131.4946,1,0.893716,0.005769,0.008772,-0.448510
69107.038,30.280490859,-97.733959692,131.6190,5,0.894950,0.001289,0.011780,-0.446009
69107.438,30.280512589,-97.733925200,131.7253,5,0.898779,0.001411,0.011972,-0.438236
69107.838,30.280535209,-97.733891116,131.8505,1,0.904811,0.003095,0.011457,-0.425648
69108.238,30.280558965,-97.733857627,131.9568,5,0.910904,0.001993,0.011254,-0.412461
69108.638,30.280583643,-97.733824628,132.0703,1,0.915383,-0.001818,0.010390,-0.402446
69109.038,30.280608200,-97.733792453,132.1991,5,0.918453,0.001475,0.012476,-0.395330
69109.438,30.280633063,-97.733761033,132.3117,5,0.920934,-0.000247,0.012697,-0.389512
69109.838,30.280658216,-97.733730005,132.4093,1,0.924181,-0.003022,0.016637,-0.381581
69110.238,30.280683812,-97.733700001,132.4885,5,0.929067,-0.004309,0.016243,-0.369528
69110.638,30.280709713,-97.733671321,132.5543,1,0.934169,-0.004727,0.016048,-0.356440
69111.038,30.280735603,-97.733644206,132.6302,5,0.939164,-0.005182,0.015105,-0.343097
69111.438,30.280761833,-97.733618302,132.7000,5,0.944110,-0.006748,0.015228,-0.329209
69111.838,30.280788197,-97.733593829,132.7553,1,0.948783,-0.008720,0.014092,-0.315494
69112.238,30.280814596,-97.733570662,132.7877,5,0.952772,-0.012109,0.016736,-0.302984
69112.638,30.280840932,-97.733548395,132.8123,1,0.955189,-0.011680,0.016126,-0.295326
69113.038,30.280867301,-97.733526936,132.8353,5,0.958368,-0.011732,0.021044,-0.284516
69113.438,30.280893900,-97.733506585,132.8428,5,0.962133,-0.012481,0.021323,-0.271459
69113.838,30.280920491,-97.733487267,132.8475,1,0.965380,-0.015586,0.022291,-0.259425
69114.238,30.280947067,-97.733468994,132.8247,5,0.968269,-0.017220,0.023337,-0.248220
69114.638,30.280973628,-97.733451633,132.7900,1,0.971040,-0.020565,0.025551,-0.236655
69115.038,30.281000237,-97.733435395,132.7454,5,0.973496,-0.021540,0.022454,-0.226577
69115.438,30.281026479,-97.733419984,132.6938,5,0.975775,-0.022601,0.021834,-0.216508
69115.838,30.281052545,-97.733405434,132.6493,1,0.977992,-0.021922,0.020224,-0.206498
69116.238,30.281078867,-97.733392006,132.6130,5,0.980056,-0.019034,0.017742,-0.197012
69116.638,30.281104246,-97.733379339,132.6021,1,0.982023,-0.017530,0.015002,-0.187346
69117.038,30.281128836,-97.733367849,132.5906,5,0.983578,-0.023106,0.014128,-0.178442
69117.438,30.281151714,-97.733357635,132.5623,5,0.985096,-0.026555,0.012373,-0.169492
69117.838,30.281172779,-97.733348656,132.5303,1,0.986406,-0.027794,0.012212,-0.161499
69118.238,30.281191473,-97.733341252,132.5140,5,0.987583,-0.027411,0.012541,-0.154182
69118.638,30.281206972,-97.733335269,132.4956,1,0.988519,-0.027033,0.012050,-0.148169
69119.038,30.281219291,-97.733330775,132.4846,5,0.989198,-0.026934,0.012685,-0.143530
69119.438,30.281228315,-97.733327554,132.4769,5,0.989733,-0.023875,0.011033,-0.140491
69119.838,30.281236289,-97.733324770,132.4665,1,0.990207,-0.020720,0.008867,-0.137775
69120.238,30.281244339,-97.733321957,132.4571,5,0.990641,-0.016324,0.010674,-0.135094
69120.638,30.281253970,-97.733318688,132.4470,5,0.991067,-0.014122,0.009615,-0.132268
69121.038,30.281266305,-97.733314533,132.4479,5,0.991588,-0.013718,0.010320,-0.128288
69121.438,30.281281260,-97.733309680,132.4447,5,0.992216,-0.010689,0.009977,-0.123669
69121.838,30.281299023,-97.733304212,132.4430,5,0.992927,-0.012838,0.008597,-0.117713
69122.238,30.281319700,-97.733297998,132.4508,5,0.993734,-0.014439,0.011647,-0.110219
69122.638,30.281342518,-97.733291647,132.4382,5,0.994596,-0.016662,0.014263,-0.101476
69123.038,30.281367626,-97.733285288,132.4207,5,0.995478,-0.020206,0.017033,-0.091248
69123.438,30.281393936,-97.733279347,132.3985,5,0.996457,-0.020508,0.018238,-0.079503
69123.838,30.281420756,-97.733274179,132.3712,1,0.997462,-0.021424,0.017704,-0.065552
69124.238,30.281448894,-97.733270040,132.3535,5,0.998471,-0.019885,0.016042,-0.049029
69124.638,30.281477452,-97.733266763,132.3435,1,0.999167,-0.018735,0.016559,-0.032262
69125.038,30.281507512,-97.733264568,132.3251,5,0.999493,-0.021662,0.018212,-0.014620
69125.438,30.281538119,-97.733263416,132.2801,5,0.999518,-0.024253,0.019207,0.002726
69125.838,30.281568407,-97.733263487,132.2447,1,0.999347,-0.024444,0.019336,0.018261
69126.238,30.281599243,-97.733264551,132.1877,5,0.998963,-0.024396,0.019036,0.033384
69126.638,30.281630364,-97.733266842,132.1431,1,0.998157,-0.024242,0.019819,0.051988
69127.038,30.281662435,-97.733271046,132.0770,5,0.996547,-0.025843,0.016410,0.077175
69127.438,30.281694630,-97.733277568,132.0183,5,0.993977,-0.025227,0.011152,0.106056
69127.838,30.281726899,-97.733285700,131.9848,1,0.992490,-0.021704,0.006128,0.120225
69128.238,30.281759481,-97.733293993,131.9545,5,0.992660,-0.022821,0.003152,0.118727
69128.638,30.281792523,-97.733301970,131.9107,1,0.993345,-0.025369,-0.001244,0.112341
69129.038,30.281825883,-97.733309521,131.8589,5,0.993428,-0.023425,0.001847,0.112017
69129.438,30.281859699,-97.733317675,131.8260,5,0.992599,-0.023841,0.005064,0.118965
69129.838,30.281893304,-97.733326492,131.7986,1,0.991930,-0.022695,0.003129,0.124704
69130.238,30.281926473,-97.733335436,131.7533,5,0.991468,-0.026404,-0.000530,0.127648
69130.638,30.281959328,-97.733344652,131.7178,1,0.991194,-0.022106,-0.004231,0.130490
69131.038,30.281992001,-97.733353808,131.6995,5,0.990821,-0.018365,-0.005431,0.133820
69131.438,30.282024818,-97.733363243,131.6979,5,0.989859,-0.022133,0.003140,0.140281
69131.838,30.282057447,-97.733373557,131.6517,1,0.988062,-0.030026,0.005904,0.150985
69132.238,30.282089528,-97.733384817,131.5970,5,0.986594,-0.031733,0.000388,0.160081
69132.638,30.282121077,-97.733396374,131.5324,1,0.985752,-0.025979,-0.002157,0.166175
69133.038,30.282152073,-97.733407988,131.4891,5,0.983645,-0.028029,0.003448,0.177889
69133.438,30.282181998,-97.733420355,131.4651,1,0.981611,-0.025854,0.007156,0.189000
69133.838,30.282210618,-97.733433142,131.4436,1,0.979418,-0.025244,0.008331,0.200083
69134.238,30.282237894,-97.733446176,131.4190,5,0.977013,-0.026454,0.005510,0.211461
69134.638,30.282263832,-97.733459358,131.3969,1,0.975101,-0.026042,0.004500,0.220181
69135.038,30.282288925,-97.733472483,131.3755,5,0.973559,-0.025924,0.005727,0.226890
69135.438,30.282313378,-97.733485782,131.3546,5,0.971842,-0.026472,0.006302,0.234057
69135.838,30.282336708,-97.733499064,131.3352,1,0.970073,-0.025545,0.004347,0.241428
69136.238,30.282358415,-97.733511834,131.3260,5,0.968326,-0.026937,0.002629,0.248218
69136.638,30.282378554,-97.733524045,131.3100,1,0.966569,-0.027671,0.003076,0.254890
69137.038,30.282396910,-97.733535706,131.2986,5,0.964645,-0.025505,0.003323,0.262295
69137.438,30.282414117,-97.733546985,131.2928,5,0.963471,-0.021832,0.000400,0.266922
69137.838,30.282430777,-97.733557776,131.2913,1,0.962248,-0.026479,0.005143,0.270834
69138.238,30.282446356,-97.733568464,131.2772,5,0.960284,-0.023537,0.007681,0.277923
69138.638,30.282461254,-97.733579096,131.2783,1,0.958687,-0.021781,0.003132,0.283612
69139.038,30.282475600,-97.733589265,131.2717,5,0.958004,-0.027503,0.004658,0.285396
69139.438,30.282488768,-97.733598597,131.2664,5,0.957015,-0.024824,0.008043,0.288863
69139.838,30.282500573,-97.733607297,131.2595,5,0.955389,-0.026546,0.007309,0.294065
69140.238,30.282511382,-97.733615514,131.2645,5,0.954275,-0.026880,0.006200,0.297653
69140.638,30.282521438,-97.733623121,131.2586,5,0.953468,-0.025336,0.006798,0.300351
69141.038,30.282530652,-97.733630123,131.2471,5,0.953426,-0.027311,0.007358,0.300299
69141.438,30.282538482,-97.733636114,131.2390,5,0.953602,-0.026292,0.005091,0.299877
69141.838,30.282544941,-97.733640825,131.2386,1,0.953284,-0.027980,0.007485,0.300684
69142.238,30.282550227,-97.733644969,131.2231,5,0.953120,-0.027197,0.007350,0.301280
69142.638,30.282555057,-97.733648566,131.2197,5,0.953262,-0.026322,0.007407,0.300904
69143.038,30.282559856,-97.733652096,131.2152,5,0.953366,-0.025762,0.008085,0.300606
69143.438,30.282564836,-97.733655793,131.2100,5,0.953364,-0.025018,0.007311,0.300695
69143.838,30.282569942,-97.733659614,131.2056,5,0.953302,-0.023805,0.005709,0.301026
69144.238,30.282575276,-97.733663856,131.2026,5,0.953311,-0.024489,0.007162,0.300912
69144.638,30.282580858,-97.733668231,131.1825,5,0.953325,-0.022820,0.004208,0.301054
69145.038,30.282587067,-97.733673254,131.1772,4,0.953020,-0.023203,0.005530,0.301966
69145.438,30.282593378,-97.733678195,131.1694,4,0.952192,-0.022684,0.003245,0.304640
69145.838,30.282599824,-97.733683177,131.1604,4,0.951773,-0.022208,0.002542,0.305989
69146.238,30.282606318,-97.733688578,131.1635,4,0.951288,-0.022959,-0.000375,0.307449
69146.638,30.282612814,-97.733693618,131.1610,4,0.950907,-0.023161,0.000816,0.308609
69147.038,30.282619324,-97.733698876,131.1614,5,0.950538,-0.022707,0.003084,0.309762
69147.438,30.282625742,-97.733704030,131.1586,5,0.950332,-0.022805,0.002377,0.310391
69147.838,30.282632115,-97.733709069,131.1584,5,0.950121,-0.022821,0.003054,0.311032
69148.238,30.282638109,-97.733713992,131.1612,5,0.949647,-0.023273,0.003544,0.312436
69148.638,30.282643580,-97.733718358,131.1613,5,0.949387,-0.023651,0.004302,0.313188
69149.038,30.282648522,-97.733722383,131.1552,4,0.949193,-0.023524,0.005176,0.313770
69149.438,30.282653094,-97.733726119,131.1544,4,0.949019,-0.024111,0.004208,0.314268
69149.838,30.282657245,-97.733729490,131.1562,4,0.948879,-0.024185,0.003998,0.314688
69150.238,30.282661012,-97.733732578,131.1493,5,0.948742,-0.023885,0.005100,0.315107
69150.638,30.282664885,-97.733735754,131.1517,5,0.948452,-0.024272,0.005208,0.315948
69151.038,30.282668761,-97.733738970,131.1516,5,0.948108,-0.024885,0.004907,0.316935
69151.438,30.282672398,-97.733741998,131.1495,5,0.947910,-0.025103,0.004681,0.317513
69151.838,30.282675613,-97.733744675,131.1567,5,0.947720,-0.025431,0.004678,0.318055
69152.238,30.282678225,-97.733746783,131.1481,5,0.947575,-0.025489,0.005053,0.318474
69152.638,30.282680215,-97.733748439,131.1514,5,0.947498,-0.025490,0.005267,0.318701
69153.038,30.282681582,-97.733749546,131.1484,4,0.947465,-0.025458,0.005303,0.318800
69153.438,30.282682655,-97.733750459,131.1514,4,0.947399,-0.025139,0.005387,0.319021
69153.838,30.282683334,-97.733751042,131.1553,4,0.947363,-0.025236,0.005287,0.319120
69154.238,30.282683524,-97.733751205,131.1503,4,0.947352,-0.024911,0.005414,0.319177
69154.638,30.282683569,-97.733751258,131.1553,4,0.947357,-0.024818,0.005464,0.319168
69155.038,30.282683579,-97.733751208,131.1484,4,0.947353,-0.024752,0.005541,0.319185
69155.438,30.282683587,-97.733751226,131.1523,4,0.947362,-0.024495,0.005627,0.319175
69155.838,30.282683853,-97.733751447,131.1523,4,0.947351,-0.024284,0.005707,0.319224
69156.238,30.282684558,-97.733751977,131.1442,4,0.947347,-0.024237,0.005649,0.319239
69156.638,30.282685450,-97.733752682,131.1468,4,0.947253,-0.024879,0.005906,0.319464
69157.039,30.282686212,-97.733753257,131.1363,4,0.947147,-0.026349,0.006575,0.319647
69157.439,30.282686795,-97.733753732,131.1365,4,0.947164,-0.026605,0.006629,0.319576
69157.839,30.282687212,-97.733754097,131.1334,4,0.947167,-0.025534,0.006122,0.319664
69158.239,30.282687776,-97.733754614,131.1317,4,0.947164,-0.025108,0.006550,0.319698
69158.639,30.282688464,-97.733755209,131.1299,4,0.947150,-0.024746,0.006017,0.319778
69159.039,30.282689141,-97.733755806,131.1220,4,0.947150,-0.024435,0.005310,0.319815
69159.439,30.282689805,-97.733756373,131.1211,4,0.947135,-0.024097,0.004713,0.319895
69159.839,30.282690475,-97.733756933,131.1206,4,0.947132,-0.023823,0.004363,0.319928
69160.239,30.282691182,-97.733757522,131.1189,4,0.947107,-0.023372,0.003950,0.320042
69160.639,30.282692061,-97.733758228,131.1198,4,0.947069,-0.023138,0.003907,0.320172
69161.039,30.282693133,-97.733759118,131.1233,5,0.947026,-0.022989,0.004442,0.320302
69161.439,30.282694735,-97.733760389,131.1255,5,0.946949,-0.023013,0.005461,0.320514
69161.839,30.282696889,-97.733762153,131.1236,5,0.946862,-0.022093,0.005969,0.320825
69162.239,30.282700109,-97.733764802,131.1220,5,0.946737,-0.021883,0.006391,0.321199
69162.639,30.282704347,-97.733768323,131.1222,5,0.946688,-0.021776,0.005742,0.321364
69163.039,30.282709252,-97.733772278,131.1186,5,0.947740,-0.022525,0.006764,0.318176
69163.439,30.282714360,-97.733776292,131.1247,5,0.948876,-0.022428,0.006933,0.314774
69163.839,30.282719577,-97.733780280,131.1302,5,0.949935,-0.022892,0.008136,0.311503
69164.239,30.282724889,-97.733784573,131.1226,4,0.950887,-0.022843,0.006828,0.308618
69164.639,30.282730393,-97.733788783,131.1218,4,0.951648,-0.022825,0.007022,0.306262
69165.039,30.282736013,-97.733793066,131.1216,4,0.952266,-0.024437,0.008935,0.304159
69165.439,30.282741680,-97.733797364,131.1189,4,0.953255,-0.023354,0.007056,0.301180
69165.839,30.282747491,-97.733801451,131.1299,4,0.954612,-0.022488,0.010986,0.296797
69166.239,30.282753556,-97.733805961,131.1094,5,0.955872,-0.021307,0.010231,0.292832
69166.639,30.282760337,-97.733810799,131.1040,5,0.957075,-0.020617,0.008435,0.288984
69167.039,30.282767515,-97.733815797,131.1002,5,0.958235,-0.023224,0.009458,0.284881
69167.439,30.282775040,-97.733820959,131.0981,5,0.959558,-0.023222,0.008590,0.280419
69167.839,30.282782668,-97.733826118,131.0936,5,0.960724,-0.023501,0.006335,0.276437
69168.239,30.282790277,-97.733830998,131.1022,4,0.961769,-0.022622,0.009043,0.272778
69168.639,30.282797895,-97.733835938,131.1047,4,0.962712,-0.023567,0.008342,0.269371
69169.039,30.282805309,-97.733840720,131.0975,5,0.963864,-0.021337,0.007296,0.265439
69169.439,30.282812830,-97.733845330,131.1000,5,0.965106,-0.022089,0.008442,0.260790
69169.839,30.282820017,-97.733849649,131.1056,5,0.966053,-0.023163,0.009532,0.257125
69170.239,30.282826419,-97.733853646,131.0937,5,0.966939,-0.022795,0.007190,0.253884
69170.639,30.282832188,-97.733857059,131.0990,5,0.967782,-0.023617,0.007265,0.250576
69171.039,30.282836506,-97.733859613,131.1002,5,0.968276,-0.023538,0.007446,0.248659
69171.439,30.282839601,-97.733861397,131.1052,5,0.968526,-0.024045,0.008222,0.247612
69171.839,30.282841504,-97.733862541,131.1130,5,0.968660,-0.024741,0.007806,0.247031
69172.239,30.282842363,-97.733862961,131.1156,4,0.968730,-0.024649,0.008313,0.246750
69172.639,30.282842443,-97.733863030,131.1157,4,0.968751,-0.023904,0.008674,0.246729
69173.039,30.282842437,-97.733862919,131.1048,4,0.968729,-0.023675,0.008865,0.246830
69173.439,30.282842425,-97.733862912,131.1069,4,0.968720,-0.023781,0.008856,0.246857
69173.839,30.282842486,-97.733862942,131.1088,4,0.968760,-0.022907,0.009071,0.246772
69174.239,30.282843121,-97.733863225,131.0964,4,0.968825,-0.022319,0.008964,0.246577
69174.639,30.282844347,-97.733863949,131.0946,4,0.969012,-0.021679,0.008537,0.245913
69175.039,30.282846152,-97.733865029,131.0925,4,0.969207,-0.021465,0.007696,0.245189
69175.439,30.282848466,-97.733866372,131.0929,4,0.969410,-0.021469,0.007108,0.244403
69175.839,30.282851253,-97.733867954,131.0991,4,0.969655,-0.021147,0.007451,0.243448
69176.239,30.282854650,-97.733869870,131.0879,4,0.969889,-0.021087,0.007296,0.242523
69176.639,30.282858563,-97.733872154,131.0858,4,0.970189,-0.020342,0.004930,0.241442
69177.039,30.282863377,-97.733874716,131.0927,4,0.970420,-0.019730,0.010245,0.240398
69177.439,30.282868928,-97.733878096,131.0821,4,0.970601,-0.020980,0.002414,0.239766
69177.839,30.282874942,-97.733881367,131.0952,4,0.970802,-0.020866,0.005157,0.238917
69178.239,30.282881319,-97.733884987,131.0919,5,0.971074,-0.019544,0.003613,0.237952
69178.639,30.282888309,-97.733888792,131.0980,5,0.971360,-0.019241,0.004697,0.236786
69179.039,30.282895565,-97.733892719,131.1060,4,0.971550,-0.019700,0.005365,0.235951
69179.439,30.282902617,-97.733896522,131.1181,4,0.971731,-0.017730,0.007901,0.235292
69179.839,30.282909858,-97.733900474,131.1205,4,0.971973,-0.016316,0.007853,0.234395
69180.239,30.282917463,-97.733904605,131.1236,4,0.972042,-0.017958,0.009107,0.233940
69180.639,30.282925566,-97.733909023,131.1236,4,0.972145,-0.020432,0.007410,0.233372
69181.039,30.282933978,-97.733913556,131.1260,5,0.972270,-0.021081,0.008469,0.232757
69181.439,30.282942663,-97.733918231,131.1293,5,0.972581,-0.019595,0.008397,0.231584
69181.839,30.282951341,-97.733923052,131.1226,5,0.972816,-0.019095,0.003606,0.230763
69182.239,30.282959769,-97.733927562,131.1302,5,0.972928,-0.019740,0.004800,0.230216
69182.639,30.282968149,-97.733932000,131.1296,5,0.973106,-0.020968,0.004797,0.229351
69183.039,30.282976368,-97.733936476,131.1263,5,0.973878,-0.018205,0.000276,0.226341
69183.439,30.282984653,-97.733940468,131.1186,5,0.975315,-0.021733,0.004687,0.219695
69183.839,30.282992909,-97.733944510,131.1139,5,0.976726,-0.016103,0.004274,0.213844
69184.239,30.283002076,-97.733948878,131.1023,5,0.977609,-0.019038,0.003766,0.209534
69184.639,30.283012736,-97.733953799,131.1060,5,0.978596,-0.015441,0.004717,0.205158
69185.039,30.283024058,-97.733958784,131.1072,5,0.979997,-0.017865,0.006825,0.198091
69185.439,30.283035240,-97.733963445,131.1108,5,0.981092,-0.024966,0.007118,0.191791
69185.839,30.283045725,-97.733967826,131.1069,1,0.982180,-0.025304,0.005510,0.186150
69186.239,30.283054902,-97.733971162,131.1242,5,0.983134,-0.023257,0.010688,0.181089
69186.639,30.283062299,-97.733974151,131.1121,5,0.983792,-0.021499,0.006907,0.177883
69187.039,30.283068232,-97.733976356,131.1200,5,0.984334,-0.020843,0.007084,0.174933
69187.439,30.283073142,-97.733978128,131.1194,5,0.984773,-0.017057,0.009324,0.172757
69187.839,30.283078178,-97.733980097,131.1260,4,0.985191,-0.018072,0.007017,0.170358
69188.239,30.283084199,-97.733982354,131.1248,4,0.985641,-0.014613,0.006122,0.168107
69188.639,30.283092296,-97.733985338,131.1299,4,0.985884,-0.013755,0.005613,0.166770
69189.039,30.283102379,-97.733988979,131.1331,4,0.986056,-0.013204,0.005063,0.165814
69189.439,30.283114258,-97.733993366,131.1359,4,0.986242,-0.012079,0.002662,0.164846
69189.839,30.283127924,-97.733998291,131.1552,4,0.986288,-0.013150,0.002620,0.164489
69190.239,30.283143540,-97.734003839,131.1656,5,0.986460,-0.011257,0.001795,0.163604
69190.639,30.283161356,-97.734010179,131.1868,5,0.987076,-0.010421,-0.000336,0.159912
69191.039,30.283181021,-97.734016801,131.2116,5,0.988122,-0.012197,-0.000840,0.153185
69191.439,30.283201857,-97.734023121,131.2431,5,0.989372,-0.013513,0.001886,0.144764
69191.839,30.283223168,-97.734029338,131.2623,1,0.990548,-0.010923,0.001911,0.136720
69192.239,30.283245410,-97.734035293,131.2919,5,0.991708,-0.011645,0.002352,0.127964
69192.639,30.283268491,-97.734040987,131.3141,1,0.993005,-0.011979,0.002547,0.117435
69193.039,30.283292852,-97.734046058,131.3421,5,0.994519,-0.011818,0.002776,0.103846
69193.439,30.283318163,-97.734050693,131.3707,5,0.996038,-0.011173,0.001026,0.088215
69193.839,30.283344181,-97.734054331,131.4157,1,0.997552,-0.009147,-0.000041,0.069332
69194.239,30.283370810,-97.734056664,131.4463,5,0.998730,-0.008974,-0.000157,0.049574
69194.639,30.283398106,-97.734057961,131.4931,1,0.999493,-0.010404,-0.000374,0.030074
69195.039,30.283426075,-97.734057999,131.5256,5,0.999816,-0.011482,0.000932,0.015326
69195.439,30.283454955,-97.734057558,131.5567,5,0.999930,-0.009961,0.002052,0.006025
69195.839,30.283484846,-97.734056510,131.6090,1,0.999941,-0.009640,0.004033,-0.002867
69196.239,30.283514866,-97.734054916,131.6626,5,0.999867,-0.010726,0.004547,-0.011409
69196.639,30.283544518,-97.734052747,131.7176,1,0.999733,-0.010152,0.004674,-0.020215
69197.039,30.283573614,-97.734049953,131.7749,5,0.999471,-0.010815,0.004972,-0.030267
69197.439,30.283601892,-97.734046613,131.8330,5,0.999132,-0.011623,0.005963,-0.039566
69197.839,30.283629397,-97.734042977,131.8741,1,0.998909,-0.010978,0.004489,-0.045176
69198.239,30.283656234,-97.734039225,131.9194,5,0.998646,-0.013717,0.001406,-0.050160
69198.639,30.283682165,-97.734035264,131.9633,1,0.998403,-0.014267,0.000554,-0.054652
69199.039,30.283706736,-97.734031270,132.0090,5,0.998207,-0.013960,0.001190,-0.058189
69199.439,30.283729883,-97.734027385,132.0561,5,0.998022,-0.013440,0.000530,-0.061413
69199.839,30.283751235,-97.734023682,132.1087,1,0.997841,-0.011649,0.000256,-0.064629
69200.239,30.283771432,-97.734020016,132.1566,5,0.997653,-0.011178,0.001037,-0.067546
69200.639,30.283791136,-97.734016479,132.2025,1,0.997512,-0.012138,0.000180,-0.069437
69201.039,30.283810399,-97.734012959,132.2560,5,0.997412,-0.010698,-0.000217,-0.071095
69201.439,30.283829691,-97.734009394,132.3046,5,0.997334,-0.009702,-0.001318,-0.072314
69201.839,30.283849223,-97.734005762,132.3723,1,0.997275,-0.009554,-0.003220,-0.073079
69202.239,30.283868786,-97.734002067,132.4359,5,0.997188,-0.008912,-0.004280,-0.074286
69202.639,30.283889330,-97.733998445,132.5116,1,0.997014,-0.008418,-0.003738,-0.076664
69203.039,30.283910473,-97.733994434,132.5873,5,0.996924,-0.008776,-0.002308,-0.077846
69203.439,30.283932659,-97.733990093,132.6796,5,0.996869,-0.009231,-0.001286,-0.078517
69203.839,30.283955402,-97.733985869,132.7858,1,0.996800,-0.010103,-0.000229,-0.079292
69204.239,30.283977998,-97.733981303,132.8425,5,0.996738,-0.010236,-0.000465,-0.080051
69204.639,30.284000090,-97.733976820,132.9459,1,0.996640,-0.010115,-0.000138,-0.081274
69205.039,30.284022285,-97.733972036,133.0219,5,0.996588,-0.008759,0.000704,-0.082066
69205.439,30.284046079,-97.733967161,133.0513,5,0.996541,-0.009416,0.001017,-0.082559
69205.839,30.284070548,-97.733962220,133.1175,1,0.996471,-0.008426,0.001126,-0.083506
69206.239,30.284095576,-97.733957083,133.1930,5,0.996413,-0.007363,0.002409,-0.084271
69206.639,30.284120786,-97.733951855,133.2861,1,0.996339,-0.008401,0.004911,-0.084933
69207.039,30.284145404,-97.733946802,133.3911,5,0.996288,-0.006767,0.006564,-0.085561
69207.439,30.284169639,-97.733941836,133.4955,5,0.996350,-0.005186,0.009348,-0.084690
69207.839,30.284193544,-97.733937125,133.6095,1,0.996476,-0.004828,0.010989,-0.083012
69208.239,30.284217330,-97.733932483,133.7092,5,0.996556,-0.004418,0.013155,-0.081748
69208.639,30.284241288,-97.733927997,133.8090,1,0.996629,-0.006369,0.013779,-0.080622
69209.039,30.284264726,-97.733923016,133.9161,5,0.996634,-0.007117,0.013087,-0.080611
69209.439,30.284287773,-97.733918499,133.9961,5,0.996581,-0.007221,0.012235,-0.081392
69209.839,30.284310239,-97.733914249,134.0876,1,0.996499,-0.006424,0.013481,-0.082259
69210.239,30.284332030,-97.733910199,134.1884,5,0.996509,-0.006917,0.014132,-0.081994
69210.639,30.284352992,-97.733906571,134.2858,1,0.996745,-0.007354,0.013645,-0.079115
69211.039,30.284372743,-97.733902816,134.3640,5,0.996766,-0.008590,0.014587,-0.078557
69211.439,30.284390691,-97.733899603,134.4063,5,0.996708,-0.007941,0.015714,-0.079145
69211.839,30.284406702,-97.733896596,134.4517,1,0.995946,-0.008061,0.016080,-0.088136
69212.239,30.284420624,-97.733893741,134.5109,5,0.995078,-0.008491,0.017156,-0.097228
69212.639,30.284432579,-97.733891294,134.5423,1,0.994725,-0.008909,0.017480,-0.100689
69213.039,30.284442644,-97.733889583,134.5862,5,0.995000,-0.007931,0.016541,-0.098173
69213.439,30.284451640,-97.733888271,134.6192,5,0.995286,-0.007548,0.015697,-0.095411
69213.839,30.284459927,-97.733887249,134.6705,1,0.995490,-0.007503,0.014352,-0.093473
69214.239,30.284467276,-97.733886040,134.7614,5,0.995605,-0.007909,0.012584,-0.092463
69214.639,30.284474651,-97.733885069,134.8073,5,0.995582,-0.007493,0.014123,-0.092520
69215.039,30.284481885,-97.733884137,134.8627,5,0.995553,-0.006215,0.014437,-0.092881
69215.439,30.284489283,-97.733883349,134.9131,5,0.995441,-0.005913,0.012324,-0.094391
69215.839,30.284497191,-97.733882231,134.9574,5,0.995052,-0.002079,0.013368,-0.098433
69216.239,30.284506377,-97.733879845,135.0171,5,0.994398,-0.003481,0.013169,-0.104822
69216.639,30.284516531,-97.733877718,135.0839,5,0.993507,-0.004743,0.013906,-0.112822
69217.039,30.284526723,-97.733875539,135.1545,5,0.992523,-0.005336,0.013671,-0.121169
69217.439,30.284536624,-97.733873155,135.2282,5,0.991593,-0.006481,0.013529,-0.128523
69217.839,30.284546698,-97.733870595,135.2970,5,0.990919,-0.006592,0.013393,-0.133627
69218.239,30.284557537,-97.733867744,135.3557,5,0.990549,-0.006025,0.012335,-0.136472
69218.639,30.284569044,-97.733864643,135.4240,5,0.990415,-0.006269,0.012526,-0.137409
69219.039,30.284580599,-97.733861492,135.4833,5,0.990341,-0.004723,0.012764,-0.137986
69219.439,30.284592271,-97.733858312,135.5527,5,0.990281,-0.003347,0.013808,-0.138356
69219.839,30.284604533,-97.733854946,135.6191,5,0.990226,-0.003479,0.014154,-0.138706
69220.239,30.284616650,-97.733851603,135.7022,5,0.990379,-0.003939,0.015022,-0.137507
69220.639,30.284628660,-97.733848563,135.7838,5,0.990831,-0.004919,0.015557,-0.134117
69221.039,30.284639709,-97.733845647,135.8686,4,0.991438,-0.005362,0.014571,-0.129651
69221.439,30.284650275,-97.733843081,135.9436,4,0.992010,-0.006024,0.014561,-0.125168
69221.839,30.284660192,-97.733841084,136.0150,4,0.992488,-0.007452,0.014976,-0.121196
69222.239,30.284669132,-97.733839507,136.0819,5,0.993121,-0.008409,0.014880,-0.115840
69222.639,30.284676977,-97.733838470,136.1465,5,0.993449,-0.008244,0.015297,-0.112950
69223.039,30.284684022,-97.733837500,136.2073,5,0.993596,-0.007949,0.015909,-0.111585
69223.439,30.284690273,-97.733836958,136.2667,5,0.993663,-0.007832,0.016250,-0.110941
69223.839,30.284695845,-97.733836614,136.3267,5,0.993756,-0.007679,0.016242,-0.110120
69224.239,30.284700851,-97.733835010,136.4008,5,0.993768,-0.008175,0.016305,-0.109964
69224.639,30.284704979,-97.733835247,136.4541,5,0.993753,-0.008805,0.019066,-0.109612
69225.039,30.284708186,-97.733835181,136.4896,5,0.993904,-0.008544,0.017787,-0.108473
69225.439,30.284710769,-97.733836418,136.5378,5,0.994079,-0.008317,0.016291,-0.107109
69225.839,30.284712784,-97.733837244,136.5903,5,0.994185,-0.007827,0.015914,-0.106219
69226.239,30.284713803,-97.733837689,136.6453,5,0.994263,-0.007849,0.015901,-0.105481
69226.639,30.284714433,-97.733838531,136.6585,5,0.994325,-0.006998,0.016060,-0.104937
69227.039,30.284714696,-97.733839110,136.7038,5,0.994424,-0.006117,0.015460,-0.104141
69227.439,30.284715308,-97.733838971,136.6880,5,0.994511,-0.005014,0.016418,-0.103210
69227.839,30.284716397,-97.733839774,136.7276,5,0.994530,-0.005426,0.018535,-0.102652
69228.239,30.284717437,-97.733833612,136.6829,5,0.994563,-0.005485,0.019590,-0.102127
69228.639,30.284719244,-97.733834661,136.7303,5,0.994747,-0.004797,0.015793,-0.101024
69229.039,30.284721598,-97.733831106,136.7050,5,0.994753,-0.003510,0.017187,-0.100789
69229.439,30.284725412,-97.733831359,136.7938,5,0.994915,-0.003848,0.019428,-0.098749
69229.839,30.284730074,-97.733830910,136.8685,5,0.995307,-0.004989,0.020835,-0.094364
69230.239,30.284733844,-97.733829860,136.9097,5,0.995674,-0.005577,0.019339,-0.090712
69230.639,30.284737809,-97.733829494,136.9195,5,0.995943,-0.004991,0.018338,-0.087962
69231.039,30.284741855,-97.733828818,136.9573,5,0.996050,-0.003034,0.019805,-0.086507
69231.439,30.284745265,-97.733828531,137.0106,5,0.996092,-0.003400,0.020910,-0.085744
69231.839,30.284747946,-97.733828423,137.0637,5,0.996111,-0.004330,0.020945,-0.085473
69232.239,30.284750211,-97.733828301,137.1146,5,0.996120,-0.004660,0.021663,-0.085172
69232.639,30.284752713,-97.733827706,137.1699,5,0.996134,-0.005035,0.022716,-0.084710
69233.039,30.284753723,-97.733827662,137.1947,5,0.996155,-0.005465,0.023433,-0.084241
69233.439,30.284752282,-97.733828184,137.0540,5,0.996165,-0.005530,0.022869,-0.084272
69233.839,30.284751262,-97.733828738,137.0136,5,0.996183,-0.004837,0.022495,-0.084204
69234.239,30.284750518,-97.733829020,136.9428,5,0.996213,-0.004613,0.022657,-0.083816
69234.639,30.284749290,-97.733828845,136.7013,5,0.996226,-0.004162,0.023099,-0.083561
69235.039,30.284748918,-97.733829200,136.6344,5,0.996239,-0.003510,0.023184,-0.083418
69235.439,30.284751277,-97.733827890,136.5338,5,0.996241,-0.003147,0.022681,-0.083544
69235.839,30.284751989,-97.733827448,136.4986,5,0.996240,-0.002640,0.023347,-0.083393
69236.239,30.284756888,-97.733825295,136.3752,5,0.996248,-0.002718,0.023834,-0.083152
69236.639,30.284758359,-97.733824518,136.3409,5,0.996253,-0.002338,0.024361,-0.082948
69237.039,30.284759441,-97.733823681,136.2881,5,0.996239,-0.002268,0.025327,-0.082838
69237.439,30.284758913,-97.733823857,136.3020,5,0.996247,-0.001486,0.025288,-0.082770
69237.839,30.284758873,-97.733823944,136.3053,5,0.996240,-0.001578,0.025549,-0.082766
69238.239,30.284758554,-97.733823863,136.3521,5,0.996228,-0.001734,0.026219,-0.082696
69238.639,30.284758909,-97.733823701,136.3541,5,0.996209,-0.001222,0.027008,-0.082686
69239.039,30.284760215,-97.733823270,136.3557,5,0.996123,-0.001201,0.029152,-0.082990
69239.439,30.284762537,-97.733822599,136.3546,5,0.996088,-0.000419,0.029866,-0.083163
69239.839,30.284767279,-97.733821338,136.3675,5,0.996012,-0.001238,0.030611,-0.083793
69240.239,30.284772264,-97.733820289,136.3824,5,0.996061,-0.000509,0.027242,-0.084379
69240.639,30.284776956,-97.733819342,136.3977,5,0.995922,0.000598,0.030747,-0.084820
69241.039,30.284783015,-97.733817812,136.4132,5,0.995835,-0.002156,0.031161,-0.085661
69241.439,30.284788295,-97.733816430,136.4275,5,0.995806,-0.003989,0.030648,-0.086115
69241.839,30.284793341,-97.733814913,136.4393,5,0.995724,-0.005402,0.032872,-0.086165
69242.239,30.284797678,-97.733813423,136.4462,5,0.995602,-0.004895,0.035283,-0.086643
69242.639,30.284801035,-97.733812358,136.4471,5,0.995673,-0.003185,0.031942,-0.087210
69243.039,30.284803529,-97.733811557,136.4396,5,0.995754,-0.001692,0.029884,-0.087051
69243.439,30.284804556,-97.733810802,136.4340,5,0.995764,-0.000720,0.029370,-0.087127
69243.839,30.284804986,-97.733810225,136.4180,5,0.995739,-0.000466,0.030162,-0.087145
69244.239,30.284805024,-97.733809499,136.3933,5,0.995758,-0.000824,0.028793,-0.087381
69244.639,30.284802916,-97.733809457,136.3731,5,0.995780,-0.000696,0.027854,-0.087435
69245.039,30.284801791,-97.733811009,136.3448,5,0.995790,-0.000608,0.027566,-0.087414
69245.439,30.284798100,-97.733810363,136.3511,5,0.995773,0.000688,0.027838,-0.087525
69245.839,30.284794880,-97.733810393,136.3341,5,0.995770,0.000993,0.027811,-0.087560
69246.239,30.284792558,-97.733810402,136.3147,5,0.995763,0.002017,0.027458,-0.087737
69246.639,30.284791169,-97.733810208,136.3016,5,0.995811,0.002444,0.025765,-0.087696
69247.039,30.284792014,-97.733809558,136.2926,5,0.995843,0.001860,0.026570,-0.087104
69247.439,30.284794820,-97.733808399,136.2900,5,0.995985,0.001301,0.026127,-0.085615
69247.839,30.284799100,-97.733806881,136.2898,5,0.996186,-0.001154,0.025954,-0.083295
69248.239,30.284803045,-97.733805860,136.3072,5,0.996369,-0.004549,0.026283,-0.080860
69248.639,30.284809390,-97.733804568,136.3496,5,0.996342,-0.004629,0.033954,-0.078283
69249.039,30.284813365,-97.733803229,136.3525,5,0.996351,-0.006305,0.037917,-0.076207
69249.439,30.284816788,-97.733802072,136.3453,5,0.996674,-0.004266,0.033704,-0.074067
69249.839,30.284819795,-97.733801060,136.3383,5,0.997051,0.000348,0.028030,-0.071440
69250.239,30.284822707,-97.733799721,136.3310,5,0.997113,0.002306,0.032681,-0.068494
69250.639,30.284826015,-97.733798516,136.3254,5,0.997271,0.002048,0.032201,-0.066402
69251.039,30.284830508,-97.733797535,136.3230,5,0.997567,-0.003006,0.025231,-0.064918
69251.439,30.284835188,-97.733796160,136.3130,5,0.997623,-0.005478,0.026038,-0.063561
69251.839,30.284840130,-97.733796178,136.2727,5,0.997723,-0.005940,0.023257,-0.063022
69252.239,30.284845409,-97.733796800,136.2394,5,0.997748,-0.005772,0.022189,-0.063028
69252.639,30.284848112,-97.733796755,136.2366,5,0.997783,-0.002817,0.020027,-0.063411
69253.039,30.284850625,-97.733797417,136.2293,5,0.997817,-0.004524,0.016475,-0.063789
69253.439,30.284853375,-97.733797180,136.2392,5,0.997797,-0.005075,0.013124,-0.064825
69253.839,30.284858826,-97.733795786,136.2415,5,0.997663,-0.002503,0.011775,-0.067258
69254.239,30.284862620,-97.733794784,136.2675,5,0.997323,-0.006187,0.015769,-0.071132
69254.639,30.284865428,-97.733794024,136.2484,5,0.997082,-0.003733,0.010085,-0.075575
69255.039,30.284866561,-97.733796114,136.2154,5,0.996751,-0.005105,0.012496,-0.079405
69255.439,30.284865076,-97.733795613,136.2374,5,0.996514,-0.006025,0.012485,-0.082264
69255.839,30.284861817,-97.733795566,136.2510,5,0.996377,-0.006466,0.013810,-0.083664
69259.539,30.285171583,-97.733657737,134.9841,5,0.925716,0.040742,-0.002278,-0.376012
69259.939,30.285176372,-97.733647208,134.9489,5,0.890290,0.031106,0.002237,-0.454324
69260.339,30.285195781,-97.733622748,135.1619,5,0.860180,-0.011475,0.009033,-0.509782
69260.739,30.285201437,-97.733604112,135.1844,5,0.816709,-0.002879,0.009642,-0.576962
69261.140,30.285205436,-97.733584411,135.2184,5,0.782121,-0.001701,0.013326,-0.622982
69261.540,30.285208178,-97.733563472,135.3027,5,0.774353,0.005735,0.016521,-0.632512
69261.940,30.285209504,-97.733542779,135.3276,5,0.754616,0.009278,0.018134,-0.655850
69262.340,30.285210155,-97.733521599,135.3497,5,0.739902,0.008610,0.018812,-0.672396
69262.740,30.285210151,-97.733500736,135.3686,5,0.729188,0.007956,0.020414,-0.683963
69263.140,30.285210368,-97.733479264,135.5208,5,0.716734,0.005880,0.020307,-0.697026
69263.540,30.285209714,-97.733458860,135.5611,5,0.710773,0.009260,0.017979,-0.703130
69263.940,30.285208893,-97.733438065,135.6118,5,0.707903,0.009707,0.019404,-0.705976
69264.340,30.285206640,-97.733417168,135.5315,5,0.703868,0.011491,0.019767,-0.709962
69264.740,30.285205681,-97.733397058,135.5813,5,0.701826,0.013366,0.017963,-0.711997
69265.140,30.285204359,-97.733375866,135.6121,4,0.698218,0.017570,0.018451,-0.715432
69265.540,30.285203051,-97.733353291,135.6724,4,0.696426,0.019182,0.016257,-0.717188
69265.940,30.285201499,-97.733328900,135.7303,4,0.695301,0.014655,0.025570,-0.718114
69266.340,30.285199846,-97.733302951,135.7113,4,0.692558,0.018826,0.020820,-0.720815
69266.740,30.285198230,-97.733276507,135.7596,4,0.692331,0.015238,0.023223,-0.721045
69267.140,30.285196307,-97.733248547,135.7515,5,0.691392,0.016450,0.023129,-0.721922
69267.540,30.285194630,-97.733220184,135.7799,5,0.692679,0.014256,0.024342,-0.720694
69267.940,30.285192841,-97.733190324,135.8091,5,0.692331,0.015772,0.022201,-0.721066
69268.340,30.285191790,-97.733158618,135.8672,5,0.694107,0.013052,0.023545,-0.719368
69268.740,30.285189889,-97.733126572,135.9052,1,0.692484,0.013478,0.022145,-0.720967
69269.140,30.285187863,-97.733094649,135.9559,5,0.689948,0.010632,0.022093,-0.723444
69269.540,30.285185703,-97.733062834,135.9987,1,0.687063,0.004883,0.019423,-0.726322
69269.940,30.285183376,-97.733031576,136.0462,1,0.684358,0.009534,0.012576,-0.728975
69270.340,30.285180790,-97.733000205,136.1205,5,0.682896,0.009096,0.015468,-0.730295
69270.740,30.285178048,-97.732968269,136.1746,1,0.682712,0.006498,0.014634,-0.730512
69271.140,30.285175312,-97.732935543,136.2237,5,0.683000,0.003098,0.014485,-0.730268
69271.540,30.285172434,-97.732901922,136.2628,1,0.683888,-0.003860,0.009898,-0.729510
69271.940,30.285169717,-97.732867589,136.2980,1,0.684015,-0.009641,0.005446,-0.729384
69272.340,30.285166865,-97.732833244,136.3587,5,0.685068,-0.008584,-0.000311,-0.728429
69272.740,30.285164162,-97.732802992,136.5263,1,0.683710,-0.009428,-0.004398,-0.729679
69273.140,30.285161285,-97.732768852,136.6276,5,0.683038,-0.011719,-0.009660,-0.730225
69273.540,30.285158093,-97.732730082,136.6643,1,0.683049,-0.024952,-0.015606,-0.729779
69273.940,30.285155372,-97.732692959,136.7049,1,0.683513,-0.030573,-0.020942,-0.728997
69274.340,30.285152853,-97.732657375,136.7767,5,0.686015,-0.038021,-0.022220,-0.726254
69274.740,30.285149762,-97.732617487,136.7775,1,0.689167,-0.041993,-0.026687,-0.722892
69275.140,30.285147578,-97.732581952,136.8260,5,0.689532,-0.042725,-0.023277,-0.722619
69275.540,30.285145314,-97.732542679,136.8140,1,0.689862,-0.040205,-0.021099,-0.722515
69275.940,30.285142615,-97.732505854,136.8444,1,0.689147,-0.037858,-0.021633,-0.723308
69276.340,30.285140096,-97.732469340,136.9156,5,0.687777,-0.035373,-0.023625,-0.724675
69276.740,30.285136119,-97.732431389,136.8782,1,0.686194,-0.037377,-0.022258,-0.726117
69277.140,30.285133131,-97.732394991,136.9586,5,0.684688,-0.035024,-0.026126,-0.727525
69277.540,30.285129879,-97.732358011,137.0651,1,0.682871,-0.032318,-0.027913,-0.729290
69277.940,30.285126274,-97.732320191,137.1940,1,0.680695,-0.027964,-0.027580,-0.731514
69278.340,30.285122052,-97.732281394,137.3412,5,0.678600,-0.027988,-0.027353,-0.733465
69278.740,30.285117803,-97.732242610,137.4434,1,0.677116,-0.026903,-0.027003,-0.734888
69279.140,30.285113805,-97.732204351,137.6000,5,0.674950,-0.026123,-0.030354,-0.736776
69279.540,30.285109643,-97.732166309,137.7699,1,0.676970,-0.023796,-0.023710,-0.735244
69279.940,30.285105807,-97.732128448,137.9036,1,0.678750,-0.023317,-0.025622,-0.733551
69280.340,30.285102131,-97.732090365,138.0589,5,0.680808,-0.021987,-0.025337,-0.731693
69280.740,30.285098515,-97.732051898,138.2203,1,0.681820,-0.019213,-0.024109,-0.730870
69281.140,30.285094906,-97.732012925,138.3976,5,0.681701,-0.016344,-0.023070,-0.731084
69281.540,30.285091288,-97.731973509,138.6029,1,0.679807,-0.013048,-0.023542,-0.732897
69281.940,30.285087501,-97.731933698,138.8127,1,0.677532,-0.013317,-0.024666,-0.734959
69282.340,30.285083621,-97.731893634,139.0318,5,0.675529,-0.013419,-0.027844,-0.736685
69282.740,30.285079533,-97.731853386,139.2703,1,0.672004,-0.017184,-0.031654,-0.739671
69283.140,30.285075309,-97.731813136,139.5030,5,0.673251,-0.017225,-0.033042,-0.738474
69283.540,30.285071638,-97.731772848,139.7236,1,0.681927,-0.018273,-0.030141,-0.730570
69283.940,30.285068508,-97.731733078,139.9680,1,0.688560,-0.012330,-0.032663,-0.724339
69284.340,30.285065969,-97.731693494,140.2348,5,0.693929,-0.009179,-0.032301,-0.719260
69284.740,30.285063847,-97.731653981,140.4955,1,0.695732,-0.010342,-0.033735,-0.717434
69285.140,30.285061707,-97.731614421,140.7685,5,0.694414,-0.009392,-0.036809,-0.718572
69285.540,30.285059189,-97.731574298,141.0547,1,0.694112,-0.002232,-0.033052,-0.719105
69285.940,30.285056499,-97.731533403,141.3629,1,0.693364,0.001722,-0.026615,-0.720094
69286.340,30.285053466,-97.731491714,141.6841,5,0.692195,0.014411,-0.015813,-0.721394
69286.740,30.285050515,-97.731449296,141.9952,1,0.690956,0.024089,-0.016632,-0.722304
69287.140,30.285047559,-97.731406339,142.3750,5,0.688503,0.022792,-0.019146,-0.724622
69287.540,30.285044411,-97.731362940,142.7580,5,0.687405,0.022878,-0.018122,-0.725688
69287.940,30.285041261,-97.731319617,143.1533,1,0.685425,0.021075,-0.027290,-0.727326
69288.340,30.285038046,-97.731276448,143.5772,5,0.687020,0.020839,-0.029228,-0.725752
69288.740,30.285035056,-97.731234333,144.0206,1,0.689519,0.020654,-0.027429,-0.723453
69289.140,30.285032562,-97.731194081,144.4391,5,0.692909,0.021798,-0.031957,-0.719986
69289.540,30.285030257,-97.731155261,144.8583,5,0.693362,0.020590,-0.032883,-0.719544
69289.940,30.285027792,-97.731118402,145.2491,1,0.692343,0.017908,-0.034026,-0.720543
69290.340,30.285025370,-97.731083884,145.6137,5,0.692695,0.015663,-0.034652,-0.720228
69290.740,30.285023051,-97.731052017,145.9734,1,0.690050,0.015606,-0.037232,-0.722635
69291.140,30.285020805,-97.731022291,146.2923,5,0.689292,0.013184,-0.034182,-0.723557
69291.540,30.285018914,-97.730994926,146.5786,5,0.686546,0.014368,-0.025233,-0.726506
69291.940,30.285016790,-97.730970439,146.8327,1,0.685336,0.023444,-0.032246,-0.727135
69292.340,30.285015654,-97.730948485,147.0787,5,0.679651,0.018357,-0.030202,-0.732684
69292.740,30.285014041,-97.730929425,147.2674,1,0.677329,0.012642,-0.034351,-0.734770
69293.140,30.285012517,-97.730912888,147.4249,5,0.675590,0.009960,-0.033639,-0.736442
69293.540,30.285011241,-97.730898178,147.5576,5,0.672110,-0.000603,-0.028789,-0.739891
69293.940,30.285009866,-97.730885443,147.6617,1,0.670202,-0.001473,-0.024653,-0.741767
69294.340,30.285008523,-97.730874611,147.7511,5,0.668894,0.001149,-0.023309,-0.742992
69294.740,30.285007456,-97.730865045,147.8249,5,0.668116,0.004105,-0.026392,-0.743577
69295.140,30.285006253,-97.730854925,147.9075,5,0.670219,0.006934,-0.029335,-0.741551
69295.540,30.285005391,-97.730842559,148.0031,5,0.684281,0.007982,-0.029003,-0.728598
69295.940,30.285005429,-97.730827691,148.0961,5,0.709729,-0.000010,-0.025399,-0.704017
69296.340,30.285006929,-97.730810742,148.1919,5,0.746727,-0.006928,-0.020412,-0.664782
69296.740,30.285010814,-97.730791956,148.2495,5,0.787565,-0.016377,-0.020978,-0.615656
69297.140,30.285017382,-97.730771489,148.3106,5,0.830010,-0.015843,-0.020567,-0.557145
69297.540,30.285027886,-97.730750102,148.3078,5,0.868137,-0.036471,-0.023786,-0.494410
69297.940,30.285041365,-97.730728157,148.2985,5,0.899883,-0.026924,-0.017266,-0.434956
69298.340,30.285059036,-97.730706413,148.2638,5,0.927108,-0.033260,-0.009656,-0.373191
69298.740,30.285080553,-97.730685731,148.1701,1,0.948004,-0.036522,-0.005364,-0.316111
69299.140,30.285105661,-97.730666385,148.0487,5,0.963838,-0.036785,-0.000927,-0.263937
69299.540,30.285134316,-97.730648657,147.8957,1,0.975267,-0.040791,0.002768,-0.217217
69299.940,30.285166160,-97.730631905,147.7182,1,0.981082,-0.039525,0.008499,-0.189326
69300.340,30.285200859,-97.730615808,147.5207,5,0.985194,-0.037523,0.014329,-0.166673
69300.740,30.285239088,-97.730600707,147.3063,1,0.987666,-0.041000,0.002967,-0.151084
69301.140,30.285279084,-97.730585852,147.0508,5,0.989354,-0.042459,-0.004393,-0.139130
69301.540,30.285321978,-97.730571160,146.7939,1,0.990418,-0.042437,-0.005440,-0.131306
69301.940,30.285366416,-97.730556053,146.5178,1,0.990556,-0.044807,-0.007970,-0.129338
69302.340,30.285412831,-97.730540321,146.2137,5,0.990655,-0.043341,-0.008147,-0.129066
69302.740,30.285461543,-97.730524404,145.9164,1,0.990711,-0.044627,-0.008335,-0.128181
69303.140,30.285511660,-97.730507677,145.5951,5,0.990984,-0.045471,-0.006217,-0.125871
69303.540,30.285563301,-97.730491468,145.2509,1,0.991434,-0.047252,-0.005680,-0.121630
69303.940,30.285616557,-97.730474982,144.9064,1,0.991757,-0.048867,-0.009482,-0.118072
69304.340,30.285670890,-97.730458336,144.5520,5,0.992060,-0.048286,-0.008303,-0.115826
69304.740,30.285726582,-97.730441577,144.1837,1,0.992235,-0.047873,-0.009403,-0.114411
69305.139,30.285783124,-97.730424782,143.8505,5,0.992723,-0.044318,-0.009028,-0.111603
69305.539,30.285840343,-97.730408046,143.5377,1,0.992957,-0.043967,-0.010599,-0.109500
69305.939,30.285897992,-97.730391449,143.2564,1,0.993017,-0.038863,-0.013403,-0.110578
69306.339,30.285955453,-97.730374354,143.0590,5,0.993147,-0.032585,-0.011351,-0.111664
69306.739,30.286012876,-97.730357264,142.9135,1,0.993066,-0.028271,-0.011837,-0.113496
69307.139,30.286069890,-97.730339766,142.8405,5,0.992875,-0.024208,-0.007857,-0.116409
69307.539,30.286126080,-97.730321999,142.8154,1,0.992555,-0.022468,-0.003824,-0.119649
69307.939,30.286180664,-97.730304623,142.8459,1,0.992326,-0.020770,-0.005858,-0.121755
69308.339,30.286232626,-97.730287732,142.9049,5,0.992375,-0.018239,-0.005139,-0.121793
69308.739,30.286282204,-97.730271734,142.9818,1,0.992453,-0.015352,-0.006131,-0.121508
69309.139,30.286329541,-97.730256583,143.0728,5,0.992536,-0.010022,-0.009590,-0.121163
69309.539,30.286375493,-97.730241915,143.1759,1,0.992670,-0.010232,-0.010349,-0.119975
69309.939,30.286420444,-97.730227658,143.3050,1,0.992873,-0.008560,-0.008690,-0.118553
69310.339,30.286464438,-97.730213923,143.4444,5,0.992738,-0.009549,-0.012415,-0.119276
69310.739,30.286507384,-97.730200234,143.5632,1,0.992872,-0.008982,-0.009369,-0.118474
69311.139,30.286549231,-97.730187311,143.6672,5,0.992927,-0.010076,-0.010123,-0.117866
69311.539,30.286589578,-97.730174790,143.7762,1,0.992946,-0.007921,-0.011003,-0.117786
69311.939,30.286628891,-97.730162477,143.8869,1,0.992984,-0.008987,-0.008822,-0.117579
69312.339,30.286667342,-97.730150712,143.9817,5,0.993078,-0.007854,-0.008205,-0.116907
69312.739,30.286704964,-97.730139198,144.0694,1,0.993107,-0.013741,-0.008278,-0.116112
69313.139,30.286741744,-97.730128092,144.1230,5,0.993185,-0.012731,-0.008632,-0.115525
69313.539,30.286777859,-97.730117080,144.1770,1,0.993027,-0.014832,-0.009383,-0.116577
69313.939,30.286813498,-97.730106077,144.2210,1,0.993054,-0.014755,-0.007680,-0.116479
69314.339,30.286848704,-97.730095383,144.2338,5,0.992969,-0.020346,-0.009323,-0.116238
69314.739,30.286883274,-97.730084900,144.2401,1,0.993033,-0.018373,-0.011591,-0.115815
69315.139,30.286917897,-97.730074371,144.2566,5,0.993051,-0.018964,-0.012028,-0.115526
69315.539,30.286952665,-97.730063819,144.2588,1,0.993034,-0.018820,-0.012667,-0.115619
69315.939,30.286987840,-97.730053053,144.2600,1,0.993018,-0.019236,-0.011693,-0.115793
69316.339,30.287023249,-97.730042218,144.2566,5,0.992834,-0.022245,-0.012676,-0.116727
69316.739,30.287058357,-97.730031326,144.2431,1,0.992696,-0.023882,-0.011381,-0.117706
69317.139,30.287093014,-97.730020569,144.2264,5,0.992635,-0.024185,-0.011969,-0.118103
69317.539,30.287127260,-97.730009957,144.2170,1,0.992766,-0.023262,-0.011553,-0.117224
69317.939,30.287161110,-97.729999517,144.1983,1,0.992884,-0.023189,-0.010500,-0.116337
69318.340,30.287194648,-97.729989267,144.1904,5,0.992948,-0.022743,-0.010422,-0.115879
69318.740,30.287227508,-97.729979156,144.1733,1,0.992988,-0.023970,-0.008012,-0.115482
69319.140,30.287259817,-97.729969323,144.1570,5,0.992938,-0.022872,-0.007492,-0.116172
69319.540,30.287291628,-97.729959284,144.1355,1,0.992514,-0.024588,-0.005321,-0.119513
69319.940,30.287322877,-97.729949202,144.1029,1,0.991807,-0.026224,-0.007998,-0.124768
69320.340,30.287353523,-97.729938950,144.0729,5,0.991094,-0.024881,-0.008723,-0.130525
69320.740,30.287383684,-97.729928278,144.0464,1,0.990570,-0.024200,-0.007484,-0.134644
69321.140,30.287413339,-97.729917715,144.0309,5,0.990262,-0.021275,-0.006300,-0.137439
69321.540,30.287442619,-97.729906829,144.0190,1,0.989501,-0.023800,-0.003539,-0.142512
69321.940,30.287471153,-97.729895635,143.9970,1,0.988424,-0.023790,-0.001726,-0.149830
69322.340,30.287499041,-97.729884252,143.9769,5,0.986698,-0.020578,-0.001811,-0.161248
69322.740,30.287526886,-97.729871535,143.9592,1,0.984109,-0.019895,-0.001248,-0.176444
69323.140,30.287554625,-97.729857745,143.9505,5,0.980841,-0.017155,-0.003493,-0.194021
69323.540,30.287582328,-97.729842350,143.9621,1,0.976637,-0.017774,-0.004189,-0.214119
69323.940,30.287609653,-97.729825341,143.9784,1,0.971558,-0.014919,-0.004851,-0.236280
69324.340,30.287636355,-97.729807162,144.0178,5,0.966780,-0.013582,-0.001947,-0.255242
69324.740,30.287662032,-97.729788022,144.0593,1,0.961992,-0.012425,-0.001529,-0.272791
69325.140,30.287686807,-97.729768247,144.1203,5,0.956960,-0.010333,-0.002595,-0.290024
69325.540,30.287710561,-97.729747726,144.1906,1,0.951660,-0.010510,-0.002992,-0.306959
69325.940,30.287733410,-97.729726402,144.2466,1,0.946558,-0.011571,-0.001684,-0.322321
69326.340,30.287756053,-97.729704376,144.3137,5,0.943001,-0.012890,0.000548,-0.332539
69326.740,30.287778161,-97.729681795,144.3596,1,0.939545,-0.011184,0.000962,-0.342242
69327.140,30.287799599,-97.729658952,144.4142,5,0.936084,-0.009598,0.004575,-0.351617
69327.540,30.287820377,-97.729636055,144.4688,1,0.933229,-0.008605,0.005677,-0.359135
69327.940,30.287840417,-97.729613159,144.5304,1,0.930087,-0.007315,0.007588,-0.367189
69328.340,30.287859643,-97.729590335,144.5886,5,0.926763,-0.007799,0.010635,-0.375416
69328.740,30.287878087,-97.729567767,144.6344,1,0.923497,-0.008366,0.010664,-0.383366
69329.140,30.287895952,-97.729545687,144.6694,5,0.920106,-0.011195,0.009172,-0.391401
69329.540,30.287912782,-97.729524114,144.7183,1,0.917573,-0.006813,0.007697,-0.397434
69329.940,30.287928697,-97.729502658,144.7632,1,0.915539,-0.009846,0.018206,-0.401695
69330.340,30.287944134,-97.729482241,144.7810,5,0.913572,-0.008940,0.010883,-0.406432
69330.740,30.287959211,-97.729461562,144.7896,1,0.910880,-0.017609,0.009367,-0.412189
69331.140,30.287973612,-97.729441212,144.7991,5,0.907926,-0.012173,0.006193,-0.418907
69331.540,30.287987726,-97.729420507,144.8360,1,0.905036,-0.006184,0.002270,-0.425284
69331.940,30.288001883,-97.729399248,144.8759,1,0.902666,-0.012909,0.005610,-0.430112
69332.340,30.288015771,-97.729378111,144.9048,5,0.901082,-0.012132,0.004412,-0.433457
69332.740,30.288029358,-97.729357071,144.9436,1,0.900382,-0.010200,0.006110,-0.434938
69333.140,30.288042673,-97.729336492,144.9802,5,0.900358,-0.009003,0.010552,-0.434929
69333.540,30.288055765,-97.729316266,145.0144,1,0.900222,-0.007562,0.011081,-0.435224
69333.940,30.288068505,-97.729296260,145.0502,1,0.897902,-0.007341,0.011809,-0.439975
69334.340,30.288080430,-97.729276545,145.0916,5,0.891662,-0.009067,0.009436,-0.452512
69334.740,30.288091054,-97.729257452,145.1226,1,0.881156,-0.010500,0.002394,-0.472703
69335.140,30.288099641,-97.729239412,145.1722,5,0.867264,-0.010443,0.001385,-0.497737
69335.540,30.288106195,-97.729222324,145.2194,1,0.846369,-0.009704,0.000734,-0.532508
69335.940,30.288110859,-97.729205577,145.2717,1,0.821415,-0.003507,0.001681,-0.570317
69336.340,30.288114142,-97.729189353,145.2906,5,0.793859,-0.002181,-0.000967,-0.608097
69336.740,30.288115904,-97.729173818,145.3449,5,0.767965,-0.000718,0.000338,-0.640492
69337.140,30.288116874,-97.729159431,145.3823,5,0.747959,0.001086,-0.001524,-0.663742
69337.540,30.288117308,-97.729146145,145.4267,5,0.733326,0.000034,-0.004482,-0.679862
69337.940,30.288117270,-97.729134167,145.4777,1,0.721131,0.000242,-0.004698,-0.692782
69338.340,30.288117092,-97.729124096,145.5231,5,0.711347,-0.002343,-0.008542,-0.702785
69338.740,30.288116813,-97.729116231,145.5463,5,0.703259,-0.005115,-0.012535,-0.710804
69339.140,30.288116454,-97.729110995,145.5708,5,0.698431,-0.005847,-0.011400,-0.715563
69339.540,30.288116215,-97.729108313,145.5807,5,0.695850,-0.004685,-0.011380,-0.718082
69339.940,30.288116088,-97.729106997,145.5871,5,0.694485,-0.004354,-0.011334,-0.719405
69340.340,30.288116325,-97.729106520,145.5999,5,0.694189,-0.004416,-0.011461,-0.719688
69340.740,30.288116355,-97.729106610,145.5986,5,0.694237,-0.003728,-0.012325,-0.719631
69341.140,30.288116388,-97.729106658,145.6006,4,0.694213,-0.003547,-0.012538,-0.719652
69341.540,30.288116420,-97.729106704,145.6006,4,0.694295,-0.003515,-0.012570,-0.719572
69341.940,30.288116455,-97.729106749,145.6006,4,0.694282,-0.003521,-0.012514,-0.719585
69342.340,30.288116440,-97.729106728,145.5997,4,0.694251,-0.003502,-0.012459,-0.719617
69342.740,30.288116463,-97.729106772,145.6007,4,0.694257,-0.003496,-0.012477,-0.719610
69343.140,30.288116400,-97.729106704,145.6028,4,0.694132,-0.003399,-0.012466,-0.719732
69343.540,30.288116411,-97.729106737,145.6028,4,0.694107,-0.003399,-0.012441,-0.719756
69343.940,30.288116415,-97.729106770,145.6028,4,0.694069,-0.003417,-0.012410,-0.719793
69344.340,30.288116388,-97.729106711,145.6018,5,0.693918,-0.003438,-0.012378,-0.719939
69344.740,30.288116392,-97.729106736,145.6028,5,0.693918,-0.003457,-0.012421,-0.719938
69345.140,30.288116337,-97.729106675,145.6078,4,0.693717,-0.003454,-0.012389,-0.720133
69345.540,30.288116327,-97.729106689,145.6088,4,0.693717,-0.003472,-0.012370,-0.720133
69345.940,30.288116313,-97.729106704,145.6098,4,0.693705,-0.003461,-0.012432,-0.720144
69346.340,30.288116328,-97.729106637,145.6127,5,0.693717,-0.003456,-0.012488,-0.720131
69346.740,30.288116323,-97.729106641,145.6127,5,0.693767,-0.003474,-0.012506,-0.720082
69347.140,30.288116362,-97.729106639,145.6087,4,0.693818,-0.003467,-0.012500,-0.720034
69347.540,30.288116355,-97.729106641,145.6077,4,0.693755,-0.003498,-0.012456,-0.720095
69347.940,30.288116345,-97.729106646,145.6067,4,0.693742,-0.003474,-0.012481,-0.720107
69348.340,30.288116343,-97.729106630,145.6097,4,0.693704,-0.003517,-0.012425,-0.720144
69348.740,30.288116343,-97.729106630,145.6107,4,0.693679,-0.003572,-0.012393,-0.720169
69349.140,30.288116388,-97.729106636,145.6097,4,0.693673,-0.003597,-0.012405,-0.720175
69349.540,30.288116400,-97.729106636,145.6117,4,0.693660,-0.003597,-0.012380,-0.720187
69349.940,30.288116417,-97.729106631,145.6137,4,0.693647,-0.003616,-0.012386,-0.720199
69350.340,30.288116407,-97.729106599,145.6167,4,0.693666,-0.003658,-0.012367,-0.720181
69350.740,30.288116428,-97.729106583,145.6196,4,0.693653,-0.003690,-0.012384,-0.720193
69351.140,30.288116418,-97.729106559,145.6206,4,0.693634,-0.003708,-0.012378,-0.720211
69351.540,30.288116437,-97.729106530,145.6226,4,0.693867,-0.003698,-0.012373,-0.719988
69351.940,30.288116472,-97.729106497,145.6266,4,0.693929,-0.003740,-0.012391,-0.719927
69352.340,30.288116447,-97.729106522,145.6236,4,0.693980,-0.003702,-0.012367,-0.719879
69352.740,30.288116468,-97.729106384,145.6265,4,0.693939,-0.003177,-0.012963,-0.719911
69353.140,30.288116317,-97.729105054,145.6274,4,0.692660,-0.001964,-0.014118,-0.721123
69353.540,30.288115975,-97.729101035,145.6503,4,0.688921,-0.000903,-0.014161,-0.724697
69353.940,30.288115342,-97.729093739,145.6843,4,0.681624,-0.002964,-0.015700,-0.731528
69354.340,30.288114120,-97.729083166,145.7208,4,0.671198,-0.004569,-0.017132,-0.741066
69354.740,30.288112016,-97.729069330,145.7857,4,0.658074,-0.003240,-0.015440,-0.752788
69355.140,30.288108949,-97.729052560,145.8522,4,0.641790,-0.005473,-0.016288,-0.766688
69355.540,30.288104713,-97.729033465,145.9437,4,0.624580,-0.004534,-0.016978,-0.780763
69355.940,30.288099262,-97.729012022,146.0429,4,0.608933,-0.004926,-0.017729,-0.793008
69356.340,30.288092516,-97.728988212,146.1467,5,0.595743,-0.005632,-0.016268,-0.802991
69356.740,30.288084566,-97.728962558,146.2688,5,0.584307,-0.005885,-0.018439,-0.811302
69357.140,30.288075269,-97.728934706,146.3914,5,0.571782,-0.011612,-0.020056,-0.820078
69357.540,30.288064386,-97.728905210,146.5442,1,0.558593,-0.010914,-0.022611,-0.829062
69357.940,30.288051768,-97.728873861,146.7308,1,0.545043,-0.009275,-0.025547,-0.837967
69358.340,30.288037233,-97.728840734,146.9374,5,0.531385,-0.007946,-0.024148,-0.846749
69358.740,30.288021126,-97.728806128,147.1736,1,0.524256,-0.003940,-0.022629,-0.851251
69359.140,30.288004003,-97.728769810,147.4361,5,0.522511,-0.001512,-0.022600,-0.852331
69359.540,30.287985898,-97.728731718,147.7070,1,0.520881,0.000692,-0.021656,-0.853355
69359.940,30.287966843,-97.728692016,147.9932,1,0.520307,0.004587,-0.019787,-0.853738
69360.340,30.287947095,-97.728650698,148.2975,5,0.520674,0.007615,-0.017913,-0.853533
69360.740,30.287926557,-97.728607783,148.6091,1,0.520934,0.009738,-0.015903,-0.853394
69361.140,30.287905389,-97.728563438,148.9144,5,0.520821,0.010205,-0.014729,-0.853478
69361.540,30.287883436,-97.728517467,149.2241,1,0.522328,0.012221,-0.010892,-0.852587
69361.940,30.287861068,-97.728469718,149.5219,1,0.524932,0.011917,-0.009361,-0.851009
69362.340,30.287838202,-97.728420468,149.8105,5,0.525078,0.011770,-0.008405,-0.850931
69362.740,30.287814649,-97.728369921,150.1095,1,0.525133,0.011475,-0.006546,-0.850918
69363.140,30.287790864,-97.728318623,150.4019,5,0.526050,0.011943,-0.005222,-0.850354
69363.540,30.287766895,-97.728266635,150.6913,1,0.526138,0.009591,-0.005682,-0.850326
69363.940,30.287742556,-97.728214097,150.9643,1,0.525251,0.008485,-0.004125,-0.850895
69364.340,30.287717992,-97.728161094,151.2354,5,0.525944,0.009018,-0.003349,-0.850465
69364.740,30.287693157,-97.728107212,151.4851,1,0.526796,0.007768,-0.000688,-0.849956
69365.140,30.287668466,-97.728053391,151.7208,5,0.527706,0.007357,0.002115,-0.849393
69365.540,30.287643868,-97.727999404,151.9253,1,0.528357,0.005672,0.002348,-0.849000
69365.940,30.287619240,-97.727945206,152.1177,1,0.528437,0.003697,0.004151,-0.848954
69366.340,30.287594522,-97.727890745,152.2657,5,0.527478,0.000156,0.004811,-0.849555
69366.740,30.287569700,-97.727836832,152.4079,1,0.526231,0.001515,0.010204,-0.850279
69367.140,30.287544858,-97.727783859,152.5229,5,0.522807,0.000211,0.012024,-0.852366
69367.540,30.287519819,-97.727731311,152.6128,1,0.517810,0.000414,0.010186,-0.855435
69367.940,30.287494370,-97.727679466,152.7247,1,0.510585,-0.002123,0.006737,-0.859798
69368.340,30.287468375,-97.727629162,152.8874,5,0.503604,0.000039,0.004820,-0.863921
69368.740,30.287442341,-97.727580260,153.0532,1,0.496651,0.000894,0.003357,-0.867944
69369.140,30.287416070,-97.727532649,153.2482,5,0.490972,0.000262,-0.000163,-0.871175
69369.540,30.287389828,-97.727486085,153.4623,1,0.486378,0.001689,-0.003554,-0.873740
69369.940,30.287363489,-97.727440467,153.7081,1,0.482622,0.006139,-0.004648,-0.875795
69370.340,30.287337185,-97.727395713,153.9799,5,0.483633,0.007982,-0.004792,-0.875221
69370.740,30.287312009,-97.727351415,154.2527,1,0.489318,0.007970,-0.006375,-0.872046
69371.140,30.287287804,-97.727307692,154.5638,5,0.499439,0.012222,-0.006399,-0.866239
69371.540,30.287265580,-97.727264371,154.8709,1,0.511785,0.007567,-0.010637,-0.859014
69371.940,30.287245226,-97.727221695,155.1754,1,0.524267,0.006417,-0.012220,-0.851442
69372.340,30.287226405,-97.727179947,155.4884,5,0.536222,0.004033,-0.012842,-0.843970
69372.740,30.287209530,-97.727139804,155.7715,1,0.542943,0.000355,-0.013134,-0.839667
69373.140,30.287194008,-97.727102205,156.0324,5,0.547106,-0.000854,-0.011629,-0.836982
69373.540,30.287180081,-97.727067812,156.2716,1,0.549835,-0.000174,-0.009528,-0.835219
69373.940,30.287167797,-97.727036910,156.4741,1,0.549673,-0.002101,-0.010365,-0.835313
69374.340,30.287156560,-97.727009666,156.6487,5,0.546182,-0.003046,-0.009788,-0.837604
69374.740,30.287145970,-97.726984925,156.8051,1,0.535449,-0.002021,-0.013452,-0.844458
69375.140,30.287135187,-97.726962142,156.9710,5,0.516854,-0.003933,-0.018254,-0.855870
69375.540,30.287123777,-97.726941172,157.1260,1,0.485448,-0.009768,-0.022097,-0.873932
69375.940,30.287110792,-97.726922856,157.2797,1,0.436035,-0.007242,-0.015492,-0.899767
69376.340,30.287095993,-97.726907736,157.4086,5,0.369855,-0.005431,-0.009976,-0.929020
69376.740,30.287079277,-97.726896149,157.5303,1,0.282089,0.002681,-0.003951,-0.959376
69377.140,30.287060755,-97.726888580,157.6480,5,0.184092,0.012247,-0.013569,-0.982739
69377.540,30.287040486,-97.726884973,157.7842,1,0.083111,0.011797,-0.019520,-0.996279
69377.940,30.287018961,-97.726885681,157.9332,1,0.008055,-0.009364,0.013129,0.999838
69378.340,30.286996957,-97.726890002,158.0553,5,0.070197,-0.007869,0.017977,0.997340
69378.740,30.286974368,-97.726896338,158.2148,1,0.106307,-0.008417,0.017405,0.994145
69379.140,30.286950149,-97.726903752,158.3685,5,0.120620,-0.004853,0.013168,0.992600
69379.540,30.286924879,-97.726911971,158.5207,1,0.126075,-0.001642,0.013588,0.991926
69379.940,30.286898236,-97.726920746,158.6826,1,0.124725,-0.000909,0.010123,0.992139
69380.340,30.286870081,-97.726929579,158.8420,5,0.120805,0.002076,0.012503,0.992595
69380.740,30.286840605,-97.726938750,159.0241,1,0.118532,0.001831,0.007972,0.992917
69381.140,30.286810372,-97.726948276,159.1736,5,0.114405,0.002892,0.004208,0.993421
69381.540,30.286781030,-97.726956908,159.3322,1,0.110316,0.002399,0.003184,0.993889
69381.940,30.286752388,-97.726964960,159.4771,1,0.108470,0.005676,0.000206,0.994083
69382.340,30.286724569,-97.726973364,159.5712,5,0.109966,0.004515,-0.007523,0.993897
69382.740,30.286698262,-97.726981195,159.6755,1,0.114993,0.004330,-0.005324,0.993343
69383.140,30.286674449,-97.726989255,159.7697,5,0.127420,0.002417,-0.006865,0.991822
69383.540,30.286653627,-97.726997502,159.8377,1,0.153223,0.000206,-0.011883,0.988120
69383.940,30.286636683,-97.727006257,159.8945,1,0.195864,-0.003557,-0.013216,0.980535
69384.341,30.286623723,-97.727015832,159.9196,5,0.250587,-0.004725,-0.010486,0.968026
69384.741,30.286613314,-97.727025583,159.9486,1,0.306368,-0.008802,-0.010541,0.951814
69385.141,30.286605122,-97.727036537,159.9525,5,0.365721,-0.015124,-0.012140,0.930522
69385.541,30.286597836,-97.727046832,159.9335,5,0.421637,0.021611,-0.018255,0.906323
69385.941,30.286593400,-97.727057652,159.9940,1,0.475502,0.012328,0.005903,0.879609
69386.341,30.286589676,-97.727067892,160.0275,5,0.528384,0.021893,0.002471,0.848720
69386.741,30.286587471,-97.727078980,160.0895,5,0.575788,0.002364,-0.006404,0.817571
69387.141,30.286586306,-97.727090230,160.1099,5,0.620297,-0.022791,-0.012316,0.783939
69387.541,30.286585906,-97.727101928,160.0885,5,0.661668,-0.029186,-0.022141,0.748902
69387.941,30.286586562,-97.727113832,160.0348,5,0.696765,-0.034581,-0.026942,0.715959
69388.341,30.286587724,-97.727126118,159.9647,5,0.726783,-0.037937,-0.034097,0.684970
69388.741,30.286589822,-97.727138444,159.8791,5,0.749841,-0.040296,-0.039499,0.659207
69389.141,30.286592374,-97.727151161,159.7838,5,0.767176,-0.038100,-0.044722,0.638741
69389.541,30.286595553,-97.727164319,159.6808,5,0.779258,-0.037011,-0.045491,0.623954
69389.941,30.286599237,-97.727178075,159.5792,1,0.789244,-0.035612,-0.045836,0.611330
69390.341,30.286603485,-97.727192957,159.4574,5,0.801431,-0.034291,-0.045105,0.595398
69390.741,30.286608759,-97.727207822,159.3543,5,0.815193,-0.032883,-0.043349,0.576628
69391.141,30.286614990,-97.727222754,159.2601,5,0.830865,-0.031054,-0.038212,0.554291
69391.541,30.286621388,-97.727238590,159.1874,5,0.846332,-0.032865,-0.035538,0.530452
69391.941,30.286629269,-97.727253670,159.1139,1,0.860710,-0.034776,-0.031755,0.506913
69392.341,30.286637889,-97.727268705,159.0191,5,0.870661,-0.035085,-0.029647,0.489735
69392.741,30.286646428,-97.727283153,158.9464,5,0.873915,-0.033591,-0.026061,0.484216
69393.141,30.286654428,-97.727297521,158.8805,5,0.866640,-0.034593,-0.022486,0.497226
69393.541,30.286661117,-97.727312009,158.8161,5,0.851052,-0.035248,-0.021823,0.523442
69393.941,30.286666457,-97.727326421,158.7609,1,0.828509,-0.036597,-0.020064,0.558418
69394.341,30.286670306,-97.727340602,158.6972,5,0.800798,-0.037322,-0.018671,0.597479
69394.741,30.286672569,-97.727354362,158.6474,5,0.770073,-0.036840,-0.018524,0.636622
69395.141,30.286673327,-97.727367373,158.5801,5,0.731641,-0.035641,-0.019612,0.680476
69395.541,30.286672581,-97.727379464,158.5365,5,0.690351,-0.034417,-0.019860,0.722383
69395.941,30.286670740,-97.727390472,158.4988,1,0.648345,-0.035296,-0.020085,0.760263
69396.341,30.286667944,-97.727399936,158.4684,5,0.604000,-0.033531,-0.020312,0.796019
69396.741,30.286664852,-97.727407409,158.4448,5,0.565026,-0.031579,-0.021201,0.824196
69397.141,30.286662525,-97.727413228,158.4273,5,0.540787,-0.029031,-0.022893,0.840347
69397.541,30.286660732,-97.727417187,158.4098,5,0.529301,-0.027451,-0.023421,0.847666
69397.941,30.286659624,-97.727419740,158.3997,5,0.527285,-0.027994,-0.023092,0.848913
69398.341,30.286659386,-97.727421214,158.3822,4,0.527467,-0.028291,-0.022730,0.848800
69398.741,30.286659154,-97.727421658,158.3749,4,0.527655,-0.026963,-0.020585,0.848781
69399.141,30.286658746,-97.727423041,158.3788,4,0.527837,-0.027425,-0.021692,0.848626
69399.541,30.286658437,-97.727423675,158.3739,4,0.527849,-0.027757,-0.022142,0.848596
69399.941,30.286658434,-97.727423478,158.3717,4,0.527869,-0.027207,-0.021539,0.848617
69400.341,30.286658373,-97.727423863,158.3796,4,0.527987,-0.027348,-0.021953,0.848528
69400.741,30.286658343,-97.727423723,158.3786,4,0.527971,-0.027367,-0.022003,0.848536
69401.141,30.286658352,-97.727423942,158.3886,4,0.528028,-0.027407,-0.022029,0.848498
69401.541,30.286658316,-97.727423820,158.3876,4,0.528017,-0.027343,-0.021976,0.848509
69401.941,30.286658277,-97.727423680,158.3865,4,0.528033,-0.027309,-0.021987,0.848500
69402.341,30.286658274,-97.727423940,158.3864,4,0.528040,-0.027307,-0.022132,0.848492
69402.741,30.286658254,-97.727423831,158.3865,4,0.528091,-0.027319,-0.022082,0.848461
69403.141,30.286658286,-97.727424027,158.3885,4,0.528171,-0.027352,-0.022112,0.848409
69403.541,30.286658270,-97.727423940,158.3884,4,0.528179,-0.027334,-0.022164,0.848403
69403.941,30.286658294,-97.727424093,158.3895,4,0.528220,-0.027411,-0.022218,0.848374
69404.341,30.286658306,-97.727424039,158.3915,4,0.528302,-0.027393,-0.022218,0.848324
69404.741,30.286658294,-97.727423964,158.3935,4,0.528354,-0.027394,-0.022247,0.848291
69405.141,30.286658313,-97.727424101,158.3935,4,0.528397,-0.027430,-0.022286,0.848262
69405.541,30.286658308,-97.727424049,158.3935,4,0.528471,-0.027421,-0.022249,0.848216
69405.941,30.286658296,-97.727423989,158.3955,4,0.528477,-0.027452,-0.022250,0.848212
69406.341,30.286658323,-97.727424128,158.3955,4,0.528490,-0.027489,-0.022258,0.848202
69406.741,30.286658317,-97.727424077,158.3956,4,0.528555,-0.027547,-0.022231,0.848161
69407.141,30.286658329,-97.727424180,158.3957,4,0.528546,-0.027585,-0.022176,0.848167
69407.541,30.286658349,-97.727424157,158.3957,4,0.528591,-0.027591,-0.022100,0.848141
69407.941,30.286658364,-97.727424232,158.3947,4,0.528573,-0.027643,-0.022201,0.848147
69408.341,30.286658380,-97.727424216,158.3937,4,0.528589,-0.027614,-0.022219,0.848138
69408.741,30.286658377,-97.727424180,158.3937,4,0.528568,-0.027577,-0.022212,0.848152
69409.141,30.286658404,-97.727424249,158.3927,4,0.528574,-0.027620,-0.022164,0.848148
69409.541,30.286658412,-97.727424235,158.3928,4,0.528566,-0.027642,-0.022151,0.848153
69409.941,30.286658395,-97.727424256,158.3918,4,0.528626,-0.027492,-0.021873,0.848128
69410.341,30.286658299,-97.727424612,158.3908,4,0.528588,-0.027645,-0.022138,0.848139
69410.741,30.286658302,-97.727424612,158.3898,4,0.528579,-0.027668,-0.022175,0.848143
69411.141,30.286658342,-97.727424565,158.3898,4,0.528565,-0.027668,-0.022093,0.848154
69411.541,30.286658342,-97.727424585,158.3898,4,0.528565,-0.027656,-0.022173,0.848152
69411.941,30.286658336,-97.727424610,158.3878,4,0.528533,-0.027706,-0.022173,0.848171
69412.341,30.286658351,-97.727424587,158.3878,4,0.528563,-0.027700,-0.022145,0.848153
69412.741,30.286658344,-97.727424577,158.3889,4,0.528575,-0.027760,-0.022159,0.848143
69413.141,30.286658347,-97.727424618,158.3899,4,0.528598,-0.027765,-0.022114,0.848130
69413.541,30.286658354,-97.727424609,158.3900,4,0.528545,-0.027781,-0.022095,0.848163
69413.941,30.286658345,-97.727424647,158.3909,4,0.528567,-0.027783,-0.022114,0.848148
69414.341,30.286658366,-97.727424624,158.3899,4,0.528539,-0.027753,-0.022051,0.848169
69414.741,30.286658376,-97.727424622,158.3900,4,0.528524,-0.027765,-0.022054,0.848178
69415.141,30.286658360,-97.727424642,158.3879,4,0.528570,-0.027729,-0.022076,0.848150
69415.541,30.286658371,-97.727424630,158.3879,4,0.528554,-0.027753,-0.022133,0.848157
69415.941,30.286658371,-97.727424658,158.3859,4,0.528523,-0.027773,-0.022100,0.848177
69416.341,30.286658384,-97.727424641,158.3869,4,0.528502,-0.027749,-0.022064,0.848191
69416.741,30.286658356,-97.727424657,158.3880,4,0.528544,-0.027812,-0.022096,0.848163
69417.141,30.286658376,-97.727424650,158.3870,4,0.528551,-0.027825,-0.022098,0.848158
69417.541,30.286658394,-97.727424642,158.3880,4,0.528505,-0.027860,-0.022077,0.848186
69417.941,30.286658376,-97.727424662,158.3891,4,0.528530,-0.027945,-0.022095,0.848167
69418.341,30.286658399,-97.727424661,158.3902,4,0.528566,-0.027985,-0.022090,0.848143
69418.741,30.286658416,-97.727424666,158.3923,4,0.528562,-0.028065,-0.022071,0.848143
69419.141,30.286658412,-97.727424698,158.3933,4,0.528604,-0.028116,-0.022100,0.848115
69419.541,30.286658450,-97.727424718,158.3944,4,0.528579,-0.028176,-0.022115,0.848128
69419.941,30.286658487,-97.727424749,158.3964,4,0.528578,-0.028201,-0.022089,0.848128
