utc_sec,hor_err_m(nan=no solution),ver_err_m
6.538000000000000000e+04,nan,nan
6.538100000000000000e+04,nan,nan
6.538200000000000000e+04,5.857485564534884587e-02,2.820389996163427115e-01
6.538300000000000000e+04,7.943109530282227437e-02,2.943899996441334821e-01
6.538400000000000000e+04,2.948806214965585693e-03,4.234400018838985202e-02
6.538500000000000000e+04,4.100633252087282701e-03,2.073400078359002863e-02
6.538600000000000000e+04,4.120967201260676213e-03,1.469600110329818618e-02
6.538700000000000000e+04,4.630416581071304834e-03,9.727998449228525760e-03
6.538800000000000000e+04,5.364439287316251880e-03,6.187000976354525665e-03
6.538900000000000000e+04,7.080832189211274698e-03,1.119500063153315572e-02
6.539000000000000000e+04,8.351125680232071233e-03,1.076800031911010445e-02
6.539100000000000000e+04,9.308433016295492371e-03,7.920001588756718156e-03
6.539200000000000000e+04,8.964220058664850929e-03,3.255999122729437596e-03
6.539300000000000000e+04,9.467207755699227206e-03,6.546000633024780767e-03
6.539400000000000000e+04,1.112295037625657054e-02,1.029299927214837734e-02
6.539500000000000000e+04,9.799134809807196270e-03,4.949999894902473371e-03
6.539600000000000000e+04,9.718821803292341382e-03,3.247000814883267087e-03
6.539700000000000000e+04,1.186267842488392815e-02,1.095099894622668726e-02
6.539800000000000000e+04,1.169965248568207578e-02,9.235999778016937278e-03
6.539900000000000000e+04,1.052888139162546158e-02,7.753995587528747513e-03
6.540000000000000000e+04,1.262186110811662834e-02,5.124992473031830809e-03
6.540100000000000000e+04,1.349188198813065960e-02,4.320987700683814881e-03
6.540200000000000000e+04,1.274290574708022809e-02,1.627698271391730955e-02
6.540300000000000000e+04,8.332729006241467937e-03,1.345101595760700430e-02
6.540400000000000000e+04,1.608358647870984301e-02,5.597967225039635064e-03
6.540500000000000000e+04,1.407815827488642126e-02,3.539962225092563308e-03
6.540600000000000000e+04,1.088588734624975490e-02,2.726964165478351632e-03
6.540700000000000000e+04,1.158813663014536532e-02,1.646296406361602571e-02
6.540800000000000000e+04,7.446914872817388467e-03,9.983971880304309821e-03
6.540900000000000000e+04,8.495235122144379966e-03,2.122009495089560716e-03
6.541000000000000000e+04,1.097162561004266963e-02,1.202103142656640866e-02
6.541100000000000000e+04,1.002164939543822436e-02,1.728403409872947272e-02
6.541200000000000000e+04,1.606185902290186915e-02,1.144808367161265217e-02
6.541300000000000000e+04,9.269029751153066640e-03,6.222048469203600440e-03
6.541400000000000000e+04,4.962385383149837091e-03,8.839817932670412937e-04
6.541500000000000000e+04,5.962479552153103317e-03,1.304901370145053474e-02
6.541600000000000000e+04,4.377678794223207465e-03,6.527006349607612085e-03
6.541700000000000000e+04,5.980683089422078776e-03,3.772989178816132938e-03
6.541800000000000000e+04,6.810682575880638509e-03,6.979964490554074752e-03
6.541900000000000000e+04,3.038065453611267855e-02,2.466410911050836985e-02
6.542000000000000000e+04,3.738557019792768110e-03,3.625001358086188397e-03
6.542100000000000000e+04,2.546301014402408032e-03,4.310006890178019745e-04
6.542200000000000000e+04,7.838283398546740458e-03,1.387199356265300665e-02
6.542300000000000000e+04,6.710560206365004041e-03,1.532199592712379932e-02
6.542400000000000000e+04,7.286082933985794235e-03,6.344023626271066973e-03
6.542500000000000000e+04,3.687926331285719568e-03,2.493012156067564433e-03
6.542600000000000000e+04,3.509759623440476210e-03,2.503300413978615246e-02
6.542700000000000000e+04,2.429094544754694177e-03,1.372600914247934512e-02
6.542800000000000000e+04,1.516592149429717932e-03,1.740006175493302720e-03
6.542900000000000000e+04,6.669991903270233030e-03,1.057597367225038276e-02
6.543000000000000000e+04,3.025066458091041962e-03,2.712990268210813127e-03
6.543100000000000000e+04,2.729981015554498042e-03,3.629966262888029149e-04
6.543200000000000000e+04,4.084121473484839462e-03,5.342982028385900861e-03
6.543300000000000000e+04,2.588495776999142229e-03,9.049986261222553452e-03
6.543400000000000000e+04,1.014044124616352710e-02,5.491944940897885985e-03
6.543500000000000000e+04,1.042812694479300188e-02,8.258062136715427215e-03
6.543600000000000000e+04,9.119432521642337197e-03,2.014504400344607760e-02
6.543700000000000000e+04,4.647345084014314377e-03,7.528970360009434870e-03
6.543800000000000000e+04,9.104843206015207982e-03,2.737937870403106544e-03
6.543900000000000000e+04,4.945626463582034581e-03,6.607034938700628857e-03
6.544000000000000000e+04,3.700994841290017236e-03,1.618902763663077060e-02
6.544100000000000000e+04,3.246516364154325689e-03,2.003979978906333947e-03
6.544200000000000000e+04,2.333039745664572916e-03,2.420500139287229402e-02
6.544300000000000000e+04,5.559266472030294400e-03,3.759398714929118590e-02
6.544400000000000000e+04,3.725569083480550353e-03,5.526030491682376589e-03
6.544500000000000000e+04,2.179160876015683902e-03,3.021012270275791334e-03
6.544600000000000000e+04,2.839070556059315308e-03,1.445301589771549877e-02
6.544700000000000000e+04,3.223310497856261489e-03,3.562030666023313641e-03
6.544800000000000000e+04,2.887194683049223998e-03,2.642020945808329357e-03
6.544900000000000000e+04,3.264336417944056160e-03,5.258028124329655606e-03
6.545000000000000000e+04,3.926700960142625110e-03,5.333033594024441659e-03
6.545100000000000000e+04,3.355265982718319984e-03,3.745032096881428796e-03
6.545200000000000000e+04,2.228223429005984045e-03,5.890022150883869601e-03
6.545300000000000000e+04,3.191834188531695519e-04,2.385002284835902042e-03
6.545400000000000000e+04,3.571697362831590707e-04,5.750996488275955665e-03
6.545500000000000000e+04,1.411358734734817185e-03,3.163007842696491378e-03
6.545600000000000000e+04,2.886861822426011956e-03,7.291973146735991618e-03
6.545700000000000000e+04,2.278284219528507997e-03,1.206020485447045765e-03
6.545800000000000000e+04,4.452351691449833379e-03,5.331973452465584365e-03
6.545900000000000000e+04,2.990709287052295811e-03,8.894984114314510859e-03
6.546000000000000000e+04,4.801282527541573392e-03,7.757957274233684593e-03
6.546100000000000000e+04,2.645468084622451185e-03,2.701026293621140023e-03
6.546200000000000000e+04,1.509128989439496252e-03,6.115991174550848911e-03
6.546300000000000000e+04,8.553916370300692620e-04,9.802996305461589635e-03
6.546400000000000000e+04,5.962501434959166166e-03,3.851016953377032342e-03
6.546500000000000000e+04,5.001653319995090323e-03,4.493959797831861835e-03
6.546600000000000000e+04,1.616713009629358599e-03,8.102002358497284451e-03
6.546700000000000000e+04,7.595124682613916753e-03,1.277400926636673706e-02
6.546800000000000000e+04,6.793562766905674767e-03,1.619046552032155084e-03
6.546900000000000000e+04,7.434213591443372855e-03,1.323207913901447430e-02
6.547000000000000000e+04,4.355642545121685485e-03,1.977605565951479072e-02
6.547100000000000000e+04,5.861340107673643045e-03,7.001076082004953349e-03
6.547200000000000000e+04,1.037602750611688052e-02,1.390812262754881345e-02
6.547300000000000000e+04,8.294295097845546041e-03,1.466710148151495474e-02
6.547400000000000000e+04,8.407092341645380079e-03,1.095410551578090974e-02
6.547500000000000000e+04,4.372344386654918925e-04,2.601799452049746719e-02
6.547600000000000000e+04,1.465686387465295858e-02,9.482246830128104875e-05
6.547700000000000000e+04,7.008477854792118968e-03,1.028707603206768795e-02
6.547800000000000000e+04,5.995970535754919367e-03,1.144501127033858978e-02
6.547900000000000000e+04,6.527813027943226223e-03,1.644803484809642669e-02
6.548000000000000000e+04,9.222314068254706260e-03,2.437201369688235530e-02
6.548100000000000000e+04,9.093248666097685645e-03,1.874504244873165248e-02
6.548200000000000000e+04,7.707095721114437872e-03,2.124496942654729992e-02
6.548300000000000000e+04,6.575030588482742508e-03,1.096188125573327454e-02
6.548400000000000000e+04,7.688362648857139693e-03,1.489605777624447569e-02
6.548500000000000000e+04,4.888562387056063357e-03,2.009789837643438659e-02
6.548600000000000000e+04,6.716541040998265030e-03,1.505018441232941484e-02
6.548700000000000000e+04,9.168691555057501344e-03,1.301523220623757027e-02
6.548800000000000000e+04,1.023386232878780236e-02,1.315364651091499582e-03
6.548900000000000000e+04,1.035680212425094462e-02,1.250037238287760033e-02
6.549000000000000000e+04,7.697873252639493569e-03,1.151129886852331197e-02
6.549100000000000000e+04,2.440224983145485114e-03,4.231902582581348327e-02
6.549200000000000000e+04,6.089457692400247757e-03,7.179257231596736233e-03
6.549300000000000000e+04,2.316804505626101317e-03,3.281707716125659147e-02
6.549400000000000000e+04,6.212577597069581653e-03,1.688424029736701470e-02
6.549500000000000000e+04,2.989235324615238578e-03,1.907399684707122844e-02
6.549600000000000000e+04,7.176430863246239383e-03,2.779998629740276783e-02
6.549700000000000000e+04,6.641613365676474548e-03,1.928196610620069862e-02
6.549800000000000000e+04,8.292830160227700198e-03,2.502108586285700653e-02
6.549900000000000000e+04,9.516492806578675037e-03,2.455789148885045847e-02
6.550000000000000000e+04,7.642978899899074453e-03,2.250599989705470705e-02
6.550100000000000000e+04,1.092491506280494212e-02,2.162097294761622379e-02
6.550200000000000000e+04,9.197058169761561722e-03,1.927188651830391564e-02
6.550300000000000000e+04,8.884237585793852351e-03,2.925487150324990182e-02
6.550400000000000000e+04,6.411429515259454634e-03,2.107592963665716468e-02
6.550500000000000000e+04,5.072761665264760231e-03,5.107085698194069323e-03
6.550600000000000000e+04,7.655597198601235380e-03,1.182992522507220201e-02
6.550700000000000000e+04,4.156295365017730406e-03,2.394293129537672371e-02
6.550800000000000000e+04,8.028638173397212655e-03,1.876976448573408618e-02
6.550900000000000000e+04,1.136854942312365800e-02,2.665665535080918858e-02
6.551000000000000000e+04,1.118764396630503311e-02,2.257155653366638148e-02
6.551100000000000000e+04,1.222275130933118265e-02,1.848030815298606910e-02
6.551200000000000000e+04,1.536618811209881919e-02,6.355204769441513690e-03
6.551300000000000000e+04,9.648811638252105874e-03,1.283449467066688499e-02
6.551400000000000000e+04,8.329720131437021516e-03,2.253977113433691670e-02
6.551500000000000000e+04,8.706973258003167238e-03,2.036223206987841650e-02
6.551600000000000000e+04,5.555056556821711192e-03,1.971149586313103441e-02
6.551700000000000000e+04,7.143225422271141239e-03,2.004389851308019388e-03
6.551800000000000000e+04,8.104157936952028837e-03,1.414532149524205806e-02
6.551900000000000000e+04,7.621600067265038234e-03,1.335335322844954931e-02
6.552000000000000000e+04,6.617924830198585948e-03,3.506441659414605283e-03
6.552100000000000000e+04,4.462468201394555363e-03,1.482657035481693697e-02
6.552200000000000000e+04,9.083095079656509918e-03,2.656837364892083997e-02
6.552300000000000000e+04,5.503458132246227125e-03,2.372047933901200167e-02
6.552400000000000000e+04,9.174120270727600945e-03,2.797110051985995938e-02
6.552500000000000000e+04,1.207204510000541887e-02,7.904867513005342516e-03
6.552600000000000000e+04,1.666437146124401247e-02,2.603448694662446883e-02
6.552700000000000000e+04,1.121120442095532160e-02,2.096613799714219795e-02
6.552800000000000000e+04,1.155151282709759170e-02,2.090101589218562594e-02
6.552900000000000000e+04,1.072278635847254656e-02,9.488806404121419291e-03
6.553000000000000000e+04,8.298620587355485037e-03,1.541306195921521294e-02
6.553100000000000000e+04,8.348604970903684627e-03,2.022723524932956707e-02
6.553200000000000000e+04,8.120891657926157872e-03,3.961245592584816677e-03
6.553300000000000000e+04,9.363132925731957809e-03,1.131249497191078035e-02
6.553400000000000000e+04,1.001198186493812946e-02,2.657742345559555019e-02
6.553500000000000000e+04,1.141195171059255879e-02,2.445449817452427510e-02
6.553600000000000000e+04,1.152551953406075712e-02,2.601857857573008914e-02
6.553700000000000000e+04,1.213905199184808076e-02,3.123256176384359151e-02
6.553800000000000000e+04,1.220109486993213935e-02,2.700362099101383251e-02
6.553900000000000000e+04,1.160282597258269557e-02,2.539369156554371898e-02
6.554000000000000000e+04,1.150652739509554906e-02,3.005763112642156898e-02
6.554100000000000000e+04,9.722350432098337408e-03,2.949347729581219824e-02
6.554200000000000000e+04,8.089713895917650943e-03,2.345556891707900604e-02
6.554300000000000000e+04,7.913408804538276525e-03,2.279958157496864146e-02
6.554400000000000000e+04,8.101441142397939818e-03,1.875366720619453531e-02
6.554500000000000000e+04,9.197732068241003256e-03,2.783690341959044190e-02
6.554600000000000000e+04,8.690324990995744805e-03,3.469991914317205328e-02
6.554700000000000000e+04,1.343494438579082711e-02,1.311130677787275545e-02
6.554800000000000000e+04,1.448612924403400344e-02,1.846899866011497693e-02
6.554900000000000000e+04,2.103066753146020859e-02,2.600257149755336172e-02
6.555000000000000000e+04,1.705893957296572908e-02,2.424132060166783731e-02
6.555100000000000000e+04,1.687196688562145677e-02,2.200369757684939032e-02
6.555200000000000000e+04,1.164469759894749476e-02,3.769105807279160558e-02
6.555300000000000000e+04,1.265754360990669139e-02,2.387524152513265108e-02
6.555400000000000000e+04,1.062162291313908762e-02,1.503818850623517278e-02
6.555500000000000000e+04,1.154030584193583252e-02,3.420495785908883590e-02
6.555600000000000000e+04,2.983293581632916885e-02,7.311520794423032044e-02
6.555700000000000000e+04,1.677629530764675539e-02,4.195685839392027106e-02
6.555800000000000000e+04,2.184403112284261095e-02,3.343683811549169604e-02
6.555900000000000000e+04,5.901671483134210416e-02,9.179951659987395374e-02
6.556000000000000000e+04,6.061642187718706970e-02,1.280785774753034900e-01
6.556100000000000000e+04,1.088925498225137067e+00,3.374019718480631980e-01
6.556200000000000000e+04,4.586430293719999662e-01,4.673122037997288203e-01
6.556300000000000000e+04,3.568551127730243411e-01,4.491847448566428369e-01
6.556400000000000000e+04,2.479611900572689653e-01,3.347499170369694355e-01
6.556500000000000000e+04,2.940048515563136733e-01,9.177751586234172976e-02
6.556600000000000000e+04,4.260302590235983122e-01,2.129734813659016623e-01
6.556700000000000000e+04,3.387790187988322099e-01,3.775754967812972041e-02
6.556800000000000000e+04,3.221333050826965527e-01,5.892669350359902580e-02
6.556900000000000000e+04,3.040062212890125570e-01,9.207679564719128962e-02
6.557000000000000000e+04,2.693788265163148954e-01,6.568288783201836623e-02
6.557100000000000000e+04,2.670186574341030794e-01,1.151927810227117988e-01
6.557200000000000000e+04,5.085907756595166307e-02,5.286588237007805446e-02
6.557300000000000000e+04,9.592853212788056416e-03,4.228422173889967439e-03
6.557400000000000000e+04,6.224263446217321617e-03,8.220916884781104272e-03
6.557500000000000000e+04,3.745553450271708364e-03,2.645404365203773978e-03
6.557600000000000000e+04,1.747418303067611520e-02,4.413484407278289723e-03
6.557700000000000000e+04,1.082500151968711528e-02,6.189828458694535129e-03
6.557800000000000000e+04,1.090049254814393423e-02,4.819596015837035452e-03
6.557900000000000000e+04,5.644572140894759012e-03,3.742289508357643513e-03
6.558000000000000000e+04,3.658904671027728324e-03,2.053545581749993687e-02
6.558100000000000000e+04,8.419065992601807921e-03,6.143688878895048333e-03
6.558200000000000000e+04,6.382232013367308832e-03,1.261138909699255350e-02
6.558300000000000000e+04,3.363199824314705346e-03,9.250917790080137593e-04
6.558400000000000000e+04,2.338762396607662383e-03,8.596313455825566052e-03
6.558500000000000000e+04,7.400660957910337734e-03,4.963048495273625349e-03
6.558600000000000000e+04,7.608552527826463290e-03,3.326198199582464099e-03
6.558700000000000000e+04,6.633524300582482533e-03,5.470067613767781722e-03
6.558800000000000000e+04,8.142288769840348717e-03,4.193795935952593368e-03
6.558900000000000000e+04,6.643556139143230906e-03,3.632243492069520130e-02
6.559000000000000000e+04,2.163608678632297430e-02,1.568479940563349828e-02
6.559100000000000000e+04,1.016040005332917613e-02,4.289539984819512597e-03
6.559200000000000000e+04,8.944641098551982250e-03,6.069028478988158781e-03
6.559300000000000000e+04,1.195971614054978406e-02,6.404953850454475628e-03
6.559400000000000000e+04,7.135763388531439488e-03,1.033694896706727206e-02
6.559500000000000000e+04,7.072510660714755211e-03,3.278421230747596837e-02
6.559600000000000000e+04,5.703298980476595621e-03,1.034066319072124429e-02
6.559700000000000000e+04,9.944182161534732833e-03,1.270048837966264443e-02
6.559800000000000000e+04,9.005096390738567130e-03,2.908249556709208150e-03
6.559900000000000000e+04,1.785571875136686068e-02,7.731411065666549121e-03
6.560000000000000000e+04,3.654625453446337657e-02,7.309293015301498997e-02
6.560100000000000000e+04,5.226089810388849510e-02,1.287153076397125062e-01
6.560200000000000000e+04,1.486013972140250161e-01,1.822727423547068071e-01
6.560300000000000000e+04,1.340382647999062149e-01,2.064884537141189469e-01
6.560400000000000000e+04,5.538310555907713928e-01,1.131640026719828995e+00
6.560500000000000000e+04,4.181051120281960021e-01,8.907608800550992356e-01
6.560600000000000000e+04,4.044372844828691416e-01,7.477422704691853994e-01
6.560700000000000000e+04,3.824592953960225805e-01,6.921308320602950204e-01
6.560800000000000000e+04,3.885207719540879068e-01,7.053012055450782469e-01
6.560900000000000000e+04,3.860753296171846038e-01,7.176400771067594775e-01
6.561000000000000000e+04,3.880878731139846272e-01,7.096994589888581118e-01
6.561100000000000000e+04,3.873988812683836214e-01,7.289377667641172565e-01
6.561200000000000000e+04,3.910092391248179422e-01,7.121829958043619513e-01
6.561300000000000000e+04,3.965479863150288553e-01,7.113307375046584724e-01
6.561400000000000000e+04,3.872815555241936325e-01,7.079499854677457904e-01
6.561500000000000000e+04,3.891455012727105811e-01,6.962876279297578463e-01
6.561600000000000000e+04,3.927222990816771619e-01,7.145416675351157210e-01
6.561700000000000000e+04,3.859973173456151541e-01,6.972882864667067082e-01
6.561800000000000000e+04,3.870117209422999083e-01,7.102143583477662503e-01
6.561900000000000000e+04,3.904394457154302667e-01,6.942846521749004296e-01
6.562000000000000000e+04,3.821385560538027026e-01,6.982357297504435678e-01
6.562100000000000000e+04,3.875310008637657400e-01,7.052060121286132244e-01
6.562200000000000000e+04,3.877721288460518334e-01,7.640604279824643186e-01
6.562300000000000000e+04,3.846490792920289614e-01,7.281163449386731656e-01
6.562400000000000000e+04,3.716368415357531596e-01,7.005089064579550495e-01
6.562500000000000000e+04,3.736682120034809373e-01,7.049445339398729971e-01
6.562600000000000000e+04,3.548025419478681441e-01,6.937859064750746541e-01
6.562700000000000000e+04,3.712587538311564739e-01,6.798171556917580460e-01
6.562800000000000000e+04,3.786601432424242519e-01,6.989113591269067172e-01
6.562900000000000000e+04,3.807452330321823286e-01,7.075965389874205869e-01
6.563000000000000000e+04,3.819484347147926728e-01,7.164147601670585175e-01
6.563100000000000000e+04,3.837502309580591575e-01,7.100718365575353630e-01
6.563200000000000000e+04,3.844666043053326376e-01,7.212134971905648229e-01
6.563300000000000000e+04,3.825207968908854173e-01,7.181655115670437795e-01
6.563400000000000000e+04,3.887281967865939269e-01,7.039552393704688882e-01
6.563500000000000000e+04,3.916272665247223506e-01,7.148449238633460823e-01
6.563600000000000000e+04,3.908274548558407502e-01,7.291538258655485549e-01
6.563700000000000000e+04,3.883485315359796464e-01,7.178801119274318410e-01
6.563800000000000000e+04,3.828845471205473139e-01,7.295025323259309857e-01
6.563900000000000000e+04,3.869990431466772685e-01,7.172351275615511668e-01
6.564000000000000000e+04,3.876123754727496262e-01,7.223115989627686417e-01
6.564100000000000000e+04,3.899141597868391873e-01,7.243119436477272188e-01
6.564200000000000000e+04,3.965681881188354296e-01,7.199137348657203006e-01
6.564300000000000000e+04,3.943275605316225452e-01,7.191303922594229903e-01
6.564400000000000000e+04,3.978840603578568391e-01,7.128917493936377525e-01
6.564500000000000000e+04,4.004534905839825520e-01,7.063563818579581266e-01
6.564600000000000000e+04,4.004348666221142494e-01,7.201837819235947791e-01
6.564700000000000000e+04,3.983146518447492346e-01,7.040007327639550283e-01
6.564800000000000000e+04,1.192284087147418847e-01,4.381693549722598391e-02
6.564900000000000000e+04,1.280094904899661823e-01,6.388085755907724206e-02
6.565000000000000000e+04,2.751286788232578523e-02,4.376018743050025250e-02
6.565100000000000000e+04,4.527259036145929623e-03,8.784425719976951541e-03
6.565200000000000000e+04,3.736302197530347920e-03,2.956435943229251961e-03
6.565300000000000000e+04,1.153673905744693681e-02,4.522356805448879413e-03
6.565400000000000000e+04,1.322881745360454664e-02,8.592175938240131927e-03
6.565500000000000000e+04,1.157441471286633355e-02,1.686776044804716435e-02
6.565600000000000000e+04,2.071830294246765000e-02,1.215030220892643342e-02
6.565700000000000000e+04,9.050455320742209486e-03,1.012778289794624698e-02
6.565800000000000000e+04,4.518196958103823206e-03,9.015512079052712124e-03
6.565900000000000000e+04,2.648263579253594749e-02,9.195193713541272018e-02
6.566000000000000000e+04,5.972059788241521582e-03,1.447373557886066919e-02
6.566100000000000000e+04,8.577115394578044283e-02,1.676549596103100725e-01
6.566200000000000000e+04,4.769719727825196681e-02,7.711212145210666336e-02
6.566300000000000000e+04,1.689452422720141844e-02,2.392771939907589740e-02
6.566400000000000000e+04,8.981569180285493836e-02,3.272894264072334636e-02
6.566500000000000000e+04,3.719971893702998522e-01,1.071531481329973445e+00
6.566600000000000000e+04,3.291578638718414274e-01,4.815099709895527269e-01
6.566700000000000000e+04,3.261650158042532777e-01,4.661995758996813066e-01
6.566800000000000000e+04,3.188285363823867846e-01,4.774720233966682770e-01
6.566900000000000000e+04,2.905460538790237690e-01,4.984532976081919031e-01
6.567000000000000000e+04,3.563880774092486048e-01,5.250802873651405633e-01
6.567100000000000000e+04,4.535908149425832980e-01,3.342861353606210173e-01
6.567200000000000000e+04,3.929857112240319195e-01,2.694827738928431415e-01
6.567300000000000000e+04,9.845394847067176491e-02,1.478166712289628038e-01
6.567400000000000000e+04,3.376004749106785441e-02,5.246891099783645984e-02
6.567500000000000000e+04,1.607129447432671318e-02,1.865668667567632610e-02
6.567600000000000000e+04,6.387599952250758162e-03,1.636313852378989964e-02
6.567700000000000000e+04,5.543987122696762693e-03,1.985655543056807915e-02
6.567800000000000000e+04,5.475059235879305673e-03,1.788842468446105727e-02
6.567900000000000000e+04,7.256218681237650535e-03,2.359997458373896961e-03
6.568000000000000000e+04,5.706323383241539322e-03,1.722923650601160261e-02
6.568100000000000000e+04,2.740850827472223090e-03,1.320140328857277723e-02
6.568200000000000000e+04,6.893606234574686971e-03,3.758372715749302984e-03
6.568300000000000000e+04,2.580789031312162932e-03,1.075636770520915775e-02
6.568400000000000000e+04,5.616744150459818119e-03,1.340585273429262259e-02
6.568500000000000000e+04,3.890190157627779199e-02,7.661183040255004073e-02
6.568600000000000000e+04,4.588072971353085103e-03,4.456593870671099467e-03
6.568700000000000000e+04,5.966337275592411248e-03,2.166942128948079471e-03
6.568800000000000000e+04,4.379748849523966946e-03,1.266741174935326342e-02
6.568900000000000000e+04,4.247200369299138599e-03,6.147609475982918070e-03
6.569000000000000000e+04,7.120042018449849325e-03,7.514802524925201510e-03
6.569100000000000000e+04,8.831346775135945348e-03,1.587046328649588389e-02
6.569200000000000000e+04,8.097404033119899938e-03,1.311270367330497066e-02
6.569300000000000000e+04,7.532284045475214941e-03,3.265053924109473371e-03
6.569400000000000000e+04,2.741715278733240519e-03,1.264658896639536678e-02
6.569500000000000000e+04,5.334936898584910665e-03,7.145825952363793476e-04
6.569600000000000000e+04,4.352222361287413389e-03,5.208456630089397521e-03
6.569700000000000000e+04,2.672926024654792478e-03,2.203447263718238958e-03
6.569800000000000000e+04,1.245085252811302433e-03,2.594127358550135654e-03
6.569900000000000000e+04,3.437607241862373954e-03,6.562617753584021330e-03
6.570000000000000000e+04,5.163061376503966064e-03,6.591950320346651182e-03
6.570100000000000000e+04,6.887131428082446556e-03,2.275840853829880217e-02
6.570200000000000000e+04,3.631787787527304256e-03,1.370373052607165576e-02
6.570300000000000000e+04,3.063340706278666094e-03,6.094373656990281773e-03
6.570400000000000000e+04,1.172417186053634555e-02,1.629693509140128782e-02
6.570500000000000000e+04,8.895161783677827880e-03,2.525500120259005499e-02
6.570600000000000000e+04,2.269652169883567324e-03,5.875331020714469332e-03
6.570700000000000000e+04,3.778239884141507045e-03,7.796206792224591453e-03
6.570800000000000000e+04,4.278815013017338992e-03,1.862081930096737281e-02
6.570900000000000000e+04,3.599635512154451995e-03,2.199132003336323748e-03
6.571000000000000000e+04,6.501207819815412771e-03,5.918003303807317650e-03
6.571100000000000000e+04,8.561107553761151609e-03,1.427215941684645273e-02
6.571200000000000000e+04,9.644924489700982054e-03,1.868261247508984368e-02
6.571300000000000000e+04,8.544357884294719735e-03,1.962078851145543368e-02
6.571400000000000000e+04,4.842727441967288084e-03,1.404024739083231665e-02
6.571500000000000000e+04,6.673172218239621471e-03,1.188670556711990400e-02
6.571600000000000000e+04,3.619199975839842987e-03,4.609436194883187454e-03
6.571700000000000000e+04,5.832295114317812522e-03,1.375485359488859416e-02
6.571800000000000000e+04,5.445232161936142817e-03,1.349096388365156329e-02
6.571900000000000000e+04,7.563404300010832283e-03,5.813277004747430254e-03
6.572000000000000000e+04,3.958091253887515565e-03,5.707223856007193064e-03
6.572100000000000000e+04,6.933958802110701258e-03,8.746800850837121999e-03
6.572200000000000000e+04,6.841921881941747004e-03,1.342023432875816269e-03
6.572300000000000000e+04,4.987425161807846827e-03,4.053099975714347103e-03
6.572400000000000000e+04,7.176090323851042757e-03,1.176687670607412528e-02
6.572500000000000000e+04,6.464823611677548640e-03,5.105659553608976609e-03
6.572600000000000000e+04,5.926630472089276097e-03,2.243606441361534198e-02
6.572700000000000000e+04,3.930501112801709253e-03,5.720144176604269326e-03
6.572800000000000000e+04,3.257439984964615939e-03,6.664580963948119052e-03
6.572900000000000000e+04,6.242806560850262983e-03,2.279806598553718588e-02
6.573000000000000000e+04,1.617067655600345696e-02,3.199194057744514375e-02
6.573100000000000000e+04,1.847528735575976189e-02,5.867857991744637736e-02
6.573200000000000000e+04,1.179408576415228935e-02,6.395028416387318893e-02
6.573300000000000000e+04,1.193267138705080138e-01,7.795525822693721851e-02
6.573400000000000000e+04,2.449751838165543094e-01,2.737309632785045466e-02
6.573500000000000000e+04,4.252007828876405715e-02,1.356068719209699847e-01
6.573600000000000000e+04,4.968328461194371909e-02,1.569994382730185989e-01
6.573700000000000000e+04,2.486827322486605263e-02,1.047955683348893441e-01
6.573800000000000000e+04,4.034380701659288221e-02,1.089878611658660068e-01
6.573900000000000000e+04,4.235874816800246773e-02,1.049151018285686132e-01
6.574000000000000000e+04,3.092504936944166088e-02,6.459610041113866830e-02
6.574100000000000000e+04,4.106857651037615353e-02,8.863370698128075764e-02
6.574200000000000000e+04,3.565386305745132239e-02,6.974961748738139899e-02
6.574300000000000000e+04,3.951380808918377591e-02,7.552830707466806626e-02
6.574400000000000000e+04,4.218079728570680448e-02,7.227750409145156096e-02
6.574500000000000000e+04,3.676167977964323041e-02,7.243896691402151866e-02
6.574600000000000000e+04,3.616530660226735527e-02,6.324147520752027019e-02
6.574700000000000000e+04,3.311589739226319246e-02,6.413427525374787441e-02
6.574800000000000000e+04,4.051430043183011642e-02,7.603504479814154893e-02
6.574900000000000000e+04,2.246129105868342052e-02,4.612143152066006113e-02
6.575000000000000000e+04,3.031950272227406512e-02,5.147961011235563378e-02
6.575100000000000000e+04,3.036185835855816778e-02,5.726566797710214152e-02
6.575200000000000000e+04,2.619840808851725891e-02,5.379327495161673189e-02
6.575300000000000000e+04,2.639201172546644728e-02,6.033491553628389514e-02
6.575400000000000000e+04,3.311677355078233853e-02,6.556261133462665258e-02
6.575500000000000000e+04,2.882088290811068987e-02,6.356356189583428629e-02
6.575600000000000000e+04,3.195759062905613457e-02,6.142534657094522732e-02
6.575700000000000000e+04,2.565982003693283511e-02,5.855574739696167708e-02
6.575800000000000000e+04,2.624956488176887620e-02,5.258552496317331348e-02
6.575900000000000000e+04,2.385216160088417595e-02,5.578269071004243740e-02
6.576000000000000000e+04,2.279568958820299765e-02,5.885818615061322312e-02
6.576100000000000000e+04,2.320443685860776317e-02,6.387148500515238414e-02
6.576200000000000000e+04,3.939742338928489684e-02,7.207894023064848055e-02
6.576300000000000000e+04,5.604579704997961903e-02,9.533977802043430705e-02
6.576400000000000000e+04,2.175771346884715629e-01,5.554012613291295919e-01
6.576500000000000000e+04,8.837507058325569931e-01,3.467651468773292667e+00
6.576600000000000000e+04,1.152945730132509006e+00,4.176705855274459367e+00
6.576700000000000000e+04,8.560570147652653006e-01,2.922073661398238098e+00
6.576800000000000000e+04,8.753070360264403327e-01,2.895421346482008218e+00
6.576900000000000000e+04,8.333066951712024828e-01,2.606283140278852439e+00
6.577000000000000000e+04,7.363673872367550999e-01,2.039268050401932708e+00
6.577100000000000000e+04,6.196848855338288331e-01,1.302863717400687626e+00
6.577200000000000000e+04,2.726346163508376330e-01,5.561057932719047914e-01
6.577300000000000000e+04,5.059769101582598655e-03,1.322387236246647113e-02
6.577400000000000000e+04,8.399736657612179649e-03,1.065500065163504928e-02
6.577500000000000000e+04,7.642248999191103911e-03,7.079326076217196118e-03
6.577600000000000000e+04,2.488542543689918271e-02,2.128980282584902461e-02
6.577700000000000000e+04,1.461997014680749447e-02,2.652937170190705629e-02
6.577800000000000000e+04,1.074738903951110575e-02,2.132173509011847656e-02
6.577900000000000000e+04,2.541427924890972759e-02,3.223702657328564314e-02
6.578000000000000000e+04,1.715834000914723614e-02,5.370860930617649132e-02
6.578100000000000000e+04,5.667735710300533802e-02,1.344036540324773377e-01
6.578200000000000000e+04,3.202989098074730118e-02,5.237117471060015461e-02
6.578300000000000000e+04,2.233867963958921163e-02,4.686312998226838111e-02
6.578400000000000000e+04,1.009144755971886839e-02,5.744300990286088648e-02
6.578500000000000000e+04,2.557941757498285312e-02,4.166971155034726593e-02
6.578600000000000000e+04,2.057839788178720403e-02,3.346445375763362762e-02
6.578700000000000000e+04,2.002746252496877544e-01,3.806599178893761426e-01
6.578800000000000000e+04,1.472339339429134392e-02,1.162204050250359444e-02
6.578900000000000000e+04,3.530266520410847014e-03,8.432549764894492483e-03
6.579000000000000000e+04,6.799244250371110423e-03,8.356787871044879523e-03
6.579100000000000000e+04,7.332214834063701010e-03,2.729525367274110437e-03
6.579200000000000000e+04,3.050538892747547103e-03,4.430279689748850558e-03
6.579300000000000000e+04,3.947304159034566336e-03,1.312021989232015073e-02
6.579400000000000000e+04,9.588605221913976823e-03,1.198472488548585346e-02
6.579500000000000000e+04,2.166457921076819521e-03,1.275770713633050946e-02
6.579600000000000000e+04,3.540630216320228563e-03,8.738271739840541841e-03
6.579700000000000000e+04,1.862505558669913476e-03,9.822804597977352614e-03
6.579800000000000000e+04,8.100092184365395923e-03,1.051455385709232360e-02
6.579900000000000000e+04,1.089859271226419242e-02,6.820734826953334107e-04
6.580000000000000000e+04,1.626047949716842925e-02,1.167060244305506700e-02
6.580100000000000000e+04,1.315432042682465261e-02,6.023176378860739533e-03
6.580200000000000000e+04,1.999105934132849524e-02,2.611935447554891709e-03
6.580300000000000000e+04,1.335860481235475773e-02,1.108148831521615918e-02
6.580400000000000000e+04,8.185982205075549925e-03,1.313543586412535547e-02
6.580500000000000000e+04,8.971029292437765132e-03,3.315745651969104202e-02
6.580600000000000000e+04,6.887066091295451081e-03,4.711907594945330402e-04
6.580700000000000000e+04,9.665096568321311643e-03,4.733249676784012649e-03
6.580800000000000000e+04,2.042874716154855635e-02,2.843465316976878654e-02
6.580900000000000000e+04,2.302680385122079371e-02,1.435444568436139434e-02
6.581000000000000000e+04,1.571502067808780087e-02,4.963335570981630696e-02
6.581100000000000000e+04,1.777754548966960918e-02,1.317787146977433821e-02
6.581200000000000000e+04,1.780946585606882002e-02,2.095115841687977820e-03
6.581300000000000000e+04,1.201988583326405596e-02,1.330011723295809745e-02
6.581400000000000000e+04,1.757674400760435990e-02,1.040064454143685424e-02
6.581500000000000000e+04,2.079673647205849268e-02,2.873331858253536097e-02
6.581600000000000000e+04,4.379220799615645560e-02,5.075860748799598809e-02
6.581700000000000000e+04,2.418603911563338427e-02,2.420230947671342392e-02
6.581800000000000000e+04,2.979738239921825987e-02,1.276814754097088667e-02
6.581900000000000000e+04,3.185367755893549202e-02,2.300222116543970685e-02
6.582000000000000000e+04,2.489423094276528581e-02,2.453032781510078308e-02
6.582100000000000000e+04,2.725006052834909667e-02,3.503671242835970645e-02
6.582200000000000000e+04,2.634601452445574366e-02,3.098322636709660571e-02
6.582300000000000000e+04,2.764199727660578490e-02,3.490121152250402758e-02
6.582400000000000000e+04,3.083693269236011114e-02,6.309468335648116266e-02
6.582500000000000000e+04,2.786045517753754641e-02,4.489231729990628139e-02
6.582600000000000000e+04,2.975994041075079657e-02,3.523658891073200294e-02
6.582700000000000000e+04,3.520865498557475964e-02,3.693126376353017548e-02
6.582800000000000000e+04,4.032918048401249594e-02,4.985941118849979148e-02
6.582900000000000000e+04,4.494021681274439073e-02,5.921599165182023228e-02
6.583000000000000000e+04,4.425144637789069080e-02,5.793058963018982155e-02
6.583100000000000000e+04,4.563094504902168169e-02,6.197378301841283132e-02
6.583200000000000000e+04,4.257708510841542310e-02,4.539549809517762213e-02
6.583300000000000000e+04,4.457081771193341369e-02,7.763947465882825583e-02
6.583400000000000000e+04,4.563423536426921417e-02,7.556753026624463132e-02
6.583500000000000000e+04,4.990712032437054357e-02,6.016003972466066330e-02
6.583600000000000000e+04,4.283031341387917579e-02,6.204768730342102856e-02
6.583700000000000000e+04,5.682175464665131098e-02,4.963191462894744888e-02
6.583800000000000000e+04,2.528093910074053277e-02,1.699008631212262088e-02
6.583900000000000000e+04,2.781575220762661990e-02,4.006333343450751983e-02
6.584000000000000000e+04,1.385364257268701868e-02,3.766803982411337515e-02
6.584100000000000000e+04,6.697535671818861946e-03,1.553065546257048624e-02
6.584200000000000000e+04,1.056781748521896068e-02,1.851237379182046894e-02
6.584300000000000000e+04,2.096997061538485307e-01,2.801949319365899527e-01
6.584400000000000000e+04,1.596114809622251746e-02,1.429159241308131101e-02
6.584500000000000000e+04,5.687640247194195552e-03,1.070858613230507572e-02
6.584600000000000000e+04,2.211582764536853055e-02,2.341596562058212427e-02
6.584700000000000000e+04,2.158113688568856492e-02,2.887125246369537379e-02
6.584800000000000000e+04,1.202262661931447450e-02,4.647012446195164515e-02
6.584900000000000000e+04,1.659634971755806140e-02,3.282195460155712396e-02
6.585000000000000000e+04,3.263467530123452531e-02,3.396961032591017116e-02
6.585100000000000000e+04,1.667064135635200686e-02,7.716734640030864512e-03
6.585200000000000000e+04,3.159803768380822081e-02,1.320163357465720111e-02
6.585300000000000000e+04,6.301940378280179549e-03,4.181255073037748460e-02
6.585400000000000000e+04,6.843017801198883129e-03,2.351519449613315160e-02
6.585500000000000000e+04,2.402275232841748209e-02,5.844411689647488473e-02
6.585600000000000000e+04,4.994608743360657438e-02,3.089996635670111402e-02
6.585700000000000000e+04,2.256025773385320066e-02,5.630895158369808584e-02
6.585800000000000000e+04,2.441714634123892322e-02,6.677798554297131872e-02
6.585900000000000000e+04,2.010855591204956799e-02,3.394648584268988856e-02
6.586000000000000000e+04,2.044496916516956933e-02,7.546891887738382820e-03
6.586100000000000000e+04,2.399731355393708385e-03,7.325174675452128525e-03
6.586200000000000000e+04,1.634431297449025558e-02,4.149541739147721842e-03
6.586300000000000000e+04,3.412719539802265556e-02,3.657957686673984909e-03
6.586400000000000000e+04,3.232911450752676275e-02,2.044504296165605695e-02
6.586500000000000000e+04,3.254726214463844053e-02,1.668282548084754069e-02
6.586600000000000000e+04,5.402270892827713833e-02,1.265873768235237229e-01
6.586700000000000000e+04,1.336036872221553658e-02,3.106055601281143552e-02
6.586800000000000000e+04,1.593028901940090128e-02,3.263808134037216035e-02
6.586900000000000000e+04,1.031643573199344556e-02,1.325555259204991287e-02
6.587000000000000000e+04,3.748214364452927185e-03,3.243543501851098299e-02
6.587100000000000000e+04,2.438035961233361165e-02,4.029875845143093827e-02
6.587200000000000000e+04,1.129779174683655935e-01,8.075440946045420176e-02
6.587300000000000000e+04,4.050276012086682920e-02,3.494724232923873686e-02
6.587400000000000000e+04,5.209905110941112638e-02,3.538762503217585120e-02
6.587500000000000000e+04,3.403516180501290483e-02,5.586703458393404986e-02
6.587600000000000000e+04,1.290872936246011994e-02,2.464871378778044075e-02
6.587700000000000000e+04,1.065930189369363248e-02,1.109227369681820008e-02
6.587800000000000000e+04,1.518894834115621859e-02,1.099089956686505332e-04
6.587900000000000000e+04,1.728766718533964603e-02,2.039444951382840543e-02
6.588000000000000000e+04,2.264687593734376544e-02,2.322265339606488510e-02
6.588100000000000000e+04,1.820481718313765249e-02,1.219698668279445286e-02
6.588200000000000000e+04,2.498116542273071464e-02,9.992017207518966160e-03
6.588300000000000000e+04,1.944773059774220977e-02,6.677570107648023168e-03
6.588400000000000000e+04,2.022161544280659876e-02,4.996964683855242839e-03
6.588500000000000000e+04,1.672895319527584537e-02,1.562881238218505331e-02
6.588600000000000000e+04,1.684201146079309860e-02,1.417158451417055431e-02
6.588700000000000000e+04,1.456119781585861819e-02,3.098141983688940115e-02
6.588800000000000000e+04,1.363342338398159694e-02,1.231991699919365857e-02
6.588900000000000000e+04,9.159818688034093367e-03,1.526144014266428428e-03
6.589000000000000000e+04,1.775814690802808571e-02,2.527270870692555071e-02
6.589100000000000000e+04,1.257889621663410042e-02,2.718804081515879822e-02
6.589200000000000000e+04,1.029190634599984160e-02,7.360515997632433027e-03
6.589300000000000000e+04,8.945386292949540977e-03,1.819587578860359933e-02
6.589400000000000000e+04,5.632560303931655882e-03,1.003858451367922733e-02
6.589500000000000000e+04,6.215120775964081377e-03,7.859414596483871307e-03
6.589600000000000000e+04,4.170538808297671526e-03,8.956819412076821862e-03
6.589700000000000000e+04,2.219584373321200916e-03,1.485173266314077090e-02
6.589800000000000000e+04,1.859866644603558631e-03,1.814976545971536126e-02
6.589900000000000000e+04,4.853824003986767152e-03,7.989975726845344184e-03
6.590000000000000000e+04,7.675816702716702772e-03,1.391125291444694767e-03
6.590100000000000000e+04,1.308102805250893966e-02,3.158343772555061157e-02
6.590200000000000000e+04,8.617089224620276891e-03,2.873497453578455207e-03
6.590300000000000000e+04,9.819972652106720781e-03,3.985707257406989612e-03
6.590400000000000000e+04,9.164386336892295370e-03,8.276419408656199295e-03
6.590500000000000000e+04,1.129618848895805154e-02,9.624459363720028193e-03
6.590600000000000000e+04,1.448130678720035633e-02,5.667972810266874717e-03
6.590700000000000000e+04,4.620238223284879597e-02,6.987792742787535261e-02
6.590800000000000000e+04,1.760529641558545091e-02,7.098194859033624127e-03
6.590900000000000000e+04,1.800963220192038430e-02,3.885874591059934602e-02
6.591000000000000000e+04,1.073692538140358886e-02,6.158454173496474837e-03
6.591100000000000000e+04,1.187913140382178441e-02,1.082785362392790773e-02
6.591200000000000000e+04,4.949271174543603408e-03,2.521719626334606446e-02
6.591300000000000000e+04,7.482969393274562994e-03,4.824557377734794983e-03
6.591400000000000000e+04,1.212384694103577423e-02,2.726356163165633006e-03
6.591500000000000000e+04,1.078596456240470472e-02,1.040967690145211400e-02
6.591600000000000000e+04,1.247072542745480267e-02,7.583214636152968424e-03
6.591700000000000000e+04,9.203410617580938188e-03,1.131140883387304896e-02
6.591800000000000000e+04,1.463187924177678824e-02,8.046102690838718985e-03
6.591900000000000000e+04,8.821998404321006529e-03,7.846000873048764035e-03
6.592000000000000000e+04,8.021795689079382063e-03,7.760347607579376472e-04
6.592100000000000000e+04,9.925150798083285861e-03,1.982779028115677633e-02
6.592200000000000000e+04,1.075052879333140629e-02,2.928833481825876550e-02
6.592300000000000000e+04,7.732977654037702722e-03,1.947371264037323080e-02
6.592400000000000000e+04,1.095291671499061363e-02,1.171655956715522695e-02
6.592500000000000000e+04,1.694589928119244818e-02,3.032149361018054989e-02
6.592600000000000000e+04,1.539003355519199048e-02,3.774159160167589455e-02
6.592700000000000000e+04,9.674986068118741553e-03,3.001904066437188767e-02
6.592800000000000000e+04,8.623728587538067453e-03,5.869153023206341580e-03
6.592900000000000000e+04,6.891997290107029078e-03,5.058826257900217449e-03
6.593000000000000000e+04,3.349668046072771990e-03,1.156128655684507400e-02
6.593100000000000000e+04,2.727392572222722342e-02,2.095946994612341019e-02
6.593200000000000000e+04,8.104918984684734984e-02,1.407942016423946452e-01
6.593300000000000000e+04,5.957131027221923558e-02,1.310045428208356233e-01
6.593400000000000000e+04,1.452500677731020408e-02,7.529008706412193552e-02
6.593500000000000000e+04,6.672066577286629892e-03,3.873238263808209680e-02
6.593600000000000000e+04,1.950419858709800253e-02,5.710574027640025196e-02
6.593700000000000000e+04,1.781143369826550943e-02,1.376585516878008619e-01
6.593800000000000000e+04,1.202260124752778554e-02,6.108462942444936594e-03
6.593900000000000000e+04,2.354774407833896410e-01,2.396875845388376780e-01
6.594000000000000000e+04,3.704510948407097048e-02,9.375260691944671543e-03
6.594100000000000000e+04,1.871287048910667827e-01,3.031751970622312276e-01
6.594200000000000000e+04,1.767024055613184430e-01,2.587660652461431510e-01
6.594300000000000000e+04,1.084754764978955871e-01,1.420148802445986569e-01
6.594400000000000000e+04,2.442841423797144640e-01,3.187532284276043959e-01
6.594500000000000000e+04,9.171195395783413029e-02,3.423551102978010796e-01
6.594600000000000000e+04,1.377325775805580410e-01,9.385818289370223555e-02
6.594700000000000000e+04,1.902584691033185060e-01,6.495759475312701259e-01
6.594800000000000000e+04,3.596638298086155539e-01,1.032766803048606796e+00
6.594900000000000000e+04,5.227350616756134549e-01,1.371789563253617672e+00
6.595000000000000000e+04,1.349700025004967774e+00,2.404549868691856940e+00
6.595100000000000000e+04,1.259808044364702617e+00,2.496714707375808029e+00
6.595200000000000000e+04,1.270121062534243839e+00,2.457556811443476263e+00
6.595300000000000000e+04,1.115805500475605117e+00,2.251067263679688679e+00
6.595400000000000000e+04,1.083757789195267440e+00,2.029473489659669561e+00
6.595500000000000000e+04,9.608372840906889145e-01,1.793428276561144674e+00
6.595600000000000000e+04,9.213692864038394159e-01,1.814859408246844996e+00
6.595700000000000000e+04,7.576361151021745455e-01,1.360672058166453979e+00
6.595800000000000000e+04,6.511691143035480689e-01,1.163693403531802950e+00
6.595900000000000000e+04,5.389330931314629813e-01,9.547046168351470685e-01
6.596000000000000000e+04,5.052062290103089826e-01,9.108097313811528428e-01
6.596100000000000000e+04,4.810604423291686138e-01,9.032444044795813198e-01
6.596200000000000000e+04,3.966566330004111518e-01,7.153356632137770621e-01
6.596300000000000000e+04,3.766591143149891074e-01,6.810317131507075405e-01
6.596400000000000000e+04,3.091812856874229243e-01,5.636472087497161887e-01
6.596500000000000000e+04,2.877332202561476704e-01,4.613830098447819772e-01
6.596600000000000000e+04,2.970111992221581287e-01,3.129286304622184156e-01
6.596700000000000000e+04,2.392970333058782872e-01,3.100223174097437306e-01
6.596800000000000000e+04,4.608765137721323318e-02,8.629260616906497816e-02
6.596900000000000000e+04,2.030341891150195394e-02,1.966339149834794853e-03
6.597000000000000000e+04,6.330955495086758138e-03,5.213588185381756723e-03
6.597100000000000000e+04,1.478091126924242597e-02,1.209333167369397444e-02
6.597200000000000000e+04,3.171165512969133845e-03,1.501268971439451150e-02
6.597300000000000000e+04,1.028906849001559251e-02,3.803951173960706811e-03
6.597400000000000000e+04,4.952498126276165362e-03,1.262880923359799290e-02
6.597500000000000000e+04,1.120899012076624797e-02,6.206539410483324914e-03
6.597600000000000000e+04,1.853638432684224027e-02,5.648718909690098045e-03
6.597700000000000000e+04,2.135310058186001489e-02,3.777553554423640492e-02
6.597800000000000000e+04,2.467437361779942911e-02,3.472538671727098958e-02
6.597900000000000000e+04,3.495481135122754240e-02,8.327784010474914567e-02
6.598000000000000000e+04,5.654454732606924508e-03,1.051345068680920036e-02
6.598100000000000000e+04,4.807669280367946399e-03,1.337563070668634779e-02
6.598200000000000000e+04,2.408009372194986827e-02,4.598987797991727078e-02
6.598300000000000000e+04,1.048675723014891141e-02,1.288204613066539217e-01
6.598400000000000000e+04,1.707842411033076366e-02,9.814347815348822834e-02
6.598500000000000000e+04,5.272381791307158283e-02,2.741643873883825577e-02
6.598600000000000000e+04,1.616691435848517655e-02,6.048187176586861113e-02
6.598700000000000000e+04,5.075657557968751843e-02,1.798638523395457156e-02
6.598800000000000000e+04,1.137298395234885157e-01,3.107411386877234616e-01
6.598900000000000000e+04,2.820839467411832002e-01,4.540925783966383023e-01
6.599000000000000000e+04,3.228054879868456212e-02,2.477375734688980202e-03
6.599100000000000000e+04,1.415641577638355741e-01,4.577297324120275235e-01
6.599200000000000000e+04,1.446127876442779847e-01,4.435955068994368311e-01
6.599300000000000000e+04,1.289175540614776183e-01,3.634584536645678599e-01
6.599400000000000000e+04,1.444785146799880404e-01,4.158291619529288496e-01
6.599500000000000000e+04,1.807851891264876942e-01,4.650193221563039270e-01
6.599600000000000000e+04,4.935067831076407618e-02,9.587137296665115826e-02
6.599700000000000000e+04,4.098386050587661533e-02,1.035118797705186777e-01
6.599800000000000000e+04,3.081132564469441643e-02,3.121313611895260021e-02
6.599900000000000000e+04,3.382733297239338965e-02,2.076546855198702080e-02
6.600000000000000000e+04,4.013059138327347564e-02,7.470560186837338357e-03
6.600100000000000000e+04,2.279596283479427832e-02,3.143262605371655027e-02
6.600200000000000000e+04,1.880750680630984689e-02,7.484618151807453934e-03
6.600300000000000000e+04,2.627579960126872130e-02,4.379455622066519282e-02
6.600400000000000000e+04,1.817207282819517655e-02,4.300802866715325301e-02
6.600500000000000000e+04,2.581044760473806890e-02,1.800580135858398378e-02
6.600600000000000000e+04,1.975164464669205283e-02,2.670417713810380178e-04
6.600700000000000000e+04,1.349076279029625368e-02,7.059579638980961747e-03
6.600800000000000000e+04,3.154057507690757184e-02,1.237210510782515982e-03
6.600900000000000000e+04,2.258478738710426037e-02,3.523752867464757799e-02
6.601000000000000000e+04,2.560298357817499676e-02,4.022574339647122521e-02
6.601100000000000000e+04,2.545143866324045892e-02,1.459034225022293185e-02
6.601200000000000000e+04,3.332172759510667465e-02,3.338990035503419662e-02
6.601300000000000000e+04,1.964330738261428275e-02,4.518117865159654301e-02
6.601400000000000000e+04,2.382410721377794388e-02,4.629184694653742937e-02
6.601500000000000000e+04,2.415966176587665271e-02,5.344399330670479564e-02
6.601600000000000000e+04,2.744765821889361482e-02,4.791916730554368620e-02
6.601700000000000000e+04,2.197789596638305767e-02,1.988757730158541293e-02
6.601800000000000000e+04,2.708986108598067030e-02,1.074121160647556472e-02
6.601900000000000000e+04,2.389684457022775779e-02,1.737500359780974613e-02
6.602000000000000000e+04,2.653716365592155568e-02,1.870282666825673346e-02
6.602100000000000000e+04,2.138708109611572178e-02,2.625452019089902223e-02
6.602200000000000000e+04,2.160969338420889313e-02,1.736024569397232042e-02
6.602300000000000000e+04,1.666496816546265969e-02,9.389866220824716336e-03
6.602400000000000000e+04,9.341033097477729336e-03,1.781924679136892564e-02
6.602500000000000000e+04,1.628580569123891722e-02,8.295785679305778260e-03
6.602600000000000000e+04,8.854464107311986812e-03,9.101554242347376089e-03
6.602700000000000000e+04,1.318757596947819390e-02,1.787987256752598952e-02
6.602800000000000000e+04,1.017698975802959135e-02,3.098789188264783334e-03
6.602900000000000000e+04,4.029775615723926903e-03,8.806414958958397321e-03
6.603000000000000000e+04,2.772746412071061539e-02,4.500520803146335069e-03
6.603100000000000000e+04,1.015847245896145806e-01,9.302097309307200135e-04
6.603200000000000000e+04,1.457849648059306724e-01,1.544657866664240764e-01
6.603300000000000000e+04,1.970504516868135103e-02,6.530858213594559203e-03
6.603400000000000000e+04,2.951844512377610474e-01,4.716959793336807927e-01
6.603500000000000000e+04,3.219618367299746264e+00,3.681484790842483257e+00
6.603600000000000000e+04,3.276125945920382421e+00,3.772009204223599976e+00
6.603700000000000000e+04,2.805045702310471789e+00,2.711513378479498027e+00
6.603800000000000000e+04,2.595303338017278971e+00,2.478852304610683621e+00
6.603900000000000000e+04,2.430660742988925094e+00,2.295986441760075270e+00
6.604000000000000000e+04,2.375685434406097585e+00,2.272881359307124427e+00
6.604100000000000000e+04,2.303243468685622908e+00,2.040855406493504720e+00
6.604200000000000000e+04,2.206858109472294771e+00,1.910866563641297589e+00
6.604300000000000000e+04,2.133351211292173311e+00,1.839373371376718858e+00
6.604400000000000000e+04,2.090718654761484441e+00,1.795360101418695731e+00
6.604500000000000000e+04,2.031611433850447401e+00,1.686496620192383222e+00
6.604600000000000000e+04,1.949190178572888454e+00,1.563615442300628988e+00
6.604700000000000000e+04,1.892155332065083462e+00,1.471323078201701495e+00
6.604800000000000000e+04,1.841803261637732003e+00,1.391605008366322060e+00
6.604900000000000000e+04,1.767031138404321577e+00,1.252431088249159608e+00
6.605000000000000000e+04,1.713634884346372900e+00,1.137115513881609807e+00
6.605100000000000000e+04,1.659518286447918323e+00,1.022877649728043625e+00
6.605200000000000000e+04,1.619500584868807103e+00,1.021804151206029854e+00
6.605300000000000000e+04,1.552511373292690067e+00,9.429958549927284217e-01
6.605400000000000000e+04,1.485684679417469845e+00,8.431268001493319453e-01
6.605500000000000000e+04,1.421734995079251052e+00,7.722473333479382696e-01
6.605600000000000000e+04,1.325937051271977696e+00,5.293173532876025433e-01
6.605700000000000000e+04,1.373865330779383553e+00,5.868702380522932138e-01
6.605800000000000000e+04,1.387417685586110228e+00,5.975196190453568867e-01
6.605900000000000000e+04,1.379330937226591614e+00,5.575313659972507274e-01
6.606000000000000000e+04,1.340464594766748174e+00,4.240983373515856414e-01
6.606100000000000000e+04,1.387069886060753987e+00,5.294342660157491665e-01
6.606200000000000000e+04,1.391025470407294407e+00,5.698018581466772758e-01
6.606300000000000000e+04,nan,nan
6.606400000000000000e+04,1.373475568473123687e+00,4.742314349234599824e-01
6.606500000000000000e+04,1.421743492491991390e+00,5.614354647728880821e-01
6.606600000000000000e+04,1.395771319890859896e+00,6.028431034335004490e-01
6.606700000000000000e+04,1.321793727619922976e+00,4.649672521604246711e-01
6.606800000000000000e+04,1.363959417287893050e+00,5.920421368626009873e-01
6.606900000000000000e+04,1.365238361651597732e+00,5.939525065986250851e-01
6.607000000000000000e+04,1.377269417733744117e+00,5.717303091460652631e-01
6.607100000000000000e+04,1.395633182873802225e+00,5.414850984380805698e-01
6.607200000000000000e+04,1.413171504615934992e+00,5.175270360701849093e-01
6.607300000000000000e+04,1.392328263170903746e+00,5.210610961567847532e-01
6.607400000000000000e+04,1.416829221022135599e+00,5.704725328145903163e-01
6.607500000000000000e+04,1.447319556285638242e+00,5.868872586436655325e-01
6.607600000000000000e+04,1.467802978337802600e+00,5.734825136250099042e-01
6.607700000000000000e+04,1.470860466929557075e+00,5.692655601066936022e-01
6.607800000000000000e+04,1.477277586232526030e+00,5.627363664432878387e-01
6.607900000000000000e+04,1.475930274505685258e+00,5.685971583116260497e-01
6.608000000000000000e+04,1.481338219000026601e+00,5.658324257097744336e-01
6.608100000000000000e+04,1.475944772196265964e+00,5.685818430859730377e-01
6.608200000000000000e+04,1.481329469772269203e+00,5.770625795955641735e-01
6.608300000000000000e+04,1.476744675940621976e+00,5.677744785908247493e-01
6.608400000000000000e+04,1.466914613436129278e+00,5.740857602168372154e-01
6.608500000000000000e+04,1.462877539486809209e+00,5.595026640740252688e-01
6.608600000000000000e+04,1.460279095213797840e+00,5.408874906620275702e-01
6.608700000000000000e+04,1.455169098453528376e+00,5.393650138044039366e-01
6.608800000000000000e+04,1.456129187301059114e+00,5.507785755958045648e-01
6.608900000000000000e+04,1.447671163127507432e+00,5.110096508214909683e-01
6.609000000000000000e+04,1.442849126689032868e+00,5.119112104359970772e-01
6.609100000000000000e+04,1.450685957134577819e+00,5.345917768525789704e-01
6.609200000000000000e+04,1.431066765423288034e+00,4.832211207142176335e-01
6.609300000000000000e+04,1.438771307062702620e+00,5.284828081643593300e-01
6.609400000000000000e+04,1.431386437636786635e+00,4.960889144198961098e-01
6.609500000000000000e+04,1.440473602947160092e+00,5.027957727138598898e-01
6.609600000000000000e+04,1.416815565025907775e+00,5.222486690550875998e-01
6.609700000000000000e+04,1.419676298969952954e+00,4.981177838791199797e-01
6.609800000000000000e+04,1.439353886736622234e+00,5.204948224291725545e-01
6.609900000000000000e+04,1.436730123548110472e+00,5.329110779455943359e-01
6.610000000000000000e+04,1.441630656834216762e+00,5.407247774838803700e-01
6.610100000000000000e+04,1.449902495190338092e+00,5.381638780445241466e-01
6.610200000000000000e+04,1.450712048571922486e+00,5.378499269863743493e-01
6.610300000000000000e+04,1.454244722014368829e+00,5.381704608845683246e-01
6.610400000000000000e+04,1.448227476311838346e+00,5.334452838126875207e-01
6.610500000000000000e+04,1.445785782326292290e+00,5.330197363950643918e-01
6.610600000000000000e+04,1.444375155159015378e+00,5.328122656974656479e-01
6.610700000000000000e+04,1.443497234993860179e+00,5.400572659688642752e-01
6.610800000000000000e+04,1.445295014514062171e+00,5.431483149050637671e-01
6.610900000000000000e+04,1.439717153788027337e+00,5.431644551781849017e-01
6.611000000000000000e+04,1.436046451839425808e+00,5.388062429891107286e-01
6.611100000000000000e+04,1.438757409525696307e+00,5.444392165845419740e-01
6.611200000000000000e+04,1.432355492117186380e+00,5.515634367999919796e-01
6.611300000000000000e+04,1.433580832135427308e+00,5.657389159189456507e-01
6.611400000000000000e+04,1.431101641308908601e+00,5.518462716969230186e-01
6.611500000000000000e+04,1.426312372062425338e+00,5.615268534091266694e-01
6.611600000000000000e+04,1.435814338195093631e+00,5.447615448169185193e-01
6.611700000000000000e+04,1.409883960831006977e+00,5.762564385677850787e-01
6.611800000000000000e+04,1.427864082901910692e+00,5.605047536672125297e-01
6.611900000000000000e+04,1.427040226978477877e+00,5.595658720428695609e-01
6.612000000000000000e+04,1.413393658872297065e+00,5.907230265076055531e-01
6.612100000000000000e+04,1.425505646005433391e+00,5.582852798630106861e-01
6.612200000000000000e+04,1.412781738680799259e+00,5.864338131615771665e-01
6.612300000000000000e+04,1.410030603559866869e+00,5.874492420999226638e-01
6.612400000000000000e+04,1.423896728982822157e+00,5.633251969786203794e-01
6.612500000000000000e+04,1.424324675560781461e+00,5.795556851242569252e-01
6.612600000000000000e+04,1.416932319779039995e+00,5.849495541639755380e-01
6.612700000000000000e+04,1.427308691554861841e+00,5.903752564510091894e-01
6.612800000000000000e+04,1.420600466333437062e+00,6.568479512500133843e-01
6.612900000000000000e+04,1.423941390245275107e+00,5.551482676595291821e-01
6.613000000000000000e+04,1.443241371503884984e+00,5.636717418429113557e-01
6.613100000000000000e+04,1.443113135985634843e+00,5.957508735788183962e-01
6.613200000000000000e+04,1.437508301952217682e+00,5.618292523117429660e-01
6.613300000000000000e+04,1.426579670025118984e+00,6.559635265008596505e-01
6.613400000000000000e+04,1.434123856626148052e+00,6.122884170373712465e-01
6.613500000000000000e+04,1.429083369798929137e+00,5.788343035300509420e-01
6.613600000000000000e+04,1.423544267012293751e+00,5.437315234995616642e-01
6.613700000000000000e+04,1.440003393567820478e+00,5.913261860426901606e-01
6.613800000000000000e+04,1.445908883961694480e+00,5.867222939888359079e-01
6.613900000000000000e+04,1.434814075228444397e+00,5.671871313584793128e-01
6.614000000000000000e+04,1.424662543120525982e+00,5.786449866296514699e-01
6.614100000000000000e+04,1.384394966851967279e+00,5.727034012215952430e-01
6.614200000000000000e+04,1.371709573499947599e+00,6.092781203139998603e-01
6.614300000000000000e+04,1.368037318226258181e+00,6.385599962098882365e-01
6.614400000000000000e+04,1.368373804631347834e+00,6.362798755122156535e-01
6.614500000000000000e+04,1.420520686462031223e+00,4.931146724652029079e-01
6.614600000000000000e+04,1.558094590366030374e+00,3.621109753198741288e-01
6.614700000000000000e+04,1.570655919784318399e+00,4.543805212321356812e-01
6.614800000000000000e+04,1.602174583122540463e+00,4.947119289321446622e-01
6.614900000000000000e+04,1.519271670437791766e+00,2.974636780079302767e-01
6.615000000000000000e+04,1.502684459104097980e+00,6.192706401894110257e-01
6.615100000000000000e+04,1.578326151378324216e+00,5.517738125449671571e-01
6.615200000000000000e+04,1.602187966887135495e+00,5.303313803391649373e-01
6.615300000000000000e+04,1.613313418180375658e+00,1.423714513450918595e+00
6.615400000000000000e+04,1.632202428455431065e+00,1.271329738643825813e+00
6.615500000000000000e+04,1.608135587029402069e+00,1.505109457628278413e+00
6.615600000000000000e+04,1.485088910270617735e+00,1.679714110985439657e+00
6.615700000000000000e+04,1.544594657871852128e+00,1.914883924564421580e+00
6.615800000000000000e+04,1.532852273085317574e+00,2.062807317184037981e+00
6.615900000000000000e+04,1.522909364480369732e+00,2.059543645853304739e+00
6.616000000000000000e+04,1.569777060951581316e+00,1.979375962589166260e+00
6.616100000000000000e+04,1.448667448731282725e+00,2.290064398480069041e+00
6.616200000000000000e+04,1.434074998332628859e+00,2.290177190887753955e+00
6.616300000000000000e+04,1.410081340090200586e+00,2.047058633044261722e+00
6.616400000000000000e+04,1.344686985229639919e+00,1.969312353194534015e+00
6.616500000000000000e+04,1.287952144390148490e+00,1.971059950403708072e+00
6.616600000000000000e+04,1.215480104597022493e+00,1.709709607540284004e+00
6.616700000000000000e+04,1.182538942037805185e+00,1.744190655472716678e+00
6.616800000000000000e+04,1.216386229469123448e+00,1.542341478270412569e+00
6.616900000000000000e+04,1.148253348697434228e+00,1.506703824229312705e+00
6.617000000000000000e+04,9.185939210374817199e-01,1.982838266669300520e+00
6.617100000000000000e+04,1.144886853967363782e+00,1.488428092261338431e+00
6.617200000000000000e+04,nan,nan
6.617300000000000000e+04,nan,nan
6.617400000000000000e+04,nan,nan
6.617500000000000000e+04,nan,nan
6.617600000000000000e+04,1.102698787866157160e+00,1.409932842364689964e+00
6.617700000000000000e+04,2.353083375447557302e+00,1.330509803347421638e-01
6.617800000000000000e+04,6.095554870297641425e-01,2.131688245156225570e+00
6.617900000000000000e+04,3.128213479178871825e-01,2.599199123083502982e+00
6.618000000000000000e+04,2.281388153907329130e-01,2.780004157653533703e+00
6.618100000000000000e+04,5.966787516335525510e+00,1.045356591330087781e+01
6.618200000000000000e+04,4.646861943737676803e+00,8.852326854044395787e+00
6.618300000000000000e+04,4.759022161054362599e+00,8.934192429848401673e+00
6.618400000000000000e+04,4.498709808910543728e+00,9.119751348683642789e+00
6.618500000000000000e+04,4.061556784683215682e+00,9.033830540412703058e+00
6.618600000000000000e+04,3.386791504079671000e+00,7.914471937240953991e+00
6.618700000000000000e+04,2.530740704172848243e+00,5.638015634393336306e+00
6.618800000000000000e+04,1.508277368195822365e+00,2.832075610065563964e+00
6.618900000000000000e+04,1.620779323371796421e+00,3.261872801750473005e+00
6.619000000000000000e+04,1.618224096961092373e+00,3.191570021086802100e+00
6.619100000000000000e+04,1.571039417406416394e+00,3.406327188529274519e+00
6.619200000000000000e+04,1.416017503048804249e+00,2.847984899449647944e+00
6.619300000000000000e+04,1.305028675683275852e+00,2.636895894723604084e+00
6.619400000000000000e+04,1.233141834020186289e+00,2.510905148321334046e+00
6.619500000000000000e+04,1.590979909767165079e+00,4.197649236113086602e+00
6.619600000000000000e+04,nan,nan
6.619700000000000000e+04,nan,nan
6.619800000000000000e+04,nan,nan
6.619900000000000000e+04,nan,nan
6.620000000000000000e+04,nan,nan
6.620100000000000000e+04,nan,nan
6.620200000000000000e+04,nan,nan
6.620300000000000000e+04,nan,nan
6.620400000000000000e+04,6.069298063071480343e+00,1.685345704739354744e+01
6.620500000000000000e+04,5.010398239890953676e+00,1.413905436614838784e+01
6.620600000000000000e+04,6.441455621994136571e+00,1.773192675947812091e+01
6.620700000000000000e+04,1.795070440038084580e+00,5.795767482454881048e+00
6.620800000000000000e+04,1.028605454857633772e+00,3.462780712151332096e+00
6.620900000000000000e+04,1.228390366682644341e+00,2.708315785861864278e+00
6.621000000000000000e+04,1.206247395532452416e+00,6.452739737310153600e-01
6.621100000000000000e+04,1.258323801047923851e+00,2.997289286141224807e-01
6.621200000000000000e+04,1.308126861948105901e+00,2.557165522742650410e-01
6.621300000000000000e+04,1.163851102462643450e+00,1.113984373414869111e-01
6.621400000000000000e+04,1.037086056190238637e+00,5.474831640151975876e-01
6.621500000000000000e+04,1.055793556108655107e+00,1.214869960404136862e-01
6.621600000000000000e+04,9.692152985846101965e-01,1.546405203396954420e-01
6.621700000000000000e+04,9.264030162167702365e-01,3.956714393232871885e-01
6.621800000000000000e+04,9.560317253297130335e-01,5.244893188148598284e-01
6.621900000000000000e+04,9.362811579365597492e-01,2.988001988225477135e-01
6.622000000000000000e+04,8.919162331511564235e-01,3.447227814920221789e-01
6.622100000000000000e+04,8.412766804088834816e-01,4.066957150785039943e-01
6.622200000000000000e+04,8.505021064597709790e-01,4.474660175085478642e-01
6.622300000000000000e+04,8.421916164789131631e-01,5.930965649889383684e-01
6.622400000000000000e+04,8.330518172299063995e-01,6.533805444202265278e-01
6.622500000000000000e+04,8.365214545009026503e-01,6.097939030598293897e-01
6.622600000000000000e+04,8.004831401534677759e-01,7.696755236045547122e-01
6.622700000000000000e+04,7.831371780856384301e-01,8.166895350711378399e-01
6.622800000000000000e+04,7.555781647170127791e-01,9.399230982789603672e-01
6.622900000000000000e+04,7.409358183815100141e-01,9.759823232879849542e-01
6.623000000000000000e+04,7.094527962210599448e-01,1.063283178494577541e+00
6.623100000000000000e+04,7.014421528362436709e-01,1.090144448211775696e+00
6.623200000000000000e+04,6.746301734946404949e-01,1.105548613315157525e+00
6.623300000000000000e+04,6.566590702833837723e-01,1.137091741601842898e+00
6.623400000000000000e+04,5.615587334219994675e-01,9.424268947526339701e-01
6.623500000000000000e+04,3.836339064610905791e-01,5.907364455491741495e-01
6.623600000000000000e+04,1.248296212921258669e-01,2.030027815406327818e-01
6.623700000000000000e+04,5.421493863276015401e-02,1.073596242198444628e-01
6.623800000000000000e+04,2.869000193115773742e-02,5.941543534357052181e-02
6.623900000000000000e+04,2.321363988770128173e-02,4.917131471062674564e-02
6.624000000000000000e+04,1.711934336547014240e-02,4.083538590169766280e-02
6.624100000000000000e+04,1.411721550203307723e-02,2.983490148581147139e-02
6.624200000000000000e+04,7.205444447119782256e-03,2.940042259919373180e-02
6.624300000000000000e+04,5.893293098262722580e-03,2.290300808712508740e-02
6.624400000000000000e+04,5.073671064585392673e-03,2.342167830608588019e-02
6.624500000000000000e+04,4.778994134170587785e-03,2.412377620172989623e-02
6.624600000000000000e+04,8.016761291713350376e-03,1.935930918389772160e-02
6.624700000000000000e+04,8.584622847252016895e-03,1.400033511567500000e-02
6.624800000000000000e+04,8.375542549336676551e-03,1.735846946822761083e-02
6.624900000000000000e+04,6.426154041600852865e-03,1.489952833465757465e-02
6.625000000000000000e+04,8.670953447743332335e-03,1.389116891269992493e-02
6.625100000000000000e+04,8.956819806163097628e-03,7.936227713683408069e-03
6.625200000000000000e+04,1.033246529206062470e-02,1.119641592033637778e-02
6.625300000000000000e+04,9.830418130409666194e-03,1.031834845404056011e-02
6.625400000000000000e+04,1.168175033315066967e-02,4.529796125568807952e-03
6.625500000000000000e+04,1.015407221450744489e-02,8.309980538289352126e-03
6.625600000000000000e+04,1.174601233277357791e-02,2.827454347563929105e-03
6.625700000000000000e+04,9.389226490494197858e-03,3.149207992125369060e-03
6.625800000000000000e+04,8.601534294102533215e-03,4.216093080462002263e-03
6.625900000000000000e+04,1.012603952639817666e-02,8.896780131824044702e-04
6.626000000000000000e+04,8.331744917379164256e-03,7.981848752722342510e-03
6.626100000000000000e+04,9.100257429912304158e-03,1.049430555244867946e-02
6.626200000000000000e+04,9.556636719718561088e-03,4.487627595647580847e-03
6.626300000000000000e+04,8.914486013546213741e-03,5.174887872351874307e-03
6.626400000000000000e+04,8.024735068806862839e-03,7.103051134027538183e-04
6.626500000000000000e+04,6.468674550923893089e-03,1.754166844447624385e-03
6.626600000000000000e+04,7.311431286672524441e-03,4.467701308131566407e-03
6.626700000000000000e+04,7.969121475799159637e-03,6.161203743804577471e-03
6.626800000000000000e+04,8.863917550831979658e-03,2.612607260116917018e-03
6.626900000000000000e+04,1.104681780134417722e-02,4.524301994290880202e-03
6.627000000000000000e+04,7.560985039157455158e-03,6.704461886453572106e-03
6.627100000000000000e+04,8.312198216231173400e-03,2.436486516058877783e-03
6.627200000000000000e+04,9.661150459263519868e-03,3.808303218288955350e-04
6.627300000000000000e+04,7.317935122344680632e-03,6.390512790176217095e-03
6.627400000000000000e+04,6.318585272595602167e-03,1.005514938390916768e-02
6.627500000000000000e+04,6.100854496580163447e-03,1.459616100120797455e-03
6.627600000000000000e+04,4.436993911787666389e-03,9.231806769097516963e-03
6.627700000000000000e+04,4.317583525419129049e-03,5.154590730599650783e-03
6.627800000000000000e+04,5.687861465889319096e-03,2.475843323088255943e-03
6.627900000000000000e+04,4.551178767033452720e-03,6.024545185994156782e-03
6.628000000000000000e+04,4.142996032387398671e-03,6.604345899834385136e-03
6.628100000000000000e+04,4.223106466459377976e-03,1.053528654009916465e-02
6.628200000000000000e+04,6.941148512589160637e-03,5.565064115899076569e-03
6.628300000000000000e+04,6.979148755526580657e-03,1.018413164705300744e-02
6.628400000000000000e+04,8.284197772778589472e-03,4.625730528328375613e-03
6.628500000000000000e+04,1.067633271230621420e-02,2.733055253678173813e-03
6.628600000000000000e+04,9.501231345186761726e-03,6.291378034537942199e-03
6.628700000000000000e+04,1.044534468238663034e-02,3.862106464110226511e-03
6.628800000000000000e+04,1.044524896092415521e-02,5.747949742957558783e-03
6.628900000000000000e+04,9.344252831485993713e-03,6.663609739829823297e-03
6.629000000000000000e+04,1.085914826121169019e-02,7.395448039689611619e-03
6.629100000000000000e+04,1.014161910630051108e-02,4.219982950957046342e-03
6.629200000000000000e+04,7.955412107353752871e-03,1.876055650251728935e-03
6.629300000000000000e+04,6.687091431155244362e-03,1.883915404256697457e-03
6.629400000000000000e+04,5.250518615967646706e-03,6.921634340562476950e-03
6.629500000000000000e+04,5.314512248968163328e-03,4.730428235554029470e-03
6.629600000000000000e+04,6.556725965758550614e-03,6.096297844436548985e-03
6.629700000000000000e+04,7.435439565554967725e-03,3.538302889293021281e-03
6.629800000000000000e+04,6.965355894119370020e-03,3.408595618621390599e-03
6.629900000000000000e+04,6.949265264818367364e-03,3.668900284207410323e-03
6.630000000000000000e+04,6.607712455629228751e-03,3.477189425082016783e-03
6.630100000000000000e+04,4.430219763760205251e-03,3.499719340755547137e-03
6.630200000000000000e+04,4.859016419870372701e-03,3.835610456427218651e-03
6.630300000000000000e+04,4.973143594976868302e-03,8.973365224820284425e-03
6.630400000000000000e+04,7.250857194039909449e-03,7.552636739527329723e-03
6.630500000000000000e+04,6.105553193067700390e-03,3.743625877479672681e-03
6.630600000000000000e+04,5.349522962155199048e-03,9.009533798744584487e-03
6.630700000000000000e+04,5.642450145638179711e-03,5.703818116991499210e-03
6.630800000000000000e+04,6.512000674721052026e-03,6.404683637532215812e-03
6.630900000000000000e+04,7.153756786024591599e-03,1.706675260249923554e-03
6.631000000000000000e+04,1.528071940834716544e-03,7.095384823440298305e-03
6.631100000000000000e+04,4.346626056872452196e-03,4.949034701510868217e-03
6.631200000000000000e+04,7.717591481663699585e-03,8.846284376854640641e-03
6.631300000000000000e+04,9.144584017474397669e-03,2.236635456149826950e-03
6.631400000000000000e+04,1.117130993592642743e-02,2.364772569455553253e-03
6.631500000000000000e+04,7.624477329046894930e-03,7.501726031126310090e-03
6.631600000000000000e+04,1.016610807381576088e-02,1.814113729287747390e-02
6.631700000000000000e+04,1.551103794199518333e-02,1.515590904444330533e-02
6.631800000000000000e+04,9.514151284318579302e-03,1.252839977759734325e-02
6.631900000000000000e+04,1.548341902447652151e-02,1.870573930902530435e-02
6.632000000000000000e+04,1.435354181194222790e-02,1.887622037457070689e-02
6.632100000000000000e+04,1.072462152356916214e-02,2.424804618399178935e-02
6.632200000000000000e+04,7.650978817208672379e-03,1.370101342634555408e-02
6.632300000000000000e+04,1.346779791572053769e-02,2.500267740688855156e-02
6.632400000000000000e+04,2.550029428698614292e-02,1.457360640251792461e-02
6.632500000000000000e+04,1.351012724284126471e-02,2.984535137166588470e-02
6.632600000000000000e+04,1.432162057435340183e-02,1.870351425105098997e-02
6.632700000000000000e+04,1.419153358490877689e-02,1.541779904103535159e-02
6.632800000000000000e+04,1.747762825598139433e-02,3.403573081314448245e-03
6.632900000000000000e+04,1.680230407960995806e-02,1.686210333037507780e-02
6.633000000000000000e+04,1.387563765299025878e-02,2.133604206675343562e-02
6.633100000000000000e+04,1.233892635371125999e-02,2.586221507698205357e-02
6.633200000000000000e+04,1.203187061143777201e-02,1.826932093769251253e-02
6.633300000000000000e+04,1.069592929957514926e-02,9.245130995124029027e-03
6.633400000000000000e+04,1.543435110446182007e-02,2.720672639335397491e-02
6.633500000000000000e+04,1.425673186772807161e-02,1.014232999210307185e-02
6.633600000000000000e+04,1.618356484911175758e-02,1.752404738105894921e-02
6.633700000000000000e+04,1.216033756902300776e-02,2.324534956037460631e-02
6.633800000000000000e+04,1.859213245205662210e-02,1.980747014248507298e-02
6.633900000000000000e+04,1.622048401656848299e-02,1.815231159302399533e-02
6.634000000000000000e+04,1.705340587357464729e-02,2.186884019670642942e-02
6.634100000000000000e+04,2.990193747441548602e-02,1.686838544116397998e-02
6.634200000000000000e+04,1.484152639506501614e-02,1.084382194921928999e-02
6.634300000000000000e+04,1.426907450558134900e-02,6.972212235957897519e-03
6.634400000000000000e+04,2.580056455593542769e-02,2.674597727642336054e-03
6.634500000000000000e+04,8.749604582605348749e-03,1.180706329368241825e-02
6.634600000000000000e+04,1.037560767221620134e-02,7.405443359536079129e-03
6.634700000000000000e+04,1.894656180168692583e-02,1.382475864728505144e-03
6.634800000000000000e+04,1.890284943741143628e-02,5.403824052807593148e-03
6.634900000000000000e+04,1.997258647382288768e-02,3.394438774268593306e-03
6.635000000000000000e+04,1.738992000980445554e-02,2.899511911455832092e-02
6.635100000000000000e+04,1.621056144657646164e-02,3.528919359451876403e-03
6.635200000000000000e+04,2.435353855738026790e-02,2.097102524461647022e-02
6.635300000000000000e+04,2.180128455924430775e-02,5.148358443853773281e-02
6.635400000000000000e+04,5.227094266745613282e-02,6.731325349278627357e-02
6.635500000000000000e+04,3.223366631796843740e-02,3.546118018968513752e-02
6.635600000000000000e+04,2.603194443747774631e-02,1.966620640260607900e-02
6.635700000000000000e+04,5.633306699488203201e-02,6.719504861239400384e-03
6.635800000000000000e+04,2.780000519385262409e-02,2.054583287440436834e-02
6.635900000000000000e+04,2.966960256953992889e-02,8.164962588868007742e-04
6.636000000000000000e+04,3.692907271565471633e-02,4.749126979867845932e-02
6.636100000000000000e+04,3.823519093459724905e-02,2.668495817145810634e-02
6.636200000000000000e+04,4.292645497250537762e-02,1.525904831009228246e-03
6.636300000000000000e+04,3.959647160105751740e-02,1.735436157806802271e-02
6.636400000000000000e+04,4.578857313454321593e-02,1.469398832191970428e-02
6.636500000000000000e+04,4.922933227459076744e-02,6.510990924752491082e-03
6.636600000000000000e+04,4.858522367465399616e-02,3.829271789374644186e-03
6.636700000000000000e+04,4.974840567548066694e-02,3.466349292434500740e-03
6.636800000000000000e+04,4.648593212965546756e-02,4.487816430368241072e-02
6.636900000000000000e+04,4.028997676407845147e-02,4.162623089851180680e-02
6.637000000000000000e+04,4.051666249008649412e-02,3.261864775552680840e-02
6.637100000000000000e+04,3.785627777192255433e-02,4.279878973802908604e-02
6.637200000000000000e+04,3.833138725937879077e-02,3.794249574156438598e-02
6.637300000000000000e+04,3.835589402632270245e-02,3.234074793915908685e-02
6.637400000000000000e+04,4.104324542705985873e-02,2.693847692689388396e-02
6.637500000000000000e+04,4.028421124130895231e-02,2.946552670404756213e-02
6.637600000000000000e+04,3.910832962631063253e-02,2.626663932881712071e-02
6.637700000000000000e+04,4.065541992849685399e-02,2.368721691633979276e-02
6.637800000000000000e+04,3.946760576001700355e-02,2.603092458804212583e-02
6.637900000000000000e+04,3.794930670459843031e-02,2.458868931219626575e-02
6.638000000000000000e+04,3.783465781673665124e-02,2.075723400087881032e-02
6.638100000000000000e+04,3.679649058509981696e-02,2.322322661958864387e-02
6.638200000000000000e+04,3.517702986362513523e-02,2.669591178421271138e-02
6.638300000000000000e+04,3.282489707263390455e-02,2.117637508504799371e-02
6.638400000000000000e+04,3.010059120738808880e-02,2.697745438008425367e-02
6.638500000000000000e+04,2.794247560101541933e-02,2.670266391750786283e-02
6.638600000000000000e+04,2.737049626588844431e-02,3.220982262564575649e-02
6.638700000000000000e+04,2.546570797244704712e-02,1.924799125605503036e-02
6.638800000000000000e+04,3.176768122745091127e-02,2.103767968445779957e-02
6.638900000000000000e+04,2.631450720728949894e-02,2.976422951896395830e-02
6.639000000000000000e+04,2.540011644415977182e-02,2.208318277360277193e-02
6.639100000000000000e+04,2.780606479789401314e-02,1.321401416825906949e-02
6.639200000000000000e+04,1.866808065188031024e-02,3.706231052776587376e-02
6.639300000000000000e+04,2.537333424908904886e-02,1.327441955632480131e-02
6.639400000000000000e+04,3.082471423338454045e-02,1.257825303322590571e-02
6.639500000000000000e+04,5.587875486313521878e-02,8.372367208763975555e-02
6.639600000000000000e+04,5.356440601252354661e-02,2.937272032069415673e-02
6.639700000000000000e+04,8.671883288444476312e-02,2.199022690905039212e-02
6.639800000000000000e+04,3.321548374526274439e-02,9.759291870114950029e-02
6.639900000000000000e+04,4.346979132076650432e-02,1.420024123074270506e-02
6.640000000000000000e+04,7.414443857871840793e-01,2.094277632043869630e+00
6.640100000000000000e+04,5.054828353001721286e-01,1.447641451714808625e+00
6.640200000000000000e+04,4.522828015086772790e-01,1.172031875835404691e+00
6.640300000000000000e+04,6.882110634690969952e-01,1.799249505166237384e+00
6.640400000000000000e+04,6.027537058254354152e-01,1.564779048902700254e+00
6.640500000000000000e+04,5.119647692871772682e-01,1.255245066648821961e+00
6.640600000000000000e+04,1.772053950523311272e-01,6.363579299092023689e-01
6.640700000000000000e+04,1.071860573458612853e-01,3.837711224737105908e-02
6.640800000000000000e+04,1.443388674151026563e-01,1.941695054977898849e-01
6.640900000000000000e+04,1.260482540360899628e-01,2.507932838491377936e-01
6.641000000000000000e+04,3.393318472925048457e-02,3.251432814234078705e-02
6.641100000000000000e+04,1.002063697501665435e-01,1.859927386625592760e-01
6.641200000000000000e+04,2.131336772542487268e-01,5.307108659991257582e-01
6.641300000000000000e+04,2.457758521978531951e-01,6.031019451482322324e-01
6.641400000000000000e+04,3.039332155836965699e-01,7.649451008429544174e-01
6.641500000000000000e+04,2.970623263229489330e-01,7.366219887859131177e-01
6.641600000000000000e+04,3.551429010975978295e-01,9.085241525092158099e-01
6.641700000000000000e+04,3.669565853170478897e-01,9.200409105538085441e-01
6.641800000000000000e+04,4.029390121309806561e-01,1.030610127247800989e+00
6.641900000000000000e+04,4.481568048946542038e-01,1.153567780185451142e+00
6.642000000000000000e+04,4.891789519620093896e-01,1.296861542968155590e+00
6.642100000000000000e+04,5.396968082005755285e-01,1.401396749643438966e+00
6.642200000000000000e+04,5.760807047347314969e-01,1.515554798334651565e+00
6.642300000000000000e+04,6.101325547401859062e-01,1.608842487950781219e+00
6.642400000000000000e+04,6.397362410416724821e-01,1.678826402939183282e+00
6.642500000000000000e+04,6.558847591913685715e-01,1.746913980624952956e+00
6.642600000000000000e+04,6.779245049984548022e-01,1.797708961778049286e+00
6.642700000000000000e+04,6.956225676306573291e-01,1.832482117855015247e+00
6.642800000000000000e+04,7.042699221886460359e-01,1.879212761789858632e+00
6.642900000000000000e+04,7.181764643636091572e-01,1.912169969137675452e+00
6.643000000000000000e+04,7.328647092514566364e-01,1.937355951834394574e+00
6.643100000000000000e+04,7.380734824301878882e-01,1.968316534075789548e+00
6.643200000000000000e+04,7.513535727174833756e-01,2.005708903555248668e+00
6.643300000000000000e+04,7.539546949246030971e-01,2.021517200073933651e+00
6.643400000000000000e+04,7.568589223021443546e-01,2.028401401392091685e+00
6.643500000000000000e+04,7.654613378845114280e-01,2.058269049269462414e+00
6.643600000000000000e+04,7.539438786918546409e-01,2.024363195115192582e+00
6.643700000000000000e+04,7.586496144522587581e-01,2.026453909534215114e+00
6.643800000000000000e+04,7.570563087111690237e-01,2.023195345397379441e+00
6.643900000000000000e+04,7.601721168642399107e-01,2.045537499421602234e+00
6.644000000000000000e+04,7.625670080625391867e-01,2.076972845865888928e+00
6.644100000000000000e+04,7.622365056069601019e-01,2.086965936252294540e+00
6.644200000000000000e+04,7.736505633797847725e-01,2.071099812718248501e+00
6.644300000000000000e+04,7.463040393775791648e-01,2.026999279940710608e+00
6.644400000000000000e+04,7.509266465027049087e-01,2.031463017347693523e+00
6.644500000000000000e+04,7.533531507965037788e-01,2.010981351505414239e+00
6.644600000000000000e+04,7.448101287432599138e-01,2.002259689785763186e+00
6.644700000000000000e+04,7.450494387280510722e-01,2.001068622313013634e+00
6.644800000000000000e+04,7.253678027789950411e-01,2.035166184802303491e+00
6.644900000000000000e+04,7.242106710259130775e-01,2.055746619883738191e+00
6.645000000000000000e+04,7.305610233727701797e-01,1.947354576397319903e+00
6.645100000000000000e+04,7.114612586161332963e-01,1.903581795906774232e+00
6.645200000000000000e+04,6.990580123602779805e-01,1.857532178194723826e+00
6.645300000000000000e+04,6.952489493321659664e-01,1.852251221724706909e+00
6.645400000000000000e+04,6.709879213166556333e-01,1.797350841453770443e+00
6.645500000000000000e+04,6.600898670460166873e-01,1.768957818953811767e+00
6.645600000000000000e+04,6.508512611697447880e-01,1.742145339587185759e+00
6.645700000000000000e+04,6.694136537885561067e-01,1.756413264714915101e+00
6.645800000000000000e+04,6.186588388534582927e-01,1.685174070068526930e+00
6.645900000000000000e+04,6.012443409204540901e-01,1.651515600144552565e+00
6.646000000000000000e+04,5.936360705685724826e-01,1.533474411781924118e+00
6.646100000000000000e+04,5.921443897303043657e-01,1.559029587692208452e+00
6.646200000000000000e+04,nan,nan
6.646300000000000000e+04,5.611723851006329422e-01,1.515799759973408101e+00
6.646400000000000000e+04,5.669926628791689405e-01,1.437975110958564784e+00
6.646500000000000000e+04,6.059507501170965371e-01,1.543159992752851650e+00
6.646600000000000000e+04,6.040684180488800070e-01,1.510994384984385874e+00
6.646700000000000000e+04,5.952908211457699217e-01,1.468423705464502405e+00
6.646800000000000000e+04,nan,nan
6.646900000000000000e+04,nan,nan
6.647000000000000000e+04,9.611059917629264149e+00,2.712730617041437853e+01
6.647100000000000000e+04,5.388529183209656459e+00,7.492592108178392607e+00
6.647200000000000000e+04,nan,nan
6.647300000000000000e+04,1.512213973933527811e+01,3.048646402869707472e+01
6.647400000000000000e+04,nan,nan
6.647500000000000000e+04,8.380226868967863396e+00,1.484790258587643663e+01
6.647600000000000000e+04,7.381689845251951709e+00,1.482945371936812151e+01
6.647700000000000000e+04,5.361849684751318179e+00,9.347816960440725964e+00
6.647800000000000000e+04,5.556765755091105596e+00,1.042860308145433379e+01
6.647900000000000000e+04,nan,nan
6.648000000000000000e+04,7.839465884645575144e+00,2.041620154691704769e+01
6.648100000000000000e+04,1.142603488813994206e+00,1.266627909633754712e+00
6.648200000000000000e+04,6.945209744940274987e-01,4.174212003057817810e-01
6.648300000000000000e+04,7.766382986549053014e-01,1.128075387760777204e+00
6.648400000000000000e+04,6.787529000354356468e-01,1.105993452634809415e+00
6.648500000000000000e+04,4.679320219396699843e-01,6.137522737608804846e-01
6.648600000000000000e+04,4.322894470149382107e-01,6.672714837106283881e-01
6.648700000000000000e+04,3.342145418025158077e-01,5.608283058767966622e-01
6.648800000000000000e+04,3.109617745586565896e-01,4.315486639045218453e-01
6.648900000000000000e+04,2.972413537859652233e-01,3.882420393254371049e-01
6.649000000000000000e+04,2.612380840707419494e-01,3.138477870723761498e-01
6.649100000000000000e+04,9.759601660578576254e-02,4.940692232368704140e-02
6.649200000000000000e+04,1.845565612079017731e-02,3.117555551838790961e-02
6.649300000000000000e+04,1.104561590898964045e-02,2.051351428596603910e-02
6.649400000000000000e+04,1.010039841169160964e-02,2.713752333939112305e-03
6.649500000000000000e+04,1.164766822316536110e-02,2.415070194349766552e-02
6.649600000000000000e+04,2.888308843986872043e-01,4.589737772104367508e-01
6.649700000000000000e+04,1.556378086318166952e-02,1.934949106239614025e-02
6.649800000000000000e+04,3.145180424174968178e-03,1.435434837341453829e-02
6.649900000000000000e+04,3.572386318175572138e-03,1.502309706189919325e-02
6.650000000000000000e+04,1.144193859511302529e-02,7.330663644058432737e-03
6.650100000000000000e+04,8.225843181365053228e-03,5.618194271585608135e-03
6.650200000000000000e+04,6.933961143313360082e-03,8.164572307274298169e-03
6.650300000000000000e+04,9.261939860598655122e-03,3.935906768594321647e-02
6.650400000000000000e+04,3.168258184869791882e-02,1.094775133428242953e-01
6.650500000000000000e+04,2.014540712825359930e-02,6.108206466000254409e-02
6.650600000000000000e+04,1.246518699574919974e-02,1.099444332557375503e-02
6.650700000000000000e+04,7.051513027574835002e-02,1.238457240344992272e-01
6.650800000000000000e+04,7.427103825081850241e-02,1.230718390344947011e-01
6.650900000000000000e+04,1.134335169243221447e-01,1.961531599564807493e-01
6.651000000000000000e+04,9.483513415948321978e-02,1.729736836156163804e-01
6.651100000000000000e+04,7.251528408893583022e-02,1.472461861109017889e-01
6.651200000000000000e+04,1.269408321598993472e-01,2.294276176190699346e-01
6.651300000000000000e+04,3.780913738928315393e-02,1.143304203790052043e-02
6.651400000000000000e+04,2.359394777916999641e-02,8.320932538060077377e-02
6.651500000000000000e+04,1.463838932542843585e-02,4.781159554816838408e-03
6.651600000000000000e+04,1.734272753878019976e-02,1.154607076691505085e-02
6.651700000000000000e+04,1.623813481997853428e-02,8.123630698371187009e-03
6.651800000000000000e+04,8.755671703942629475e-03,1.308889994464479400e-02
6.651900000000000000e+04,6.429022902508608160e-03,3.262443477693111049e-02
6.652000000000000000e+04,1.225623314938554566e-02,6.295521431756156971e-03
6.652100000000000000e+04,1.111525758641641881e-02,1.996674011424914852e-02
6.652200000000000000e+04,7.549930642902874002e-03,5.957449530722414011e-03
6.652300000000000000e+04,1.315363691285330490e-02,1.180500088673142045e-02
6.652400000000000000e+04,1.436653739531776330e-02,4.961837402721158696e-03
6.652500000000000000e+04,8.005243209040200508e-03,1.730688566780713700e-03
6.652600000000000000e+04,9.165074334445107510e-03,1.902995523860084859e-03
6.652700000000000000e+04,1.395481866956147302e-02,1.130259664947530496e-02
6.652800000000000000e+04,1.775536547607167726e-02,1.535997804143818257e-02
6.652900000000000000e+04,1.207613490815535873e-02,7.739492906289058283e-04
6.653000000000000000e+04,1.188059877712560608e-02,7.095838737775750360e-03
6.653100000000000000e+04,6.741737045079605230e-03,7.466268860103042471e-03
6.653200000000000000e+04,9.533238616598835660e-03,1.627203125917020543e-02
6.653300000000000000e+04,7.264051740706736066e-03,2.039325057707586097e-02
6.653400000000000000e+04,4.604819773259315532e-03,4.063223056299136715e-03
6.653500000000000000e+04,1.494662442749915450e-02,1.479998652385461355e-03
6.653600000000000000e+04,1.719134361322099264e-02,1.519651293020984895e-02
6.653700000000000000e+04,4.059895770273409810e-02,8.748874689469943178e-03
6.653800000000000000e+04,4.387158086611456925e-02,1.466860581448514722e-02
6.653900000000000000e+04,6.415793678232803443e-02,2.871269888881755605e-03
6.654000000000000000e+04,5.747641815200845578e-02,1.533281107438710933e-02
6.654100000000000000e+04,4.678548989873860392e-02,3.879266591621544080e-02
6.654200000000000000e+04,5.101555063390720429e-02,3.319716408256567775e-02
6.654300000000000000e+04,7.018792732686877922e-02,2.233296320952860015e-01
6.654400000000000000e+04,6.706222051331099665e-02,1.884828747128644011e-01
6.654500000000000000e+04,6.627124772774910244e-02,1.043064027104598779e-01
6.654600000000000000e+04,4.007069791443935297e-02,9.174225025341442574e-02
6.654700000000000000e+04,1.438231707910272821e-02,7.074256278719914803e-02
6.654800000000000000e+04,1.683598274101721914e-02,7.139015269162740651e-02
6.654900000000000000e+04,1.439637179029671504e-02,5.717719109741992156e-02
6.655000000000000000e+04,1.593973539516329793e-02,5.502571271748024628e-02
6.655100000000000000e+04,1.455254195626144893e-02,4.949999821853623416e-02
6.655200000000000000e+04,1.266013072338707801e-02,5.186712258554848631e-02
6.655300000000000000e+04,1.400742618025805838e-02,4.155709042621325011e-02
6.655400000000000000e+04,1.551045576389164203e-02,4.241560588732795622e-02
6.655500000000000000e+04,1.572203787333440253e-02,3.732241964330640371e-02
6.655600000000000000e+04,1.823764409633762615e-02,3.785043006414312572e-02
6.655700000000000000e+04,2.229479436475506268e-02,2.233198415835957462e-02
6.655800000000000000e+04,1.940949987981117203e-02,2.937861219128379275e-02
6.655900000000000000e+04,2.308447813885601205e-02,1.915849196462460213e-02
6.656000000000000000e+04,2.420571936420773743e-02,1.113570900981031286e-02
6.656100000000000000e+04,2.610541929390049545e-02,1.353433128265635332e-03
6.656200000000000000e+04,1.754068397491239523e-02,6.933366193560885904e-03
6.656300000000000000e+04,4.595048913954016649e-03,5.170182196791373030e-02
6.656400000000000000e+04,3.420462161203013940e-02,1.375715640374863824e-03
6.656500000000000000e+04,1.502740332510165977e-01,5.587475310361611491e-02
6.656600000000000000e+04,8.723305346227405721e-02,7.874528628511612283e-02
6.656700000000000000e+04,7.635516268443065524e-02,1.129387720435168774e-01
6.656800000000000000e+04,6.848259855083008163e-02,3.527716278147252638e-02
6.656900000000000000e+04,2.757058160627017321e-02,5.920595888369462045e-02
6.657000000000000000e+04,2.278158746187946074e-02,7.167556438118438678e-02
6.657100000000000000e+04,7.238059254711906761e-03,4.433087409337943541e-02
6.657200000000000000e+04,6.625431205814826321e-03,2.763565466750250721e-02
6.657300000000000000e+04,4.675578700739001226e-03,1.810834791563209478e-02
6.657400000000000000e+04,2.450702416251443385e-03,1.789670902877205094e-02
6.657500000000000000e+04,4.952674387258817687e-03,9.981226715307656150e-03
6.657600000000000000e+04,7.629825983184452057e-03,2.776255813287775709e-03
6.657700000000000000e+04,7.869483451830305842e-03,1.908367462146287608e-02
6.657800000000000000e+04,1.076044855389074635e-02,1.699959322600719247e-02
6.657900000000000000e+04,9.281989386762931615e-03,6.532025000367980283e-03
6.658000000000000000e+04,4.659354188736674826e-03,1.897521248205080724e-02
6.658100000000000000e+04,8.033415059982552259e-03,4.330797304220723731e-02
6.658200000000000000e+04,1.810889441139435299e-02,4.697714110234585405e-02
6.658300000000000000e+04,2.271966671025506257e-02,3.449024192260807808e-02
6.658400000000000000e+04,3.786565112303304659e-03,2.015109934716008411e-02
6.658500000000000000e+04,2.343259605402366573e-03,1.941091674673245393e-02
6.658600000000000000e+04,1.685492507884578384e-03,2.563181700816485886e-02
6.658700000000000000e+04,1.342505829183856473e-03,1.407987468017424249e-02
6.658800000000000000e+04,6.049506509472019761e-03,1.076358323339121625e-02
6.658900000000000000e+04,2.100817172357915749e-03,5.229590701368636019e-03
6.659000000000000000e+04,4.399868800020127757e-02,1.749312418927928547e-02
6.659100000000000000e+04,8.934363562373745515e-03,3.270993037376968005e-02
6.659200000000000000e+04,2.192860002074119297e-02,1.927877052142079606e-02
6.659300000000000000e+04,1.966102963875187432e-02,1.742003733606978244e-02
6.659400000000000000e+04,2.478936625572391445e-02,1.374692990740555842e-02
6.659500000000000000e+04,1.994952519525623746e-02,2.013135013214650826e-02
6.659600000000000000e+04,1.129796188613395314e-02,6.898587981904569233e-03
6.659700000000000000e+04,4.228147615983377829e-03,3.161866390431811169e-03
6.659800000000000000e+04,6.709072869391756455e-03,3.568240550809065326e-03
6.659900000000000000e+04,5.885804569213433889e-03,3.908391283410139749e-03
6.660000000000000000e+04,4.561155082364061648e-03,1.806695229804233804e-02
6.660100000000000000e+04,6.134087224158509336e-03,1.131318256246061082e-02
6.660200000000000000e+04,1.405633931642659776e-02,3.819450131315704766e-02
6.660300000000000000e+04,1.080278554473883615e-02,1.729007487713118962e-02
6.660400000000000000e+04,1.015083484441979544e-02,6.133802608726313110e-03
6.660500000000000000e+04,8.559884198647440753e-03,4.170269442037266572e-02
6.660600000000000000e+04,1.557082047662781445e-02,2.411960936981927262e-03
6.660700000000000000e+04,6.065604159609602059e-03,9.470639742747977152e-03
6.660800000000000000e+04,1.405562306571984076e-02,1.152051614750249087e-02
6.660900000000000000e+04,2.332166571656340854e-03,4.551250175399701448e-03
6.661000000000000000e+04,3.571089023820663011e-02,5.854989464468474125e-02
6.661100000000000000e+04,8.482559823783068428e-03,2.496187051752940533e-02
6.661200000000000000e+04,1.865020046741888010e-02,3.075656232053347594e-02
6.661300000000000000e+04,8.251981098612307802e-03,8.347551941447761692e-03
6.661400000000000000e+04,2.884263219222386963e-03,2.450412665334056328e-02
6.661500000000000000e+04,6.070403873957515989e-03,1.026073038978125851e-02
6.661600000000000000e+04,9.229285907439158804e-03,3.926049492925187678e-03
6.661700000000000000e+04,5.955239573526797427e-03,2.414688878564774654e-02
6.661800000000000000e+04,3.019849189266050546e-03,2.628410236770406527e-03
6.661900000000000000e+04,1.043449064685433338e-02,1.005018339781926784e-02
6.662000000000000000e+04,1.152752188460151248e-02,1.598625208725579228e-02
6.662100000000000000e+04,1.089913232498104095e-02,1.502826380295729791e-02
6.662200000000000000e+04,8.005644693385032679e-03,1.915044631200757408e-02
6.662300000000000000e+04,2.802127132403741793e-03,7.232187276454027369e-03
6.662400000000000000e+04,7.676682474476404991e-03,7.346715363983236102e-03
6.662500000000000000e+04,5.515016401613612868e-02,7.189224468381283373e-02
6.662600000000000000e+04,1.171563677984514135e-02,1.342859973522081418e-02
6.662700000000000000e+04,4.294027754241744321e-03,6.729896680063518488e-03
6.662800000000000000e+04,1.580442283679879198e-02,3.909280245870050408e-02
6.662900000000000000e+04,1.968468270408021276e-02,3.492224821506795251e-03
6.663000000000000000e+04,1.653974990370290013e-02,1.261760251454546733e-02
6.663100000000000000e+04,7.361305531528049284e-03,1.100018343179698377e-02
6.663200000000000000e+04,1.307713659434326520e-02,3.022218034384849261e-03
6.663300000000000000e+04,2.027775735966236628e-02,2.943066996435916849e-02
6.663400000000000000e+04,8.647827626317432237e-03,4.913794133296178757e-02
6.663500000000000000e+04,2.801802004729291376e-02,4.087130259524940357e-02
6.663600000000000000e+04,1.298961941982891034e-02,5.602170934005101799e-02
6.663700000000000000e+04,3.985278146369156810e-02,1.430044727376120761e-01
6.663800000000000000e+04,2.277599055980808473e-02,3.002666698735012574e-02
6.663900000000000000e+04,1.325159878518931619e-02,2.122439601222581018e-02
6.664000000000000000e+04,1.414368663893096796e-02,1.015711280854958432e-02
6.664100000000000000e+04,4.870960435768756716e-03,7.462444054976202779e-03
6.664200000000000000e+04,1.035126987035441849e-02,1.302695939918052659e-02
6.664300000000000000e+04,1.233205619869296972e-03,1.224375987898440599e-02
6.664400000000000000e+04,1.150081605563969475e-02,2.906986897578178741e-03
6.664500000000000000e+04,2.140981504631718144e-02,5.431404339759637878e-03
6.664600000000000000e+04,3.600148098998412483e-02,2.551451584046304788e-02
6.664700000000000000e+04,4.149544745965277892e-02,3.961083665559073097e-02
6.664800000000000000e+04,5.728731481826974947e-02,5.820889161466169526e-02
6.664900000000000000e+04,6.570142861606548257e-02,9.038051677475777979e-02
6.665000000000000000e+04,7.275857581509706518e-02,9.085310199201757086e-02
6.665100000000000000e+04,7.814484760937012719e-02,1.011005957373853903e-01
6.665200000000000000e+04,7.898778204300697936e-02,8.364698451381968880e-02
6.665300000000000000e+04,7.341643128333376345e-02,1.005108801737506496e-01
6.665400000000000000e+04,7.012971514075169721e-02,7.972255152635199238e-02
6.665500000000000000e+04,5.486863191808613593e-02,5.943171141021252879e-02
6.665600000000000000e+04,5.151689778420848881e-02,5.356222252812159468e-02
6.665700000000000000e+04,3.577807085237979384e-02,8.201881158043988762e-03
6.665800000000000000e+04,2.409566416794941060e-02,3.481235722283315681e-02
6.665900000000000000e+04,1.132408361299692100e-02,3.115857125857957044e-02
6.666000000000000000e+04,9.274235590652057243e-03,1.182075357845491226e-02
6.666100000000000000e+04,1.314878684508875850e-02,1.562810526478841666e-02
6.666200000000000000e+04,1.271028670219216151e-02,1.644513990910212442e-02
6.666300000000000000e+04,1.405045839150663792e-02,1.761769206806462762e-02
6.666400000000000000e+04,1.664804493072938665e-02,1.095894992714363525e-02
6.666500000000000000e+04,1.309582854024383264e-02,9.947070079526554309e-03
6.666600000000000000e+04,1.173449949550331613e-02,9.675441373296678194e-03
6.666700000000000000e+04,9.487016962400269746e-03,9.092223450011260866e-03
6.666800000000000000e+04,4.574143649396865408e-03,1.322623294391434001e-02
6.666900000000000000e+04,1.671907136832608649e-03,2.760851126268448752e-03
6.667000000000000000e+04,1.132216596717295840e-02,6.815827542467900457e-04
6.667100000000000000e+04,1.241515462376859003e-02,1.042361081278642132e-02
6.667200000000000000e+04,1.310182778761276833e-02,2.899423782515953008e-03
6.667300000000000000e+04,1.794645635937281575e-02,3.393954684644739928e-02
6.667400000000000000e+04,1.176322109350942495e-02,7.881454684543598432e-03
6.667500000000000000e+04,1.614281841939486581e-02,1.325063264503967275e-02
6.667600000000000000e+04,4.185169149271083383e-02,6.015622011544508041e-02
6.667700000000000000e+04,6.232810382582825749e-03,1.432395707114864081e-02
6.667800000000000000e+04,4.542020215056558410e-03,5.165407895667328830e-03
6.667900000000000000e+04,6.513282757547002137e-03,1.791119500228433026e-02
6.668000000000000000e+04,5.739780807794838714e-03,5.316192019307663941e-03
6.668100000000000000e+04,6.418848275524718927e-03,5.235698914361819334e-03
6.668200000000000000e+04,5.139994356366851119e-03,1.689540422926683050e-03
6.668300000000000000e+04,4.118784601497822370e-03,2.306650518949737716e-03
6.668400000000000000e+04,7.614100949823988072e-03,4.642675205040802666e-03
6.668500000000000000e+04,6.356742469057752136e-03,1.726935980044430607e-02
6.668600000000000000e+04,2.229094266895276320e-03,1.410687332638360658e-02
6.668700000000000000e+04,4.582984811892178503e-03,9.470658635905238043e-03
6.668800000000000000e+04,7.397764132266055996e-03,1.842218335967515941e-02
6.668900000000000000e+04,6.590464420193787622e-03,1.384573803001387660e-03
6.669000000000000000e+04,7.922154435881002127e-03,4.010350245724936258e-03
6.669100000000000000e+04,7.917840383367891893e-03,7.172532374859486026e-04
6.669200000000000000e+04,2.146647387944874627e-02,1.793352035083017881e-02
6.669300000000000000e+04,1.080798994669059966e-02,2.059236066504865903e-02
6.669400000000000000e+04,1.188652930371249077e-02,1.640650072808824689e-02
6.669500000000000000e+04,2.141516839392536287e-02,1.127799407692720024e-02
6.669600000000000000e+04,1.894285592827830295e-02,3.349481851834568147e-02
6.669700000000000000e+04,1.355014385531703308e-02,7.413645139223490332e-03
6.669800000000000000e+04,1.610842092827384497e-02,3.205717738398661254e-02
6.669900000000000000e+04,1.002678091594145192e-02,1.709855994317877048e-02
6.670000000000000000e+04,5.733273695200385295e-02,6.296910738906547067e-02
6.670100000000000000e+04,1.964355754201223617e-02,2.034414723917876699e-02
6.670200000000000000e+04,1.696676987590726299e-02,2.692656781043467618e-03
6.670300000000000000e+04,1.905540297079409695e-02,2.424273590233383402e-02
6.670400000000000000e+04,1.875365461657003963e-02,5.743747741352223102e-03
6.670500000000000000e+04,8.892774512347241880e-03,1.610938194556155167e-03
6.670600000000000000e+04,1.233256557500867802e-02,7.375370345823029083e-03
6.670700000000000000e+04,9.722575685068356871e-03,1.512176304284906792e-03
6.670800000000000000e+04,9.363797709758762272e-03,5.055847005571934005e-03
6.670900000000000000e+04,8.067099183875240873e-03,5.617727504851899312e-03
6.671000000000000000e+04,8.429554130256059971e-03,6.187569053523134244e-03
6.671100000000000000e+04,9.172402895706314313e-03,1.140223664805972703e-02
6.671200000000000000e+04,1.022463417395700486e-02,2.596810702282681405e-03
6.671300000000000000e+04,1.116130044782816418e-02,6.560007981864401927e-03
6.671400000000000000e+04,1.284303661188684192e-02,9.820980280878188751e-03
6.671500000000000000e+04,1.094597882563064749e-02,1.301796576566260910e-02
6.671600000000000000e+04,1.238274162532337561e-02,9.577623367921006547e-03
6.671700000000000000e+04,1.227307516954366517e-02,9.959321400327070251e-03
6.671800000000000000e+04,1.013366303247540540e-02,1.116454966566848839e-02
6.671900000000000000e+04,1.310639882819531095e-02,1.771043307129360755e-02
6.672000000000000000e+04,1.465411073906566948e-02,8.913089516742189744e-03
6.672100000000000000e+04,2.126045317769215473e-02,1.100345783756395690e-02
6.672200000000000000e+04,1.052901970751202870e-02,1.615280139791508418e-02
6.672300000000000000e+04,1.474587662837331149e-02,1.069168596155734008e-02
6.672400000000000000e+04,4.334130369277171616e-03,3.154802504987230805e-03
6.672500000000000000e+04,1.434951853680554133e-02,3.371727631911625167e-03
6.672600000000000000e+04,1.884430356331951231e-02,1.360437478858500526e-02
6.672700000000000000e+04,1.985401209579279458e-02,2.754191961745533490e-03
6.672800000000000000e+04,1.484589345971365840e-02,6.191859868707183523e-04
6.672900000000000000e+04,1.078080634426991334e-02,1.557565785099512823e-02
6.673000000000000000e+04,2.279043925808146506e-02,1.903885700449947649e-02
6.673100000000000000e+04,1.207299814147197274e-02,9.054768991063610883e-04
6.673200000000000000e+04,1.730968018539866954e-02,2.174270018014112793e-02
6.673300000000000000e+04,1.377681593081881220e-02,2.259731620057081614e-02
6.673400000000000000e+04,1.314413795278747583e-02,1.430460999231542019e-02
6.673500000000000000e+04,1.505360914061725647e-02,2.256219874627518607e-02
6.673600000000000000e+04,1.508399358173987889e-02,8.464479834778160239e-03
6.673700000000000000e+04,1.961431650348008371e-02,2.386397346256785568e-04
6.673800000000000000e+04,1.063096935588212985e-02,4.287509168108272206e-04
6.673900000000000000e+04,2.078867042252223116e-02,1.913686940572034700e-03
6.674000000000000000e+04,1.545229581214794742e-02,4.141952858311981345e-04
6.674100000000000000e+04,3.900807837291055818e-02,6.341581821702035882e-02
6.674200000000000000e+04,1.752238062883093930e-02,7.605973223991924215e-03
6.674300000000000000e+04,8.376368696129725400e-02,9.244254930813156079e-03
6.674400000000000000e+04,6.241257312485238261e-03,1.772539489132185508e-02
6.674500000000000000e+04,1.795528899680512089e-02,1.150280517635238198e-02
6.674600000000000000e+04,1.375172973063268876e-02,2.455427952939359670e-02
6.674700000000000000e+04,2.311346680769419543e-02,2.400571267962448019e-03
6.674800000000000000e+04,1.371737510827523814e-02,1.569440862580506746e-02
6.674900000000000000e+04,1.168227153714740396e-02,2.272001180369187523e-03
6.675000000000000000e+04,1.140307632057321191e-02,2.280369493174561057e-03
6.675100000000000000e+04,1.004643716450824217e-02,7.228957622302800701e-04
6.675200000000000000e+04,2.304772942978269845e-02,1.152011886534509699e-02
6.675300000000000000e+04,1.302755517934043109e-02,4.272643299919565152e-02
6.675400000000000000e+04,4.267542731662787164e-02,3.470478179252367568e-02
6.675500000000000000e+04,4.966583174421235897e-02,6.975326009109394931e-02
6.675600000000000000e+04,5.623521104942694193e-02,1.061063036295131212e-01
6.675700000000000000e+04,1.162462153103093754e-01,9.491938300074664880e-02
6.675800000000000000e+04,7.465522212993158657e-02,7.253340704766131353e-02
6.675900000000000000e+04,1.581042147025246147e-01,2.229708237164054196e-01
6.676000000000000000e+04,1.418144997731640711e-01,1.809433626945384788e-01
6.676100000000000000e+04,2.693684668129792681e-01,3.826857503964085083e-01
6.676200000000000000e+04,1.626858482080653368e-01,1.256003298243122401e-01
6.676300000000000000e+04,8.829625378850666784e-02,8.790195827344859936e-03
6.676400000000000000e+04,6.246514517292792862e-02,6.273001208970896414e-03
6.676500000000000000e+04,3.722189269101717352e-02,1.952955892353003264e-03
6.676600000000000000e+04,3.062343636509558611e-02,8.130104184935760259e-03
6.676700000000000000e+04,2.475578111871589229e-02,6.583737857795313175e-03
6.676800000000000000e+04,1.879387986263641661e-02,7.266437920144142026e-03
6.676900000000000000e+04,2.042657704400189372e-02,8.884363285108776154e-03
6.677000000000000000e+04,2.204599452223581640e-02,2.686691766200510756e-04
6.677100000000000000e+04,2.008000111581061814e-02,6.602422425203258172e-03
6.677200000000000000e+04,2.343122868291239516e-02,2.620177251671407248e-03
6.677300000000000000e+04,2.290829366784509838e-02,4.345210050274772584e-03
6.677400000000000000e+04,2.137978320875229959e-02,4.326272679804787913e-03
6.677500000000000000e+04,2.092734135528957068e-02,4.211003031382887229e-03
6.677600000000000000e+04,1.915586345385831418e-02,3.921613493126585581e-03
6.677700000000000000e+04,2.004132457997523376e-02,9.677381442624977126e-03
6.677800000000000000e+04,1.891229514501058598e-02,4.816610618156857981e-03
6.677900000000000000e+04,1.973670733460011761e-02,6.983618857677953429e-03
6.678000000000000000e+04,1.753052645036272741e-02,6.129876506193454588e-04
6.678100000000000000e+04,1.758461994101835624e-02,3.756142182975708010e-03
6.678200000000000000e+04,1.758489372566692660e-02,6.900279632848338451e-03
6.678300000000000000e+04,1.843947754915508178e-02,2.665973229767359953e-03
6.678400000000000000e+04,1.711680787303083637e-02,5.198117209189945243e-03
6.678500000000000000e+04,1.164016527166962175e-02,4.172008507016045087e-03
6.678600000000000000e+04,1.210480291751141017e-02,6.317286462309112949e-03
6.678700000000000000e+04,1.095475597201436141e-02,2.404680084868715539e-03
6.678800000000000000e+04,1.508953679800912467e-02,1.690088519328369898e-02
6.678900000000000000e+04,6.856789289081097888e-03,8.257912137576539635e-03
6.679000000000000000e+04,9.071192376805991414e-03,5.334428597240759018e-03
6.679100000000000000e+04,1.296707435317210819e-02,7.100278384644553853e-03
6.679200000000000000e+04,9.508465935834932783e-03,9.474729344205456982e-05
6.679300000000000000e+04,1.044928744527493653e-02,4.595868397380797887e-03
6.679400000000000000e+04,7.256970888251268285e-03,9.591679265810171273e-04
6.679500000000000000e+04,1.075325484764239753e-02,1.090560705932830388e-03
6.679600000000000000e+04,1.085103683295974598e-02,6.017341285382116212e-03
6.679700000000000000e+04,2.070719185589847688e-02,1.180260199881644212e-02
6.679800000000000000e+04,1.704551931571188228e-02,1.701981820564313352e-02
6.679900000000000000e+04,2.101342989239448483e-02,1.886471649014609397e-02
6.680000000000000000e+04,1.505274094487869634e-02,1.129390981864020205e-02
6.680100000000000000e+04,1.251389014235903922e-02,1.158941732184004536e-02
6.680200000000000000e+04,1.147526367960467579e-02,8.930178004227684596e-03
6.680300000000000000e+04,7.581985891409764866e-03,2.528336494737715157e-03
6.680400000000000000e+04,5.571384844911419013e-03,2.275894540936462818e-03
6.680500000000000000e+04,4.528684585600527106e-03,7.389843795014172656e-03
6.680600000000000000e+04,6.202792253158595590e-04,5.285787883440917767e-03
6.680700000000000000e+04,5.021191427997061772e-04,1.498183332319769079e-03
6.680800000000000000e+04,4.430087688814617411e-03,2.262202623438014371e-03
6.680900000000000000e+04,3.785559187072871489e-03,3.771099066121053056e-04
6.681000000000000000e+04,3.141778626929312736e-03,4.976916609223280830e-03
6.681100000000000000e+04,5.677758395927531843e-03,1.075382799030322190e-02
6.681200000000000000e+04,3.407013850418632618e-03,4.925485582315758393e-03
6.681300000000000000e+04,3.265054262455728464e-03,8.719364615998870249e-04
6.681400000000000000e+04,3.165600474752677893e-03,4.666163714201587709e-03
6.681500000000000000e+04,2.771794037302004968e-03,1.705204550571437494e-03
6.681600000000000000e+04,3.371164072789836069e-03,1.247101443368592300e-03
6.681700000000000000e+04,7.223525660150128527e-04,1.309232735899001909e-03
6.681800000000000000e+04,3.243623697860163486e-03,2.460805049953052048e-03
6.681900000000000000e+04,1.567287154836520882e-03,7.797434386716872723e-03
6.682000000000000000e+04,1.986972002423734000e-03,4.285356030045761599e-03
6.682100000000000000e+04,2.400279969348676368e-03,7.407422089830362211e-03
6.682200000000000000e+04,1.707124520920453008e-03,6.560485768051904643e-03
6.682300000000000000e+04,2.709248697769606889e-03,4.590673544164758368e-03
6.682400000000000000e+04,3.548547588761524329e-03,9.952968256037308947e-04
6.682500000000000000e+04,3.436543275397304156e-03,6.907341502611075157e-04
6.682600000000000000e+04,3.488240457217438480e-03,4.157024217619209594e-04
6.682700000000000000e+04,4.656115641544767564e-03,4.644851463318389051e-03
6.682800000000000000e+04,3.483588799300921593e-03,9.774316243888137024e-03
6.682900000000000000e+04,4.724782705812724526e-03,1.919341663437990064e-03
6.683000000000000000e+04,5.948558560109835740e-03,1.880364912025811464e-03
6.683100000000000000e+04,6.843144862619604009e-03,4.420795979864777792e-03
6.683200000000000000e+04,7.208938989060421909e-03,7.671572482902178081e-03
6.683300000000000000e+04,6.548703088148121083e-03,6.129865191844885430e-03
6.683400000000000000e+04,6.994346910307982883e-03,7.143925827914898719e-03
6.683500000000000000e+04,6.010080029383856569e-03,5.205079735414841480e-03
6.683600000000000000e+04,5.664401845767099049e-03,4.067524707902947512e-03
6.683700000000000000e+04,3.570961834283537320e-03,8.022151410923328285e-03
6.683800000000000000e+04,3.014302279216929913e-03,4.617652710045661024e-03
6.683900000000000000e+04,4.234951097776619086e-03,3.494914105278468242e-03
6.684000000000000000e+04,3.759932635414572205e-03,5.372793636382766636e-03
6.684100000000000000e+04,5.729130302002235532e-03,3.220017259653928932e-03
6.684200000000000000e+04,4.046822494749102196e-03,1.548657354863536284e-03
6.684300000000000000e+04,2.264619828564491157e-03,1.908378301887836415e-03
6.684400000000000000e+04,2.828156525128849332e-03,2.084353050435083787e-03
6.684500000000000000e+04,1.837987022440973036e-03,2.814987634831567220e-03
6.684600000000000000e+04,2.236414057598152746e-03,8.068787905344265710e-04
6.684700000000000000e+04,2.806949214375330411e-03,2.630124857301296970e-03
6.684800000000000000e+04,2.708466938926166502e-03,4.155800215706051404e-03
6.684900000000000000e+04,2.701504710052544510e-03,4.854140201118184450e-03
6.685000000000000000e+04,5.440547430322691981e-03,2.556799290040601136e-02
6.685100000000000000e+04,7.105275776810879816e-03,3.332940597491784729e-03
6.685200000000000000e+04,1.183697387247536689e-02,4.269355212315417702e-03
6.685300000000000000e+04,7.937587974965139292e-03,8.233925241118100757e-03
6.685400000000000000e+04,2.248880653317607021e-03,7.717174414487715239e-04
6.685500000000000000e+04,1.211946197683356867e-02,7.387083439088115711e-03
6.685600000000000000e+04,4.939948591681890544e-03,5.876805739113422078e-04
6.685700000000000000e+04,7.853242325993789116e-03,1.140284585030570952e-03
6.685800000000000000e+04,6.369367484934826580e-03,2.360149141615863755e-03
6.685900000000000000e+04,6.657903078883859252e-03,1.649064002413425101e-02
6.686000000000000000e+04,9.491547389799162918e-03,8.388414299531632423e-04
6.686100000000000000e+04,1.016686100188608603e-02,6.937372840464917090e-03
6.686200000000000000e+04,8.030884558218289587e-03,1.419757247735375927e-02
6.686300000000000000e+04,7.820271879342722068e-03,5.958734671949628137e-03
6.686400000000000000e+04,8.296672594279103086e-03,3.896962837700357341e-03
6.686500000000000000e+04,1.343910643515832011e-02,2.983901904887176215e-03
6.686600000000000000e+04,2.416334426839049018e-02,6.727296017324135846e-03
6.686700000000000000e+04,1.413250182726710422e-02,2.021979447153654519e-03
6.686800000000000000e+04,1.844047012638988861e-02,1.563576140437561435e-02
6.686900000000000000e+04,1.281675538028845783e-02,2.521478343923533316e-02
6.687000000000000000e+04,1.254127615656185427e-02,3.206357162114059633e-02
6.687100000000000000e+04,5.345794389839813275e-03,1.865157953170282212e-02
6.687200000000000000e+04,9.261012321924735891e-03,1.415626232382649619e-02
6.687300000000000000e+04,1.016106264089461364e-02,6.675138500504829153e-04
6.687400000000000000e+04,1.287450557518480219e-02,2.406899526107508791e-03
6.687500000000000000e+04,6.543472436254529727e-03,1.009728115823804728e-02
6.687600000000000000e+04,4.781731708764484501e-01,5.659328652644539659e-01
6.687700000000000000e+04,1.209874728674951820e-02,2.242370414471395179e-04
6.687800000000000000e+04,5.722032334083886063e-02,9.951931225059240660e-02
6.687900000000000000e+04,9.206238741603365791e-03,3.305605748543172240e-02
6.688000000000000000e+04,2.519173106761657052e-02,4.859955442804775316e-02
6.688100000000000000e+04,3.203504972181137750e-02,3.363777156150149494e-02
6.688200000000000000e+04,3.357364236734831225e-02,5.491431052566042581e-02
6.688300000000000000e+04,4.168262747301678534e-02,3.508438662194635072e-03
6.688400000000000000e+04,1.791160202240664120e-02,1.856725662807789945e-02
6.688500000000000000e+04,3.802932003803053979e-03,2.842184150150472988e-02
6.688600000000000000e+04,2.058679677701934566e-02,2.000872196418868043e-02
6.688700000000000000e+04,1.295279596037875007e-02,4.567704939404748643e-02
6.688800000000000000e+04,2.646817023044778158e-02,6.456592699056784568e-02
6.688900000000000000e+04,2.930179691807637335e-02,4.895124539357098570e-02
6.689000000000000000e+04,3.309880762361128853e-02,3.254735799021446496e-02
6.689100000000000000e+04,6.109848664457630252e-02,1.574240937702313659e-01
6.689200000000000000e+04,4.894833155347525638e-02,2.193188657356159865e-02
6.689300000000000000e+04,3.480360641950033807e-02,3.093324836063260364e-02
6.689400000000000000e+04,6.291131947339267949e-02,5.651773046133357070e-02
6.689500000000000000e+04,3.852717475140979980e-02,7.514379521431635567e-04
6.689600000000000000e+04,2.419626387044550297e-02,1.449566443972827301e-02
6.689700000000000000e+04,1.622985944125376195e-02,7.050974021655775914e-03
6.689800000000000000e+04,1.741536987080426549e-02,5.523788079177194277e-03
6.689900000000000000e+04,1.769028419251321427e-02,1.431743559956544232e-02
6.690000000000000000e+04,1.371752649190113339e-02,9.728144398010840632e-03
6.690100000000000000e+04,1.386699020149234456e-02,3.980297613441763360e-03
6.690200000000000000e+04,1.717641711339962587e-02,9.181466644498925689e-03
6.690300000000000000e+04,1.201728075245144141e-02,2.516236586568965095e-03
6.690400000000000000e+04,1.076900277373387532e-02,7.368153606829963564e-03
6.690500000000000000e+04,1.890319941567930942e-02,1.283507737549172134e-02
6.690600000000000000e+04,9.933045195993371601e-02,1.656095157538182150e-01
6.690700000000000000e+04,7.239767769502207864e-03,3.450197683540423554e-02
6.690800000000000000e+04,1.116687826996442569e-02,1.898464398861676727e-02
6.690900000000000000e+04,3.682819754019588804e-02,5.831715089005484742e-02
6.691000000000000000e+04,1.348357877469079195e-02,2.559329814044986051e-02
6.691100000000000000e+04,4.818217711984500509e-03,2.057354920205511917e-02
6.691200000000000000e+04,1.033663836174993252e-02,3.755948765714833826e-03
6.691300000000000000e+04,6.982832483653780668e-03,8.820799114204191937e-03
6.691400000000000000e+04,6.136062269125297508e-02,1.043593310598787127e-01
6.691500000000000000e+04,1.554408159803966029e-03,1.607305873794118156e-02
6.691600000000000000e+04,1.522510034952620668e-02,9.169491051160605366e-03
6.691700000000000000e+04,3.770314252657997606e-02,8.093232273056472081e-02
6.691800000000000000e+04,2.950597031777563509e-02,4.338092989252118059e-02
6.691900000000000000e+04,1.932299051692504613e-02,5.677958691474316311e-02
6.692000000000000000e+04,2.372176631089321572e-03,5.173593218336591804e-02
6.692100000000000000e+04,1.364213466129088337e-02,6.950560513420711573e-02
6.692200000000000000e+04,3.074303029979524524e-02,3.920179333294271373e-02
6.692300000000000000e+04,1.295224195373010090e-01,1.800620670284160951e-01
6.692400000000000000e+04,2.216293729829899029e-02,2.139033632129994089e-02
6.692500000000000000e+04,1.333254271910748120e-02,6.410564635838511549e-02
6.692600000000000000e+04,3.017354340650720695e-02,3.575395691203908655e-02
6.692700000000000000e+04,4.825749447531302999e-02,3.663421752469631087e-02
6.692800000000000000e+04,5.568294410795783522e-02,1.255490744598937169e-01
6.692900000000000000e+04,6.298579240751725483e-02,2.130070943380246717e-04
6.693000000000000000e+04,3.132879043499533361e-02,3.582837016168838318e-02
6.693100000000000000e+04,2.333871243683235952e-02,3.396815235189265536e-02
6.693200000000000000e+04,3.903423293663183663e-02,4.345530940575770273e-02
6.693300000000000000e+04,1.967048072669653341e-02,1.078576901064565163e-02
6.693400000000000000e+04,1.481574562890323500e-02,1.975809756687496588e-02
6.693500000000000000e+04,1.131370165943136434e-02,1.431565819780900028e-02
6.693600000000000000e+04,2.295480352494903495e-02,1.231017353628516275e-03
6.693700000000000000e+04,1.337922507043427627e-02,8.646159773100237089e-03
6.693800000000000000e+04,1.723614374178757125e-02,3.027474280159481168e-03
6.693900000000000000e+04,2.469771390597805955e-02,9.205390021804760181e-05
6.694000000000000000e+04,2.340981879118041523e-02,2.081629430186637819e-03
6.694100000000000000e+04,3.242652199873131968e-02,9.827955745844718649e-03
6.694200000000000000e+04,3.119190928048544420e-02,1.670327929666015621e-02
6.694300000000000000e+04,1.000490812373099614e-01,3.442079878518100600e-02
6.694400000000000000e+04,3.903573072122770715e-02,2.584066392133976819e-02
6.694500000000000000e+04,3.736408402096419445e-02,2.196914934530269647e-02
6.694600000000000000e+04,3.241748283647141737e-02,1.362239630028483361e-02
6.694700000000000000e+04,5.623550968794166494e-02,1.313380661976282227e-02
6.694800000000000000e+04,4.322712421952409900e-02,1.626073909910630277e-02
6.694900000000000000e+04,1.902454812943954465e-02,1.185671194161130870e-03
6.695000000000000000e+04,1.820316644510832846e-02,2.058701986065969436e-02
6.695100000000000000e+04,1.707417602779792015e-02,1.366829660060631113e-02
6.695200000000000000e+04,1.619073769539060639e-02,1.682054072645655651e-02
6.695300000000000000e+04,2.161527758627321272e-02,1.737466874000404005e-02
6.695400000000000000e+04,1.949372342805677505e-02,9.871296867899559402e-03
6.695500000000000000e+04,2.058594504382466051e-02,1.284793736478562209e-02
6.695600000000000000e+04,1.919701069996470819e-02,1.029159122674627724e-02
6.695700000000000000e+04,2.011293039361541565e-02,8.689247803641109158e-03
6.695800000000000000e+04,2.539057940727179608e-02,9.810349635454684858e-03
6.695900000000000000e+04,2.461476037422885219e-02,8.880667748652371074e-03
6.696000000000000000e+04,3.278348273004022539e-02,4.754178329378078161e-03
6.696100000000000000e+04,1.388799980560554044e-02,3.094359484038022856e-03
6.696200000000000000e+04,4.513504564210711612e-02,1.445372094874386448e-03
6.696300000000000000e+04,1.528192793563704771e-02,3.888273765346994537e-02
6.696400000000000000e+04,1.785327164999658128e-02,3.138925891280308633e-02
6.696500000000000000e+04,6.926333268793122971e-03,2.577245780987524881e-02
6.696600000000000000e+04,8.533872482478490826e-03,3.359233514227355499e-02
6.696700000000000000e+04,1.738604945525153503e-02,1.486538807407455920e-02
6.696800000000000000e+04,4.558730523245353716e-02,1.216126659441343349e-01
6.696900000000000000e+04,1.833441735266542333e-02,4.837855030550386459e-02
6.697000000000000000e+04,5.566034384389231468e-03,5.312779544975398949e-02
6.697100000000000000e+04,1.830030429842513170e-02,7.754811094396529825e-02
6.697200000000000000e+04,4.439842586291501553e-02,3.253611535315492631e-01
6.697300000000000000e+04,3.303182104571490696e-02,1.138410668795621916e-01
6.697400000000000000e+04,2.514399511385813704e-02,2.602154366320164058e-02
6.697500000000000000e+04,5.243984358036522103e-02,3.394572869398260195e-02
6.697600000000000000e+04,4.017025223171464404e-02,1.322471514372125512e-02
6.697700000000000000e+04,3.937648182006588810e-02,7.710280774509570278e-02
6.697800000000000000e+04,3.780683096824201395e-02,9.696762628646382609e-03
6.697900000000000000e+04,3.746518914440808562e-02,1.166413330861360009e-02
6.698000000000000000e+04,3.435130000009518902e-02,1.457993725637152238e-02
6.698100000000000000e+04,3.259119137563853269e-02,2.065541109704227551e-02
6.698200000000000000e+04,2.909751086172018483e-02,2.751073516995106161e-02
6.698300000000000000e+04,2.746878446286046480e-02,2.031210361598212444e-02
6.698400000000000000e+04,2.586301034406513280e-02,2.882126862392198063e-02
6.698500000000000000e+04,2.932940324867587198e-02,4.217152343159114025e-02
6.698600000000000000e+04,2.632435811144765575e-02,2.797230032212638662e-02
6.698700000000000000e+04,2.593253566931196311e-02,4.043805230478625390e-02
6.698800000000000000e+04,2.740460252783154943e-02,4.364349632172803695e-02
6.698900000000000000e+04,2.840117424689577591e-02,3.923870578196897441e-02
6.699000000000000000e+04,3.071485096727712832e-02,4.801085418270645278e-02
6.699100000000000000e+04,2.954271865550252285e-02,3.788775761615070792e-02
6.699200000000000000e+04,2.949622042407122266e-02,3.804158155444881118e-02
6.699300000000000000e+04,2.949054437883066176e-02,3.411652310111890074e-02
6.699400000000000000e+04,3.071643132371806167e-02,3.242063805586425929e-02
6.699500000000000000e+04,2.833018385160497241e-02,4.045269427747300028e-02
6.699600000000000000e+04,2.793570062696243070e-02,3.328350270161095636e-02
6.699700000000000000e+04,2.578944539010423129e-02,4.259766784190688327e-02
6.699800000000000000e+04,2.840480394082770671e-02,3.404760025772191057e-02
6.699900000000000000e+04,2.686647216920591205e-02,3.112322575073633857e-02
6.700000000000000000e+04,2.590142599590418079e-02,4.388825599410495215e-02
6.700100000000000000e+04,2.511916645024112743e-02,3.743649543418570147e-02
6.700200000000000000e+04,2.448480005721122635e-02,3.242180482024537014e-02
6.700300000000000000e+04,2.936348380402678190e-02,3.842154499792016509e-02
6.700400000000000000e+04,2.810578889040046130e-02,3.303999283103209450e-02
6.700500000000000000e+04,2.832382001350296913e-02,3.843055755286073349e-02
6.700600000000000000e+04,2.726963260835210331e-02,2.738548918321015435e-02
6.700700000000000000e+04,2.921872909470622434e-02,3.473592305618566911e-02
6.700800000000000000e+04,2.965382521367322319e-02,3.896510759794935552e-02
6.700900000000000000e+04,2.878237805981164604e-02,2.922448769293595205e-02
6.701000000000000000e+04,2.670276878094500136e-02,3.502548612211953127e-02
6.701100000000000000e+04,2.613987095916076725e-02,2.568326673618059885e-02
6.701200000000000000e+04,2.392965621416716718e-02,3.043020783973204857e-02
6.701300000000000000e+04,2.533125393806355541e-02,3.763704896804043187e-02
6.701400000000000000e+04,2.825655470717433615e-02,3.348318092584889882e-02
6.701500000000000000e+04,2.712176456305151820e-02,3.408601126813337601e-02
6.701600000000000000e+04,2.702263013771083466e-02,3.719300762197619292e-02
6.701700000000000000e+04,2.411002144044493284e-02,3.965865750880581686e-02
6.701800000000000000e+04,1.627182389825930151e-02,3.436290037954847776e-02
6.701900000000000000e+04,3.008227639178929005e-02,3.196299314580741679e-02
6.702000000000000000e+04,2.671354721545855793e-02,2.340486421769227832e-02
6.702100000000000000e+04,2.062855774434474779e-02,2.823305341604864793e-02
6.702200000000000000e+04,1.876982197068874023e-02,2.092891873875757369e-02
6.702300000000000000e+04,2.474596474058550835e-02,4.277827971556291686e-02
6.702400000000000000e+04,2.214196777936708327e-02,2.656260384185316070e-02
6.702500000000000000e+04,2.146222998338916110e-02,2.187756513830763083e-02
6.702600000000000000e+04,2.121408888584990285e-02,1.750472882036291367e-02
6.702700000000000000e+04,1.942923570649734977e-03,3.762667261471364100e-02
6.702800000000000000e+04,1.369886209142899373e-02,8.180375828356289958e-03
6.702900000000000000e+04,3.265359552764164619e-02,5.628858722262819470e-02
6.703000000000000000e+04,4.105026656399252821e-02,5.774744872207904223e-02
6.703100000000000000e+04,1.684447292728645240e-01,3.373223781522334264e-01
6.703200000000000000e+04,nan,nan
6.703300000000000000e+04,nan,nan
6.703400000000000000e+04,4.592430638031617107e+00,3.901110074199653610e+00
6.703500000000000000e+04,nan,nan
6.703600000000000000e+04,3.397431585610906968e+00,7.396596043557472910e-01
6.703700000000000000e+04,2.725688877916665476e+00,3.326664259098990328e-01
6.703800000000000000e+04,2.615914705475727242e+00,3.746953262263872375e-01
6.703900000000000000e+04,1.057642574359093146e+00,1.628623893472578743e+00
6.704000000000000000e+04,1.622492714515936019e+00,2.632585551287185410e-01
6.704100000000000000e+04,1.463587062138010486e+00,3.085784563737909991e-01
6.704200000000000000e+04,1.433888756544363208e+00,1.757770274746306427e-01
6.704300000000000000e+04,1.402501532274787577e+00,2.202557741308162065e-01
6.704400000000000000e+04,1.303592553460128478e+00,4.320065817091816029e-01
6.704500000000000000e+04,1.264939992665274238e+00,6.011308246096334074e-01
6.704600000000000000e+04,1.173457636413320904e+00,8.182787002458518089e-01
6.704700000000000000e+04,1.174843577763615032e+00,9.566958430320795514e-01
6.704800000000000000e+04,1.213143408706514492e+00,1.082598776182312150e+00
6.704900000000000000e+04,1.279550284085664957e+00,1.187568125921050211e+00
6.705000000000000000e+04,1.363571849253115476e+00,1.263238440283899422e+00
6.705100000000000000e+04,1.444344766896700882e+00,1.327105725086092036e+00
6.705200000000000000e+04,1.513421135942248474e+00,1.375630195274869294e+00
6.705300000000000000e+04,1.556890730620091423e+00,1.427164770583964071e+00
6.705400000000000000e+04,1.579769749399054346e+00,1.423525630873069048e+00
6.705500000000000000e+04,1.593129121226958711e+00,1.502611794782001908e+00
6.705600000000000000e+04,1.599465426692624925e+00,1.561320838236774478e+00
6.705700000000000000e+04,9.917789233604890065e-01,3.507334112651996350e-01
6.705800000000000000e+04,7.276635274369126494e-01,1.170356813827559961e-01
6.705900000000000000e+04,6.029629321236222861e-01,5.554846862267694974e-01
6.706000000000000000e+04,2.329639951395383879e-01,9.777972013342548507e-01
6.706100000000000000e+04,4.765065574116587599e-01,7.538014151943137620e-01
6.706200000000000000e+04,6.271255690451622566e-01,7.366336566607323277e-01
6.706300000000000000e+04,5.922316594074754637e-01,7.729439940687434785e-01
6.706400000000000000e+04,6.600049084300018132e-01,8.044675116922341829e-01
6.706500000000000000e+04,8.321715362133738081e-01,8.235099892067339056e-01
6.706600000000000000e+04,7.062655158205402017e-01,1.118986340370369703e+00
6.706700000000000000e+04,7.702369143311467159e-01,1.207607062766175687e+00
6.706800000000000000e+04,7.365923684104324076e-01,1.710141895855780803e+00
6.706900000000000000e+04,5.603933043493090072e-01,1.601117921616186379e+00
6.707000000000000000e+04,4.890442769364448106e-01,1.737286841726799480e+00
6.707100000000000000e+04,4.657155907562127162e-01,1.726443980335641726e+00
6.707200000000000000e+04,4.295933394541471273e-01,1.633114302830676934e+00
6.707300000000000000e+04,4.444687737554427476e-01,1.497315503731844188e+00
6.707400000000000000e+04,4.670259559500708479e-01,1.367687723958773915e+00
6.707500000000000000e+04,3.364696561782425377e-01,8.687874638659422999e-01
6.707600000000000000e+04,3.041562736084794244e-02,3.532757466266289725e-02
6.707700000000000000e+04,2.440341074007990399e-02,2.738801764824216889e-02
6.707800000000000000e+04,2.010169009113928901e-02,6.706926288146064508e-03
6.707900000000000000e+04,1.881008139252193095e-02,1.807899386317401991e-02
6.708000000000000000e+04,1.508600995865641559e-02,2.419767807871409104e-02
6.708100000000000000e+04,1.529883638279608792e-02,2.467870645341463387e-02
6.708200000000000000e+04,1.401756283747678661e-02,1.843243944330552608e-02
6.708300000000000000e+04,6.380550559139584049e-03,1.557290450496751077e-02
6.708400000000000000e+04,6.140490364084739104e-03,2.181017190307343867e-02
6.708500000000000000e+04,9.344989517672437629e-03,1.841351326832452173e-02
6.708600000000000000e+04,1.348998556841332630e-02,1.603086459072144976e-02
6.708700000000000000e+04,1.451125707260354780e-02,4.121747579588941335e-03
6.708800000000000000e+04,1.592050079442281982e-02,1.700690784969083325e-02
6.708900000000000000e+04,1.604321194499614203e-02,2.031833350625333878e-02
6.709000000000000000e+04,1.411476468766522871e-02,1.744740065929661910e-02
6.709100000000000000e+04,1.378196416694635849e-02,3.252384825389498246e-02
6.709200000000000000e+04,1.025077873212666690e-02,1.272774406512056089e-02
6.709300000000000000e+04,1.469115078878177431e-02,2.344635192087451969e-02
6.709400000000000000e+04,1.520096037143168523e-02,3.479694769470853544e-03
6.709500000000000000e+04,1.065250256078536725e-02,7.807535729295267402e-03
6.709600000000000000e+04,1.757031937060771903e-02,4.479656864511127878e-04
6.709700000000000000e+04,2.274204349548734558e-02,3.101543239196757895e-04
6.709800000000000000e+04,2.127841391726859738e-02,1.595008042657397596e-02
6.709900000000000000e+04,2.555571657341014491e-02,1.252723592735094371e-04
6.710000000000000000e+04,2.979291602150710427e-02,1.023843627411125112e-02
6.710100000000000000e+04,3.318331075417136483e-02,2.734369463279051615e-02
6.710200000000000000e+04,2.373904873646370817e-02,4.779020825978363973e-03
6.710300000000000000e+04,1.065621017023726629e-02,3.104212776963777287e-02
6.710400000000000000e+04,1.653197917561350164e-02,2.788391721796656952e-02
6.710500000000000000e+04,2.310738377700136473e-02,4.863535271240948532e-03
6.710600000000000000e+04,2.871547605273962883e-02,5.339909957264410423e-03
6.710700000000000000e+04,2.985485478768190593e-02,2.309059035751204192e-02
6.710800000000000000e+04,2.860567233904701481e-02,7.227630665536111110e-03
6.710900000000000000e+04,2.865889776433075062e-02,1.465505855769322352e-02
6.711000000000000000e+04,2.651305433632723460e-02,7.872158971132137140e-03
6.711100000000000000e+04,2.330753662843954369e-02,8.766370504105225336e-04
6.711200000000000000e+04,2.392916544751813937e-02,2.696164625007213544e-03
6.711300000000000000e+04,2.287675704811811817e-02,9.830629734285167842e-03
6.711400000000000000e+04,2.491288687349548989e-02,1.221960587393766673e-03
6.711500000000000000e+04,2.227208187098211542e-02,1.053396720907429085e-02
6.711600000000000000e+04,2.234260211744992092e-02,1.045671218083299436e-03
6.711700000000000000e+04,2.187491657126631323e-02,1.055820255426453969e-02
6.711800000000000000e+04,1.858287196097128252e-02,6.960815083406401982e-03
6.711900000000000000e+04,2.031848852103098832e-02,4.252921116481900299e-03
6.712000000000000000e+04,1.878181370663140060e-02,4.562806271390940083e-03
6.712100000000000000e+04,1.601918374577696383e-02,1.231254316067520449e-04
6.712200000000000000e+04,1.660704043236622615e-02,2.082042294951236272e-03
6.712300000000000000e+04,1.684270255648077572e-02,1.476563990721047048e-04
6.712400000000000000e+04,1.902449402339942072e-02,4.874936126409323833e-03
6.712500000000000000e+04,1.563044092783083885e-02,1.060764411166204013e-02
6.712600000000000000e+04,1.631590978504638551e-02,1.150660312682916242e-02
6.712700000000000000e+04,1.666270080562334138e-02,1.164302986822463026e-05
6.712800000000000000e+04,1.637226803494270383e-02,6.702268344245254639e-03
6.712900000000000000e+04,1.501381951099152803e-02,6.571601135316740283e-03
6.713000000000000000e+04,1.356947152401612178e-02,1.968328644561978535e-03
6.713100000000000000e+04,7.302485471399902672e-03,8.566766373526490952e-03
6.713200000000000000e+04,1.090861838330962029e-02,1.330719191131279899e-02
6.713300000000000000e+04,1.034067220990346828e-02,2.531188016066465707e-02
6.713400000000000000e+04,9.963136119004159866e-03,1.716732437027346236e-02
6.713500000000000000e+04,2.249511167344486404e-02,2.739859769065589035e-02
6.713600000000000000e+04,3.151266510781819408e-03,5.774115333345264389e-03
6.713700000000000000e+04,8.592198186744565147e-02,9.664471360107995679e-02
6.713800000000000000e+04,4.683437334143396996e-02,8.020234630922828956e-03
6.713900000000000000e+04,4.245464415546698622e-02,4.643275246860412153e-02
6.714000000000000000e+04,1.122687614893192326e-01,1.008596435761965893e-01
6.714100000000000000e+04,1.251007031219753506e-02,2.093216204784908996e-02
6.714200000000000000e+04,1.640205147228548585e-02,8.355825017741125293e-03
6.714300000000000000e+04,3.239244952908054698e-02,1.815557522767363707e-02
6.714400000000000000e+04,3.250839501932230313e-02,4.516047554113811202e-02
6.714500000000000000e+04,2.336400386830892253e-02,6.007348363155529114e-03
6.714600000000000000e+04,1.562589579214250859e-02,1.833778839280597595e-03
6.714700000000000000e+04,2.073880345981744810e-02,8.234431195429436912e-03
6.714800000000000000e+04,1.835436631083648545e-02,9.415163799399550726e-03
6.714900000000000000e+04,1.427496331631464450e-02,4.715349954576453229e-03
6.715000000000000000e+04,2.660073225394194579e-02,6.517779136576251631e-03
6.715100000000000000e+04,2.403897605131830734e-02,7.295671310313167623e-03
6.715200000000000000e+04,2.068765121053818545e-02,9.667380470144593119e-03
6.715300000000000000e+04,1.879356791514777067e-02,1.106294194894985594e-02
6.715400000000000000e+04,1.339446733068229596e-02,1.358169677128984176e-03
6.715500000000000000e+04,1.396991049748441682e-02,1.678852205451164536e-04
6.715600000000000000e+04,1.312652955126534897e-02,3.259572865257354124e-03
6.715700000000000000e+04,1.040694834331044177e-02,4.824166195884771469e-03
6.715800000000000000e+04,1.015275825065415846e-02,5.738750387997981761e-03
6.715900000000000000e+04,9.197126193928857260e-03,9.081364324675433863e-03
6.716000000000000000e+04,7.463485446322969639e-03,6.806928513043430939e-03
6.716100000000000000e+04,1.158434800881087169e-02,5.310847620403436053e-02
6.716200000000000000e+04,2.526919470159077682e-02,4.061474532196740483e-03
6.716300000000000000e+04,2.704299057959192593e-02,6.220693518287134793e-03
6.716400000000000000e+04,1.249902580374824372e-02,2.892328018984358096e-02
6.716500000000000000e+04,1.127228567540304247e-02,7.164771264275060503e-03
6.716600000000000000e+04,1.157945116641179205e-03,3.252758606157968302e-02
6.716700000000000000e+04,2.020816878313635295e-02,2.120717333501431767e-02
6.716800000000000000e+04,8.729284830505851939e-03,1.716420867037271591e-02
6.716900000000000000e+04,1.152349724888602871e-02,1.376609457869903963e-02
6.717000000000000000e+04,2.731109328219531208e-03,1.287896267222166102e-02
6.717100000000000000e+04,3.803847579038962569e-03,4.973286094404727464e-03
6.717200000000000000e+04,4.169873229180402242e-03,3.514289121397951021e-04
6.717300000000000000e+04,5.607656063675784189e-03,4.153087165228441791e-03
6.717400000000000000e+04,1.717009858640549877e-02,1.786057233470117467e-02
6.717500000000000000e+04,1.216663479127859902e-02,1.402379314744806038e-02
6.717600000000000000e+04,1.852123507211708014e-02,9.795493461361104437e-03
6.717700000000000000e+04,5.325025465673739744e-03,4.740959996041738123e-03
6.717800000000000000e+04,1.897704637753586110e-02,2.596124142003120028e-02
6.717900000000000000e+04,1.697470250761461824e-02,2.892921413955562571e-02
6.718000000000000000e+04,2.385546617559622037e-02,2.218816033753512329e-03
6.718100000000000000e+04,3.509378097117894779e-02,1.317096187694275500e-01
6.718200000000000000e+04,2.077598005929920735e-02,7.346042346278025548e-02
6.718300000000000000e+04,5.006759691059085859e-02,1.214550736743724713e-01
6.718400000000000000e+04,3.885215667781255489e-02,4.527246546640029123e-02
6.718500000000000000e+04,1.498105022793608807e-03,1.730460882726703176e-02
6.718600000000000000e+04,9.717949828108557453e-02,4.821098765309272949e-02
6.718700000000000000e+04,3.248189104795606852e-02,3.071857159558533112e-02
6.718800000000000000e+04,3.755406813859241827e-02,2.283154769225248515e-02
6.718900000000000000e+04,1.585036886990087365e-02,3.173046684621994018e-02
6.719000000000000000e+04,1.454849463661749692e-02,1.178929136973394520e-02
6.719100000000000000e+04,3.042831013116461657e-03,2.757801740905563292e-03
6.719200000000000000e+04,8.180876773757592840e-03,2.001888141521135367e-03
6.719300000000000000e+04,1.864109300481184978e-02,3.359379578800769650e-02
6.719400000000000000e+04,9.945271828106528114e-03,1.188320888569549538e-02
6.719500000000000000e+04,2.039467958892394669e-02,4.654776393241633059e-03
6.719600000000000000e+04,8.069848350921692004e-03,2.914999003834850555e-03
6.719700000000000000e+04,3.130946425090878893e-02,1.850476854353999556e-02
6.719800000000000000e+04,1.373799103703096484e-02,1.685651869616577869e-02
6.719900000000000000e+04,1.092076234494071194e-02,3.244690148317630474e-03
6.720000000000000000e+04,1.038973388393796445e-02,2.027976252491114906e-02
6.720100000000000000e+04,1.459003189533712719e-02,1.582229184582217840e-02
6.720200000000000000e+04,1.347482886030902140e-02,4.735264295788255140e-02
6.720300000000000000e+04,9.398154219680860885e-03,8.646977186828053163e-04
6.720400000000000000e+04,6.155217779172363936e-03,1.290197541311854934e-02
6.720500000000000000e+04,1.801884204980195052e-03,2.105350646371917378e-02
6.720600000000000000e+04,3.144945509838615889e-03,1.637280946210140087e-02
6.720700000000000000e+04,9.630072001327420750e-03,1.828533234359142057e-02
6.720800000000000000e+04,9.609051903186512089e-03,2.734447672557038800e-02
6.720900000000000000e+04,8.928743900773956563e-03,1.601827431143831859e-02
6.721000000000000000e+04,1.356699849244899503e-02,3.136800477624390737e-02
6.721100000000000000e+04,9.772667110223128006e-03,3.057452003749716596e-02
6.721200000000000000e+04,1.994185749022280713e-02,2.790277399387974810e-03
6.721300000000000000e+04,3.264400177171951790e-03,1.391077976088439527e-02
6.721400000000000000e+04,8.328179724325162139e-03,1.471111242074840675e-02
6.721500000000000000e+04,8.120991006478428184e-03,3.539223251088685629e-03
6.721600000000000000e+04,7.292985313821717837e-03,2.289631939786929138e-02
6.721700000000000000e+04,5.474112707787691032e-03,2.800409203359777166e-02
6.721800000000000000e+04,2.363940445943290766e-02,4.378274300286477683e-03
6.721900000000000000e+04,1.258413858303464306e-01,5.889403712727414586e-02
6.722000000000000000e+04,2.317503525750234591e-02,8.189596194565496035e-03
6.722100000000000000e+04,1.741452162195880615e-02,4.644128636657285369e-02
6.722200000000000000e+04,3.718934560761465169e-02,6.513351026807612243e-03
6.722300000000000000e+04,1.249619667156982444e-01,1.129431655113535271e-01
6.722400000000000000e+04,1.760994566003002415e-01,2.339301945711902420e-01
6.722500000000000000e+04,1.608197261790109689e-01,2.804262630320266680e-01
6.722600000000000000e+04,1.334053683709652827e-01,1.532396061413976440e-01
6.722700000000000000e+04,1.603949900000505024e-01,2.611332964296586567e-01
6.722800000000000000e+04,1.625254784638198169e-01,2.809840247077524111e-01
6.722900000000000000e+04,1.768970506711783630e-01,3.173480511287110062e-01
6.723000000000000000e+04,1.918803766623171647e-01,3.116933648053183958e-01
6.723100000000000000e+04,2.121351487017848758e-01,3.312191381121181166e-01
6.723200000000000000e+04,2.049793622877195687e-01,3.337928471644495687e-01
6.723300000000000000e+04,1.762284983544780692e-01,2.860700637933355495e-01
6.723400000000000000e+04,2.086003213718498617e-01,3.426424366277700528e-01
6.723500000000000000e+04,2.045588963011586714e-01,3.637242335653425584e-01
6.723600000000000000e+04,1.940365769572773569e-01,2.603866621193944297e-01
6.723700000000000000e+04,1.525672043105881781e-01,2.686104503664985543e-01
6.723800000000000000e+04,1.497927580608124642e-01,2.555857539310153470e-01
6.723900000000000000e+04,1.618153268857235871e-01,2.408671571250096122e-01
6.724000000000000000e+04,1.696399682024051225e-01,2.372996715110282651e-01
6.724100000000000000e+04,1.785344544704533798e-01,2.151875237760521031e-01
6.724200000000000000e+04,1.074355568437957154e-01,1.270284423902126036e-01
6.724300000000000000e+04,1.434927813945406083e-01,1.692971560470084569e-01
6.724400000000000000e+04,1.842505788362455987e-01,1.296439233299970795e-01
6.724500000000000000e+04,nan,nan
6.724600000000000000e+04,nan,nan
6.724700000000000000e+04,1.423279970143187745e+00,8.488628175628605277e-01
6.724800000000000000e+04,1.523704284529154407e+00,8.726870402034307972e-01
6.724900000000000000e+04,1.002577076966883807e+00,5.314716935830006150e-01
6.725000000000000000e+04,7.611583464641776819e-01,3.949986628426707114e-01
6.725100000000000000e+04,nan,nan
6.725200000000000000e+04,3.929550600304423380e-01,2.233602532388410111e-01
6.725300000000000000e+04,nan,nan
6.725400000000000000e+04,3.947672391788587531e-01,2.225331220991577652e-02
6.725500000000000000e+04,5.880956403790617015e-01,1.257996268743859503e-01
6.725600000000000000e+04,7.986866449855931638e-01,2.410228410347876604e-01
6.725700000000000000e+04,9.088456452826632059e-01,3.214392614050218810e-01
6.725800000000000000e+04,9.986950155475738944e-01,3.374378518611607092e-01
6.725900000000000000e+04,1.082077040539974000e+00,3.542895583708123297e-01
6.726000000000000000e+04,1.199138796597317036e+00,4.130962046678021693e-01
6.726100000000000000e+04,1.244037197386213878e+00,4.419456943579618269e-01
6.726200000000000000e+04,1.296861909625999676e+00,4.496541537078435624e-01
6.726300000000000000e+04,1.360493635495492626e+00,5.063153098562942489e-01
6.726400000000000000e+04,1.322374285743509015e+00,4.824508736049253343e-01
6.726500000000000000e+04,1.357815671943513713e+00,3.709975586381943913e-01
6.726600000000000000e+04,1.234406932810474533e+00,3.303037348773436577e-01
6.726700000000000000e+04,1.249774250485198079e+00,1.245603622333497640e-01
6.726800000000000000e+04,nan,nan
6.726900000000000000e+04,nan,nan
6.727000000000000000e+04,1.034688425866453043e+00,3.592416951568964123e-01
6.727100000000000000e+04,1.007683681554721433e+00,2.196885408721982458e-01
6.727200000000000000e+04,9.439565498566310220e-01,4.346629297375486090e-01
6.727300000000000000e+04,8.847104703177612883e-01,1.688818244616285824e-01
6.727400000000000000e+04,nan,nan
6.727500000000000000e+04,nan,nan
6.727600000000000000e+04,nan,nan
6.727700000000000000e+04,6.217533273749371148e+00,1.882755636873343974e+01
6.727800000000000000e+04,1.375889432709737292e+01,1.690413868157456534e-01
6.727900000000000000e+04,nan,nan
6.728000000000000000e+04,nan,nan
6.728100000000000000e+04,nan,nan
6.728200000000000000e+04,nan,nan
6.728300000000000000e+04,1.015919773954059080e+00,1.793081204379095794e+00
6.728400000000000000e+04,nan,nan
6.728500000000000000e+04,7.551043487990768410e-01,1.531607419638763901e+00
6.728600000000000000e+04,1.243537388968475876e-01,5.985576990390626406e-01
6.728700000000000000e+04,3.651694766582487262e-01,6.019501238898321560e-01
6.728800000000000000e+04,4.041796535028394644e-01,5.202277789272500286e-01
6.728900000000000000e+04,6.464251922201610379e-01,8.241034137262097659e-01
6.729000000000000000e+04,8.193386586540393202e-01,1.809808575374241002e+00
6.729100000000000000e+04,1.669197236469830870e+00,3.769567986818010752e+00
6.729200000000000000e+04,4.380964929682708564e-01,2.031516484403603329e+00
6.729300000000000000e+04,6.550145424983512266e-01,2.336481379170841421e+00
6.729400000000000000e+04,3.710304892112095687e-01,1.750006038352495352e+00
6.729500000000000000e+04,2.894449328982917624e-01,1.260036091980126116e+00
6.729600000000000000e+04,2.134187923126233122e-01,1.190547348908509662e+00
6.729700000000000000e+04,2.479577271544758654e-01,1.072701201642875191e+00
6.729800000000000000e+04,2.230765356608854222e-01,1.005272953211971299e+00
6.729900000000000000e+04,1.828848588820819743e-01,9.227121147608521312e-01
6.730000000000000000e+04,1.717435147625407388e-01,9.198528394177429846e-01
6.730100000000000000e+04,1.978754427827866813e-01,9.843155518005879401e-01
6.730200000000000000e+04,1.775402488645078658e-01,9.704601549039146846e-01
6.730300000000000000e+04,2.075698587336386458e-01,1.067075722969590856e+00
6.730400000000000000e+04,2.231022108743878074e-01,1.080272747782785814e+00
6.730500000000000000e+04,2.392335313050731049e-01,1.141654559948328540e+00
6.730600000000000000e+04,2.484253898877820943e-01,1.142707816967522660e+00
6.730700000000000000e+04,1.598729379117177010e-02,1.260992674455962970e-01
6.730800000000000000e+04,2.389192300018051773e-02,7.938588182134509452e-02
6.730900000000000000e+04,2.796183469168031857e-02,8.686614337564435573e-02
6.731000000000000000e+04,1.916366859080032362e-02,3.288681542092319887e-02
6.731100000000000000e+04,1.523576875014182735e-02,1.705594619798489475e-02
6.731200000000000000e+04,2.359962897491129502e-02,1.910718796045074441e-02
6.731300000000000000e+04,3.576655736224242793e-03,2.814616157255755979e-02
6.731400000000000000e+04,2.420425093952821138e-03,2.060294467991496958e-02
6.731500000000000000e+04,5.135854561091848791e-03,8.426605595182934394e-03
6.731600000000000000e+04,1.045869490033736471e-02,1.726471763419112904e-03
6.731700000000000000e+04,1.655170667149999039e-02,1.164718015530752382e-02
6.731800000000000000e+04,1.663185277546825117e-02,4.316184510031462196e-03
6.731900000000000000e+04,1.802585558531281940e-02,1.541804418098280394e-02
6.732000000000000000e+04,2.082167171913786030e-02,2.178892527986420191e-02
6.732100000000000000e+04,2.272846337006137127e-02,6.674205451389525479e-03
6.732200000000000000e+04,1.014463429908003464e-02,2.202289765174469949e-02
6.732300000000000000e+04,1.915808481845036925e-03,1.423653430833837774e-03
6.732400000000000000e+04,2.091500626060659174e-02,7.083641046924071816e-02
6.732500000000000000e+04,1.565088195907752763e-02,2.555666740006046211e-02
6.732600000000000000e+04,1.999671326949734734e-02,1.258052826875655228e-02
6.732700000000000000e+04,2.154368312893434334e-02,1.579593963361247688e-02
6.732800000000000000e+04,1.542723751650169894e-02,4.062022918390084669e-03
6.732900000000000000e+04,3.061613915355047844e-02,4.345556630114799646e-02
6.733000000000000000e+04,7.180129628667528130e-02,1.076205731087114259e-01
6.733100000000000000e+04,1.960511410013288103e-02,1.073177450312101655e-02
6.733200000000000000e+04,1.818010921967032692e-02,1.791677965810833939e-02
6.733300000000000000e+04,1.867564139066753628e-02,1.752975512696508531e-02
6.733400000000000000e+04,1.869045081162147570e-02,1.527725888721676029e-02
6.733500000000000000e+04,9.656225655632434679e-03,5.999091306648551836e-03
6.733600000000000000e+04,3.023963042026627662e-02,1.517775676205701529e-03
6.733700000000000000e+04,3.363567284696753618e-02,7.283095961184926637e-03
6.733800000000000000e+04,2.841843379911451403e-02,3.273721733834378256e-02
6.733900000000000000e+04,4.828269849895740207e-02,1.137307655421437858e-02
6.734000000000000000e+04,6.113097967874039917e-02,2.298978430294340569e-02
6.734100000000000000e+04,3.105134254153550308e-02,1.312440989652685630e-02
6.734200000000000000e+04,9.621959511644141705e-02,1.395331830854473765e-02
6.734300000000000000e+04,1.127211697863269441e-01,4.299504295531164644e-02
6.734400000000000000e+04,6.232848463967335245e-02,3.832677537265993806e-02
6.734500000000000000e+04,1.753775343505588613e-01,1.438698649968017662e-02
6.734600000000000000e+04,1.202941689032116651e-01,3.270543704780948246e-02
6.734700000000000000e+04,2.117347359022349051e-01,8.770955612945385838e-02
6.734800000000000000e+04,4.239339315574149336e-01,3.062686376861460502e+00
6.734900000000000000e+04,nan,nan
6.735000000000000000e+04,2.364322620047031975e+00,7.788438763395696185e+00
6.735100000000000000e+04,1.693726095731689085e+00,5.601648604885781424e+00
6.735200000000000000e+04,2.229178784565801319e+00,6.312621021479031924e+00
6.735300000000000000e+04,3.083166915716728074e+00,8.545256184768245333e+00
6.735400000000000000e+04,nan,nan
6.735500000000000000e+04,nan,nan
6.735600000000000000e+04,2.168773543634736711e+01,7.857277416352452803e+00
6.735700000000000000e+04,1.642956280444667883e+01,2.522654599302804002e+00
6.735800000000000000e+04,9.971166299885576123e+00,4.724189343472176006e-01
6.735900000000000000e+04,2.273525641258063246e+01,7.113376658855436574e+00
6.736000000000000000e+04,nan,nan
6.736100000000000000e+04,3.336851047742610632e+01,1.064109948096944436e+01
6.736200000000000000e+04,2.256558717176283224e+01,7.526174299503352927e+00
6.736300000000000000e+04,nan,nan
6.736400000000000000e+04,nan,nan
6.736500000000000000e+04,2.057087350664656711e+01,7.968791996272329925e+00
6.736600000000000000e+04,2.802408774177915785e+00,8.853213236779556183e+00
6.736700000000000000e+04,3.280289570460284132e+00,7.139316310984565206e+00
6.736800000000000000e+04,3.598263205544509624e+00,6.905462584010489735e+00
6.736900000000000000e+04,2.239458696337912169e+00,5.379393201164944571e+00
6.737000000000000000e+04,1.850298582788433288e+00,4.780940089705033813e+00
6.737100000000000000e+04,1.521734929523335778e+00,4.532394660506216866e+00
6.737200000000000000e+04,1.112799446694342276e+00,3.748719772406886364e+00
6.737300000000000000e+04,8.761359922109063225e-01,3.109043073032090376e+00
6.737400000000000000e+04,7.375038589561163649e-01,2.524340588225200577e+00
6.737500000000000000e+04,5.732740935888339662e-01,2.249913092325513730e+00
6.737600000000000000e+04,4.014683670343893729e-01,2.126401442457886759e+00
6.737700000000000000e+04,5.071399206217144240e-01,1.807985796423167812e+00
6.737800000000000000e+04,5.914076868613802329e-01,1.686555368264070154e+00
6.737900000000000000e+04,6.057776688362098705e-01,1.657879061709515156e+00
6.738000000000000000e+04,5.752432011173227444e-01,1.420144152247722502e+00
6.738100000000000000e+04,5.279316804064139168e-01,1.439321999256360840e+00
6.738200000000000000e+04,5.247487059786294372e-01,1.248613924141050546e+00
6.738300000000000000e+04,5.639351927787661367e-01,1.163717645758140407e+00
6.738400000000000000e+04,4.948696624269867117e-01,1.043391381019539210e+00
6.738500000000000000e+04,5.341121377477076049e-01,1.014383425878751410e+00
6.738600000000000000e+04,5.138269753190159994e-01,9.822795389067664473e-01
6.738700000000000000e+04,4.997757869390585528e-01,9.653388956765276419e-01
6.738800000000000000e+04,4.322646016211278974e-01,1.022988912285626384e+00
6.738900000000000000e+04,nan,nan
6.739000000000000000e+04,3.344425347965983009e-01,8.928777088743871104e-01
6.739100000000000000e+04,2.866348193767225827e-01,8.677511238607849009e-01
6.739200000000000000e+04,1.925777988424068887e-01,8.270171518786533227e-01
6.739300000000000000e+04,1.299931203073541597e-01,7.194151827592136783e-01
6.739400000000000000e+04,6.791285028719283579e-02,6.743957802498314891e-01
6.739500000000000000e+04,3.818494061266240053e-02,6.665029134548063894e-01
6.739600000000000000e+04,3.030959448642951345e-02,6.710425441017591197e-01
6.739700000000000000e+04,7.608752500457610646e-02,6.816131538773220200e-01
6.739800000000000000e+04,1.131015296529146591e-01,6.737016245810636406e-01
6.739900000000000000e+04,1.433261859727310294e-01,7.106540545528901021e-01
6.740000000000000000e+04,1.714415537191362471e-01,7.228655904122476272e-01
6.740100000000000000e+04,1.314791918686296912e-01,5.619841633316369212e-01
6.740200000000000000e+04,1.153877932223674047e-01,4.448505626909167177e-01
6.740300000000000000e+04,2.035005683261456588e-01,5.715079288579971717e-01
6.740400000000000000e+04,1.641951373117039592e-01,4.295019870123226724e-01
6.740500000000000000e+04,1.718099309031121402e-01,4.052269709301725698e-01
6.740600000000000000e+04,2.063797774640430960e-01,4.700852844944094500e-01
6.740700000000000000e+04,1.614157053383694085e-01,3.741285539764973578e-01
6.740800000000000000e+04,1.076459700354879950e-01,2.892268833698565800e-01
6.740900000000000000e+04,1.145436049971708115e-01,3.482653965650399641e-01
6.741000000000000000e+04,8.995039189070921926e-02,3.493312826132068949e-01
6.741100000000000000e+04,6.894605952151582062e-02,3.455076831487815525e-01
6.741200000000000000e+04,6.494640524105772805e-02,3.506554121348628428e-01
6.741300000000000000e+04,7.711466840648419085e-02,3.825969155994499715e-01
6.741400000000000000e+04,8.238131328313660906e-02,3.834295152518336636e-01
6.741500000000000000e+04,9.053457491921480804e-02,3.899395395573321821e-01
6.741600000000000000e+04,8.440355872630103673e-02,3.195728264810426822e-01
6.741700000000000000e+04,1.037170331000752399e-01,3.018417714274832520e-01
6.741800000000000000e+04,1.178610956337681759e-01,3.122550190311486062e-01
6.741900000000000000e+04,1.394651880292919477e-01,3.583716609050355828e-01
6.742000000000000000e+04,1.529052080153643356e-01,3.519468930599529699e-01
6.742100000000000000e+04,1.760091619289453624e-01,3.621942447614685534e-01
6.742200000000000000e+04,6.472972819196338712e-01,1.507103292782716153e+00
6.742300000000000000e+04,3.115230093576062953e-01,4.742980278548714068e-01
6.742400000000000000e+04,nan,nan
6.742500000000000000e+04,nan,nan
6.742600000000000000e+04,1.215544647255068078e+01,3.848844965184213152e+00
6.742700000000000000e+04,1.824168741501975788e+01,2.480224362017921180e+00
6.742800000000000000e+04,1.363048623270862691e+01,2.711605134206429568e+00
6.742900000000000000e+04,nan,nan
6.743000000000000000e+04,5.594115054588655322e-01,5.177363282469755745e-01
6.743100000000000000e+04,8.236043980229943440e-01,9.675113867496349940e-01
6.743200000000000000e+04,9.281720480241792970e-01,1.093570139791708584e+00
6.743300000000000000e+04,9.742855488386801266e-01,1.160281609543012848e+00
6.743400000000000000e+04,8.823008391645388304e-01,1.042855748365951740e+00
6.743500000000000000e+04,8.163177288158234290e-01,1.047522976374253290e+00
6.743600000000000000e+04,8.047298946449327195e-01,1.091949126346541732e+00
6.743700000000000000e+04,7.851710555818269821e-01,1.099081757106048940e+00
6.743800000000000000e+04,7.063980680953005908e-01,1.018226092292920271e+00
6.743900000000000000e+04,6.564178010471254376e-01,9.282412559670163432e-01
6.744000000000000000e+04,6.265369044575348489e-01,8.323216213486617221e-01
6.744100000000000000e+04,6.018131416864578309e-01,7.427106363539763834e-01
6.744200000000000000e+04,5.599282921338266661e-01,6.055962624521384896e-01
6.744300000000000000e+04,5.532490134398402315e-01,5.311035373402219761e-01
6.744400000000000000e+04,5.417705709387330426e-01,4.349047353499955193e-01
6.744500000000000000e+04,5.542189885472333932e-01,4.340026005004062881e-01
6.744600000000000000e+04,5.310071698433966869e-01,3.250159279655946420e-01
6.744700000000000000e+04,5.266625726218260306e-01,2.426845608560199707e-01
6.744800000000000000e+04,5.343219357928992164e-01,1.647829860711667038e-01
6.744900000000000000e+04,5.289589219124312125e-01,1.063976741089902589e-01
6.745000000000000000e+04,5.275363844117945122e-01,7.630702121299037799e-02
6.745100000000000000e+04,5.188073471348988441e-01,9.657346498229202325e-02
6.745200000000000000e+04,5.140852086551942479e-01,8.013270806067396279e-02
6.745300000000000000e+04,5.094774208008585603e-01,6.814940216371923043e-02
6.745400000000000000e+04,4.999891440535221276e-01,5.552227355386918362e-02
6.745500000000000000e+04,4.889527935508368173e-01,6.748997114997479230e-02
6.745600000000000000e+04,4.753176813675900614e-01,5.364623519121636264e-02
6.745700000000000000e+04,4.708005146472701297e-01,6.586579591316876758e-02
6.745800000000000000e+04,4.652339419452227176e-01,6.594680430396238080e-02
6.745900000000000000e+04,4.502409367011124264e-01,8.778697512546784765e-02
6.746000000000000000e+04,4.364379465493919974e-01,6.592605943374962862e-02
6.746100000000000000e+04,4.219761801225248576e-01,6.529338810240403745e-02
6.746200000000000000e+04,4.522540271015229596e-01,7.366564490602200976e-02
6.746300000000000000e+04,4.178571155361480161e-01,3.946615667418740259e-02
6.746400000000000000e+04,4.592604866897584959e-01,3.559532526438857758e-02
6.746500000000000000e+04,3.627521102626342087e-01,5.173512165437443855e-02
6.746600000000000000e+04,3.639713905725202592e-01,9.819476656522141411e-02
6.746700000000000000e+04,3.700798674571196267e-01,2.119161716536339668e-01
6.746800000000000000e+04,3.936227163958266884e-01,1.903541161314379337e-01
6.746900000000000000e+04,3.816554957173715623e-01,2.198141962404562832e-01
6.747000000000000000e+04,3.564465905913352661e-01,2.436756715185737221e-01
6.747100000000000000e+04,3.466370320387857085e-01,2.808913872196754369e-01
6.747200000000000000e+04,3.627991028163025100e-01,2.364065389137124384e-01
6.747300000000000000e+04,3.855486628789815962e-01,2.253155739807510827e-01
6.747400000000000000e+04,3.929927287612000608e-01,2.612598115199347149e-01
6.747500000000000000e+04,3.858450546140273496e-01,2.962306319163801049e-01
6.747600000000000000e+04,3.873757765537310660e-01,3.021583430980001594e-01
6.747700000000000000e+04,3.941579400984325798e-01,3.275858684037658008e-01
6.747800000000000000e+04,2.596024819701475139e-01,1.785849471198517335e-01
6.747900000000000000e+04,8.521484514204304139e-02,3.113336884375428326e-03
6.748000000000000000e+04,7.167547441583346779e-02,1.967808518144664731e-02
6.748100000000000000e+04,4.483464395615427422e-02,1.575052079797956139e-02
6.748200000000000000e+04,3.675795191151724761e-02,1.139050765485905004e-02
6.748300000000000000e+04,2.180953895705607659e-02,2.273097167211801661e-03
6.748400000000000000e+04,1.773324401986525745e-02,7.553886707043488968e-04
6.748500000000000000e+04,6.932661753123411409e-03,1.283894629544590771e-02
6.748600000000000000e+04,1.990431440686798656e-02,3.532973246262827161e-02
6.748700000000000000e+04,1.330593648543315285e-02,3.640148936320031225e-03
6.748800000000000000e+04,1.658125882878909094e-02,2.733061965733440957e-02
6.748900000000000000e+04,1.658079194053241681e-02,2.476605925507868733e-02
6.749000000000000000e+04,1.676637058745842832e-02,2.956554415568035665e-02
6.749100000000000000e+04,1.516124609214499798e-02,3.064753063944181122e-02
6.749200000000000000e+04,1.652635608948079676e-02,2.450113762914440940e-02
6.749300000000000000e+04,1.976074697448550188e-02,6.064881781588127296e-02
6.749400000000000000e+04,2.621833516015309451e-02,2.702836425596899517e-02
6.749500000000000000e+04,5.739180760830894790e-02,1.636640414602652527e-03
6.749600000000000000e+04,6.480812194386467717e-02,8.282384106479412367e-04
6.749700000000000000e+04,6.523562805232026307e-02,3.533608657382103502e-02
6.749800000000000000e+04,6.233303966081093356e-02,9.279555013307572153e-03
6.749900000000000000e+04,4.936891255489467278e-02,1.451823923733996935e-02
6.750000000000000000e+04,8.797974333460599483e-02,7.270316824687483859e-03
6.750100000000000000e+04,1.666693901886825285e-02,3.232578031765598325e-02
6.750200000000000000e+04,2.052983548127117891e-02,1.562437836073371500e-02
6.750300000000000000e+04,2.298339655886704261e-02,3.898856796616456677e-02
6.750400000000000000e+04,3.003360533274511412e-03,1.167250750796711145e-02
6.750500000000000000e+04,8.404951870911059331e-03,1.354889938193792887e-02
6.750600000000000000e+04,1.618040333593290248e-02,9.315927465017637132e-03
6.750700000000000000e+04,1.163671685218167773e-02,3.511903963497076120e-02
6.750800000000000000e+04,4.011725509531316285e-03,2.582346157272041864e-02
6.750900000000000000e+04,3.629336193557895340e-03,1.535940519931244808e-02
6.751000000000000000e+04,1.852071705393284334e-02,2.738312814590670996e-02
6.751100000000000000e+04,2.052206094475904005e-02,4.624723398413976838e-02
6.751200000000000000e+04,1.134894519226091643e-02,3.590422765390144377e-02
6.751300000000000000e+04,1.558918186593329439e-02,2.310732919880109648e-02
6.751400000000000000e+04,1.084942518313024296e-02,2.227737297384635440e-02
6.751500000000000000e+04,4.434276791640495013e-02,4.694809840131597412e-02
6.751600000000000000e+04,3.914823217500755514e-02,9.568421937728999183e-04
6.751700000000000000e+04,4.778164880066031184e-02,2.131254378748792533e-02
6.751800000000000000e+04,3.218120244689063464e-02,1.987098482896954010e-02
6.751900000000000000e+04,2.707312607371797214e-02,9.009133797761137430e-03
6.752000000000000000e+04,2.390513677503524823e-02,1.450637771813489962e-02
6.752100000000000000e+04,1.826369233931015093e-02,2.269665496481820810e-02
6.752200000000000000e+04,1.213603265399160018e-02,1.733515491417136900e-02
6.752300000000000000e+04,4.420248461722520346e-03,3.777145224014333280e-02
6.752400000000000000e+04,1.549076397612763820e-02,8.899838672384419169e-03
6.752500000000000000e+04,1.303325156250367649e-02,1.100280743031589736e-04
6.752600000000000000e+04,2.309951369474313749e-03,1.593815970053924502e-03
6.752700000000000000e+04,7.370599732468960733e-03,3.710453470588959135e-04
6.752800000000000000e+04,1.817725873947623758e-03,7.869341877153601672e-03
6.752900000000000000e+04,8.695521231790518529e-03,1.779247230859937190e-02
6.753000000000000000e+04,7.261505395300497760e-03,2.097889917909157020e-02
6.753100000000000000e+04,2.980836496718094336e-02,7.440441660111218880e-02
6.753200000000000000e+04,1.648786887802565493e-02,6.864096249103113223e-02
6.753300000000000000e+04,1.326595434900142492e-02,6.118137059523576227e-03
6.753400000000000000e+04,1.482159964704592853e-02,1.495309630328733874e-02
6.753500000000000000e+04,9.427603365649465245e-03,3.707714458104760524e-02
6.753600000000000000e+04,2.647915010173803110e-02,2.329444263203583887e-02
6.753700000000000000e+04,2.919493310551378798e-02,2.079437625641133991e-02
6.753800000000000000e+04,5.742474757141987143e-03,9.050141865976968347e-03
6.753900000000000000e+04,2.348824607136554277e-02,1.659884849522086370e-02
6.754000000000000000e+04,1.880672972354685557e-02,3.492689127751447131e-02
6.754100000000000000e+04,5.231056421884144880e-02,4.106227573736731529e-02
6.754200000000000000e+04,2.603332062828049576e-02,5.691297488674251781e-03
6.754300000000000000e+04,3.228782375393786375e-02,8.534228294698209538e-02
6.754400000000000000e+04,8.992968594366500951e-03,9.273869374344201333e-02
6.754500000000000000e+04,2.274851900525103401e-02,5.801506883891960342e-02
6.754600000000000000e+04,4.092860710422828452e-02,2.983570746332731005e-02
6.754700000000000000e+04,4.880960626963639151e-03,9.418774665229534548e-02
6.754800000000000000e+04,1.853031886877542708e-02,4.964785991431597267e-02
6.754900000000000000e+04,9.018305802339523711e-03,2.337677147277616996e-02
6.755000000000000000e+04,1.243464401218049610e-02,8.083491391732877673e-02
6.755100000000000000e+04,1.662163392045300225e-02,2.899613272690260146e-02
6.755200000000000000e+04,1.453825612396219234e-02,4.195873882515144260e-02
6.755300000000000000e+04,1.381495216430739768e-02,2.132127488775381607e-02
6.755400000000000000e+04,2.078895585574560070e-02,8.437095905804881113e-03
6.755500000000000000e+04,1.215221723320172344e-02,2.245682415736638404e-02
6.755600000000000000e+04,1.583623784899052325e-02,3.521529499828091048e-02
6.755700000000000000e+04,2.134405480366018473e-02,1.131517285919159121e-02
6.755800000000000000e+04,9.007416193137242344e-02,1.424017949695368657e-01
6.755900000000000000e+04,2.464908485668574484e-02,1.810917068134187957e-02
6.756000000000000000e+04,nan,nan
6.756100000000000000e+04,6.624442629948834593e-02,5.485534268750313913e-03
6.756200000000000000e+04,nan,nan
6.756300000000000000e+04,nan,nan
6.756400000000000000e+04,1.175037642167430230e-01,1.803419350405093269e-01
6.756500000000000000e+04,nan,nan
6.756600000000000000e+04,nan,nan
6.756700000000000000e+04,3.607194333417741428e-01,7.399824149424247821e-01
6.756800000000000000e+04,nan,nan
6.756900000000000000e+04,nan,nan
6.757000000000000000e+04,3.111352935548504783e-01,3.054825026951967004e+00
6.757100000000000000e+04,1.538176687491302541e+00,1.806051775961520889e+00
6.757200000000000000e+04,1.187888126153057833e+00,1.049746461609437631e+00
6.757300000000000000e+04,9.503674770866950006e-01,7.371278945888448675e-01
6.757400000000000000e+04,8.168287588956849588e-01,4.436927760349149708e-01
6.757500000000000000e+04,8.293785913801164922e-01,3.595340628494909652e-01
6.757600000000000000e+04,8.475478652073078489e-01,1.532260534531957319e-01
6.757700000000000000e+04,7.605049893041049280e-01,2.928083769202416420e-01
6.757800000000000000e+04,7.684706230505514712e-01,2.328606168120543884e-01
6.757900000000000000e+04,7.509651332907847365e-01,2.958091225970207461e-01
6.758000000000000000e+04,7.071345885784524610e-01,2.938763639682733242e-01
6.758100000000000000e+04,6.968330832491623772e-01,2.758121981385528443e-01
6.758200000000000000e+04,6.442871623556637450e-01,3.608051650469690230e-01
6.758300000000000000e+04,6.235527048248830084e-01,4.053365467169243175e-01
6.758400000000000000e+04,2.894038037510639483e-01,2.577761828659888010e-01
6.758500000000000000e+04,9.538168869862627408e-02,7.139881344684795295e-02
6.758600000000000000e+04,4.461006315347106760e-02,1.231546680291728535e-02
6.758700000000000000e+04,3.167141555827877875e-02,1.887434923488484628e-02
6.758800000000000000e+04,5.211037978761677569e-02,2.462433101106853428e-02
6.758900000000000000e+04,3.709112100388733263e-02,3.773362397524238077e-03
6.759000000000000000e+04,3.453099409132052988e-02,5.172514274399020451e-03
6.759100000000000000e+04,3.319359980376137415e-02,2.038334232282323910e-02
6.759200000000000000e+04,2.694184392683829712e-02,1.472840327226521140e-02
6.759300000000000000e+04,3.903620565722600716e-02,8.690211373028944308e-03
6.759400000000000000e+04,3.321408785988390344e-02,4.836872779549139523e-03
6.759500000000000000e+04,5.265818070488569036e-02,5.297002306446074726e-02
6.759600000000000000e+04,5.347580658898995476e-02,4.758506683696595019e-02
6.759700000000000000e+04,4.077496806643984145e-02,4.901021080394940554e-02
6.759800000000000000e+04,5.929004994375096371e-02,2.876831009405833584e-02
6.759900000000000000e+04,4.407411554245158070e-02,5.957843145784380567e-02
6.760000000000000000e+04,4.604477948685425232e-02,5.006159867765092031e-02
6.760100000000000000e+04,4.417922662213572688e-02,6.588518166690704447e-02
6.760200000000000000e+04,3.961376068947229656e-02,3.046934429430336877e-02
6.760300000000000000e+04,3.765438861804104587e-02,3.709610359317139228e-02
6.760400000000000000e+04,4.762328518603021338e-02,3.001092946995242983e-02
6.760500000000000000e+04,3.695246213874289060e-02,1.592949027457279954e-02
6.760600000000000000e+04,3.616188340253561478e-02,3.956115061349407824e-02
6.760700000000000000e+04,1.901086480669182677e-02,7.208011525577262546e-03
6.760800000000000000e+04,1.789128821710926284e-02,2.294657325103344192e-02
6.760900000000000000e+04,2.238683132864937794e-02,1.612077940058043168e-02
6.761000000000000000e+04,1.604022499810684246e-02,2.688064572426895893e-02
6.761100000000000000e+04,1.547257879939847175e-02,2.414973501090855734e-02
6.761200000000000000e+04,2.229684359507624891e-02,3.687754815946675535e-02
6.761300000000000000e+04,3.320128367105467521e-02,7.354998716161276207e-02
6.761400000000000000e+04,1.903849281335164012e-02,8.408116188216041564e-02
6.761500000000000000e+04,1.137553363100262879e-02,3.687671427253746970e-02
6.761600000000000000e+04,1.706127159086195597e-02,3.396894925140969690e-02
6.761700000000000000e+04,1.667448487240699370e-02,5.062991393335636303e-02
6.761800000000000000e+04,5.686563450222425695e-03,4.212360309776386202e-02
6.761900000000000000e+04,1.710879122958858592e-03,2.039428443697488547e-02
6.762000000000000000e+04,1.190450322870642216e-02,2.840771914911499607e-02
6.762100000000000000e+04,7.897868728089766158e-03,2.550482325005987150e-02
6.762200000000000000e+04,7.227541813714918884e-03,2.949011131729406543e-02
6.762300000000000000e+04,8.786520092501561019e-03,2.661840662555192694e-02
6.762400000000000000e+04,6.701881557819926345e-03,3.825344140074093957e-02
6.762500000000000000e+04,7.407401843159225688e-03,3.216102750757698914e-02
6.762600000000000000e+04,9.705705745895978898e-03,4.068700068639685696e-02
6.762700000000000000e+04,8.063014932076215113e-03,3.422275110638395290e-02
6.762800000000000000e+04,1.048941738864334061e-02,3.696270072288854180e-02
6.762900000000000000e+04,1.067889810063865803e-02,2.945163403337858199e-02
6.763000000000000000e+04,9.830676798334846145e-03,2.719297680587828836e-02
6.763100000000000000e+04,1.042140393127704602e-02,1.796461736835652800e-02
6.763200000000000000e+04,6.745607815372736162e-03,2.169913400709333473e-02
6.763300000000000000e+04,8.787240924674314529e-03,1.651427703497176935e-02
6.763400000000000000e+04,9.450531854400584866e-03,1.881203097290296000e-02
6.763500000000000000e+04,8.433085393179315381e-03,2.113250837457059106e-02
6.763600000000000000e+04,8.239201119469494877e-03,1.338468973783335514e-02
6.763700000000000000e+04,9.381255783299329715e-03,2.040093746224869165e-02
6.763800000000000000e+04,8.786006201177610012e-03,1.019826565682535602e-02
6.763900000000000000e+04,8.088005806929622621e-03,4.281612969698755933e-03
6.764000000000000000e+04,4.012446127809990264e-03,1.577762322440179332e-02
6.764100000000000000e+04,7.993190292113847711e-03,3.644464128871049979e-02
6.764200000000000000e+04,1.484761747894675944e-02,2.001869530358391103e-02
6.764300000000000000e+04,1.751206378527205010e-02,3.341580249929165802e-02
6.764400000000000000e+04,4.871625858052059527e-02,6.424523674261450878e-02
6.764500000000000000e+04,3.115760702568970766e-02,3.007271266950795052e-02
6.764600000000000000e+04,1.297827458530472627e-02,4.183522850750165389e-02
6.764700000000000000e+04,7.262495997913157031e-02,9.078128747110270069e-02
6.764800000000000000e+04,3.505603591604096458e-02,1.969910811449437915e-02
6.764900000000000000e+04,nan,nan
6.765000000000000000e+04,nan,nan
6.765100000000000000e+04,nan,nan
6.765200000000000000e+04,nan,nan
6.765300000000000000e+04,1.623494113895743163e-01,1.141443558553589810e-02
6.765400000000000000e+04,3.036435863880394131e-02,5.471645199789065828e-02
6.765500000000000000e+04,nan,nan
6.765600000000000000e+04,nan,nan
6.765700000000000000e+04,nan,nan
6.765800000000000000e+04,3.867462538289934137e-02,1.599889942209742344e-01
6.765900000000000000e+04,4.963120523160061831e-02,1.421410893240633300e-01
6.766000000000000000e+04,3.398579959669027761e-02,1.117429085320367221e-01
6.766100000000000000e+04,2.712512926932800564e-02,8.316666204095923831e-02
6.766200000000000000e+04,5.281721542740386299e-02,1.090682894290395666e-01
6.766300000000000000e+04,2.864153328702390491e-02,6.681332896971525770e-02
6.766400000000000000e+04,2.765334212165182839e-02,4.569896515839388940e-02
6.766500000000000000e+04,3.348834983263575954e-02,9.193799397127122575e-02
6.766600000000000000e+04,1.362450661437520846e-02,3.528217587513893250e-02
6.766700000000000000e+04,1.841361263015089608e-02,8.144612104685222675e-02
6.766800000000000000e+04,1.153848930269066146e-02,3.198761452986786935e-02
6.766900000000000000e+04,1.901787886344766948e-02,4.461381060130520382e-02
6.767000000000000000e+04,2.599605255005454224e-02,3.902121735820429649e-02
6.767100000000000000e+04,1.299554416100855321e-02,5.471827093948178344e-02
6.767200000000000000e+04,2.973542686832409201e-02,5.491959451758532396e-02
6.767300000000000000e+04,3.428881757161889553e-03,4.597441350156117323e-02
6.767400000000000000e+04,5.705818384303756007e-03,4.078326286569478043e-02
6.767500000000000000e+04,1.488578531476030843e-02,2.063333688088420104e-02
6.767600000000000000e+04,5.730804550152381049e-03,3.424749255949421922e-02
6.767700000000000000e+04,3.304585270256583940e-02,6.402004343241429751e-02
6.767800000000000000e+04,3.104693028695664977e-02,2.907044428734195662e-02
6.767900000000000000e+04,1.458581938155776398e-03,5.016884984762270960e-02
6.768000000000000000e+04,6.121089853044517533e-03,4.819822454406619272e-02
6.768100000000000000e+04,2.490469560708238883e-02,6.715885766730878004e-03
6.768200000000000000e+04,1.405858530371118312e-02,4.722893858439647374e-02
6.768300000000000000e+04,1.498391194090763212e-02,1.796774324182592864e-02
6.768400000000000000e+04,1.659970047563066181e-02,2.805628446269281540e-02
6.768500000000000000e+04,6.198010132679403379e-03,2.608250959052327289e-02
6.768600000000000000e+04,8.343720632012037106e-03,2.470148801374705272e-02
6.768700000000000000e+04,1.046456289456660152e-02,2.732739236595449484e-02
6.768800000000000000e+04,8.531675851468670593e-03,3.115720663863896789e-02
6.768900000000000000e+04,5.578311408798850533e-03,2.506638356064172513e-02
6.769000000000000000e+04,5.057588226212127169e-03,2.343430824807768431e-02
6.769100000000000000e+04,5.195799001731347781e-03,2.463441521644682553e-02
6.769200000000000000e+04,2.688435904715069658e-03,1.792422673590010618e-02
6.769300000000000000e+04,4.486353051455477248e-03,1.089498823444046138e-02
6.769400000000000000e+04,3.839395180688833474e-03,1.403271939955175185e-02
6.769500000000000000e+04,8.083340248322024024e-03,2.480947856529525097e-02
6.769600000000000000e+04,1.303082376127560026e-02,1.229809314230578821e-02
6.769700000000000000e+04,1.307572254509076388e-02,3.133544352694883628e-02
6.769800000000000000e+04,1.080714373955560421e-02,1.762154592454834301e-02
6.769900000000000000e+04,3.939475260502289453e-03,1.356041575327537885e-03
6.770000000000000000e+04,2.844612447075019895e-02,5.820092435210000303e-02
6.770100000000000000e+04,1.023987319992435141e-02,2.186663116533082984e-02
6.770200000000000000e+04,8.659342099824652444e-03,2.719958158667168391e-02
6.770300000000000000e+04,4.477209764005632420e-03,1.095803292400177043e-02
6.770400000000000000e+04,9.899742981050908483e-03,2.481795982125589717e-02
6.770500000000000000e+04,9.234540835662091024e-03,1.628755136503201584e-02
6.770600000000000000e+04,5.285381200107395518e-03,1.062868656181592542e-02
6.770700000000000000e+04,2.657456413614559584e-03,2.058576440296633336e-02
6.770800000000000000e+04,2.013238558686865527e-03,8.396107642795413994e-03
6.770900000000000000e+04,9.923323954044648357e-03,1.336918227434580331e-02
6.771000000000000000e+04,4.977223008965778010e-03,2.820611389028471194e-02
6.771100000000000000e+04,3.666702914517500338e-03,1.240552901498404026e-02
6.771200000000000000e+04,5.194592877847057678e-03,1.887660881705954807e-02
6.771300000000000000e+04,3.588828434451237209e-03,1.028299623054351741e-02
6.771400000000000000e+04,4.541164201806274260e-03,1.093977706796067650e-02
6.771500000000000000e+04,5.655140081257874034e-03,1.386349916535323246e-02
6.771600000000000000e+04,7.046510669209313585e-03,8.650476406650398076e-03
6.771700000000000000e+04,9.633710172801120825e-03,1.727058648561552445e-02
6.771800000000000000e+04,1.049058213643544978e-02,1.915455501089979862e-02
6.771900000000000000e+04,1.444884189912810230e-02,2.039887841983301087e-02
6.772000000000000000e+04,1.573739357450024828e-02,2.356766652006569984e-02
6.772100000000000000e+04,1.442774375787161598e-02,2.916141926035464849e-02
6.772200000000000000e+04,1.656031936872917262e-02,3.044412180108224675e-02
6.772300000000000000e+04,1.922386901585628610e-02,2.956742848081717057e-02
6.772400000000000000e+04,1.853776431991824986e-02,3.112448600975170621e-02
6.772500000000000000e+04,3.294314063051050068e-03,2.410920026095197954e-02
6.772600000000000000e+04,1.299107789433191947e-02,2.179672504485807849e-02
6.772700000000000000e+04,2.155915413786264195e-02,3.776141498738638802e-02
6.772800000000000000e+04,3.288540858366831299e-02,7.077391968813628864e-03
6.772900000000000000e+04,3.908726962745268096e-02,3.746429357732949939e-02
6.773000000000000000e+04,1.658470026795538788e-02,4.471174462736371424e-02
6.773100000000000000e+04,2.429821281546106979e-02,2.044768970450405732e-02
6.773200000000000000e+04,2.831083908499386348e-02,7.889675569852983017e-02
6.773300000000000000e+04,1.119541931657646629e-02,4.913361208956246173e-02
6.773400000000000000e+04,2.428206036495084846e-02,3.237707645153165004e-02
6.773500000000000000e+04,nan,nan
6.773600000000000000e+04,1.488924211625006544e+00,4.954905346603553085e-01
6.773700000000000000e+04,1.344266706884093221e+00,4.488763593841014199e-01
6.773800000000000000e+04,1.234780690665314706e+00,3.958616939892252162e-01
6.773900000000000000e+04,1.209318495156959772e+00,3.649540953847250080e-01
6.774000000000000000e+04,1.083611303081536636e+00,3.623667539264445736e-01
6.774100000000000000e+04,1.105256480527462060e+00,3.508955154690482914e-01
6.774200000000000000e+04,1.090163024661650715e+00,3.349736020181097729e-01
6.774300000000000000e+04,1.066076071847795070e+00,3.606859479446953287e-01
6.774400000000000000e+04,1.085864722115685632e+00,3.356845979035441019e-01
6.774500000000000000e+04,1.118142237527636418e+00,3.472162015662121348e-01
6.774600000000000000e+04,1.119121520344407594e+00,3.044019116742191500e-01
6.774700000000000000e+04,1.119825843795924536e+00,3.232162911850195997e-01
6.774800000000000000e+04,1.112080077723055505e+00,3.011431458916575821e-01
6.774900000000000000e+04,1.097408640855447537e+00,2.996386204882952597e-01
6.775000000000000000e+04,1.091802537543469009e+00,3.223053706059673118e-01
6.775100000000000000e+04,1.083151875267016617e+00,3.102622426179024728e-01
6.775200000000000000e+04,1.071545968563973217e+00,3.085696845063168325e-01
6.775300000000000000e+04,1.048759113624168293e+00,3.006978410243092981e-01
6.775400000000000000e+04,1.036964089928301913e+00,2.991733243163636757e-01
6.775500000000000000e+04,1.023091390785619170e+00,2.785669165966453420e-01
6.775600000000000000e+04,1.008341404543537934e+00,2.792859649411099099e-01
6.775700000000000000e+04,9.850025366990401432e-01,2.801632421407873608e-01
6.775800000000000000e+04,9.817751547359314657e-01,2.982665528384984555e-01
6.775900000000000000e+04,9.669796763877416268e-01,3.024562356522437767e-01
6.776000000000000000e+04,9.577994174671847771e-01,3.065556448292880987e-01
6.776100000000000000e+04,9.379598205547047263e-01,3.088513161952164410e-01
6.776200000000000000e+04,9.226824920493589266e-01,3.044030834107971373e-01
6.776300000000000000e+04,9.101019228626607838e-01,2.455403434229737059e-01
6.776400000000000000e+04,9.118101383165778673e-01,3.151695157981393436e-01
6.776500000000000000e+04,9.042839531236557260e-01,2.568424525109307410e-01
6.776600000000000000e+04,9.182235231469498826e-01,3.136280073681660951e-01
6.776700000000000000e+04,9.160992161914319754e-01,3.317044891369747006e-01
6.776800000000000000e+04,9.061017236531571095e-01,3.146316616078692618e-01
6.776900000000000000e+04,8.869135700945950385e-01,2.760195347073448602e-01
6.777000000000000000e+04,9.290662384462278212e-01,2.875178559888098562e-01
6.777100000000000000e+04,8.891433665036200251e-01,3.240686387836433369e-01
6.777200000000000000e+04,9.039015192832051682e-01,2.889917034282021291e-01
6.777300000000000000e+04,8.988741407277092144e-01,2.735907876291179264e-01
6.777400000000000000e+04,8.942827234636210321e-01,2.865661162251456062e-01
6.777500000000000000e+04,8.854150984493704968e-01,2.794243764954700282e-01
6.777600000000000000e+04,8.887965755937820012e-01,2.639510159526281541e-01
6.777700000000000000e+04,8.789028392228495079e-01,2.788681117935070120e-01
6.777800000000000000e+04,8.712330289799606886e-01,2.968414549087228238e-01
6.777900000000000000e+04,8.704249078259952421e-01,2.861176849932363098e-01
6.778000000000000000e+04,8.567957017834960665e-01,2.901461614160183444e-01
6.778100000000000000e+04,8.565396276203458559e-01,3.273572946458926936e-01
6.778200000000000000e+04,8.420727354450011637e-01,3.139755013680343154e-01
6.778300000000000000e+04,8.605754302628959573e-01,3.234803583732244192e-01
6.778400000000000000e+04,8.479664097704752157e-01,3.294482024131113462e-01
6.778500000000000000e+04,8.368713103037416223e-01,3.297541363433609263e-01
6.778600000000000000e+04,8.468129337048028171e-01,3.053339566667574445e-01
6.778700000000000000e+04,8.399683095609985495e-01,3.108490802069781012e-01
6.778800000000000000e+04,8.255774527617990577e-01,3.252921458840134505e-01
6.778900000000000000e+04,8.357059196205195439e-01,3.152313139932658714e-01
6.779000000000000000e+04,8.415995988448216059e-01,2.936953805812336782e-01
6.779100000000000000e+04,8.361229954903699468e-01,3.052038135022527854e-01
6.779200000000000000e+04,8.417227836143388320e-01,3.029212516857953119e-01
6.779300000000000000e+04,8.343989032526708538e-01,2.970513709072974962e-01
6.779400000000000000e+04,8.422556263915466079e-01,2.773802423708460196e-01
6.779500000000000000e+04,8.332268921259204930e-01,3.100506566410530240e-01
6.779600000000000000e+04,8.372003275505677244e-01,2.883699654058418105e-01
6.779700000000000000e+04,8.344467148077066021e-01,2.980358968705161260e-01
6.779800000000000000e+04,8.365411594483203039e-01,2.748406808487189323e-01
6.779900000000000000e+04,8.239970963628505674e-01,2.667888565185805305e-01
6.780000000000000000e+04,8.338949876893383406e-01,2.603365751387158866e-01
6.780100000000000000e+04,8.091849729678515235e-01,2.372637647462454424e-01
6.780200000000000000e+04,7.887806831439213573e-01,2.294916166280600578e-01
6.780300000000000000e+04,8.529647134337888792e-01,2.526167036251791842e-01
6.780400000000000000e+04,8.118717535532754548e-01,2.390689191138690717e-01
6.780500000000000000e+04,8.125456819274127218e-01,2.230369517100427856e-01
6.780600000000000000e+04,7.989008455078213666e-01,1.852668056964503762e-01
6.780700000000000000e+04,7.918883057582004614e-01,4.391732570570638927e-02
6.780800000000000000e+04,7.970663418720697058e-01,1.834081981341739720e-01
6.780900000000000000e+04,8.088327068241704110e-01,9.778542366338882630e-02
6.781000000000000000e+04,8.062450114821066993e-01,5.562963896068851000e-02
6.781100000000000000e+04,7.950236184153735008e-01,7.951228138005461687e-02
6.781200000000000000e+04,7.612917541238144459e-01,6.680155389031483537e-02
6.781300000000000000e+04,7.888022903834890354e-01,9.978632834783951466e-02
6.781400000000000000e+04,7.699654087586053075e-01,2.176079200886746889e-01
6.781500000000000000e+04,7.881601311430885826e-01,2.162232732000433089e-01
6.781600000000000000e+04,8.553835161947509480e-01,2.136403171346117347e-01
6.781700000000000000e+04,8.378217414516169192e-01,2.114795741711219534e-01
6.781800000000000000e+04,8.255212981190996890e-01,2.075140536161015348e-01
6.781900000000000000e+04,8.311253993306702004e-01,2.212887549662383435e-01
6.782000000000000000e+04,8.206999463119488691e-01,2.416364346529675800e-01
6.782100000000000000e+04,8.347347510863455389e-01,3.219586421926408093e-01
6.782200000000000000e+04,8.249882356533115857e-01,2.382291064724242347e-01
6.782300000000000000e+04,7.847434647617406167e-01,3.128498267083585915e-01
6.782400000000000000e+04,1.068447521086008489e+00,1.774437201089895666e-01
6.782500000000000000e+04,8.373630891116121688e-01,1.961842227487053947e-01
6.782600000000000000e+04,8.214109379143008649e-01,2.048615369866979563e-01
6.782700000000000000e+04,8.353621258210178757e-01,1.687885963785618060e-01
6.782800000000000000e+04,9.047521237646530823e-01,1.512936619265943250e-01
6.782900000000000000e+04,8.972680738033156356e-01,1.142417734459257872e-01
6.783000000000000000e+04,7.296341766599006018e-01,1.670709117420088319e-01
6.783100000000000000e+04,8.205411313305027710e-01,1.478535279299535432e-01
6.783200000000000000e+04,7.793849298885385801e-01,1.710502190446092641e-01
6.783300000000000000e+04,7.602871217561626427e-01,2.185924533953738091e-01
6.783400000000000000e+04,8.580706636920376607e-01,3.207487541553248889e-01
6.783500000000000000e+04,8.956071634665939696e-01,3.088530797516995108e-01
6.783600000000000000e+04,9.105321918844035967e-01,2.885110597371181029e-01
6.783700000000000000e+04,8.678277326162445737e-01,2.376710046545014166e-01
6.783800000000000000e+04,9.079769390403914509e-01,2.544230383433401244e-01
6.783900000000000000e+04,9.388974813179078449e-01,2.657061559091360436e-01
6.784000000000000000e+04,8.998369573172875224e-01,3.365249961332921202e-01
6.784100000000000000e+04,9.065882828441400587e-01,4.015434866227352018e-01
6.784200000000000000e+04,7.749343871332444733e-01,1.991820916904103456e-01
6.784300000000000000e+04,9.489801091666909549e-01,5.385036116299772857e-01
6.784400000000000000e+04,9.025448541862015617e-01,5.412097174619887596e-01
6.784500000000000000e+04,9.136831389869601860e-01,5.682253736526874377e-01
6.784600000000000000e+04,9.103761449012415241e-01,5.472131338402235201e-01
6.784700000000000000e+04,8.942083730784184947e-01,5.504438982602550823e-01
6.784800000000000000e+04,9.025893174331472979e-01,5.830663800563300470e-01
6.784900000000000000e+04,9.137882612924205228e-01,6.120903583924359737e-01
6.785000000000000000e+04,9.260658180430899611e-01,5.729837788488580941e-01
6.785100000000000000e+04,9.770054519973583318e-01,6.536871155965187086e-01
6.785200000000000000e+04,9.021870491093465505e-01,6.376874888086305759e-01
6.785300000000000000e+04,9.247687516761994297e-01,5.501015551908778889e-01
6.785400000000000000e+04,9.786242113629861628e-01,5.533661141021468666e-01
6.785500000000000000e+04,9.093720536591054504e-01,5.334955911233478787e-01
6.785600000000000000e+04,1.027674660265769591e+00,5.392537015734077954e-01
6.785700000000000000e+04,1.652112799653293607e+00,6.516540867203559628e-01
6.785800000000000000e+04,4.604405201942995407e-01,1.282883755608423826e-01
6.785900000000000000e+04,1.454061333821599300e+00,7.094093777647785259e-01
6.786000000000000000e+04,3.646985605722936619e-01,1.402601683482487260e-01
6.786100000000000000e+04,1.021484072345654859e+00,5.426992769728400390e-02
6.786200000000000000e+04,7.662922455444840519e-01,6.708668252265681531e-03
6.786300000000000000e+04,7.907188261608920632e-01,6.623736562715976106e-03
6.786400000000000000e+04,6.480067284799805316e-01,3.301326270134552487e-02
6.786500000000000000e+04,5.085805738034377965e-01,1.021368389778132268e-01
6.786600000000000000e+04,2.264976055529909493e-01,1.988019448793494348e-01
6.786700000000000000e+04,1.665193991362424464e-01,2.405382366747730316e-01
6.786800000000000000e+04,1.692518476636938884e-01,2.827054149601124777e-01
6.786900000000000000e+04,2.140643786553540207e-01,3.051522513905666756e-01
6.787000000000000000e+04,4.325228913257123109e-01,3.742254500153592289e-01
6.787100000000000000e+04,8.869670089427054149e-01,5.057430915678011729e-01
6.787200000000000000e+04,8.798193714436076673e-01,4.960445612091959333e-01
6.787300000000000000e+04,8.767466301557280683e-01,4.907617858028032742e-01
6.787400000000000000e+04,8.778445103163543539e-01,4.917477732188260120e-01
6.787500000000000000e+04,8.807699091432927840e-01,4.922828461691040047e-01
6.787600000000000000e+04,8.791740289554934584e-01,4.972519627718838819e-01
6.787700000000000000e+04,8.789499272385055129e-01,4.974655580269455868e-01
6.787800000000000000e+04,8.780321842454161807e-01,4.936653536963930833e-01
6.787900000000000000e+04,8.762352690602316363e-01,4.884367999883281186e-01
6.788000000000000000e+04,8.802260328031173975e-01,4.799485144570283524e-01
6.788100000000000000e+04,8.801011251242404354e-01,4.941075978657707424e-01
6.788200000000000000e+04,8.798518365515013429e-01,4.945495719780481636e-01
6.788300000000000000e+04,8.809470808073788239e-01,5.026559233866194631e-01
6.788400000000000000e+04,8.867532673020571687e-01,5.043289912547805898e-01
6.788500000000000000e+04,8.840708015889232607e-01,5.043966887988347025e-01
6.788600000000000000e+04,8.706646095146455266e-01,4.539535809333230532e-01
6.788700000000000000e+04,8.732556690547762512e-01,4.557636886426124079e-01
6.788800000000000000e+04,8.721582503233009653e-01,4.513669002943316855e-01
6.788900000000000000e+04,8.800192533037082265e-01,4.532708167614174499e-01
6.789000000000000000e+04,8.722266593417268288e-01,4.405032778920059400e-01
6.789100000000000000e+04,8.711486905272861625e-01,4.508616606843460772e-01
6.789200000000000000e+04,8.710140543685250814e-01,4.535705403658099044e-01
6.789300000000000000e+04,8.770326684917567617e-01,4.577467861597455112e-01
6.789400000000000000e+04,8.884741307743591054e-01,4.720393471780184314e-01
6.789500000000000000e+04,8.948696032407957857e-01,4.647860835216448550e-01
6.789600000000000000e+04,9.138489677721234328e-01,4.764798733986950197e-01
6.789700000000000000e+04,9.138713816126177170e-01,4.617254318875509966e-01
6.789800000000000000e+04,9.309280250773704912e-01,4.844683958355844311e-01
6.789900000000000000e+04,9.368053104943848686e-01,4.826146714555505923e-01
6.790000000000000000e+04,9.309340641034533625e-01,4.754937133083529943e-01
6.790100000000000000e+04,9.470964004608702913e-01,5.507488562392239828e-01
6.790200000000000000e+04,9.541803856675077355e-01,4.969607428993469966e-01
6.790300000000000000e+04,8.745844577965535827e-01,3.278645396711326043e-01
6.790400000000000000e+04,9.288775770232483575e-01,5.143580865503665223e-01
6.790500000000000000e+04,9.513349408087381498e-01,5.321714832199120337e-01
6.790600000000000000e+04,9.485438137856668783e-01,5.250301076102630304e-01
6.790700000000000000e+04,9.359029400637745022e-01,4.769900951208185802e-01
6.790800000000000000e+04,9.283597776539733726e-01,4.863847654454076519e-01
6.790900000000000000e+04,9.196799091208776034e-01,4.658784430331763815e-01
6.791000000000000000e+04,9.609512176849926979e-01,4.833248076277953942e-01
6.791100000000000000e+04,1.106231950506955330e+00,4.675532117717509095e-01
6.791200000000000000e+04,nan,nan
6.791300000000000000e+04,nan,nan
6.791400000000000000e+04,9.984920749333182632e-01,4.381596990399998504e-01
6.791500000000000000e+04,1.013462234037346033e+00,3.979894862032082870e-01
6.791600000000000000e+04,1.040301673308798192e+00,3.595719702037314391e-01
6.791700000000000000e+04,1.034945441861619297e+00,3.836069051680937037e-01
6.791800000000000000e+04,1.079071769276640724e+00,4.137093750728482178e-01
6.791900000000000000e+04,9.567183997625703373e-01,3.685320022599540835e-01
6.792000000000000000e+04,1.096696942193415625e+00,4.246980636043602431e-01
6.792100000000000000e+04,1.110246315958632213e+00,4.513352492569495666e-01
6.792200000000000000e+04,1.121830485186601889e+00,4.168439272920778649e-01
6.792300000000000000e+04,1.119221984130746250e+00,4.268346686662667366e-01
6.792400000000000000e+04,1.093009566041433844e+00,4.094549668892923933e-01
6.792500000000000000e+04,1.117171498825543008e+00,4.549216973545711085e-01
6.792600000000000000e+04,1.119056357837671545e+00,4.556674411274670433e-01
6.792700000000000000e+04,1.116048451063793134e+00,4.357026047682737158e-01
6.792800000000000000e+04,1.116332207611488991e+00,4.234338449525338888e-01
6.792900000000000000e+04,1.115379892654995819e+00,4.514833188796032459e-01
6.793000000000000000e+04,1.109031573841051665e+00,4.249746044211306639e-01
6.793100000000000000e+04,1.117586417103540786e+00,4.473796602783863818e-01
6.793200000000000000e+04,nan,nan
6.793300000000000000e+04,1.125116736558903874e+00,4.369803220792150000e-01
6.793400000000000000e+04,1.079440067887482257e+00,4.892356361143797017e-01
6.793500000000000000e+04,1.112768639370926405e+00,4.783495698040027833e-01
6.793600000000000000e+04,nan,nan
6.793700000000000000e+04,nan,nan
6.793800000000000000e+04,1.116696692344344877e+00,4.106192884895207840e-01
6.793900000000000000e+04,1.096315428441559936e+00,4.509547637989825830e-01
6.794000000000000000e+04,1.119874679522513850e+00,4.347296511516773876e-01
6.794100000000000000e+04,1.089717042830420146e+00,4.383664787035570498e-01
6.794200000000000000e+04,1.120420552324334462e+00,4.311090247242930218e-01
6.794300000000000000e+04,1.117447737688006537e+00,4.480685602898759612e-01
6.794400000000000000e+04,1.104594056639004229e+00,5.109071066699186758e-01
6.794500000000000000e+04,1.103799062425168120e+00,4.609663087904607437e-01
6.794600000000000000e+04,1.082322894429223581e+00,4.942342095818403891e-01
6.794700000000000000e+04,1.088654251788348182e+00,3.913631303329268007e-01
6.794800000000000000e+04,1.091900847585022705e+00,3.960672466433194927e-01
6.794900000000000000e+04,1.081258010726330543e+00,4.495723907967104083e-01
6.795000000000000000e+04,1.066956447712914091e+00,4.681004214561852450e-01
6.795100000000000000e+04,1.082919821356009615e+00,4.499122207523456041e-01
6.795200000000000000e+04,1.117369160213896206e+00,4.001564110040121136e-01
6.795300000000000000e+04,1.099656965366808015e+00,4.408670031819568180e-01
6.795400000000000000e+04,nan,nan
6.795500000000000000e+04,nan,nan
6.795600000000000000e+04,1.107195454615056640e+00,3.879751696055748766e-01
6.795700000000000000e+04,1.109169489685035925e+00,4.111074774876541937e-01
6.795800000000000000e+04,1.116582632989261858e+00,4.390147113628515285e-01
6.795900000000000000e+04,nan,nan
6.796000000000000000e+04,1.202913126114562026e+00,2.776649940184015009e-01
6.796100000000000000e+04,nan,nan
6.796200000000000000e+04,1.176236377308450098e+00,4.344381683390068360e-01
6.796300000000000000e+04,nan,nan
6.796400000000000000e+04,1.168192588805852861e+00,4.430280168482667591e-01
6.796500000000000000e+04,1.160593971490302412e+00,4.376971900774861979e-01
6.796600000000000000e+04,1.156095380648138216e+00,4.479986619417104521e-01
6.796700000000000000e+04,1.164677802433729203e+00,4.552152504833202329e-01
6.796800000000000000e+04,1.163009731857529649e+00,4.338657610771861073e-01
6.796900000000000000e+04,1.161850120949650789e+00,4.192952730766918990e-01
6.797000000000000000e+04,1.156751330679075762e+00,4.323525603370725889e-01
6.797100000000000000e+04,1.156753967901315905e+00,4.388175354087238134e-01
6.797200000000000000e+04,1.161657457573306740e+00,4.338036448658328936e-01
6.797300000000000000e+04,1.158169863108841291e+00,4.375345117929043681e-01
6.797400000000000000e+04,1.163044031946677492e+00,4.310026480157986839e-01
6.797500000000000000e+04,1.163667773442618625e+00,4.248189169222200690e-01
6.797600000000000000e+04,1.157512892044046282e+00,4.206170612660855568e-01
6.797700000000000000e+04,1.163649073210571538e+00,3.997415867264919598e-01
6.797800000000000000e+04,1.160108474532359990e+00,4.056645668855196618e-01
6.797900000000000000e+04,1.167814533713362524e+00,3.947901569392655574e-01
6.798000000000000000e+04,1.168383541661875302e+00,3.958056200367252586e-01
6.798100000000000000e+04,1.167452786259985498e+00,3.910504667571714776e-01
6.798200000000000000e+04,1.170092115171369906e+00,3.864795805821046315e-01
6.798300000000000000e+04,1.170218478884420321e+00,3.877018124185696024e-01
6.798400000000000000e+04,1.172799335402239240e+00,3.880622160535622811e-01
6.798500000000000000e+04,1.174188076593958074e+00,4.041469786095959194e-01
6.798600000000000000e+04,1.169331412006888504e+00,3.942136544739724968e-01
6.798700000000000000e+04,1.171924635659499225e+00,4.004597611785740696e-01
6.798800000000000000e+04,1.167238764027758613e+00,3.906876372477654513e-01
6.798900000000000000e+04,1.154972154208144808e+00,4.069338880213706489e-01
6.799000000000000000e+04,1.157008501007686041e+00,3.999738992259835868e-01
6.799100000000000000e+04,1.157786495224715217e+00,3.977912123668190247e-01
6.799200000000000000e+04,1.160829136839587328e+00,4.015635715656671323e-01
6.799300000000000000e+04,1.159543436731646393e+00,4.020671911476938476e-01
6.799400000000000000e+04,1.159750147514877705e+00,3.971213369354984479e-01
6.799500000000000000e+04,1.162002948927918444e+00,4.065656257946983487e-01
6.799600000000000000e+04,1.161626487216417480e+00,4.109615075249095639e-01
6.799700000000000000e+04,1.163807802981896566e+00,4.043134057321253749e-01
6.799800000000000000e+04,1.158392866885747274e+00,4.071439755413450712e-01
6.799900000000000000e+04,1.157401886306450356e+00,4.075020389851999880e-01
6.800000000000000000e+04,1.158605675534055912e+00,4.040592659445039203e-01
6.800100000000000000e+04,1.157713510815798097e+00,3.987837657973685168e-01
6.800200000000000000e+04,1.155957181395592004e+00,4.033249888142478312e-01
6.800300000000000000e+04,1.161196717743469664e+00,3.974791449529888610e-01
6.800400000000000000e+04,1.160859446903726555e+00,4.033652932764795196e-01
6.800500000000000000e+04,1.163819129182005252e+00,4.108326118297753737e-01
6.800600000000000000e+04,1.162217082086149489e+00,4.094268516453496431e-01
6.800700000000000000e+04,1.162943221240314573e+00,4.088471802560462720e-01
6.800800000000000000e+04,1.163996683024320022e+00,4.049546294658838974e-01
6.800900000000000000e+04,1.159422552755779767e+00,4.112357821906442723e-01
6.801000000000000000e+04,1.161678560709524355e+00,3.971755778303531770e-01
6.801100000000000000e+04,1.161385636978574443e+00,3.977544488280244650e-01
6.801200000000000000e+04,1.163847899128642283e+00,4.008854732745845695e-01
6.801300000000000000e+04,1.164182265039091835e+00,4.250297279776802384e-01
6.801400000000000000e+04,1.158338183568447866e+00,4.111719239944875426e-01
6.801500000000000000e+04,1.164057972209564307e+00,4.218995470774729029e-01
6.801600000000000000e+04,1.164044431185013551e+00,4.272285734230933940e-01
6.801700000000000000e+04,1.158069101065808404e+00,4.201955424782823911e-01
6.801800000000000000e+04,1.160887385034935271e+00,4.392508324190274038e-01
6.801900000000000000e+04,1.158049448193752884e+00,4.260295472371851133e-01
6.802000000000000000e+04,1.158244060185787516e+00,4.253748184396712873e-01
6.802100000000000000e+04,1.159983843770545864e+00,4.224756221520209465e-01
6.802200000000000000e+04,1.156248163865648992e+00,4.225280030133404807e-01
6.802300000000000000e+04,1.161622581170828283e+00,4.202322386366290630e-01
6.802400000000000000e+04,1.157385206406628342e+00,4.127803589911067661e-01
6.802500000000000000e+04,1.153283172939547407e+00,4.112296125510823686e-01
6.802600000000000000e+04,1.153799858352797081e+00,4.035269082666275153e-01
6.802700000000000000e+04,1.152975697041841441e+00,4.170757914910652175e-01
6.802800000000000000e+04,1.156021905396487082e+00,4.075800177338919639e-01
6.802900000000000000e+04,1.150953782413012494e+00,4.198449115047253599e-01
6.803000000000000000e+04,1.156530135385073654e+00,4.255343212443563061e-01
6.803100000000000000e+04,1.155586630139264104e+00,4.350294469230036043e-01
6.803200000000000000e+04,1.161681103401008386e+00,4.364826239966106414e-01
6.803300000000000000e+04,1.157377370922089588e+00,4.230156306080132822e-01
6.803400000000000000e+04,1.155294946754668040e+00,4.134863338403462762e-01
6.803500000000000000e+04,1.148078737376665881e+00,4.227350195067600680e-01
6.803600000000000000e+04,1.148543310995215450e+00,4.453881612696832804e-01
6.803700000000000000e+04,1.156148840994648763e+00,4.312709687666966829e-01
6.803800000000000000e+04,1.153086704088037262e+00,4.281170349319793900e-01
6.803900000000000000e+04,1.159043746778005701e+00,4.187487968154997020e-01
6.804000000000000000e+04,1.155309882527933540e+00,4.512594590466676436e-01
6.804100000000000000e+04,1.145237547036866310e+00,4.744683122418109633e-01
6.804200000000000000e+04,1.153908449182256657e+00,4.646641456981512874e-01
6.804300000000000000e+04,1.154986807089559031e+00,4.263810504785041644e-01
6.804400000000000000e+04,1.158890166135231548e+00,4.143454871974867615e-01
6.804500000000000000e+04,1.163749614301031521e+00,4.388029254181375904e-01
6.804600000000000000e+04,1.176445571443002658e+00,4.071972372806555995e-01
6.804700000000000000e+04,1.168281000880588616e+00,5.135672305796603609e-01
6.804800000000000000e+04,1.170744774453088555e+00,4.915122700223903962e-01
6.804900000000000000e+04,1.153690852889312390e+00,5.264254147979272602e-01
6.805000000000000000e+04,1.174270951215124370e+00,4.934886571958401191e-01
6.805100000000000000e+04,1.172715235078936935e+00,4.705267869116553925e-01
6.805200000000000000e+04,nan,nan
6.805300000000000000e+04,1.186646500624964240e+00,3.572556656761705085e-01
6.805400000000000000e+04,1.188177375047996254e+00,3.557759434919915975e-01
6.805500000000000000e+04,nan,nan
6.805600000000000000e+04,nan,nan
6.805700000000000000e+04,nan,nan
6.805800000000000000e+04,nan,nan
6.805900000000000000e+04,1.958968309238630212e+01,2.998710742069519597e+00
6.806000000000000000e+04,2.437167943978771945e+01,3.647334276339861958e+00
6.806100000000000000e+04,nan,nan
6.806200000000000000e+04,1.091523260439903353e+01,4.989429526024352413e+00
6.806300000000000000e+04,nan,nan
6.806400000000000000e+04,2.966804790855822915e+01,2.749788359497500778e+00
6.806500000000000000e+04,2.291895990506613856e+01,5.435520341848459225e+00
6.806600000000000000e+04,2.776672791417564667e+01,4.491158805710057322e+00
6.806700000000000000e+04,2.773531169683277398e+01,4.555544691164897131e+00
6.806800000000000000e+04,2.349273168709003201e+01,5.243978557494777704e+00
6.806900000000000000e+04,1.515454347362206988e+01,8.535906219731511868e+00
6.807000000000000000e+04,1.655359881029243851e+01,9.124678008669288687e+00
6.807100000000000000e+04,2.076495632325934082e+01,6.136452617177745594e+00
6.807200000000000000e+04,2.012372509600656301e+01,6.294234306853709882e+00
6.807300000000000000e+04,2.065598703707339467e+01,5.713745707521397321e+00
6.807400000000000000e+04,1.978042710498118950e+01,6.030992705943582166e+00
6.807500000000000000e+04,2.089535228172313452e+01,5.700626846360570710e+00
6.807600000000000000e+04,2.224271430308720809e+01,5.423913388646404599e+00
6.807700000000000000e+04,2.322148699019223272e+01,5.110121742365080877e+00
6.807800000000000000e+04,2.503875536774163990e+01,4.290497896051533644e+00
6.807900000000000000e+04,2.542420759968930710e+01,4.164420847211673049e+00
6.808000000000000000e+04,2.570418923609294026e+01,4.060787576994293602e+00
6.808100000000000000e+04,2.542889961495638929e+01,4.005495446385943126e+00
6.808200000000000000e+04,2.467093041484393012e+01,4.125181702949028306e+00
6.808300000000000000e+04,2.327437678671171284e+01,4.451009582369266582e+00
6.808400000000000000e+04,2.378622094808385867e+01,4.131662884579874628e+00
6.808500000000000000e+04,2.341023686523540803e+01,4.091303785562040218e+00
6.808600000000000000e+04,2.309300580646739931e+01,4.095791462874828426e+00
6.808700000000000000e+04,2.281103847405605478e+01,4.186791446204310319e+00
6.808800000000000000e+04,2.202011937702067712e+01,4.475456603379633691e+00
6.808900000000000000e+04,2.191876811444766915e+01,4.554267627993944245e+00
6.809000000000000000e+04,1.315463385491101000e+01,1.215462753484048974e+01
6.809100000000000000e+04,1.054988902651243343e+01,2.965182893252759300e+00
6.809200000000000000e+04,5.973450556217485108e+00,1.864952096603857967e-01
6.809300000000000000e+04,nan,nan
6.809400000000000000e+04,nan,nan
6.809500000000000000e+04,8.290247931151014882e+00,1.839428898568876036e+00
6.809600000000000000e+04,6.687297302328899740e+00,1.085232585151302942e+00
6.809700000000000000e+04,nan,nan
6.809800000000000000e+04,nan,nan
6.809900000000000000e+04,nan,nan
6.810000000000000000e+04,4.452270466204984345e+00,2.974258345099229928e-01
6.810100000000000000e+04,5.149498094054124842e+00,1.060741131810566173e+00
6.810200000000000000e+04,7.309039837639831561e+00,1.555018739519020698e+00
6.810300000000000000e+04,1.054409394117254628e+01,9.029855498876457887e-01
6.810400000000000000e+04,1.094179745401333648e+01,1.554533826671956831e+00
6.810500000000000000e+04,5.324928803739004124e+00,2.531418530730178418e-02
6.810600000000000000e+04,9.404247594927754861e+00,1.143249152413069680e+00
6.810700000000000000e+04,1.005371594511929700e+01,1.182468273601244846e+00
6.810800000000000000e+04,1.440401232270328791e+01,1.744128421242791660e+00
6.810900000000000000e+04,1.126820489816523008e+01,1.049842885001268655e+00
6.811000000000000000e+04,9.811221418025985130e+00,6.997326037668969434e-01
6.811100000000000000e+04,9.485507697425379803e+00,5.981091495268486824e-01
6.811200000000000000e+04,8.375524270780481118e+00,1.551907798246645598e-01
6.811300000000000000e+04,7.482026493344388740e+00,2.236781254600472835e-01
6.811400000000000000e+04,7.439123076736295914e+00,1.575257159163214737e-01
6.811500000000000000e+04,8.563394714679748887e+00,1.620477123817209986e-01
6.811600000000000000e+04,8.550820910252589613e+00,2.176038834360980445e-01
6.811700000000000000e+04,8.391741603672084437e+00,1.705257780656168620e-01
6.811800000000000000e+04,8.223380736902825561e+00,1.683866729149201547e-01
6.811900000000000000e+04,8.219725555037490139e+00,1.306013100970062624e-01
6.812000000000000000e+04,7.939519942141418873e+00,1.162348546780975767e-01
6.812100000000000000e+04,9.040161354411557326e+00,5.422274726595901484e-01
6.812200000000000000e+04,8.646018139774245270e+00,4.153447435556714140e-01
6.812300000000000000e+04,1.004093048959845902e+01,1.037799395413067316e+00
6.812400000000000000e+04,9.798783536704188890e+00,9.452290274422665561e-01
6.812500000000000000e+04,8.628033410742435905e+00,5.011429801436335651e-01
6.812600000000000000e+04,7.500066797777542149e+00,3.940412169529849962e-02
6.812700000000000000e+04,7.177300996954379286e+00,4.827810709813462609e-02
6.812800000000000000e+04,6.665524984226956384e+00,1.874614155979656971e-01
6.812900000000000000e+04,7.068782457607014180e+00,2.821011087178248999e-03
6.813000000000000000e+04,5.980922502170066046e+00,4.529131534262660352e-01
6.813100000000000000e+04,4.745943746746300818e+00,9.002270901881388454e-01
6.813200000000000000e+04,4.056161635939137255e+00,1.297914161957585577e+00
6.813300000000000000e+04,3.786939597207587660e+00,1.433586663961548879e+00
6.813400000000000000e+04,3.593521854617345745e+00,1.424571818698986192e+00
6.813500000000000000e+04,2.816683590809471394e+00,1.689438831853983913e+00
6.813600000000000000e+04,1.957130819618861262e+00,2.008611986181470854e+00
6.813700000000000000e+04,1.257010924789324635e+00,2.302719255581138214e+00
6.813800000000000000e+04,8.377949823316889200e-01,2.544837966633579640e+00
6.813900000000000000e+04,6.797884384695676019e-01,2.479413420086459041e+00
6.814000000000000000e+04,1.065227303413408544e+00,2.678240552319515189e+00
6.814100000000000000e+04,1.096177085700136944e+00,2.729166302094427010e+00
6.814200000000000000e+04,1.084253526087023412e+00,2.715152092465793032e+00
6.814300000000000000e+04,1.083506612572705752e+00,2.685118437205915143e+00
6.814400000000000000e+04,1.053213236636851624e+00,2.601240459373713065e+00
6.814500000000000000e+04,9.806781978504751640e-01,2.665281942648157099e+00
6.814600000000000000e+04,1.009867903772966757e+00,2.644942320234044075e+00
6.814700000000000000e+04,9.747441362359724470e-01,2.623055262810815691e+00
6.814800000000000000e+04,9.636112059696938514e-01,2.623225698994879451e+00
6.814900000000000000e+04,9.930223780532435596e-01,2.613645836504645104e+00
6.815000000000000000e+04,9.381884359535523910e-01,2.575416183621911159e+00
6.815100000000000000e+04,8.969195372756511020e-01,2.581887300148927977e+00
6.815200000000000000e+04,9.578029400681301597e-01,2.570369272140837325e+00
6.815300000000000000e+04,8.382447301091161540e-01,2.556048656255590856e+00
6.815400000000000000e+04,7.957369903768880537e-01,2.527390449930628336e+00
6.815500000000000000e+04,7.764450230076319626e-01,2.499341638388287379e+00
6.815600000000000000e+04,7.563717723438050378e-01,2.462420069713083137e+00
6.815700000000000000e+04,7.330496267819623935e-01,2.382265406042911593e+00
6.815800000000000000e+04,7.270368811541096932e-01,2.403678389124728199e+00
6.815900000000000000e+04,7.355433732578143813e-01,2.386759275730931051e+00
6.816000000000000000e+04,7.585282640111818964e-01,2.369114834099981692e+00
6.816100000000000000e+04,7.711848338233078248e-01,2.394159639866700218e+00
6.816200000000000000e+04,7.791660828801314498e-01,2.385888470045394172e+00
6.816300000000000000e+04,7.802279697851511875e-01,2.369536992574140299e+00
6.816400000000000000e+04,7.705772668130519421e-01,2.381697817479079049e+00
6.816500000000000000e+04,7.687304225979032513e-01,2.381651681669531229e+00
6.816600000000000000e+04,7.867127249174881154e-01,2.439365211289867830e+00
6.816700000000000000e+04,7.679673305590368759e-01,2.392705472439942582e+00
6.816800000000000000e+04,7.675019175264486959e-01,2.392553037333847499e+00
6.816900000000000000e+04,7.541427514449344782e-01,2.356118754187974673e+00
6.817000000000000000e+04,7.546377438572632323e-01,2.354769420969809346e+00
6.817100000000000000e+04,7.564833412459808226e-01,2.369199150715850521e+00
6.817200000000000000e+04,7.391780256923520254e-01,2.344572735093130689e+00
6.817300000000000000e+04,7.317436132617399780e-01,2.328149440400309800e+00
6.817400000000000000e+04,7.094140807137736537e-01,2.282503988976230858e+00
6.817500000000000000e+04,7.216178941469908459e-01,2.311774427175812718e+00
6.817600000000000000e+04,7.117632454041195045e-01,2.284410320013350315e+00
6.817700000000000000e+04,7.022608075935178329e-01,2.286993075799109931e+00
6.817800000000000000e+04,7.036133508915208834e-01,2.309513834130868304e+00
6.817900000000000000e+04,6.910348203510482401e-01,2.288463427431310038e+00
6.818000000000000000e+04,6.906624471886727568e-01,2.281887137723174419e+00
6.818100000000000000e+04,6.792333857744756731e-01,2.670098787457234835e+00
6.818200000000000000e+04,6.510326878155063834e-01,2.216800481370150067e+00
6.818300000000000000e+04,nan,nan
6.818400000000000000e+04,nan,nan
6.818500000000000000e+04,nan,nan
6.818600000000000000e+04,1.638600245464829408e+00,1.023750485455806825e+00
6.818700000000000000e+04,nan,nan
6.818800000000000000e+04,nan,nan
6.818900000000000000e+04,1.033375955701070215e+00,1.324649098521497592e+00
6.819000000000000000e+04,9.234832800929488883e-01,1.352737233235167480e+00
6.819100000000000000e+04,9.854484170577383351e-01,1.281252561288738434e+00
6.819200000000000000e+04,1.082966845239151654e+00,1.277652868997336100e+00
6.819300000000000000e+04,1.183538810671960873e+00,1.293564957651277325e+00
6.819400000000000000e+04,1.119889892716681823e+00,1.321322312772842622e+00
6.819500000000000000e+04,1.038475246233993898e+00,1.428176671998720337e+00
6.819600000000000000e+04,9.899729432311090704e-01,1.441481111562239903e+00
6.819700000000000000e+04,1.029960486788569440e+00,1.482223793981191307e+00
6.819800000000000000e+04,9.632694569535407147e-01,1.462996543627411938e+00
6.819900000000000000e+04,nan,nan
6.820000000000000000e+04,nan,nan
6.820100000000000000e+04,6.399386394565466096e-01,1.558116873754649134e+00
6.820200000000000000e+04,2.201878820538843429e-01,1.941735848148404386e+00
6.820300000000000000e+04,1.336309419838008550e+00,2.558122089017913936e+00
6.820400000000000000e+04,nan,nan
6.820500000000000000e+04,nan,nan
6.820600000000000000e+04,nan,nan
6.820700000000000000e+04,4.492760783513996437e+00,1.520598769907344661e+00
6.820800000000000000e+04,nan,nan
6.820900000000000000e+04,1.363144614225138262e+01,3.859667834197821890e-01
6.821000000000000000e+04,6.746381434048130288e+00,9.131123751918082121e+00
6.821100000000000000e+04,nan,nan
6.821200000000000000e+04,nan,nan
6.821300000000000000e+04,nan,nan
6.821400000000000000e+04,nan,nan
6.821500000000000000e+04,nan,nan
6.821600000000000000e+04,1.769974267907894045e+02,1.975716095623288879e+02
6.821700000000000000e+04,nan,nan
6.821800000000000000e+04,1.265440830408496087e+00,4.579633966374885290e-01
6.821900000000000000e+04,nan,nan
6.822000000000000000e+04,7.389653887897136286e+00,7.910384169698737367e+00
6.822100000000000000e+04,6.998814117680233871e+00,6.603949120002980067e+00
6.822200000000000000e+04,2.423852444441868759e+00,1.208464138969929991e+00
6.822300000000000000e+04,4.256318293780312345e+00,3.211542698291722786e+00
6.822400000000000000e+04,3.732241181203443059e+00,2.799689824047902675e+00
6.822500000000000000e+04,3.218222799180512350e+00,2.246868678837316224e+00
6.822600000000000000e+04,2.743363446438742859e+00,1.190562028580913534e+00
6.822700000000000000e+04,2.208921539432757264e+00,2.729728935959556679e-01
6.822800000000000000e+04,2.107455392455049203e+00,1.504711820107900166e-01
6.822900000000000000e+04,2.088345854866419327e+00,3.290590762223715160e-01
6.823000000000000000e+04,1.928635610844317450e+00,6.265411923628008140e-01
6.823100000000000000e+04,1.942691745023862104e+00,6.289138656004098493e-01
6.823200000000000000e+04,1.854683030199720584e+00,1.014521126161234577e+00
6.823300000000000000e+04,1.799398847396622259e+00,1.281580112373873703e+00
6.823400000000000000e+04,1.705857436300754815e+00,1.508624069903753195e+00
6.823500000000000000e+04,1.616690543416738901e+00,1.657262669227542062e+00
6.823600000000000000e+04,1.534919925810220853e+00,1.784539258547376051e+00
6.823700000000000000e+04,1.475801405231264685e+00,1.908561459208442557e+00
6.823800000000000000e+04,1.430976196453795035e+00,1.997629343660570100e+00
6.823900000000000000e+04,1.405717838339396231e+00,2.076776219238468002e+00
6.824000000000000000e+04,1.371400075709148014e+00,2.091179740051899216e+00
6.824100000000000000e+04,1.326924607837599579e+00,2.072252997198340552e+00
6.824200000000000000e+04,1.294808599789341041e+00,1.979514999615496151e+00
6.824300000000000000e+04,1.239459058343852949e+00,1.901188361665063553e+00
6.824400000000000000e+04,1.218546963047701048e+00,1.858848719525717286e+00
6.824500000000000000e+04,1.190466523030191848e+00,1.822740481485304542e+00
6.824600000000000000e+04,1.278982671666157644e+00,1.826237651203527435e+00
6.824700000000000000e+04,1.217116697385145496e+00,1.720200339800406653e+00
6.824800000000000000e+04,1.234681088936990134e+00,1.739416104313875167e+00
6.824900000000000000e+04,1.158758906309451220e+00,1.646971167300222305e+00
6.825000000000000000e+04,1.137131814463929302e+00,1.763251775062450122e+00
6.825100000000000000e+04,1.150331702925061705e+00,1.712878958449543632e+00
6.825200000000000000e+04,1.112847162099612763e+00,1.700700937398131884e+00
6.825300000000000000e+04,1.102657165986393073e+00,1.650422237325514629e+00
6.825400000000000000e+04,1.071475955344972419e+00,1.664661970005667513e+00
6.825500000000000000e+04,1.038418614378748606e+00,1.754184554735203960e+00
6.825600000000000000e+04,9.705478015225289523e-01,1.749542834493603038e+00
6.825700000000000000e+04,1.059017604067238105e+00,8.321203336931901617e-01
6.825800000000000000e+04,1.048773909838106366e+00,7.620426234308013136e-01
6.825900000000000000e+04,1.034229822118358344e+00,1.056867236624420059e+00
6.826000000000000000e+04,9.593943029561180502e-01,1.309859516242823929e+00
6.826100000000000000e+04,1.932978551699802150e+00,1.395568300786237614e+00
6.826200000000000000e+04,nan,nan
6.826300000000000000e+04,3.369601867059521538e+01,6.751611286474734186e+00
6.826400000000000000e+04,3.209272073127906566e+01,5.360082045959863706e+00
6.826500000000000000e+04,2.550239851553953940e+01,1.081753894277845518e+00
6.826600000000000000e+04,2.143474307008938240e+01,1.005280035381055370e+00
6.826700000000000000e+04,1.991769954658749953e+01,2.967979883453175205e+00
6.826800000000000000e+04,1.899202063488313641e+01,3.759224217427174608e+00
6.826900000000000000e+04,1.761058025164686214e+01,4.348086482497869554e+00
6.827000000000000000e+04,1.984472033915692890e+01,5.843999397582379629e+00
6.827100000000000000e+04,1.738390360121436373e+01,5.530488026796355427e+00
6.827200000000000000e+04,1.424090184369090117e+01,5.075437398686055701e+00
6.827300000000000000e+04,1.301926293510748955e+01,4.986339020236385977e+00
6.827400000000000000e+04,1.193434341806158905e+01,4.929823298213278804e+00
6.827500000000000000e+04,1.251819303683616980e+01,5.254141992306351483e+00
6.827600000000000000e+04,1.022839510103598037e+01,4.790407940398601738e+00
6.827700000000000000e+04,6.922789332519495353e+00,4.016175291008075021e+00
6.827800000000000000e+04,4.636231451522049518e+00,3.423496842856557976e+00
6.827900000000000000e+04,2.054398978480107996e+00,2.586737321525561129e+00
6.828000000000000000e+04,8.122121341972395880e-01,2.173417396638107846e+00
6.828100000000000000e+04,4.061540264184101412e-01,2.020272085869564194e+00
6.828200000000000000e+04,5.131501535113378587e-01,1.955939124021611519e+00
6.828300000000000000e+04,6.907822020573781696e-01,1.953213805287489890e+00
6.828400000000000000e+04,6.327898480310737428e-01,1.944629344083352862e+00
6.828500000000000000e+04,8.381766242413497547e-01,1.883622012630951303e+00
6.828600000000000000e+04,1.017284771719225045e+00,1.853202470500335153e+00
6.828700000000000000e+04,1.186521104307331820e+00,1.800357482517519259e+00
6.828800000000000000e+04,1.497087890464905424e+00,1.757526048213748027e+00
6.828900000000000000e+04,1.630797342210916101e+00,1.735147491952616861e+00
6.829000000000000000e+04,1.600191793109150051e+00,1.697477593287885611e+00
6.829100000000000000e+04,1.695104803250613523e+00,1.619046371439921472e+00
6.829200000000000000e+04,2.032095326700575910e+00,1.470130729430458416e+00
6.829300000000000000e+04,1.950106001604816397e+00,1.552066477184418147e+00
6.829400000000000000e+04,2.116890163093014809e+00,1.362079261959465271e+00
6.829500000000000000e+04,1.843415806855459360e+00,1.247180208263742429e+00
6.829600000000000000e+04,1.714585032706449796e+00,1.162494083718101479e+00
6.829700000000000000e+04,2.034715875596925017e+00,8.281556438566965994e-01
6.829800000000000000e+04,1.711670256047926664e+00,9.606582576714188804e-01
6.829900000000000000e+04,1.340083590692053850e+00,9.691937921791478061e-01
6.830000000000000000e+04,1.170659411519330506e+00,8.574403993382517797e-01
6.830100000000000000e+04,1.010518927282393342e+00,7.723983941107519513e-01
6.830200000000000000e+04,8.855978828931043711e-01,7.013859022168134061e-01
6.830300000000000000e+04,7.754566303720895615e-01,6.396368177151003920e-01
6.830400000000000000e+04,6.625161279054542218e-01,6.178566484867644704e-01
6.830500000000000000e+04,6.449768871395329395e-01,5.907172869922163727e-01
6.830600000000000000e+04,6.407124000131872998e-01,6.366342760930123745e-01
6.830700000000000000e+04,7.232598416655662277e-01,5.911985013025002900e-01
6.830800000000000000e+04,7.682279849954104511e-01,6.069091675498938798e-01
6.830900000000000000e+04,8.631176090433682058e-01,5.195735929931544206e-01
6.831000000000000000e+04,9.221397550657343123e-01,4.571158540228736911e-01
6.831100000000000000e+04,1.016373268123595519e+00,3.678374519886133953e-01
6.831200000000000000e+04,1.024641765011727879e+00,3.058816090584883796e-01
6.831300000000000000e+04,1.036211860148890107e+00,2.479775755138575732e-01
6.831400000000000000e+04,9.883719946784819133e-01,2.178905575012493046e-01
6.831500000000000000e+04,9.794522335965859527e-01,2.444463199216713178e-01
6.831600000000000000e+04,9.432117393285842644e-01,2.292877585019610365e-01
6.831700000000000000e+04,9.054072587140504780e-01,2.385538438453664867e-01
6.831800000000000000e+04,8.622070862235182709e-01,2.036420378730738889e-01
6.831900000000000000e+04,8.193777386649286898e-01,1.225020023466640851e-01
6.832000000000000000e+04,8.206426996319073908e-01,2.060877004107268817e-01
6.832100000000000000e+04,8.405290875051638633e-01,1.056537189670621046e-01
6.832200000000000000e+04,7.770608506880130051e-01,2.148774422264239092e-01
6.832300000000000000e+04,6.506212526215982006e-01,1.493707551838596714e-01
6.832400000000000000e+04,6.374081075069502056e-01,6.952814082473679491e-02
6.832500000000000000e+04,7.000766709234850227e-01,1.729415819151611799e-01
6.832600000000000000e+04,6.837202882418021987e-01,1.373887109752729430e-01
6.832700000000000000e+04,6.827814914971412907e-01,1.346497907679875539e-01
6.832800000000000000e+04,6.515270669783097546e-01,1.220591720239525557e-01
6.832900000000000000e+04,6.008878748812972459e-01,1.081684297643761283e-01
6.833000000000000000e+04,5.659707492191842215e-01,8.183708113482879298e-02
6.833100000000000000e+04,5.367290619176460220e-01,4.360658270494610633e-02
6.833200000000000000e+04,5.036521807251929106e-01,3.529758063263699341e-02
6.833300000000000000e+04,4.710594715937809207e-01,7.462056625392676779e-03
6.833400000000000000e+04,4.462540487385807664e-01,2.062990494609096004e-02
6.833500000000000000e+04,4.187341068157261481e-01,3.823719699470728983e-02
6.833600000000000000e+04,3.993542776713945308e-01,4.488057141244183867e-02
6.833700000000000000e+04,3.873947199838407296e-01,6.148835592061629995e-02
6.833800000000000000e+04,3.632731272950018298e-01,6.910311830144877376e-02
6.833900000000000000e+04,3.460109489176164677e-01,9.210353941011106826e-02
6.834000000000000000e+04,3.479911715949560724e-01,1.536291250161525568e-01
6.834100000000000000e+04,3.339102993391254715e-01,1.083214176164517539e-01
6.834200000000000000e+04,3.353475708655515031e-01,1.781818796966021523e-01
6.834300000000000000e+04,3.299178162754706767e-01,1.344145121236408613e-01
6.834400000000000000e+04,3.416575422010909024e-01,1.428433724659896598e-01
6.834500000000000000e+04,3.430943834426427030e-01,2.103652580869876942e-01
6.834600000000000000e+04,3.394302745297462787e-01,1.478200114388599218e-01
6.834700000000000000e+04,3.146519383909275325e-01,1.506550546507625654e-01
6.834800000000000000e+04,3.368642975302977849e-01,1.257300323893204563e-01
6.834900000000000000e+04,4.319322959955517738e-01,1.588612990604119091e-01
6.835000000000000000e+04,1.930336649422213502e-01,1.357971127728347938e-01
6.835100000000000000e+04,2.915413967288007502e-01,1.563966819534883257e-01
6.835200000000000000e+04,2.850212032415972430e-01,2.383376769724065980e-01
6.835300000000000000e+04,2.626156723054828279e-01,2.333422686868189544e-01
6.835400000000000000e+04,2.000438229819137270e-01,3.331345811155159709e-01
6.835500000000000000e+04,6.794981598844004322e-01,3.399368408000640329e-01
6.835600000000000000e+04,3.976911092205052789e+00,1.260042046872897004e+00
6.835700000000000000e+04,6.576027519979936731e-01,5.964575197773740456e-01
6.835800000000000000e+04,3.036802119747231909e+00,8.068990342849616582e+00
6.835900000000000000e+04,nan,nan
6.836000000000000000e+04,6.587874284216321819e+00,1.850921386412318981e+01
6.836100000000000000e+04,8.025878560438204801e+00,1.746922166669141063e+01
6.836200000000000000e+04,9.342516296899216144e+00,1.984400521819070207e+01
6.836300000000000000e+04,6.648820365642412966e+00,1.894400455663672744e+01
6.836400000000000000e+04,8.409352760487561085e+00,1.900053064992060570e+01
6.836500000000000000e+04,2.675854861491733416e+01,7.584535882575806909e+00
6.836600000000000000e+04,2.604687895133674758e+01,9.707573953977615133e-01
6.836700000000000000e+04,2.640141531243376249e+01,2.999486464510582095e+00
6.836800000000000000e+04,2.937619494355095995e+01,1.343401759846069154e+01
6.836900000000000000e+04,2.912066744730811507e+01,1.096559689286937100e+01
6.837000000000000000e+04,2.990864512801362807e+01,6.183494077544011702e+00
6.837100000000000000e+04,2.392335053868586670e+01,5.971067771126200796e+00
6.837200000000000000e+04,2.295933200866599933e+01,1.382286950036733941e+01
6.837300000000000000e+04,1.459053312520571666e+01,3.435727734967516511e+01
6.837400000000000000e+04,9.299232648804428791e+00,5.093344440866194844e+01
6.837500000000000000e+04,8.994352743574042464e+00,3.863547138152837590e+01
6.837600000000000000e+04,3.821541489374195688e+00,5.496828632439048334e+01
6.837700000000000000e+04,1.129093763918963766e+01,6.596150188690936034e+01
6.837800000000000000e+04,3.297675230852011197e+01,3.323913489290251988e+01
6.837900000000000000e+04,2.542963603766929026e+01,4.166321286242380495e+01
6.838000000000000000e+04,1.449281287326906664e+01,4.216795674374964165e+01
6.838100000000000000e+04,1.689965614151470064e+01,4.150621315332489303e+01
6.838200000000000000e+04,1.895342712588239564e+01,4.129336331014620498e+01
6.838300000000000000e+04,2.047257976275493974e+01,4.115519566561739850e+01
6.838400000000000000e+04,1.888863616761321040e+01,4.003516437093969671e+01
6.838500000000000000e+04,2.997695764148994613e+01,3.964851603815368009e+01
6.838600000000000000e+04,2.891397107791688370e+01,3.909463149029018325e+01
6.838700000000000000e+04,2.575146659983938235e+01,3.610036171205662470e+01
6.838800000000000000e+04,1.464047276709933065e+01,2.591414567699601079e+01
6.838900000000000000e+04,7.874123425661024633e+00,2.446167777067302396e+01
6.839000000000000000e+04,7.526485540159428389e+00,1.699199828756239583e+01
6.839100000000000000e+04,8.287775583393841572e+00,1.621954921182616971e+01
6.839200000000000000e+04,6.945195683492665140e+00,1.438205448260254826e+01
6.839300000000000000e+04,7.100517158150458030e+00,1.498600552146722720e+01
6.839400000000000000e+04,6.686119129305092557e+00,1.346105348989998518e+01
6.839500000000000000e+04,5.874023951362255858e+00,1.280688697592097114e+01
6.839600000000000000e+04,5.756903834255106212e+00,1.230998782596240559e+01
6.839700000000000000e+04,5.352841609724601213e+00,1.177420303858702511e+01
6.839800000000000000e+04,4.964395634305457605e+00,1.078240528605664750e+01
6.839900000000000000e+04,4.562907744092020934e+00,9.871462374554752728e+00
6.840000000000000000e+04,4.278401690422043657e+00,9.376007793271064372e+00
6.840100000000000000e+04,3.883185928672572285e+00,8.584875970846908899e+00
6.840200000000000000e+04,3.532758701411220947e+00,7.904183394260691387e+00
6.840300000000000000e+04,3.169135405571282593e+00,7.169531251517987869e+00
6.840400000000000000e+04,2.949722605403370945e+00,6.706972555263320146e+00
6.840500000000000000e+04,2.608705982191323880e+00,6.009656511838301185e+00
6.840600000000000000e+04,2.497745334730483879e+00,5.746214373300546185e+00
6.840700000000000000e+04,2.245641856048102181e+00,5.191542638116906971e+00
6.840800000000000000e+04,2.120460805808043858e+00,4.908607960720061669e+00
6.840900000000000000e+04,1.848588182420424886e+00,4.547696831144364182e+00
6.841000000000000000e+04,1.748517530326069380e+00,4.252199012309418436e+00
6.841100000000000000e+04,1.640623617510734267e+00,3.844509651696306207e+00
6.841200000000000000e+04,1.477699244935645417e+00,3.557912113230067064e+00
6.841300000000000000e+04,1.289675635621865712e+00,3.189489286589093808e+00
6.841400000000000000e+04,1.164540527885017163e+00,2.867501906779331478e+00
6.841500000000000000e+04,1.109317329718205070e+00,2.753630095870470029e+00
6.841600000000000000e+04,1.049573073041560889e+00,2.706974482479189703e+00
6.841700000000000000e+04,1.006401498244120063e+00,2.662522693323339240e+00
6.841800000000000000e+04,9.995143856585866349e-01,2.654105548521926039e+00
6.841900000000000000e+04,9.630983957181865618e-01,2.576352829580969228e+00
6.842000000000000000e+04,9.096323470577231118e-01,2.480099560588428176e+00
6.842100000000000000e+04,8.676149869333252829e-01,2.292456510652101542e+00
6.842200000000000000e+04,8.043308869742545886e-01,2.172442278667702453e+00
6.842300000000000000e+04,7.692457948430641013e-01,2.132872940183069943e+00
6.842400000000000000e+04,7.393958577182356828e-01,1.921966574824509166e+00
6.842500000000000000e+04,7.096204598088462490e-01,1.854151341012133969e+00
6.842600000000000000e+04,7.716366181721041606e-01,2.013079726989602136e+00
6.842700000000000000e+04,6.856686091174786224e-01,1.816415759217797188e+00
6.842800000000000000e+04,6.642036783152448498e-01,1.746511892859551551e+00
6.842900000000000000e+04,6.519986831626001234e-01,1.735333158578136192e+00
6.843000000000000000e+04,6.438488925334618918e-01,1.714730525326274346e+00
6.843100000000000000e+04,6.246799604171596743e-01,1.664060582499864438e+00
6.843200000000000000e+04,6.175619661668102500e-01,1.608238863106187466e+00
6.843300000000000000e+04,6.358935889986082612e-01,1.612783625161156920e+00
6.843400000000000000e+04,5.968837560017049571e-01,1.524268818570021722e+00
6.843500000000000000e+04,6.175200921044899927e-01,1.580476388734986415e+00
6.843600000000000000e+04,6.021840635258571828e-01,1.548949331575627752e+00
6.843700000000000000e+04,5.869467616485292139e-01,1.452299248523331698e+00
6.843800000000000000e+04,5.918412089201859905e-01,1.397954812415683534e+00
6.843900000000000000e+04,5.907064164467975553e-01,1.413022839344570514e+00
6.844000000000000000e+04,5.991563496003232681e-01,1.373740755261607660e+00
6.844100000000000000e+04,6.029217620351392526e-01,1.320871503128458357e+00
6.844200000000000000e+04,6.187044386181104194e-01,1.276325767657120025e+00
6.844300000000000000e+04,6.278548905432658200e-01,1.234148226673674742e+00
6.844400000000000000e+04,6.332880422524952424e-01,1.187887303346585099e+00
6.844500000000000000e+04,6.501005044871418503e-01,1.154264632119215150e+00
6.844600000000000000e+04,6.614029318203121788e-01,1.120588652891818526e+00
6.844700000000000000e+04,6.683817285306783429e-01,1.079593944698139296e+00
6.844800000000000000e+04,6.763931193521861562e-01,1.050874196036907904e+00
6.844900000000000000e+04,6.734959357155546611e-01,9.948641971330332012e-01
6.845000000000000000e+04,6.975683716462977024e-01,1.021227252862765056e+00
6.845100000000000000e+04,6.700921854480019757e-01,9.275828890299067098e-01
6.845200000000000000e+04,6.408882949438614585e-01,8.941668847694259625e-01
6.845300000000000000e+04,6.962410247573211919e-01,9.854167069764940834e-01
6.845400000000000000e+04,7.090128447795199795e-01,9.942619629647282409e-01
6.845500000000000000e+04,6.728006641947374966e-01,9.957446112252199555e-01
6.845600000000000000e+04,6.805951044862639243e-01,1.015970036883757643e+00
6.845700000000000000e+04,6.911206121604489550e-01,1.037902670909204517e+00
6.845800000000000000e+04,7.076130010070645904e-01,1.072300228681825729e+00
6.845900000000000000e+04,7.034056343664122357e-01,1.067339034911462647e+00
6.846000000000000000e+04,7.117375873749258730e-01,1.090661625081139618e+00
6.846100000000000000e+04,7.263911633423210112e-01,1.123891307595393130e+00
6.846200000000000000e+04,7.528842822532477719e-01,1.176068768437936285e+00
6.846300000000000000e+04,7.577666892052532521e-01,1.188112040265728808e+00
6.846400000000000000e+04,7.576317484625874066e-01,1.197751560361751899e+00
6.846500000000000000e+04,7.543771582330208725e-01,1.179569133941569703e+00
6.846600000000000000e+04,8.148673721561408012e-01,1.280475922901466390e+00
6.846700000000000000e+04,7.924874240928085900e-01,1.267957755412510323e+00
6.846800000000000000e+04,8.279636325639069261e-01,1.328722351563477844e+00
6.846900000000000000e+04,8.143331183060527056e-01,1.340118750909340406e+00
6.847000000000000000e+04,7.765729231235390939e-01,1.302217310208753531e+00
6.847100000000000000e+04,7.879015664977319089e-01,1.343224443521833678e+00
6.847200000000000000e+04,7.814124571639597949e-01,1.343130116894577952e+00
6.847300000000000000e+04,7.805904070877353051e-01,1.347498601467513879e+00
6.847400000000000000e+04,7.949844247669262121e-01,1.385724311077098037e+00
6.847500000000000000e+04,7.895018538434046551e-01,1.384687263558092241e+00
6.847600000000000000e+04,8.529217501726300554e-01,1.482416162515484359e+00
6.847700000000000000e+04,8.204589591776764168e-01,1.450060250430553310e+00
6.847800000000000000e+04,8.928433505930242209e-01,1.539754719713556597e+00
6.847900000000000000e+04,8.904391099875414994e-01,1.550104008712338555e+00
6.848000000000000000e+04,9.114859333843008393e-01,1.596517792962835358e+00
6.848100000000000000e+04,9.177575708546866773e-01,1.620549196813257709e+00
6.848200000000000000e+04,9.359103789177085631e-01,1.647209756609200326e+00
6.848300000000000000e+04,9.554360070746162892e-01,1.674441265387812905e+00
6.848400000000000000e+04,9.748925524598882619e-01,1.700951863154749333e+00
6.848500000000000000e+04,9.489891551890216048e-01,1.669279680638219077e+00
6.848600000000000000e+04,9.576613868988286260e-01,1.693241324991717534e+00
6.848700000000000000e+04,9.796843291698914546e-01,1.727533979922746710e+00
6.848800000000000000e+04,9.615177479016271400e-01,1.673872019396824840e+00
6.848900000000000000e+04,9.228299052613420095e-01,1.620020099755336673e+00
6.849000000000000000e+04,9.354888725587907627e-01,1.616202514149833291e+00
6.849100000000000000e+04,9.161148426589477145e-01,1.546194963775569420e+00
6.849200000000000000e+04,9.239414331727090479e-01,1.521827181483466518e+00
6.849300000000000000e+04,9.475491330883236696e-01,1.571089309035194503e+00
6.849400000000000000e+04,9.556820583559952897e-01,1.568620127221571181e+00
6.849500000000000000e+04,9.529085077009422644e-01,1.545111430820313103e+00
6.849600000000000000e+04,9.224793792500829426e-01,1.454342313292798394e+00
6.849700000000000000e+04,9.338119805605470392e-01,1.476706758401881814e+00
6.849800000000000000e+04,9.331023373801063947e-01,1.497766138126145563e+00
6.849900000000000000e+04,9.454519519245987436e-01,1.535808326947744717e+00
6.850000000000000000e+04,9.473775565528586018e-01,1.559434136296431461e+00
6.850100000000000000e+04,9.434652630787981886e-01,1.578191490009743347e+00
6.850200000000000000e+04,9.551061963807605526e-01,1.615103809164168069e+00
6.850300000000000000e+04,9.574482476810168841e-01,1.636806015404879133e+00
6.850400000000000000e+04,9.576501768834190242e-01,1.662249631481579115e+00
6.850500000000000000e+04,9.654640093059956296e-01,1.686423433231659885e+00
6.850600000000000000e+04,9.639615027902678213e-01,1.700813291287573747e+00
6.850700000000000000e+04,9.785098043809205004e-01,1.723603698886250868e+00
6.850800000000000000e+04,9.749970489837911369e-01,1.736083736993855098e+00
6.850900000000000000e+04,9.707646242312112372e-01,1.733200073804312069e+00
6.851000000000000000e+04,9.654081608169514661e-01,1.741019430834171544e+00
6.851100000000000000e+04,9.593788383621033589e-01,1.739455810221571141e+00
6.851200000000000000e+04,9.644173135873499447e-01,1.743166719073308002e+00
6.851300000000000000e+04,9.539614463244279197e-01,1.732668571279241121e+00
6.851400000000000000e+04,9.526574763881595631e-01,1.721571791726383083e+00
6.851500000000000000e+04,9.569883644045559246e-01,1.730863269503970514e+00
6.851600000000000000e+04,9.812208284654165835e-01,1.753939130087331932e+00
6.851700000000000000e+04,9.787803319688123116e-01,1.755963378386738327e+00
6.851800000000000000e+04,9.954270108064122713e-01,1.784394611479179105e+00
6.851900000000000000e+04,9.645862577436079555e-01,1.752859989234281102e+00
6.852000000000000000e+04,9.418149074532810028e-01,1.832387261806736944e+00
6.852100000000000000e+04,9.262625927932992553e-01,1.827287313403985536e+00
6.852200000000000000e+04,9.325366346263461725e-01,1.813179853020429277e+00
6.852300000000000000e+04,9.228769000897915076e-01,1.805850078365544675e+00
6.852400000000000000e+04,1.015801301466234818e+00,1.894936192959114862e+00
6.852500000000000000e+04,9.975484095450272148e-01,1.791954296675470459e+00
6.852600000000000000e+04,1.046104341022939588e+00,1.837427805064756114e+00
6.852700000000000000e+04,9.226060257621248040e-01,1.802186927476746803e+00
6.852800000000000000e+04,9.185053013600381622e-01,1.784209076909981206e+00
6.852900000000000000e+04,8.627446410720437386e-01,1.768685514014507021e+00
6.853000000000000000e+04,8.470634299225160424e-01,1.775455395982987739e+00
6.853100000000000000e+04,8.507799502044322004e-01,1.755094501312399302e+00
6.853200000000000000e+04,7.907480031859084324e-01,1.677281009767170872e+00
6.853300000000000000e+04,7.756117560307415060e-01,1.664063167063758897e+00
6.853400000000000000e+04,7.560008828242911205e-01,1.631251885380670785e+00
6.853500000000000000e+04,7.598275541683913170e-01,1.625502108513629196e+00
6.853600000000000000e+04,7.587771012658732772e-01,1.650888860737126151e+00
6.853700000000000000e+04,7.505040759662261474e-01,1.626435614696639220e+00
6.853800000000000000e+04,7.486097732050657205e-01,1.617101854935256711e+00
6.853900000000000000e+04,7.331761947417149150e-01,1.580610357859299597e+00
6.854000000000000000e+04,7.277300351495430419e-01,1.585262375985358574e+00
6.854100000000000000e+04,6.421664004297498174e-01,1.419735607827213641e+00
6.854200000000000000e+04,5.419390956886369626e-01,1.219329927744006170e+00
6.854300000000000000e+04,4.098598045197147655e-01,9.556194421134875938e-01
6.854400000000000000e+04,2.162898905069953748e-01,5.027474035423225018e-01
6.854500000000000000e+04,7.122706236000481139e-02,1.643310870589260730e-01
6.854600000000000000e+04,2.095876395218901345e-02,6.553561703810828476e-02
6.854700000000000000e+04,1.398728055164370418e-02,3.538939987456757308e-02
6.854800000000000000e+04,9.263938977786538576e-03,3.281496443181453060e-02
6.854900000000000000e+04,8.328999295517246215e-03,1.874990223421946212e-02
6.855000000000000000e+04,5.220258649305895698e-03,1.211711627750133857e-02
6.855100000000000000e+04,9.181888170963194151e-02,8.624814084222265365e-02
6.855200000000000000e+04,1.588807618164781929e-02,1.635906493789462957e-02
6.855300000000000000e+04,1.392207420401591310e-02,9.028026997107474472e-03
6.855400000000000000e+04,1.407525576408547030e-02,2.043114270435353319e-02
6.855500000000000000e+04,1.950516344016664516e-02,1.203719709246087177e-02
6.855600000000000000e+04,2.138510124845602670e-02,4.528545746481427159e-03
6.855700000000000000e+04,8.117799249614289503e-03,2.122510313628112044e-02
6.855800000000000000e+04,5.244944583793063886e-03,2.022039119761842585e-02
6.855900000000000000e+04,6.143107643172221292e-03,2.132800304031690075e-02
6.856000000000000000e+04,1.100468833126173364e-02,1.983722618194860843e-02
6.856100000000000000e+04,1.090842673316593132e-02,1.630228650752485464e-02
6.856200000000000000e+04,1.399626004503008725e-02,2.112750303566457433e-02
6.856300000000000000e+04,1.202702889120774513e-02,1.524810957365474451e-02
6.856400000000000000e+04,7.722256270629848651e-03,8.338586313598739252e-03
6.856500000000000000e+04,1.096958515362458919e-02,8.101371289050973701e-03
6.856600000000000000e+04,7.456975103948848028e-03,4.970960182490102852e-03
6.856700000000000000e+04,9.417316742205566332e-03,4.238227100962888017e-03
6.856800000000000000e+04,5.987229565742482537e-03,3.596630961695268525e-03
6.856900000000000000e+04,8.744756269830476769e-03,1.205923517542828449e-02
6.857000000000000000e+04,1.229766399247370252e-02,1.975707864882991771e-02
6.857100000000000000e+04,9.453641637149746632e-03,3.064346998313993709e-02
6.857200000000000000e+04,5.860217499873776950e-03,5.110004651093902339e-02
6.857300000000000000e+04,5.562150738535293765e-03,5.691959303742777365e-02
6.857400000000000000e+04,1.091460133929142082e-02,5.271622920532337275e-02
6.857500000000000000e+04,2.469757777746675945e-02,3.677143604763699614e-02
6.857600000000000000e+04,2.570618125024965589e-02,3.695349975098594086e-02
6.857700000000000000e+04,1.062941592368327540e-02,7.036280319244525572e-02
6.857800000000000000e+04,4.230232608135847672e-02,3.671003051257315519e-02
6.857900000000000000e+04,5.626945950991869838e-03,4.720872012946131235e-03
6.858000000000000000e+04,9.353358909548191089e-03,3.858218466461948992e-03
6.858100000000000000e+04,9.403187451677055483e-03,1.278854235616222468e-02
6.858200000000000000e+04,1.560513759984518897e-02,2.550061225888811123e-02
6.858300000000000000e+04,2.169833786513581178e-02,2.001552798937211719e-02
6.858400000000000000e+04,2.200194516862496313e-02,2.060602393921584508e-02
6.858500000000000000e+04,1.195266381599084486e-02,2.540992768253147460e-02
6.858600000000000000e+04,6.818156593163080849e-03,2.229624449017109100e-02
6.858700000000000000e+04,6.953368228336738975e-03,2.228138226990239446e-02
6.858800000000000000e+04,2.591954971424901936e-03,8.758209287798024434e-03
6.858900000000000000e+04,1.529763375986301424e-02,6.312241290754627698e-02
6.859000000000000000e+04,3.681238785126607072e-01,5.951595454934661689e-01
6.859100000000000000e+04,9.213820232756700368e-03,1.050253677258439211e-02
6.859200000000000000e+04,1.713439698581688958e-02,2.330318740823145163e-02
6.859300000000000000e+04,1.108578295370068328e-02,1.618401613377784543e-03
6.859400000000000000e+04,2.085307039768673817e-03,7.439918467056827467e-03
6.859500000000000000e+04,2.688260660615759620e-02,6.321084468309123849e-02
6.859600000000000000e+04,1.013907461203438810e-03,5.387378717742308254e-03
6.859700000000000000e+04,3.740658793604978612e-03,1.044782763081286703e-02
6.859800000000000000e+04,6.795549129592478796e-03,5.272687902305506213e-03
6.859900000000000000e+04,9.648707173676544790e-03,1.119427395062189134e-02
6.860000000000000000e+04,4.281477482572382774e-03,2.576909885123512822e-02
6.860100000000000000e+04,1.109836781356006788e-02,3.785902609244828909e-03
6.860200000000000000e+04,1.572106210605619253e-02,1.628537148251751887e-02
6.860300000000000000e+04,8.194964437972665841e-03,1.435747579289170517e-02
6.860400000000000000e+04,3.162979897885524402e-03,2.273599024609040953e-02
6.860500000000000000e+04,7.946243266972696090e-03,3.132269502997786503e-02
6.860600000000000000e+04,8.360596415347964008e-03,3.000087787275163009e-02
6.860700000000000000e+04,3.515501048133612416e-02,5.686703937265491504e-02
6.860800000000000000e+04,2.823251784750008264e-02,4.369993465920885001e-02
6.860900000000000000e+04,1.378669215839062670e-02,7.976380857641629518e-04
6.861000000000000000e+04,6.806094652041895683e-03,2.498449354936838063e-02
6.861100000000000000e+04,8.263392447237160113e-03,1.937179156790591605e-03
6.861200000000000000e+04,6.843203856018251902e-03,1.177330956979005805e-02
6.861300000000000000e+04,6.419745436592557385e-03,2.763152957392378539e-03
6.861400000000000000e+04,8.124777500493930715e-03,3.105197518706859228e-03
6.861500000000000000e+04,6.230282841048093330e-03,2.990300062798212366e-03
6.861600000000000000e+04,4.558436277436164231e-03,5.914589813635018345e-03
6.861700000000000000e+04,1.167715898306050624e-02,7.768779077871101890e-03
6.861800000000000000e+04,2.037291204499427910e-03,1.500818454879038200e-03
6.861900000000000000e+04,3.225933900762699511e-03,4.256355181503579388e-03
6.862000000000000000e+04,1.845042391271635397e-03,3.705110564958147279e-03
6.862100000000000000e+04,2.593393045312193061e-03,5.088137278484339276e-03
6.862200000000000000e+04,4.682801662740580621e-03,8.628351749017326711e-03
6.862300000000000000e+04,5.283744027774252457e-03,1.374476416984293792e-03
6.862400000000000000e+04,5.286341681050709708e-03,7.887394426212779308e-03
6.862500000000000000e+04,7.223444554509287317e-03,5.153691350251676795e-03
6.862600000000000000e+04,5.059366603385790154e-03,7.903915861078303351e-04
6.862700000000000000e+04,8.479775703388836919e-03,2.933037879856215113e-03
6.862800000000000000e+04,1.074361427444480571e-02,1.827926963230197543e-02
6.862900000000000000e+04,1.826200132774709675e-02,1.420441205964806386e-02
6.863000000000000000e+04,1.723204548452743345e-02,2.881614941593113599e-03
6.863100000000000000e+04,2.246440262198740392e-02,1.125926186927017625e-02
6.863200000000000000e+04,2.370310034948027583e-02,2.425516114149672831e-02
6.863300000000000000e+04,2.149525209994091260e-02,8.693925499734689311e-03
6.863400000000000000e+04,2.594243815178463169e-02,2.107276341726560531e-02
6.863500000000000000e+04,3.761699631510869585e-02,5.167357370488900870e-02
6.863600000000000000e+04,1.438516385698796439e-02,1.245838421056078005e-02
6.863700000000000000e+04,2.309920527984872865e-02,2.970127811610723256e-02
6.863800000000000000e+04,1.595122598243402592e-02,2.658701091514359405e-02
6.863900000000000000e+04,1.069626744591680931e-02,1.651761193976852837e-02
6.864000000000000000e+04,3.649296249083792965e-02,1.108737251416300751e-01
6.864100000000000000e+04,nan,nan
6.864200000000000000e+04,9.048704829474159272e-02,7.049229167843407140e-02
6.864300000000000000e+04,1.792648829762503657e-02,1.182144124698680798e-02
6.864400000000000000e+04,2.314990993894997309e-02,1.571901582078538695e-02
6.864500000000000000e+04,2.431641160246619110e-02,3.834004798512324896e-02
6.864600000000000000e+04,6.241482744270874378e-02,7.543303490776054332e-02
6.864700000000000000e+04,8.105477602363221623e-02,8.769774641096006462e-02
6.864800000000000000e+04,9.683572782610858076e-02,9.003698563422801726e-02
6.864900000000000000e+04,1.122622413550084797e-01,1.065129326610687599e-01
6.865000000000000000e+04,1.176821389345722030e-01,1.058706984399933049e-01
6.865100000000000000e+04,1.304559605463490035e-01,1.138336889413125164e-01
6.865200000000000000e+04,1.562621632347744038e-01,1.197880788863798784e-01
6.865300000000000000e+04,1.965750827567245285e-01,1.171474278330961738e-01
6.865400000000000000e+04,1.974209303854979336e-01,1.147266857741158219e-01
6.865500000000000000e+04,1.968729837764144897e-01,1.071363244033136652e-01
6.865600000000000000e+04,1.963513486912855099e-01,1.033862186812157802e-01
6.865700000000000000e+04,1.891985106587278087e-01,1.078488730703384135e-01
6.865800000000000000e+04,1.918189428717188838e-01,1.078963419682352765e-01
6.865900000000000000e+04,1.835662804296209760e-01,1.374386492599555254e-01
6.866000000000000000e+04,1.747987872904982476e-01,9.558243748792705219e-02
6.866100000000000000e+04,1.647212624830262651e-01,7.247036491240521627e-02
6.866200000000000000e+04,1.724691449357402817e-01,1.168460949467515775e-01
6.866300000000000000e+04,1.618760118655349356e-01,9.396094195413695616e-02
6.866400000000000000e+04,1.689208332867254969e-01,8.765645287065382263e-02
6.866500000000000000e+04,1.664316058801150744e-01,2.332008867686141684e-02
6.866600000000000000e+04,1.626480712986055344e-01,4.141211008192868803e-02
6.866700000000000000e+04,nan,nan
6.866800000000000000e+04,nan,nan
6.866900000000000000e+04,1.572816832767305995e+00,3.077441460371886706e+00
6.867000000000000000e+04,nan,nan
6.867100000000000000e+04,nan,nan
6.867200000000000000e+04,nan,nan
6.867300000000000000e+04,nan,nan
6.867400000000000000e+04,nan,nan
6.867500000000000000e+04,3.666256664401668086e+00,1.411330612295401465e+01
6.867600000000000000e+04,1.715250881170194752e+00,6.520659814909080865e+00
6.867700000000000000e+04,nan,nan
6.867800000000000000e+04,nan,nan
6.867900000000000000e+04,1.069761602419861513e+00,4.420335115194689024e+00
6.868000000000000000e+04,7.668100317910937491e-01,4.037391951646000621e+00
6.868100000000000000e+04,nan,nan
6.868200000000000000e+04,nan,nan
6.868300000000000000e+04,nan,nan
6.868400000000000000e+04,6.084522530546025987e-01,2.711959028102732816e+00
6.868500000000000000e+04,3.223306418364857429e-01,2.162152400551299536e+00
6.868600000000000000e+04,2.453095667146752756e+00,7.845593982181281234e+00
6.868700000000000000e+04,2.792021276870445767e+00,9.322956384856045275e+00
6.868800000000000000e+04,nan,nan
6.868900000000000000e+04,nan,nan
6.869000000000000000e+04,2.179636215501428720e-01,1.314557204128384171e+00
6.869100000000000000e+04,7.322006485535413889e-01,3.716376068619275941e+00
6.869200000000000000e+04,4.740562077487902037e-01,3.441241196036436634e+00
6.869300000000000000e+04,7.282938440982288375e-01,3.258168316912787077e+00
6.869400000000000000e+04,6.350795326855578349e-01,2.647303072333748730e+00
6.869500000000000000e+04,7.480020361197685652e-01,2.536675563162503977e+00
6.869600000000000000e+04,6.620026501458523560e-01,2.191274020565032288e+00
6.869700000000000000e+04,5.662084877397685068e-01,1.926765192566591622e+00
6.869800000000000000e+04,5.127824171884219906e-01,1.826927298041958636e+00
6.869900000000000000e+04,4.493861097032434970e-01,1.579461638361152609e+00
6.870000000000000000e+04,3.201073001056451428e-01,1.322442218265507563e+00
6.870100000000000000e+04,3.042164224975077436e-01,1.230369475070084206e+00
6.870200000000000000e+04,2.522253368856468003e-01,1.088338891587881108e+00
6.870300000000000000e+04,2.270487378470586737e-01,1.061148701061220834e+00
6.870400000000000000e+04,2.062222402620828010e-01,1.007191493680231531e+00
6.870500000000000000e+04,1.874756447625225975e-01,1.031043497052309021e+00
6.870600000000000000e+04,1.840123855201277192e-01,1.118624496179990047e+00
6.870700000000000000e+04,1.875753787926904004e-01,1.154295034695415723e+00
6.870800000000000000e+04,1.073759471034320262e-01,7.740603185829471045e-01
6.870900000000000000e+04,1.411006866097598046e-02,5.210480754534074777e-02
6.871000000000000000e+04,1.366936692518658583e-02,1.957799714062957719e-04
6.871100000000000000e+04,1.397250633500157768e-02,1.041653454723245886e-02
6.871200000000000000e+04,1.714940048520834440e-02,7.893513058853329767e-03
6.871300000000000000e+04,8.885718349779326078e-03,4.533015940327800308e-02
6.871400000000000000e+04,1.741666940714066978e-03,3.710205105477371035e-03
6.871500000000000000e+04,6.396997672296560189e-03,2.052065967833271998e-02
6.871600000000000000e+04,4.971421747624213579e-03,5.820969012084731276e-03
6.871700000000000000e+04,3.812418203770003185e-03,3.061895308143647298e-02
6.871800000000000000e+04,2.548598668703768583e-03,2.032901355825345036e-02
6.871900000000000000e+04,3.735876269758639859e-03,1.755194046827313059e-02
6.872000000000000000e+04,5.858605235498008483e-03,5.091296518173749064e-04
6.872100000000000000e+04,6.425216399048326588e-03,4.765855251406492243e-03
6.872200000000000000e+04,3.912436283183907786e-03,5.340129863959930390e-03
6.872300000000000000e+04,6.337339539908083512e-03,3.689914279043193801e-03
6.872400000000000000e+04,6.129090113483620303e-03,7.224115841125922088e-03
6.872500000000000000e+04,4.334984606064090466e-03,1.158853175333263152e-02
6.872600000000000000e+04,6.876404279458725281e-03,1.288455550758982326e-02
6.872700000000000000e+04,3.925090302402779036e-03,1.445022927422456860e-02
6.872800000000000000e+04,2.830298735564605508e-03,1.212908331922335492e-02
6.872900000000000000e+04,6.107927196962355254e-03,2.299893119413098930e-02
6.873000000000000000e+04,5.169462512224175937e-03,1.000733058045000234e-02
6.873100000000000000e+04,3.346005972642117441e-03,1.256868873208105697e-02
6.873200000000000000e+04,1.039298508085497244e-02,1.628995703877933465e-02
6.873300000000000000e+04,1.142751544805771340e-02,2.307585835217196291e-02
6.873400000000000000e+04,3.897210987130565567e-03,2.882585214840105436e-02
6.873500000000000000e+04,4.812514406292577214e-03,1.123100421288825146e-02
6.873600000000000000e+04,2.707536788819863132e-03,2.020392046995311830e-02
6.873700000000000000e+04,3.833011109491906310e-03,1.451948593461338533e-02
6.873800000000000000e+04,4.815503038068416099e-03,3.047719568708373572e-02
6.873900000000000000e+04,1.021526886939404244e-02,5.716929000080028800e-03
6.874000000000000000e+04,2.189638141066928365e-03,3.924904440708587572e-04
6.874100000000000000e+04,7.887117413651207817e-03,2.717393873192719411e-02
6.874200000000000000e+04,4.431330053830128540e-03,2.860588405461328421e-03
6.874300000000000000e+04,8.185037660481484650e-03,5.265855317304612981e-05
6.874400000000000000e+04,4.095897649555192005e-03,6.597108809273777297e-03
6.874500000000000000e+04,5.879448971554111260e-03,7.178765976931344994e-03
6.874600000000000000e+04,8.355481941654046077e-03,8.170783688827043534e-02
6.874700000000000000e+04,1.248813853249162997e-02,4.758213839082259256e-04
6.874800000000000000e+04,2.056428952294082554e-02,2.203150050507218793e-02
6.874900000000000000e+04,1.361514380527937933e-02,2.279001431661953347e-02
6.875000000000000000e+04,1.345781183720162755e-02,9.022313398645565030e-04
6.875100000000000000e+04,1.712741816551780968e-02,1.096731585970189826e-02
6.875200000000000000e+04,1.298016647655623849e-02,4.117238795245725669e-03
6.875300000000000000e+04,2.129016510461795644e-02,3.325153095129707026e-02
6.875400000000000000e+04,5.800232459468952252e-03,2.670481915579614451e-03
6.875500000000000000e+04,2.314004220784533078e-02,4.926550398835161104e-03
6.875600000000000000e+04,6.613073477638123365e-02,7.767576522086017121e-02
6.875700000000000000e+04,3.022322220612649185e-02,4.109573383521336609e-02
6.875800000000000000e+04,4.309272995859186189e-02,7.295288798151489118e-02
6.875900000000000000e+04,5.293554390843444209e-03,6.714088020432740223e-02
6.876000000000000000e+04,2.701251653251756507e-02,4.770106533089801815e-02
6.876100000000000000e+04,1.283525801300372873e-02,1.001326594967366646e-02
6.876200000000000000e+04,7.046892806971944041e-03,2.738415482744827045e-02
6.876300000000000000e+04,7.782220891313586589e-03,1.451019824170529660e-02
6.876400000000000000e+04,8.056155123677055316e-03,1.010385804273283838e-02
6.876500000000000000e+04,4.462593498244914018e-03,1.482568235687153901e-03
6.876600000000000000e+04,9.133871783789512463e-03,4.044926992411035371e-02
6.876700000000000000e+04,4.102485085293613651e-03,3.768982345420113234e-05
6.876800000000000000e+04,4.706010430381676879e-02,4.322924718707810143e-02
6.876900000000000000e+04,2.834687650426812588e-01,5.805514633418873416e-01
6.877000000000000000e+04,2.628204692084360472e-01,4.953289962300360116e-01
6.877100000000000000e+04,nan,nan
6.877200000000000000e+04,nan,nan
6.877300000000000000e+04,nan,nan
6.877400000000000000e+04,1.879148966317693237e+01,3.728786664256314509e+01
6.877500000000000000e+04,2.409573965351436531e+00,4.830681206307627207e+00
6.877600000000000000e+04,1.498575870589974102e+00,2.847591209268898638e+00
6.877700000000000000e+04,4.228252917559822965e-02,1.396602218563174347e-01
6.877800000000000000e+04,8.741971710023917208e-02,3.127492669656071200e-01
6.877900000000000000e+04,1.117366395051926503e-01,3.381140539593197047e-01
6.878000000000000000e+04,1.115579748980623648e-01,2.726015780080395245e-01
6.878100000000000000e+04,8.913539549270607654e-02,2.418676636702628002e-01
6.878200000000000000e+04,5.909986621980388710e-01,1.114562105092961275e+00
6.878300000000000000e+04,8.021136783380413249e+00,1.676107211633976135e+01
6.878400000000000000e+04,1.013147983729377621e+01,2.217925906634756572e+01
6.878500000000000000e+04,1.347833070203136785e+01,2.486303928311711786e+01
6.878600000000000000e+04,1.434975960427698105e+01,2.660885063833376307e+01
6.878700000000000000e+04,1.469876065764963791e+01,2.659812377701010888e+01
6.878800000000000000e+04,1.527588901142832967e+01,2.682940268211919843e+01
6.878900000000000000e+04,1.567398848233054665e+01,2.691001096172232110e+01
6.879000000000000000e+04,1.572827990874956861e+01,2.636909498830905463e+01
6.879100000000000000e+04,1.543730774293109853e+01,2.521742464650341020e+01
6.879200000000000000e+04,1.529140406998033264e+01,2.478539425535227281e+01
6.879300000000000000e+04,1.512162860027209454e+01,2.454610073198536213e+01
6.879400000000000000e+04,1.494856062832561427e+01,2.437336894856246516e+01
6.879500000000000000e+04,1.478390158872271165e+01,2.431092993918423417e+01
6.879600000000000000e+04,1.456722367602223045e+01,2.434321621706927274e+01
6.879700000000000000e+04,1.441753326355301645e+01,2.424376597329192151e+01
6.879800000000000000e+04,1.432529884679755838e+01,2.398155739590595914e+01
6.879900000000000000e+04,1.427279809616366180e+01,2.409539903866908972e+01
6.880000000000000000e+04,1.414034650545232807e+01,2.394480800399605158e+01
6.880100000000000000e+04,1.400147739071273989e+01,2.397135391523776349e+01
6.880200000000000000e+04,1.394018122756475719e+01,2.395412907157904669e+01
6.880300000000000000e+04,1.388488547103965232e+01,2.410734350585773811e+01
6.880400000000000000e+04,1.387009835423742565e+01,2.410770977206732013e+01
6.880500000000000000e+04,1.384563294638301301e+01,2.423061152034371091e+01
6.880600000000000000e+04,1.381552931221897573e+01,2.432157550527092482e+01
6.880700000000000000e+04,1.376779953091639364e+01,2.442611882779022991e+01
6.880800000000000000e+04,1.370097137376351348e+01,2.456580870634834213e+01
6.880900000000000000e+04,1.363237099448557466e+01,2.467461771712821772e+01
6.881000000000000000e+04,1.354638846046805334e+01,2.484907668817387716e+01
6.881100000000000000e+04,1.346933611009105825e+01,2.493939727000489981e+01
6.881200000000000000e+04,1.341073769841469954e+01,2.501092760625257228e+01
6.881300000000000000e+04,1.334915097183435151e+01,2.505096714933211643e+01
6.881400000000000000e+04,1.329010880144332063e+01,2.503638299909808040e+01
6.881500000000000000e+04,1.322490242698181717e+01,2.501347335639692560e+01
6.881600000000000000e+04,1.318588286834391532e+01,2.503241872264854351e+01
6.881700000000000000e+04,1.313654116713433773e+01,2.502380390906093055e+01
6.881800000000000000e+04,1.310845735457347594e+01,2.505942230825340999e+01
6.881900000000000000e+04,1.307630745347494994e+01,2.513734117108660016e+01
6.882000000000000000e+04,1.303696518345272182e+01,2.512822888482797268e+01
6.882100000000000000e+04,1.301376559302382674e+01,2.515734387262001093e+01
6.882200000000000000e+04,1.299808792058076889e+01,2.520507758290487033e+01
6.882300000000000000e+04,1.298047501794612302e+01,2.522090376449575189e+01
6.882400000000000000e+04,1.294668996924630555e+01,2.511884899857382791e+01
6.882500000000000000e+04,1.291192633214796892e+01,2.511526481100040442e+01
6.882600000000000000e+04,1.295078448444212782e+01,2.524849641159653402e+01
6.882700000000000000e+04,1.292832605679346081e+01,2.524252279870112048e+01
6.882800000000000000e+04,1.295675201615531336e+01,2.545881208523001504e+01
6.882900000000000000e+04,1.281098419111924613e+01,2.524406239286929576e+01
6.883000000000000000e+04,1.288913482322717563e+01,2.566932252509188572e+01
6.883100000000000000e+04,1.238071775559714816e+01,2.422547006190282914e+01
6.883200000000000000e+04,1.274607959292713311e+01,2.548172579508730351e+01
6.883300000000000000e+04,1.377645103504537261e+01,2.904408928861253969e+01
6.883400000000000000e+04,1.241047640609403224e+01,2.488501192326018341e+01
6.883500000000000000e+04,1.144419991583938234e+01,2.175255583748403154e+01
6.883600000000000000e+04,1.091089395938217699e+01,1.999923458626388495e+01
6.883700000000000000e+04,1.080450979443477522e+01,1.994101423332400458e+01
6.883800000000000000e+04,9.570760847018181749e+00,1.612666071819428737e+01
6.883900000000000000e+04,nan,nan
6.884000000000000000e+04,nan,nan
6.884100000000000000e+04,nan,nan
6.884200000000000000e+04,6.795261777657082725e+00,7.857423428296481660e+00
6.884300000000000000e+04,nan,nan
6.884400000000000000e+04,nan,nan
6.884500000000000000e+04,nan,nan
6.884600000000000000e+04,nan,nan
6.884700000000000000e+04,nan,nan
6.884800000000000000e+04,2.756630950640041267e+00,5.167651012983462522e+00
6.884900000000000000e+04,2.709812194483243619e+00,5.440320848416156707e+00
6.885000000000000000e+04,2.571494446555079527e+00,5.668683964843019396e+00
6.885100000000000000e+04,2.209015523113911694e+00,6.691487422153933551e+00
6.885200000000000000e+04,2.025969748265628034e+00,7.266157707127224086e+00
6.885300000000000000e+04,nan,nan
6.885400000000000000e+04,nan,nan
6.885500000000000000e+04,1.899238902238857163e+00,7.452503679939592729e+00
6.885600000000000000e+04,1.883832518376581389e+00,7.349131359444335487e+00
6.885700000000000000e+04,1.889247446814954046e+00,7.317918445513321046e+00
6.885800000000000000e+04,1.922681856782346932e+00,7.072621198239808393e+00
6.885900000000000000e+04,1.989625799812505091e+00,6.789178084012149839e+00
6.886000000000000000e+04,2.050003407659166221e+00,6.409047348508615016e+00
6.886100000000000000e+04,2.044208864592454766e+00,6.192040961375525399e+00
6.886200000000000000e+04,2.012603543867205858e+00,6.091385565370298849e+00
6.886300000000000000e+04,1.972113018912261539e+00,6.022351149851079555e+00
6.886400000000000000e+04,1.989889924788443620e+00,5.960478568857023873e+00
6.886500000000000000e+04,1.941282801642104205e+00,5.896804734679779614e+00
6.886600000000000000e+04,1.920570550608323490e+00,5.831857838405550609e+00
6.886700000000000000e+04,1.945574845811568698e+00,5.818929223875365153e+00
6.886800000000000000e+04,1.936900023226669987e+00,5.741566741467149626e+00
6.886900000000000000e+04,1.916296558657158089e+00,5.612427863765191205e+00
6.887000000000000000e+04,1.909824444670657373e+00,5.567891972709087867e+00
6.887100000000000000e+04,1.908259744599521079e+00,5.406902426852408183e+00
6.887200000000000000e+04,1.894855560294626651e+00,5.181540695745958658e+00
6.887300000000000000e+04,1.865742511870920106e+00,5.102653662906135423e+00
6.887400000000000000e+04,1.866740688869916065e+00,4.895390427627582142e+00
6.887500000000000000e+04,1.856696708978348598e+00,4.695659454215796558e+00
6.887600000000000000e+04,1.839273608431253981e+00,4.492351520012945798e+00
6.887700000000000000e+04,1.816531984122134791e+00,4.305480702917556357e+00
6.887800000000000000e+04,1.787236548312720164e+00,4.139554804945344557e+00
6.887900000000000000e+04,1.758280118433666273e+00,3.984337048208992371e+00
6.888000000000000000e+04,1.707082189325958232e+00,3.829239472939757860e+00
6.888100000000000000e+04,1.664523109315353633e+00,3.671491764756602549e+00
6.888200000000000000e+04,1.632193238164431071e+00,3.506895805806401256e+00
6.888300000000000000e+04,1.605209222937707514e+00,3.331458400583013457e+00
6.888400000000000000e+04,1.609426918236796178e+00,3.081406560276555240e+00
6.888500000000000000e+04,1.581897402973029276e+00,2.837874382822402453e+00
6.888600000000000000e+04,1.623956028997815437e+00,2.892906408633365345e+00
6.888700000000000000e+04,1.623966436859659579e+00,2.940930102770863641e+00
6.888800000000000000e+04,1.673914757014605570e+00,2.838470401446134161e+00
6.888900000000000000e+04,1.576566841564826627e+00,2.855947614896511055e+00
6.889000000000000000e+04,1.530671529271585785e+00,2.870866065001813183e+00
6.889100000000000000e+04,1.511081102965745160e+00,2.780390945649497070e+00
6.889200000000000000e+04,1.473872361262658082e+00,2.822229305694786916e+00
6.889300000000000000e+04,1.458331911644179302e+00,2.811319692156953209e+00
6.889400000000000000e+04,1.452634135185709496e+00,2.811388679537422775e+00
6.889500000000000000e+04,1.449803673392742187e+00,2.794820407532697004e+00
6.889600000000000000e+04,1.430161805107051265e+00,2.826834085689110765e+00
6.889700000000000000e+04,1.436066897745693627e+00,2.753859060476113285e+00
6.889800000000000000e+04,1.424304449154698560e+00,2.767806189348146262e+00
6.889900000000000000e+04,1.436337246463761819e+00,2.756014112606756328e+00
6.890000000000000000e+04,1.419756952646730630e+00,2.750269932278303742e+00
6.890100000000000000e+04,1.427963022792625658e+00,2.760480804581757042e+00
6.890200000000000000e+04,1.435752773320344788e+00,2.787362419395144286e+00
6.890300000000000000e+04,1.429368545400622414e+00,2.728590241940889172e+00
6.890400000000000000e+04,1.415827753428923419e+00,2.718988369401479588e+00
6.890500000000000000e+04,1.311719141792307308e+00,2.111794345619866675e+00
6.890600000000000000e+04,1.424544148091090756e+00,2.622082436286522267e+00
6.890700000000000000e+04,1.403025531516851165e+00,2.582848441972092957e+00
6.890800000000000000e+04,1.405340698012902623e+00,2.578998997311490626e+00
6.890900000000000000e+04,1.455536461102858725e+00,2.913874332894160091e+00
6.891000000000000000e+04,1.382105715397596857e+00,2.611290838920346857e+00
6.891100000000000000e+04,1.409346853868585159e+00,2.522376859527621917e+00
6.891200000000000000e+04,1.439727560921051364e+00,2.538063298201926443e+00
6.891300000000000000e+04,1.463779140456148875e+00,2.623267000352527134e+00
6.891400000000000000e+04,1.472748338440039495e+00,2.583790008984525599e+00
6.891500000000000000e+04,1.407300210381318584e+00,2.622621505553404120e+00
6.891600000000000000e+04,1.440974307779626429e+00,2.574649241971549429e+00
6.891700000000000000e+04,1.419722604373476083e+00,2.547162278377058442e+00
6.891800000000000000e+04,1.433605541338679235e+00,2.510955729554950722e+00
6.891900000000000000e+04,1.430444209399424738e+00,2.505255220484691847e+00
6.892000000000000000e+04,1.426587870046586604e+00,2.497857841977218385e+00
6.892100000000000000e+04,1.422611388420598644e+00,2.482986115775883462e+00
6.892200000000000000e+04,1.432891385418711527e+00,2.522851915164487480e+00
6.892300000000000000e+04,1.424859013137515396e+00,2.520495780400960228e+00
6.892400000000000000e+04,1.423550403006562881e+00,2.519759605088658816e+00
6.892500000000000000e+04,1.412619048781449393e+00,2.513157017339690213e+00
6.892600000000000000e+04,1.409995648348257413e+00,2.509106289553880487e+00
6.892700000000000000e+04,1.777050985433450137e-01,7.638566902120267343e-01
6.892800000000000000e+04,1.627533379798255242e-01,6.322437385146528754e-01
6.892900000000000000e+04,1.577222826384613030e-01,5.069320775492442976e-01
6.893000000000000000e+04,1.560705776197287009e-01,3.804711264232594203e-01
6.893100000000000000e+04,1.585993839682348083e-01,3.531701281182755281e-01
6.893200000000000000e+04,1.717987734039705949e-01,3.534060152992957171e-01
6.893300000000000000e+04,1.788849050274229913e-01,3.444455502628152033e-01
6.893400000000000000e+04,1.801430931485803744e-01,3.586107495774832898e-01
6.893500000000000000e+04,1.807434485322783058e-01,3.515464393276275246e-01
6.893600000000000000e+04,1.638431157357327639e-01,3.616293057429516011e-01
6.893700000000000000e+04,1.559092442555802538e-01,3.905571573130970364e-01
6.893800000000000000e+04,2.193964877915070832e-02,7.629720023319208622e-02
6.893900000000000000e+04,1.020058372072985692e-02,5.858841026304162369e-02
6.894000000000000000e+04,1.468348674406076346e-02,1.020537531049825475e-02
6.894100000000000000e+04,1.596661825305622368e-02,2.332589377084559601e-02
6.894200000000000000e+04,1.143301194820924363e-02,1.528141173243113826e-02
6.894300000000000000e+04,1.132879127662435662e-02,1.129754186445808273e-02
6.894400000000000000e+04,1.231465583323347428e-02,8.015479673019854090e-03
6.894500000000000000e+04,9.320278832094517837e-03,1.277869525857511235e-02
6.894600000000000000e+04,9.334785724217939049e-03,1.155751062481868985e-02
6.894700000000000000e+04,9.403118426918159051e-03,1.215267605309122700e-02
6.894800000000000000e+04,8.743439084002827683e-03,1.114463758992201292e-02
6.894900000000000000e+04,6.830679568922928824e-03,1.896060576534353004e-02
6.895000000000000000e+04,7.628398793039432510e-03,1.493779193342703593e-02
6.895100000000000000e+04,7.159326840656420922e-03,1.573826941659461909e-02
6.895200000000000000e+04,8.291456228207655030e-03,1.820380593805737135e-02
6.895300000000000000e+04,8.952689804053278605e-03,1.062405759584805764e-02
6.895400000000000000e+04,1.020915670106634782e-02,1.426522244954497864e-02
6.895500000000000000e+04,8.822959768361180247e-03,1.522717663504380425e-02
6.895600000000000000e+04,1.046651708531892017e-02,1.334205774094954222e-02
6.895700000000000000e+04,1.129122732805051821e-02,1.050244909932729342e-02
6.895800000000000000e+04,9.113954936752835523e-03,1.489118008409207050e-02
6.895900000000000000e+04,9.853572818179782283e-03,8.433006065885706448e-03
6.896000000000000000e+04,7.157448018868564112e-03,2.153877749108090711e-02
6.896100000000000000e+04,9.217190125701468437e-03,7.294894355396763785e-03
6.896200000000000000e+04,8.778045869906750745e-03,1.308213015422410308e-02
6.896300000000000000e+04,5.256875502693794840e-03,1.663892403179545454e-02
6.896400000000000000e+04,4.890086766070259397e-03,1.436376611401612990e-02
6.896500000000000000e+04,5.872820342659104166e-03,1.473104201920705236e-02
6.896600000000000000e+04,3.547060062306912551e-03,1.560056388810693306e-02
6.896700000000000000e+04,3.335808597728166444e-03,1.150868966169582563e-02
6.896800000000000000e+04,6.785103755738845430e-03,1.020397744213852320e-02
6.896900000000000000e+04,5.030416030968360916e-03,6.692665323072333194e-03
6.897000000000000000e+04,5.826298736461753280e-03,7.990552623176938596e-03
6.897100000000000000e+04,7.878186383260639067e-03,7.974871008258332949e-04
6.897200000000000000e+04,1.063794536261370924e-02,4.403383748019962241e-03
6.897300000000000000e+04,1.585935108763487228e-02,2.688494886342596146e-04
6.897400000000000000e+04,1.268199112807398381e-02,4.844282232175345371e-02
6.897500000000000000e+04,9.617886379286655005e-03,1.598704164372577452e-02
6.897600000000000000e+04,1.052353351380990072e-02,1.040127452921524309e-02
6.897700000000000000e+04,8.180175054192426187e-03,8.556132331904109378e-03
6.897800000000000000e+04,5.151880737700843295e-03,6.899163909082517421e-03
6.897900000000000000e+04,9.214463390229816336e-03,6.325368872879266746e-03
6.898000000000000000e+04,5.577944114169147705e-03,5.814218170804963393e-03
6.898100000000000000e+04,5.849723836376291390e-03,9.464305079369239593e-03
6.898200000000000000e+04,3.762613612408358121e-03,4.824643087751212533e-03
6.898300000000000000e+04,3.291764607526362352e-02,6.635991740255775539e-02
6.898400000000000000e+04,6.540999749693074579e-03,1.582216791838675363e-02
6.898500000000000000e+04,1.772872180535235622e-03,3.643189523996426260e-02
6.898600000000000000e+04,1.225221933339843382e-02,2.534238717625214576e-02
6.898700000000000000e+04,8.247614913327325561e-03,5.354535644254099225e-02
6.898800000000000000e+04,7.382327440831852952e-03,5.901323935937341503e-03
6.898900000000000000e+04,2.097220188705901933e-02,1.004731325758427829e-01
6.899000000000000000e+04,2.404045637319413703e-02,6.770176255490412132e-02
6.899100000000000000e+04,1.411324457256053939e-02,6.488684811327161128e-02
6.899200000000000000e+04,7.639402351354578243e-03,4.410208967377471367e-02
6.899300000000000000e+04,1.989461301195245141e-02,3.821263256909190886e-02
6.899400000000000000e+04,4.216405154069151860e-03,8.855422157485293155e-02
6.899500000000000000e+04,2.989884172764403422e-02,3.520053016135804569e-02
6.899600000000000000e+04,8.767928554118856188e-03,6.324135117869289502e-02
6.899700000000000000e+04,3.540628043382305912e-02,1.552119600583097281e-01
6.899800000000000000e+04,5.288405998665349564e-03,4.369696971601300106e-02
6.899900000000000000e+04,1.183729461671470702e-02,1.776613802134718867e-02
6.900000000000000000e+04,8.545123936584957114e-03,4.003174259096908827e-02
6.900100000000000000e+04,2.909638546445889821e-03,2.856117510262734527e-02
6.900200000000000000e+04,5.924956435986404417e-03,2.844627736275029406e-02
6.900300000000000000e+04,8.172488178330408054e-03,1.217020666884494062e-02
6.900400000000000000e+04,4.649039015773441356e-03,1.654530416876198728e-02
6.900500000000000000e+04,1.044877420728692989e-02,1.543066458870967494e-02
6.900600000000000000e+04,7.046754010648967510e-03,1.717918218911762551e-02
6.900700000000000000e+04,5.401699084963519117e-03,4.662752867218955544e-03
6.900800000000000000e+04,5.781563651394156476e-03,8.983055108775062081e-03
6.900900000000000000e+04,1.178256376959490453e-02,1.549566911134903080e-02
6.901000000000000000e+04,1.399923995528907540e-02,3.093121354576666704e-02
6.901100000000000000e+04,4.075316123834826776e-02,2.885206188998878929e-02
6.901200000000000000e+04,6.250044847696487396e-03,2.809001460774496195e-02
6.901300000000000000e+04,2.070618976874366579e-02,4.194253340004649999e-02
6.901400000000000000e+04,1.297801705535638409e-02,6.674945816698851786e-02
6.901500000000000000e+04,1.382030077889865455e-02,2.893502712990425607e-02
6.901600000000000000e+04,1.095893872600627733e-02,2.120635607979082238e-02
6.901700000000000000e+04,7.492646954913826339e-03,1.249372481401778145e-02
6.901800000000000000e+04,6.198216402055362409e-03,1.385394377597748417e-02
6.901900000000000000e+04,1.538207418278682726e-03,1.521289375982703973e-02
6.902000000000000000e+04,3.768161016307612285e-03,1.916858640440821659e-02
6.902100000000000000e+04,1.115953133704979637e-03,1.586590532365406148e-02
6.902200000000000000e+04,4.378853804781417981e-03,1.973589817501064658e-02
6.902300000000000000e+04,2.190928034653781553e-03,1.981872680173424328e-02
6.902400000000000000e+04,2.649608173627118236e-03,1.893263866207561819e-02
6.902500000000000000e+04,1.936233703174793661e-03,2.306186401523646623e-02
6.902600000000000000e+04,2.095271003029058020e-03,2.022967842347966894e-02
6.902700000000000000e+04,1.881523715292262233e-03,2.282485307057768864e-02
6.902800000000000000e+04,2.953439748565897614e-03,2.492384958897631009e-02
6.902900000000000000e+04,2.880844712317939902e-03,2.086951588327679019e-02
6.903000000000000000e+04,1.481283633225709620e-03,2.222078365816670953e-02
6.903100000000000000e+04,2.649595728276147970e-03,2.154865400667560493e-02
6.903200000000000000e+04,2.063225960566630705e-03,2.151202530978579830e-02
6.903300000000000000e+04,2.992911025799358752e-03,2.158061771611485824e-02
6.903400000000000000e+04,5.171177792616781996e-03,1.426041883473416760e-02
6.903500000000000000e+04,4.708552178917064721e-03,1.973340905855636152e-02
6.903600000000000000e+04,5.989192354678810580e-03,2.280901128184709137e-02
6.903700000000000000e+04,5.887371077995282725e-03,1.702319613258396203e-02
6.903800000000000000e+04,5.981251430388623107e-03,1.925109130838364990e-02
6.903900000000000000e+04,5.541164853316431736e-03,1.825105678739546988e-02
6.904000000000000000e+04,4.022588600985086034e-03,1.625136709652608147e-02
6.904100000000000000e+04,4.830533687650305323e-03,1.847319319048068564e-02
6.904200000000000000e+04,4.778472767434144633e-03,1.625319295876082037e-02
6.904300000000000000e+04,6.100606527767309627e-03,9.925201715365261634e-03
6.904400000000000000e+04,6.972011463513867226e-03,1.284203263105254678e-02
6.904500000000000000e+04,6.722373656881164283e-03,1.127708793020687494e-02
6.904600000000000000e+04,7.620868473605366122e-03,1.106296350726410083e-02
6.904700000000000000e+04,7.129765818857483270e-03,1.074298449294275315e-02
6.904800000000000000e+04,6.954092738469638130e-03,1.117811582396655012e-02
6.904900000000000000e+04,7.251468388532133179e-03,6.714030222674693960e-03
6.905000000000000000e+04,6.415692264688389879e-03,1.087425470480241074e-02
6.905100000000000000e+04,6.810891174918978948e-03,9.225312969519450235e-03
6.905200000000000000e+04,7.201321539095598134e-03,7.729366241402857440e-03
6.905300000000000000e+04,6.529435756338604693e-03,1.194246731752102164e-02
6.905400000000000000e+04,6.492973762939694901e-03,4.905443362627437409e-03
6.905500000000000000e+04,5.608248812603434767e-03,9.508526326015953600e-03
6.905600000000000000e+04,7.673536193586569416e-03,8.630540327359881303e-03
6.905700000000000000e+04,6.153257512817715026e-03,4.005594638343268343e-03
6.905800000000000000e+04,6.843480622006376836e-03,7.898739569249357828e-03
6.905900000000000000e+04,7.011840800694116999e-03,6.554524379581039284e-03
6.906000000000000000e+04,5.905233098298482385e-03,6.347627109938969170e-03
6.906100000000000000e+04,8.351434050628539149e-03,7.592928148422828372e-03
6.906200000000000000e+04,7.698629360834685284e-03,1.115667575593448646e-02
6.906300000000000000e+04,7.788476745492357856e-03,1.022509018379835766e-02
6.906400000000000000e+04,8.648131313885466104e-03,7.514996004282181730e-03
6.906500000000000000e+04,6.728227768076384431e-03,8.484814732646839275e-03
6.906600000000000000e+04,1.020428092305069277e-02,7.377821106715032329e-03
6.906700000000000000e+04,1.156803024241444440e-02,9.468408390162608157e-03
6.906800000000000000e+04,1.000906280700501576e-02,1.092641038214736682e-02
6.906900000000000000e+04,1.035029712236138454e-02,1.047516342428167491e-02
6.907000000000000000e+04,1.025754196270421865e-02,9.841907503144398106e-03
6.907100000000000000e+04,8.471747487371159013e-03,7.811212466894090767e-03
6.907200000000000000e+04,9.346206302042374750e-03,3.124024366229605221e-03
6.907300000000000000e+04,6.333863601519324274e-03,6.606017415972331719e-03
6.907400000000000000e+04,6.190395988991790818e-03,7.728317257534200735e-03
6.907500000000000000e+04,5.397380949229485178e-03,7.506111199496956488e-03
6.907600000000000000e+04,3.925651407466663328e-03,8.147384553684133834e-03
6.907700000000000000e+04,2.760651289411431269e-03,9.490529865363583895e-03
6.907800000000000000e+04,4.151668399470869429e-03,1.134431154417825383e-02
6.907900000000000000e+04,2.771678671289883565e-03,9.314543347407777674e-03
6.908000000000000000e+04,4.084243664947447353e-03,5.169337069077073465e-03
6.908100000000000000e+04,2.819540559323562446e-03,5.147568885920605908e-03
6.908200000000000000e+04,2.574134131948607913e-03,6.491562350035451345e-03
6.908300000000000000e+04,7.376663610248372985e-03,6.086760637913357641e-03
6.908400000000000000e+04,4.670659940935745734e-03,6.922244273983579887e-03
6.908500000000000000e+04,5.130151447717149274e-03,5.824185210244081645e-03
6.908600000000000000e+04,7.336781781700545992e-03,2.925187458572509058e-03
6.908700000000000000e+04,9.351547052134536256e-03,4.524074744992390151e-03
6.908800000000000000e+04,5.579721069571213533e-03,2.588211873590040568e-03
6.908900000000000000e+04,7.819733305943585289e-03,1.373505456328416585e-03
6.909000000000000000e+04,8.054047892135818287e-03,1.639148655293709567e-02
6.909100000000000000e+04,8.181187447239899116e-03,1.027229650691552365e-02
6.909200000000000000e+04,3.599105724415789520e-03,5.523874872181977480e-03
6.909300000000000000e+04,5.178281177199505793e-03,4.076832761789717097e-03
6.909400000000000000e+04,2.808952660764960085e-03,5.442603656948818980e-03
6.909500000000000000e+04,2.802009011090270466e-03,2.266065481216017474e-02
6.909600000000000000e+04,3.432713077370315230e-04,1.165499389643187556e-02
6.909700000000000000e+04,3.484396319993404018e-03,7.161582287700696270e-03
6.909800000000000000e+04,1.718570398686510882e-03,1.252803524997858631e-02
6.909900000000000000e+04,2.704975278105035616e-03,1.044384019190403023e-02
6.910000000000000000e+04,1.144910192812377244e-03,1.379795770579761438e-02
6.910100000000000000e+04,8.933606645238843444e-03,1.192712254291095064e-02
6.910200000000000000e+04,4.252822782611047868e-03,1.538734773554040203e-02
6.910300000000000000e+04,5.010741045962848091e-03,2.510752344171862660e-02
6.910400000000000000e+04,3.339743290806617554e-03,1.460251985382043927e-02
6.910500000000000000e+04,5.279900183177569165e-03,6.228186802513135945e-03
6.910600000000000000e+04,3.847151821834589140e-03,2.695468471024042856e-02
6.910700000000000000e+04,3.572581691975909753e-03,4.523633736457810528e-03
6.910800000000000000e+04,5.398599674069801081e-04,2.346900746158908646e-02
6.910900000000000000e+04,3.520719227266787266e-03,1.763819710468439439e-02
6.911000000000000000e+04,7.416203192054054635e-03,1.812813036524829613e-02
6.911100000000000000e+04,5.740174617422953707e-03,1.898012283147920698e-02
6.911200000000000000e+04,1.826378686573996990e-02,5.428148250321740420e-02
6.911300000000000000e+04,6.302522391401847723e-02,8.189908937229972707e-02
6.911400000000000000e+04,1.138714289265191533e-02,1.170997984194954711e-02
6.911500000000000000e+04,7.190751479403014249e-03,1.963850092417018800e-02
6.911600000000000000e+04,6.659812215934309693e-03,1.779233863744522637e-02
6.911700000000000000e+04,3.306180607253396148e-03,3.093223983405479771e-02
6.911800000000000000e+04,1.595963301096942673e-03,3.801516869386034614e-02
6.911900000000000000e+04,3.044777580526462652e-03,1.031964361034098943e-02
6.912000000000000000e+04,1.162671799575663682e-02,1.715789919342824987e-02
6.912100000000000000e+04,6.001774226994055147e-03,5.759230166287210295e-03
6.912200000000000000e+04,7.346355260798557822e-03,1.334631321769919055e-02
6.912300000000000000e+04,9.067612031086020111e-03,4.315235589920973780e-03
6.912400000000000000e+04,1.152575579836058635e-02,9.719607212002046026e-03
6.912500000000000000e+04,5.504295942331308665e-03,9.734309252980466454e-03
6.912600000000000000e+04,4.579964369431354168e-03,9.596479934707247139e-03
6.912700000000000000e+04,8.116193016683139957e-03,9.243075651532706161e-03
6.912800000000000000e+04,7.582852330108804176e-03,5.805138087467298647e-03
6.912900000000000000e+04,7.460172424876120555e-03,6.967237947048232627e-03
6.913000000000000000e+04,3.091839241900745400e-03,1.453732874985291801e-04
6.913100000000000000e+04,4.582607871630215747e-03,1.550050217937837260e-02
6.913200000000000000e+04,5.164084860696087527e-03,6.768439619197152979e-03
6.913300000000000000e+04,3.372026493149056069e-03,1.107296159719695083e-02
6.913400000000000000e+04,6.687174107686497462e-03,1.136899441430827551e-02
6.913500000000000000e+04,3.986929275254047153e-03,2.399546377790784391e-02
6.913600000000000000e+04,3.895924241587862824e-03,2.637036385659996540e-02
6.913700000000000000e+04,6.081039372737255880e-03,1.556389532559521172e-02
6.913800000000000000e+04,2.717906864685675893e-03,1.953383531108343618e-02
6.913900000000000000e+04,3.753004483623471454e-03,3.928833040290413692e-02
6.914000000000000000e+04,4.907880230528911814e-03,2.463701454823663539e-02
6.914100000000000000e+04,2.233611161085978687e-03,1.658876625038274710e-02
6.914200000000000000e+04,6.096868547444531626e-03,2.262729550907494058e-02
6.914300000000000000e+04,7.437861159152853695e-03,9.109224990076825179e-03
6.914400000000000000e+04,7.082664887752054828e-03,1.641616756824859635e-02
6.914500000000000000e+04,7.941637585388848161e-03,1.759412802917026397e-02
6.914600000000000000e+04,9.008988669855645670e-03,1.740993806043533709e-02
6.914700000000000000e+04,6.848367774541968059e-03,1.935223907733174542e-02
6.914800000000000000e+04,2.743518466258544706e-03,1.330467648676503245e-02
6.914900000000000000e+04,5.515850969857579757e-03,1.333948037987653379e-02
6.915000000000000000e+04,6.441088285493288060e-03,1.932873057139516959e-02
6.915100000000000000e+04,7.187895310786056313e-03,1.135614417110986096e-02
6.915200000000000000e+04,5.102117490307172230e-03,2.026218433747217773e-02
6.915300000000000000e+04,4.409478029186699594e-03,2.276476448781394879e-02
6.915400000000000000e+04,4.092081549343301768e-03,1.803888073213855137e-02
6.915500000000000000e+04,5.267291627065066872e-03,1.320771431023359810e-02
6.915600000000000000e+04,3.807343547323054859e-03,1.286378538986099329e-02
6.915700000000000000e+04,5.968550296549263862e-03,1.564129744888020923e-02
6.915800000000000000e+04,7.406335634371973356e-03,5.190244186806580728e-03
6.915900000000000000e+04,6.953285381182743377e-03,1.144137554902258103e-02
6.916000000000000000e+04,6.137671336602807184e-03,2.085231135555432047e-02
6.916100000000000000e+04,2.052460896058050117e-03,1.379081854967267873e-02
6.916200000000000000e+04,4.459047343289026383e-03,1.952975433541936923e-02
6.916300000000000000e+04,8.592431428608314839e-03,1.066306161171226563e-02
6.916400000000000000e+04,6.190278849346243090e-03,1.831841785924126498e-02
6.916500000000000000e+04,9.341130996120544996e-03,2.975149119414766119e-03
6.916600000000000000e+04,8.987407859456352649e-03,8.087971884080502605e-03
6.916700000000000000e+04,7.520618683587721983e-04,2.044605174523894675e-02
6.916800000000000000e+04,5.101381887432349278e-03,1.441578430408441136e-02
6.916900000000000000e+04,1.076566900092335022e-02,5.978966829133014471e-03
6.917000000000000000e+04,8.049663274666460019e-03,2.400005262313698040e-02
6.917100000000000000e+04,1.993002931358963271e-03,2.990176921545639743e-02
6.917200000000000000e+04,4.422684960008299061e-03,4.514793685341800256e-03
6.917300000000000000e+04,1.903826594048628874e-04,1.612981288690917836e-03
6.917400000000000000e+04,3.948787705457776007e-03,3.504623809881479701e-03
6.917500000000000000e+04,1.132097019246680256e-02,2.502458600832468960e-02
6.917600000000000000e+04,7.480931239930859594e-03,1.126531647948425530e-02
6.917700000000000000e+04,1.365664785961656635e-02,1.125232014706867290e-02
6.917800000000000000e+04,3.699282739482239249e-03,3.356840235402103190e-02
6.917900000000000000e+04,2.083564665633111986e-03,2.801292165561264369e-02
6.918000000000000000e+04,1.075702386089410004e-02,4.582868875306900236e-03
6.918100000000000000e+04,4.227204429192873980e-03,2.085558614510318876e-02
6.918200000000000000e+04,4.189412142817967519e-03,1.713491804238742588e-03
6.918300000000000000e+04,6.400198243135508426e-03,3.415508139593015358e-03
6.918400000000000000e+04,4.701307477188831040e-03,1.733903631104993792e-02
6.918500000000000000e+04,8.671590216608713458e-03,4.081300125406883694e-02
6.918600000000000000e+04,4.440755208290913386e-03,6.233249609534752267e-02
6.918700000000000000e+04,3.684806479809536826e-03,2.628442919331419603e-02
6.918800000000000000e+04,6.123555590039323968e-03,1.633869988182112820e-02
6.918900000000000000e+04,7.149746264055364606e-03,1.341680867152916790e-02
6.919000000000000000e+04,5.092038827071052390e-03,3.476150359932717038e-02
6.919100000000000000e+04,3.318508688170640226e-03,1.874661187522619343e-02
6.919200000000000000e+04,7.717031857127594659e-03,3.935522048358919278e-02
6.919300000000000000e+04,8.655048811543275544e-03,8.851791458955204916e-03
6.919400000000000000e+04,5.353352174298057348e-03,6.008390464575796841e-03
6.919500000000000000e+04,2.114189144988339302e-03,5.638977118854526793e-02
6.919600000000000000e+04,1.450106700066675428e-02,3.236737163801706174e-02
6.919700000000000000e+04,1.692077799647367584e-02,1.225616455793847592e-01
6.919800000000000000e+04,4.883766808899279999e-02,4.138769960686161653e-02
6.919900000000000000e+04,1.942540867598253548e-02,2.984827402633172255e-02
6.920000000000000000e+04,2.071779494245499023e-02,1.043006914335578017e-01
6.920100000000000000e+04,2.640847373270038476e-02,6.803521390574118755e-02
6.920200000000000000e+04,3.661783921580116785e-02,1.035660311289632318e-01
6.920300000000000000e+04,1.331203200909927657e-02,1.931211488500750306e-02
6.920400000000000000e+04,1.025619223756074096e-02,2.224529946452946660e-03
6.920500000000000000e+04,1.919050366650828371e-02,1.987001142518352026e-02
6.920600000000000000e+04,1.781317669234818530e-03,1.502198769528106936e-02
6.920700000000000000e+04,6.546469856290965290e-03,1.083237733289976745e-02
6.920800000000000000e+04,1.578855861815949002e-02,2.070843729274685074e-02
6.920900000000000000e+04,5.727136281864756220e-03,3.184036547692414842e-02
6.921000000000000000e+04,1.087677092185010061e-02,1.505469107765229353e-01
6.921100000000000000e+04,2.249950706567049874e-02,3.360124615401716142e-02
6.921200000000000000e+04,1.212715832360848796e-02,2.075895986395082105e-02
6.921300000000000000e+04,9.262980790453789748e-03,8.951033088340665245e-03
6.921400000000000000e+04,1.218349366538262280e-03,1.950505341780228719e-02
6.921500000000000000e+04,1.163637901452098562e-02,1.078003987973019662e-02
6.921600000000000000e+04,1.638953647658860638e-03,2.189996409381222975e-03
6.921700000000000000e+04,4.809875657613891207e-03,8.173661559524703080e-03
6.921800000000000000e+04,2.442923734954377795e-03,7.507947770726275394e-04
6.921900000000000000e+04,2.255794181736539561e-02,2.037808516338657228e-02
6.922000000000000000e+04,1.953105316991329485e-02,2.113424905046201729e-02
6.922100000000000000e+04,1.208247298682354511e-02,2.075382404336068021e-02
6.922200000000000000e+04,1.061087507752091208e-02,3.007500039275967652e-02
6.922300000000000000e+04,6.533575529777746645e-03,9.255714979225615480e-03
6.922400000000000000e+04,1.881745781727304188e-03,1.327486450018611208e-02
6.922500000000000000e+04,6.030433267504142943e-03,1.247856745411368706e-02
6.922600000000000000e+04,4.718467942922563441e-03,1.780868013388214877e-02
6.922700000000000000e+04,1.081696537785440705e-02,2.898892818607379240e-02
6.922800000000000000e+04,3.268253504947053831e-03,2.917885490331073584e-02
6.922900000000000000e+04,8.151859556426232362e-03,3.202204569043232141e-02
6.923000000000000000e+04,4.613735297990564400e-03,2.868055842088068630e-02
6.923100000000000000e+04,9.615556224424526635e-03,1.125953043741745319e-02
6.923200000000000000e+04,7.673272586870667593e-03,2.979107001688063860e-02
6.923300000000000000e+04,4.711677887736860637e-03,2.402620004734856707e-02
6.923400000000000000e+04,5.596255002815677011e-03,1.646245304742777193e-02
6.923500000000000000e+04,6.633942037638680678e-03,8.394323818112781055e-03
6.923600000000000000e+04,3.766793949825328249e-03,1.204331729369556570e-02
6.923700000000000000e+04,6.566167393520188147e-03,2.228078068051075888e-02
6.923800000000000000e+04,6.500621492171776471e-04,2.202193536507479621e-02
6.923900000000000000e+04,2.377768209210474187e-03,2.785776791347416292e-02
6.924000000000000000e+04,5.575686160738887315e-03,2.542633214809697506e-02
6.924100000000000000e+04,7.522866371498223258e-03,1.398715384088689007e-02
6.924200000000000000e+04,2.883460372019264369e-03,2.758074235551433162e-02
6.924300000000000000e+04,1.207109941879393709e-02,2.708035969061128867e-02
6.924400000000000000e+04,1.140640201903760260e-02,2.957516766122125773e-02
6.924500000000000000e+04,8.129722895237643382e-03,3.019855936801008056e-02
6.924600000000000000e+04,5.778397096721244082e-03,3.565668576794678302e-02
6.924700000000000000e+04,2.808676578032502907e-03,2.178893096360567938e-02
6.924800000000000000e+04,7.045258165553501886e-03,2.064939015747668805e-02
6.924900000000000000e+04,5.371383891870648054e-03,3.227851348810162335e-02
6.925000000000000000e+04,1.368128443424950803e-02,1.606407606714554959e-02
6.925100000000000000e+04,7.279669882493973627e-03,1.703633120008163360e-02
6.925200000000000000e+04,4.169074454743365403e-03,1.083337664016070789e-02
6.925300000000000000e+04,2.429152362372395506e-03,1.524518834652965893e-02
6.925400000000000000e+04,8.678201488031176206e-03,2.084133022525236356e-02
6.925500000000000000e+04,1.076673910184895028e-02,2.374503969490859845e-02
6.925600000000000000e+04,2.561689475328021541e-03,1.090315994190405036e-02
6.925700000000000000e+04,6.121722526859003054e-03,9.191523213395669245e-03
6.925800000000000000e+04,5.981747114894545199e-03,7.038163788557483258e-03
6.925900000000000000e+04,3.707253455347512498e-03,6.055099109389061596e-03
6.926000000000000000e+04,4.850797638647853793e-03,2.351222460627511168e-02
6.926100000000000000e+04,3.659180002630479760e-03,2.094888002439176944e-03
6.926200000000000000e+04,3.365605308573913195e-03,6.979154590169400763e-03
6.926300000000000000e+04,2.187433142360145286e-03,1.742108412545206875e-02
6.926400000000000000e+04,7.189698306945198000e-03,3.077453785414618892e-02
6.926500000000000000e+04,1.597981281320988434e-02,4.499653724096219776e-03
6.926600000000000000e+04,3.842528203824956134e-02,3.185239697344854903e-03
6.926700000000000000e+04,2.033130042131240170e-02,2.875518368189489138e-02
6.926800000000000000e+04,1.497380081405793872e-01,5.687109188167838170e-02
6.926900000000000000e+04,1.449641806751214221e-02,1.992169721631853463e-05
6.927000000000000000e+04,1.756018993643553017e-02,5.555507726455743978e-04
6.927100000000000000e+04,1.759968914343174040e-02,6.699430876391687661e-03
6.927200000000000000e+04,2.308420498856710371e-02,4.262492522043359600e-02
6.927300000000000000e+04,8.905102525355963403e-03,1.750074778789567631e-02
6.927400000000000000e+04,3.136034281498013051e-03,1.635318576808941771e-02
6.927500000000000000e+04,3.202655647223721664e-03,1.301025707737579751e-02
6.927600000000000000e+04,4.523885627660844365e-03,9.751200102012802517e-03
6.927700000000000000e+04,1.474068699569133431e-02,5.323395153808974101e-04
6.927800000000000000e+04,1.028156261627512745e-02,4.306078504015431463e-03
6.927900000000000000e+04,1.171163416088085926e-02,1.742292671064404885e-03
6.928000000000000000e+04,8.289401216957294205e-03,1.550944129800768678e-02
6.928100000000000000e+04,6.951177491177579736e-03,6.080650741964177541e-04
6.928200000000000000e+04,3.657403182896270654e-03,6.670848583397059883e-03
6.928300000000000000e+04,1.927614145761794365e-02,4.458889414857480915e-02
6.928400000000000000e+04,1.376826311474009870e-02,1.659112536804485671e-02
6.928500000000000000e+04,1.071297317333146613e-02,1.607348002834640965e-02
6.928600000000000000e+04,1.074966901315495445e-02,8.657243476115183967e-03
6.928700000000000000e+04,7.165522674231165380e-03,5.170244196211370991e-03
6.928800000000000000e+04,8.243221343218634298e-03,2.924882161614306142e-02
6.928900000000000000e+04,2.279653557442569423e-02,2.260021359602859548e-02
6.929000000000000000e+04,1.107946571933536399e-02,2.688047954160666109e-02
6.929100000000000000e+04,1.011519611831411015e-02,1.316161180812258635e-02
6.929200000000000000e+04,6.210462652147424531e-03,1.221932612894605086e-02
6.929300000000000000e+04,7.206277547886825834e-03,1.365542932174257373e-02
6.929400000000000000e+04,7.589923672199977260e-03,1.788345098676025202e-02
6.929500000000000000e+04,7.332301449926050679e-03,1.081990524563458678e-02
6.929600000000000000e+04,3.883326724301618994e-03,2.381717608002631437e-02
6.929700000000000000e+04,9.624247852852381435e-03,1.241780693040972494e-02
6.929800000000000000e+04,7.058362698865954139e-03,1.962665363691407094e-02
6.929900000000000000e+04,7.125390421450415908e-03,2.041161495740340115e-02
6.930000000000000000e+04,6.016787000647373651e-03,3.033871494053741458e-02
6.930100000000000000e+04,7.726908416979257760e-03,1.355687511644454446e-02
6.930200000000000000e+04,2.265896377274275592e-02,7.651411388201800889e-02
6.930300000000000000e+04,7.325879147527203546e-03,3.207683658681581562e-02
6.930400000000000000e+04,7.344639407090592167e-03,2.483102441754780898e-02
6.930500000000000000e+04,8.852063720870037566e-03,2.305996735312376700e-02
6.930600000000000000e+04,1.000053917931178170e-02,1.420697319158747973e-02
6.930700000000000000e+04,3.109867518078442226e-03,1.633200762078779178e-02
6.930800000000000000e+04,4.417633498679627777e-03,7.706178277540942645e-03
6.930900000000000000e+04,7.397126081532308210e-03,2.162906778851336753e-02
6.931000000000000000e+04,8.261279815251033193e-03,2.233634921557303699e-02
6.931100000000000000e+04,2.552504920235455256e-03,3.347706845467079972e-02
6.931200000000000000e+04,5.139656798517828508e-03,2.603095854151860067e-02
6.931300000000000000e+04,5.594982669075287442e-03,2.203594150037879729e-02
6.931400000000000000e+04,5.807808300628708800e-03,2.431991099185104588e-02
6.931500000000000000e+04,4.579373961319925870e-03,2.650401532708279717e-02
6.931600000000000000e+04,1.662548200320920029e-03,2.031703109706484156e-02
6.931700000000000000e+04,8.902594349081671340e-03,2.860218279707282818e-02
6.931800000000000000e+04,1.554663906147939895e-02,1.149245855467384558e-02
6.931900000000000000e+04,1.313429331278917825e-02,1.663160269996488694e-02
6.932000000000000000e+04,1.300498956910472667e-02,1.070758357819023843e-02
6.932100000000000000e+04,1.109131877733437327e-02,1.006955703807577152e-02
6.932200000000000000e+04,3.972521055389620533e-03,1.309188082344370230e-02
6.932300000000000000e+04,1.248636818291682174e-02,2.127255074380585143e-02
6.932400000000000000e+04,1.054653620626654249e-02,3.005065527373318446e-02
6.932500000000000000e+04,4.457723314944109227e-03,2.998983340184047108e-02
6.932600000000000000e+04,3.450091674141630722e-03,7.534062431400201376e-03
6.932700000000000000e+04,4.282352987427703525e-03,1.832487340755939442e-02
6.932800000000000000e+04,7.435236269796542327e-03,1.186271183822817932e-02
6.932900000000000000e+04,7.803559573246472703e-03,2.096711355292768530e-03
6.933000000000000000e+04,7.546451238286621364e-03,3.604717834985393665e-03
6.933100000000000000e+04,8.309910697643680885e-03,1.928981401321472333e-02
6.933200000000000000e+04,8.198671360870674746e-03,1.884070491749056941e-02
6.933300000000000000e+04,6.852231490175684191e-03,4.657081078423175313e-02
6.933400000000000000e+04,1.003483778620114456e-03,5.557300047771462914e-02
6.933500000000000000e+04,1.401031493407927341e-02,1.061499518346664672e-03
6.933600000000000000e+04,3.958174802222077897e-03,5.798854349013282672e-03
6.933700000000000000e+04,3.283761549358013131e-03,1.606118567471170877e-03
6.933800000000000000e+04,4.043541933263752192e-03,2.148010155271684596e-02
6.933900000000000000e+04,9.967360915770027280e-03,2.194735924883239875e-02
6.934000000000000000e+04,8.904838206982991500e-03,2.132831990944161760e-02
6.934100000000000000e+04,5.749176358304770341e-03,1.757220278841842287e-02
6.934200000000000000e+04,4.895268344299221440e-03,2.013017545525030982e-02
6.934300000000000000e+04,1.595180509148403421e-03,1.654205710961953457e-02
6.934400000000000000e+04,3.262616646934331927e-03,2.706011610900205255e-02
6.934500000000000000e+04,4.684786312011647233e-03,2.941814513494556138e-02
6.934600000000000000e+04,2.082203014913050747e-03,2.519703694411745687e-02
6.934700000000000000e+04,4.433767558126760003e-03,3.045613657824475240e-02
6.934800000000000000e+04,4.039482010232782992e-03,2.672200536512647773e-02
6.934900000000000000e+04,5.033806630692953636e-03,3.352313998699862907e-02
6.935000000000000000e+04,5.561895388576649016e-03,3.453012924597231859e-02
6.935100000000000000e+04,4.559342404871666657e-03,3.614712285869359221e-02
6.935200000000000000e+04,4.399743955882767267e-03,3.439907912605555396e-02
6.935300000000000000e+04,8.979795841788047739e-03,2.956773275498747466e-02
6.935400000000000000e+04,5.789206720948509091e-03,2.221989945148727941e-02
6.935500000000000000e+04,5.622309885615882526e-03,1.168396624148115848e-02
6.935600000000000000e+04,1.620940936675453747e-03,7.903012447556534426e-03
6.935700000000000000e+04,3.535708294444482938e-03,1.551188856883101153e-04
6.935800000000000000e+04,5.319491603948039993e-03,1.546317449774647912e-02
6.935900000000000000e+04,7.377723085592390040e-03,1.972817739752841248e-02
6.936000000000000000e+04,7.430109293711367573e-03,1.343722049236717453e-02
6.936100000000000000e+04,7.679609133578916592e-03,1.122621436544157802e-02
6.936200000000000000e+04,7.202667381495361613e-03,7.989181393668332021e-03
6.936300000000000000e+04,4.460528133695121876e-03,8.422091199559389452e-03
6.936400000000000000e+04,3.974039949999047701e-03,1.559004224153159868e-02
6.936500000000000000e+04,5.997035565766859096e-03,9.682081927812724587e-03
6.936600000000000000e+04,7.250323115217392408e-03,1.013910427175002127e-02
6.936700000000000000e+04,4.141516310996863279e-03,4.253053647441440432e-03
6.936800000000000000e+04,7.499781471255288767e-03,9.860435342865514485e-04
6.936900000000000000e+04,2.477844140890963706e-03,2.659994170930879420e-03
6.937000000000000000e+04,4.238058798850532875e-03,4.780387123233253988e-04
6.937100000000000000e+04,4.451058420886024741e-03,5.167950051111702692e-03
6.937200000000000000e+04,4.945067914298019278e-03,1.053495057128417400e-02
6.937300000000000000e+04,5.324825184820575555e-03,1.370795577161976198e-02
6.937400000000000000e+04,1.085299594396527470e-02,2.413088796104556621e-02
6.937500000000000000e+04,7.266434788938928510e-03,5.991026897574247556e-03
6.937600000000000000e+04,1.676027112236858074e-02,2.067895722404444747e-02
6.937700000000000000e+04,2.618540302936667521e-02,2.998696050365534660e-02
6.937800000000000000e+04,6.234407788654821106e-03,2.471695621483549488e-02
6.937900000000000000e+04,4.088077113324960384e-03,2.766017823710442691e-03
6.938000000000000000e+04,2.143628507805616853e-03,9.899813061456375074e-05
6.938100000000000000e+04,4.555078887914658196e-03,5.763974812653893665e-03
6.938200000000000000e+04,3.570822271951059300e-03,1.506999905767014702e-02
6.938300000000000000e+04,7.820136784539979957e-03,3.031495359086511243e-02
6.938400000000000000e+04,3.268939407349760479e-03,1.290697944120533514e-02
6.938500000000000000e+04,1.208207240410402034e-02,7.540064651279321239e-03
6.938600000000000000e+04,3.078688862708395171e-03,2.566900029779617398e-02
6.938700000000000000e+04,2.671818998887572766e-03,8.904987311130430072e-03
6.938800000000000000e+04,1.236755640335300901e-02,1.486197743426997953e-02
6.938900000000000000e+04,1.367194903881350718e-02,1.523594204645761785e-02
6.939000000000000000e+04,9.441379524022817937e-03,1.524196657801746291e-02
6.939100000000000000e+04,4.266444508345085089e-03,2.177198639041066919e-02
6.939200000000000000e+04,2.166053657337573945e-03,4.328995085718823077e-03
6.939300000000000000e+04,1.694991425917348341e-03,8.804000070998574401e-03
6.939400000000000000e+04,6.197833972368157161e-03,2.030500182385952535e-02
6.939500000000000000e+04,1.104722880049192370e-02,9.821005256198306332e-03
6.939600000000000000e+04,4.337856973574923114e-03,5.829000809991852217e-03
6.939700000000000000e+04,1.011254456380819740e-02,2.181000025321444546e-02
6.939800000000000000e+04,5.300711890931818389e-03,1.055099999220989598e-02
6.939900000000000000e+04,3.054885999023626651e-03,5.349998663929701054e-03
6.940000000000000000e+04,3.425432773261195048e-03,5.803000515672215864e-03
6.940100000000000000e+04,2.412883275267233701e-03,7.979001115999140303e-03
6.940200000000000000e+04,3.756228025537332576e-03,3.475002149655813388e-03
6.940300000000000000e+04,5.190747404092354959e-03,4.819001104919375111e-03
6.940400000000000000e+04,6.965768330230950878e-03,5.711999957587657328e-03
6.940500000000000000e+04,7.494664755400595214e-03,1.452999912334600185e-03
6.940600000000000000e+04,8.314847441754150831e-03,4.934001497313017515e-03
6.940700000000000000e+04,6.874140392322308259e-03,3.193000820766053738e-03
6.940800000000000000e+04,5.696948198539574827e-03,7.651000534450669299e-03
6.940900000000000000e+04,6.830006732688792895e-03,6.154999961224025262e-03
6.941000000000000000e+04,4.863206120646854612e-03,7.078000107097824622e-03
6.941100000000000000e+04,5.240523028825035644e-03,1.207799985035576396e-02
6.941200000000000000e+04,4.417688050324916453e-03,9.407000021588958483e-03
6.941300000000000000e+04,6.570433702711302865e-03,9.055998943327141226e-03
6.941400000000000000e+04,7.850747755992039736e-03,4.597999495226018363e-03
6.941500000000000000e+04,9.414967443349981507e-03,1.030800105690841267e-02
6.941600000000000000e+04,8.909959285413677349e-03,9.017999796041384353e-03
6.941700000000000000e+04,9.908983079671565899e-03,7.729000521020351622e-03
6.941800000000000000e+04,9.810960277868192511e-03,7.422999988449537068e-03
6.941900000000000000e+04,9.062917050025232416e-03,9.804999953992157846e-03
