utc_sec,hor_err_m(nan=no solution),ver_err_m
6.538000000000000000e+04,nan,nan
6.538100000000000000e+04,nan,nan
6.538200000000000000e+04,nan,nan
6.538300000000000000e+04,nan,nan
6.538400000000000000e+04,nan,nan
6.538500000000000000e+04,nan,nan
6.538600000000000000e+04,nan,nan
6.538700000000000000e+04,nan,nan
6.538800000000000000e+04,nan,nan
6.538900000000000000e+04,nan,nan
6.539000000000000000e+04,nan,nan
6.539100000000000000e+04,nan,nan
6.539200000000000000e+04,nan,nan
6.539300000000000000e+04,nan,nan
6.539400000000000000e+04,nan,nan
6.539500000000000000e+04,nan,nan
6.539600000000000000e+04,nan,nan
6.539700000000000000e+04,nan,nan
6.539800000000000000e+04,nan,nan
6.539900000000000000e+04,nan,nan
6.540000000000000000e+04,nan,nan
6.540100000000000000e+04,nan,nan
6.540200000000000000e+04,5.682421509032932194e-01,5.085381204676428624e+00
6.540300000000000000e+04,1.057527453828746244e+00,4.789245837521953320e+00
6.540400000000000000e+04,1.009261789123460540e+00,4.917452489775754998e+00
6.540500000000000000e+04,9.909253554743323589e-01,5.059286918514982467e+00
6.540600000000000000e+04,9.415047394492036537e-01,5.127351779574541801e+00
6.540700000000000000e+04,8.802327614207086093e-01,5.187474178649698509e+00
6.540800000000000000e+04,7.823084485264997223e-01,5.239843971956357649e+00
6.540900000000000000e+04,6.463585786428515112e-01,5.235433481581063475e+00
6.541000000000000000e+04,4.319919661667974142e-01,5.216337128531465694e+00
6.541100000000000000e+04,1.988539862919407042e-01,5.261752007128731812e+00
6.541200000000000000e+04,1.152927688923630900e-01,5.272783162357864484e+00
6.541300000000000000e+04,1.488876450333358470e-01,5.295976198773026056e+00
6.541400000000000000e+04,1.370048735486104063e-01,5.323592451518901036e+00
6.541500000000000000e+04,1.713869416410840341e-01,5.339094692148556476e+00
6.541600000000000000e+04,2.146359997954910004e-01,5.377316750223370079e+00
6.541700000000000000e+04,4.092463698894339696e-01,5.418820495270137094e+00
6.541800000000000000e+04,6.044619395314464461e-01,5.465647439997256996e+00
6.541900000000000000e+04,7.683935926342254641e-01,5.480342699869632739e+00
6.542000000000000000e+04,8.378274021291072238e-01,5.492164584713912667e+00
6.542100000000000000e+04,8.729199426924082461e-01,5.533384569055918689e+00
6.542200000000000000e+04,7.588862504806306308e-01,5.573527497792755803e+00
6.542300000000000000e+04,6.105554976257616673e-01,5.583935261702563047e+00
6.542400000000000000e+04,4.332265042020215784e-01,5.559723387111520587e+00
6.542500000000000000e+04,2.349614856685493802e-01,5.535066340252186912e+00
6.542600000000000000e+04,1.548466629810206496e-01,5.553165792918107968e+00
6.542700000000000000e+04,1.842692890004921369e-01,5.558012232422358423e+00
6.542800000000000000e+04,2.210423680890359899e-01,5.554903252223812871e+00
6.542900000000000000e+04,2.125410892466169099e-01,5.550797573681181873e+00
6.543000000000000000e+04,2.576639273867921687e-01,5.586275237209243016e+00
6.543100000000000000e+04,3.173609539200032970e-01,5.634191035958013849e+00
6.543200000000000000e+04,3.627870589892126518e-01,5.674996530647371529e+00
6.543300000000000000e+04,3.223080544529452474e-01,5.602560890467655597e+00
6.543400000000000000e+04,3.489273431555734439e-01,5.655800012508110264e+00
6.543500000000000000e+04,3.850114883066989568e-01,5.609366393504879866e+00
6.543600000000000000e+04,5.085071053840526378e-01,5.594032580224076234e+00
6.543700000000000000e+04,6.203195304315081149e-01,5.590382726958946336e+00
6.543800000000000000e+04,8.152596941785561491e-01,5.582034568394057317e+00
6.543900000000000000e+04,9.292793045160356868e-01,5.587473717347323010e+00
6.544000000000000000e+04,9.389849897388596878e-01,5.595061930096675518e+00
6.544100000000000000e+04,9.786380843641179217e-01,5.630168516255951161e+00
6.544200000000000000e+04,9.268410316131132642e-01,5.678853320793333381e+00
6.544300000000000000e+04,9.737751529942686446e-01,5.695533858102157510e+00
6.544400000000000000e+04,9.486818812194230954e-01,5.696993146476662773e+00
6.544500000000000000e+04,9.619300690694519984e-01,5.697249858617237095e+00
6.544600000000000000e+04,9.453171351545180956e-01,5.713804521285612559e+00
6.544700000000000000e+04,9.545053918482443445e-01,5.747986957877079028e+00
6.544800000000000000e+04,9.159092258269130316e-01,5.764352225735884794e+00
6.544900000000000000e+04,9.545837629596132246e-01,5.767150229533886119e+00
6.545000000000000000e+04,9.258366904958071908e-01,5.764976455735478567e+00
6.545100000000000000e+04,9.070447874091343010e-01,5.754812583550187099e+00
6.545200000000000000e+04,8.652525751012609678e-01,5.766763182855615177e+00
6.545300000000000000e+04,8.569926998508703431e-01,5.757331340526129715e+00
6.545400000000000000e+04,8.443084585420974619e-01,5.766924578471871676e+00
6.545500000000000000e+04,8.024610929657765013e-01,5.775011891325705804e+00
6.545600000000000000e+04,8.454256335827414759e-01,5.826843808765802102e+00
6.545700000000000000e+04,8.668219568368535910e-01,5.862609339078520776e+00
6.545800000000000000e+04,9.502475101661189694e-01,5.783692599064608864e+00
6.545900000000000000e+04,9.566857591768297420e-01,5.782534749245535011e+00
6.546000000000000000e+04,9.016250282023791085e-01,5.773273178270525996e+00
6.546100000000000000e+04,8.680948947245483716e-01,5.766280966633117622e+00
6.546200000000000000e+04,8.685873806888808613e-01,5.765257037279171826e+00
6.546300000000000000e+04,8.649355958440934078e-01,5.771593001763979380e+00
6.546400000000000000e+04,7.980416749967363943e-01,5.849232191854633278e+00
6.546500000000000000e+04,7.544800230266860419e-01,5.818019763641049558e+00
6.546600000000000000e+04,8.894433326591840716e-01,5.790474290837681615e+00
6.546700000000000000e+04,9.569218929917256977e-01,5.832877698327910032e+00
6.546800000000000000e+04,9.464656468532374189e-01,5.838482680454441187e+00
6.546900000000000000e+04,1.050387673571685943e+00,5.783115770902567121e+00
6.547000000000000000e+04,1.115096147906019075e+00,5.716638473544390919e+00
6.547100000000000000e+04,1.173760565690803892e+00,5.703873127664461862e+00
6.547200000000000000e+04,1.265360347167087340e+00,5.674314282276694321e+00
6.547300000000000000e+04,1.332730173220466607e+00,5.665547777769261550e+00
6.547400000000000000e+04,1.396818988100739789e+00,5.677067889140689161e+00
6.547500000000000000e+04,1.405408855267886059e+00,5.701189646026559643e+00
6.547600000000000000e+04,1.515783815737752560e+00,5.768644678309558849e+00
6.547700000000000000e+04,1.517298188165906225e+00,5.827909782101702518e+00
6.547800000000000000e+04,1.479509469700881485e+00,5.837949550823362088e+00
6.547900000000000000e+04,1.464462729018559450e+00,5.851627403017538143e+00
6.548000000000000000e+04,1.441283784848282901e+00,5.901822855329140971e+00
6.548100000000000000e+04,1.456861184001465803e+00,5.949013486018801089e+00
6.548200000000000000e+04,1.426172403970286773e+00,5.978892009506269645e+00
6.548300000000000000e+04,1.389239995110220116e+00,6.019785555295040780e+00
6.548400000000000000e+04,1.391042016293031480e+00,6.020084014671693851e+00
6.548500000000000000e+04,1.414288645342931083e+00,6.060468147113722281e+00
6.548600000000000000e+04,1.395246130268519291e+00,6.062100316695953950e+00
6.548700000000000000e+04,1.384271716415926612e+00,6.065168775887048724e+00
6.548800000000000000e+04,1.468290968939299335e+00,6.108257862172729702e+00
6.548900000000000000e+04,1.497973863003381201e+00,6.129010548956925319e+00
6.549000000000000000e+04,1.466938262284286143e+00,6.083322135023005117e+00
6.549100000000000000e+04,1.435475736449796313e+00,6.026540771693095877e+00
6.549200000000000000e+04,1.383338309709182035e+00,6.028275983797918514e+00
6.549300000000000000e+04,1.308237873470596391e+00,6.000282690268292640e+00
6.549400000000000000e+04,1.276731591852824810e+00,5.993669555174664154e+00
6.549500000000000000e+04,1.184647728178573667e+00,5.973922895819320900e+00
6.549600000000000000e+04,1.135003887524488775e+00,5.971251556407345618e+00
6.549700000000000000e+04,1.124387794896930082e+00,5.998965636370705568e+00
6.549800000000000000e+04,1.170016773350535333e+00,5.971894377163321721e+00
6.549900000000000000e+04,1.176410035732681436e+00,5.949081528253390871e+00
6.550000000000000000e+04,1.157370445884247534e+00,5.951526193745319659e+00
6.550100000000000000e+04,1.153826789804159425e+00,5.957403345360472002e+00
6.550200000000000000e+04,1.146062875161643735e+00,5.960202590170689874e+00
6.550300000000000000e+04,1.143885139402313067e+00,5.959010362958091278e+00
6.550400000000000000e+04,1.122972841573561809e+00,5.928424484442926357e+00
6.550500000000000000e+04,1.141477079132133587e+00,5.914219106002351012e+00
6.550600000000000000e+04,1.105056728844308944e+00,5.875330106728252844e+00
6.550700000000000000e+04,1.084808478062563974e+00,5.856847390640165685e+00
6.550800000000000000e+04,1.054500344351790853e+00,5.868287552139747731e+00
6.550900000000000000e+04,1.094330139877048635e+00,5.887003590082718674e+00
6.551000000000000000e+04,1.059938237225259483e+00,5.913209119388969981e+00
6.551100000000000000e+04,9.875722456873757826e-01,5.924936764989727322e+00
6.551200000000000000e+04,9.772974921669121962e-01,5.914950799939489912e+00
6.551300000000000000e+04,9.584494616797966104e-01,5.913794739204202955e+00
6.551400000000000000e+04,9.424732196202658674e-01,5.848816522628993653e+00
6.551500000000000000e+04,1.010355185370053421e+00,5.795010832098252962e+00
6.551600000000000000e+04,1.035964550512917803e+00,5.768736196806266037e+00
6.551700000000000000e+04,1.063363796556123120e+00,5.732557835953532077e+00
6.551800000000000000e+04,1.032182590833132130e+00,5.726154322888490356e+00
6.551900000000000000e+04,1.027362735137332006e+00,5.693998443452304770e+00
6.552000000000000000e+04,1.056440975806311577e+00,5.684610285077177139e+00
6.552100000000000000e+04,1.062913273424418659e+00,5.667049858064121537e+00
6.552200000000000000e+04,1.099973797652761043e+00,5.656664792744308556e+00
6.552300000000000000e+04,1.111801549825847113e+00,5.664485913698332098e+00
6.552400000000000000e+04,1.129167889810064329e+00,5.657091705997459030e+00
6.552500000000000000e+04,1.142357311603754422e+00,5.648739796440018779e+00
6.552600000000000000e+04,1.107754318679456951e+00,5.663118814247468435e+00
6.552700000000000000e+04,1.131072870766990590e+00,5.652894193348757312e+00
6.552800000000000000e+04,1.153696747062503913e+00,5.664681456568931850e+00
6.552900000000000000e+04,1.144114860638656417e+00,5.638311879614295918e+00
6.553000000000000000e+04,1.120113824093714516e+00,5.589030459559790387e+00
6.553100000000000000e+04,1.151320730405737569e+00,5.608126739113235004e+00
6.553200000000000000e+04,1.176370536353869900e+00,5.634823867973214107e+00
6.553300000000000000e+04,1.188941152591611150e+00,5.623566452578511843e+00
6.553400000000000000e+04,1.182786850535924250e+00,5.608817298002168883e+00
6.553500000000000000e+04,1.169342283379319669e+00,5.572850473927079662e+00
6.553600000000000000e+04,1.172482631755449534e+00,5.564320593345598809e+00
6.553700000000000000e+04,1.164770799792212541e+00,5.562513486739106838e+00
6.553800000000000000e+04,1.156846936864649678e+00,5.562581066940161634e+00
6.553900000000000000e+04,1.152477718900295933e+00,5.570402524549876944e+00
6.554000000000000000e+04,1.144971490919401313e+00,5.578902343831050104e+00
6.554100000000000000e+04,1.152085574276644042e+00,5.600647469347237006e+00
6.554200000000000000e+04,1.166369320621592376e+00,5.627388955035375062e+00
6.554300000000000000e+04,1.169087946028410485e+00,5.654344481214817364e+00
6.554400000000000000e+04,1.170869078248793826e+00,5.663236760884355903e+00
6.554500000000000000e+04,1.161679470358849331e+00,5.696933251606150606e+00
6.554600000000000000e+04,1.135139588297151558e+00,5.693943309032075462e+00
6.554700000000000000e+04,1.197972296309622431e+00,5.686120190340105296e+00
6.554800000000000000e+04,1.205492943928082372e+00,5.695593839156060767e+00
6.554900000000000000e+04,1.241491746434482124e+00,5.651460203534288240e+00
6.555000000000000000e+04,1.301668771692552795e+00,5.620047533320668975e+00
6.555100000000000000e+04,1.262722010053005661e+00,5.597735213711676039e+00
6.555200000000000000e+04,1.199590327959316305e+00,5.559358061343086632e+00
6.555300000000000000e+04,1.187880575537803907e+00,5.542174517933894151e+00
6.555400000000000000e+04,1.107930216502078125e+00,5.443089256630063488e+00
6.555500000000000000e+04,1.103093382244793919e+00,5.319741144672349265e+00
6.555600000000000000e+04,1.010622271741709266e+00,5.094951287246828997e+00
6.555700000000000000e+04,1.246111027510534486e+00,4.720680691803131879e+00
6.555800000000000000e+04,1.034886903899576716e+00,4.828682173309314152e+00
6.555900000000000000e+04,9.948699838010092167e-01,4.691113118663892578e+00
6.556000000000000000e+04,1.008675172660953745e+00,4.685640549257595211e+00
6.556100000000000000e+04,2.585010374989138882e+00,4.683771270585317836e+00
6.556200000000000000e+04,2.048764943896309365e+00,4.648799447308299193e+00
6.556300000000000000e+04,2.110669094070229956e+00,4.337870909509316419e+00
6.556400000000000000e+04,1.647815384659246707e+00,4.222071586609672522e+00
6.556500000000000000e+04,1.676577573880410732e+00,4.304968252714289179e+00
6.556600000000000000e+04,1.407711526140767111e+00,4.288788247370492357e+00
6.556700000000000000e+04,1.377080103335150074e+00,4.324542629956495077e+00
6.556800000000000000e+04,1.286243932015081581e+00,4.338469381553421655e+00
6.556900000000000000e+04,1.056091509172111920e+00,4.390514975818639698e+00
6.557000000000000000e+04,9.225359909534769365e-01,4.425820245460561964e+00
6.557100000000000000e+04,8.894657161579634375e-01,4.497860101566823587e+00
6.557200000000000000e+04,8.250244734871640118e-01,4.508282738433855741e+00
6.557300000000000000e+04,6.887267098419785905e-01,4.437331867231637972e+00
6.557400000000000000e+04,6.617095295671977517e-01,4.556249053920089054e+00
6.557500000000000000e+04,6.475332144949492719e-01,4.705947752693587560e+00
6.557600000000000000e+04,6.777796815553788212e-01,4.779657150939852883e+00
6.557700000000000000e+04,6.847019794831198380e-01,4.843114546349180927e+00
6.557800000000000000e+04,9.023247003050131054e-01,4.808950272415819072e+00
6.557900000000000000e+04,9.952517062180715746e-01,4.668690295572055504e+00
6.558000000000000000e+04,1.233074988178826770e+00,4.429101850940792673e+00
6.558100000000000000e+04,1.380617786453788298e+00,4.179633128281412979e+00
6.558200000000000000e+04,1.525226486784010183e+00,3.977275745788276140e+00
6.558300000000000000e+04,1.566371005499563429e+00,3.900599107827321887e+00
6.558400000000000000e+04,1.623902414740940214e+00,3.844171746105400800e+00
6.558500000000000000e+04,1.607527001101149100e+00,3.853345081122235172e+00
6.558600000000000000e+04,1.538107888848870175e+00,3.866010465160126586e+00
6.558700000000000000e+04,1.410849802920267404e+00,3.909039919772556715e+00
6.558800000000000000e+04,1.301304391568615770e+00,3.959730080456099088e+00
6.558900000000000000e+04,1.257968566720605752e+00,3.982802518950926185e+00
6.559000000000000000e+04,1.169848367264121114e+00,4.010266624115159217e+00
6.559100000000000000e+04,1.082169129039376454e+00,4.053006791604756742e+00
6.559200000000000000e+04,1.018128133424324844e+00,4.082572758080125652e+00
6.559300000000000000e+04,9.700489445718395443e-01,4.095153577636537534e+00
6.559400000000000000e+04,9.490087457882191435e-01,4.114774486718751234e+00
6.559500000000000000e+04,9.987817309642290642e-01,4.100770207896710318e+00
6.559600000000000000e+04,1.040064807203959107e+00,4.107315524797622075e+00
6.559700000000000000e+04,1.038413243262915620e+00,4.115176668878985922e+00
6.559800000000000000e+04,1.016969380560961200e+00,4.066190043834989609e+00
6.559900000000000000e+04,1.087717213898959256e+00,4.022884015969136584e+00
6.560000000000000000e+04,1.069801104124730395e+00,4.030200156012160306e+00
6.560100000000000000e+04,1.064576214996118209e+00,4.046624661516158739e+00
6.560200000000000000e+04,8.917202057479742816e-01,4.123006650483544533e+00
6.560300000000000000e+04,9.294927793882009626e-01,4.163838346720471151e+00
6.560400000000000000e+04,9.246989191087110482e-01,4.203902972313061426e+00
6.560500000000000000e+04,9.611355215701637977e-01,4.210758865423564146e+00
6.560600000000000000e+04,9.152971123501852935e-01,4.220942456438763202e+00
6.560700000000000000e+04,8.381780969855717744e-01,4.265581450123036689e+00
6.560800000000000000e+04,6.942304573605506679e-01,4.298824074780107196e+00
6.560900000000000000e+04,6.109118023005105647e-01,4.312830245749445623e+00
6.561000000000000000e+04,4.835026445598977762e-01,4.321551180518374835e+00
6.561100000000000000e+04,3.581740465421804354e-01,4.362095770521506211e+00
6.561200000000000000e+04,2.163554146978537984e-01,4.430043025532945933e+00
6.561300000000000000e+04,5.973113422632916197e-02,4.470710637611489346e+00
6.561400000000000000e+04,1.341090745871785506e-01,4.497298855434570086e+00
6.561500000000000000e+04,2.521496844917571201e-01,4.532530501589880245e+00
6.561600000000000000e+04,3.498966049737530226e-01,4.596380757480154955e+00
6.561700000000000000e+04,3.854156908915712942e-01,4.648364637109619224e+00
6.561800000000000000e+04,3.934542269986939234e-01,4.671762224785975803e+00
6.561900000000000000e+04,3.845510145728468498e-01,4.686685216223203554e+00
6.562000000000000000e+04,3.792558406183130781e-01,4.740451946064094813e+00
6.562100000000000000e+04,3.178433120545650081e-01,4.762766267249560315e+00
6.562200000000000000e+04,2.154078789807597760e-01,4.777200216313723047e+00
6.562300000000000000e+04,1.577012541067762674e-01,4.790968852987404603e+00
6.562400000000000000e+04,1.824020983294626919e-01,4.812970262710859259e+00
6.562500000000000000e+04,1.890204904835669775e-01,4.876928733141522088e+00
6.562600000000000000e+04,2.491381168154562231e-01,4.931052267756918184e+00
6.562700000000000000e+04,2.642495954350067566e-01,4.991552590515304644e+00
6.562800000000000000e+04,2.826505890540899624e-01,5.038372194884153998e+00
6.562900000000000000e+04,2.981407405086797247e-01,5.055185480539947207e+00
6.563000000000000000e+04,3.183149496733267414e-01,5.082997632902255702e+00
6.563100000000000000e+04,3.601120586814873792e-01,5.116063109594644942e+00
6.563200000000000000e+04,3.445134735162459494e-01,5.117249012684162324e+00
6.563300000000000000e+04,3.536161859999881751e-01,5.136103237433779611e+00
6.563400000000000000e+04,4.123505750899686406e-01,5.141180528108989733e+00
6.563500000000000000e+04,3.926109267119498036e-01,5.149605313183105437e+00
6.563600000000000000e+04,4.289097315288066259e-01,5.149652652071562642e+00
6.563700000000000000e+04,4.698558772209756040e-01,5.169454450214768571e+00
6.563800000000000000e+04,4.848926668734894752e-01,5.183896422519161717e+00
6.563900000000000000e+04,5.095554421939038070e-01,5.202586853275256829e+00
6.564000000000000000e+04,6.293200816619092253e-01,5.233219558263858318e+00
6.564100000000000000e+04,6.335478925826844021e-01,5.236849126425902057e+00
6.564200000000000000e+04,6.533923928681228954e-01,5.213427765082226273e+00
6.564300000000000000e+04,6.722349275345460562e-01,5.218570769874421700e+00
6.564400000000000000e+04,6.955833579383641219e-01,5.244210188650530569e+00
6.564500000000000000e+04,7.388329934619997097e-01,5.246331942172734131e+00
6.564600000000000000e+04,7.607573389755144522e-01,5.254497001515002097e+00
6.564700000000000000e+04,7.349263035266908606e-01,5.236476508107649863e+00
6.564800000000000000e+04,7.538213517814713605e-01,5.242775781695556248e+00
6.564900000000000000e+04,7.696611113343827526e-01,5.231813185725883386e+00
6.565000000000000000e+04,7.784540123739254192e-01,5.224486356301419221e+00
6.565100000000000000e+04,8.620711694058010854e-01,5.270380650706254499e+00
6.565200000000000000e+04,8.936605342081601622e-01,5.296513549371159257e+00
6.565300000000000000e+04,1.046164444750557143e+00,5.314623762603488899e+00
6.565400000000000000e+04,1.137358681623146905e+00,5.289282787730375190e+00
6.565500000000000000e+04,1.176112789042247364e+00,5.236535949904467913e+00
6.565600000000000000e+04,1.114439053263776014e+00,5.209580323453163686e+00
6.565700000000000000e+04,9.877168062819355887e-01,5.209371930163747777e+00
6.565800000000000000e+04,9.470919083798434723e-01,5.226174606283457535e+00
6.565900000000000000e+04,8.398070547065740188e-01,5.221919670383115886e+00
6.566000000000000000e+04,7.595258784864704626e-01,5.073073236063141422e+00
6.566100000000000000e+04,6.695491980595719150e-01,5.013659931090369781e+00
6.566200000000000000e+04,5.630470067667728840e-01,5.028286547507590853e+00
6.566300000000000000e+04,4.691925617848811125e-01,5.022582555208813915e+00
6.566400000000000000e+04,3.998359565708373142e-01,4.954962477051676473e+00
6.566500000000000000e+04,6.766605646211055758e-01,4.822727669307504073e+00
6.566600000000000000e+04,1.007048377279224916e+00,5.197515553244844710e+00
6.566700000000000000e+04,6.768290814514905662e-01,5.072438242456767554e+00
6.566800000000000000e+04,4.863306765438156765e-01,5.028734293224756513e+00
6.566900000000000000e+04,9.758372426681247713e-01,5.170804282761549686e+00
6.567000000000000000e+04,8.486261898189452202e-01,5.126104072461501460e+00
6.567100000000000000e+04,7.329564650892921307e-01,5.083438058642308022e+00
6.567200000000000000e+04,8.069742037447267258e-01,5.141990374597323665e+00
6.567300000000000000e+04,7.931139040712279487e-01,5.143677770752459466e+00
6.567400000000000000e+04,7.432000615374444452e-01,5.122486824642132675e+00
6.567500000000000000e+04,7.094164276386980550e-01,5.133534821258646019e+00
6.567600000000000000e+04,7.524597084752105980e-01,5.131892583812325270e+00
6.567700000000000000e+04,7.103077738332561619e-01,5.117646270897701299e+00
6.567800000000000000e+04,6.491109831078398784e-01,5.119542191767337158e+00
6.567900000000000000e+04,7.015388659853272202e-01,5.128358869825389021e+00
6.568000000000000000e+04,6.837143780460525067e-01,5.125649861527293183e+00
6.568100000000000000e+04,7.257108707399372305e-01,5.188137742119270257e+00
6.568200000000000000e+04,7.136816041714035830e-01,5.245827745029034261e+00
6.568300000000000000e+04,7.759432789352171955e-01,5.281441866857278455e+00
6.568400000000000000e+04,7.856093831177564102e-01,5.315494899033819109e+00
6.568500000000000000e+04,6.562983586206752040e-01,5.379972725216559226e+00
6.568600000000000000e+04,6.706549961602963350e-01,5.448667998508788912e+00
6.568700000000000000e+04,6.858866801467982111e-01,5.497189889285623465e+00
6.568800000000000000e+04,7.266324080083017556e-01,5.527868916836728097e+00
6.568900000000000000e+04,7.578308633096086933e-01,5.550599922865124825e+00
6.569000000000000000e+04,7.898756368685574403e-01,5.559717376282279133e+00
6.569100000000000000e+04,7.276609107339386817e-01,5.440450840438840530e+00
6.569200000000000000e+04,7.346637391950641138e-01,5.358527700006090022e+00
6.569300000000000000e+04,8.622957256305778806e-01,5.416977045540958713e+00
6.569400000000000000e+04,8.498044351588465162e-01,5.407135619227783074e+00
6.569500000000000000e+04,8.305219897411857399e-01,5.387004396339589718e+00
6.569600000000000000e+04,8.056705260413618008e-01,5.335759859201239408e+00
6.569700000000000000e+04,9.001434781148797137e-01,5.335956004112889950e+00
6.569800000000000000e+04,9.800644169956626017e-01,5.347411754746024926e+00
6.569900000000000000e+04,9.966987107015012892e-01,5.283114482980492355e+00
6.570000000000000000e+04,1.091802678411982752e+00,5.269781061006014511e+00
6.570100000000000000e+04,1.136957186544319542e+00,5.278685402485159273e+00
6.570200000000000000e+04,1.148559717324966201e+00,5.284146193211833875e+00
6.570300000000000000e+04,1.130575620630168254e+00,5.302889970879054005e+00
6.570400000000000000e+04,1.225611321850422986e+00,5.272470762408367762e+00
6.570500000000000000e+04,1.255344506176740094e+00,5.305165635199255547e+00
6.570600000000000000e+04,1.311681973004934720e+00,5.266792635431638558e+00
6.570700000000000000e+04,1.363743865129969590e+00,5.275374528668234753e+00
6.570800000000000000e+04,1.419309829972094095e+00,5.293457879835685276e+00
6.570900000000000000e+04,1.466739255129540398e+00,5.284618473168135822e+00
6.571000000000000000e+04,1.412418825622936636e+00,5.287066961458505077e+00
6.571100000000000000e+04,1.389180053477838461e+00,5.297922629849194820e+00
6.571200000000000000e+04,1.394122012613702388e+00,5.305065423692871818e+00
6.571300000000000000e+04,1.389384439041932984e+00,5.294573565611001342e+00
6.571400000000000000e+04,1.352100417338781169e+00,5.282661660819147897e+00
6.571500000000000000e+04,1.367707657539519284e+00,5.298116044039531403e+00
6.571600000000000000e+04,1.348489237229973270e+00,5.281720655885081328e+00
6.571700000000000000e+04,1.318513074633827165e+00,5.307147619039071174e+00
6.571800000000000000e+04,1.378712678980386741e+00,5.295616920663918314e+00
6.571900000000000000e+04,1.435380341412361149e+00,5.331399520678466786e+00
6.572000000000000000e+04,1.434908008257033574e+00,5.354242015158545698e+00
6.572100000000000000e+04,1.426659737709924602e+00,5.370959375471649366e+00
6.572200000000000000e+04,1.552668862633490576e+00,5.368116004621658277e+00
6.572300000000000000e+04,1.501839371069009221e+00,5.366937762439911275e+00
6.572400000000000000e+04,1.483133855778244747e+00,5.375913992181621026e+00
6.572500000000000000e+04,1.469543418743346264e+00,5.383392064905968333e+00
6.572600000000000000e+04,1.493198169738662040e+00,5.415217979873727216e+00
6.572700000000000000e+04,1.433803852709649052e+00,5.418950976343605674e+00
6.572800000000000000e+04,1.393893197731297162e+00,5.421136442656766086e+00
6.572900000000000000e+04,1.415547314692576553e+00,5.393808100508515224e+00
6.573000000000000000e+04,1.370197705182093273e+00,5.375152123666063986e+00
6.573100000000000000e+04,1.411469572968537367e+00,5.394252200751224358e+00
6.573200000000000000e+04,1.365780566244477967e+00,5.322690130204525083e+00
6.573300000000000000e+04,1.108731105932831307e+00,5.142251108059801901e+00
6.573400000000000000e+04,1.168358866895560233e+00,5.154622944152952080e+00
6.573500000000000000e+04,1.493066895763373259e+00,5.174048050432201507e+00
6.573600000000000000e+04,1.827683068174800640e+00,5.190383213426202680e+00
6.573700000000000000e+04,2.116098259387519942e+00,5.239861341761412383e+00
6.573800000000000000e+04,2.521002473384337694e+00,5.213902341445748156e+00
6.573900000000000000e+04,2.603854886753212750e+00,5.222511150214054432e+00
6.574000000000000000e+04,2.848315960743093900e+00,5.234891215117384533e+00
6.574100000000000000e+04,1.969440998391275732e+00,5.454358334314281187e+00
6.574200000000000000e+04,3.014799787191868141e+00,5.220371780615742807e+00
6.574300000000000000e+04,2.985672793720601792e+00,5.213069659605992001e+00
6.574400000000000000e+04,3.184930628896868843e+00,5.198731043408652219e+00
6.574500000000000000e+04,3.339908165919919902e+00,5.170059682634318143e+00
6.574600000000000000e+04,3.134146572205731118e+00,5.128327445476382529e+00
6.574700000000000000e+04,1.628804578254370083e+00,5.289633328304396365e+00
6.574800000000000000e+04,2.674727006737563695e+00,5.128672761746085662e+00
6.574900000000000000e+04,2.548714183746696449e+00,5.147573347975884062e+00
6.575000000000000000e+04,2.532839915559966126e+00,5.236393470022517427e+00
6.575100000000000000e+04,2.554194203992948609e+00,5.276994543122198955e+00
6.575200000000000000e+04,2.685916702626806707e+00,5.303650441495972423e+00
6.575300000000000000e+04,2.681744372123522346e+00,5.285044615686010694e+00
6.575400000000000000e+04,2.768235155175737816e+00,5.221391419494987751e+00
6.575500000000000000e+04,2.576463968076997180e+00,5.195554339726960791e+00
6.575600000000000000e+04,2.553946559148291051e+00,5.194746601883421633e+00
6.575700000000000000e+04,2.941255584055652239e+00,4.896227141021721074e+00
6.575800000000000000e+04,2.947909117348899155e+00,4.937523119473373079e+00
6.575900000000000000e+04,2.499932496562322637e+00,4.996841846359648898e+00
6.576000000000000000e+04,2.371833615194927525e+00,5.015990395382805112e+00
6.576100000000000000e+04,2.673851965425492860e+00,5.032158938073906462e+00
6.576200000000000000e+04,3.170870401359962454e+00,5.032125171846337786e+00
6.576300000000000000e+04,3.582474824123742518e+00,5.344032579718864362e+00
6.576400000000000000e+04,3.768762993580000220e+00,5.535282735961738254e+00
6.576500000000000000e+04,3.991160967675174920e+00,6.005726451168895252e+00
6.576600000000000000e+04,3.354921900372274113e+00,5.913699252342753176e+00
6.576700000000000000e+04,2.711361256685347776e+00,5.692372120692278159e+00
6.576800000000000000e+04,1.801352641176549030e+00,5.836607730555614992e+00
6.576900000000000000e+04,1.829577359737194486e+00,5.813233605974467366e+00
6.577000000000000000e+04,1.857459593079723970e+00,5.783678042064232194e+00
6.577100000000000000e+04,1.888305468350823357e+00,5.794368991228807886e+00
6.577200000000000000e+04,1.711727392807064208e+00,5.834021823697971065e+00
6.577300000000000000e+04,1.761119958299792065e+00,5.804495951118108898e+00
6.577400000000000000e+04,1.282509882812884250e+00,5.485804616575019388e+00
6.577500000000000000e+04,1.053782665923415074e+00,5.244766346080919739e+00
6.577600000000000000e+04,1.045008309982595529e+00,5.241886744020860078e+00
6.577700000000000000e+04,1.058445587629329721e+00,5.259991766906743749e+00
6.577800000000000000e+04,1.061408097283308871e+00,5.278382848810002415e+00
6.577900000000000000e+04,1.003934490484023501e+00,5.315138406626282119e+00
6.578000000000000000e+04,9.578687017406702919e-01,5.304153174538136284e+00
6.578100000000000000e+04,4.722088928851210232e-01,5.311322819470412071e+00
6.578200000000000000e+04,4.491399125090194677e-01,5.172994415556253500e+00
6.578300000000000000e+04,4.363700732003935601e-01,4.905495996851642282e+00
6.578400000000000000e+04,2.584049453344480218e-01,4.870844645989707011e+00
6.578500000000000000e+04,1.029126457568359188e+00,4.391196059655768202e+00
6.578600000000000000e+04,1.276314588714901443e+00,4.086255054339057224e+00
6.578700000000000000e+04,1.319102426787653881e+00,3.295241744747654966e+00
6.578800000000000000e+04,1.285384251970202563e+00,3.322456277305564143e+00
6.578900000000000000e+04,1.132576554705337468e+00,3.443437924652075655e+00
6.579000000000000000e+04,9.545081970851014841e-01,3.526818195060952288e+00
6.579100000000000000e+04,1.013767834790568978e+00,3.580500605091590849e+00
6.579200000000000000e+04,8.073290585649385287e-01,3.659849897409949815e+00
6.579300000000000000e+04,8.445857843362197803e-01,3.662184582240568531e+00
6.579400000000000000e+04,6.992447770550792585e-01,3.690791475071308447e+00
6.579500000000000000e+04,7.160763308420673434e-01,3.684294654213859932e+00
6.579600000000000000e+04,6.323540656798692927e-01,3.705553935969943868e+00
6.579700000000000000e+04,6.273326088456184779e-01,3.703736445434618219e+00
6.579800000000000000e+04,6.340565256045684883e-01,3.713351968137482473e+00
6.579900000000000000e+04,5.848633741294382293e-01,3.729635841905045712e+00
6.580000000000000000e+04,6.193627350439506740e-01,3.763232454327572807e+00
6.580100000000000000e+04,7.144562326168314437e-01,3.829746783306687608e+00
6.580200000000000000e+04,8.594220390064810644e-01,3.883626357552057762e+00
6.580300000000000000e+04,9.420266796775238483e-01,3.937983990824252434e+00
6.580400000000000000e+04,9.657337966796298856e-01,3.972351536541390171e+00
6.580500000000000000e+04,9.616815778033114270e-01,3.997037572413662865e+00
6.580600000000000000e+04,9.645434465889112241e-01,4.002212656435158777e+00
6.580700000000000000e+04,9.920595154974988228e-01,4.000555032194973215e+00
6.580800000000000000e+04,8.484452213854476454e-01,3.957887221369698949e+00
6.580900000000000000e+04,8.764133409595579183e-01,4.003063256404322701e+00
6.581000000000000000e+04,8.529840304206339763e-01,4.019569645671062119e+00
6.581100000000000000e+04,9.338930646646437239e-01,4.077339335109366303e+00
6.581200000000000000e+04,1.158098251949514212e+00,4.128073779315496239e+00
6.581300000000000000e+04,1.244974939992315344e+00,4.144188043487615936e+00
6.581400000000000000e+04,1.078338703445125057e+00,4.181019200331075325e+00
6.581500000000000000e+04,9.457720248348343572e-01,4.219584699512727077e+00
6.581600000000000000e+04,9.293821046419367127e-01,4.274157917419559638e+00
6.581700000000000000e+04,9.082877578105169603e-01,4.288713696903058370e+00
6.581800000000000000e+04,8.665162901169936038e-01,4.287733177845418631e+00
6.581900000000000000e+04,9.196172104893007848e-01,4.322512780131288146e+00
6.582000000000000000e+04,9.494670350220635324e-01,4.326227654886078966e+00
6.582100000000000000e+04,8.536936544517741421e-01,4.360860329184787609e+00
6.582200000000000000e+04,8.630187356441439972e-01,4.375783798284484938e+00
6.582300000000000000e+04,8.892154229028365053e-01,4.376721790178629945e+00
6.582400000000000000e+04,9.301941650133440653e-01,4.369830946203975941e+00
6.582500000000000000e+04,1.997531101986358859e+00,3.851438854285905045e+00
6.582600000000000000e+04,2.303684816213009245e+00,3.868799883971434816e+00
6.582700000000000000e+04,1.115128132764273869e+04,4.432291121377383388e+04
6.582800000000000000e+04,nan,nan
6.582900000000000000e+04,nan,nan
6.583000000000000000e+04,nan,nan
6.583100000000000000e+04,nan,nan
6.583200000000000000e+04,nan,nan
6.583300000000000000e+04,nan,nan
6.583400000000000000e+04,nan,nan
6.583500000000000000e+04,nan,nan
6.583600000000000000e+04,nan,nan
6.583700000000000000e+04,nan,nan
6.583800000000000000e+04,nan,nan
6.583900000000000000e+04,nan,nan
6.584000000000000000e+04,nan,nan
6.584100000000000000e+04,nan,nan
6.584200000000000000e+04,nan,nan
6.584300000000000000e+04,nan,nan
6.584400000000000000e+04,nan,nan
6.584500000000000000e+04,nan,nan
6.584600000000000000e+04,nan,nan
6.584700000000000000e+04,nan,nan
6.584800000000000000e+04,9.537450910841799301e-01,2.561266147659650994e+00
6.584900000000000000e+04,1.124245240695309844e+00,4.808970795830147082e+00
6.585000000000000000e+04,9.932183661584390588e-01,4.974572337261133903e+00
6.585100000000000000e+04,9.147723801298249802e-01,5.342265255966883508e+00
6.585200000000000000e+04,1.283841639331284812e+00,5.020783934062329479e+00
6.585300000000000000e+04,1.418339842497050585e+00,4.660039932444963284e+00
6.585400000000000000e+04,1.938858563823797398e+00,3.311233688438940170e+00
6.585500000000000000e+04,2.221724342517147122e+00,2.196854646889279561e+00
6.585600000000000000e+04,2.289672129491240327e+00,1.944979733725817894e+00
6.585700000000000000e+04,2.483840814720561063e+00,7.817347634182483240e-01
6.585800000000000000e+04,2.743478271871046204e+00,1.138432145392496153e-01
6.585900000000000000e+04,2.738391726719349162e+00,1.057676186193399204e-01
6.586000000000000000e+04,2.671428051203275533e+00,7.142533733825029429e-02
6.586100000000000000e+04,2.963628282530418101e+00,4.755808248924688897e-01
6.586200000000000000e+04,3.036401248451603863e+00,4.371757812012995181e-01
6.586300000000000000e+04,3.049931849684109686e+00,3.123485027057495422e-01
6.586400000000000000e+04,3.067029036495608096e+00,2.006423008356126303e-01
6.586500000000000000e+04,3.256031699982353977e+00,9.496774955799347495e-02
6.586600000000000000e+04,3.652909301769716510e+00,1.511138289742723906e-01
6.586700000000000000e+04,3.561414652603557052e+00,1.590474552141571962e-01
6.586800000000000000e+04,3.549548927098471474e+00,3.635445240373607056e-01
6.586900000000000000e+04,3.424220088650687277e+00,5.514729467532539786e-01
6.587000000000000000e+04,3.249395753522802632e+00,5.387631901367382348e-01
6.587100000000000000e+04,3.041585819970874738e+00,5.946816538576396027e-01
6.587200000000000000e+04,2.868415719732096747e+00,5.193861113430773280e-01
6.587300000000000000e+04,2.599385840520599622e+00,5.245860137249240829e-01
6.587400000000000000e+04,2.238796451690803657e+00,3.730794122327658613e-01
6.587500000000000000e+04,1.959839849345086371e+00,1.198045042441919783e-01
6.587600000000000000e+04,1.667308954912852137e+00,1.530410037886160701e-01
6.587700000000000000e+04,1.444346266874311224e+00,4.443958906167102541e-01
6.587800000000000000e+04,1.277787125863710793e+00,7.035821508459303431e-01
6.587900000000000000e+04,1.114814717727816706e+00,9.611351916673491758e-01
6.588000000000000000e+04,1.193983855148629702e+00,9.239642752968908468e-01
6.588100000000000000e+04,1.139435160470904540e+00,8.882403676693528816e-01
6.588200000000000000e+04,1.088830532384151173e+00,8.804842710918014959e-01
6.588300000000000000e+04,1.021726257669605342e+00,9.275065370752781924e-01
6.588400000000000000e+04,9.698112621442072090e-01,9.651231570960847606e-01
6.588500000000000000e+04,9.525981731273371889e-01,1.009515487072945028e+00
6.588600000000000000e+04,9.476232007078304598e-01,9.611957591529645129e-01
6.588700000000000000e+04,1.012038059745409502e+00,9.070111303718837448e-01
6.588800000000000000e+04,9.583808769199895217e-01,8.663767395193739951e-01
6.588900000000000000e+04,1.030428415634357053e+00,9.098383647882632985e-01
6.589000000000000000e+04,1.117644103350306173e+00,8.849966701704707894e-01
6.589100000000000000e+04,1.102401143946214690e+00,8.973703963002797046e-01
6.589200000000000000e+04,1.155195241692334784e+00,8.809190438319185468e-01
6.589300000000000000e+04,1.122579344952441494e+00,1.160949969224871925e+00
6.589400000000000000e+04,1.221834127604862097e+00,1.166615898101206916e+00
6.589500000000000000e+04,1.242594411554386991e+00,1.430912596184610530e+00
6.589600000000000000e+04,1.188490762374878607e+00,1.654278022039019858e+00
6.589700000000000000e+04,1.202601479152668240e+00,1.653299323876865401e+00
6.589800000000000000e+04,1.155542989554315225e+00,1.908664439308701777e+00
6.589900000000000000e+04,1.160449734395976984e+00,1.926396000206427317e+00
6.590000000000000000e+04,1.132135735124963016e+00,2.165912620069327943e+00
6.590100000000000000e+04,1.091762917123075161e+00,2.157886554915349198e+00
6.590200000000000000e+04,1.003913011662961319e+00,2.371672765229443591e+00
6.590300000000000000e+04,9.724860818530536299e-01,2.370002689908027094e+00
6.590400000000000000e+04,9.018580313168824691e-01,2.552842162534678661e+00
6.590500000000000000e+04,9.286093780831626843e-01,2.570235033230853006e+00
6.590600000000000000e+04,9.300868237099431113e-01,2.710380029846362504e+00
6.590700000000000000e+04,7.809094519787367350e-01,2.768547563620085139e+00
6.590800000000000000e+04,6.772392061390638540e-01,2.951585152257220734e+00
6.590900000000000000e+04,7.210908460698993716e-01,3.009888748931591529e+00
6.591000000000000000e+04,7.455901670871858400e-01,3.194722011041704057e+00
6.591100000000000000e+04,7.722110404030145814e-01,3.356461008371081967e+00
6.591200000000000000e+04,7.679280758332172052e-01,3.377771937720566164e+00
6.591300000000000000e+04,7.459937921313750664e-01,3.539989513258024356e+00
6.591400000000000000e+04,7.354950116714392694e-01,3.553725063840943665e+00
6.591500000000000000e+04,7.761019635708802378e-01,3.679825059851991043e+00
6.591600000000000000e+04,7.220398878817892996e-01,3.702292979167510545e+00
6.591700000000000000e+04,7.239591168920023190e-01,3.827542755849221656e+00
6.591800000000000000e+04,6.713369780161602129e-01,3.841564242709709198e+00
6.591900000000000000e+04,7.186395746847391575e-01,3.942650075254979125e+00
6.592000000000000000e+04,6.985000520987164618e-01,3.991601122500633370e+00
6.592100000000000000e+04,7.889243955570038880e-01,4.076256902350304578e+00
6.592200000000000000e+04,8.560285906843166925e-01,4.146056908455324930e+00
6.592300000000000000e+04,8.517266822386123648e-01,4.164442614461976611e+00
6.592400000000000000e+04,8.392210410171571100e-01,4.188936421227830387e+00
6.592500000000000000e+04,8.389571799587458578e-01,4.201221541999729858e+00
6.592600000000000000e+04,7.223152428290411375e-01,4.235234753270007424e+00
6.592700000000000000e+04,7.676032421785541349e-01,4.240831313716936002e+00
6.592800000000000000e+04,8.836180422440578219e-01,4.239051759981871115e+00
6.592900000000000000e+04,8.240329747477989075e-01,4.227630004906304251e+00
6.593000000000000000e+04,8.863573026444170333e-01,4.251984085361763199e+00
6.593100000000000000e+04,9.055648993210277942e-01,4.279520131666886051e+00
6.593200000000000000e+04,1.081764313583668757e+00,4.315657409271716816e+00
6.593300000000000000e+04,1.138740289884525136e+00,4.355652841428273803e+00
6.593400000000000000e+04,1.119023377910302486e+00,4.426622615880827283e+00
6.593500000000000000e+04,1.360821575997968491e+00,4.347511895338887378e+00
6.593600000000000000e+04,1.824338784037607741e+00,4.085904518440504951e+00
6.593700000000000000e+04,2.221866520979169479e+00,3.641325340978979419e+00
6.593800000000000000e+04,2.248343407773754965e+00,3.749656664834532638e+00
6.593900000000000000e+04,2.188831185671368917e+00,3.550947649640403547e+00
6.594000000000000000e+04,2.046126668948466509e+00,3.559197915922058808e+00
6.594100000000000000e+04,1.851177899062306453e+00,3.564424338497676814e+00
6.594200000000000000e+04,1.745237470284338066e+00,3.599394568155403817e+00
6.594300000000000000e+04,1.597965691203562910e+00,3.652758447178607870e+00
6.594400000000000000e+04,1.545814539073719684e+00,3.562020955603385719e+00
6.594500000000000000e+04,1.574384946537160657e+00,3.407965957106992239e+00
6.594600000000000000e+04,1.665914135077334768e+00,3.243828045996396625e+00
6.594700000000000000e+04,1.725568612195274465e+00,3.222479898734031067e+00
6.594800000000000000e+04,1.689861909942014906e+00,3.120757107862365487e+00
6.594900000000000000e+04,1.600081241469200943e+00,3.032854566780306627e+00
6.595000000000000000e+04,1.660554059650411141e+00,2.763764228611667484e+00
6.595100000000000000e+04,1.902400840524810066e+00,2.662289382137248861e+00
6.595200000000000000e+04,1.724873697443090714e+00,2.632442720067370345e+00
6.595300000000000000e+04,1.702732190377456378e+00,2.618798395307524451e+00
6.595400000000000000e+04,1.536296788712973926e+00,2.559104007635832012e+00
6.595500000000000000e+04,1.696643306852353428e+00,2.532533174147930222e+00
6.595600000000000000e+04,1.706633091709881533e+00,2.531986740933194646e+00
6.595700000000000000e+04,1.394539910605521849e+00,2.607737882875172275e+00
6.595800000000000000e+04,1.348601169353138562e+00,2.664292283432122765e+00
6.595900000000000000e+04,1.447594173536350448e+00,2.684610846414919649e+00
6.596000000000000000e+04,1.547305006835137053e+00,2.739093262267588536e+00
6.596100000000000000e+04,1.512614078696343123e+00,2.768027388351443907e+00
6.596200000000000000e+04,1.453126656497718550e+00,3.009957627327052077e+00
6.596300000000000000e+04,1.497351526085799467e+00,3.256636600931923198e+00
6.596400000000000000e+04,1.312087840943495509e+00,3.361909020778704349e+00
6.596500000000000000e+04,1.066254586926179471e+00,3.477504857521228399e+00
6.596600000000000000e+04,9.715064303742336760e-01,3.608457171133847563e+00
6.596700000000000000e+04,8.065356406938178901e-01,3.736298056975517756e+00
6.596800000000000000e+04,6.799735597606043624e-01,3.850315871761211817e+00
6.596900000000000000e+04,5.872425709817542527e-01,3.934040072476292949e+00
6.597000000000000000e+04,4.081292925331850840e-01,3.994220388786322573e+00
6.597100000000000000e+04,3.443274321215050171e-01,4.042239281367556281e+00
6.597200000000000000e+04,3.009362066985800666e-01,4.076984200929506308e+00
6.597300000000000000e+04,2.110756616565377108e-01,4.095374902438891240e+00
6.597400000000000000e+04,1.857047957307072505e-01,4.139576905047034572e+00
6.597500000000000000e+04,2.252875175672415520e-01,4.156525635165785104e+00
6.597600000000000000e+04,1.046304394617617317e-01,4.214162676868133062e+00
6.597700000000000000e+04,9.039726821032657844e-02,4.254583244307837298e+00
6.597800000000000000e+04,1.495110098370410201e-01,4.276586667458284197e+00
6.597900000000000000e+04,6.037379476237076520e-02,4.293134495144090401e+00
6.598000000000000000e+04,7.492333955097114917e-02,4.324445848283776428e+00
6.598100000000000000e+04,8.381307702658336023e-02,4.342946172624589707e+00
6.598200000000000000e+04,7.000672903439314476e-02,4.315018946687899870e+00
6.598300000000000000e+04,6.162645214691429840e-02,4.398929889671207683e+00
6.598400000000000000e+04,2.181520190237826451e-01,4.469526295510462433e+00
6.598500000000000000e+04,3.331104231112453351e-01,4.529137942757850865e+00
6.598600000000000000e+04,3.768099542707451510e-01,4.537599740062507436e+00
6.598700000000000000e+04,3.644774948962124506e-01,4.562001892074560416e+00
6.598800000000000000e+04,5.254506339031423945e-01,4.570439715613636267e+00
6.598900000000000000e+04,5.738023419887687826e-01,4.555456635521542452e+00
6.599000000000000000e+04,5.944557205103181419e-01,4.587029693491006199e+00
6.599100000000000000e+04,6.311634913085789611e-01,4.594448017111852245e+00
6.599200000000000000e+04,6.449500087577241247e-01,4.614380118231241390e+00
6.599300000000000000e+04,6.446161653253271728e-01,4.655522663643915315e+00
6.599400000000000000e+04,7.028113739219165046e-01,4.672586033862377697e+00
6.599500000000000000e+04,6.964510663553723502e-01,4.713996957251739062e+00
6.599600000000000000e+04,6.604765249397813731e-01,4.753820814240102166e+00
6.599700000000000000e+04,6.471812178754368095e-01,4.770812027642975295e+00
6.599800000000000000e+04,6.596497588024194947e-01,4.783731788691691911e+00
6.599900000000000000e+04,5.388383901213809057e-01,4.822418692434538912e+00
6.600000000000000000e+04,6.960070430984285350e-01,4.878384797649635729e+00
6.600100000000000000e+04,6.778949775164815339e-01,4.856034818723223623e+00
6.600200000000000000e+04,7.068250183606755721e-01,4.845919921079904213e+00
6.600300000000000000e+04,6.998089824401351189e-01,4.864180324096999186e+00
6.600400000000000000e+04,7.182884471105770441e-01,4.925622305716026439e+00
6.600500000000000000e+04,6.982252622583993151e-01,4.950789449805558462e+00
6.600600000000000000e+04,5.865990866169259466e-01,4.917329388585528704e+00
6.600700000000000000e+04,6.172537788356590172e-01,4.854653595439298641e+00
6.600800000000000000e+04,5.925007517077132135e-01,4.789926145941232782e+00
6.600900000000000000e+04,5.767745660168472899e-01,4.697774649672828318e+00
6.601000000000000000e+04,6.633202562327703555e-01,4.593333186613504537e+00
6.601100000000000000e+04,7.148238631525024589e-01,4.560173690646810662e+00
6.601200000000000000e+04,1.045602630820957613e+00,4.337427244949999761e+00
6.601300000000000000e+04,1.033147802490095524e+00,4.324881338178121482e+00
6.601400000000000000e+04,1.656241859811827810e+00,3.856625446453950445e+00
6.601500000000000000e+04,1.661120143221318957e+00,3.924490077807599953e+00
6.601600000000000000e+04,9.308620782323790976e-01,4.342223624087778511e+00
6.601700000000000000e+04,1.304340096362236467e+00,4.171389957614144883e+00
6.601800000000000000e+04,1.015019538680502986e+00,4.371759432829476211e+00
6.601900000000000000e+04,1.576982024330443988e+00,4.121074284275117350e+00
6.602000000000000000e+04,1.720993499548021166e+00,4.091510466460811735e+00
6.602100000000000000e+04,1.096380962512038870e+00,4.398391353227111722e+00
6.602200000000000000e+04,1.371018498605064195e+00,4.193292834111900902e+00
6.602300000000000000e+04,9.733868773265051955e-01,4.359159290978942281e+00
6.602400000000000000e+04,8.021621937188075924e-01,4.389703686841332164e+00
6.602500000000000000e+04,7.250229277253137372e-01,4.427204493997360935e+00
6.602600000000000000e+04,6.614784147829206873e-01,4.436140325387974315e+00
6.602700000000000000e+04,5.494587828156740628e-01,4.459194098232581283e+00
6.602800000000000000e+04,4.718682524746630191e-01,4.495954076065336480e+00
6.602900000000000000e+04,4.085349201635086192e-01,4.532136129412750236e+00
6.603000000000000000e+04,3.495872668561887942e-01,4.615390897534925152e+00
6.603100000000000000e+04,1.290908645851021608e-01,4.691978698381316093e+00
6.603200000000000000e+04,2.431035459521149744e-01,4.767226951635723964e+00
6.603300000000000000e+04,2.098454823084140997e-01,4.776478114945821751e+00
6.603400000000000000e+04,1.693483335215689722e-01,4.800843058588586842e+00
6.603500000000000000e+04,5.033849642229941690e-01,4.830557252379467315e+00
6.603600000000000000e+04,4.030364804700776737e-01,4.824205150486810645e+00
6.603700000000000000e+04,4.946798553032954460e-01,4.822460464189474827e+00
6.603800000000000000e+04,3.862837852938383332e-01,4.705577666426858485e+00
6.603900000000000000e+04,2.709035854957377865e-01,4.633059332206975967e+00
6.604000000000000000e+04,4.212559053151381239e-01,4.641616666236984656e+00
6.604100000000000000e+04,4.650850956226503241e-01,4.600935598554381833e+00
6.604200000000000000e+04,3.995906442350090071e-01,4.582860493489462783e+00
6.604300000000000000e+04,4.004120460709630902e-01,4.558334350181254102e+00
6.604400000000000000e+04,2.875925783779701983e-01,4.640352924327936890e+00
6.604500000000000000e+04,4.916618511794911828e-01,4.576446015705728954e+00
6.604600000000000000e+04,5.368749627963528281e-01,4.560503308866240779e+00
6.604700000000000000e+04,6.215492401182336479e-01,4.458289708255279926e+00
6.604800000000000000e+04,5.569893322118324441e-01,4.458000197831366584e+00
6.604900000000000000e+04,5.009927297799273704e-01,4.472803387813291565e+00
6.605000000000000000e+04,4.931902225838307730e-01,4.532531873644426668e+00
6.605100000000000000e+04,5.752163031966489593e-01,4.518209377836733154e+00
6.605200000000000000e+04,5.018753775330665468e-01,4.532114078662299761e+00
6.605300000000000000e+04,4.653107660415543023e-01,4.528876626152062101e+00
6.605400000000000000e+04,3.635072149525306329e-01,4.547016138942732155e+00
6.605500000000000000e+04,4.610415637372367592e-01,4.583142014134850228e+00
6.605600000000000000e+04,5.401772695841255967e-01,4.566864644513360716e+00
6.605700000000000000e+04,9.225864959465793769e-01,4.440009569516446319e+00
6.605800000000000000e+04,1.707057198996252634e+00,4.513457362527436345e+00
6.605900000000000000e+04,2.264884874637194123e+00,4.447875467793672932e+00
6.606000000000000000e+04,2.213014728801478537e+00,4.226182137659241889e+00
6.606100000000000000e+04,2.577156502046961339e+00,3.674794402030550078e+00
6.606200000000000000e+04,1.883012042954763432e+00,3.274959432115303937e+00
6.606300000000000000e+04,2.462597269912121245e+00,3.442029296112815828e+00
6.606400000000000000e+04,1.513780799793015497e+00,3.485627703816796430e+00
6.606500000000000000e+04,2.167731695376850176e+00,3.193830358424225579e+00
6.606600000000000000e+04,3.092178069454378786e+00,3.395062748160375676e+00
6.606700000000000000e+04,3.405272254396441323e+00,3.557917470284400530e+00
6.606800000000000000e+04,1.665877364976814379e+00,2.032233301662520031e+00
6.606900000000000000e+04,1.617297449736070591e+00,1.895388673149481118e+00
6.607000000000000000e+04,1.553681304747664083e+00,1.657308811861654796e+00
6.607100000000000000e+04,1.561832617446590632e+00,1.582750141385206089e+00
6.607200000000000000e+04,8.943121006003011964e-01,1.295401644374902794e+00
6.607300000000000000e+04,1.542191340809133671e+00,1.451406474054872220e+00
6.607400000000000000e+04,4.418671485128556675e+00,1.018423944309714280e-01
6.607500000000000000e+04,3.278104432734271878e+00,1.655407659854897240e-01
6.607600000000000000e+04,3.837124923560625511e+00,5.781900900679515232e-02
6.607700000000000000e+04,4.032069920246390105e+00,1.841030875566924685e-01
6.607800000000000000e+04,1.550739398702476457e+00,1.093417285239379755e+00
6.607900000000000000e+04,1.499080233198021750e+00,1.070062757822039856e+00
6.608000000000000000e+04,1.373066046897520875e+00,1.010775692616097121e+00
6.608100000000000000e+04,1.380881183374790044e+00,9.974620612524218721e-01
6.608200000000000000e+04,6.321328373845246595e+00,9.737036825126317297e-01
6.608300000000000000e+04,1.101129774919176718e+01,2.181513516716558243e+00
6.608400000000000000e+04,1.232840145131844167e+01,2.790223391497606897e+00
6.608500000000000000e+04,2.228576444848882332e+01,5.141545398825098090e+01
6.608600000000000000e+04,2.217915256071099606e+01,5.236170529558953035e+01
6.608700000000000000e+04,2.325765707932496085e+01,5.584752116579932846e+01
6.608800000000000000e+04,2.395210478797553932e+01,5.892235136301117393e+01
6.608900000000000000e+04,2.135797843900206416e+01,7.043688835072599375e+01
6.609000000000000000e+04,2.215398713807488207e+01,7.327245351042451205e+01
6.609100000000000000e+04,2.175348346644344844e+01,7.298553156733638048e+01
6.609200000000000000e+04,2.152462556839986974e+01,7.106205171203964710e+01
6.609300000000000000e+04,2.454322176616859608e+01,6.570424192872562230e+01
6.609400000000000000e+04,nan,nan
6.609500000000000000e+04,nan,nan
6.609600000000000000e+04,nan,nan
6.609700000000000000e+04,nan,nan
6.609800000000000000e+04,nan,nan
6.609900000000000000e+04,nan,nan
6.610000000000000000e+04,nan,nan
6.610100000000000000e+04,nan,nan
6.610200000000000000e+04,nan,nan
6.610300000000000000e+04,nan,nan
6.610400000000000000e+04,nan,nan
6.610500000000000000e+04,nan,nan
6.610600000000000000e+04,nan,nan
6.610700000000000000e+04,nan,nan
6.610800000000000000e+04,nan,nan
6.610900000000000000e+04,nan,nan
6.611000000000000000e+04,nan,nan
6.611100000000000000e+04,nan,nan
6.611200000000000000e+04,nan,nan
6.611300000000000000e+04,nan,nan
6.611400000000000000e+04,nan,nan
6.611500000000000000e+04,nan,nan
6.611600000000000000e+04,nan,nan
6.611700000000000000e+04,nan,nan
6.611800000000000000e+04,nan,nan
6.611900000000000000e+04,nan,nan
6.612000000000000000e+04,nan,nan
6.612100000000000000e+04,nan,nan
6.612200000000000000e+04,nan,nan
6.612300000000000000e+04,nan,nan
6.612400000000000000e+04,nan,nan
6.612500000000000000e+04,nan,nan
6.612600000000000000e+04,nan,nan
6.612700000000000000e+04,nan,nan
6.612800000000000000e+04,nan,nan
6.612900000000000000e+04,nan,nan
6.613000000000000000e+04,3.173132409090392159e+01,3.220616272145214509e+01
6.613100000000000000e+04,9.977021549085399954e+00,2.454541806939674586e+01
6.613200000000000000e+04,9.864512896477332760e+00,2.337377609705803749e+01
6.613300000000000000e+04,9.174922495835092562e+00,2.225787746421027435e+01
6.613400000000000000e+04,8.951422036135094018e+00,2.083251322355740953e+01
6.613500000000000000e+04,6.820223544373802405e+00,1.480043147913336732e+01
6.613600000000000000e+04,4.207728510615718065e+00,1.124464829656139386e+01
6.613700000000000000e+04,1.662183808438225086e+01,2.707047101638195485e+01
6.613800000000000000e+04,1.479129650543388230e+01,2.337577986610491010e+01
6.613900000000000000e+04,nan,nan
6.614000000000000000e+04,1.325277340464886855e+01,4.889886732101786038e+00
6.614100000000000000e+04,1.016157051749718043e+00,2.701739981516312117e+00
6.614200000000000000e+04,2.691653537651171657e+00,2.491855503286584561e+00
6.614300000000000000e+04,3.247145946780940484e+00,2.311855148094780876e+00
6.614400000000000000e+04,2.716034764575701921e+00,1.978152914603241719e+00
6.614500000000000000e+04,3.139661096888286096e+00,1.694197793348584113e+00
6.614600000000000000e+04,3.987761076796564108e+00,1.462187501940799716e+00
6.614700000000000000e+04,5.568655261745870000e+00,1.378803117548831114e+00
6.614800000000000000e+04,6.217115748114044216e+00,1.457203940353623661e+00
6.614900000000000000e+04,5.681610866386010983e+00,1.573266382251854001e+00
6.615000000000000000e+04,5.527970630284847253e+00,1.587608618809943639e+00
6.615100000000000000e+04,5.690476189144974661e+00,1.818721849923055522e+00
6.615200000000000000e+04,6.603954934544621125e+00,2.188073221265174340e+00
6.615300000000000000e+04,8.324536539878900854e+00,2.655770298269994889e+00
6.615400000000000000e+04,1.021323877295897731e+01,3.102104583930332726e+00
6.615500000000000000e+04,1.194259213418975740e+01,3.302768556097651409e+00
6.615600000000000000e+04,1.377179479994464195e+01,3.389827583149360279e+00
6.615700000000000000e+04,1.556255252536371891e+01,3.398893336145184740e+00
6.615800000000000000e+04,3.281746579332762703e+00,2.954537961463516105e+00
6.615900000000000000e+04,2.883831441181078592e+00,3.578440962215281296e+00
6.616000000000000000e+04,4.521117309928511241e-01,2.284331220985925448e+00
6.616100000000000000e+04,4.483093465174268766e-01,2.216923419832735220e+00
6.616200000000000000e+04,4.187269755177570052e-01,2.332310029291412512e+00
6.616300000000000000e+04,2.051210034868829191e-01,2.803864218964110755e+00
6.616400000000000000e+04,2.447936642768411830e-01,3.037526569926150444e+00
6.616500000000000000e+04,1.687732677460887787e-01,3.134516995435556730e+00
6.616600000000000000e+04,1.962712276529922639e-01,2.916845857550476317e+00
6.616700000000000000e+04,3.466862521755018633e-01,3.122824088048139046e+00
6.616800000000000000e+04,5.612429039734559977e-01,3.202125115251273968e+00
6.616900000000000000e+04,4.701809146977204423e-01,3.292965660331184097e+00
6.617000000000000000e+04,5.796129618875480727e-01,3.300095296587126192e+00
6.617100000000000000e+04,2.130794163672108166e+00,3.245651223237433491e+00
6.617200000000000000e+04,2.607626983519409247e+00,3.109782142804522920e+00
6.617300000000000000e+04,3.335779391602849309e+00,2.976567189826021753e+00
6.617400000000000000e+04,3.139829012331207370e+00,2.872521280250585285e+00
6.617500000000000000e+04,3.401693488977216351e+00,2.555051687352036360e+00
6.617600000000000000e+04,3.534026272547130532e+00,2.079407169220067964e+00
6.617700000000000000e+04,3.725928999053575108e+00,7.930367007107426147e-01
6.617800000000000000e+04,1.950561129544816197e+00,3.856520076644311956e-01
6.617900000000000000e+04,1.141127010564153110e+00,4.358646829760512986e-01
6.618000000000000000e+04,5.859263862807911893e-01,1.560768820906314858e+00
6.618100000000000000e+04,3.616976824252367551e-01,2.659952557938131790e+00
6.618200000000000000e+04,1.671746141377970174e+00,3.514103423281938365e+00
6.618300000000000000e+04,1.688339425483304401e+00,4.851728741832888936e+00
6.618400000000000000e+04,2.078414881671398540e+00,6.034485759113479730e+00
6.618500000000000000e+04,2.560904953334911305e+00,6.968143709862311574e+00
6.618600000000000000e+04,2.732300906582691091e+00,7.011052868344992639e+00
6.618700000000000000e+04,3.252795194300014181e+00,7.550767702370695389e+00
6.618800000000000000e+04,2.776864062424379220e+00,6.990047285945403033e+00
6.618900000000000000e+04,2.779711789449716530e+00,6.834427170747319202e+00
6.619000000000000000e+04,2.643512938512397437e+00,6.669442242441363078e+00
6.619100000000000000e+04,2.498452790093387943e+00,6.487296486834490672e+00
6.619200000000000000e+04,1.735656081908269366e+00,5.786360412158329858e+00
6.619300000000000000e+04,1.512732245719513591e+00,6.213428461251917945e+00
6.619400000000000000e+04,1.417209950141801178e+00,6.281918522192453835e+00
6.619500000000000000e+04,1.692204078928189359e+00,6.148721012132360997e+00
6.619600000000000000e+04,2.922187731380596176e+00,6.446160325553694115e+00
6.619700000000000000e+04,4.690616000013581477e+00,6.471439370936669988e+00
6.619800000000000000e+04,5.963150259117570684e+00,6.672940848791649060e+00
6.619900000000000000e+04,7.323304223229698096e+00,7.216096152240250028e+00
6.620000000000000000e+04,8.353773430899643415e+00,7.936560994974883876e+00
6.620100000000000000e+04,1.074411091780087979e+01,8.919922357666678181e+00
6.620200000000000000e+04,1.054063024134980253e+01,9.598260124339704547e+00
6.620300000000000000e+04,3.467576489144322949e+01,1.765445968005385780e+01
6.620400000000000000e+04,5.650369013478572100e+01,2.416137752926775306e+01
6.620500000000000000e+04,7.038974184555416969e+01,2.772685137191958660e+01
6.620600000000000000e+04,6.643562910794065601e+01,2.884488018783360275e+01
6.620700000000000000e+04,6.205378647895013700e+01,2.785667735598372019e+01
6.620800000000000000e+04,6.193595273641432186e+01,2.864475030490136831e+01
6.620900000000000000e+04,5.968285408336212328e+01,2.968890148029018405e+01
6.621000000000000000e+04,5.897193432525388346e+01,3.236234981425106838e+01
6.621100000000000000e+04,4.100240728308898497e+01,2.968630170338539997e+01
6.621200000000000000e+04,2.815692128094852364e+01,2.722262501576764748e+01
6.621300000000000000e+04,2.157173523587257336e+01,2.440939714027472007e+01
6.621400000000000000e+04,1.612540881571172235e+01,2.206172860909538258e+01
6.621500000000000000e+04,1.185268713314166256e+01,1.988535487496257659e+01
6.621600000000000000e+04,8.756230758195609809e+00,1.794839362943677230e+01
6.621700000000000000e+04,6.426974168317268976e+00,1.612129902628261391e+01
6.621800000000000000e+04,4.991759411759750797e+00,1.468288356350198498e+01
6.621900000000000000e+04,4.252782461781137613e+00,1.360282637340227296e+01
6.622000000000000000e+04,3.983607445889510768e+00,1.284067386506348996e+01
6.622100000000000000e+04,3.792215573057265754e+00,1.215107991514387464e+01
6.622200000000000000e+04,3.164680893439317799e+00,1.113568397553767575e+01
6.622300000000000000e+04,3.610325323946468323e+00,1.142398729948796188e+01
6.622400000000000000e+04,3.331031157019063826e+00,1.061291686805798307e+01
6.622500000000000000e+04,2.742685309834578256e+00,9.486949146647081221e+00
6.622600000000000000e+04,2.230374542630524370e+00,8.520693277629764140e+00
6.622700000000000000e+04,1.878690423189592673e+00,7.597463136447037968e+00
6.622800000000000000e+04,1.715178684302163914e+00,7.437045360577348774e+00
6.622900000000000000e+04,1.742586450740466031e+00,7.267962060528230239e+00
6.623000000000000000e+04,1.917822046605349939e+00,6.643359767423440587e+00
6.623100000000000000e+04,2.198893981938621511e+00,6.274877018407904572e+00
6.623200000000000000e+04,2.855672053130869248e+00,5.791970416448004144e+00
6.623300000000000000e+04,3.409764094045195648e+00,5.333319148177869451e+00
6.623400000000000000e+04,3.032782162431927109e+00,5.507413139911964350e+00
6.623500000000000000e+04,2.468715820591729670e+00,5.431256068184389108e+00
6.623600000000000000e+04,1.935135392128197962e+00,4.966215430235530803e+00
6.623700000000000000e+04,2.124574132846669183e+00,4.444829830273571147e+00
6.623800000000000000e+04,2.250521659404133512e+00,3.784517657926542711e+00
6.623900000000000000e+04,2.275564449545658174e+00,3.312146374249776315e+00
6.624000000000000000e+04,2.263220941549086263e+00,2.775433493365104809e+00
6.624100000000000000e+04,2.255679428475594328e+00,2.218397764998911725e+00
6.624200000000000000e+04,2.205659667754002573e+00,1.840750369792530705e+00
6.624300000000000000e+04,2.125925184362138065e+00,1.423555796341936741e+00
6.624400000000000000e+04,1.928225764227871952e+00,9.924254483695271745e-01
6.624500000000000000e+04,1.443741709135402118e+00,3.297160399189568381e+00
6.624600000000000000e+04,1.358864535403138563e+00,3.083348157147266733e+00
6.624700000000000000e+04,1.216744032715496804e+00,3.044505747080023639e+00
6.624800000000000000e+04,1.117407755578761819e+00,2.829138208023509904e+00
6.624900000000000000e+04,1.085196647672780346e+00,2.766364185701929657e+00
6.625000000000000000e+04,1.218977623165496516e+00,3.423678876579694830e+00
6.625100000000000000e+04,1.275040082472930214e+00,3.442553914030392903e+00
6.625200000000000000e+04,1.282175820782385012e+00,2.909500691880241519e+00
6.625300000000000000e+04,1.316989747172360836e+00,2.738505757326825218e+00
6.625400000000000000e+04,1.246139377641988233e+00,3.643349354552913866e+00
6.625500000000000000e+04,1.206520215316878808e+00,4.342684035264575471e+00
6.625600000000000000e+04,1.144363167819326677e+00,4.474393075874072423e+00
6.625700000000000000e+04,1.125740238729983966e+00,4.589177574650962654e+00
6.625800000000000000e+04,1.260952325344682601e+00,4.603391206462104535e+00
6.625900000000000000e+04,1.370537282708924609e+00,4.480011620966710240e+00
6.626000000000000000e+04,1.406311134881849556e+00,4.349241380222133913e+00
6.626100000000000000e+04,1.322245180149968391e+00,4.351439284233338256e+00
6.626200000000000000e+04,1.234096419335130923e+00,4.292437763154074659e+00
6.626300000000000000e+04,1.223240499217499222e+00,4.331962347753528064e+00
6.626400000000000000e+04,1.249876203641237637e+00,4.789710925055711499e+00
6.626500000000000000e+04,1.177658775834050431e+00,5.150423437972380114e+00
6.626600000000000000e+04,1.181427422408553474e+00,5.040562781421954242e+00
6.626700000000000000e+04,1.047681591412042534e+00,5.058093034773069263e+00
6.626800000000000000e+04,9.921596441028027735e-01,4.579069533866329422e+00
6.626900000000000000e+04,9.329040357518147975e-01,4.218136629971906970e+00
6.627000000000000000e+04,9.701932430797811646e-01,4.221649125845555517e+00
6.627100000000000000e+04,9.299134269528607222e-01,4.073036071225873300e+00
6.627200000000000000e+04,9.178986434320295373e-01,4.033083973171310177e+00
6.627300000000000000e+04,9.314716341859797799e-01,4.095562741524908290e+00
6.627400000000000000e+04,8.907718445815775432e-01,4.101027485832858588e+00
6.627500000000000000e+04,8.076807305019542138e-01,4.331761210479134760e+00
6.627600000000000000e+04,7.699842701675793100e-01,4.317926314131145915e+00
6.627700000000000000e+04,7.153225846642001784e-01,4.483577366262728958e+00
6.627800000000000000e+04,8.576852634259376496e-01,5.028453904037787581e+00
6.627900000000000000e+04,7.963367933272444965e-01,5.184721005872500399e+00
6.628000000000000000e+04,7.590598819307559086e-01,5.118201338828271219e+00
6.628100000000000000e+04,8.361748714616394906e-01,5.024431782812465386e+00
6.628200000000000000e+04,8.989937060109579603e-01,5.185720014782511100e+00
6.628300000000000000e+04,8.961622777429515407e-01,5.346564605998167963e+00
6.628400000000000000e+04,8.802275748942769429e-01,5.288895497750477404e+00
6.628500000000000000e+04,8.168728680516340601e-01,5.303281214548324130e+00
6.628600000000000000e+04,8.088094673813247537e-01,5.403430474385261917e+00
6.628700000000000000e+04,8.826935871346233142e-01,5.657578963962963670e+00
6.628800000000000000e+04,9.154719389595531442e-01,5.931690769640377781e+00
6.628900000000000000e+04,8.875704694514037207e-01,5.770429593462617746e+00
6.629000000000000000e+04,9.265177440805133502e-01,5.812149037875316893e+00
6.629100000000000000e+04,9.752533824000786389e-01,5.536942974749502255e+00
6.629200000000000000e+04,9.274015106848617629e-01,5.305463160951999768e+00
6.629300000000000000e+04,9.551704728533597644e-01,5.232815521170664397e+00
6.629400000000000000e+04,1.042482551000117219e+00,5.253029828297485437e+00
6.629500000000000000e+04,9.978812285238604085e-01,4.999160374840235121e+00
6.629600000000000000e+04,9.590014670297131172e-01,4.932308922934277362e+00
6.629700000000000000e+04,9.455047052246474681e-01,4.902186858758161847e+00
6.629800000000000000e+04,9.071856287383619488e-01,4.703869077895575401e+00
6.629900000000000000e+04,8.814882242292454428e-01,4.974916336476272960e+00
6.630000000000000000e+04,8.935611601580595309e-01,5.202527912279373723e+00
6.630100000000000000e+04,8.687703214427553444e-01,5.363237520411351156e+00
6.630200000000000000e+04,7.359971557071949277e-01,5.337741498611487501e+00
6.630300000000000000e+04,7.563066706183693144e-01,5.152453155381369498e+00
6.630400000000000000e+04,7.772187157707372007e-01,4.918766848379629408e+00
6.630500000000000000e+04,7.701997057590788121e-01,4.585939928246935082e+00
6.630600000000000000e+04,7.682453164781206656e-01,4.454980731175560038e+00
6.630700000000000000e+04,9.122089480048296561e-01,4.600221545971002968e+00
6.630800000000000000e+04,9.620542875199343813e-01,5.067931112176360386e+00
6.630900000000000000e+04,1.004593585797146638e+00,5.554751766071618135e+00
6.631000000000000000e+04,1.181981890328145379e+00,3.241867797840029652e+00
6.631100000000000000e+04,1.576199324913027944e+00,1.268147682235110096e-01
6.631200000000000000e+04,1.343103965730233273e+00,5.328150073061621583e-02
6.631300000000000000e+04,8.289089516475837138e-01,3.652623364638838410e-01
6.631400000000000000e+04,6.724555540395077413e-01,7.303272680517540749e-01
6.631500000000000000e+04,6.252123346924330916e-01,1.202763075565686179e+00
6.631600000000000000e+04,8.403973681176223343e-01,1.454116449872559613e+00
6.631700000000000000e+04,9.605801467461878573e-01,1.691686602588195143e+00
6.631800000000000000e+04,1.123617650880750718e+00,1.943760271874545253e+00
6.631900000000000000e+04,1.151174096744335795e+00,2.448286113919150964e+00
6.632000000000000000e+04,1.202851440137653993e+00,2.771027300248448455e+00
6.632100000000000000e+04,1.451293947391314010e+00,2.998559305198394753e+00
6.632200000000000000e+04,1.762726492436148096e+00,2.958884148858320629e+00
6.632300000000000000e+04,2.087755274201472666e+00,2.776698659092151189e+00
6.632400000000000000e+04,1.964719787442711141e+00,2.666236772043266257e+00
6.632500000000000000e+04,1.842173556353330355e+00,2.464067588495019834e+00
6.632600000000000000e+04,1.687964444708793810e+00,2.382385180743579411e+00
6.632700000000000000e+04,1.513318608373452001e+00,2.403275604997361370e+00
6.632800000000000000e+04,1.441122470806486477e+00,2.099482329554593463e+00
6.632900000000000000e+04,1.267266207638164000e+00,1.952791776776400923e+00
6.633000000000000000e+04,1.274528072088356723e+00,1.196505867774394716e+00
6.633100000000000000e+04,1.215503615040014251e+00,5.328774648454661644e-01
6.633200000000000000e+04,1.116622971673269626e+00,4.306832791207249045e-02
6.633300000000000000e+04,1.011093594117750571e+00,5.322255423068327218e-01
6.633400000000000000e+04,1.388850801360559162e+00,7.799732160284253979e-01
6.633500000000000000e+04,1.807275591107974755e+00,1.032557242471442649e+00
6.633600000000000000e+04,2.319628746178328260e+00,9.335637390052440310e-01
6.633700000000000000e+04,3.655877137812394650e+00,4.818375179160874211e-01
6.633800000000000000e+04,4.378072383402326295e+00,1.317272244426526129e-01
6.633900000000000000e+04,2.734339777818737272e+00,2.192912768562864656e+00
6.634000000000000000e+04,2.301125535598509853e+00,2.299954282542532980e+00
6.634100000000000000e+04,1.629964242318609813e+00,2.953940919445500413e+00
6.634200000000000000e+04,8.483319736709163950e-01,3.860279263920384452e+00
6.634300000000000000e+04,1.169371852947183488e+00,4.054811525405149553e+00
6.634400000000000000e+04,1.133157907075388104e+00,4.408805881595590392e+00
6.634500000000000000e+04,1.384191102907249116e+00,4.877124864533387338e+00
6.634600000000000000e+04,1.444491234315121497e+00,5.069218630085575938e+00
6.634700000000000000e+04,1.223474863512812094e+00,4.946660920424493568e+00
6.634800000000000000e+04,1.062977392904028484e+00,4.689881971358992985e+00
6.634900000000000000e+04,9.762369206883326767e-01,4.412507945027607903e+00
6.635000000000000000e+04,8.583530564329074908e-01,4.193445047736073406e+00
6.635100000000000000e+04,8.594346314849173885e-01,4.026592045917139373e+00
6.635200000000000000e+04,9.239708401611049782e-01,3.969099936988616406e+00
6.635300000000000000e+04,8.173994636600611097e-01,3.903826669462834076e+00
6.635400000000000000e+04,9.636439758926861332e-01,4.249562341995501313e+00
6.635500000000000000e+04,7.793678983302037011e-01,4.283715445055468862e+00
6.635600000000000000e+04,7.566734561046583041e-01,4.367635779554372988e+00
6.635700000000000000e+04,1.031115091713515453e+00,4.462543048418364577e+00
6.635800000000000000e+04,8.512661566231063404e-01,4.499404040723657516e+00
6.635900000000000000e+04,7.200201768785641221e-01,4.563635239743167205e+00
6.636000000000000000e+04,5.585485635848340680e-01,4.461736971692475962e+00
6.636100000000000000e+04,6.173666359138572091e-01,4.365121087665386312e+00
6.636200000000000000e+04,6.774819265499560927e-01,4.226371541572460089e+00
6.636300000000000000e+04,9.956922644802853606e-01,3.945467120390986793e+00
6.636400000000000000e+04,1.095684458220213653e+00,3.775837015767422145e+00
6.636500000000000000e+04,1.318864130998560036e+00,3.638133417437618533e+00
6.636600000000000000e+04,1.318391036857883725e+00,3.562674814312252636e+00
6.636700000000000000e+04,1.657648309871149861e+00,3.326687428207328878e+00
6.636800000000000000e+04,1.520350891872959354e+00,3.311545680587403950e+00
6.636900000000000000e+04,1.357172674304168103e+00,3.324084189038561732e+00
6.637000000000000000e+04,1.966000277826368769e+00,2.835197583874048632e+00
6.637100000000000000e+04,1.960687209574284440e+00,3.045606432142214715e+00
6.637200000000000000e+04,2.080874258924059195e+00,2.965185433175410168e+00
6.637300000000000000e+04,2.076831212912951585e+00,2.908747600781868670e+00
6.637400000000000000e+04,2.038414625617417819e+00,2.733340306483569293e+00
6.637500000000000000e+04,2.104636426778839997e+00,2.155448076998304430e+00
6.637600000000000000e+04,1.920834450353215539e+00,2.173240011516170966e+00
6.637700000000000000e+04,1.850840254689090081e+00,2.224461729207259708e+00
6.637800000000000000e+04,1.858921779947983577e+00,2.323591929537798251e+00
6.637900000000000000e+04,1.792185478440794899e+00,2.369768391028628685e+00
6.638000000000000000e+04,1.863509595691601461e+00,2.242190237620352633e+00
6.638100000000000000e+04,9.231176859760922282e-01,3.302037232654683407e+00
6.638200000000000000e+04,1.004798245462695583e+00,3.271286994158916883e+00
6.638300000000000000e+04,9.539601047812172885e-01,3.345937032540266642e+00
6.638400000000000000e+04,8.607214302183155974e-01,3.450030938327831365e+00
6.638500000000000000e+04,1.210437882697743772e+00,4.366805110323415562e+00
6.638600000000000000e+04,1.135538755395734345e+00,3.919176773492736743e+00
6.638700000000000000e+04,9.923452379173104410e-01,3.480713043842779797e+00
6.638800000000000000e+04,1.498731209914462070e+00,3.405563317352374497e+00
6.638900000000000000e+04,1.475541917338214049e+00,4.586915578971400009e+00
6.639000000000000000e+04,1.188724336842465590e+00,4.340047677685497263e+00
6.639100000000000000e+04,1.002349153674191529e+00,4.533425441664487465e+00
6.639200000000000000e+04,8.702832555789810076e-01,4.530096346527358264e+00
6.639300000000000000e+04,8.963372701853773439e-01,4.892519151667158894e+00
6.639400000000000000e+04,8.060652385272661924e-01,5.241045686894999278e+00
6.639500000000000000e+04,7.116191532516289442e-01,5.560093821601807207e+00
6.639600000000000000e+04,7.820032603132364146e-01,5.972801948475506606e+00
6.639700000000000000e+04,8.054013103626959102e-01,6.104875348886757536e+00
6.639800000000000000e+04,1.063463427194135447e+00,6.788154325954845802e+00
6.639900000000000000e+04,1.024474872532906478e+00,7.044909966384448552e+00
6.640000000000000000e+04,1.136625545680502114e+00,7.273113202734524663e+00
6.640100000000000000e+04,8.863677473169320198e-01,7.015071130138309741e+00
6.640200000000000000e+04,8.566698147298815735e-01,6.527272635398791323e+00
6.640300000000000000e+04,6.903761591681820686e-01,6.200712165517945351e+00
6.640400000000000000e+04,1.204470074175292282e+00,7.018528967402339447e+00
6.640500000000000000e+04,1.533562056734660617e+00,6.286803459528897520e+00
6.640600000000000000e+04,1.896963714219068509e+00,5.534888467964918846e+00
6.640700000000000000e+04,2.814143532271121906e+00,4.712777291336543328e+00
6.640800000000000000e+04,2.856336457995163780e+00,2.239758569363619500e+00
6.640900000000000000e+04,3.111952608719526836e+00,2.705647691323640913e+00
6.641000000000000000e+04,3.706594453500496211e+00,4.607496664325630320e+00
6.641100000000000000e+04,4.193717321581823754e+00,4.769393887398091891e+00
6.641200000000000000e+04,7.332603816145172537e+00,2.923899232989484176e-01
6.641300000000000000e+04,8.775371536662426308e+00,5.597135212163983908e-01
6.641400000000000000e+04,1.008655161074020512e+01,9.766987831486133587e-01
6.641500000000000000e+04,1.117148614017174602e+01,1.701865133609846481e+00
6.641600000000000000e+04,1.234235907927064524e+01,2.666561967196859229e+00
6.641700000000000000e+04,1.603278241526029291e+01,6.157167367615627995e-01
6.641800000000000000e+04,1.722180779602622636e+01,2.447373078792907108e-01
6.641900000000000000e+04,2.531379113288836180e+01,2.027320477028280266e+01
6.642000000000000000e+04,2.501882007757041748e+01,2.784371159510019567e+01
6.642100000000000000e+04,2.431365891591904926e+01,3.037466873249607247e+01
6.642200000000000000e+04,2.357102765162951741e+01,3.184339135553461375e+01
6.642300000000000000e+04,2.284285243698744239e+01,3.282494073060536266e+01
6.642400000000000000e+04,2.207407532380458903e+01,3.407869435945222847e+01
6.642500000000000000e+04,2.166714021176277782e+01,3.472524210216354135e+01
6.642600000000000000e+04,2.481927068357996191e+01,4.413200256564482515e+01
6.642700000000000000e+04,2.078184673608357258e+01,3.680987534733596789e+01
6.642800000000000000e+04,2.077376666624180146e+01,3.742591599779265721e+01
6.642900000000000000e+04,2.079469146625193687e+01,3.764725201750643180e+01
6.643000000000000000e+04,2.096024547698372587e+01,3.795661213364500242e+01
6.643100000000000000e+04,2.599272590647694869e+01,5.037387683103928993e+01
6.643200000000000000e+04,2.594037530012601778e+01,5.053932532027980074e+01
6.643300000000000000e+04,2.568255684773341940e+01,4.937701658463775800e+01
6.643400000000000000e+04,2.099331161856433070e+01,3.814018278304838816e+01
6.643500000000000000e+04,2.101086902893850095e+01,3.893846883256080815e+01
6.643600000000000000e+04,2.098806580375661568e+01,3.960115336985651879e+01
6.643700000000000000e+04,2.087810411243226127e+01,3.949580416246983816e+01
6.643800000000000000e+04,2.100758239491328894e+01,3.960631191490037395e+01
6.643900000000000000e+04,1.915739394471158974e+01,3.549174037854048436e+01
6.644000000000000000e+04,2.097717839364456083e+01,3.973544676165413136e+01
6.644100000000000000e+04,2.109217500014086610e+01,3.938735115339250115e+01
6.644200000000000000e+04,2.093611614896738260e+01,3.927573271440186886e+01
6.644300000000000000e+04,2.088333489796838904e+01,3.855286164336943955e+01
6.644400000000000000e+04,2.069999693046436917e+01,3.808082477058589888e+01
6.644500000000000000e+04,2.060964935507691465e+01,3.692167590912713138e+01
6.644600000000000000e+04,2.066724633882851592e+01,3.595394318712710913e+01
6.644700000000000000e+04,2.130411998698685849e+01,3.417340444232898733e+01
6.644800000000000000e+04,2.301599915241118666e+01,2.927507590693509343e+01
6.644900000000000000e+04,2.256377542219252064e+01,2.978496229889294611e+01
6.645000000000000000e+04,2.244822793247124082e+01,3.068426711209113478e+01
6.645100000000000000e+04,2.231608311747304185e+01,3.200521530579091234e+01
6.645200000000000000e+04,2.524652665117985251e+01,2.473683501040262556e+01
6.645300000000000000e+04,2.572682444647902145e+01,2.412220650978653680e+01
6.645400000000000000e+04,2.591418203156835887e+01,2.453504676616994118e+01
6.645500000000000000e+04,2.560581885652025136e+01,2.573278468552304687e+01
6.645600000000000000e+04,2.495794523390534891e+01,2.725308900251749122e+01
6.645700000000000000e+04,2.142045454002643368e+01,3.626795753128484279e+01
6.645800000000000000e+04,3.213377709074509170e+01,3.987657007383356245e+01
6.645900000000000000e+04,2.405305017492137054e+01,5.171235722226770548e+01
6.646000000000000000e+04,2.130579331787602015e+01,2.085828353592938456e+01
6.646100000000000000e+04,nan,nan
6.646200000000000000e+04,nan,nan
6.646300000000000000e+04,nan,nan
6.646400000000000000e+04,nan,nan
6.646500000000000000e+04,nan,nan
6.646600000000000000e+04,nan,nan
6.646700000000000000e+04,nan,nan
6.646800000000000000e+04,nan,nan
6.646900000000000000e+04,nan,nan
6.647000000000000000e+04,nan,nan
6.647100000000000000e+04,nan,nan
6.647200000000000000e+04,nan,nan
6.647300000000000000e+04,nan,nan
6.647400000000000000e+04,nan,nan
6.647500000000000000e+04,nan,nan
6.647600000000000000e+04,nan,nan
6.647700000000000000e+04,nan,nan
6.647800000000000000e+04,nan,nan
6.647900000000000000e+04,nan,nan
6.648000000000000000e+04,nan,nan
6.648100000000000000e+04,nan,nan
6.648200000000000000e+04,nan,nan
6.648300000000000000e+04,nan,nan
6.648400000000000000e+04,nan,nan
6.648500000000000000e+04,nan,nan
6.648600000000000000e+04,nan,nan
6.648700000000000000e+04,nan,nan
6.648800000000000000e+04,nan,nan
6.648900000000000000e+04,nan,nan
6.649000000000000000e+04,1.495648791764023544e+00,4.340464904630874088e+00
6.649100000000000000e+04,3.278014316434111342e-01,5.403062823112584567e+00
6.649200000000000000e+04,5.826771275970699104e-01,4.864606222260842827e+00
6.649300000000000000e+04,6.818014278335005063e-01,4.727699254660915784e+00
6.649400000000000000e+04,6.487950222637308695e-01,4.759705106295378130e+00
6.649500000000000000e+04,9.504385473046375044e-01,5.240130578058355582e+00
6.649600000000000000e+04,8.895772605569679525e-01,4.464928832788384483e+00
6.649700000000000000e+04,7.782241552087585390e-01,3.801917006781607711e+00
6.649800000000000000e+04,7.846034853416330446e-01,3.795462261938800097e+00
6.649900000000000000e+04,8.991343229127506387e-01,3.734620057360713119e+00
6.650000000000000000e+04,7.484372796014713280e-01,3.921328877377860067e+00
6.650100000000000000e+04,7.505804359304973916e-01,4.052040901603858103e+00
6.650200000000000000e+04,7.835658865940928752e-01,3.848793363997250694e+00
6.650300000000000000e+04,8.358428839993036208e-01,3.871298637226860961e+00
6.650400000000000000e+04,9.111710893162090485e-01,4.078348780214961167e+00
6.650500000000000000e+04,9.972500873329168680e-01,4.631025384649877452e+00
6.650600000000000000e+04,3.874068547321515843e-01,4.793477016146667324e+00
6.650700000000000000e+04,1.388452457077901325e+00,5.505940750334112010e+00
6.650800000000000000e+04,2.571325623750846390e-01,4.138455967998613261e+00
6.650900000000000000e+04,3.032509986312373895e-01,3.225774460066840987e+00
6.651000000000000000e+04,3.147194835958293524e-01,3.240455644332055130e+00
6.651100000000000000e+04,3.994959231816161971e-01,3.311228771189796305e+00
6.651200000000000000e+04,4.261183420490304852e-01,2.477970014440515456e+00
6.651300000000000000e+04,4.934153479089702365e-01,2.620200893241580786e+00
6.651400000000000000e+04,5.546922237594205107e-01,2.584769237585415880e+00
6.651500000000000000e+04,6.177505559070607388e-01,2.869033053082098661e+00
6.651600000000000000e+04,6.815893156754214699e-01,3.081509408054984078e+00
6.651700000000000000e+04,7.227116078359393514e-01,3.403835427706951577e+00
6.651800000000000000e+04,7.683911529014495478e-01,3.625108051003632426e+00
6.651900000000000000e+04,7.585708817724511333e-01,3.757866023074047490e+00
6.652000000000000000e+04,7.078120873233991750e-01,3.859432574299212604e+00
6.652100000000000000e+04,7.856326005771713250e-01,3.889625310091894050e+00
6.652200000000000000e+04,7.742238857744968561e-01,3.833643328281159057e+00
6.652300000000000000e+04,8.386916369500985180e-01,3.723468883041491040e+00
6.652400000000000000e+04,7.929921580554272209e-01,3.871643706774165139e+00
6.652500000000000000e+04,7.757952360972384387e-01,3.976458359731637415e+00
6.652600000000000000e+04,8.017723764486871518e-01,3.941275248901586536e+00
6.652700000000000000e+04,7.653168615258035823e-01,4.054473213234647488e+00
6.652800000000000000e+04,8.514945725399472032e-01,4.090883169313933365e+00
6.652900000000000000e+04,8.338182038563696219e-01,4.048986911054669235e+00
6.653000000000000000e+04,7.189122903669975528e-01,4.206300578543171298e+00
6.653100000000000000e+04,7.482008492688794199e-01,4.224129263115376176e+00
6.653200000000000000e+04,7.104144468559789871e-01,4.276044394776533863e+00
6.653300000000000000e+04,6.258026683621299435e-01,4.331386822007225135e+00
6.653400000000000000e+04,5.132322490162489759e-01,4.373242222002140522e+00
6.653500000000000000e+04,3.942795161184854402e-01,4.413800358975592530e+00
6.653600000000000000e+04,4.087854528255908115e-01,4.451418831104689389e+00
6.653700000000000000e+04,4.435942864629174864e-01,4.456159961742674369e+00
6.653800000000000000e+04,5.228434764998963757e-01,4.468420801698577804e+00
6.653900000000000000e+04,4.646134338205891168e-01,4.518048219175291536e+00
6.654000000000000000e+04,3.953974513609006536e-01,4.517833522881581132e+00
6.654100000000000000e+04,4.646194403931578343e-01,4.593618536203948111e+00
6.654200000000000000e+04,3.165582143013669914e-01,4.636064705476979242e+00
6.654300000000000000e+04,2.506445168968294834e-01,4.639693611097030157e+00
6.654400000000000000e+04,2.255270108687203456e-01,4.683015327929918925e+00
6.654500000000000000e+04,2.156397258251351867e-01,4.701402156377099573e+00
6.654600000000000000e+04,1.954123814255013802e-01,4.654152052866134426e+00
6.654700000000000000e+04,1.879268917270773831e-01,4.655694031814928024e+00
6.654800000000000000e+04,2.247501715766890840e-01,4.608739376591092451e+00
6.654900000000000000e+04,2.420130605356431708e-01,4.594271966397236895e+00
6.655000000000000000e+04,2.501738621967991572e-01,4.573861532405683050e+00
6.655100000000000000e+04,2.743830090147756917e-01,4.569508262119882147e+00
6.655200000000000000e+04,2.687737997086466213e-01,4.563111237424212874e+00
6.655300000000000000e+04,2.386983192356829375e-01,4.575015496580014940e+00
6.655400000000000000e+04,2.258176540498734175e-01,4.595469145298395119e+00
6.655500000000000000e+04,2.268703203757432563e-01,4.626894927471703056e+00
6.655600000000000000e+04,2.040009428009881554e-01,4.660928913098459248e+00
6.655700000000000000e+04,1.912325461247786351e-01,4.694898102337536017e+00
6.655800000000000000e+04,2.087633234072572841e-01,4.689473630248009783e+00
6.655900000000000000e+04,1.957479882455417930e-01,4.688487500362299443e+00
6.656000000000000000e+04,1.787463800994920637e-01,4.701110758505294029e+00
6.656100000000000000e+04,1.676504336008908524e-01,4.737598320425664866e+00
6.656200000000000000e+04,1.864315216036773470e-01,4.774144094064229904e+00
6.656300000000000000e+04,2.620751616858150168e-01,4.777958045414301580e+00
6.656400000000000000e+04,5.230261389802443039e-01,4.696466483319152729e+00
6.656500000000000000e+04,8.004016624286002246e-01,4.664517893444784846e+00
6.656600000000000000e+04,5.970561710109296705e-01,4.615484379196228559e+00
6.656700000000000000e+04,8.892210333747182505e-01,4.718945643054713202e+00
6.656800000000000000e+04,6.784813506140519035e-01,4.762163666820704577e+00
6.656900000000000000e+04,8.830975799344994437e-01,4.751855072402989322e+00
6.657000000000000000e+04,7.470289089855970399e-01,4.774880220212466497e+00
6.657100000000000000e+04,6.355014740599574941e-01,4.806621851554407243e+00
6.657200000000000000e+04,6.784205495691127963e-01,4.846653392751665734e+00
6.657300000000000000e+04,6.420642855177807196e-01,4.893825180867811042e+00
6.657400000000000000e+04,6.318334606494986350e-01,4.937007019833178134e+00
6.657500000000000000e+04,6.382328193457048604e-01,4.964537230952362989e+00
6.657600000000000000e+04,4.883793528693242125e-01,5.056247796696069940e+00
6.657700000000000000e+04,4.526795703381598646e-01,5.062283169346173395e+00
6.657800000000000000e+04,3.208955203945640378e-01,5.070342749147304318e+00
6.657900000000000000e+04,2.549575569411715037e-01,5.005554752406187191e+00
6.658000000000000000e+04,2.391103025183750619e-01,5.013408695104661916e+00
6.658100000000000000e+04,3.201471379998305222e-01,5.019216986757104593e+00
6.658200000000000000e+04,2.978711162769084320e-01,5.023022890527759188e+00
6.658300000000000000e+04,2.711430466948916429e-01,5.073753043688356001e+00
6.658400000000000000e+04,2.190243561221130730e-01,5.101886953999407837e+00
6.658500000000000000e+04,1.389447955290760983e-01,5.107158830442557473e+00
6.658600000000000000e+04,1.442299841713328146e-01,5.092114746909508938e+00
6.658700000000000000e+04,1.382971399166088577e-01,5.096049200901752840e+00
6.658800000000000000e+04,2.230685743599598592e-01,5.086039499774212658e+00
6.658900000000000000e+04,4.676857823683785442e-01,5.019134841826588200e+00
6.659000000000000000e+04,nan,nan
6.659100000000000000e+04,2.032871065109383721e+02,1.901569896614553556e+02
6.659200000000000000e+04,9.096983580554044693e+02,2.574824314667174008e+02
6.659300000000000000e+04,1.485976083911867363e+03,7.137492048442701389e+02
6.659400000000000000e+04,1.602873899811936781e+03,7.572282120677537023e+02
6.659500000000000000e+04,1.720178796949524894e+03,7.898334419557406818e+02
6.659600000000000000e+04,1.844656545827838727e+03,8.200141249505074938e+02
6.659700000000000000e+04,1.981023631564271909e+03,8.568542498051176608e+02
6.659800000000000000e+04,2.133159255827800735e+03,9.077534136948174819e+02
6.659900000000000000e+04,2.293609378845287665e+03,9.666807195096014311e+02
6.660000000000000000e+04,2.463358293681400482e+03,1.028686612968663894e+03
6.660100000000000000e+04,2.639306973496333285e+03,1.090584468483657247e+03
6.660200000000000000e+04,2.819864371113423203e+03,1.150093100736823999e+03
6.660300000000000000e+04,3.004557942518906657e+03,1.207977369846909824e+03
6.660400000000000000e+04,3.195622512086245024e+03,1.267352322755195928e+03
6.660500000000000000e+04,3.402615751610223924e+03,1.337927880448349924e+03
6.660600000000000000e+04,3.619180705558235331e+03,1.412227244280359855e+03
6.660700000000000000e+04,3.842594244294681175e+03,1.487573595099624299e+03
6.660800000000000000e+04,4.073000629947490324e+03,1.566633653831024731e+03
6.660900000000000000e+04,4.261797137757026576e+03,1.631484420700436658e+03
6.661000000000000000e+04,nan,nan
6.661100000000000000e+04,nan,nan
6.661200000000000000e+04,nan,nan
6.661300000000000000e+04,nan,nan
6.661400000000000000e+04,nan,nan
6.661500000000000000e+04,nan,nan
6.661600000000000000e+04,nan,nan
6.661700000000000000e+04,nan,nan
6.661800000000000000e+04,nan,nan
6.661900000000000000e+04,nan,nan
6.662000000000000000e+04,nan,nan
6.662100000000000000e+04,nan,nan
6.662200000000000000e+04,nan,nan
6.662300000000000000e+04,nan,nan
6.662400000000000000e+04,nan,nan
6.662500000000000000e+04,nan,nan
6.662600000000000000e+04,nan,nan
6.662700000000000000e+04,nan,nan
6.662800000000000000e+04,nan,nan
6.662900000000000000e+04,nan,nan
6.663000000000000000e+04,nan,nan
6.663100000000000000e+04,nan,nan
6.663200000000000000e+04,4.939433789660611751e+00,3.346714260805629948e+00
6.663300000000000000e+04,2.633054688325740522e-01,3.636367680835999039e+00
6.663400000000000000e+04,2.082370652210543127e-01,3.537632616431288568e+00
6.663500000000000000e+04,2.008191875716321961e-01,3.471758392299861384e+00
6.663600000000000000e+04,1.990365597607484105e-01,3.338287597500187331e+00
6.663700000000000000e+04,3.528431091949636444e-01,3.313735551520210265e+00
6.663800000000000000e+04,1.521485703887647534e-01,3.226974751764576155e+00
6.663900000000000000e+04,2.489158832999325832e-01,3.092040921443164336e+00
6.664000000000000000e+04,3.726449710669487714e-01,2.952911285410344533e+00
6.664100000000000000e+04,4.418744464329256716e-01,2.875449140734172460e+00
6.664200000000000000e+04,3.989712442115081470e-01,2.790037482097616817e+00
6.664300000000000000e+04,4.650697062096758039e-01,2.776368066685613201e+00
6.664400000000000000e+04,4.870383738718339628e-01,2.740713439909349347e+00
6.664500000000000000e+04,4.149085878256466575e-01,2.617167396921665556e+00
6.664600000000000000e+04,3.528366260174521929e-01,2.497368628680156633e+00
6.664700000000000000e+04,5.941818963807681264e-01,2.268427841468486861e+00
6.664800000000000000e+04,5.174456897974890612e-01,2.250469091109984276e+00
6.664900000000000000e+04,4.913245455845350884e-01,2.214997948761158852e+00
6.665000000000000000e+04,6.178670637666480170e-01,1.930822324486086927e+00
6.665100000000000000e+04,5.695437693313389893e-01,1.943576325992623310e+00
6.665200000000000000e+04,7.451466652637105392e-01,1.820619961958527711e+00
6.665300000000000000e+04,1.000333262822520108e+00,2.004671011763306865e+00
6.665400000000000000e+04,1.100144571611529232e+00,2.128056369409357274e+00
6.665500000000000000e+04,1.104302139482862266e+00,2.322364049155176247e+00
6.665600000000000000e+04,9.301327542918159663e-01,2.761157630964248710e+00
6.665700000000000000e+04,7.810141728167520059e-01,3.167000579381308967e+00
6.665800000000000000e+04,7.654770231017944404e-01,3.272504096632594894e+00
6.665900000000000000e+04,8.485760784088667297e-01,3.431110922263940211e+00
6.666000000000000000e+04,7.373690050828229925e-01,3.403760157219529958e+00
6.666100000000000000e+04,7.746704121734432347e-01,3.500260283028040931e+00
6.666200000000000000e+04,7.888456708675863904e-01,3.449488214158705546e+00
6.666300000000000000e+04,7.993447698609832397e-01,3.492775202046523475e+00
6.666400000000000000e+04,8.426090373055010740e-01,3.537891360079072456e+00
6.666500000000000000e+04,8.466449573513121774e-01,3.521306566247794478e+00
6.666600000000000000e+04,8.282671515817870977e-01,3.534696297572367030e+00
6.666700000000000000e+04,7.960751219017072611e-01,3.534806929199667991e+00
6.666800000000000000e+04,7.193395483402167390e-01,3.531098982935702679e+00
6.666900000000000000e+04,7.594380381423063708e-01,3.522888174285888852e+00
6.667000000000000000e+04,7.772200119980910982e-01,3.497616317620327209e+00
6.667100000000000000e+04,1.061896333144844329e+00,3.489948483440556970e+00
6.667200000000000000e+04,1.268366431544342365e+00,3.579299214518442795e+00
6.667300000000000000e+04,1.291433403519570922e+00,3.631278991634140141e+00
6.667400000000000000e+04,1.145590117569686983e+00,3.633628695388601670e+00
6.667500000000000000e+04,1.048301025260767405e+00,3.685096209188344574e+00
6.667600000000000000e+04,9.886869767032864242e-01,3.727651671531425848e+00
6.667700000000000000e+04,9.721014509930511194e-01,3.743703445422418952e+00
6.667800000000000000e+04,1.162719664009939091e+00,3.672017746047259834e+00
6.667900000000000000e+04,1.256537113937628014e+00,3.549338812121582976e+00
6.668000000000000000e+04,1.256444479437585082e+00,3.452314479414859250e+00
6.668100000000000000e+04,1.218215473393471582e+00,3.396050870650441311e+00
6.668200000000000000e+04,1.223327263226797301e+00,3.386132487523791923e+00
6.668300000000000000e+04,1.201349856287383666e+00,3.398690448606394909e+00
6.668400000000000000e+04,1.217370430144755877e+00,3.398348038253612202e+00
6.668500000000000000e+04,1.232334211329876750e+00,3.424315448880900448e+00
6.668600000000000000e+04,1.261885227595114678e+00,3.436722977017861780e+00
6.668700000000000000e+04,1.258319628713462590e+00,3.469672942252550740e+00
6.668800000000000000e+04,1.251757132043086695e+00,3.498227680910698467e+00
6.668900000000000000e+04,1.206946536282432314e+00,3.413929350179419231e+00
6.669000000000000000e+04,1.179076033664623102e+00,3.438330880057804961e+00
6.669100000000000000e+04,1.172118162888683646e+00,3.426666075255248245e+00
6.669200000000000000e+04,1.137509197397501781e+00,3.499549535886803397e+00
6.669300000000000000e+04,1.146893262746667919e+00,3.566166293490553585e+00
6.669400000000000000e+04,1.144984926021703542e+00,3.568660396227350873e+00
6.669500000000000000e+04,1.129207074002156919e+00,3.584616851258843440e+00
6.669600000000000000e+04,1.083428936299834389e+00,3.545507181199880620e+00
6.669700000000000000e+04,1.110825238664070014e+00,3.570373406327259858e+00
6.669800000000000000e+04,1.103636673970539883e+00,3.590286461206790847e+00
6.669900000000000000e+04,1.106815971795126918e+00,3.570461590431442289e+00
6.670000000000000000e+04,1.173081768938113223e+00,3.555041070599539665e+00
6.670100000000000000e+04,1.131255155633352771e+00,3.550087175033741715e+00
6.670200000000000000e+04,1.178881966646582402e+00,3.575677095729599131e+00
6.670300000000000000e+04,1.154481288123478055e+00,3.613996652580912183e+00
6.670400000000000000e+04,1.176647290842761873e+00,3.570479495026397387e+00
6.670500000000000000e+04,1.158199340644337605e+00,3.594912767265036280e+00
6.670600000000000000e+04,1.206022520924905361e+00,3.614861287161666326e+00
6.670700000000000000e+04,1.195968603360833882e+00,3.562227297432006168e+00
6.670800000000000000e+04,1.248450787057346467e+00,3.575377122018377207e+00
6.670900000000000000e+04,1.282084045325836197e+00,3.602741739089882600e+00
6.671000000000000000e+04,1.291561081564392532e+00,3.646107025447012262e+00
6.671100000000000000e+04,1.287684482822332610e+00,3.625844619135254021e+00
6.671200000000000000e+04,1.278246670713216071e+00,3.615490429559500285e+00
6.671300000000000000e+04,1.273917494284561469e+00,3.607619593182011641e+00
6.671400000000000000e+04,1.304309013078037260e+00,3.707915315075005935e+00
6.671500000000000000e+04,1.287116233010587640e+00,3.692086245971513137e+00
6.671600000000000000e+04,1.267352841243948314e+00,3.691455724654005621e+00
6.671700000000000000e+04,1.265531068492485200e+00,3.670218788770835516e+00
6.671800000000000000e+04,1.271671946940269526e+00,3.710203353009905669e+00
6.671900000000000000e+04,1.297252947114572619e+00,3.770644881163647710e+00
6.672000000000000000e+04,1.307525150840997741e+00,3.738381167001776362e+00
6.672100000000000000e+04,1.343378152889765920e+00,3.803025776301002026e+00
6.672200000000000000e+04,1.314773925164836710e+00,3.832261903041544571e+00
6.672300000000000000e+04,1.329886743792526138e+00,3.882082873137978396e+00
6.672400000000000000e+04,1.346918726506105779e+00,3.931880075063705959e+00
6.672500000000000000e+04,1.420377479816878008e+00,3.913153993310395151e+00
6.672600000000000000e+04,1.748861338881511296e+00,4.008623399057299252e+00
6.672700000000000000e+04,1.737880110685336321e+00,3.867333389779819441e+00
6.672800000000000000e+04,1.713956859846885283e+00,3.853594615878634499e+00
6.672900000000000000e+04,1.688935937478319937e+00,3.797924994111475883e+00
6.673000000000000000e+04,1.677742381439671249e+00,3.776468214990160277e+00
6.673100000000000000e+04,1.683146690442339333e+00,3.736620258914349790e+00
6.673200000000000000e+04,1.237138635684379873e+00,3.581470431810625854e+00
6.673300000000000000e+04,1.127844622512074624e+00,3.482188909111744834e+00
6.673400000000000000e+04,1.084907655139216498e+00,3.485678628240716392e+00
6.673500000000000000e+04,1.090234568014296634e+00,3.492880245325981292e+00
6.673600000000000000e+04,9.202103932370523376e-01,3.328414211523476496e+00
6.673700000000000000e+04,8.869704923383384676e-01,3.090548004767633472e+00
6.673800000000000000e+04,7.902060591584200155e-01,3.247328067763511683e+00
6.673900000000000000e+04,1.660931800254699331e+00,2.361672085028743595e+00
6.674000000000000000e+04,2.608986360233636947e+00,1.498622857516792806e+00
6.674100000000000000e+04,3.228820903964671807e+00,1.323888457264111196e+00
6.674200000000000000e+04,3.426724017950557588e+00,1.004725060894095634e+00
6.674300000000000000e+04,3.134829131535625812e+00,9.332868700813179430e-01
6.674400000000000000e+04,3.216631801405382518e+00,6.670513223741849629e-01
6.674500000000000000e+04,2.715959294207193508e+00,8.152234817664094635e-02
6.674600000000000000e+04,2.534611855015998838e+00,1.109470450151093246e-01
6.674700000000000000e+04,1.392582776257356603e+00,6.561799553140801322e-02
6.674800000000000000e+04,9.549374815223181656e-01,1.894722543960014605e-01
6.674900000000000000e+04,8.391690436819247978e-01,2.903562378854225301e-01
6.675000000000000000e+04,1.118217592939791505e+00,2.504493860020744478e-01
6.675100000000000000e+04,1.267169393637759045e+00,2.392663276426389984e-01
6.675200000000000000e+04,1.370899968934684132e+00,1.753029394455758450e-01
6.675300000000000000e+04,1.118722152938850911e+00,2.830027790916638253e-01
6.675400000000000000e+04,8.575770732345117109e-01,7.445652928757517941e-01
6.675500000000000000e+04,1.022680111461529373e+00,9.690219738722163356e-01
6.675600000000000000e+04,3.385577037514218457e+00,2.202127118200458256e+00
6.675700000000000000e+04,5.204702217814053178e+00,3.173161529010229742e+00
6.675800000000000000e+04,6.944679424416970726e+00,1.090033654444088285e+00
6.675900000000000000e+04,6.484750457998449846e+00,7.949955359645848318e-01
6.676000000000000000e+04,6.047428741953073228e+00,7.380237614474260965e-01
6.676100000000000000e+04,5.354269213860910703e+00,4.546439000028108524e-01
6.676200000000000000e+04,5.115154021790313976e+00,4.571055739021545605e-02
6.676300000000000000e+04,4.494234425182314752e+00,4.986432118589974039e-01
6.676400000000000000e+04,3.932673758832379907e+00,1.047464015940640536e+00
6.676500000000000000e+04,4.061731399784213714e+00,1.153733650142672928e+00
6.676600000000000000e+04,3.276631904287377939e+00,1.462876914579169352e+00
6.676700000000000000e+04,3.198189890468930763e+00,1.505688010993214476e+00
6.676800000000000000e+04,2.972724557209369678e+00,1.504079178309211784e+00
6.676900000000000000e+04,2.911885816174627273e+00,1.458072502321524411e+00
6.677000000000000000e+04,2.637942313413290218e+00,1.455042853000581005e+00
6.677100000000000000e+04,2.503098276865441729e+00,1.469338232438694547e+00
6.677200000000000000e+04,2.373937425373854548e+00,1.472482879641273001e+00
6.677300000000000000e+04,2.138797356100019531e+00,1.449662097892272072e+00
6.677400000000000000e+04,1.938430116626388644e+00,1.460755654575734752e+00
6.677500000000000000e+04,1.796440354232374581e+00,1.483365240887891900e+00
6.677600000000000000e+04,1.654147195607434284e+00,1.538389271752194531e+00
6.677700000000000000e+04,1.570349459868188191e+00,1.552663547040364023e+00
6.677800000000000000e+04,1.441560704035973250e+00,1.551336123964770053e+00
6.677900000000000000e+04,1.372766727035023449e+00,1.624281028919732250e+00
6.678000000000000000e+04,1.167110175194565613e+00,1.091550830131261307e+00
6.678100000000000000e+04,1.173320497925131045e+00,2.823555827790610095e+00
6.678200000000000000e+04,1.176208936632835211e+00,2.833700079180275111e+00
6.678300000000000000e+04,1.203246684778548126e+00,2.890772819234690871e+00
6.678400000000000000e+04,1.233955036050624621e+00,2.673587119457785377e+00
6.678500000000000000e+04,1.207267890872447902e+00,1.365340517266528053e+00
6.678600000000000000e+04,1.186064733476059674e+00,1.471291628306683918e+00
6.678700000000000000e+04,1.099809173146343300e+00,1.754166294497792933e+00
6.678800000000000000e+04,1.105131975960434110e+00,1.978023828416649366e+00
6.678900000000000000e+04,1.183097014628481825e+00,2.158582445721226151e+00
6.679000000000000000e+04,1.207523891135509508e+00,2.359149973064830874e+00
6.679100000000000000e+04,1.140820795836542390e+00,2.437364592007213560e+00
6.679200000000000000e+04,1.303458653372672194e+00,2.554097618725364782e+00
6.679300000000000000e+04,1.320964122743545799e+00,2.769522411116920324e+00
6.679400000000000000e+04,1.311596472657081458e+00,2.862839112974985056e+00
6.679500000000000000e+04,1.372546374251111478e+00,2.950445768721067452e+00
6.679600000000000000e+04,1.422249796447127679e+00,3.122113851679543473e+00
6.679700000000000000e+04,1.454098298470062778e+00,3.256753385133613676e+00
6.679800000000000000e+04,1.370312564041664016e+00,3.309208898363259266e+00
6.679900000000000000e+04,1.320017907890197240e+00,3.417573102977645050e+00
6.680000000000000000e+04,1.206811029606795760e+00,3.448842781915413269e+00
6.680100000000000000e+04,1.154464250154197957e+00,3.434388401786229394e+00
6.680200000000000000e+04,1.084414626632539846e+00,3.403623350250317259e+00
6.680300000000000000e+04,1.034035948189108822e+00,3.472218540211880367e+00
6.680400000000000000e+04,1.011158548899705023e+00,3.502990229696223423e+00
6.680500000000000000e+04,1.087037547324133824e+00,3.564325526507136743e+00
6.680600000000000000e+04,1.068928299093066414e+00,3.560109520807827721e+00
6.680700000000000000e+04,1.161403438587553572e+00,3.604911762480451642e+00
6.680800000000000000e+04,1.190348525147048253e+00,3.596247702768661014e+00
6.680900000000000000e+04,1.299678268300826334e+00,3.669774596635207331e+00
6.681000000000000000e+04,1.315921583046033572e+00,3.689762086116026296e+00
6.681100000000000000e+04,1.239174222773190559e+00,3.717107263397959827e+00
6.681200000000000000e+04,1.335182134762373574e+00,3.720637461208635699e+00
6.681300000000000000e+04,1.246139282868747644e+00,3.787540893988992963e+00
6.681400000000000000e+04,1.231109422707893142e+00,3.776843369554594432e+00
6.681500000000000000e+04,1.219377628481407516e+00,3.768848735723427268e+00
6.681600000000000000e+04,1.231782479733057878e+00,3.775472504988201194e+00
6.681700000000000000e+04,1.209509249670930764e+00,3.781940831206934917e+00
6.681800000000000000e+04,1.212556264180268517e+00,3.784359479031298434e+00
6.681900000000000000e+04,1.197055751953076008e+00,3.765187620881938813e+00
6.682000000000000000e+04,1.215349903522586539e+00,3.765988514868627846e+00
6.682100000000000000e+04,1.227741953368200134e+00,3.735847604025249069e+00
6.682200000000000000e+04,1.273758248098101786e+00,3.759668336805049194e+00
6.682300000000000000e+04,1.270808971208225113e+00,3.788714136595167759e+00
6.682400000000000000e+04,1.289629178269037890e+00,3.795996548252972502e+00
6.682500000000000000e+04,1.300746896078129433e+00,3.784706533467527834e+00
6.682600000000000000e+04,1.302061273021021259e+00,3.776926407423449206e+00
6.682700000000000000e+04,1.301977637511761321e+00,3.786999649191347572e+00
6.682800000000000000e+04,1.308701336896100909e+00,3.769534329513327009e+00
6.682900000000000000e+04,1.315322168180993456e+00,3.785697380589059691e+00
6.683000000000000000e+04,1.303297905487760699e+00,3.800191490616580126e+00
6.683100000000000000e+04,1.297795932932581664e+00,3.781664409447312636e+00
6.683200000000000000e+04,1.304211734214622664e+00,3.779650510998912694e+00
6.683300000000000000e+04,1.319151652465016422e+00,3.780902522541730093e+00
6.683400000000000000e+04,1.318888229946595603e+00,3.802264433159773915e+00
6.683500000000000000e+04,1.326401429554415534e+00,3.796620609867428442e+00
6.683600000000000000e+04,1.308379347479982080e+00,3.801557399865895803e+00
6.683700000000000000e+04,1.323843228529052896e+00,3.787576221897534623e+00
6.683800000000000000e+04,1.320153358022340573e+00,3.796248956344573600e+00
6.683900000000000000e+04,1.295715423894493679e+00,3.787778447400871329e+00
6.684000000000000000e+04,1.277648704297913884e+00,3.769276141107425815e+00
6.684100000000000000e+04,1.268676157741700949e+00,3.766581152013735334e+00
6.684200000000000000e+04,1.274019515531878310e+00,3.784434290686508717e+00
6.684300000000000000e+04,1.277222855419399616e+00,3.780132705748108890e+00
6.684400000000000000e+04,1.287115423564439975e+00,3.774407864112657052e+00
6.684500000000000000e+04,1.310747673316362771e+00,3.791029742853051943e+00
6.684600000000000000e+04,1.313466663180636207e+00,3.789917416759571722e+00
6.684700000000000000e+04,1.310578073159062162e+00,3.798149468273031459e+00
6.684800000000000000e+04,1.283231170273980482e+00,3.791996671972096777e+00
6.684900000000000000e+04,1.202352265680124210e+00,3.801104749975547037e+00
6.685000000000000000e+04,1.154371765717885134e+00,3.822919314429928050e+00
6.685100000000000000e+04,9.791884237065736629e-01,3.862430388825462302e+00
6.685200000000000000e+04,7.399002529311692333e-01,3.993332691005939239e+00
6.685300000000000000e+04,4.478563934311223238e-01,4.051258702339715967e+00
6.685400000000000000e+04,2.692288402987965124e-01,4.084028716946377813e+00
6.685500000000000000e+04,1.589575585186668305e-01,4.049286047960372059e+00
6.685600000000000000e+04,9.221011091816029570e-02,4.078645914724656762e+00
6.685700000000000000e+04,5.970200849527149828e-02,4.139241163331334405e+00
6.685800000000000000e+04,5.342200676620399713e-02,4.206795820080383663e+00
6.685900000000000000e+04,4.365137858777509011e-02,4.208503051198146494e+00
6.686000000000000000e+04,3.811449157619120620e-02,4.213842023437898376e+00
6.686100000000000000e+04,6.256867745704916550e-02,4.226545927982421347e+00
6.686200000000000000e+04,1.142102845717754001e-01,4.293848471214587903e+00
6.686300000000000000e+04,1.142985832891948161e-01,4.336788071618695284e+00
6.686400000000000000e+04,1.093732797172667914e-01,4.353037562881631573e+00
6.686500000000000000e+04,8.499371784071516056e-02,4.364149063704743980e+00
6.686600000000000000e+04,3.322224059480563541e-02,4.368245273074933266e+00
6.686700000000000000e+04,1.521482995823438544e-01,4.354005420209560384e+00
6.686800000000000000e+04,1.360607394092911426e-01,4.359417136744301757e+00
6.686900000000000000e+04,1.309490838851856964e-01,4.423249973074049990e+00
6.687000000000000000e+04,1.689238971078202423e-01,4.484679099673293479e+00
6.687100000000000000e+04,2.090999295939822422e-01,4.584000862923083730e+00
6.687200000000000000e+04,2.650126754236976079e-01,4.642092945535395643e+00
6.687300000000000000e+04,3.021779988104751902e-01,4.713387136015708023e+00
6.687400000000000000e+04,3.535606361020072197e-01,4.687544602543596284e+00
6.687500000000000000e+04,3.600856538863945189e-01,4.627204756221225068e+00
6.687600000000000000e+04,9.906334253144578605e-01,4.588079347429282251e+00
6.687700000000000000e+04,3.610760614451475892e-01,4.705090016431476840e+00
6.687800000000000000e+04,7.314207295230941153e-01,4.562072449364524829e+00
6.687900000000000000e+04,1.472634916062347310e+00,4.066094420147003063e+00
6.688000000000000000e+04,1.089464348995587706e+01,6.535970813664643941e+00
6.688100000000000000e+04,1.036708553925669207e+01,7.114720000601636229e+00
6.688200000000000000e+04,9.680391440276308046e+00,6.666988673915380303e+00
6.688300000000000000e+04,9.127426944909883488e+00,5.695863854766564316e+00
6.688400000000000000e+04,7.945581075061617149e+00,5.092776467013234054e+00
6.688500000000000000e+04,8.090349624406407258e+00,5.502970897637482039e+00
6.688600000000000000e+04,8.149535219197797886e+00,5.662533538342014339e+00
6.688700000000000000e+04,8.376035432890510890e+00,5.776048800806837136e+00
6.688800000000000000e+04,9.029184743423765980e+00,5.527534211822466403e+00
6.688900000000000000e+04,7.505245135521843913e+00,4.534205357893764443e+00
6.689000000000000000e+04,8.990878843079643801e+00,3.254127055659264300e+00
6.689100000000000000e+04,6.272487149299967868e+00,1.083814119186186531e+00
6.689200000000000000e+04,5.919548889191579732e+00,7.920894598470376025e-01
6.689300000000000000e+04,6.581907471050751468e+00,2.907536320655523809e-01
6.689400000000000000e+04,7.277119672751170221e+00,3.392445665370271257e+00
6.689500000000000000e+04,6.595413012835308564e+00,3.365909477678130202e+00
6.689600000000000000e+04,5.512680571744576596e+00,2.971531539334510086e+00
6.689700000000000000e+04,4.793707740732264355e+00,2.794257068935319666e+00
6.689800000000000000e+04,4.388573513137284721e+00,2.850014404155139403e+00
6.689900000000000000e+04,5.612298467936677859e+00,2.477117519508556853e+00
6.690000000000000000e+04,5.281891516668685504e+00,2.478315270163744088e+00
6.690100000000000000e+04,4.968108371629820219e+00,2.432165494761836300e+00
6.690200000000000000e+04,4.636555664849553615e+00,1.986337775420381035e+00
6.690300000000000000e+04,4.828362415117061879e+00,3.491576059697635515e+00
6.690400000000000000e+04,5.097993824592480294e+00,2.652805092550305943e+00
6.690500000000000000e+04,3.058809338259684818e+00,1.207525803521818375e+00
6.690600000000000000e+04,5.782259250972028752e+00,5.107459602595785242e+00
6.690700000000000000e+04,7.665169949948380079e+00,1.040429372913698813e+01
6.690800000000000000e+04,1.043344859297632610e+01,1.359622367623747685e+01
6.690900000000000000e+04,1.092972555466208640e+01,1.691669291203746184e+01
6.691000000000000000e+04,1.137540283372158711e+01,1.714813773200661728e+01
6.691100000000000000e+04,2.419135241136588022e+01,2.919451081654592173e+01
6.691200000000000000e+04,2.800840905697087280e+01,2.494386428247231535e+01
6.691300000000000000e+04,3.549357885514207567e+01,3.021791092166344583e+01
6.691400000000000000e+04,4.197114257915594493e+01,4.409148972435433222e+01
6.691500000000000000e+04,5.702482150540942030e+01,7.131303333898493690e+01
6.691600000000000000e+04,4.086242651293953543e+01,5.434277698079589669e+01
6.691700000000000000e+04,3.074452492792542557e+01,4.337599411455222054e+01
6.691800000000000000e+04,3.149046226647677926e+01,4.266520327441439520e+01
6.691900000000000000e+04,3.249759677484459530e+01,4.953561175407787687e+01
6.692000000000000000e+04,2.301786864719572634e+01,3.720361340838117314e+01
6.692100000000000000e+04,2.203190511539473562e+01,3.208184575153622831e+01
6.692200000000000000e+04,1.664671631857153145e+01,2.030617819136698188e+01
6.692300000000000000e+04,1.247151673410282058e+01,1.705191444045994942e+01
6.692400000000000000e+04,9.709950638279874369e+00,1.575603677484650689e+01
6.692500000000000000e+04,7.783689353047279269e+00,1.501255674097426329e+01
6.692600000000000000e+04,6.385165473494671673e+00,1.509098460383093077e+01
6.692700000000000000e+04,6.152136382626675726e+00,1.383970473977845650e+01
6.692800000000000000e+04,6.938438493454993861e+00,1.215138388219740762e+01
6.692900000000000000e+04,3.776235029458963943e+00,1.254253857626896895e+01
6.693000000000000000e+04,4.619561861351909826e+00,1.147544135807303256e+01
6.693100000000000000e+04,5.288638719114290510e+00,1.075230698258023487e+01
6.693200000000000000e+04,6.045391652468619981e+00,1.086633019009009260e+01
6.693300000000000000e+04,6.528722099457230144e+00,1.075174536487272547e+01
6.693400000000000000e+04,7.588667464127160756e+00,1.080014363662677113e+01
6.693500000000000000e+04,8.690616591923289391e+00,1.079827326624950246e+01
6.693600000000000000e+04,9.591703861129731834e+00,1.093216053377816976e+01
6.693700000000000000e+04,1.025085014374445791e+01,1.074598884144274891e+01
6.693800000000000000e+04,1.128137754029539330e+01,1.033566460213804028e+01
6.693900000000000000e+04,1.184562431263114846e+01,1.080360923176420052e+01
6.694000000000000000e+04,8.425058773191041794e+00,1.123396436912839746e+01
6.694100000000000000e+04,8.952848457280229155e+00,1.137365757089591867e+01
6.694200000000000000e+04,9.915937758544222547e+00,1.234131719280589934e+01
6.694300000000000000e+04,9.646207646428367255e+00,1.253463434987723701e+01
6.694400000000000000e+04,1.007776668789260377e+01,1.264776827348883259e+01
6.694500000000000000e+04,1.084371632394254803e+01,1.299198126126838737e+01
6.694600000000000000e+04,8.745521019204465674e+00,1.168337863607606231e+01
6.694700000000000000e+04,9.816798039691635225e+00,1.333804073899971776e+01
6.694800000000000000e+04,1.056990712394005705e+01,1.531839396474528314e+01
6.694900000000000000e+04,1.020864892128646240e+01,1.594647084072545340e+01
6.695000000000000000e+04,1.016518671175952271e+01,1.588514984383149020e+01
6.695100000000000000e+04,9.492362811821713819e+00,1.553396120234981836e+01
6.695200000000000000e+04,9.581586620237743546e+00,1.548857607466634789e+01
6.695300000000000000e+04,9.670181730904291229e+00,1.543837096450733526e+01
6.695400000000000000e+04,9.718976543635989174e+00,1.543730968589423469e+01
6.695500000000000000e+04,9.817327954258765033e+00,1.544059614638268840e+01
6.695600000000000000e+04,1.007764933462610557e+01,1.565060717551294722e+01
6.695700000000000000e+04,1.003590086850925012e+01,1.569655721230427758e+01
6.695800000000000000e+04,9.308775692959843084e+00,1.547369167276004731e+01
6.695900000000000000e+04,9.672663102074343655e+00,1.538369476554008131e+01
6.696000000000000000e+04,9.882060808792401119e+00,1.558255720137400857e+01
6.696100000000000000e+04,8.350550355909220457e+00,1.593528200613837953e+01
6.696200000000000000e+04,7.014355608106179751e+00,1.659696213615829308e+01
6.696300000000000000e+04,6.224656313843341948e+00,1.729320091485337940e+01
6.696400000000000000e+04,6.495976164716911860e+00,1.699956805098546653e+01
6.696500000000000000e+04,6.561149447799500045e+00,1.704886822511802080e+01
6.696600000000000000e+04,6.648951677713334618e+00,1.648150905736450511e+01
6.696700000000000000e+04,8.145387288280986127e+00,1.673568633469777112e+01
6.696800000000000000e+04,9.225479281786878261e+00,1.744038062141811452e+01
6.696900000000000000e+04,9.171728023694328158e+00,1.708774345762456193e+01
6.697000000000000000e+04,8.769848691279014119e+00,1.628635755770907423e+01
6.697100000000000000e+04,8.302489693042041097e+00,1.545944347273144182e+01
6.697200000000000000e+04,7.383054444162479690e+00,1.440524386339822271e+01
6.697300000000000000e+04,6.403120149688019680e+00,1.376875411130451532e+01
6.697400000000000000e+04,5.539754875508115184e+00,1.252001636866393142e+01
6.697500000000000000e+04,5.290513123590107725e+00,1.168734567294254489e+01
6.697600000000000000e+04,5.141783607947240320e+00,1.167636745838959378e+01
6.697700000000000000e+04,4.698558300568344670e+00,1.082864472669252009e+01
6.697800000000000000e+04,4.492551372158406942e+00,1.068896157698007343e+01
6.697900000000000000e+04,4.687702863146047783e+00,1.065374334211780649e+01
6.698000000000000000e+04,4.662207655114902316e+00,1.069264727693524009e+01
6.698100000000000000e+04,4.766399962072999763e+00,1.073281323954987698e+01
6.698200000000000000e+04,4.938934135159864347e+00,1.072798531446254877e+01
6.698300000000000000e+04,5.326123175379086305e+00,1.085128435008478043e+01
6.698400000000000000e+04,5.267498737921487262e+00,1.101519596789180433e+01
6.698500000000000000e+04,5.574714199525950598e+00,1.133749007714328805e+01
6.698600000000000000e+04,5.728336814784507958e+00,1.114511034303865245e+01
6.698700000000000000e+04,5.809101748901656315e+00,1.129540413356025752e+01
6.698800000000000000e+04,5.756670364108570581e+00,1.132034485054340500e+01
6.698900000000000000e+04,2.817136223924983529e+00,1.043285513239506201e+01
6.699000000000000000e+04,2.060804700152489843e+00,1.038940730493589903e+01
6.699100000000000000e+04,1.968420175362271651e+00,1.028623313296151132e+01
6.699200000000000000e+04,2.021471628159123846e+00,1.048087287639866005e+01
6.699300000000000000e+04,2.174206703318909639e+00,1.064067650300439460e+01
6.699400000000000000e+04,2.365756547003725618e+00,1.076080778003670702e+01
6.699500000000000000e+04,2.137585801008352604e+00,1.070437538152848411e+01
6.699600000000000000e+04,2.247019585486195403e+00,1.081813806811673651e+01
6.699700000000000000e+04,2.495472895667488089e+00,1.087734637326687981e+01
6.699800000000000000e+04,2.493088978152108393e+00,1.088925356097080055e+01
6.699900000000000000e+04,2.740257922991373274e+00,1.097906965577764460e+01
6.700000000000000000e+04,2.851067339512707743e+00,1.097588163782664950e+01
6.700100000000000000e+04,3.037096393630490443e+00,1.096312151632090703e+01
6.700200000000000000e+04,2.815331380755362822e+00,1.082357998690744338e+01
6.700300000000000000e+04,3.068216437222766491e+00,1.088450762243374825e+01
6.700400000000000000e+04,3.370023534603696636e+00,1.089132804565009671e+01
6.700500000000000000e+04,3.280407581383307569e+00,1.086432225535767238e+01
6.700600000000000000e+04,3.792908275070390633e+00,1.087003161422827446e+01
6.700700000000000000e+04,3.842446990919424987e+00,1.082462116252789386e+01
6.700800000000000000e+04,3.762878941917257691e+00,1.074967723753019477e+01
6.700900000000000000e+04,3.517352159554418378e+00,1.067518849207433895e+01
6.701000000000000000e+04,2.845167541069990591e+00,1.049243822684264771e+01
6.701100000000000000e+04,2.445101765118885329e+00,9.847357449023114384e+00
6.701200000000000000e+04,2.374306239032099253e+00,1.007201061843113621e+01
6.701300000000000000e+04,1.684194731981079940e+00,5.282598660754352693e+00
6.701400000000000000e+04,1.957039720035272712e+00,6.668035725299318983e+00
6.701500000000000000e+04,1.968304835815262610e+00,6.348179901690219396e+00
6.701600000000000000e+04,1.472203988548652198e+00,1.633885684618057610e+00
6.701700000000000000e+04,3.645915061679917635e+00,1.055379591950442908e+01
6.701800000000000000e+04,3.683858267219191518e+00,1.068854508762445299e+01
6.701900000000000000e+04,2.308234758183205670e+00,9.080842603030312432e+00
6.702000000000000000e+04,2.560744921043296873e+00,1.042700620927994493e+01
6.702100000000000000e+04,2.882719048668867412e+00,1.075748735355121610e+01
6.702200000000000000e+04,2.666025514476122460e+00,1.005855411860743942e+01
6.702300000000000000e+04,2.955265610493488015e+00,1.019054769564191076e+01
6.702400000000000000e+04,3.141658405367218521e+00,1.037144972477588389e+01
6.702500000000000000e+04,2.514395296541395819e+00,1.015875424133327876e+01
6.702600000000000000e+04,2.743525399661164599e+00,9.647050932233831588e+00
6.702700000000000000e+04,3.157663412162922345e+00,9.191124764819495141e+00
6.702800000000000000e+04,3.701883135926466117e+00,8.678088521078922923e+00
6.702900000000000000e+04,3.838313031412085685e+00,9.082921675598992550e+00
6.703000000000000000e+04,4.162276466864283542e+00,9.600241334280397609e+00
6.703100000000000000e+04,5.283495116089663490e+00,9.303761225517213518e+00
6.703200000000000000e+04,6.323026339694950870e+00,8.960871652282602184e+00
6.703300000000000000e+04,7.414292106578952435e+00,8.509352721560450306e+00
6.703400000000000000e+04,7.857591020662467507e+00,8.187729506020065884e+00
6.703500000000000000e+04,7.698305964886164254e+00,8.468394275327018050e+00
6.703600000000000000e+04,9.442958521040429432e+00,9.524134222266228633e+00
6.703700000000000000e+04,9.434382469658691761e+00,9.798225515782721828e+00
6.703800000000000000e+04,1.018920434094587790e+01,1.028010260990168412e+01
6.703900000000000000e+04,9.903605775140258416e+00,1.071649916455157125e+01
6.704000000000000000e+04,9.159555677858701728e+00,1.089043698197407117e+01
6.704100000000000000e+04,8.682036618587002152e+00,1.088658489468053325e+01
6.704200000000000000e+04,8.234211898255674456e+00,1.094871529359789974e+01
6.704300000000000000e+04,7.705995936664543855e+00,1.117309613563710435e+01
6.704400000000000000e+04,5.107497989344214062e+00,1.024388373585722611e+01
6.704500000000000000e+04,6.193304773115837492e+00,1.093246933991152758e+01
6.704600000000000000e+04,5.612650480405378950e+00,1.106245920027641638e+01
6.704700000000000000e+04,5.133984240012992473e+00,1.082628844727807760e+01
6.704800000000000000e+04,4.506596105955463116e+00,1.052570477126857362e+01
6.704900000000000000e+04,3.959527218063304321e+00,1.016022197501127167e+01
6.705000000000000000e+04,3.649940915117643847e+00,9.763837452463640432e+00
6.705100000000000000e+04,3.655067190050574677e+00,9.359165970858740025e+00
6.705200000000000000e+04,6.399839283678725899e+00,6.545982172243732577e+00
6.705300000000000000e+04,6.930928360538672450e+00,6.535548543874185157e+00
6.705400000000000000e+04,8.140028281688161726e+00,7.056181047762063230e+00
6.705500000000000000e+04,3.262411384597916797e+00,5.927821015009818950e+00
6.705600000000000000e+04,2.257747888931669777e+00,5.857885592372234385e+00
6.705700000000000000e+04,3.132178302341182441e+00,7.932198167997398741e+00
6.705800000000000000e+04,1.791411093431019230e+00,5.089821227658863023e+00
6.705900000000000000e+04,1.263023068221900136e+00,3.763405406301284728e+00
6.706000000000000000e+04,1.301109299501762351e+00,3.749115380365243055e+00
6.706100000000000000e+04,1.583417426975207265e+00,3.723713661440534395e+00
6.706200000000000000e+04,2.233472756417163474e+00,3.387284416685169219e+00
6.706300000000000000e+04,2.712534854436037257e+00,4.295991376885673674e+00
6.706400000000000000e+04,2.500628467568743574e+00,5.356257173804905847e+00
6.706500000000000000e+04,2.217886667453661254e+00,5.044313484676187898e+00
6.706600000000000000e+04,2.466694553532098322e+00,5.853160009781163353e+00
6.706700000000000000e+04,2.990583186609146793e+00,6.350924029520413683e+00
6.706800000000000000e+04,3.075211323147925224e+00,6.513345581308993104e+00
6.706900000000000000e+04,3.054374969317833699e+00,6.546881119187744957e+00
6.707000000000000000e+04,2.418690650151808619e+00,6.140296566067480200e+00
6.707100000000000000e+04,2.347994846860707252e+00,6.183588767737248304e+00
6.707200000000000000e+04,1.526692421675346134e+00,5.486573310290836503e+00
6.707300000000000000e+04,1.610334703094665310e+00,5.635238704125232090e+00
6.707400000000000000e+04,1.430387593158574999e+00,5.617768974384510727e+00
6.707500000000000000e+04,1.043097256392491845e+00,4.822717529042293449e+00
6.707600000000000000e+04,1.192104367420843802e+00,4.947566556340863286e+00
6.707700000000000000e+04,1.716861011520582236e+00,4.759400134946769612e+00
6.707800000000000000e+04,1.967902703288930466e+00,3.457407910057149536e+00
6.707900000000000000e+04,2.349418313347630516e+00,3.172173045859647544e+00
6.708000000000000000e+04,2.445540689582591742e+00,1.780587700351361491e+00
6.708100000000000000e+04,1.842745127280119410e+00,9.656870566723050331e-01
6.708200000000000000e+04,2.180771076080854076e+00,2.774956808400474984e-01
6.708300000000000000e+04,2.023112080355044196e+00,1.156323013953382883e+00
6.708400000000000000e+04,1.692498190809542891e+00,1.754600196373427679e+00
6.708500000000000000e+04,1.442919960095164988e+00,2.414930871739116469e+00
6.708600000000000000e+04,1.310741515256713230e+00,3.069590387724733915e+00
6.708700000000000000e+04,1.276208238375680537e+00,3.669570399753450118e+00
6.708800000000000000e+04,1.337513500050046433e+00,4.219480590316209145e+00
6.708900000000000000e+04,1.391751672446394528e+00,4.670760098865535781e+00
6.709000000000000000e+04,1.395133301969712747e+00,5.097576410980689587e+00
6.709100000000000000e+04,1.318089951839745533e+00,5.512018718043947274e+00
6.709200000000000000e+04,1.148776153443612058e+00,5.856235152615568040e+00
6.709300000000000000e+04,1.244108102762265355e+00,6.036581863515035451e+00
6.709400000000000000e+04,1.352397202694438638e+00,6.236836054820443564e+00
6.709500000000000000e+04,1.268987087601815222e+00,6.555496678992884796e+00
6.709600000000000000e+04,1.015066776729083520e+00,6.778987166221369876e+00
6.709700000000000000e+04,1.054255178235492085e+00,7.163127509271305371e+00
6.709800000000000000e+04,2.077402223631922062e+00,7.926060388512521371e+00
6.709900000000000000e+04,2.415803284076683433e+00,8.274929682779774254e+00
6.710000000000000000e+04,2.586765100845058285e+00,8.297285103524032479e+00
6.710100000000000000e+04,2.932322554854009944e+00,8.510190639630334175e+00
6.710200000000000000e+04,2.575966734768952104e+00,8.348630562022130164e+00
6.710300000000000000e+04,2.239790523742683170e+00,8.168770709083212012e+00
6.710400000000000000e+04,1.998054835425478126e+00,7.905390522763550365e+00
6.710500000000000000e+04,1.997784834676307186e+00,7.991551783129420272e+00
6.710600000000000000e+04,1.358867052030279909e+00,8.359940905306935122e+00
6.710700000000000000e+04,1.707363124559740042e+00,8.433535544701811659e+00
6.710800000000000000e+04,2.134974657274088639e+00,8.635509991145575270e+00
6.710900000000000000e+04,2.221426589623473280e+00,8.526419773834529536e+00
6.711000000000000000e+04,2.214036847485844284e+00,8.412171735140720585e+00
6.711100000000000000e+04,2.494479124258000002e+00,8.408256680964548480e+00
6.711200000000000000e+04,2.710090650365116538e+00,8.401253438613920821e+00
6.711300000000000000e+04,2.817680670548836641e+00,8.464543988889598580e+00
6.711400000000000000e+04,2.926262713275299632e+00,8.519622644867475003e+00
6.711500000000000000e+04,3.042045935449965377e+00,8.540082117339590440e+00
6.711600000000000000e+04,3.120363991138905391e+00,8.537544368832076458e+00
6.711700000000000000e+04,3.173993752879112673e+00,8.475718683119232821e+00
6.711800000000000000e+04,3.128378854847883694e+00,8.529585331988538854e+00
6.711900000000000000e+04,3.105019779097242694e+00,8.082034732119993237e+00
6.712000000000000000e+04,8.605674168734150697e+00,6.522077975327139399e+00
6.712100000000000000e+04,8.392574701497716561e+00,7.837355348849577297e+00
6.712200000000000000e+04,8.249149393442332112e+00,8.754924198659324475e+00
6.712300000000000000e+04,7.786073271816915664e+00,8.879728873240102516e+00
6.712400000000000000e+04,7.181861489796619757e+00,8.724772729365239954e+00
6.712500000000000000e+04,7.111721913467467182e+00,5.612118458597731063e+00
6.712600000000000000e+04,6.867213202254200510e+00,2.244677492931771212e+00
6.712700000000000000e+04,6.468050487243862001e+00,6.777786551786441294e+00
6.712800000000000000e+04,2.237865005549204866e+00,7.302401520746588659e+00
6.712900000000000000e+04,6.542875326428022831e+00,6.321041967106577175e+00
6.713000000000000000e+04,6.016278808755187946e+00,6.426272962412017620e+00
6.713100000000000000e+04,5.003280334734619750e+00,7.496733404557431868e+00
6.713200000000000000e+04,3.947768624205010290e+00,9.209801888246797574e+00
6.713300000000000000e+04,3.395054249857664352e+00,8.909485784776343564e+00
6.713400000000000000e+04,3.034998450596110064e+00,1.063559301431907755e+01
6.713500000000000000e+04,2.749238426380384848e+00,1.047748292271913684e+01
6.713600000000000000e+04,2.152752797806400498e+00,8.719860698237837937e+00
6.713700000000000000e+04,1.171370991473773104e+00,6.838764459775820370e+00
6.713800000000000000e+04,3.834206537908554924e-01,5.941296616763427352e+00
6.713900000000000000e+04,1.614018907760687016e+00,7.072985676831883950e+00
6.714000000000000000e+04,1.786190545168447885e+00,7.415861102480093336e+00
6.714100000000000000e+04,2.303301123644157844e+00,7.724421359648840024e+00
6.714200000000000000e+04,2.627108002502484663e+00,7.817779616815165866e+00
6.714300000000000000e+04,3.736379857736189081e+00,7.938343297440006552e+00
6.714400000000000000e+04,3.867111308637254385e+00,7.773349919745303538e+00
6.714500000000000000e+04,4.310710999349776529e+00,7.582068167098650946e+00
6.714600000000000000e+04,3.048579486433578012e+00,4.979904750838734628e+00
6.714700000000000000e+04,3.719509513348040031e+00,4.901074292826159251e+00
6.714800000000000000e+04,7.652012873064104603e+00,7.176532970992710148e+00
6.714900000000000000e+04,4.474082394411516006e+00,3.209313840203009249e+00
6.715000000000000000e+04,4.744531778125720578e+00,1.883091673274464029e+00
6.715100000000000000e+04,4.933283210035365407e+00,6.586290704601864832e-01
6.715200000000000000e+04,5.021725228508674199e+00,4.426717369194292928e-01
6.715300000000000000e+04,1.007336162545833247e+01,7.044450185649974827e+00
6.715400000000000000e+04,1.045133486089554786e+01,6.940817336451836184e+00
6.715500000000000000e+04,5.641732800895267630e+00,4.095957913704430098e+01
6.715600000000000000e+04,5.201244039675861686e+00,4.466151043725787417e+01
6.715700000000000000e+04,4.839646789433313501e+00,4.778895071974837094e+01
6.715800000000000000e+04,5.097886713283136473e+00,4.841005444197976004e+01
6.715900000000000000e+04,5.419678619272506381e+00,4.935681287743224743e+01
6.716000000000000000e+04,4.633046637864741690e+00,4.739318745936934363e+01
6.716100000000000000e+04,3.753752315563054331e+00,4.618908089047450716e+01
6.716200000000000000e+04,1.570509195650377388e+00,3.213725358788595798e+01
6.716300000000000000e+04,1.638230296353371918e+00,3.176065705244717563e+01
6.716400000000000000e+04,1.677724547332051008e+00,3.178649363953571338e+01
6.716500000000000000e+04,nan,nan
6.716600000000000000e+04,nan,nan
6.716700000000000000e+04,nan,nan
6.716800000000000000e+04,nan,nan
6.716900000000000000e+04,nan,nan
6.717000000000000000e+04,nan,nan
6.717100000000000000e+04,nan,nan
6.717200000000000000e+04,nan,nan
6.717300000000000000e+04,nan,nan
6.717400000000000000e+04,nan,nan
6.717500000000000000e+04,nan,nan
6.717600000000000000e+04,nan,nan
6.717700000000000000e+04,nan,nan
6.717800000000000000e+04,nan,nan
6.717900000000000000e+04,nan,nan
6.718000000000000000e+04,nan,nan
6.718100000000000000e+04,nan,nan
6.718200000000000000e+04,nan,nan
6.718300000000000000e+04,nan,nan
6.718400000000000000e+04,nan,nan
6.718500000000000000e+04,nan,nan
6.718600000000000000e+04,nan,nan
6.718700000000000000e+04,2.352894970038321709e+00,9.162023224875035510e-01
6.718800000000000000e+04,2.164719705220450763e+00,1.646631281613725406e+00
6.718900000000000000e+04,2.919537985105097100e+00,1.051670527354112039e+00
6.719000000000000000e+04,3.345445810083123916e+00,9.871419781869050780e-01
6.719100000000000000e+04,4.716740047531119195e+00,6.741778206486266356e-01
6.719200000000000000e+04,4.123317782893211714e+00,1.039693296888426488e+00
6.719300000000000000e+04,9.794778009366924554e-01,1.164635377966099838e+00
6.719400000000000000e+04,8.298544865775445700e-01,8.124912212807089418e-01
6.719500000000000000e+04,1.657524451001605392e+00,2.288261446290665191e+00
6.719600000000000000e+04,2.420410279149301847e+00,4.442130988749315890e+00
6.719700000000000000e+04,2.414867569774842959e+00,4.421958289370220285e+00
6.719800000000000000e+04,3.182644286718226301e+00,5.049167382626659872e+00
6.719900000000000000e+04,7.829492221755335102e+00,7.891418000270157052e+00
6.720000000000000000e+04,8.077773637020753128e+00,8.078688129526742756e+00
6.720100000000000000e+04,8.183228643088611420e+00,7.892123657083484289e+00
6.720200000000000000e+04,9.106721245175862123e+00,9.483107214203368329e+00
6.720300000000000000e+04,9.356361952442066254e+00,9.761510494363310642e+00
6.720400000000000000e+04,5.944299912376309614e+00,7.273582438495122204e+00
6.720500000000000000e+04,6.493757981078700503e+00,7.328184336116695619e+00
6.720600000000000000e+04,7.020163584561474934e+00,7.284985691220665416e+00
6.720700000000000000e+04,7.487304006246080057e+00,7.159762006616826824e+00
6.720800000000000000e+04,8.086106141195410046e+00,7.244765447564102345e+00
6.720900000000000000e+04,8.869339230205392610e+00,7.459501109215317172e+00
6.721000000000000000e+04,1.092012625071054543e+01,9.160836493877177134e+00
6.721100000000000000e+04,8.494795868524953164e+00,7.483875285061653670e+00
6.721200000000000000e+04,1.234321698551062418e+01,8.772332977466778203e+00
6.721300000000000000e+04,1.383981236373725388e+01,1.262070872996560311e+01
6.721400000000000000e+04,1.494678940201035822e+01,1.609110177979296452e+01
6.721500000000000000e+04,1.627313358296459000e+01,1.642584975921350221e+01
6.721600000000000000e+04,1.822840449394866980e+01,2.013025819246130510e+01
6.721700000000000000e+04,2.058340544102343372e+01,2.133291886627505818e+01
6.721800000000000000e+04,2.198587465375907968e+01,2.507467760641137744e+01
6.721900000000000000e+04,2.448356625320169755e+01,3.235557463748735785e+01
6.722000000000000000e+04,2.697411633757395677e+01,3.502445862778239416e+01
6.722100000000000000e+04,3.035057495220707224e+01,4.525809545470829676e+01
6.722200000000000000e+04,3.330439531432195821e+01,4.981077958040883402e+01
6.722300000000000000e+04,3.767664182580274712e+01,6.284341235635309886e+01
6.722400000000000000e+04,3.937643595764792082e+01,6.597865745739743204e+01
6.722500000000000000e+04,4.119014357259422354e+01,7.444831501389836603e+01
6.722600000000000000e+04,4.470139464080220648e+01,8.041547177768926247e+01
6.722700000000000000e+04,3.834755355914897024e+01,7.142928484433809899e+01
6.722800000000000000e+04,3.570272452140463315e+01,6.794272366291724552e+01
6.722900000000000000e+04,3.683999804556644619e+01,6.982234867345636076e+01
6.723000000000000000e+04,3.398115727058386426e+01,6.482547235676346986e+01
6.723100000000000000e+04,3.454910058791192284e+01,6.625498514800725047e+01
6.723200000000000000e+04,3.492512732224565042e+01,6.699796649773988122e+01
6.723300000000000000e+04,4.062111026205375452e+01,7.189735724058277810e+01
6.723400000000000000e+04,3.982115213924317487e+01,7.155554022429370775e+01
6.723500000000000000e+04,2.243872295493941138e+01,5.342953744586054654e+01
6.723600000000000000e+04,2.139997010519168086e+01,5.080638929040302543e+01
6.723700000000000000e+04,2.022460932641568832e+01,4.878605314779380819e+01
6.723800000000000000e+04,2.119996034497346926e+01,5.789900011097518728e+01
6.723900000000000000e+04,1.802726673917688416e+01,5.197905499724963363e+01
6.724000000000000000e+04,1.307544542287889122e+01,4.538528004485256417e+01
6.724100000000000000e+04,1.325236277440544974e+01,4.612021996342760133e+01
6.724200000000000000e+04,1.046942870486173938e+01,4.186528712838784827e+01
6.724300000000000000e+04,1.059857563237039635e+01,4.207871640429942772e+01
6.724400000000000000e+04,8.798767757439220460e+00,4.007494570054011263e+01
6.724500000000000000e+04,8.018112305671714068e+00,3.874110695011824390e+01
6.724600000000000000e+04,7.965047318470392490e+00,3.878507220312125270e+01
6.724700000000000000e+04,6.807427433505440106e+00,3.486072284041767233e+01
6.724800000000000000e+04,6.901975904436735476e+00,3.082477315027342257e+01
6.724900000000000000e+04,7.209898211614849117e+00,3.100531943553876246e+01
6.725000000000000000e+04,7.393024613454169724e+00,2.882650230303905659e+01
6.725100000000000000e+04,7.313018830414136140e+00,2.770014841156618601e+01
6.725200000000000000e+04,6.109665398225331501e+00,2.833919968483572660e+01
6.725300000000000000e+04,6.204252997162541305e+00,2.866706026453218215e+01
6.725400000000000000e+04,6.349298169942694692e+00,2.842747048780455543e+01
6.725500000000000000e+04,6.372480786139098186e+00,2.841555072612833044e+01
6.725600000000000000e+04,6.374928113479826131e+00,2.839640527606842113e+01
6.725700000000000000e+04,6.241128341500838062e+00,2.835899640816376888e+01
6.725800000000000000e+04,5.796921809719575158e+00,2.866916276227127369e+01
6.725900000000000000e+04,5.795252691340402329e+00,2.861770899360437070e+01
6.726000000000000000e+04,5.807378479965549900e+00,2.862504656893687738e+01
6.726100000000000000e+04,5.791549537595454211e+00,2.862728989409329827e+01
6.726200000000000000e+04,6.390460241510325545e+00,2.828400760226355715e+01
6.726300000000000000e+04,3.293017184204868641e+01,6.288476621896536756e+01
6.726400000000000000e+04,3.058277927509581673e+01,3.736363274514950206e+01
6.726500000000000000e+04,3.160921443615263726e+01,3.753362557667872323e+01
6.726600000000000000e+04,3.214060746796189250e+01,4.243824095509322802e+01
6.726700000000000000e+04,1.645419399955567386e+01,3.218078852582045357e+01
6.726800000000000000e+04,9.882411220446327249e+00,3.015547360523232001e+01
6.726900000000000000e+04,1.912092466830019433e+01,3.568504436711120320e+01
6.727000000000000000e+04,1.526660284982471261e+01,3.365069121276610531e+01
6.727100000000000000e+04,1.662347320276878904e+01,3.537497640395505272e+01
6.727200000000000000e+04,1.498836552598590899e+01,3.513901713215209099e+01
6.727300000000000000e+04,1.209468537829690149e+01,3.324694728512589137e+01
6.727400000000000000e+04,1.104724823217628682e+01,3.269600323250082141e+01
6.727500000000000000e+04,1.101816379664776413e+01,3.204709825683149660e+01
6.727600000000000000e+04,1.054809951072372343e+01,3.206155432469551414e+01
6.727700000000000000e+04,1.042807640106396327e+01,3.180127091676455464e+01
6.727800000000000000e+04,1.048218460775374794e+01,3.170389694195074171e+01
6.727900000000000000e+04,1.074449261320310534e+01,3.095008065099801442e+01
6.728000000000000000e+04,1.208413338648793989e+01,3.129663519197026744e+01
6.728100000000000000e+04,1.521213228931671857e+01,3.187627306822721351e+01
6.728200000000000000e+04,1.742498001551345155e+01,3.456466323565626197e+01
6.728300000000000000e+04,1.780517023227346485e+01,3.812119521346247808e+01
6.728400000000000000e+04,1.616064368158627929e+01,3.777374772320310115e+01
6.728500000000000000e+04,1.327955483076267740e+01,4.225258398931465820e+01
6.728600000000000000e+04,1.304807082069182655e+01,3.780381049825722073e+01
6.728700000000000000e+04,1.004150910324675294e+01,3.745063933657639410e+01
6.728800000000000000e+04,9.318677895789367227e+00,3.765414255894522455e+01
6.728900000000000000e+04,9.421504195101846335e+00,3.682616755070841918e+01
6.729000000000000000e+04,1.049888696397151833e+01,3.573321732867047729e+01
6.729100000000000000e+04,1.104112692750631552e+01,3.514646284807581367e+01
6.729200000000000000e+04,1.105304455539267217e+01,3.290952689580814194e+01
6.729300000000000000e+04,9.321686470058180518e+00,3.441003098060817678e+01
6.729400000000000000e+04,1.075605614012712508e+01,3.275417587926796159e+01
6.729500000000000000e+04,1.203323647862069734e+01,2.989006927508422962e+01
6.729600000000000000e+04,1.128133559634450123e+01,2.752193430472393842e+01
6.729700000000000000e+04,1.161036588284027360e+01,2.448301128490889411e+01
6.729800000000000000e+04,1.042358216341267863e+01,2.214628411544192943e+01
6.729900000000000000e+04,9.293042924135541227e+00,2.013821224824786427e+01
6.730000000000000000e+04,8.161110100186546035e+00,1.868334220047014327e+01
6.730100000000000000e+04,7.178242965341118165e+00,1.755172292119634392e+01
6.730200000000000000e+04,6.304612178092678931e+00,1.778380980791469312e+01
6.730300000000000000e+04,5.247648221768479893e+00,1.640966697545579223e+01
6.730400000000000000e+04,4.368329639664157327e+00,1.495984910539900881e+01
6.730500000000000000e+04,3.776159051177404802e+00,1.354529381062207705e+01
6.730600000000000000e+04,3.203453299371628038e+00,1.211588477549247500e+01
6.730700000000000000e+04,2.764609911484018134e+00,1.073905660568360076e+01
6.730800000000000000e+04,2.389761903975706314e+00,1.030065620934557202e+01
6.730900000000000000e+04,2.164631034322506586e+00,8.980787853515423080e+00
6.731000000000000000e+04,1.788169242532265280e+00,8.729467301421895087e+00
6.731100000000000000e+04,1.787554461162956576e+00,7.699519497530502576e+00
6.731200000000000000e+04,1.751897280709858951e+00,6.917503494663844066e+00
6.731300000000000000e+04,1.705416920065023545e+00,6.180620879304317583e+00
6.731400000000000000e+04,1.707215911855225254e+00,5.667227336285673545e+00
6.731500000000000000e+04,1.735163768906567094e+00,5.080236746570154338e+00
6.731600000000000000e+04,1.640425996888325466e+00,4.442657427910116752e+00
6.731700000000000000e+04,1.537013491707979629e+00,3.706174259828369344e+00
6.731800000000000000e+04,1.610235558661610833e+00,3.396520140499951879e+00
6.731900000000000000e+04,1.351346322748568030e+00,2.705240403992206666e+00
6.732000000000000000e+04,1.185754364823512708e+00,2.455993275422912347e+00
6.732100000000000000e+04,9.558489053146338454e-01,1.722569692205915715e+00
6.732200000000000000e+04,9.307265052437070363e-01,1.528642524627606747e+00
6.732300000000000000e+04,6.791095504089573742e-01,1.079017258287557013e+00
6.732400000000000000e+04,6.063818636258374584e-01,1.011707826639366203e+00
6.732500000000000000e+04,5.706493656887432486e-01,9.139169317186670582e-01
6.732600000000000000e+04,6.886656833624720253e-01,8.301999290955066613e-01
6.732700000000000000e+04,5.844046905327978658e-01,7.598924846100629793e-01
6.732800000000000000e+04,6.144732295191259741e-01,8.584602642866627775e-01
6.732900000000000000e+04,6.377702759446794989e-01,9.809469458317892077e-01
6.733000000000000000e+04,7.158226152529144626e-01,9.226431326358479623e-01
6.733100000000000000e+04,7.188960062059583933e-01,6.606858291186128440e-01
6.733200000000000000e+04,8.606004985655105743e-01,3.988936092077892681e-01
6.733300000000000000e+04,9.254421058222682683e-01,8.062794400467510059e-02
6.733400000000000000e+04,7.577541807459197143e-01,5.730620940727533252e-01
6.733500000000000000e+04,6.168142472588339364e-01,1.275787805188336677e+00
6.733600000000000000e+04,5.011005999664245314e-01,1.676471886101886355e+00
6.733700000000000000e+04,2.387346440443878504e-01,2.206032386338563356e+00
6.733800000000000000e+04,5.916111129832168913e-01,2.397915870546540873e+00
6.733900000000000000e+04,8.868823776550214255e-01,2.354538860303733827e+00
6.734000000000000000e+04,1.462350974103887369e+00,2.727306546045120683e+00
6.734100000000000000e+04,2.309529772929066915e+00,2.477148548989866583e+00
6.734200000000000000e+04,5.266651450013428715e+00,5.907900227397533399e-01
6.734300000000000000e+04,5.920276556198250439e+00,8.557273868665049577e-02
6.734400000000000000e+04,7.065024149677559429e+00,1.172343212847408722e-01
6.734500000000000000e+04,9.382356038714545932e+00,6.344975258316623012e-01
6.734600000000000000e+04,9.175299635090935269e+00,6.969200335156102710e-01
6.734700000000000000e+04,1.109397208916922395e+01,9.399402061939952091e-01
6.734800000000000000e+04,1.105154905519514763e+01,5.541027157283053839e-01
6.734900000000000000e+04,1.063679010622572818e+01,5.041512127225900031e-01
6.735000000000000000e+04,1.015401972007041209e+01,4.302547417303514976e-02
6.735100000000000000e+04,1.220722485423564230e+01,1.049323207963503535e+00
6.735200000000000000e+04,1.307670958937944050e+01,7.948720119659284933e-01
6.735300000000000000e+04,nan,nan
6.735400000000000000e+04,1.979324685225715803e+04,1.110312889255547925e+05
6.735500000000000000e+04,nan,nan
6.735600000000000000e+04,nan,nan
6.735700000000000000e+04,nan,nan
6.735800000000000000e+04,nan,nan
6.735900000000000000e+04,nan,nan
6.736000000000000000e+04,nan,nan
6.736100000000000000e+04,nan,nan
6.736200000000000000e+04,nan,nan
6.736300000000000000e+04,nan,nan
6.736400000000000000e+04,nan,nan
6.736500000000000000e+04,nan,nan
6.736600000000000000e+04,nan,nan
6.736700000000000000e+04,nan,nan
6.736800000000000000e+04,nan,nan
6.736900000000000000e+04,nan,nan
6.737000000000000000e+04,nan,nan
6.737100000000000000e+04,nan,nan
6.737200000000000000e+04,nan,nan
6.737300000000000000e+04,nan,nan
6.737400000000000000e+04,nan,nan
6.737500000000000000e+04,nan,nan
6.737600000000000000e+04,nan,nan
6.737700000000000000e+04,nan,nan
6.737800000000000000e+04,nan,nan
6.737900000000000000e+04,nan,nan
6.738000000000000000e+04,nan,nan
6.738100000000000000e+04,nan,nan
6.738200000000000000e+04,4.106468197797720876e+01,1.421856509948027991e+01
6.738300000000000000e+04,4.037667258605328158e+01,7.881654494588833870e+01
6.738400000000000000e+04,3.883558172138805276e+01,7.651744890809821698e+01
6.738500000000000000e+04,3.763312626376115588e+01,7.445372730276307038e+01
6.738600000000000000e+04,3.570467672359893641e+01,7.245696310253781292e+01
6.738700000000000000e+04,3.599119900644429748e+01,7.641869476330936095e+01
6.738800000000000000e+04,3.584465587111314733e+01,7.818754154414835966e+01
6.738900000000000000e+04,3.437203212553716014e+01,7.633617151371822729e+01
6.739000000000000000e+04,3.279670372647922960e+01,7.452038748970556981e+01
6.739100000000000000e+04,2.359151166908065278e+01,6.016459101019151490e+01
6.739200000000000000e+04,1.850646035354891339e+01,5.205609096163792060e+01
6.739300000000000000e+04,1.544528950713217341e+01,4.697297176477772496e+01
6.739400000000000000e+04,1.369931166661169364e+01,4.384486884287679231e+01
6.739500000000000000e+04,1.241805031503271195e+01,4.095453407349762642e+01
6.739600000000000000e+04,1.179076169094219217e+01,3.790639674923039593e+01
6.739700000000000000e+04,9.195550172365527075e+00,3.391785777326586526e+01
6.739800000000000000e+04,9.601740578258370462e+00,3.358032585106419532e+01
6.739900000000000000e+04,8.352931112477799402e+00,3.005763717160160198e+01
6.740000000000000000e+04,7.686714493400978121e+00,2.951645941302195908e+01
6.740100000000000000e+04,6.695556145781950796e+00,2.681140400791800715e+01
6.740200000000000000e+04,6.552136491661627815e+00,2.613974768219664924e+01
6.740300000000000000e+04,7.018250842636764908e+00,2.583647905836646075e+01
6.740400000000000000e+04,5.892302023649416576e+00,2.395627273761129317e+01
6.740500000000000000e+04,6.666743285288440291e+00,2.355656384134444181e+01
6.740600000000000000e+04,6.969871374416506171e+00,2.348645231289126656e+01
6.740700000000000000e+04,6.247529349822912081e+00,2.371761957013466571e+01
6.740800000000000000e+04,6.011826222412328669e+00,2.332775249759489711e+01
6.740900000000000000e+04,5.986935144495674876e+00,2.286656908760973295e+01
6.741000000000000000e+04,5.810859129967377967e+00,2.256407159689980801e+01
6.741100000000000000e+04,8.346983768683434946e+00,2.023397566319551544e+01
6.741200000000000000e+04,9.379545254766055606e+00,1.975684788460227637e+01
6.741300000000000000e+04,1.514061943099038210e+01,2.531853565356614411e+01
6.741400000000000000e+04,1.652737772259612825e+01,2.537723374369387130e+01
6.741500000000000000e+04,2.272474661365313864e+01,3.303905797361681351e+01
6.741600000000000000e+04,2.272058414759558786e+01,3.269491127797922303e+01
6.741700000000000000e+04,1.590661388475772497e+01,2.688588934706437428e+01
6.741800000000000000e+04,8.215137133005121939e+00,2.581902329132300622e+01
6.741900000000000000e+04,7.882093588109909454e+00,2.514533244690119318e+01
6.742000000000000000e+04,7.224017500858741059e+00,2.373305145726831000e+01
6.742100000000000000e+04,8.059857984680153464e+00,2.368530451570127937e+01
6.742200000000000000e+04,1.057590358564965172e+01,2.621411032698938470e+01
6.742300000000000000e+04,1.257216918379399040e+01,2.712517495779491838e+01
6.742400000000000000e+04,1.498577279186748434e+01,2.793518934831151057e+01
6.742500000000000000e+04,1.271988300220681900e+01,3.107183115747186619e+01
6.742600000000000000e+04,1.219805763517038777e+01,3.591595836409255327e+01
6.742700000000000000e+04,9.707904430534659568e+00,3.369202919261490337e+01
6.742800000000000000e+04,7.439283538176748145e+00,3.388657305437521217e+01
6.742900000000000000e+04,1.596844953685138258e+01,3.508932142352926320e+01
6.743000000000000000e+04,1.991649849757884994e+01,3.583266736030876132e+01
6.743100000000000000e+04,1.878800765460809075e+01,3.394259088031111560e+01
6.743200000000000000e+04,1.860267351588445806e+01,3.370759010811346457e+01
6.743300000000000000e+04,2.020869145174830805e+01,3.408008081121707278e+01
6.743400000000000000e+04,2.217892576218881828e+01,3.456091396583945397e+01
6.743500000000000000e+04,1.956313708770664661e+01,3.311398156873223542e+01
6.743600000000000000e+04,1.976797749823245809e+01,3.301184325175051271e+01
6.743700000000000000e+04,1.496639316591143576e+01,3.191012758266885641e+01
6.743800000000000000e+04,1.542194954791303019e+01,3.202282496821728586e+01
6.743900000000000000e+04,1.616885648789089203e+01,3.226751670063833899e+01
6.744000000000000000e+04,1.357450033179475213e+01,3.055015784932308520e+01
6.744100000000000000e+04,1.362652007332049919e+01,2.977766265480470054e+01
6.744200000000000000e+04,5.040980698221227740e+00,2.302723945329496757e+00
6.744300000000000000e+04,5.022986315407764302e+00,2.012306582038547731e-02
6.744400000000000000e+04,5.267927184265215779e+00,2.642024652706354004e-01
6.744500000000000000e+04,4.939499699267328126e+00,5.752987731997976084e-01
6.744600000000000000e+04,1.065372298430074949e+01,1.254525987917917362e+01
6.744700000000000000e+04,3.989434192633690035e+00,2.468485040263850294e+00
6.744800000000000000e+04,3.476452923433066111e+00,3.333406610353826238e+00
6.744900000000000000e+04,2.819923162014237317e+00,3.895013909682319309e+00
6.745000000000000000e+04,8.153822534905256214e-01,6.165502246518876461e+00
6.745100000000000000e+04,5.186950871909428606e+00,1.814711174186190590e+01
6.745200000000000000e+04,4.923706061391015965e+00,1.649845874749731678e+01
6.745300000000000000e+04,4.443990956124993730e+00,1.543919648095605623e+01
6.745400000000000000e+04,4.545059692382303673e+00,1.513721342956196025e+01
6.745500000000000000e+04,5.529120986913599323e-01,5.563228779441665495e+00
6.745600000000000000e+04,6.329435490325799885e-01,5.077348519237609992e+00
6.745700000000000000e+04,1.064985427472734170e+00,4.397386117550091456e+00
6.745800000000000000e+04,1.982586848088856879e+00,3.926974230809534561e+00
6.745900000000000000e+04,4.086701454214737517e+00,2.352566769264818447e+00
6.746000000000000000e+04,5.294397999576214708e+00,1.443397992958942666e+00
6.746100000000000000e+04,6.228659771870240114e+00,9.114892949498013763e+00
6.746200000000000000e+04,3.932764805750779580e+00,1.194518164465742771e+01
6.746300000000000000e+04,3.491085020668468708e+00,1.135063881118207973e+01
6.746400000000000000e+04,nan,nan
6.746500000000000000e+04,nan,nan
6.746600000000000000e+04,nan,nan
6.746700000000000000e+04,nan,nan
6.746800000000000000e+04,nan,nan
6.746900000000000000e+04,nan,nan
6.747000000000000000e+04,nan,nan
6.747100000000000000e+04,nan,nan
6.747200000000000000e+04,nan,nan
6.747300000000000000e+04,nan,nan
6.747400000000000000e+04,nan,nan
6.747500000000000000e+04,nan,nan
6.747600000000000000e+04,nan,nan
6.747700000000000000e+04,nan,nan
6.747800000000000000e+04,nan,nan
6.747900000000000000e+04,nan,nan
6.748000000000000000e+04,nan,nan
6.748100000000000000e+04,nan,nan
6.748200000000000000e+04,nan,nan
6.748300000000000000e+04,nan,nan
6.748400000000000000e+04,nan,nan
6.748500000000000000e+04,nan,nan
6.748600000000000000e+04,nan,nan
6.748700000000000000e+04,nan,nan
6.748800000000000000e+04,nan,nan
6.748900000000000000e+04,nan,nan
6.749000000000000000e+04,1.550316959861115729e+00,3.776812836388195649e+00
6.749100000000000000e+04,8.639206778598493841e-01,2.659681088469405097e+00
6.749200000000000000e+04,8.378084187497555346e-01,1.708770352713571583e+00
6.749300000000000000e+04,1.202052729408807030e+00,6.439389450029935347e-01
6.749400000000000000e+04,1.554062358177461745e+00,3.673045158113623643e-01
6.749500000000000000e+04,2.105924758837343980e+00,1.419359171693571398e+00
6.749600000000000000e+04,2.682459399034617498e+00,2.411635666745645779e+00
6.749700000000000000e+04,3.503747759538544670e+00,3.436772576358556819e+00
6.749800000000000000e+04,3.690203629686896303e+00,4.759386907219276708e+00
6.749900000000000000e+04,6.621314085092503632e+00,9.017960355594915711e+00
6.750000000000000000e+04,1.109783229424682460e+01,1.300004212146627935e+01
6.750100000000000000e+04,1.226258125404812382e+01,1.660945579834602270e+01
6.750200000000000000e+04,1.352217589885076876e+01,2.087968248548164496e+01
6.750300000000000000e+04,1.324241218163056644e+01,2.124771447428736337e+01
6.750400000000000000e+04,1.809668299116187740e+01,3.008814440534901280e+01
6.750500000000000000e+04,2.446863745587211270e+01,4.135177690049082599e+01
6.750600000000000000e+04,2.211693055691696941e+01,4.137062487640271513e+01
6.750700000000000000e+04,2.070861106661693185e+01,4.091028579987479219e+01
6.750800000000000000e+04,1.918427403277143739e+01,3.947033150223121112e+01
6.750900000000000000e+04,1.727710862163474559e+01,3.776115395797090457e+01
6.751000000000000000e+04,1.817282097636445570e+01,4.111946303632893063e+01
6.751100000000000000e+04,1.658972547137182829e+01,3.985790149362350832e+01
6.751200000000000000e+04,1.529635504270698654e+01,3.856748778872520234e+01
6.751300000000000000e+04,1.315244194387570253e+01,3.468893988206039580e+01
6.751400000000000000e+04,1.189013142208541751e+01,3.196585549482947997e+01
6.751500000000000000e+04,1.364341016491437308e+01,3.493876694096628199e+01
6.751600000000000000e+04,1.351898757565701281e+01,3.321075671579138344e+01
6.751700000000000000e+04,1.261716112469487427e+01,3.095957702704701120e+01
6.751800000000000000e+04,1.145962595194152378e+01,2.876359830784738492e+01
6.751900000000000000e+04,1.100724514877532734e+01,2.747259885529620504e+01
6.752000000000000000e+04,1.044553644716400242e+01,2.610697404928137288e+01
6.752100000000000000e+04,1.074201928639110193e+01,2.677540028477077527e+01
6.752200000000000000e+04,9.161184893787329031e+00,2.348850991674232347e+01
6.752300000000000000e+04,7.768364504422490491e+00,2.054283961000194125e+01
6.752400000000000000e+04,6.725882629619696296e+00,1.810631984745308642e+01
6.752500000000000000e+04,6.873881737827059801e+00,1.850267242187817374e+01
6.752600000000000000e+04,5.874013399757541443e+00,1.623682555991605980e+01
6.752700000000000000e+04,5.033908931358116234e+00,1.425600499974702018e+01
6.752800000000000000e+04,4.349166250801864919e+00,1.255172009240886766e+01
6.752900000000000000e+04,3.782455645649147158e+00,1.102333226320787318e+01
6.753000000000000000e+04,3.308935898706003353e+00,9.692870719310523242e+00
6.753100000000000000e+04,2.711760036873319013e+00,8.850889971697743164e+00
6.753200000000000000e+04,2.429903769990967799e+00,7.898691488772151104e+00
6.753300000000000000e+04,2.140421195953509770e+00,6.954434324589090721e+00
6.753400000000000000e+04,1.934735423984309310e+00,6.268193098052144308e+00
6.753500000000000000e+04,2.574759867244457823e+00,5.807973479709865217e+00
6.753600000000000000e+04,3.745519659024273196e+00,5.930003460422398120e+00
6.753700000000000000e+04,4.236223755721020723e+00,6.056384234287619961e+00
6.753800000000000000e+04,4.568668158462942941e+00,6.022614435500102559e+00
6.753900000000000000e+04,4.788476271329312084e+00,5.512831849313222676e+00
6.754000000000000000e+04,4.935476278063944733e+00,5.208053315636853142e+00
6.754100000000000000e+04,5.073961123667397821e+00,4.966753782931263572e+00
6.754200000000000000e+04,4.946460764610105976e+00,4.601319212239801004e+00
6.754300000000000000e+04,4.643088987300851400e+00,4.111725147254738033e+00
6.754400000000000000e+04,4.448034058375657018e+00,3.464198261352379404e+00
6.754500000000000000e+04,4.312444102626646902e+00,3.263426606519090001e+00
6.754600000000000000e+04,4.149992764635542564e+00,2.976800139929537181e+00
6.754700000000000000e+04,3.980617131446637202e+00,2.735829561758151840e+00
6.754800000000000000e+04,3.806953993102903500e+00,2.616080478382954766e+00
6.754900000000000000e+04,3.765615066671597955e+00,2.380271372330597046e+00
6.755000000000000000e+04,4.304688608004620498e+00,2.728893453924285950e+00
6.755100000000000000e+04,3.443716598522632566e+00,2.620467001647121208e+00
6.755200000000000000e+04,2.827069385538853563e+00,2.506471344758026021e+00
6.755300000000000000e+04,2.941897475993382027e+00,2.440106711535797501e+00
6.755400000000000000e+04,2.851553696047383735e+00,2.032175753530687246e+00
6.755500000000000000e+04,2.773850534160968273e+00,1.741639302767659103e+00
6.755600000000000000e+04,2.604741484909221860e+00,1.455767144768437049e+00
6.755700000000000000e+04,2.341591129252154513e+00,1.096264268036541978e+00
6.755800000000000000e+04,2.131272956447798794e+00,9.044794551988246667e-01
6.755900000000000000e+04,1.873827525942750150e+00,6.240247930922322439e-01
6.756000000000000000e+04,1.679671762307136440e+00,4.653392488077301437e-01
6.756100000000000000e+04,2.440065760658166383e+00,3.329867352267470437e-01
6.756200000000000000e+04,2.765035063615297162e+00,3.829987797550415962e-01
6.756300000000000000e+04,3.393274042752248754e+00,3.797600098865530072e-01
6.756400000000000000e+04,3.467147172025383028e+00,5.172499486059507490e-01
6.756500000000000000e+04,3.632849804325158249e+00,5.116814188190730306e-01
6.756600000000000000e+04,3.947362108440038320e+00,6.405546482674111530e-01
6.756700000000000000e+04,4.506725806973941317e+00,5.983506317393860741e-01
6.756800000000000000e+04,3.567642719064027634e+00,2.343313125134898200e-01
6.756900000000000000e+04,3.495084980778091044e+00,4.130264615121745919e-01
6.757000000000000000e+04,3.284260723623099398e+00,4.672609988409561765e-01
6.757100000000000000e+04,3.074473622133784279e+00,4.039624541396520385e-01
6.757200000000000000e+04,2.882616799598372914e+00,1.825365637457849743e-01
6.757300000000000000e+04,2.634212970017534960e+00,5.187634721664835524e-02
6.757400000000000000e+04,2.505001266506547974e+00,2.259311825829612985e-01
6.757500000000000000e+04,2.499518866307184339e+00,4.156761568121822847e-01
6.757600000000000000e+04,2.290649182118142058e+00,5.929016686012715809e-01
6.757700000000000000e+04,2.042751731097160128e+00,7.842753308036876092e-01
6.757800000000000000e+04,1.871560476703283848e+00,8.919034019930194290e-01
6.757900000000000000e+04,1.925904021672988797e+00,1.017888380607750776e+00
6.758000000000000000e+04,1.846106957865533138e+00,1.217570900868039985e+00
6.758100000000000000e+04,1.750807127041499989e+00,1.397009566315581708e+00
6.758200000000000000e+04,1.720412210214654847e+00,1.615183839196618010e+00
6.758300000000000000e+04,1.682928748720272205e+00,1.681213050205670356e+00
6.758400000000000000e+04,1.656177831735092365e+00,1.700731400507294211e+00
6.758500000000000000e+04,1.670583271562834149e+00,1.719824909639477539e+00
6.758600000000000000e+04,1.662585394131697036e+00,1.733622366979126639e+00
6.758700000000000000e+04,1.630003698157719727e+00,1.878381307197386718e+00
6.758800000000000000e+04,1.589005713864023228e+00,1.864855953313401926e+00
6.758900000000000000e+04,1.456475641015060996e+00,2.019226563727826829e+00
6.759000000000000000e+04,1.346751312927237043e+00,2.118335674533625479e+00
6.759100000000000000e+04,1.824793404339741354e+00,2.156541140901168774e+00
6.759200000000000000e+04,2.256630047774183634e+00,2.221914934414677134e+00
6.759300000000000000e+04,2.409053971167411046e+00,2.328482474539825375e+00
6.759400000000000000e+04,2.436491261617673931e+00,2.383119632449243852e+00
6.759500000000000000e+04,2.451245729035727017e+00,2.399670987995897065e+00
6.759600000000000000e+04,2.351794957588939194e+00,2.444515909109050256e+00
6.759700000000000000e+04,2.611081305931155061e+00,2.444533916149865149e+00
6.759800000000000000e+04,2.617733969189187437e+00,2.410067291906983655e+00
6.759900000000000000e+04,2.533239704065897602e+00,2.602645506538010522e+00
6.760000000000000000e+04,2.508796047824243036e+00,2.603761770939797771e+00
6.760100000000000000e+04,2.549980751498132747e+00,2.602864206151927817e+00
6.760200000000000000e+04,2.508860130099602515e+00,2.582207876985961548e+00
6.760300000000000000e+04,2.387481877584374690e+00,2.581783324591761186e+00
6.760400000000000000e+04,2.360898710225213915e+00,2.618027693549933588e+00
6.760500000000000000e+04,2.258461138643858224e+00,2.653727447234842884e+00
6.760600000000000000e+04,2.238817433648166766e+00,2.640583395721783688e+00
6.760700000000000000e+04,2.355264685115196599e+00,2.627908081108252247e+00
6.760800000000000000e+04,4.627446823739384207e+00,7.737351327042958360e-01
6.760900000000000000e+04,4.373492527781210448e+00,8.634567808361239827e-01
6.761000000000000000e+04,4.150391998484991518e+00,9.726149539520960730e-01
6.761100000000000000e+04,5.273414322798503306e+00,1.489172411344625857e-01
6.761200000000000000e+04,6.160184895939122107e+00,1.126507538698547251e+00
6.761300000000000000e+04,6.862178143036198996e+00,1.938208909451383022e+00
6.761400000000000000e+04,6.472433336515611479e+00,2.085616101063948236e+00
6.761500000000000000e+04,6.154761262658977827e+00,2.058989605708838155e+00
6.761600000000000000e+04,5.840705288079662161e+00,1.986957761852032434e+00
6.761700000000000000e+04,5.864536973763789796e+00,2.063316364218756860e+00
6.761800000000000000e+04,5.461002770769898262e+00,2.076317560494693737e+00
6.761900000000000000e+04,5.458965402745230122e+00,2.109528230538224136e+00
6.762000000000000000e+04,5.475988841733464341e+00,1.938822271550435516e+00
6.762100000000000000e+04,5.442135342914496299e+00,1.922541381293264351e+00
6.762200000000000000e+04,5.172839734002583789e+00,1.691397348402531975e+00
6.762300000000000000e+04,5.121821146765452859e+00,1.676130176513758840e+00
6.762400000000000000e+04,5.036248959354111321e+00,1.677228259595707982e+00
6.762500000000000000e+04,5.010378428951863583e+00,1.665802360479368360e+00
6.762600000000000000e+04,4.980850881054992740e+00,1.668715475821834104e+00
6.762700000000000000e+04,4.917395644822436296e+00,1.690134261029704987e+00
6.762800000000000000e+04,4.878350237215918206e+00,1.689837945245436401e+00
6.762900000000000000e+04,4.961205021397097958e+00,1.716338085863831964e+00
6.763000000000000000e+04,4.843655945997087819e+00,1.678624234702006390e+00
6.763100000000000000e+04,4.869135628015460071e+00,1.636238361808054265e+00
6.763200000000000000e+04,2.241855164910406373e+00,8.028384321207369112e-01
6.763300000000000000e+04,1.945674124854720244e+00,3.460391203102730628e-01
6.763400000000000000e+04,1.843925498293510934e+00,2.944823285346913622e-01
6.763500000000000000e+04,1.676086098237271838e+00,8.517706316417772427e-01
6.763600000000000000e+04,1.610231439002081100e+00,5.013485609655177200e-01
6.763700000000000000e+04,1.563443702808373192e+00,4.497978135810853928e-02
6.763800000000000000e+04,2.745814587715412980e+00,1.039050911457422899e+00
6.763900000000000000e+04,6.637660668130661357e+00,5.642858541776977432e+00
6.764000000000000000e+04,6.972549983323408362e+00,5.720706835720630323e+00
6.764100000000000000e+04,9.302195919356048393e+00,1.054116835342447445e+01
6.764200000000000000e+04,7.270996298396465995e+00,9.627287551279696487e+00
6.764300000000000000e+04,6.831509389245350228e+00,8.812733118364757701e+00
6.764400000000000000e+04,5.739357794959903281e+00,7.312538915587484922e+00
6.764500000000000000e+04,5.394455886032317515e+00,7.128543892627586587e+00
6.764600000000000000e+04,4.716699813114701101e+00,6.707923510809781220e+00
6.764700000000000000e+04,4.094852635433019472e+00,6.564546768304019508e+00
6.764800000000000000e+04,5.691920117412951896e+00,8.653691695182121890e+00
6.764900000000000000e+04,5.287240986780581409e+00,8.682794777523859864e+00
6.765000000000000000e+04,6.341833661775265085e+00,1.051842429113092692e+01
6.765100000000000000e+04,5.271703479395477565e+00,1.031518023460445477e+01
6.765200000000000000e+04,4.244581134550667656e+00,1.004397558364440712e+01
6.765300000000000000e+04,4.882851539208715508e+00,1.228836527720276095e+01
6.765400000000000000e+04,4.483147081307051529e+00,1.228292657745669203e+01
6.765500000000000000e+04,4.243565323258646771e+00,1.219949797805124092e+01
6.765600000000000000e+04,7.879022537094789946e+00,1.495654859121840019e+01
6.765700000000000000e+04,3.774722885987371601e+00,1.241572399039551300e+01
6.765800000000000000e+04,4.524766061581321885e+00,1.626639601488007969e+01
6.765900000000000000e+04,2.896937495018411468e+00,1.244952514429724744e+01
6.766000000000000000e+04,1.446713180352542372e+00,1.324959401805484660e+01
6.766100000000000000e+04,2.353110560358810055e+00,1.275313806861215937e+01
6.766200000000000000e+04,3.136430836508027120e+00,1.262006946346389924e+01
6.766300000000000000e+04,7.910584997108037086e+00,1.480280784405284322e+01
6.766400000000000000e+04,5.171920666528281529e+00,1.246198089182759006e+01
6.766500000000000000e+04,2.522755720823865566e+00,1.294268052137602965e+01
6.766600000000000000e+04,5.565137919857780169e+00,1.821515675178903138e+01
6.766700000000000000e+04,7.628340538197147858e+00,2.318873718285719931e+01
6.766800000000000000e+04,5.705184860977571049e+00,1.833996270909661064e+01
6.766900000000000000e+04,6.099217482346412922e+00,1.879839359059803883e+01
6.767000000000000000e+04,6.518972373180832669e+00,1.889287501417424764e+01
6.767100000000000000e+04,6.973347572156074925e+00,1.893889989767406590e+01
6.767200000000000000e+04,7.436742803410049341e+00,1.902838823852473027e+01
6.767300000000000000e+04,7.910956060733261630e+00,1.920002429827837176e+01
6.767400000000000000e+04,7.330189568439360315e+00,1.929794205382414063e+01
6.767500000000000000e+04,5.877812844503220724e+00,2.060587182209847157e+01
6.767600000000000000e+04,4.995921139415053780e+00,2.180476680354807328e+01
6.767700000000000000e+04,5.446221336005016234e+00,2.411034730980850327e+01
6.767800000000000000e+04,4.819675438224206410e+00,2.530727337057704318e+01
6.767900000000000000e+04,4.478951632305138375e+00,2.627677112004417381e+01
6.768000000000000000e+04,4.336296011817019291e+00,2.717192145885936583e+01
6.768100000000000000e+04,4.473468622362880787e+00,2.753532012170072107e+01
6.768200000000000000e+04,4.326765143013569848e+00,2.801369393262068641e+01
6.768300000000000000e+04,4.454514303111240636e+00,2.805459928186742502e+01
6.768400000000000000e+04,4.882929144801466670e+00,2.787662942743125782e+01
6.768500000000000000e+04,3.973348347240785561e+00,2.555062320686737820e+01
6.768600000000000000e+04,3.749129091761265187e+00,2.537642680299650522e+01
6.768700000000000000e+04,3.640730737268844219e+00,2.540423322893901315e+01
6.768800000000000000e+04,3.682310360378960645e+00,2.551364859824657216e+01
6.768900000000000000e+04,3.732423864178346040e+00,2.566344215592760492e+01
6.769000000000000000e+04,3.770769570412578098e+00,2.579540343565085436e+01
6.769100000000000000e+04,3.848679036425359801e+00,2.588077353334440289e+01
6.769200000000000000e+04,3.938240172396040961e+00,2.600211631198320106e+01
6.769300000000000000e+04,4.010168845867088550e+00,2.598749203926160689e+01
6.769400000000000000e+04,3.895130596975256765e+00,2.622899218838782431e+01
6.769500000000000000e+04,4.532412278291163332e+00,2.607482692859889895e+01
6.769600000000000000e+04,4.651251812873048230e+00,2.611555821641829311e+01
6.769700000000000000e+04,4.490329712705983134e+00,2.533788944483696426e+01
6.769800000000000000e+04,4.827174253436647078e+00,2.541646379415949752e+01
6.769900000000000000e+04,4.424875428302868841e+00,2.301436312602671208e+01
6.770000000000000000e+04,4.612948524975414522e+00,2.311834747244031618e+01
6.770100000000000000e+04,4.182180137370005824e+00,2.092986615251991367e+01
6.770200000000000000e+04,6.207398069891994830e+00,2.359600800618120431e+01
6.770300000000000000e+04,7.304961586076641034e+00,2.361665475768776545e+01
6.770400000000000000e+04,5.353510265057949802e+00,2.159749677863203488e+01
6.770500000000000000e+04,4.625134971344326829e+00,1.952889837221272984e+01
6.770600000000000000e+04,4.149151609121876305e+00,1.789277020237650362e+01
6.770700000000000000e+04,3.780242848977860781e+00,1.653664671143399900e+01
6.770800000000000000e+04,3.582606797077963368e+00,1.642777968766695906e+01
6.770900000000000000e+04,4.672906211611564942e+00,1.748773541466543691e+01
6.771000000000000000e+04,5.603596409819825652e+00,1.851843492137140856e+01
6.771100000000000000e+04,5.847794317355870852e+00,1.871858509040620433e+01
6.771200000000000000e+04,6.626174309046755972e+00,1.982211117084115060e+01
6.771300000000000000e+04,7.138506158299686710e+00,2.079848630316365998e+01
6.771400000000000000e+04,7.383235939630100830e+00,2.092147245667877797e+01
6.771500000000000000e+04,4.198709768162883549e+00,1.962200449691703241e+01
6.771600000000000000e+04,3.977863578101878073e+00,1.949747634944893804e+01
6.771700000000000000e+04,3.463312283844062200e+00,1.952876098888661005e+01
6.771800000000000000e+04,3.434942728876297036e+00,1.955962707755714192e+01
6.771900000000000000e+04,3.275265319111686946e+00,1.945776261029638832e+01
6.772000000000000000e+04,2.050040051602264324e+00,2.093136738690130372e+01
6.772100000000000000e+04,1.704697167401637570e+00,2.082465501664615459e+01
6.772200000000000000e+04,9.370581343132649010e+00,1.942771422199953690e+01
6.772300000000000000e+04,1.049634259520324520e+01,1.711286777731138642e+01
6.772400000000000000e+04,9.555846899088253465e+00,1.632159167972492853e+01
6.772500000000000000e+04,9.555921456494882449e+00,1.625481135533950194e+01
6.772600000000000000e+04,8.190437593843647335e+00,1.677950874929674541e+01
6.772700000000000000e+04,9.483380777922228333e+00,2.415994108243786798e+01
6.772800000000000000e+04,1.018342894846801627e+01,2.445968536532790338e+01
6.772900000000000000e+04,1.362023441120407696e+01,2.852819420222768798e+01
6.773000000000000000e+04,1.614702460444414811e+01,3.251128346168131600e+01
6.773100000000000000e+04,1.505363103121729473e+01,3.244466852675245860e+01
6.773200000000000000e+04,1.462321006528050482e+01,3.219041198828398365e+01
6.773300000000000000e+04,1.398910451342783468e+01,3.206762613483167002e+01
6.773400000000000000e+04,1.406323953783826752e+01,3.289167000187573109e+01
6.773500000000000000e+04,1.311769288497556651e+01,3.276491603751270532e+01
6.773600000000000000e+04,1.289592832042202630e+01,3.339953039530595902e+01
6.773700000000000000e+04,1.249380295134004015e+01,3.364491980606113231e+01
6.773800000000000000e+04,1.924703138270125535e+01,3.933710634445910159e+01
6.773900000000000000e+04,1.093084059243857276e+01,3.323862584472675508e+01
6.774000000000000000e+04,8.523269464710146792e+00,3.144962533720217834e+01
6.774100000000000000e+04,7.198746451831969928e+00,3.186953628823095386e+01
6.774200000000000000e+04,7.273746758746083785e+00,3.169634551599168759e+01
6.774300000000000000e+04,5.874761675205343536e+00,3.050654554328863099e+01
6.774400000000000000e+04,5.629234675711514591e+00,3.079760132433188602e+01
6.774500000000000000e+04,5.632076056983984280e+00,3.082834288627295649e+01
6.774600000000000000e+04,5.788056746241247552e+00,3.042470575582682102e+01
6.774700000000000000e+04,5.709538001378787975e+00,3.010026301392882431e+01
6.774800000000000000e+04,6.868867789579767624e+00,2.940264374979848583e+01
6.774900000000000000e+04,5.647704785099187497e+00,2.976767559927097295e+01
6.775000000000000000e+04,7.288972424128243865e+00,2.847862644085634187e+01
6.775100000000000000e+04,7.453940393841967271e+00,3.209793599747750648e+01
6.775200000000000000e+04,7.671224157989358972e+00,3.211295630135413859e+01
6.775300000000000000e+04,8.025123315773805999e+00,3.567620715028157008e+01
6.775400000000000000e+04,9.360827962342321840e+00,2.167263099334846999e+01
6.775500000000000000e+04,9.054818910962305623e+00,2.201003114563103935e+01
6.775600000000000000e+04,1.040001633374377477e+01,1.996621549979639809e+01
6.775700000000000000e+04,9.746670778287782611e+00,1.821168842468703275e+01
6.775800000000000000e+04,9.993093109208173175e+00,1.721126555636015354e+01
6.775900000000000000e+04,1.013770427922659678e+01,1.615636314306840049e+01
6.776000000000000000e+04,9.488153472686473577e+00,1.930760357912898684e+01
6.776100000000000000e+04,9.786514131279789197e+00,1.909494139150856995e+01
6.776200000000000000e+04,1.029580355410321602e+01,1.949862418774095829e+01
6.776300000000000000e+04,5.912729453395823676e+00,2.147963918370321679e+01
6.776400000000000000e+04,7.677892574793921732e+00,2.042291434534282502e+01
6.776500000000000000e+04,6.889818788150450679e+00,1.688913397889480450e+01
6.776600000000000000e+04,7.671264074831217528e+00,2.457473103238447010e+01
6.776700000000000000e+04,8.068095542790278074e+00,1.641567070522062011e+01
6.776800000000000000e+04,8.635010457532304784e+00,1.512062293049615747e+01
6.776900000000000000e+04,6.956486481527794474e+00,1.240302222287079204e+01
6.777000000000000000e+04,4.968933139895137074e+00,9.725275275527991425e+00
6.777100000000000000e+04,3.835818558975577552e+00,8.270563877673318132e+00
6.777200000000000000e+04,3.463309421855414350e+00,8.671491585583186890e+00
6.777300000000000000e+04,3.004795336109987058e+00,9.854749937216904954e+00
6.777400000000000000e+04,2.597130635226120976e+00,1.144915805976139467e+01
6.777500000000000000e+04,1.899733007223334935e+00,1.000477785038960121e+01
6.777600000000000000e+04,1.720958380085570782e+00,8.484839607158900066e+00
6.777700000000000000e+04,1.432597817446691568e+00,8.640994887922058609e+00
6.777800000000000000e+04,1.327473060708393326e+00,7.089012349165045634e+00
6.777900000000000000e+04,1.164938645658875505e+00,7.327606449451963044e+00
6.778000000000000000e+04,1.092872746254412331e+00,7.226888366301032818e+00
6.778100000000000000e+04,1.111390248784248636e+00,6.059862235422720289e+00
6.778200000000000000e+04,9.606185720634659031e-01,5.864989111059344395e+00
6.778300000000000000e+04,9.473919929617907743e-01,5.698202790926934824e+00
6.778400000000000000e+04,8.456292380703435141e-01,5.562126573774165195e+00
6.778500000000000000e+04,7.957773041174368567e-01,5.261836996606774619e+00
6.778600000000000000e+04,9.072723271859891581e-01,5.159823163085583531e+00
6.778700000000000000e+04,8.560842752958168766e-01,5.080379848010501576e+00
6.778800000000000000e+04,8.472290811739012772e-01,5.030991355759475425e+00
6.778900000000000000e+04,8.268621420946520306e-01,4.819617037180812247e+00
6.779000000000000000e+04,8.064194574872004528e-01,4.653797084831872155e+00
6.779100000000000000e+04,9.233916047102795899e-01,2.970742003196363612e+00
6.779200000000000000e+04,9.259491184164162503e-01,1.938795965254243470e+00
6.779300000000000000e+04,8.911098210594761149e-01,1.762352112150445294e+00
6.779400000000000000e+04,9.994287761711699858e-01,1.402947571972077867e+00
6.779500000000000000e+04,9.443423979001390745e-01,4.274595406519594576e-01
6.779600000000000000e+04,1.042067245674959119e+00,6.361805840890610853e-01
6.779700000000000000e+04,1.232463609543641203e+00,1.708552932108780453e+00
6.779800000000000000e+04,1.382946287983419564e+00,2.651757238814163031e+00
6.779900000000000000e+04,1.293333314488481545e+00,3.190526368952326663e+00
6.780000000000000000e+04,1.443992988116561849e+00,3.377173559797704172e+00
6.780100000000000000e+04,1.391355383534198964e+00,3.353417731679272151e+00
6.780200000000000000e+04,3.417469964289620687e+00,2.909787373052253656e+00
6.780300000000000000e+04,5.279579609492955683e+00,6.444855612041536119e+00
6.780400000000000000e+04,7.071748300790738462e+00,8.759342398846825972e+00
6.780500000000000000e+04,8.578043591202620277e+00,1.050252593608157170e+01
6.780600000000000000e+04,8.674054948136429743e+00,1.089980666848235558e+01
6.780700000000000000e+04,7.961980848059016402e+00,1.050162560842987602e+01
6.780800000000000000e+04,7.306119717101799971e+00,1.026683642005170327e+01
6.780900000000000000e+04,6.797427390724488205e+00,1.011848073519892921e+01
6.781000000000000000e+04,6.313700271258910313e+00,9.883926034942668082e+00
6.781100000000000000e+04,5.302225301303383098e+00,9.192319614126745364e+00
6.781200000000000000e+04,4.401877167058955820e+00,8.577578601834794370e+00
6.781300000000000000e+04,3.662602937150550186e+00,8.104688711429751891e+00
6.781400000000000000e+04,3.391453567478688313e+00,7.868827767891389158e+00
6.781500000000000000e+04,3.331152981696474225e+00,8.272600599030219826e+00
6.781600000000000000e+04,3.835820267730688737e+00,8.975543891426895016e+00
6.781700000000000000e+04,3.723589156577565173e+00,8.598255378044004971e+00
6.781800000000000000e+04,2.819359149489789829e+00,8.819680088949979790e+00
6.781900000000000000e+04,2.644575936966161667e+00,8.988018999990831759e+00
6.782000000000000000e+04,2.627410184089224998e+00,8.822849132452127208e+00
6.782100000000000000e+04,2.530270569486781085e+00,8.657796863902945006e+00
6.782200000000000000e+04,2.969546253293008586e+00,1.076093624066741583e+01
6.782300000000000000e+04,3.285317828718274491e+00,1.239152398879964068e+01
6.782400000000000000e+04,3.894304543077808489e+00,1.331026618421364560e+01
6.782500000000000000e+04,4.494107492495718503e+00,1.390891357272434448e+01
6.782600000000000000e+04,4.902402798941142059e+00,1.453358986047642887e+01
6.782700000000000000e+04,5.295599757938534324e+00,1.528924766632800569e+01
6.782800000000000000e+04,9.496831843357496084e+00,1.738734227050308334e+01
6.782900000000000000e+04,1.322281713469293507e+01,1.901147484596302561e+01
6.783000000000000000e+04,1.452670256394129922e+01,1.896154963341138355e+01
6.783100000000000000e+04,1.596533004367569042e+01,2.040817601746131871e+01
6.783200000000000000e+04,1.584960674677973635e+01,2.116212275877053273e+01
6.783300000000000000e+04,1.861348316526634150e+01,2.218538238640554638e+01
6.783400000000000000e+04,2.199141677991287480e+01,2.313282284479881667e+01
6.783500000000000000e+04,2.262954911869209340e+01,2.375337723795457023e+01
6.783600000000000000e+04,1.865577734519071385e+01,2.515995309525422030e+01
6.783700000000000000e+04,2.242513893468629504e+01,2.349324181314475979e+01
6.783800000000000000e+04,2.260450280182892513e+01,2.356790232143799813e+01
6.783900000000000000e+04,1.735750414129765673e+01,2.280423355334555779e+01
6.784000000000000000e+04,1.712391370192254314e+01,2.289017372884396551e+01
6.784100000000000000e+04,1.657127435739514709e+01,2.289843368120633471e+01
6.784200000000000000e+04,1.554341090854113006e+01,2.282194086859350790e+01
6.784300000000000000e+04,1.555153188998967551e+01,2.271780193823565952e+01
6.784400000000000000e+04,1.556560098468380993e+01,2.252731832055958350e+01
6.784500000000000000e+04,1.568061709558292627e+01,2.265435465814785942e+01
6.784600000000000000e+04,1.531386183594959327e+01,2.248406071401671724e+01
6.784700000000000000e+04,1.456324522265748378e+01,2.215075277344118732e+01
6.784800000000000000e+04,1.417706950087466922e+01,2.188442713232159420e+01
6.784900000000000000e+04,1.307310814596871751e+01,2.163817344434834311e+01
6.785000000000000000e+04,1.414794853115636108e+01,2.265588552718851645e+01
6.785100000000000000e+04,1.301950673356740218e+01,2.172709599177459339e+01
6.785200000000000000e+04,1.239575029641488690e+01,2.131468079105714963e+01
6.785300000000000000e+04,1.410012040495066543e+01,2.138705596647847429e+01
6.785400000000000000e+04,1.381016594761049099e+01,2.193658760963659660e+01
6.785500000000000000e+04,1.337459748370913815e+01,2.119532030897533659e+01
6.785600000000000000e+04,1.164391166513108011e+01,2.158933046502482256e+01
6.785700000000000000e+04,1.084658162779629542e+01,2.099291769650410089e+01
6.785800000000000000e+04,1.065672164882108142e+01,2.084258514008508811e+01
6.785900000000000000e+04,8.434856837107496119e+00,2.140506500048190830e+01
6.786000000000000000e+04,6.936749792583381868e+00,2.176521662725711792e+01
6.786100000000000000e+04,7.002471992490870711e+00,2.176529487399430707e+01
6.786200000000000000e+04,8.399663955884765443e+00,2.186662374504696871e+01
6.786300000000000000e+04,8.992066244413111420e+00,2.162111623511968261e+01
6.786400000000000000e+04,7.206354164955694586e+00,2.135549745597676363e+01
6.786500000000000000e+04,9.991654537046880336e+00,2.257736727493378481e+01
6.786600000000000000e+04,8.697377947952736221e+00,2.162743302655598043e+01
6.786700000000000000e+04,9.209045665130581426e+00,2.165906123739683053e+01
6.786800000000000000e+04,9.829102425319566905e+00,2.154564367719635953e+01
6.786900000000000000e+04,2.552487142961924604e+01,2.502270320815317461e+01
6.787000000000000000e+04,2.449252464934023266e+01,2.531109409010421274e+01
6.787100000000000000e+04,2.553061366031977286e+01,2.577581662112005745e+01
6.787200000000000000e+04,2.663478981155203940e+01,2.637601705330460433e+01
6.787300000000000000e+04,1.896776053317033828e+01,2.827469548553866474e+01
6.787400000000000000e+04,2.488281686711043506e+01,5.605905777998262352e+01
6.787500000000000000e+04,2.430859261039515928e+01,5.659523156170769198e+01
6.787600000000000000e+04,2.981982083699016783e+01,3.092707981860292676e+01
6.787700000000000000e+04,6.914877653338038499e+00,2.329283492966332858e+00
6.787800000000000000e+04,1.095818862520856207e+01,1.892708099685303580e+01
6.787900000000000000e+04,9.998093493577101754e+00,1.916491897001627720e+01
6.788000000000000000e+04,9.755510915748674350e+00,1.935719734336478481e+01
6.788100000000000000e+04,9.751445293557290839e+00,1.944367543164185719e+01
6.788200000000000000e+04,9.792532505208656701e+00,1.803444383773187454e+01
6.788300000000000000e+04,5.919938476331963351e+00,2.815696536838897401e+01
6.788400000000000000e+04,1.848856844984700842e+01,5.145218387431517471e+01
6.788500000000000000e+04,3.754643100128967070e+00,3.424359530382589867e+01
6.788600000000000000e+04,6.444269972550678460e+00,2.900616911821844468e+01
6.788700000000000000e+04,5.303105305083967380e+00,2.987773684142671016e+01
6.788800000000000000e+04,5.428702532681397130e+00,2.991024593409004950e+01
6.788900000000000000e+04,5.611182728206735248e+00,2.983877062143861636e+01
6.789000000000000000e+04,4.656236828650040849e+00,3.142508344417408495e+01
6.789100000000000000e+04,4.537641013460001815e+00,3.072391016710145450e+01
6.789200000000000000e+04,5.942555675198555321e+00,2.793115398022336393e+01
6.789300000000000000e+04,6.360088533560372070e+00,2.712882533941692742e+01
6.789400000000000000e+04,6.449051185358285920e+00,2.657057028877983029e+01
6.789500000000000000e+04,6.553273402467448605e+00,2.612557889333416483e+01
6.789600000000000000e+04,6.580313948185662731e+00,2.607668571779178990e+01
6.789700000000000000e+04,6.584631434281075890e+00,2.644693497948511407e+01
6.789800000000000000e+04,6.780844830856769256e+00,2.664619151876969028e+01
6.789900000000000000e+04,6.544545980385549022e+00,2.839741444524219816e+01
6.790000000000000000e+04,5.838146116810315078e+01,1.395496203861304139e+02
6.790100000000000000e+04,4.808162094897257077e+01,1.192434010034510834e+02
6.790200000000000000e+04,6.288474269243921100e+01,1.235248949934887577e+02
6.790300000000000000e+04,nan,nan
6.790400000000000000e+04,4.347924078197252840e+01,1.876612284354301039e+02
6.790500000000000000e+04,2.966269000765004904e+01,1.081075482792043942e+02
6.790600000000000000e+04,2.464949985465050730e+01,1.063323455415214482e+02
6.790700000000000000e+04,2.013072722809629767e+01,1.060626728810108830e+02
6.790800000000000000e+04,1.664611424964355280e+01,1.051020628590938060e+02
6.790900000000000000e+04,1.324027452661506743e+01,1.042190038423809426e+02
6.791000000000000000e+04,1.086810007345563456e+01,1.034717642333863381e+02
6.791100000000000000e+04,1.028417630611462208e+01,1.026660891181173838e+02
6.791200000000000000e+04,1.255506416028174144e+01,1.016617376776346759e+02
6.791300000000000000e+04,1.761162412217885986e+01,9.982291899421238668e+01
6.791400000000000000e+04,2.435553640738605807e+01,9.849436787361099732e+01
6.791500000000000000e+04,3.106128612622709895e+01,9.643395883034111193e+01
6.791600000000000000e+04,3.822235971583535274e+01,9.352433622151698955e+01
6.791700000000000000e+04,4.540162858456345418e+01,9.096673138629691380e+01
6.791800000000000000e+04,5.131400752081918171e+01,8.820048420393254673e+01
6.791900000000000000e+04,5.623771611438336748e+01,8.485735364147754467e+01
6.792000000000000000e+04,6.135612194558329691e+01,8.175474610120829766e+01
6.792100000000000000e+04,6.518724080768916451e+01,7.898246265772650077e+01
6.792200000000000000e+04,2.352818958946116368e+01,7.903044960037330213e+01
6.792300000000000000e+04,2.113688229739093316e+01,7.655368219268525820e+01
6.792400000000000000e+04,1.739991698473022552e+01,6.863876156607730650e+01
6.792500000000000000e+04,1.600631324357379626e+01,6.531063160540573165e+01
6.792600000000000000e+04,1.585773848839009226e+01,5.739075648028547505e+01
6.792700000000000000e+04,1.325632921628798755e+01,5.584730408933465640e+01
6.792800000000000000e+04,1.153368883410573353e+01,5.410634765582079808e+01
6.792900000000000000e+04,1.461717590757625018e+01,4.676669454113233115e+01
6.793000000000000000e+04,1.405385372795183052e+01,4.298973605433216960e+01
6.793100000000000000e+04,1.099259229263081750e+01,4.072030320563252559e+01
6.793200000000000000e+04,1.089598149441665420e+01,1.789616686291995862e+01
6.793300000000000000e+04,9.700436712323053712e+00,1.527848641766392035e+01
6.793400000000000000e+04,9.332600665519922956e+00,1.548700769962625046e+01
6.793500000000000000e+04,9.597622913455452931e+00,1.759116761013845576e+01
6.793600000000000000e+04,8.036857996048119901e+00,2.375522382943500332e+01
6.793700000000000000e+04,8.840472364452228504e+00,2.249109891092000169e+01
6.793800000000000000e+04,9.494028224387193404e+00,1.862944207150776066e+01
6.793900000000000000e+04,1.035257649095010457e+01,1.375992336656265635e+01
6.794000000000000000e+04,1.044857996715657400e+01,1.055793348077091665e+01
6.794100000000000000e+04,1.088935449682427326e+01,4.326559063295135843e+00
6.794200000000000000e+04,1.247413366179190852e+01,2.351623588082290439e+00
6.794300000000000000e+04,1.209486414781407859e+01,1.672188461281869820e+00
6.794400000000000000e+04,1.058888943631145274e+01,1.071385705529841914e+00
6.794500000000000000e+04,9.306311256903855522e+00,1.316796585059506697e+00
6.794600000000000000e+04,9.196391879325748420e+00,1.976181342644473204e+00
6.794700000000000000e+04,9.486550431954915652e+00,1.379542703617694599e+00
6.794800000000000000e+04,1.871468830074912271e+00,2.896562519424499982e+01
6.794900000000000000e+04,3.600468581111795352e+00,3.551669656203967662e+01
6.795000000000000000e+04,5.916510006268339339e+00,4.980420064256499302e+01
6.795100000000000000e+04,3.400503748329283482e+00,4.212427949416854034e+01
6.795200000000000000e+04,1.068373715175901850e+01,5.741994860708585691e+01
6.795300000000000000e+04,1.125586691849415466e+01,5.760582255648986916e+01
6.795400000000000000e+04,1.625830805864060125e+01,6.723810599963329082e+01
6.795500000000000000e+04,1.754789448130120988e+01,7.237773970256193934e+01
6.795600000000000000e+04,1.866560335331900689e+01,7.503920452754454118e+01
6.795700000000000000e+04,1.955613430529896490e+01,7.396095983260602225e+01
6.795800000000000000e+04,1.860292075852773053e+01,6.960906776986789168e+01
6.795900000000000000e+04,2.107704565121790097e+01,6.342590565901237909e+01
6.796000000000000000e+04,2.541367695564790452e+01,6.659838775411812151e+01
6.796100000000000000e+04,2.827112832892541405e+01,6.149322294531385324e+01
6.796200000000000000e+04,3.234520782865512700e+01,6.544006804571320401e+01
6.796300000000000000e+04,3.379822208939494743e+01,7.294584071211934884e+01
6.796400000000000000e+04,3.264964241110002519e+01,6.732514303644191500e+01
6.796500000000000000e+04,nan,nan
6.796600000000000000e+04,nan,nan
6.796700000000000000e+04,nan,nan
6.796800000000000000e+04,nan,nan
6.796900000000000000e+04,nan,nan
6.797000000000000000e+04,nan,nan
6.797100000000000000e+04,nan,nan
6.797200000000000000e+04,nan,nan
6.797300000000000000e+04,nan,nan
6.797400000000000000e+04,nan,nan
6.797500000000000000e+04,nan,nan
6.797600000000000000e+04,nan,nan
6.797700000000000000e+04,nan,nan
6.797800000000000000e+04,nan,nan
6.797900000000000000e+04,nan,nan
6.798000000000000000e+04,nan,nan
6.798100000000000000e+04,nan,nan
6.798200000000000000e+04,nan,nan
6.798300000000000000e+04,nan,nan
6.798400000000000000e+04,nan,nan
6.798500000000000000e+04,nan,nan
6.798600000000000000e+04,nan,nan
6.798700000000000000e+04,nan,nan
6.798800000000000000e+04,nan,nan
6.798900000000000000e+04,nan,nan
6.799000000000000000e+04,nan,nan
6.799100000000000000e+04,nan,nan
6.799200000000000000e+04,nan,nan
6.799300000000000000e+04,nan,nan
6.799400000000000000e+04,nan,nan
6.799500000000000000e+04,nan,nan
6.799600000000000000e+04,nan,nan
6.799700000000000000e+04,nan,nan
6.799800000000000000e+04,nan,nan
6.799900000000000000e+04,nan,nan
6.800000000000000000e+04,nan,nan
6.800100000000000000e+04,nan,nan
6.800200000000000000e+04,nan,nan
6.800300000000000000e+04,nan,nan
6.800400000000000000e+04,nan,nan
6.800500000000000000e+04,nan,nan
6.800600000000000000e+04,nan,nan
6.800700000000000000e+04,nan,nan
6.800800000000000000e+04,nan,nan
6.800900000000000000e+04,nan,nan
6.801000000000000000e+04,nan,nan
6.801100000000000000e+04,nan,nan
6.801200000000000000e+04,nan,nan
6.801300000000000000e+04,nan,nan
6.801400000000000000e+04,nan,nan
6.801500000000000000e+04,nan,nan
6.801600000000000000e+04,nan,nan
6.801700000000000000e+04,nan,nan
6.801800000000000000e+04,nan,nan
6.801900000000000000e+04,nan,nan
6.802000000000000000e+04,nan,nan
6.802100000000000000e+04,nan,nan
6.802200000000000000e+04,nan,nan
6.802300000000000000e+04,nan,nan
6.802400000000000000e+04,nan,nan
6.802500000000000000e+04,nan,nan
6.802600000000000000e+04,nan,nan
6.802700000000000000e+04,nan,nan
6.802800000000000000e+04,nan,nan
6.802900000000000000e+04,nan,nan
6.803000000000000000e+04,nan,nan
6.803100000000000000e+04,nan,nan
6.803200000000000000e+04,nan,nan
6.803300000000000000e+04,nan,nan
6.803400000000000000e+04,nan,nan
6.803500000000000000e+04,1.543166175673583496e+01,4.215828108017556275e+01
6.803600000000000000e+04,1.669367369815460478e+01,5.872290006756921343e+01
6.803700000000000000e+04,1.729121040359303052e+01,5.900645728989768912e+01
6.803800000000000000e+04,1.744367472285559018e+01,5.950976837842369349e+01
6.803900000000000000e+04,1.455263836721081994e+01,5.144478260529436398e+01
6.804000000000000000e+04,1.561764713136270899e+01,5.566801321148502524e+01
6.804100000000000000e+04,1.395775866497294970e+01,5.194349761091523021e+01
6.804200000000000000e+04,1.241216783789110067e+01,4.853360451484859084e+01
6.804300000000000000e+04,1.182941534013745333e+01,4.848967919672061555e+01
6.804400000000000000e+04,1.130886418005850835e+01,5.096482817078889127e+01
6.804500000000000000e+04,1.084586036675164777e+01,4.867442827697180263e+01
6.804600000000000000e+04,9.438935402155903986e+00,4.525141336095239808e+01
6.804700000000000000e+04,9.556990328105811727e+00,4.792469258122260811e+01
6.804800000000000000e+04,9.856094073036533842e+00,4.847058543483024096e+01
6.804900000000000000e+04,7.991154079858657333e+00,4.674560806878638175e+01
6.805000000000000000e+04,5.020394008211283676e+00,4.591395005265992779e+01
6.805100000000000000e+04,4.249037568019381261e+00,4.639044087223865631e+01
6.805200000000000000e+04,2.802569265736097215e+00,4.672031804171962222e+01
6.805300000000000000e+04,4.967654779112914198e+00,4.722143591027425913e+01
6.805400000000000000e+04,4.456655147379362525e+00,4.839044255787708693e+01
6.805500000000000000e+04,5.354290332867340574e+00,4.693920409349263423e+01
6.805600000000000000e+04,1.191787209346673215e+01,5.695966048197610121e+01
6.805700000000000000e+04,1.624973097682121193e+01,6.501386611160214102e+01
6.805800000000000000e+04,1.416557280803418628e+01,6.413241707003804493e+01
6.805900000000000000e+04,1.132811574741330318e+01,5.770085644029085614e+01
6.806000000000000000e+04,1.108166787219914085e+01,5.675304622544494748e+01
6.806100000000000000e+04,1.139105142733308185e+01,5.763219702379890919e+01
6.806200000000000000e+04,1.247752040848264876e+01,5.544892145224314106e+01
6.806300000000000000e+04,1.275516812427567892e+01,5.597340358042785624e+01
6.806400000000000000e+04,2.537030916970742922e+01,6.282942718257386616e+01
6.806500000000000000e+04,1.738008826891582359e+01,5.678787659807434807e+01
6.806600000000000000e+04,2.617492779115545432e+01,6.294587420478919171e+01
6.806700000000000000e+04,1.539104330252079222e+01,5.664122176187542834e+01
6.806800000000000000e+04,1.386422467683006232e+01,5.764561264824939713e+01
6.806900000000000000e+04,1.588370978593121841e+01,5.672056008127017890e+01
6.807000000000000000e+04,1.501049880947466342e+01,5.622497655852585297e+01
6.807100000000000000e+04,1.509275815600661552e+01,5.689799798820783394e+01
6.807200000000000000e+04,1.459134436223635412e+01,5.757960086577111269e+01
6.807300000000000000e+04,1.477566434122053529e+01,5.446871919918735472e+01
6.807400000000000000e+04,1.510414256433511149e+01,5.806210500702920996e+01
6.807500000000000000e+04,1.506929785515479026e+01,5.818385906364635218e+01
6.807600000000000000e+04,1.519274693060816794e+01,5.839214977055488021e+01
6.807700000000000000e+04,1.533667585492767316e+01,5.857139135661983431e+01
6.807800000000000000e+04,1.543731591218628552e+01,5.869901018656813818e+01
6.807900000000000000e+04,1.523925205432538910e+01,5.879821978988518083e+01
6.808000000000000000e+04,1.515796927771143743e+01,5.942161278531408186e+01
6.808100000000000000e+04,1.469167192692526669e+01,6.201800752854573773e+01
6.808200000000000000e+04,1.071777566021705042e+01,5.620651055858705547e+01
6.808300000000000000e+04,1.923154835609700086e+01,4.855643887752789567e+01
6.808400000000000000e+04,1.953674044395251386e+01,5.051035804345301727e+01
6.808500000000000000e+04,1.948192668345308221e+01,5.142805208424384489e+01
6.808600000000000000e+04,1.918270242361894162e+01,5.218118528020163183e+01
6.808700000000000000e+04,1.101916699352107720e+01,6.819475255973858907e+01
6.808800000000000000e+04,1.087535750117108968e+01,6.522155827424592189e+01
6.808900000000000000e+04,1.070488602317239568e+01,6.564074788563567608e+01
6.809000000000000000e+04,1.081570001328161368e+01,6.740147554909792404e+01
6.809100000000000000e+04,1.288049958057765210e+01,7.173778261343424845e+01
6.809200000000000000e+04,1.472281327495588954e+01,7.337619755408420019e+01
6.809300000000000000e+04,1.717891072364483662e+01,7.386879275115306598e+01
6.809400000000000000e+04,nan,nan
6.809500000000000000e+04,2.650955869373684237e+01,9.405718976014648547e+01
6.809600000000000000e+04,2.976620921394604125e+01,9.007934927498700972e+01
6.809700000000000000e+04,3.336193681229124053e+01,8.982956274705797739e+01
6.809800000000000000e+04,3.690706912206157853e+01,9.010654106247523032e+01
6.809900000000000000e+04,4.419728346058350610e+01,9.051072252390670769e+01
6.810000000000000000e+04,5.315874696811245315e+01,9.121012661839053237e+01
6.810100000000000000e+04,6.552855453677126718e+01,9.221480694843387482e+01
6.810200000000000000e+04,8.099404878209180936e+01,9.329559307372622357e+01
6.810300000000000000e+04,1.022704729905107683e+02,9.483788436682172573e+01
6.810400000000000000e+04,1.265299129094183996e+02,9.673160798677668026e+01
6.810500000000000000e+04,1.531042476677991431e+02,9.828577845074221386e+01
6.810600000000000000e+04,1.766805811474690131e+02,9.980143014157803805e+01
6.810700000000000000e+04,2.014736797609322139e+02,1.001375221965878524e+02
6.810800000000000000e+04,2.250373751985802926e+02,1.008595134074780191e+02
6.810900000000000000e+04,2.493115180748746127e+02,1.030791377077366633e+02
6.811000000000000000e+04,2.754858685208078555e+02,1.078987570853564080e+02
6.811100000000000000e+04,3.026290532739068908e+02,1.199854068615073714e+02
6.811200000000000000e+04,3.209077511031775316e+02,1.385683165503874079e+02
6.811300000000000000e+04,6.708921472749068471e+01,1.248773067559178145e+02
6.811400000000000000e+04,5.008705017881379007e+01,8.682333983472969408e+01
6.811500000000000000e+04,4.928663656259428905e+01,8.676087507804726329e+01
6.811600000000000000e+04,4.795455104305555238e+01,8.378468866287150263e+01
6.811700000000000000e+04,4.801718082421149347e+01,8.324313672463418357e+01
6.811800000000000000e+04,nan,nan
6.811900000000000000e+04,nan,nan
6.812000000000000000e+04,nan,nan
6.812100000000000000e+04,nan,nan
6.812200000000000000e+04,nan,nan
6.812300000000000000e+04,nan,nan
6.812400000000000000e+04,nan,nan
6.812500000000000000e+04,nan,nan
6.812600000000000000e+04,nan,nan
6.812700000000000000e+04,nan,nan
6.812800000000000000e+04,nan,nan
6.812900000000000000e+04,nan,nan
6.813000000000000000e+04,nan,nan
6.813100000000000000e+04,nan,nan
6.813200000000000000e+04,nan,nan
6.813300000000000000e+04,nan,nan
6.813400000000000000e+04,nan,nan
6.813500000000000000e+04,nan,nan
6.813600000000000000e+04,nan,nan
6.813700000000000000e+04,nan,nan
6.813800000000000000e+04,nan,nan
6.813900000000000000e+04,2.725498725960358914e+00,2.301949529301062114e+00
6.814000000000000000e+04,2.786607130478910843e+00,2.161878952501695039e+00
6.814100000000000000e+04,3.164304935991988366e+00,1.561810463501025481e+00
6.814200000000000000e+04,3.892148260462788389e+00,2.027292551998840509e-01
6.814300000000000000e+04,5.469499823279057260e+00,1.429747454390039252e+00
6.814400000000000000e+04,6.522927153887042806e+00,2.055818583327422289e+00
6.814500000000000000e+04,6.316866440661968340e+00,3.201014519629246990e+00
6.814600000000000000e+04,7.956906256628525576e+00,9.161775293615651350e+00
6.814700000000000000e+04,6.854165924927245079e+00,9.110199608706491148e+00
6.814800000000000000e+04,5.722312219814205569e+00,8.800571097647932106e+00
6.814900000000000000e+04,4.977080902610942381e+00,8.212866230528941713e+00
6.815000000000000000e+04,7.461845876310700731e+00,1.139395342418104562e+01
6.815100000000000000e+04,4.019385266660140843e+00,7.276667365218330019e+00
6.815200000000000000e+04,2.561395495899748909e+00,7.777846624566215894e+00
6.815300000000000000e+04,1.836742139046766198e+00,7.846469091199232082e+00
6.815400000000000000e+04,1.761068940388593740e+00,8.080588050527708788e+00
6.815500000000000000e+04,3.080271290527038186e+00,6.304963286153636659e+00
6.815600000000000000e+04,3.015126420431176069e+00,6.347366997741659134e+00
6.815700000000000000e+04,2.900012953386339021e+00,6.235578809830869318e+00
6.815800000000000000e+04,2.902378399886317961e+00,6.168626713121028615e+00
6.815900000000000000e+04,2.659106609095230223e+00,6.179036335018047055e+00
6.816000000000000000e+04,2.630849937981605713e+00,6.190348618496322786e+00
6.816100000000000000e+04,2.610023401575837010e+00,6.359670267506835728e+00
6.816200000000000000e+04,1.452681723725752150e+01,1.980630666944550100e+01
6.816300000000000000e+04,1.516324064038868968e+01,2.050083986439129546e+01
6.816400000000000000e+04,2.031274955711116093e+01,2.610078430529269156e+01
6.816500000000000000e+04,1.369524132104310077e+01,1.267964420525475333e+01
6.816600000000000000e+04,1.411304168635652445e+01,1.318436630419522260e+01
6.816700000000000000e+04,1.435124651234530724e+01,1.360518474180558357e+01
6.816800000000000000e+04,2.191527087111498062e+01,3.815579777642590642e+01
6.816900000000000000e+04,2.137874823779352695e+01,3.689710400858552930e+01
6.817000000000000000e+04,2.145450096606437640e+01,3.680442561956571268e+01
6.817100000000000000e+04,2.179960161167470289e+01,3.729148806181286346e+01
6.817200000000000000e+04,2.228339217095681235e+01,3.856126913233170228e+01
6.817300000000000000e+04,2.274173393439939872e+01,3.906397208472371574e+01
6.817400000000000000e+04,1.462038321258522799e+01,4.004421261916300523e+01
6.817500000000000000e+04,1.965049641513249412e+01,3.476725670848703942e+01
6.817600000000000000e+04,1.844689268850225972e+01,3.520205881559929395e+01
6.817700000000000000e+04,1.040538941465194966e+01,2.122481154776756540e+01
6.817800000000000000e+04,4.915219249490760944e+00,8.382762749463104512e+00
6.817900000000000000e+04,3.016201420638273234e+00,5.394303875394307113e+00
6.818000000000000000e+04,1.266856889002456077e+00,5.254602146934345797e+00
6.818100000000000000e+04,2.913420183899450677e+00,8.118390945367636391e+00
6.818200000000000000e+04,3.917855960271057647e+00,8.491043372066329198e+00
6.818300000000000000e+04,1.961635317686911240e+00,7.262224001777923377e+00
6.818400000000000000e+04,8.888644982742572864e-01,6.177379346625052392e+00
6.818500000000000000e+04,3.791377033007321540e-01,4.900243186107999804e+00
6.818600000000000000e+04,7.537438314037060438e-01,4.038938127573231895e+00
6.818700000000000000e+04,2.136141645686157275e+00,3.703197883090034281e+00
6.818800000000000000e+04,2.995920995122741015e+00,2.990187136384150790e+00
6.818900000000000000e+04,2.403100701767005187e+00,2.051216813987664978e+00
6.819000000000000000e+04,2.300046305822163628e+00,1.000872035875019606e+00
6.819100000000000000e+04,2.955092520009978241e+00,2.030209099510500437e-01
6.819200000000000000e+04,3.383324353260902750e+00,5.578910798861329567e-01
6.819300000000000000e+04,3.738908736101768326e+00,4.294837510785455947e+00
6.819400000000000000e+04,3.728249728627299309e+00,1.054245564313653460e+00
6.819500000000000000e+04,4.423024411805934086e+00,4.118301737793963468e+00
6.819600000000000000e+04,5.500588841620901448e+00,4.502564970359998142e+00
6.819700000000000000e+04,8.756378840448745038e+00,1.383927311968909990e+01
6.819800000000000000e+04,1.194425964492433145e+01,2.103392213951582335e+01
6.819900000000000000e+04,1.582440593745549862e+01,2.766305010808452636e+01
6.820000000000000000e+04,2.005894870652686990e+01,3.520075555248197219e+01
6.820100000000000000e+04,1.786239386457950573e+01,3.697455293204888704e+01
6.820200000000000000e+04,1.913262533667171539e+01,3.337329205315925407e+01
6.820300000000000000e+04,1.374612918134758566e+01,2.953827434717182854e+01
6.820400000000000000e+04,1.305513077673980860e+01,3.036163631099836380e+01
6.820500000000000000e+04,1.561125710645434950e+01,3.858695648325602434e+01
6.820600000000000000e+04,2.246473313308506903e+01,4.627534252713557805e+01
6.820700000000000000e+04,2.943147443158995458e+01,5.379520416344513478e+01
6.820800000000000000e+04,3.287077157828517926e+01,5.735941567509909333e+01
6.820900000000000000e+04,3.520172480128046288e+01,6.126977167625727816e+01
6.821000000000000000e+04,4.058134600885197329e+01,7.081816652729344241e+01
6.821100000000000000e+04,4.105730860686749395e+01,7.524155135434179442e+01
6.821200000000000000e+04,4.296104705995481510e+01,7.888804678212385113e+01
6.821300000000000000e+04,4.250082423797509534e+01,8.151284056819693546e+01
6.821400000000000000e+04,4.333061203317810595e+01,8.385858898391367688e+01
6.821500000000000000e+04,3.900388449582317207e+01,7.626469393753856707e+01
6.821600000000000000e+04,4.752168423876770476e+01,9.260450743636994275e+01
6.821700000000000000e+04,4.709218390186396874e+01,9.178048522107613394e+01
6.821800000000000000e+04,6.045525571312621338e+01,1.099729428644937883e+02
6.821900000000000000e+04,5.477448505162311676e+01,1.009298639017348478e+02
6.822000000000000000e+04,4.925959742270734409e+01,9.133660707973825765e+01
6.822100000000000000e+04,4.846447981018824436e+01,8.979615722177679515e+01
6.822200000000000000e+04,4.734956316387703623e+01,9.058776436142690613e+01
6.822300000000000000e+04,4.703452749500527119e+01,9.243507311779117686e+01
6.822400000000000000e+04,4.171383536257850722e+01,8.916814658992475984e+01
6.822500000000000000e+04,4.128053837112641844e+01,8.859251080379833354e+01
6.822600000000000000e+04,3.744455830150641873e+01,8.402422715843351853e+01
6.822700000000000000e+04,2.823704073150191718e+01,8.144630605819233438e+01
6.822800000000000000e+04,2.158680153401772017e+01,7.610483381311121320e+01
6.822900000000000000e+04,3.003890969627611796e+01,8.655314863283538784e+01
6.823000000000000000e+04,2.464640277318975592e+01,8.187684094001593849e+01
6.823100000000000000e+04,2.395098884155427399e+01,8.298789693558811109e+01
6.823200000000000000e+04,2.116831648477072747e+01,8.364229359576756906e+01
6.823300000000000000e+04,2.099449886186068071e+01,8.393902135637259221e+01
6.823400000000000000e+04,2.861374628428827904e+01,8.643206493426083625e+01
6.823500000000000000e+04,2.885510485350162924e+01,8.709788081194493259e+01
6.823600000000000000e+04,2.920921134998828705e+01,8.737389421661683286e+01
6.823700000000000000e+04,2.935007731472051873e+01,8.783841920181708929e+01
6.823800000000000000e+04,2.547321350570359755e+01,8.724353708052652223e+01
6.823900000000000000e+04,2.463485316506393374e+01,8.682780452573737762e+01
6.824000000000000000e+04,2.337724016185781650e+01,8.621475630883293206e+01
6.824100000000000000e+04,2.107431150068775949e+01,9.080829494735576191e+01
6.824200000000000000e+04,2.388844025316974395e+01,9.093525814527268381e+01
6.824300000000000000e+04,2.363764814021268634e+01,9.008565903838288591e+01
6.824400000000000000e+04,3.023903063970085014e+01,8.982922069452823166e+01
6.824500000000000000e+04,2.457265303047990201e+01,9.067420783253930949e+01
6.824600000000000000e+04,2.363430909444867822e+01,8.904894254481439475e+01
6.824700000000000000e+04,2.002969219093992947e+01,8.745638866050845195e+01
6.824800000000000000e+04,1.748835732897131834e+01,8.453952108292025969e+01
6.824900000000000000e+04,1.612115070371767089e+01,8.357841720409896880e+01
6.825000000000000000e+04,1.688747159440158185e+01,8.345632251310397010e+01
6.825100000000000000e+04,1.621780558268181238e+01,8.233312428232329694e+01
6.825200000000000000e+04,1.352022894723375401e+01,7.952632158601272749e+01
6.825300000000000000e+04,1.154168721725016411e+01,7.684788745538129717e+01
6.825400000000000000e+04,1.020164522288204267e+01,7.459106007197799215e+01
6.825500000000000000e+04,1.198241253501769776e+01,7.439157908573585587e+01
6.825600000000000000e+04,1.236670378127167069e+01,7.441394144576074154e+01
6.825700000000000000e+04,1.438243502005440178e+01,7.370300661640891349e+01
6.825800000000000000e+04,1.834958626215791710e+01,7.317288841690827894e+01
6.825900000000000000e+04,1.778464742833744694e+01,7.060457543949948445e+01
6.826000000000000000e+04,1.759714012369133584e+01,7.163526414665950881e+01
6.826100000000000000e+04,1.655589141647219620e+01,6.936102164826775152e+01
6.826200000000000000e+04,1.550553143154790980e+01,6.721237341578660107e+01
6.826300000000000000e+04,1.954260835449706946e+01,6.654261165824773627e+01
6.826400000000000000e+04,1.909845363909850491e+01,6.710648387040296825e+01
6.826500000000000000e+04,2.270421225202241899e+01,6.649826128108185230e+01
6.826600000000000000e+04,2.592909716536948039e+01,6.526537889064816511e+01
6.826700000000000000e+04,2.523067824430316719e+01,6.573865964959250618e+01
6.826800000000000000e+04,2.481863356722665515e+01,6.603222687509413902e+01
6.826900000000000000e+04,2.407586617993613842e+01,6.705794994509919604e+01
6.827000000000000000e+04,2.380089454005375060e+01,6.665314492564773730e+01
6.827100000000000000e+04,2.381973060660617847e+01,6.656197692980208558e+01
6.827200000000000000e+04,2.403344433082855858e+01,6.627165069497605998e+01
6.827300000000000000e+04,2.378846990186934462e+01,6.682857855140805725e+01
6.827400000000000000e+04,2.407909031517100473e+01,6.718038484541725097e+01
6.827500000000000000e+04,2.405614514499439238e+01,6.710832303545311106e+01
6.827600000000000000e+04,2.431861231674468371e+01,6.717765918992191132e+01
6.827700000000000000e+04,2.441957215885419075e+01,6.688787030969083958e+01
6.827800000000000000e+04,3.126453806678095759e+01,6.938224459450559323e+01
6.827900000000000000e+04,3.167998520774429849e+01,7.000627130439623613e+01
6.828000000000000000e+04,3.217825637814150497e+01,7.064308735823433949e+01
6.828100000000000000e+04,3.262335028979632767e+01,7.071729268894239340e+01
6.828200000000000000e+04,3.273018690339190329e+01,7.059651014434933813e+01
6.828300000000000000e+04,3.131167422790171173e+01,6.707337775949363845e+01
6.828400000000000000e+04,3.172038003397431538e+01,6.676240572617527391e+01
6.828500000000000000e+04,3.197288649192325138e+01,6.574332846620117721e+01
6.828600000000000000e+04,3.197073296421814703e+01,6.469825570126886305e+01
6.828700000000000000e+04,3.191063851943336616e+01,5.371829408445948673e+01
6.828800000000000000e+04,3.437192273463499959e+01,6.368232205619777631e+01
6.828900000000000000e+04,3.545019320368662363e+01,6.107775680728875045e+01
6.829000000000000000e+04,2.476109975040200695e+01,6.457320333190321548e+01
6.829100000000000000e+04,2.424713462230267425e+01,6.478236546599758583e+01
6.829200000000000000e+04,2.462579726389572699e+01,6.492847903779846774e+01
6.829300000000000000e+04,2.385764714562542821e+01,6.494735602880462011e+01
6.829400000000000000e+04,2.420816358524555767e+01,6.556505280808949010e+01
6.829500000000000000e+04,2.465836817366285061e+01,6.546352480074992286e+01
6.829600000000000000e+04,2.638242357019681350e+01,6.613870878303535505e+01
6.829700000000000000e+04,2.045655953693022866e+01,6.564641483151415002e+01
6.829800000000000000e+04,1.864400892690771983e+01,6.354660899423837606e+01
6.829900000000000000e+04,1.690384804887406034e+01,6.137735152451531917e+01
6.830000000000000000e+04,1.408371152958590855e+01,5.785168247792208263e+01
6.830100000000000000e+04,1.466226386393649328e+01,5.883494970132339574e+01
6.830200000000000000e+04,1.321889311249251087e+01,5.606038118997980035e+01
6.830300000000000000e+04,1.402727579206342057e+01,5.727947058144788883e+01
6.830400000000000000e+04,1.301399902961271238e+01,5.652849058122790638e+01
6.830500000000000000e+04,1.312038032423092027e+01,5.658106181479847407e+01
6.830600000000000000e+04,1.310107422704577118e+01,5.662186933259990695e+01
6.830700000000000000e+04,1.294507007143943156e+01,5.675863465610723324e+01
6.830800000000000000e+04,1.319163998121149817e+01,5.627053580683977430e+01
6.830900000000000000e+04,1.333077346836130772e+01,5.649025358139466846e+01
6.831000000000000000e+04,1.438831573375505890e+01,5.671076065804896871e+01
6.831100000000000000e+04,1.321942569024689540e+01,5.661378425593732544e+01
6.831200000000000000e+04,1.458090946277019206e+01,5.693174628621501654e+01
6.831300000000000000e+04,1.406821756288796266e+01,5.687979389036979683e+01
6.831400000000000000e+04,1.362283496388252146e+01,5.460975654635890919e+01
6.831500000000000000e+04,1.390648001763928399e+01,5.286540671761238031e+01
6.831600000000000000e+04,1.373982853859960684e+01,5.097754772649911104e+01
6.831700000000000000e+04,1.356549112715346617e+01,4.982054172284544791e+01
6.831800000000000000e+04,1.335272976516403531e+01,4.890873103191279370e+01
6.831900000000000000e+04,1.282764720814703985e+01,4.803962250572250525e+01
6.832000000000000000e+04,1.545168757139072824e+01,5.081836449422914370e+01
6.832100000000000000e+04,1.675235486778510108e+01,5.258697393075723880e+01
6.832200000000000000e+04,1.846433297624028214e+01,5.413901130175649712e+01
6.832300000000000000e+04,1.916079728355489564e+01,5.423648185380199038e+01
6.832400000000000000e+04,1.952074687791283836e+01,5.438645869896393492e+01
6.832500000000000000e+04,1.908511648545049866e+01,5.442003209237861228e+01
6.832600000000000000e+04,1.925593239821614588e+01,5.651593546626765630e+01
6.832700000000000000e+04,2.239037155169418725e+01,5.596673145186822040e+01
6.832800000000000000e+04,1.824056362338391679e+01,5.432766712848631130e+01
6.832900000000000000e+04,1.835168854550941830e+01,5.447953921211737338e+01
6.833000000000000000e+04,1.763834635551671681e+01,5.426590866317400241e+01
6.833100000000000000e+04,1.748549809186806314e+01,5.436609812279207432e+01
6.833200000000000000e+04,1.777303934483991910e+01,5.548309069294900553e+01
6.833300000000000000e+04,1.752189116895056031e+01,5.555733572861490899e+01
6.833400000000000000e+04,1.717466610940828176e+01,5.557116355879168168e+01
6.833500000000000000e+04,1.875050126105086079e+01,5.476843577908587690e+01
6.833600000000000000e+04,1.844366197338181124e+01,5.429849529731444591e+01
6.833700000000000000e+04,1.900808748753585320e+01,5.415443436944583055e+01
6.833800000000000000e+04,1.981699236482146986e+01,5.384840171234020545e+01
6.833900000000000000e+04,1.990621488068107681e+01,5.390908306214533496e+01
6.834000000000000000e+04,1.771079800361691525e+01,5.489472904036298218e+01
6.834100000000000000e+04,1.860213843948078249e+01,5.455043871591449545e+01
6.834200000000000000e+04,1.815234831200240961e+01,5.374584943224608935e+01
6.834300000000000000e+04,1.485904358356971500e+01,5.343386950034923899e+01
6.834400000000000000e+04,1.893627974395354840e+01,5.377893459123312425e+01
6.834500000000000000e+04,1.787505746499174464e+01,5.485352410577173998e+01
6.834600000000000000e+04,1.824613530536690931e+01,5.501543359844650638e+01
6.834700000000000000e+04,1.696782139728574279e+01,5.480518247593310832e+01
6.834800000000000000e+04,1.788524005020456897e+01,5.537029736471130548e+01
6.834900000000000000e+04,1.802797315152415791e+01,5.602121591175839654e+01
6.835000000000000000e+04,1.728436048738213415e+01,5.598659177750288762e+01
6.835100000000000000e+04,1.623226191130259366e+01,5.499983700258555075e+01
6.835200000000000000e+04,1.568024852383535794e+01,5.471598402376712755e+01
6.835300000000000000e+04,1.547666277029394344e+01,5.446646923277499752e+01
6.835400000000000000e+04,1.614651884805537563e+01,5.421326958799996731e+01
6.835500000000000000e+04,1.644436958064764553e+01,5.374134626597217590e+01
6.835600000000000000e+04,1.665082769540915919e+01,5.319438941649301711e+01
6.835700000000000000e+04,1.672988568821036637e+01,5.275368607327909842e+01
6.835800000000000000e+04,1.681468446098972080e+01,5.183018916304621371e+01
6.835900000000000000e+04,1.678745910467073088e+01,5.138107590361110510e+01
6.836000000000000000e+04,1.650155562830104827e+01,5.006496227576623426e+01
6.836100000000000000e+04,1.655422866645643865e+01,4.896663301368816690e+01
6.836200000000000000e+04,1.631692412553686111e+01,4.811473094932372874e+01
6.836300000000000000e+04,1.650707886854353390e+01,4.826629007574683072e+01
6.836400000000000000e+04,1.614643429877385827e+01,4.865923222958146255e+01
6.836500000000000000e+04,1.717959183554923897e+01,4.783942434133646771e+01
6.836600000000000000e+04,1.685126372435654218e+01,4.900516406850019990e+01
6.836700000000000000e+04,1.737407319035759556e+01,4.894559041004131217e+01
6.836800000000000000e+04,1.748771727681974042e+01,5.045570407290358617e+01
6.836900000000000000e+04,1.772589908027472205e+01,4.927874996260518969e+01
6.837000000000000000e+04,1.822664208471659109e+01,5.035826701941515893e+01
6.837100000000000000e+04,1.747349318920043260e+01,5.228858038049886403e+01
6.837200000000000000e+04,1.690806272575154523e+01,5.170693236862679498e+01
6.837300000000000000e+04,1.593616496216799128e+01,5.323356832752700996e+01
6.837400000000000000e+04,1.574184656605889998e+01,5.297530014623215777e+01
6.837500000000000000e+04,1.575927636071949856e+01,5.475104029881244116e+01
6.837600000000000000e+04,1.627776947810394859e+01,5.658948870697531675e+01
6.837700000000000000e+04,1.648945239126969753e+01,5.669843221336239480e+01
6.837800000000000000e+04,1.711288230116860021e+01,5.677699889771631092e+01
6.837900000000000000e+04,2.310536899102980612e+01,6.285157033612579625e+01
6.838000000000000000e+04,1.037999686719108006e+01,5.587267257581581248e+01
6.838100000000000000e+04,9.523337458043620529e+00,5.590530956354959358e+01
6.838200000000000000e+04,9.040974446136981868e+00,5.600648701593659951e+01
6.838300000000000000e+04,8.650616796218905336e+00,5.611809122245900028e+01
6.838400000000000000e+04,3.634348790987037603e+01,6.675165263432114671e+01
6.838500000000000000e+04,7.847913895812408391e+00,5.226393336617519481e+01
6.838600000000000000e+04,3.810093552595748889e+01,6.718764710230979631e+01
6.838700000000000000e+04,9.844927760108870274e+00,4.878085936212699636e+01
6.838800000000000000e+04,3.934580181780307218e+00,5.039337237784064172e+01
6.838900000000000000e+04,2.417524572031831465e+00,5.246882535284238713e+01
6.839000000000000000e+04,5.361943749152857208e+00,4.981480430763139111e+01
6.839100000000000000e+04,7.907319659592382699e+00,4.743506531581421370e+01
6.839200000000000000e+04,7.426170261118429039e+00,4.749720759755355459e+01
6.839300000000000000e+04,9.597473596535943230e+00,4.554362567927343974e+01
6.839400000000000000e+04,1.158340682047433390e+01,4.609196694665164529e+01
6.839500000000000000e+04,1.261462208361428594e+01,4.627433368471067610e+01
6.839600000000000000e+04,1.460073495248860276e+01,4.674971950806988019e+01
6.839700000000000000e+04,1.701910976108023377e+01,4.538690111485248480e+01
6.839800000000000000e+04,1.925467845397806599e+01,4.570935323342090584e+01
6.839900000000000000e+04,1.932262377283807808e+01,4.576356736610338771e+01
6.840000000000000000e+04,2.097135570982849373e+01,4.595667210784289836e+01
6.840100000000000000e+04,1.916098020838765237e+01,4.369730289782439314e+01
6.840200000000000000e+04,1.647884283806410721e+01,3.999830096148401992e+01
6.840300000000000000e+04,1.239554552586298719e+01,3.444231218936588590e+01
6.840400000000000000e+04,1.073244889448688255e+01,3.089607483294029677e+01
6.840500000000000000e+04,9.228653654077399793e+00,2.771393879474614863e+01
6.840600000000000000e+04,8.172740195100534066e+00,2.543720598131364241e+01
6.840700000000000000e+04,7.024408281574574531e+00,2.332857905355730921e+01
6.840800000000000000e+04,5.423977768049798698e+00,2.148762170422329731e+01
6.840900000000000000e+04,5.031653601036591539e+00,2.016173990582989362e+01
6.841000000000000000e+04,4.480716241290389590e+00,2.005531242600469000e+01
6.841100000000000000e+04,4.160406267307158679e+00,1.940607343030558951e+01
6.841200000000000000e+04,4.229980623703402998e+00,1.891474894221675029e+01
6.841300000000000000e+04,4.406114763446707272e+00,1.830863560417709124e+01
6.841400000000000000e+04,4.470755051798091628e+00,1.729826648446838533e+01
6.841500000000000000e+04,4.580909793425997023e+00,1.735101285142639327e+01
6.841600000000000000e+04,3.990307780031661977e+00,1.741557094278205753e+01
6.841700000000000000e+04,3.074888935718819827e+00,1.589939177882929755e+01
6.841800000000000000e+04,2.614205602399941153e+00,1.446596930930440195e+01
6.841900000000000000e+04,1.083144990596670354e+01,1.620051444278445629e+01
6.842000000000000000e+04,1.019072441816482133e+01,1.476680077720323681e+01
6.842100000000000000e+04,1.989934756016459616e+01,1.604212879265817548e+01
6.842200000000000000e+04,2.769298424638388312e+01,1.734140395772249121e+01
6.842300000000000000e+04,2.732604693088720893e+01,1.707362876778156036e+01
6.842400000000000000e+04,2.679953260802240678e+01,1.679026527647535261e+01
6.842500000000000000e+04,2.627981925257521567e+01,1.676422514037415468e+01
6.842600000000000000e+04,2.633130499680107306e+01,1.661849917510834374e+01
6.842700000000000000e+04,2.685778100921417177e+01,1.644924388070438326e+01
6.842800000000000000e+04,2.828247733099933114e+01,1.670818118549255615e+01
6.842900000000000000e+04,2.912768812592583956e+01,1.687279559913433502e+01
6.843000000000000000e+04,2.594691281882720801e+01,1.634910346202951459e+01
6.843100000000000000e+04,2.508646742382752493e+01,1.643550227645700090e+01
6.843200000000000000e+04,2.149161087701619621e+01,1.607924843149698191e+01
6.843300000000000000e+04,2.012016461139574375e+01,1.513611095581125454e+01
6.843400000000000000e+04,2.027827318881698559e+01,1.484684792875499681e+01
6.843500000000000000e+04,1.686508190804878282e+01,1.417198003517167493e+01
6.843600000000000000e+04,1.590659667004354461e+01,1.428210784318797621e+01
6.843700000000000000e+04,1.517323665190390791e+01,1.394523569843823907e+01
6.843800000000000000e+04,1.431702619366500961e+01,1.385093308605927831e+01
6.843900000000000000e+04,1.317951789040740707e+01,1.356876322411052627e+01
6.844000000000000000e+04,1.268635544115930180e+01,1.362475489323268718e+01
6.844100000000000000e+04,1.180523331694547196e+01,1.350479020760561610e+01
6.844200000000000000e+04,1.216045023435715144e+01,1.313621051712556920e+01
6.844300000000000000e+04,8.717580964983408620e+00,1.223958845907613124e+01
6.844400000000000000e+04,7.543093352001416285e+00,1.185752718756493351e+01
6.844500000000000000e+04,1.635838796819388152e+00,4.374890640864450120e+00
6.844600000000000000e+04,5.359689737527332021e+00,3.364331907888725937e+00
6.844700000000000000e+04,7.373030941969899388e+00,8.523430305561724651e+00
6.844800000000000000e+04,1.387824535043467478e+01,2.037025900562847625e+01
6.844900000000000000e+04,1.342591979619350084e+01,2.067918494852955646e+01
6.845000000000000000e+04,1.328808588722709594e+01,1.311189618525408562e+01
6.845100000000000000e+04,1.459987760861322315e+01,1.351944888505398978e+01
6.845200000000000000e+04,1.483282122196675168e+01,1.337415761979792350e+01
6.845300000000000000e+04,2.852219992155871964e+01,1.759971388851773000e+01
6.845400000000000000e+04,3.161454775545593776e+01,1.989833695597623731e+01
6.845500000000000000e+04,3.394526601534381172e+01,2.220146926722769010e+01
6.845600000000000000e+04,3.579320361087268054e+01,2.294615750563626833e+01
6.845700000000000000e+04,3.807374774810038076e+01,2.494260332347248621e+01
6.845800000000000000e+04,1.612993303069463735e+01,1.792208006546666610e+01
6.845900000000000000e+04,1.437524722225351681e+01,1.807377948562474756e+01
6.846000000000000000e+04,1.443859555165160380e+01,2.093578186712192135e+01
6.846100000000000000e+04,1.282296877280292335e+01,1.427237035615749505e+01
6.846200000000000000e+04,1.268469262638188511e+01,1.859314796357631394e+01
6.846300000000000000e+04,1.543623453353795583e+01,3.059872529152792708e+01
6.846400000000000000e+04,1.510842979036173439e+01,3.000835129275103697e+01
6.846500000000000000e+04,1.756264071407959193e+01,3.355758434079682218e+01
6.846600000000000000e+04,1.418455157107624309e+01,2.947778846943522879e+01
6.846700000000000000e+04,1.514333954839831087e+01,2.992918396985694329e+01
6.846800000000000000e+04,1.669952563716269722e+01,2.076350189370233679e+01
6.846900000000000000e+04,1.630581509443482702e+01,1.897807728494976587e+01
6.847000000000000000e+04,1.680797214316637067e+01,2.834696810823367485e+01
6.847100000000000000e+04,1.626927441200766111e+01,2.825107834760962788e+01
6.847200000000000000e+04,1.599955307899136514e+01,2.721243681533906056e+01
6.847300000000000000e+04,1.672941394441365048e+01,2.951818375380231885e+01
6.847400000000000000e+04,1.718780052224829547e+01,2.743817842185013589e+01
6.847500000000000000e+04,1.691808732993061071e+01,2.198180258108943619e+01
6.847600000000000000e+04,1.656439621767563608e+01,3.040046928455778641e+01
6.847700000000000000e+04,1.758975569821086893e+01,3.314074865959186411e+01
6.847800000000000000e+04,1.787778651369813687e+01,3.489801266396288071e+01
6.847900000000000000e+04,1.891943987073163669e+01,3.614644902302374163e+01
6.848000000000000000e+04,1.993374839878309146e+01,3.713289423571858805e+01
6.848100000000000000e+04,2.043287491612015216e+01,3.718437466538770053e+01
6.848200000000000000e+04,2.180056170370895074e+01,3.681887940328047648e+01
6.848300000000000000e+04,1.326311179708109833e+01,2.790461730892577918e+01
6.848400000000000000e+04,1.208379619540249372e+01,2.587437346819143968e+01
6.848500000000000000e+04,2.386053185501301499e+01,3.448511866719965724e+01
6.848600000000000000e+04,2.308285625709004307e+01,3.310257588731757750e+01
6.848700000000000000e+04,2.343065659640449283e+01,2.918907843613436626e+01
6.848800000000000000e+04,2.013648496714504432e+01,1.597058974072558968e+01
6.848900000000000000e+04,1.917432265075466802e+01,1.558524130390579643e+01
6.849000000000000000e+04,2.049039706537255157e+01,1.682831335540180362e+01
6.849100000000000000e+04,2.252645676856726098e+01,1.932265753257743768e+01
6.849200000000000000e+04,2.235550692997697908e+01,1.996698186569024713e+01
6.849300000000000000e+04,1.425310314666620926e+01,1.784319256743206239e+01
6.849400000000000000e+04,1.518150504333001827e+01,2.015541611918545684e+01
6.849500000000000000e+04,1.738867323195943371e+01,2.086182498995882639e+01
6.849600000000000000e+04,1.534167031765811551e+01,1.775464821526392356e+01
6.849700000000000000e+04,1.586848415490459629e+01,1.854552569546857654e+01
6.849800000000000000e+04,1.844933535500843291e+01,3.519676850681410940e+01
6.849900000000000000e+04,1.538734584650270243e+01,3.648392061982710288e+01
6.850000000000000000e+04,3.825103294584846658e+00,1.105937335008413669e+01
6.850100000000000000e+04,1.464230135326041449e+01,2.915498815402005661e+01
6.850200000000000000e+04,1.636037195402164457e+01,3.232455754913220147e+01
6.850300000000000000e+04,1.725395975716003605e+01,3.198528017053190098e+01
6.850400000000000000e+04,1.789152069511205667e+01,3.182412084673198649e+01
6.850500000000000000e+04,1.794878711425348072e+01,3.092171516385706553e+01
6.850600000000000000e+04,1.900578832309289723e+01,3.576906833725699641e+01
6.850700000000000000e+04,1.869528811431063531e+01,3.488562809219014582e+01
6.850800000000000000e+04,1.863910867670926308e+01,3.268479131399085702e+01
6.850900000000000000e+04,1.841397994139488148e+01,3.198122352776645272e+01
6.851000000000000000e+04,1.779267573881041642e+01,2.950388389553437207e+01
6.851100000000000000e+04,1.581630852170293089e+01,2.831360662630909886e+01
6.851200000000000000e+04,1.667755966213823271e+01,3.064689724222914435e+01
6.851300000000000000e+04,1.663301989325914221e+01,3.108659551023762901e+01
6.851400000000000000e+04,1.610868411780363729e+01,3.013557962153830161e+01
6.851500000000000000e+04,nan,nan
6.851600000000000000e+04,nan,nan
6.851700000000000000e+04,nan,nan
6.851800000000000000e+04,nan,nan
6.851900000000000000e+04,nan,nan
6.852000000000000000e+04,nan,nan
6.852100000000000000e+04,nan,nan
6.852200000000000000e+04,nan,nan
6.852300000000000000e+04,nan,nan
6.852400000000000000e+04,nan,nan
6.852500000000000000e+04,nan,nan
6.852600000000000000e+04,nan,nan
6.852700000000000000e+04,nan,nan
6.852800000000000000e+04,nan,nan
6.852900000000000000e+04,nan,nan
6.853000000000000000e+04,nan,nan
6.853100000000000000e+04,nan,nan
6.853200000000000000e+04,nan,nan
6.853300000000000000e+04,nan,nan
6.853400000000000000e+04,nan,nan
6.853500000000000000e+04,3.157136689006321362e+01,2.973705026876103830e+00
6.853600000000000000e+04,1.785386222650778842e+00,3.467881527467675085e+00
6.853700000000000000e+04,1.919713593896497983e+00,3.662243716530745985e+00
6.853800000000000000e+04,1.656807199618438586e+00,3.646634893475678041e+00
6.853900000000000000e+04,1.493326458945191781e+00,3.583940597565913322e+00
6.854000000000000000e+04,1.412025842923241514e+00,3.552211999650523921e+00
6.854100000000000000e+04,1.212986326750708388e+00,3.728726994944075557e+00
6.854200000000000000e+04,1.201324738343837684e+00,3.790310727191048557e+00
6.854300000000000000e+04,1.089617712051920373e+00,3.743119633033771265e+00
6.854400000000000000e+04,1.489252758187864734e+00,1.455153941490202385e+00
6.854500000000000000e+04,1.187524295046539002e+00,1.993708003481593494e+00
6.854600000000000000e+04,1.051089627443904551e+00,2.448081179245207295e+00
6.854700000000000000e+04,9.442982097209874359e-01,2.804124400280556983e+00
6.854800000000000000e+04,1.246763242701403929e+00,1.605881445091178250e+00
6.854900000000000000e+04,1.757410082008237895e+00,5.993438310168528460e-01
6.855000000000000000e+04,1.618703400280505189e+00,7.770569895691963325e-01
6.855100000000000000e+04,1.365048903197810803e+00,1.215997189281885937e+00
6.855200000000000000e+04,1.040184199612962601e+00,1.533112153247110143e+00
6.855300000000000000e+04,9.668469491343922861e-01,1.647137780325302003e+00
6.855400000000000000e+04,9.550856576260183806e-01,2.202693261331518215e+00
6.855500000000000000e+04,9.894256781945964807e-01,2.528783219378652802e+00
6.855600000000000000e+04,1.009471712816030431e+00,2.744236382336566749e+00
6.855700000000000000e+04,7.151198445418947003e-01,2.092071786996243077e+00
6.855800000000000000e+04,1.223635962750645012e+00,2.971895077526738760e+00
6.855900000000000000e+04,1.161106988492086600e+00,3.091476693693827826e+00
6.856000000000000000e+04,1.213891870781108162e+00,3.112624873862294805e+00
6.856100000000000000e+04,1.201149475855446180e+00,3.172441366314295408e+00
6.856200000000000000e+04,1.229140816251199420e+00,3.285259164537094989e+00
6.856300000000000000e+04,1.277698083892747194e+00,3.406981808362452568e+00
6.856400000000000000e+04,1.322498636046852249e+00,3.508771577598331248e+00
6.856500000000000000e+04,1.337341606195357135e+00,3.554586026370621710e+00
6.856600000000000000e+04,1.334493380198303436e+00,3.570343841977290822e+00
6.856700000000000000e+04,1.312177592996994102e+00,3.583525116118927656e+00
6.856800000000000000e+04,1.302863864552024520e+00,3.588041534828171564e+00
6.856900000000000000e+04,1.351082803071066651e+00,3.626630226409531588e+00
6.857000000000000000e+04,1.207154902807149988e+00,3.475016965442144112e+00
6.857100000000000000e+04,1.285695244352788924e+00,3.397647246011509026e+00
6.857200000000000000e+04,1.571274759516004371e+00,3.322299446873536510e+00
6.857300000000000000e+04,1.369372900332284537e+00,2.863353376314243803e+00
6.857400000000000000e+04,1.520553506659977794e+00,2.990152059931979522e+00
6.857500000000000000e+04,1.196581030185307259e+00,2.123451930263442478e+00
6.857600000000000000e+04,1.142871642031450197e+00,6.798614391527024736e-01
6.857700000000000000e+04,1.436415515690600220e+00,6.191349083401078701e-01
6.857800000000000000e+04,1.423187147997392765e+00,1.038314083905689245e+00
6.857900000000000000e+04,1.255957415378041064e+00,1.153485684239413445e+00
6.858000000000000000e+04,1.878973944915676819e+00,8.409365185215307292e-01
6.858100000000000000e+04,3.353491217633626231e+00,1.207981223579544405e+00
6.858200000000000000e+04,3.791205206528720506e+00,1.609583865582081330e+00
6.858300000000000000e+04,3.224768629450551316e+00,1.475440427488955208e+00
6.858400000000000000e+04,3.227165513573158506e+00,1.526675886883396061e+00
6.858500000000000000e+04,3.311290035019674782e+00,1.647585055394152675e+00
6.858600000000000000e+04,3.114019861873836614e+00,1.554321703949838707e+00
6.858700000000000000e+04,2.060760117762705956e+00,7.412424184091008783e-01
6.858800000000000000e+04,1.640283388060955083e+00,5.530350484084252116e-01
6.858900000000000000e+04,1.503033806990244692e+00,2.549847555583824033e-01
6.859000000000000000e+04,1.089598382047366920e+00,4.371647616143263804e-01
6.859100000000000000e+04,1.022161249823221540e+00,1.090033478462665073e+00
6.859200000000000000e+04,9.834071926170561140e-01,1.174039818789673006e+00
6.859300000000000000e+04,8.423748749317503393e-01,1.159646991023215890e+00
6.859400000000000000e+04,8.333129432377978096e-01,1.722301048881043073e+00
6.859500000000000000e+04,8.158106800151017080e-01,2.076657234220370185e+00
6.859600000000000000e+04,7.461174325441699562e-01,2.251735929132031799e+00
6.859700000000000000e+04,8.173315315915622437e-01,2.582146949717468942e+00
6.859800000000000000e+04,8.165034679336772294e-01,2.749541893423646854e+00
6.859900000000000000e+04,7.731156552931224279e-01,2.872539642249137160e+00
6.860000000000000000e+04,7.163532323307865157e-01,2.967372369738718874e+00
6.860100000000000000e+04,8.586535289981841457e-01,3.038590556063986980e+00
6.860200000000000000e+04,9.541643381028420690e-01,3.396141983138122100e+00
6.860300000000000000e+04,8.593721729662313624e-01,3.719784266093668634e+00
6.860400000000000000e+04,7.637148440968817287e-01,3.774714028298419066e+00
6.860500000000000000e+04,6.968983569963691505e-01,3.639362865729651730e+00
6.860600000000000000e+04,6.996060414588097798e-01,3.660344773564304433e+00
6.860700000000000000e+04,6.553649961412553182e-01,3.723801226338487425e+00
6.860800000000000000e+04,1.070049236309120522e+00,3.041111845398667413e+00
6.860900000000000000e+04,8.033072052928991180e-01,3.623778854764516666e+00
6.861000000000000000e+04,8.857578384389586112e-01,3.741878471824733765e+00
6.861100000000000000e+04,7.301762172213847046e-01,3.819035008655411900e+00
6.861200000000000000e+04,7.917649392117481755e-01,3.714210442738107076e+00
6.861300000000000000e+04,6.883235618681575740e-01,3.477456605897408792e+00
6.861400000000000000e+04,5.377470436897884287e-01,3.623864967151810390e+00
6.861500000000000000e+04,5.564610800008041869e-01,3.502602137313871822e+00
6.861600000000000000e+04,5.204236338581562649e-01,3.522274246576529322e+00
6.861700000000000000e+04,4.572629801322479204e-01,3.571375336148705060e+00
6.861800000000000000e+04,4.475941417586688509e-01,3.614193395483106030e+00
6.861900000000000000e+04,3.856628597545450621e-01,3.627551847464950185e+00
6.862000000000000000e+04,1.661239318978950663e-01,3.625041093850235541e+00
6.862100000000000000e+04,2.872155078743430234e-01,3.664710263464563411e+00
6.862200000000000000e+04,9.112177141583163720e-02,3.658797806860874857e+00
6.862300000000000000e+04,8.361983402214534511e-02,3.678007113186268384e+00
6.862400000000000000e+04,7.556447629628693097e-02,3.671296525897815854e+00
6.862500000000000000e+04,1.021758792518998038e-01,3.649899340525529112e+00
6.862600000000000000e+04,6.273695435178656965e-02,3.644547422890028088e+00
6.862700000000000000e+04,4.193958845081337539e-01,3.686273758650258969e+00
6.862800000000000000e+04,5.755779409791706991e-01,3.634212890674000107e+00
6.862900000000000000e+04,6.238987766727746020e-01,3.577654426316399849e+00
6.863000000000000000e+04,6.610775242918255357e-01,3.651208382808832198e+00
6.863100000000000000e+04,7.183646597333099848e-01,3.689435861831185548e+00
6.863200000000000000e+04,6.114308288967588156e-01,3.913614940972472311e+00
6.863300000000000000e+04,6.772155845316089051e-01,3.808993271911326417e+00
6.863400000000000000e+04,9.270281211607889205e-01,3.437516203318494945e+00
6.863500000000000000e+04,9.407346411581527512e-01,3.493994985192152569e+00
6.863600000000000000e+04,1.404310661147933459e+00,3.442022976076927421e+00
6.863700000000000000e+04,9.451673761211946134e-01,3.048250410514242503e+00
6.863800000000000000e+04,2.660189336080012179e+00,2.180275798258662689e+00
6.863900000000000000e+04,1.317881379723782054e+00,3.579508066878709371e+00
6.864000000000000000e+04,1.821688916502261169e+00,3.770457517770537947e+00
6.864100000000000000e+04,1.738406363381984621e+00,3.816033361816906222e+00
6.864200000000000000e+04,6.652874335078380774e+00,1.489336510505388844e+00
6.864300000000000000e+04,5.593165424634464422e+00,7.026930688537191827e-01
6.864400000000000000e+04,7.126250194776451607e+00,2.589093722481692339e+00
6.864500000000000000e+04,6.197205140988536698e+00,1.107721145396631357e+00
6.864600000000000000e+04,3.850111657861606584e+00,8.680943788427413210e-01
6.864700000000000000e+04,3.335432825762696840e+00,4.526976980125922978e-01
6.864800000000000000e+04,2.981707303485084282e+00,3.629537016138826289e-01
6.864900000000000000e+04,2.732241463059542852e+00,4.714098074621375645e-01
6.865000000000000000e+04,1.186517463982206477e+00,4.503176956980681211e-01
6.865100000000000000e+04,8.917777425722627216e-01,5.908993684061698559e-01
6.865200000000000000e+04,9.539994298923681892e-01,6.927560909873591299e-01
6.865300000000000000e+04,1.659647688178967018e+00,4.366227571957779219e-01
6.865400000000000000e+04,2.297958903348629178e+00,4.656893818204892455e-01
6.865500000000000000e+04,2.709414706002970519e+00,4.176920204985918872e-01
6.865600000000000000e+04,3.145051352989292504e+00,4.897921220017096289e-01
6.865700000000000000e+04,3.523694693187167104e+00,6.135561302940573114e-01
6.865800000000000000e+04,3.880095919318454101e+00,8.743943446286124299e-01
6.865900000000000000e+04,1.357154679313824097e+01,3.111856550590891857e+01
6.866000000000000000e+04,1.419749157315827404e+01,3.207000636200827159e+01
6.866100000000000000e+04,1.606175063329556352e+01,2.389774191948873394e+01
6.866200000000000000e+04,1.703988613579240763e+01,2.160583949295222084e+01
6.866300000000000000e+04,1.607483885036168658e+01,2.369208822281857607e+01
6.866400000000000000e+04,nan,nan
6.866500000000000000e+04,nan,nan
6.866600000000000000e+04,nan,nan
6.866700000000000000e+04,nan,nan
6.866800000000000000e+04,nan,nan
6.866900000000000000e+04,nan,nan
6.867000000000000000e+04,nan,nan
6.867100000000000000e+04,nan,nan
6.867200000000000000e+04,nan,nan
6.867300000000000000e+04,nan,nan
6.867400000000000000e+04,nan,nan
6.867500000000000000e+04,nan,nan
6.867600000000000000e+04,nan,nan
6.867700000000000000e+04,nan,nan
6.867800000000000000e+04,nan,nan
6.867900000000000000e+04,nan,nan
6.868000000000000000e+04,nan,nan
6.868100000000000000e+04,nan,nan
6.868200000000000000e+04,nan,nan
6.868300000000000000e+04,nan,nan
6.868400000000000000e+04,nan,nan
6.868500000000000000e+04,nan,nan
6.868600000000000000e+04,nan,nan
6.868700000000000000e+04,nan,nan
6.868800000000000000e+04,nan,nan
6.868900000000000000e+04,nan,nan
6.869000000000000000e+04,nan,nan
6.869100000000000000e+04,nan,nan
6.869200000000000000e+04,nan,nan
6.869300000000000000e+04,nan,nan
6.869400000000000000e+04,nan,nan
6.869500000000000000e+04,nan,nan
6.869600000000000000e+04,nan,nan
6.869700000000000000e+04,2.291910556248875075e+00,4.451732893691939807e-02
6.869800000000000000e+04,2.276531917867449906e+00,6.826378626595804633e+00
6.869900000000000000e+04,2.231812625972293684e+00,7.186733656624333832e+00
6.870000000000000000e+04,2.124493056551218562e+00,7.532144733399178449e+00
6.870100000000000000e+04,1.253828622889135991e+00,4.696566363631731633e+00
6.870200000000000000e+04,1.253436730099060537e+00,5.074073433395945187e+00
6.870300000000000000e+04,1.335668953243671186e+00,5.228448828236395229e+00
6.870400000000000000e+04,1.443995052109799726e+00,4.932060377949120777e+00
6.870500000000000000e+04,2.016762495455484583e+00,6.847720474105834398e+00
6.870600000000000000e+04,1.763140292066299297e+00,5.858097856090743960e+00
6.870700000000000000e+04,1.682332137555803575e+00,5.485209945642900209e+00
6.870800000000000000e+04,1.610349579627583738e+00,5.209573892737978440e+00
6.870900000000000000e+04,1.566366025078308688e+00,5.096024530491511939e+00
6.871000000000000000e+04,1.602965217672750020e+00,5.062973524059366071e+00
6.871100000000000000e+04,1.606425708339874969e+00,4.889650859381006853e+00
6.871200000000000000e+04,1.500922584814945893e+00,4.810352015501926815e+00
6.871300000000000000e+04,1.425713364558370833e+00,4.951648042410454309e+00
6.871400000000000000e+04,1.076845220474287323e+00,4.599452903283861360e+00
6.871500000000000000e+04,9.799063406086184758e-01,4.488956706907472949e+00
6.871600000000000000e+04,5.384896958572699122e-01,3.754141843860182348e+00
6.871700000000000000e+04,5.129239381337160619e-01,3.530818825018819496e+00
6.871800000000000000e+04,5.555880725670953035e-01,3.750278520397330340e+00
6.871900000000000000e+04,6.306710217889969217e-01,3.984012935518123300e+00
6.872000000000000000e+04,6.372679371192039310e-01,4.106265749207544502e+00
6.872100000000000000e+04,7.092539605819798698e-01,4.301503725482554330e+00
6.872200000000000000e+04,6.633880623956868172e-01,4.242391460002721715e+00
6.872300000000000000e+04,6.636373846928388387e-01,4.210727977875414751e+00
6.872400000000000000e+04,1.285621098462254031e+00,3.004121914905091728e+00
6.872500000000000000e+04,1.236489494527295063e+00,2.862334955669119552e+00
6.872600000000000000e+04,1.196993326973010641e+00,2.819114669563802522e+00
6.872700000000000000e+04,1.226618778283746769e+00,2.671464752102906459e+00
6.872800000000000000e+04,1.183510043946008450e+00,2.586168245436681445e+00
6.872900000000000000e+04,1.211235185651333701e+00,2.661982826906417188e+00
6.873000000000000000e+04,1.115377678457369237e+00,2.883604865936050032e+00
6.873100000000000000e+04,1.642610707642477574e-01,2.323037845355152342e+00
6.873200000000000000e+04,2.500113709531556205e-01,2.491499287839921806e+00
6.873300000000000000e+04,4.176570259086643810e-01,2.216225958470545265e+00
6.873400000000000000e+04,7.108423064099888000e-01,8.561174358574987764e-01
6.873500000000000000e+04,7.524546217182195296e-01,1.130047368610931358e+00
6.873600000000000000e+04,9.275863878397198059e-01,9.504677448778622306e-01
6.873700000000000000e+04,7.447853218217258542e-01,1.175061811275874391e+00
6.873800000000000000e+04,7.753233817172897613e-01,6.795429914664268267e-01
6.873900000000000000e+04,9.883287275813554817e-01,3.660782608693651241e-01
6.874000000000000000e+04,1.182788928374618243e+00,5.176356698166983961e-02
6.874100000000000000e+04,1.320412736979683865e+00,6.182150455860266902e-01
6.874200000000000000e+04,1.336091914974466555e+00,9.305208978801005060e-01
6.874300000000000000e+04,1.209251631071465161e+00,7.846312356854241443e-01
6.874400000000000000e+04,8.735452418846134659e-01,6.151675246726284740e-02
6.874500000000000000e+04,1.194453411497142792e+00,6.666648016321872205e-01
6.874600000000000000e+04,1.225763438279091622e+00,6.975163570262452595e-01
6.874700000000000000e+04,1.254007600688179291e+00,7.389288819379018491e-01
6.874800000000000000e+04,1.455802770291459325e+00,8.738682492556577586e-01
6.874900000000000000e+04,2.127218791002232212e+00,1.542085972404883876e+00
6.875000000000000000e+04,2.060297670321226793e+00,1.533667226772237768e+00
6.875100000000000000e+04,2.304653237464032500e+00,1.937495144190634733e+00
6.875200000000000000e+04,2.357760033730025295e+00,2.072213679410001674e+00
6.875300000000000000e+04,2.825313646941423062e+00,2.595129313051689479e+00
6.875400000000000000e+04,2.812391313180057306e+00,2.493876570498915868e+00
6.875500000000000000e+04,3.172026908824800095e+00,2.512332470525695527e+00
6.875600000000000000e+04,3.406756718529753147e+00,2.896244835687948438e+00
6.875700000000000000e+04,3.597806167405041666e+00,3.132172308873151678e+00
6.875800000000000000e+04,3.396346442540006283e+00,3.077121211657566136e+00
6.875900000000000000e+04,4.036065494754164540e+00,3.752810014011224382e+00
6.876000000000000000e+04,5.041928703136375312e+00,3.925802185534063682e+00
6.876100000000000000e+04,7.099407830850286594e+00,5.880796147563323473e+00
6.876200000000000000e+04,8.241530818127367652e+00,6.582770261396458267e+00
6.876300000000000000e+04,7.746878410821304684e+00,6.761645329296470663e+00
6.876400000000000000e+04,1.030818897416846269e+01,1.289955086104124860e+01
6.876500000000000000e+04,7.972829923542044561e+00,8.899797548747130804e+00
6.876600000000000000e+04,7.792201389827254410e+00,1.089774003810822478e+01
6.876700000000000000e+04,7.477394800604547420e+00,1.065694199083267080e+01
6.876800000000000000e+04,1.150220800307458902e+01,1.523958235295346952e+01
6.876900000000000000e+04,1.095485748061019393e+01,1.775565933326461732e+01
6.877000000000000000e+04,1.320198265575142926e+01,2.173193593948118263e+01
6.877100000000000000e+04,1.987130753071436473e+01,3.061275696401663637e+01
6.877200000000000000e+04,2.440778513435104813e+01,3.925194032731749871e+01
6.877300000000000000e+04,2.878049405562392948e+01,4.768442759685405008e+01
6.877400000000000000e+04,3.174367602955037881e+01,5.480568082628833793e+01
6.877500000000000000e+04,2.814417731257878330e+01,5.350083326779387960e+01
6.877600000000000000e+04,2.578283954579155335e+01,5.595813238201760953e+01
6.877700000000000000e+04,2.493370931173303973e+01,5.649414361655962580e+01
6.877800000000000000e+04,1.736825532812412476e+01,5.664439033047092664e+01
6.877900000000000000e+04,1.678361444887385900e+01,5.665959905444204026e+01
6.878000000000000000e+04,1.463840460345947392e+01,5.697166753706319042e+01
6.878100000000000000e+04,1.394046056831699687e+01,5.682465030203583467e+01
6.878200000000000000e+04,1.299157866117252702e+01,5.689051315483068549e+01
6.878300000000000000e+04,1.207241625725545120e+01,5.697935026705754069e+01
6.878400000000000000e+04,1.123059079391681792e+01,5.729009375696834638e+01
6.878500000000000000e+04,1.094378363251184894e+01,5.763985312196018640e+01
6.878600000000000000e+04,1.065670991248898858e+01,5.791428192580744394e+01
6.878700000000000000e+04,9.315063396579665422e+00,5.403034645931495561e+01
6.878800000000000000e+04,9.699123619714750788e+00,5.365781827737251319e+01
6.878900000000000000e+04,1.007959318174147079e+01,5.310729828084910054e+01
6.879000000000000000e+04,9.987405703029772042e+00,5.233213562392020890e+01
6.879100000000000000e+04,8.067032774649083748e+00,2.026010586707784000e+01
6.879200000000000000e+04,9.106115674237956981e+00,1.828507457344446152e+01
6.879300000000000000e+04,8.322175524124819646e+00,1.773850664313178171e+01
6.879400000000000000e+04,7.824332731629960236e+00,1.735916509595580237e+01
6.879500000000000000e+04,8.070967809453703623e+00,1.793834172251396097e+01
6.879600000000000000e+04,8.016856490243592148e+00,1.795711633825889564e+01
6.879700000000000000e+04,8.630378940015718925e+00,1.899387063986210222e+01
6.879800000000000000e+04,1.401697080517597271e+01,4.632413861003609412e+00
6.879900000000000000e+04,1.411961249320851586e+01,1.558514776213549702e+01
6.880000000000000000e+04,1.341650970594352721e+01,1.732637926511902648e+01
6.880100000000000000e+04,3.848403221154611753e+00,4.023685548326905348e+01
6.880200000000000000e+04,3.845380191819897320e+00,4.156846775409473338e+01
6.880300000000000000e+04,3.811143532230975683e+00,4.135481763809956846e+01
6.880400000000000000e+04,4.315763593124903430e+00,4.004554898226711401e+01
6.880500000000000000e+04,4.972584724586957883e+00,3.892062477096769157e+01
6.880600000000000000e+04,5.268879993623701630e+00,3.900380722510603704e+01
6.880700000000000000e+04,5.783478176307961682e+00,3.854145193934965619e+01
6.880800000000000000e+04,8.295295011222856729e+00,1.833217677891634168e+01
6.880900000000000000e+04,8.190319269107648736e+00,1.812215445026495075e+01
6.881000000000000000e+04,8.632387597632131815e+00,1.688467020434847399e+01
6.881100000000000000e+04,8.881419526486617144e+00,1.570044403422487811e+01
6.881200000000000000e+04,9.028868384241055978e+00,1.448230924650734863e+01
6.881300000000000000e+04,9.620138973102786650e+00,1.356678164565173894e+01
6.881400000000000000e+04,9.762719201060617635e+00,1.235554093351274929e+01
6.881500000000000000e+04,1.007350538422831931e+01,1.194627505342756280e+01
6.881600000000000000e+04,1.011430684659438128e+01,1.143374648355622369e+01
6.881700000000000000e+04,1.019749336169022058e+01,1.169537603539452775e+01
6.881800000000000000e+04,1.036455980747378725e+01,1.240032468073501626e+01
6.881900000000000000e+04,6.298724175953847926e+00,2.109839924919653242e+01
6.882000000000000000e+04,5.831262350079872370e+00,2.147072211118719665e+01
6.882100000000000000e+04,5.723361571082979715e+00,2.246571893610188297e+01
6.882200000000000000e+04,9.197802911509814550e+00,1.407966782669453565e+01
6.882300000000000000e+04,8.766892799279037973e+00,1.394653967838297959e+01
6.882400000000000000e+04,8.153298501731160997e+00,1.383916491779649860e+01
6.882500000000000000e+04,7.646062030605112803e+00,1.429777827774415222e+01
6.882600000000000000e+04,7.622434368771394020e+00,1.277411314498590045e+01
6.882700000000000000e+04,3.074011540613078797e+00,1.213491432040726892e+01
6.882800000000000000e+04,nan,nan
6.882900000000000000e+04,1.672271222860489814e+01,1.626674251838764462e+01
6.883000000000000000e+04,2.452093808668294628e+01,6.345289470944276644e+00
6.883100000000000000e+04,3.328443546885737447e+01,4.316263055275289418e+00
6.883200000000000000e+04,4.316437431319551621e+01,2.481256481932469171e+00
6.883300000000000000e+04,5.300494331512062729e+01,8.383800782535217877e-01
6.883400000000000000e+04,6.357165834095134471e+01,8.129996464329494188e-01
6.883500000000000000e+04,7.518098848893130537e+01,2.920538966402634884e+00
6.883600000000000000e+04,8.640143737139442237e+01,5.159510090987254216e+00
6.883700000000000000e+04,9.791715576177119829e+01,7.383869216073300379e+00
6.883800000000000000e+04,1.078976729610037637e+02,9.717928934568163868e+00
6.883900000000000000e+04,1.185806039232222560e+02,1.213717917417314140e+01
6.884000000000000000e+04,1.274401145995972655e+02,1.478370788739862363e+01
6.884100000000000000e+04,1.366993843760151321e+02,1.825305803330021348e+01
6.884200000000000000e+04,1.486690854328508067e+02,2.219978997396300002e+01
6.884300000000000000e+04,1.608915454856796998e+02,2.641656448810903157e+01
6.884400000000000000e+04,1.733300042764876139e+02,3.183080875421805800e+01
6.884500000000000000e+04,1.860782540240811045e+02,3.721326115860594541e+01
6.884600000000000000e+04,1.972149725678417838e+02,4.217340619056403739e+01
6.884700000000000000e+04,3.360146090583019429e+01,4.803362922038319027e+01
6.884800000000000000e+04,2.231528493817853231e+01,6.884032343195026726e+01
6.884900000000000000e+04,2.053990657276945697e+01,9.247338800301503170e+01
6.885000000000000000e+04,1.905378563593892238e+01,8.402898337725800104e+01
6.885100000000000000e+04,2.129473883811458279e+01,1.043248000749324831e+02
6.885200000000000000e+04,2.313605736425229864e+01,1.258326394197606248e+02
6.885300000000000000e+04,2.519497070339614808e+01,1.431762688179941847e+02
6.885400000000000000e+04,2.748700624064896303e+01,1.622291693146209468e+02
6.885500000000000000e+04,2.801707423163746569e+01,1.703192396548576824e+02
6.885600000000000000e+04,2.779187320841822029e+01,1.786173019116406238e+02
6.885700000000000000e+04,2.784142082693448117e+01,1.849022080925790874e+02
6.885800000000000000e+04,2.542166334520600657e+01,1.683543868597657820e+02
6.885900000000000000e+04,2.452088892389729935e+01,1.566855529345648961e+02
6.886000000000000000e+04,2.442414228346190086e+01,1.615513117317208298e+02
6.886100000000000000e+04,2.327673731149126723e+01,1.484862239871270617e+02
6.886200000000000000e+04,1.729682616358580916e+01,1.131204518999480229e+02
6.886300000000000000e+04,1.365217931015681607e+01,8.748790003203937715e+01
6.886400000000000000e+04,1.090340440784986775e+01,6.853000488778471322e+01
6.886500000000000000e+04,9.126809481550631986e+00,5.178834205194935691e+01
6.886600000000000000e+04,7.357923673778081763e+00,4.166821881376984038e+01
6.886700000000000000e+04,4.502353700374344569e+00,3.383510448307615803e+01
6.886800000000000000e+04,4.108113165642024889e+00,3.140171093151647241e+01
6.886900000000000000e+04,4.600953390538657928e+00,2.622652300840751849e+01
6.887000000000000000e+04,3.204694686460300090e+00,2.371265239970715299e+01
6.887100000000000000e+04,3.689027748217826197e+00,2.057293453677174710e+01
6.887200000000000000e+04,3.653937568317269680e+00,1.968578991768386288e+01
6.887300000000000000e+04,3.772016677675020357e+00,1.923978672696601322e+01
6.887400000000000000e+04,3.775302238536575761e+00,1.671746365286781355e+01
6.887500000000000000e+04,3.924458266058312716e+00,1.733792340560192713e+01
6.887600000000000000e+04,3.652844416689795093e+00,1.463624479045416038e+01
6.887700000000000000e+04,3.322275556281268916e+00,1.307139497990126387e+01
6.887800000000000000e+04,nan,nan
6.887900000000000000e+04,nan,nan
6.888000000000000000e+04,1.040306618764243396e+01,4.831267688203471522e+00
6.888100000000000000e+04,2.763361672639705091e+01,5.973589618727148221e+00
6.888200000000000000e+04,3.492642841292865796e+01,5.838861839540546939e+00
6.888300000000000000e+04,4.706819064411508435e+01,7.369781160164231792e+00
6.888400000000000000e+04,6.152596345648327514e+01,9.553876547464613012e+00
6.888500000000000000e+04,7.570809850116282291e+01,1.191023014870624941e+01
6.888600000000000000e+04,8.867899015732945145e+01,1.416683813012084592e+01
6.888700000000000000e+04,9.992727263975341145e+01,1.588842850988097766e+01
6.888800000000000000e+04,1.065467710850605698e+02,1.640958168464462474e+01
6.888900000000000000e+04,1.145011113609448614e+02,1.732412478566283554e+01
6.889000000000000000e+04,1.243003300060943985e+02,1.843953317666666081e+01
6.889100000000000000e+04,1.333159867035737989e+02,1.946967976048997429e+01
6.889200000000000000e+04,1.416479822131879587e+02,2.066093808350692740e+01
6.889300000000000000e+04,1.487320527914717729e+02,2.200782433981907005e+01
6.889400000000000000e+04,1.545571141031159357e+02,2.327101529239690691e+01
6.889500000000000000e+04,1.587296531753438842e+02,2.400195367876730046e+01
6.889600000000000000e+04,1.618344512694604020e+02,2.427338573095552121e+01
6.889700000000000000e+04,6.408205461008560633e+03,2.289119272655917448e+05
6.889800000000000000e+04,nan,nan
6.889900000000000000e+04,nan,nan
6.890000000000000000e+04,nan,nan
6.890100000000000000e+04,nan,nan
6.890200000000000000e+04,nan,nan
6.890300000000000000e+04,nan,nan
6.890400000000000000e+04,nan,nan
6.890500000000000000e+04,nan,nan
6.890600000000000000e+04,nan,nan
6.890700000000000000e+04,nan,nan
6.890800000000000000e+04,nan,nan
6.890900000000000000e+04,nan,nan
6.891000000000000000e+04,nan,nan
6.891100000000000000e+04,nan,nan
6.891200000000000000e+04,nan,nan
6.891300000000000000e+04,nan,nan
6.891400000000000000e+04,nan,nan
6.891500000000000000e+04,nan,nan
6.891600000000000000e+04,nan,nan
6.891700000000000000e+04,nan,nan
6.891800000000000000e+04,1.142596334940598535e+00,3.262463736551765692e+00
6.891900000000000000e+04,1.057863578742420874e+00,3.594797826595545587e+00
6.892000000000000000e+04,1.005546984781070963e+00,2.869147248595417921e+00
6.892100000000000000e+04,9.718576561646248280e-01,2.128972057654010541e+00
6.892200000000000000e+04,9.506097939420703469e-01,1.448074434572351521e+00
6.892300000000000000e+04,9.158824691383955496e-01,8.971159395597823050e-01
6.892400000000000000e+04,8.840646291414639979e-01,4.914975619898243053e-01
6.892500000000000000e+04,8.819556277121154420e-01,1.980791692837620133e-01
6.892600000000000000e+04,9.303065915308530442e-01,4.321028721446751319e-02
6.892700000000000000e+04,9.235940489748833970e-01,5.392047490702367440e-02
6.892800000000000000e+04,8.783265556821363562e-01,9.110023578963541979e-01
6.892900000000000000e+04,9.541641903869484409e-01,7.237026014597240930e-01
6.893000000000000000e+04,9.834622096729292995e-01,5.026858653640609020e-01
6.893100000000000000e+04,1.026149390790807470e+00,3.127942901925848673e-01
6.893200000000000000e+04,1.024544918205608779e+00,1.991736304412086156e-01
6.893300000000000000e+04,1.003276753575649494e+00,4.208623569558511690e-02
6.893400000000000000e+04,8.691197033701583141e-01,1.196956306893426358e-01
6.893500000000000000e+04,8.606853863762596868e-01,3.946815243813261986e-02
6.893600000000000000e+04,7.914279131699429870e-01,1.345685000631391404e-02
6.893700000000000000e+04,8.262242059970037467e-01,1.972383222131810498e-01
6.893800000000000000e+04,8.325888676782750020e-01,3.706103899780615052e-01
6.893900000000000000e+04,8.289879695464791309e-01,8.734355661301407281e-02
6.894000000000000000e+04,7.837220700312569344e-01,1.943630839874899152e-01
6.894100000000000000e+04,8.187273788217726000e-01,3.402738611524753765e-01
6.894200000000000000e+04,8.820093023399381282e-01,9.865175322119057455e-03
6.894300000000000000e+04,9.249426065341390668e-01,3.534073008901117419e-02
6.894400000000000000e+04,9.285728766469415474e-01,1.251016735548233783e-01
6.894500000000000000e+04,9.309747512397850144e-01,1.835862650964301679e-01
6.894600000000000000e+04,9.129960712134372880e-01,2.620031884200244576e-01
6.894700000000000000e+04,8.921514064911093556e-01,3.407014616843824228e-01
6.894800000000000000e+04,8.563201812466041396e-01,3.869037018383423288e-01
6.894900000000000000e+04,8.315850556201104249e-01,3.904277815248704542e-01
6.895000000000000000e+04,8.200674993090502074e-01,3.794355500331434428e-01
6.895100000000000000e+04,8.127125247029353128e-01,3.490666946683305127e-01
6.895200000000000000e+04,8.166830357915234595e-01,3.089028710892236518e-01
6.895300000000000000e+04,8.193577871002837298e-01,2.908119297420554972e-01
6.895400000000000000e+04,7.988436351465221241e-01,3.330874882535681536e-01
6.895500000000000000e+04,8.034527293467651488e-01,2.952209976979531802e-01
6.895600000000000000e+04,7.983142230854920474e-01,3.135338548074315668e-01
6.895700000000000000e+04,8.180225446763754737e-01,2.201424407079954904e-01
6.895800000000000000e+04,8.348519318193086125e-01,1.652692945811153891e-01
6.895900000000000000e+04,8.416469641754087405e-01,1.375187437464902018e-01
6.896000000000000000e+04,8.096333639946599048e-01,1.761952806925322079e-01
6.896100000000000000e+04,8.146903453054540334e-01,1.612457188252420792e-01
6.896200000000000000e+04,8.138660313794114920e-01,2.019824550997739721e-01
6.896300000000000000e+04,8.122635449982484879e-01,2.134959840646288853e-01
6.896400000000000000e+04,8.116924939252870841e-01,2.572748843700196630e-01
6.896500000000000000e+04,8.264492333061683738e-01,2.785085489275047621e-01
6.896600000000000000e+04,8.405062291778699901e-01,2.894238134933075912e-01
6.896700000000000000e+04,8.636080003971642327e-01,2.796372162579814358e-01
6.896800000000000000e+04,9.151871037664068842e-01,2.325554274909507058e-01
6.896900000000000000e+04,1.052453550660015447e+00,1.625793469934393443e-01
6.897000000000000000e+04,8.587977122181937872e-01,1.719525558134051835e-01
6.897100000000000000e+04,8.779083706537342824e-01,1.361249513434898972e-01
6.897200000000000000e+04,8.842514654252630057e-01,9.779492642871190355e-02
6.897300000000000000e+04,7.830425093383062141e-01,1.581479056803232197e-01
6.897400000000000000e+04,7.855897110961183039e-01,3.585282244198921831e-01
6.897500000000000000e+04,7.573835711853206254e-01,7.265234367793027559e-02
6.897600000000000000e+04,7.350262044085295043e-01,1.319922990182149647e-01
6.897700000000000000e+04,7.944630565378186793e-01,2.155469601324000450e-02
6.897800000000000000e+04,8.561712529487244261e-01,2.705560371403166187e-01
6.897900000000000000e+04,8.008612460874073857e-01,4.604542607588726355e-01
6.898000000000000000e+04,8.248005325475112892e-01,1.553413276184301139e-01
6.898100000000000000e+04,9.258017856360146736e-01,3.555544853523997517e-01
6.898200000000000000e+04,9.519184023001830974e-01,5.497277483568865364e-01
6.898300000000000000e+04,8.952610777669556263e-01,7.883871193803813071e-01
6.898400000000000000e+04,9.115346308604572734e-01,8.532637562343268200e-01
6.898500000000000000e+04,1.103273412332547387e+00,6.826106907447595518e-01
6.898600000000000000e+04,1.223318810981110172e+00,4.227614279436764377e-01
6.898700000000000000e+04,1.321099313598024461e+00,9.525648474493664253e-02
6.898800000000000000e+04,1.560717538710554741e+00,6.553378060122163618e-01
6.898900000000000000e+04,1.870354243216425294e+00,1.375295558426653741e+00
6.899000000000000000e+04,2.510615068868804478e+00,2.794981471765236591e+00
6.899100000000000000e+04,3.008820402987700593e+00,4.265769617670851943e+00
6.899200000000000000e+04,3.199616685634560476e+00,5.711580824338177820e+00
6.899300000000000000e+04,3.337928507280473855e+00,7.173290534212259928e+00
6.899400000000000000e+04,3.588881269469046398e+00,8.094737122389311423e+00
6.899500000000000000e+04,3.552553520452079727e+00,1.044833300919683339e+01
6.899600000000000000e+04,5.639538590753538472e+00,1.026570282990967797e+01
6.899700000000000000e+04,5.716659032941046270e+00,1.114566697797609152e+01
6.899800000000000000e+04,5.436565855663056723e+00,1.139925782925164199e+01
6.899900000000000000e+04,5.188471493799983847e+00,1.133252864754351918e+01
6.900000000000000000e+04,4.905569311662252296e+00,1.125130002742766422e+01
6.900100000000000000e+04,4.620008767097835367e+00,1.094128446471794192e+01
6.900200000000000000e+04,3.970084046486219709e+00,1.026953071802180872e+01
6.900300000000000000e+04,3.489124853516179403e+00,9.479833100991864825e+00
6.900400000000000000e+04,3.118394064354223172e+00,8.730886427315070364e+00
6.900500000000000000e+04,2.993006819514247407e+00,8.884337631805706792e+00
6.900600000000000000e+04,2.594864415946521508e+00,8.035216428415935752e+00
6.900700000000000000e+04,2.303790967589408822e+00,7.173827467643395295e+00
6.900800000000000000e+04,2.036464551901270514e+00,6.332101085943186547e+00
6.900900000000000000e+04,1.831185292579773360e+00,5.541275584173050106e+00
6.901000000000000000e+04,1.653073441166059476e+00,4.863606473718320444e+00
6.901100000000000000e+04,1.522896817986176599e+00,4.266476857843084503e+00
6.901200000000000000e+04,1.363502676181891138e+00,3.692621279672458456e+00
6.901300000000000000e+04,1.151821533146530241e+00,3.724484232887341761e+00
6.901400000000000000e+04,1.153704770134814206e+00,3.189855034252559562e+00
6.901500000000000000e+04,1.018237048934823363e+00,3.241749540126019014e+00
6.901600000000000000e+04,1.025891866890214388e+00,2.809901633881644045e+00
6.901700000000000000e+04,9.329268417707851091e-01,2.801426157903240011e+00
6.901800000000000000e+04,9.036942828935550232e-01,2.374056550341922645e+00
6.901900000000000000e+04,9.123647629000408710e-01,2.398574618041077855e+00
6.902000000000000000e+04,9.188538716219728508e-01,2.412212101110615237e+00
6.902100000000000000e+04,9.204444606068136192e-01,2.416430368992141808e+00
6.902200000000000000e+04,9.120533582070076140e-01,2.427887781642052545e+00
6.902300000000000000e+04,9.148538917577111462e-01,2.450012445214778012e+00
6.902400000000000000e+04,9.252218516656101066e-01,2.457242449946907215e+00
6.902500000000000000e+04,9.337784339054814309e-01,2.467933202852812258e+00
6.902600000000000000e+04,9.347914318749551699e-01,2.484629538764558276e+00
6.902700000000000000e+04,9.206640263220198239e-01,2.495189249407964382e+00
6.902800000000000000e+04,9.186050254409749982e-01,2.497057394523274354e+00
6.902900000000000000e+04,9.331320357082697470e-01,2.446189122406984495e+00
6.903000000000000000e+04,9.407768623784945605e-01,2.439465689017463745e+00
6.903100000000000000e+04,9.373263867635386326e-01,2.439993859202434834e+00
6.903200000000000000e+04,9.322706226086793224e-01,2.437518161577813203e+00
6.903300000000000000e+04,9.212383394184617824e-01,2.427297119655627000e+00
6.903400000000000000e+04,9.183774655476450999e-01,2.420498110089202015e+00
6.903500000000000000e+04,9.232269422191882180e-01,2.403520755660412789e+00
6.903600000000000000e+04,9.537905919559065415e-01,2.377375647699256689e+00
6.903700000000000000e+04,9.618391726031166877e-01,2.365949329948968227e+00
6.903800000000000000e+04,9.727194895006820996e-01,2.357713992589825835e+00
6.903900000000000000e+04,9.624587056832530907e-01,2.333042955787835382e+00
6.904000000000000000e+04,9.639720847361866740e-01,2.330459005119362104e+00
6.904100000000000000e+04,9.510129889608515130e-01,2.333078461456125297e+00
6.904200000000000000e+04,9.522175051877292962e-01,2.371224030743931621e+00
6.904300000000000000e+04,9.550089552228132606e-01,2.376794843126120327e+00
6.904400000000000000e+04,9.483900534608448174e-01,2.377150745133842946e+00
6.904500000000000000e+04,9.517765889993043960e-01,2.378007594179923245e+00
6.904600000000000000e+04,9.491010052492688809e-01,2.382872065730609279e+00
6.904700000000000000e+04,9.446160243575554283e-01,2.381508725071551424e+00
6.904800000000000000e+04,9.459641653491255298e-01,2.390858795124461977e+00
6.904900000000000000e+04,9.411860742887663278e-01,2.388652551131247748e+00
6.905000000000000000e+04,9.524081257980460125e-01,2.389942639732879570e+00
6.905100000000000000e+04,9.600850328474207496e-01,2.383234042527121233e+00
6.905200000000000000e+04,9.518030036383378079e-01,2.401347977471790074e+00
6.905300000000000000e+04,9.480094581865664560e-01,2.451009968534172856e+00
6.905400000000000000e+04,9.456353838884224983e-01,2.463524783157950537e+00
6.905500000000000000e+04,9.493483994751309440e-01,2.428306575805244449e+00
6.905600000000000000e+04,9.645439444973211707e-01,2.446484800168555296e+00
6.905700000000000000e+04,9.742752646889145662e-01,2.428029752845446865e+00
6.905800000000000000e+04,9.779708150270166600e-01,2.409106226944306428e+00
6.905900000000000000e+04,9.889088297974502062e-01,2.386371999036139613e+00
6.906000000000000000e+04,9.871329538295217088e-01,2.361299244452585100e+00
6.906100000000000000e+04,9.675892399822085821e-01,2.356631477685912301e+00
6.906200000000000000e+04,9.704206574393884344e-01,2.337334666686178508e+00
6.906300000000000000e+04,9.754709357244621959e-01,2.342780873718240287e+00
6.906400000000000000e+04,9.877061201140779900e-01,2.343773962031104219e+00
6.906500000000000000e+04,1.010330536035264126e+00,2.329489973897402422e+00
6.906600000000000000e+04,1.011796198294210081e+00,2.312865789951100481e+00
6.906700000000000000e+04,1.010988007837832381e+00,2.318947510476196072e+00
6.906800000000000000e+04,1.003007674588794362e+00,2.310314105040792043e+00
6.906900000000000000e+04,9.911327101535960526e-01,2.305953965448029663e+00
6.907000000000000000e+04,9.939530559075417937e-01,2.313784219388328012e+00
6.907100000000000000e+04,9.852172865396211510e-01,2.291320546663730084e+00
6.907200000000000000e+04,9.842598029256570680e-01,2.295606752731451650e+00
6.907300000000000000e+04,9.817020907428323229e-01,2.311678481212663172e+00
6.907400000000000000e+04,9.491674368994781341e-01,2.296004404061598336e+00
6.907500000000000000e+04,9.411408312056134262e-01,2.292490391477716827e+00
6.907600000000000000e+04,9.290728848761294900e-01,2.290868453138720895e+00
6.907700000000000000e+04,9.213762821348511212e-01,2.285779599955063190e+00
6.907800000000000000e+04,9.094048829357883612e-01,2.281034706235512743e+00
6.907900000000000000e+04,9.264239446705392345e-01,2.283495187239331869e+00
6.908000000000000000e+04,9.221312125481223587e-01,2.286844457599926272e+00
6.908100000000000000e+04,9.319971847428081269e-01,2.297391439314857564e+00
6.908200000000000000e+04,9.527307184907900517e-01,2.306036325184187774e+00
6.908300000000000000e+04,9.437650766177412276e-01,2.311138943348453267e+00
6.908400000000000000e+04,1.031082861141385143e+00,2.408637362602188858e+00
6.908500000000000000e+04,1.033401725959782524e+00,2.424843373683508219e+00
6.908600000000000000e+04,1.002159251616235647e+00,2.484858686387291016e+00
6.908700000000000000e+04,9.876936551019365185e-01,2.505232138836898770e+00
6.908800000000000000e+04,9.972676224643858278e-01,2.515810352146580442e+00
6.908900000000000000e+04,1.042984869127460357e+00,2.164426512226441446e+00
6.909000000000000000e+04,1.010828931102481842e+00,2.227378879558401081e+00
6.909100000000000000e+04,1.036550963933218883e+00,1.903641867218610173e+00
6.909200000000000000e+04,9.735099583377608834e-01,1.986557395834999795e+00
6.909300000000000000e+04,1.025676533857357020e+00,1.643052359175879218e+00
6.909400000000000000e+04,9.701106924803135634e-01,1.699380569345290581e+00
6.909500000000000000e+04,9.745338480587851793e-01,1.440824440395402917e+00
6.909600000000000000e+04,9.332762735799380316e-01,1.575252885924804502e+00
6.909700000000000000e+04,8.725835597422819667e-01,1.316777343028920910e+00
6.909800000000000000e+04,9.147206861741052908e-01,1.100867341223324303e+00
6.909900000000000000e+04,9.218660051377091103e-01,8.891033462814874611e-01
6.910000000000000000e+04,8.972667081157923441e-01,6.723911442635994717e-01
6.910100000000000000e+04,9.490452095803459942e-01,4.338340515217851134e-01
6.910200000000000000e+04,1.022631764218468131e+00,1.420901104727718689e-01
6.910300000000000000e+04,1.055987762493936444e+00,1.454784499189436531e-01
6.910400000000000000e+04,1.049262581999081734e+00,4.246947124664224305e-01
6.910500000000000000e+04,1.025697316678408688e+00,4.797520577537817132e-01
6.910600000000000000e+04,1.002496424760899618e+00,7.686883603083707328e-01
6.910700000000000000e+04,9.497021877938716106e-01,1.021072909546880680e+00
6.910800000000000000e+04,8.814885337186084691e-01,1.032534648702913671e+00
6.910900000000000000e+04,8.400550757971551041e-01,1.271426442568337478e+00
6.911000000000000000e+04,8.377987360328845723e-01,1.478704919897424475e+00
6.911100000000000000e+04,8.142067586759930142e-01,1.671491386894043529e+00
6.911200000000000000e+04,8.217798356424889095e-01,1.821800421434762285e+00
6.911300000000000000e+04,8.417214291177227414e-01,2.004195905968281011e+00
6.911400000000000000e+04,8.492666607877829010e-01,2.201143356259109396e+00
6.911500000000000000e+04,8.920696865475122861e-01,2.384173531290478820e+00
6.911600000000000000e+04,9.037000997931818880e-01,2.589168027399619376e+00
6.911700000000000000e+04,9.237042995919244603e-01,2.764131447415664411e+00
6.911800000000000000e+04,9.614445375252081982e-01,2.915029086471012221e+00
6.911900000000000000e+04,9.953785284162681712e-01,3.081926545276875373e+00
6.912000000000000000e+04,1.046240819122538745e+00,3.123610993401388924e+00
6.912100000000000000e+04,1.095753966816835012e+00,3.205300632034639108e+00
6.912200000000000000e+04,1.134597380556564117e+00,3.209461982292800997e+00
6.912300000000000000e+04,1.108507005382800337e+00,3.219001652982260708e+00
6.912400000000000000e+04,1.045369117694567418e+00,3.349432661560381774e+00
6.912500000000000000e+04,1.071913594832142547e+00,3.468153410053997021e+00
6.912600000000000000e+04,1.084334775891730995e+00,3.581345528107917175e+00
6.912700000000000000e+04,1.073196205905225353e+00,3.689796108890597282e+00
6.912800000000000000e+04,1.073184018383901428e+00,3.818524070586157393e+00
6.912900000000000000e+04,1.120163915845000524e+00,3.887382029238782621e+00
6.913000000000000000e+04,1.116765743651318088e+00,3.969070297232370592e+00
6.913100000000000000e+04,1.170873379923920377e+00,4.053785956750505903e+00
6.913200000000000000e+04,1.218743728371154633e+00,4.074039137806174438e+00
6.913300000000000000e+04,1.222027400403487007e+00,4.142248694236890572e+00
6.913400000000000000e+04,1.186916456644293794e+00,4.246353449185615858e+00
6.913500000000000000e+04,1.197681247134413818e+00,4.330172407425742165e+00
6.913600000000000000e+04,1.229502728443373938e+00,4.357528986620508249e+00
6.913700000000000000e+04,1.251079133256142839e+00,4.434379942975716915e+00
6.913800000000000000e+04,1.289643458303665335e+00,4.479601096217763256e+00
6.913900000000000000e+04,1.245564542548297515e+00,4.552804953243896335e+00
6.914000000000000000e+04,1.262399237467855651e+00,4.570819402373274443e+00
6.914100000000000000e+04,1.238840533770769081e+00,4.586878940363529722e+00
6.914200000000000000e+04,1.242865944463870997e+00,4.620691047823925146e+00
6.914300000000000000e+04,1.240724922098891403e+00,4.648416317186772062e+00
6.914400000000000000e+04,1.238240117659883177e+00,4.659701761429641209e+00
6.914500000000000000e+04,1.209087351220253570e+00,4.668022863655128418e+00
6.914600000000000000e+04,1.244088346651730737e+00,4.660887769367146660e+00
6.914700000000000000e+04,1.267370719363631437e+00,4.655048465759165310e+00
6.914800000000000000e+04,1.242523073107625331e+00,4.666949780442223528e+00
6.914900000000000000e+04,1.252834289837816417e+00,4.681079343378478086e+00
6.915000000000000000e+04,1.282801559953852477e+00,4.702805233277622676e+00
6.915100000000000000e+04,1.311030270920463980e+00,4.701188650013826020e+00
6.915200000000000000e+04,1.295332526213037960e+00,4.718471202249880037e+00
6.915300000000000000e+04,1.312232709981849821e+00,4.714453382554957273e+00
6.915400000000000000e+04,1.322623971691698763e+00,4.721965753666580667e+00
6.915500000000000000e+04,1.311404708311117995e+00,4.734269439967114579e+00
6.915600000000000000e+04,1.268531318874576597e+00,4.761423915291327802e+00
6.915700000000000000e+04,1.270582889852818864e+00,4.768114183544977180e+00
6.915800000000000000e+04,1.252503046399271458e+00,4.759743159400535717e+00
6.915900000000000000e+04,1.252199375028962613e+00,4.764664900573375661e+00
6.916000000000000000e+04,1.292660419873762123e+00,4.748137344995427611e+00
6.916100000000000000e+04,1.322641467908068025e+00,4.731310831560389119e+00
6.916200000000000000e+04,1.324266748839863839e+00,4.731032146956621887e+00
6.916300000000000000e+04,1.319739190947020857e+00,4.747181667961104523e+00
6.916400000000000000e+04,1.352347163626765880e+00,4.752718282930764815e+00
6.916500000000000000e+04,1.370524144848151327e+00,4.757269935018577200e+00
6.916600000000000000e+04,1.418512084835651388e+00,4.759900474832136297e+00
6.916700000000000000e+04,1.465610858454187371e+00,4.796774854407718891e+00
6.916800000000000000e+04,1.480953109090639153e+00,4.786027863440562413e+00
6.916900000000000000e+04,1.573197769137040236e+00,4.748882325166288609e+00
6.917000000000000000e+04,1.754948824177365641e+00,4.658587977495130872e+00
6.917100000000000000e+04,1.889291601388177755e+00,4.588487292139664220e+00
6.917200000000000000e+04,2.048450087298866684e+00,4.365852607090342730e+00
6.917300000000000000e+04,1.822833925782421316e+00,4.596760572213444362e+00
6.917400000000000000e+04,1.839700252060187058e+00,4.602691267538624231e+00
6.917500000000000000e+04,1.838232139247363062e+00,4.597037117701020748e+00
6.917600000000000000e+04,1.787190574996277537e+00,4.589076555141701874e+00
6.917700000000000000e+04,1.776608436440710204e+00,4.582429541976836163e+00
6.917800000000000000e+04,2.022044656597903334e+00,4.366608991200212841e+00
6.917900000000000000e+04,2.042438557862766402e+00,4.388163773572877346e+00
6.918000000000000000e+04,2.337211729338508182e+00,4.005070377001803905e+00
6.918100000000000000e+04,2.433266789595660118e+00,3.980801144973604266e+00
6.918200000000000000e+04,2.769704136287604257e+00,3.601246483283915722e+00
6.918300000000000000e+04,2.865986883095858140e+00,3.527509125397394030e+00
6.918400000000000000e+04,2.898684691039513872e+00,3.639959188053865091e+00
6.918500000000000000e+04,2.922393395696097240e+00,3.559649845041661820e+00
6.918600000000000000e+04,3.584260674116896528e+00,3.227973126170102347e+00
6.918700000000000000e+04,3.651278477048683246e+00,3.269093878215358018e+00
6.918800000000000000e+04,3.851944511984895847e+00,2.978083866338593566e+00
6.918900000000000000e+04,3.876442080685712721e+00,3.009537061321459817e+00
6.919000000000000000e+04,3.867218164325592511e+00,2.840361159188475426e+00
6.919100000000000000e+04,3.699143112681552381e+00,2.948565731847804017e+00
6.919200000000000000e+04,3.640054544749835141e+00,2.960201775517631972e+00
6.919300000000000000e+04,3.529154433271191493e+00,2.803196421234471103e+00
6.919400000000000000e+04,3.817347022565007908e+00,2.778917841435450953e+00
6.919500000000000000e+04,3.814700908698852810e+00,2.519312188420233412e+00
6.919600000000000000e+04,3.866614441746344610e+00,2.134488055781151417e+00
6.919700000000000000e+04,3.840847210398851352e+00,1.920372574689423573e+00
6.919800000000000000e+04,4.024628307638888458e+00,1.692659148250555745e+00
6.919900000000000000e+04,3.966128036384408251e+00,1.705727568891191481e+00
6.920000000000000000e+04,4.184811883919802966e+00,1.362057759942143065e+00
6.920100000000000000e+04,4.222110616037823227e+00,1.463240250271230281e+00
6.920200000000000000e+04,4.356797971481005227e+00,1.158768912295045084e+00
6.920300000000000000e+04,4.542324455816300954e+00,1.031816901414980947e+00
6.920400000000000000e+04,4.802619362684588111e+00,5.967625522558392959e-01
6.920500000000000000e+04,5.057877549703253095e+00,2.511994627841929173e-01
6.920600000000000000e+04,5.016182310329059924e+00,8.491769154296235911e-02
6.920700000000000000e+04,4.773933152737459551e+00,1.146044238075596411e-01
6.920800000000000000e+04,4.653686442892371211e+00,3.823617924404594248e-01
6.920900000000000000e+04,4.610540628550886311e+00,7.474514288729992018e-01
6.921000000000000000e+04,4.780320811089754152e+00,7.808839626824308766e-01
6.921100000000000000e+04,4.801844211332312540e+00,1.059199845736159773e+00
6.921200000000000000e+04,4.739513228464399930e+00,1.004523631093743319e+00
6.921300000000000000e+04,4.694710123028009718e+00,1.176658512842372772e+00
6.921400000000000000e+04,4.719703424975532080e+00,1.340804129906473463e+00
6.921500000000000000e+04,4.537522147719953658e+00,1.356016547370593628e+00
6.921600000000000000e+04,4.491513387426462778e+00,1.345994410261823759e+00
6.921700000000000000e+04,4.408240655037207745e+00,1.381550175447593176e+00
6.921800000000000000e+04,4.309618479681077474e+00,1.460347443696971226e+00
6.921900000000000000e+04,4.372621695321504021e+00,1.547510257084116603e+00
6.922000000000000000e+04,4.107211127043685295e+00,1.553545659454123040e+00
6.922100000000000000e+04,4.143836591687528603e+00,1.409600248344609952e+00
6.922200000000000000e+04,3.823410712553766633e+00,1.232868071889647865e+00
6.922300000000000000e+04,3.666436119691243611e+00,1.196492267195374382e+00
6.922400000000000000e+04,3.253710778964277406e+00,1.002185645785338863e+00
6.922500000000000000e+04,2.951424433638825118e+00,8.016199186418262457e-01
6.922600000000000000e+04,2.896745480153741781e+00,8.236375904133517167e-01
6.922700000000000000e+04,2.817287637046379523e+00,8.177441345599696376e-01
6.922800000000000000e+04,3.230980868461383881e+00,1.092387286977697158e+00
6.922900000000000000e+04,3.241829979984272025e+00,1.149124887420317265e+00
6.923000000000000000e+04,3.253402215276286036e+00,1.166664359917380267e+00
6.923100000000000000e+04,3.297635270921703388e+00,1.166916738053007663e+00
6.923200000000000000e+04,3.514816568170541000e+00,1.265998919805376488e+00
6.923300000000000000e+04,3.835785171746340705e+00,1.380582225482520187e+00
6.923400000000000000e+04,3.909740007058420286e+00,1.399534319130918192e+00
6.923500000000000000e+04,3.940184521698995024e+00,1.409973365091140352e+00
6.923600000000000000e+04,3.933985767489005525e+00,1.361128324450568527e+00
6.923700000000000000e+04,4.012326616211505659e+00,1.355343880268332413e+00
6.923800000000000000e+04,4.212936762019697134e+00,1.428371166949411020e+00
6.923900000000000000e+04,3.382276455401838078e+00,1.160082231506475381e+00
6.924000000000000000e+04,3.001249678826034106e+00,1.079674335479502645e+00
6.924100000000000000e+04,2.811919787167162621e+00,1.099121067845462818e+00
6.924200000000000000e+04,2.788988913480316079e+00,1.111517732466399622e+00
6.924300000000000000e+04,2.641888013582136985e+00,1.069616754024956151e+00
6.924400000000000000e+04,2.206665681014071900e+00,8.206584104429062165e-01
6.924500000000000000e+04,2.008200564509494690e+00,6.393933309682005017e-01
6.924600000000000000e+04,2.044728783778755332e+00,6.831316864511869369e-01
6.924700000000000000e+04,2.049525853640056461e+00,6.701145281795497510e-01
6.924800000000000000e+04,2.110157930789394953e+00,7.334763162870139297e-01
6.924900000000000000e+04,1.951525468877908454e+00,5.753285031530843696e-01
6.925000000000000000e+04,2.036774259848130431e+00,6.244740823978638389e-01
6.925100000000000000e+04,2.099267847781903562e+00,6.864173079023068169e-01
6.925200000000000000e+04,1.936930760604048674e+00,6.020176680507809408e-01
6.925300000000000000e+04,1.867920274955681803e+00,5.433703835600489640e-01
6.925400000000000000e+04,1.874275301811526351e+00,5.803665961784432170e-01
6.925500000000000000e+04,1.852483448632018970e+00,5.754865634962946785e-01
6.925600000000000000e+04,1.884035105022668466e+00,5.635897974062729077e-01
6.925700000000000000e+04,1.891291053617644380e+00,5.716421413224850312e-01
6.925800000000000000e+04,1.868130824558136283e+00,5.847314502816303161e-01
6.925900000000000000e+04,1.756939729509493286e+00,4.334959227658323755e-01
6.926000000000000000e+04,1.663126999160584818e+00,3.027775955362841387e-01
6.926100000000000000e+04,1.584500994894891379e+00,1.563641772440504951e-01
6.926200000000000000e+04,1.461782690626587389e+00,6.468858970454149926e-02
6.926300000000000000e+04,1.307483861853882212e+00,1.328493002755166685e-01
6.926400000000000000e+04,1.199578014979856055e+00,1.834399096802279416e-01
6.926500000000000000e+04,1.133498550813192507e+00,2.236960836589538815e-01
6.926600000000000000e+04,1.209907288431073091e+00,3.909759647641735114e-01
6.926700000000000000e+04,1.285898535148488175e+00,4.730383773080220067e-01
6.926800000000000000e+04,1.325426088273389258e+00,4.715435896409658767e-01
6.926900000000000000e+04,1.211997237171880348e+00,4.578230092083721559e-01
6.927000000000000000e+04,1.445836068847065503e+00,5.085638229777025288e-01
6.927100000000000000e+04,1.352052701176476246e+00,6.320637274275568984e-01
6.927200000000000000e+04,1.266109997853867020e+00,7.610398672279465870e-01
6.927300000000000000e+04,1.297167167252375686e+00,8.070355308676546713e-01
6.927400000000000000e+04,1.643466125148020041e+00,7.609128988789954917e-01
6.927500000000000000e+04,1.614748648188697233e+00,8.253509153109348517e-01
6.927600000000000000e+04,1.504810345920119863e+00,9.081820811049503561e-01
6.927700000000000000e+04,1.451701632457754521e+00,9.478243037020632755e-01
6.927800000000000000e+04,1.522623346799925059e+00,9.911665205153674663e-01
6.927900000000000000e+04,1.524868865815489416e+00,9.677616583798318572e-01
6.928000000000000000e+04,1.465532795805812416e+00,1.085902236393113895e+00
6.928100000000000000e+04,1.358255534281463728e+00,1.204974619708949035e+00
6.928200000000000000e+04,1.313045441476029751e+00,1.300543487031735168e+00
6.928300000000000000e+04,1.293143912084528724e+00,1.314266088234209207e+00
6.928400000000000000e+04,1.250484947591885776e+00,1.356816539628677987e+00
6.928500000000000000e+04,1.241282751448945287e+00,1.423713209591419115e+00
6.928600000000000000e+04,1.226849840413606563e+00,1.542297038879620885e+00
6.928700000000000000e+04,1.181696717163190691e+00,1.669893209000097301e+00
6.928800000000000000e+04,1.168625404716929550e+00,1.786899572524735191e+00
6.928900000000000000e+04,1.226131365824173924e+00,1.746539151875744267e+00
6.929000000000000000e+04,1.284263949913369895e+00,1.854924577362035976e+00
6.929100000000000000e+04,1.178478506554347494e+00,1.879874364461127101e+00
6.929200000000000000e+04,1.117580545995631613e+00,1.997663953262332370e+00
6.929300000000000000e+04,1.169213642745669191e+00,2.016829173223728233e+00
6.929400000000000000e+04,1.151732597304580219e+00,2.007442636478401710e+00
6.929500000000000000e+04,1.106373386043463691e+00,2.104940422313394066e+00
6.929600000000000000e+04,1.178981631743413860e+00,2.103184936728622390e+00
6.929700000000000000e+04,1.255165313391659598e+00,2.147550409723773868e+00
6.929800000000000000e+04,1.307105213381548170e+00,2.188782787922857409e+00
6.929900000000000000e+04,1.243631342112983429e+00,2.258989638465402905e+00
6.930000000000000000e+04,1.120915797618720733e+00,2.350889256303311470e+00
6.930100000000000000e+04,1.111043960685986542e+00,2.433441291649737437e+00
6.930200000000000000e+04,1.167400582433426592e+00,2.521867843860963632e+00
6.930300000000000000e+04,1.188383208760030341e+00,2.635328738172145080e+00
6.930400000000000000e+04,1.213749571933747440e+00,2.768496718622799335e+00
6.930500000000000000e+04,1.241756777095022191e+00,2.891963029133256313e+00
6.930600000000000000e+04,1.271617467296536796e+00,3.042855823382463853e+00
6.930700000000000000e+04,1.308084122944159766e+00,3.174231578852335645e+00
6.930800000000000000e+04,1.304377589938103821e+00,3.287366532414095488e+00
6.930900000000000000e+04,1.294355726343679125e+00,3.379945883084763736e+00
6.931000000000000000e+04,1.298037010425849624e+00,3.441278011176560625e+00
6.931100000000000000e+04,1.312373254475302176e+00,3.493975441957852368e+00
6.931200000000000000e+04,1.324854320561998033e+00,3.530494408382409688e+00
6.931300000000000000e+04,1.318206539038044856e+00,3.577453109653932373e+00
6.931400000000000000e+04,1.296267766782035924e+00,3.563124111281355866e+00
6.931500000000000000e+04,1.280149109217195713e+00,3.591252628489383980e+00
6.931600000000000000e+04,1.255571550122326352e+00,3.605948270262919308e+00
6.931700000000000000e+04,1.237602063635953265e+00,3.632115854704633051e+00
6.931800000000000000e+04,1.225639282024922450e+00,3.695017856225321751e+00
6.931900000000000000e+04,1.281035849514458924e+00,3.682098260330487705e+00
6.932000000000000000e+04,1.302252824966270817e+00,3.727371531489481526e+00
6.932100000000000000e+04,1.280676485101025275e+00,3.803489246098862964e+00
6.932200000000000000e+04,1.249849212522820663e+00,3.866116206158382695e+00
6.932300000000000000e+04,1.248128475068930765e+00,3.920792437758331417e+00
6.932400000000000000e+04,1.240692188832363430e+00,3.969090080856153335e+00
6.932500000000000000e+04,1.263943570454968635e+00,4.005048764807972006e+00
6.932600000000000000e+04,1.242205036790209327e+00,4.034327382928058370e+00
6.932700000000000000e+04,1.256418620726291513e+00,4.061957618122457703e+00
6.932800000000000000e+04,1.251288243496365471e+00,4.077902338056492937e+00
6.932900000000000000e+04,1.253662926939910882e+00,4.103139217113126236e+00
6.933000000000000000e+04,1.267780295028776427e+00,4.096238962577173126e+00
6.933100000000000000e+04,1.287602331928747734e+00,4.090222662177209756e+00
6.933200000000000000e+04,1.293370716045823432e+00,4.112551120101910485e+00
6.933300000000000000e+04,1.258160576639042461e+00,4.121095039755726219e+00
6.933400000000000000e+04,1.195402453764714990e+00,4.140893335519091778e+00
6.933500000000000000e+04,1.247942478342771722e+00,4.162011184666209118e+00
6.933600000000000000e+04,1.274434903280127207e+00,4.180758749951040798e+00
6.933700000000000000e+04,1.263061981012777446e+00,4.192862201803448485e+00
6.933800000000000000e+04,1.200304175956428354e+00,4.226181247504449345e+00
6.933900000000000000e+04,1.138007200460164681e+00,4.268049274475670174e+00
6.934000000000000000e+04,1.160459715699458716e+00,4.311290943869940051e+00
6.934100000000000000e+04,1.201622319384555437e+00,4.303529432385655440e+00
6.934200000000000000e+04,1.232933397868752667e+00,4.290703725258421031e+00
6.934300000000000000e+04,1.248472500952085396e+00,4.289166505889870251e+00
6.934400000000000000e+04,1.250704888190784958e+00,4.274828741116794006e+00
6.934500000000000000e+04,1.262678730132734906e+00,4.249569355991217989e+00
6.934600000000000000e+04,1.253303102523485757e+00,4.245219055571958222e+00
6.934700000000000000e+04,1.240733538612845299e+00,4.242701818752326659e+00
6.934800000000000000e+04,1.212823923396989301e+00,4.241099446464508205e+00
6.934900000000000000e+04,1.214516111738009441e+00,4.230519348427193904e+00
6.935000000000000000e+04,1.227819082921454363e+00,4.263201244726326777e+00
6.935100000000000000e+04,1.225365011117720782e+00,4.243392945359623525e+00
6.935200000000000000e+04,1.233220266371755303e+00,4.235049605511729709e+00
6.935300000000000000e+04,1.278151341189287082e+00,4.224035455771726788e+00
6.935400000000000000e+04,1.249142549644796096e+00,4.262724499651454835e+00
6.935500000000000000e+04,1.187105288976574746e+00,4.293798540005463238e+00
6.935600000000000000e+04,1.184664652329256995e+00,4.296263413287530142e+00
6.935700000000000000e+04,1.113094814362573626e+00,4.324091063157943893e+00
6.935800000000000000e+04,1.033919775484421821e+00,4.340032716429949033e+00
6.935900000000000000e+04,9.677955285315872347e-01,4.394729649823487350e+00
6.936000000000000000e+04,9.219249960699207325e-01,4.440408315604503997e+00
6.936100000000000000e+04,9.218136260853275754e-01,4.514304130153568906e+00
6.936200000000000000e+04,8.019735158118005414e-01,4.530853746920094238e+00
6.936300000000000000e+04,8.048341485770065251e-01,4.537258183265667100e+00
6.936400000000000000e+04,7.852551483855622072e-01,4.553438643871549729e+00
6.936500000000000000e+04,7.620656186213691230e-01,4.591730391672581568e+00
6.936600000000000000e+04,7.374586994064155077e-01,4.629909919360678749e+00
6.936700000000000000e+04,7.211750950635736901e-01,4.651097212439178286e+00
6.936800000000000000e+04,6.371912183649668382e-01,4.672790931416320959e+00
6.936900000000000000e+04,6.177225880093240029e-01,4.665924207913405120e+00
6.937000000000000000e+04,5.798942726032857431e-01,4.669548268529721824e+00
6.937100000000000000e+04,5.311030764495204837e-01,4.703615885839080413e+00
6.937200000000000000e+04,5.713126795352196918e-01,4.688171813101225105e+00
6.937300000000000000e+04,5.894329786213908795e-01,4.687692386870530470e+00
6.937400000000000000e+04,6.582882394436818663e-01,4.703629558557084422e+00
6.937500000000000000e+04,7.201693333788599105e-01,4.736427213048856721e+00
6.937600000000000000e+04,7.644195454478129870e-01,4.779439594503243072e+00
6.937700000000000000e+04,6.241431473258152174e-01,4.829851198811427437e+00
6.937800000000000000e+04,4.598051796468183294e-01,4.848033807955942187e+00
6.937900000000000000e+04,4.492053887394039657e-01,4.873762987488459153e+00
6.938000000000000000e+04,3.974804945447529825e-01,4.900426395745022923e+00
6.938100000000000000e+04,3.564728352061784511e-01,4.874433719652227381e+00
6.938200000000000000e+04,3.316878429161628228e-01,4.911534038256251122e+00
6.938300000000000000e+04,1.993742767924213954e-01,4.901731928290370632e+00
6.938400000000000000e+04,1.170224513053307186e-01,4.894145301119556812e+00
6.938500000000000000e+04,1.561631990255516189e-01,4.879882146556049349e+00
6.938600000000000000e+04,2.856217162656684572e-01,4.856787527300562068e+00
6.938700000000000000e+04,4.088066302673086239e-01,4.824218952893666312e+00
6.938800000000000000e+04,5.027942424858499182e-01,4.771199429738080866e+00
6.938900000000000000e+04,5.351528323108242224e-01,4.740143411558489284e+00
6.939000000000000000e+04,6.065456745314851128e-01,4.763020150081717752e+00
6.939100000000000000e+04,7.231238800277288714e-01,4.794288879310516727e+00
6.939200000000000000e+04,7.926650818833700374e-01,4.811490010574066112e+00
6.939300000000000000e+04,7.258648244836509722e-01,4.828673370908739493e+00
6.939400000000000000e+04,6.485978953600585184e-01,4.842508777360217564e+00
6.939500000000000000e+04,5.604703639362290657e-01,4.842071506855122998e+00
6.939600000000000000e+04,4.636346746906249150e-01,4.844446812192990670e+00
6.939700000000000000e+04,3.620879809095912671e-01,4.846309957129881774e+00
6.939800000000000000e+04,3.444227698153887185e-01,4.836229318876783978e+00
6.939900000000000000e+04,3.928295162326440049e-01,4.839357119804060581e+00
6.940000000000000000e+04,3.365573102732037358e-01,4.833016858893469880e+00
6.940100000000000000e+04,3.420705742309978481e-01,4.828862271643222570e+00
6.940200000000000000e+04,3.312086590099365124e-01,4.823346957510609379e+00
6.940300000000000000e+04,3.385755336164720797e-01,4.819395744306193663e+00
6.940400000000000000e+04,3.339928424519016947e-01,4.816586401644497251e+00
6.940500000000000000e+04,3.264572275674009205e-01,4.815202204173345990e+00
6.940600000000000000e+04,3.258234837734124145e-01,4.817260761252749823e+00
6.940700000000000000e+04,3.234935450162696458e-01,4.822154053038654631e+00
6.940800000000000000e+04,2.840289536098389300e-01,4.794505607258241930e+00
6.940900000000000000e+04,2.805465011847198542e-01,4.793070786072439304e+00
6.941000000000000000e+04,2.729051463751216433e-01,4.789507028515522791e+00
6.941100000000000000e+04,2.619267371135022837e-01,4.800785497937977375e+00
6.941200000000000000e+04,2.515769915003467361e-01,4.804137369817084391e+00
6.941300000000000000e+04,2.470630165537976430e-01,4.817137734182022513e+00
6.941400000000000000e+04,2.428334105998395387e-01,4.821292760924804632e+00
6.941500000000000000e+04,2.397923974527487179e-01,4.824811965142786541e+00
6.941600000000000000e+04,2.400252917921071871e-01,4.825949002005782695e+00
6.941700000000000000e+04,2.439981969429063369e-01,4.816946921228035805e+00
6.941800000000000000e+04,2.542422488797205782e-01,4.821630668451136081e+00
6.941900000000000000e+04,2.673755850691237890e-01,4.818309708287443094e+00
