utc_sec,hor_err_m(nan=no solution),ver_err_m
6.538000000000000000e+04,nan,nan
6.538100000000000000e+04,nan,nan
6.538200000000000000e+04,nan,nan
6.538300000000000000e+04,nan,nan
6.538400000000000000e+04,nan,nan
6.538500000000000000e+04,nan,nan
6.538600000000000000e+04,nan,nan
6.538700000000000000e+04,nan,nan
6.538800000000000000e+04,nan,nan
6.538900000000000000e+04,nan,nan
6.539000000000000000e+04,nan,nan
6.539100000000000000e+04,nan,nan
6.539200000000000000e+04,nan,nan
6.539300000000000000e+04,nan,nan
6.539400000000000000e+04,nan,nan
6.539500000000000000e+04,nan,nan
6.539600000000000000e+04,nan,nan
6.539700000000000000e+04,nan,nan
6.539800000000000000e+04,8.019324716445351831e-01,1.355222863132411748e-02
6.539900000000000000e+04,3.913917415908968120e-03,9.656267572768925667e-03
6.540000000000000000e+04,1.171734505816312416e-01,1.315708885916493653e-01
6.540100000000000000e+04,4.981945115201147356e-02,1.603319847188215408e-01
6.540200000000000000e+04,3.897928028823774427e-02,1.095177806592276815e-01
6.540300000000000000e+04,8.657998014737115777e-02,1.084019275852289299e-01
6.540400000000000000e+04,9.940608810073468804e-02,5.431477284581215370e-02
6.540500000000000000e+04,7.782293306512494402e-02,1.363975571895081895e-02
6.540600000000000000e+04,1.252745796938806444e-01,2.058946446472087466e-02
6.540700000000000000e+04,1.158835763487421761e-01,6.540649840955370387e-03
6.540800000000000000e+04,1.219483596463472458e-01,5.540755788242424096e-03
6.540900000000000000e+04,6.801772130076583212e-02,2.446507441612455480e-04
6.541000000000000000e+04,5.660503412533132023e-02,6.575173361318298326e-03
6.541100000000000000e+04,3.882536179116474750e-02,7.307543617436129679e-03
6.541200000000000000e+04,7.607097223476837200e-02,2.044011553701374773e-03
6.541300000000000000e+04,1.577453070435984872e-01,9.666014297706748692e-03
6.541400000000000000e+04,2.283612511997354100e-01,3.984102130711097978e-02
6.541500000000000000e+04,2.756856734729674074e-01,5.724161649310610667e-02
6.541600000000000000e+04,3.014891546740557371e-01,6.693564543242724874e-02
6.541700000000000000e+04,3.266994320114304795e-01,7.014171062772636689e-02
6.541800000000000000e+04,3.488804053926217175e-01,6.560214762579327785e-02
6.541900000000000000e+04,4.043704293711082309e-01,5.794900011005077456e-02
6.542000000000000000e+04,4.875531137843664986e-01,5.226114955998162337e-02
6.542100000000000000e+04,5.984716629872384175e-01,5.396490731191327939e-02
6.542200000000000000e+04,6.949047980445366424e-01,3.772160250426326300e-02
6.542300000000000000e+04,7.409015075248349680e-01,2.946678275252168078e-02
6.542400000000000000e+04,7.548663517706275528e-01,1.490216114478715159e-02
6.542500000000000000e+04,7.111348379396527086e-01,7.361669932571368591e-03
6.542600000000000000e+04,6.864685871385467486e-01,4.913227851487622644e-03
6.542700000000000000e+04,6.224376426426120323e-01,1.793837271644371789e-02
6.542800000000000000e+04,5.870734771310478495e-01,1.721586986128187391e-02
6.542900000000000000e+04,5.430745470707816214e-01,1.498808713153088057e-02
6.543000000000000000e+04,5.529935596005887133e-01,1.292791654714720018e-02
6.543100000000000000e+04,5.643789071027588422e-01,1.068081472993798187e-02
6.543200000000000000e+04,5.482131880524231393e-01,4.148129988707394133e-03
6.543300000000000000e+04,5.788805947881109359e-01,3.007921996534235198e-02
6.543400000000000000e+04,5.792360879311290178e-01,8.918717216829907812e-03
6.543500000000000000e+04,5.526016410441736415e-01,1.194102644893479948e-02
6.543600000000000000e+04,5.913498367304492742e-01,1.141539824051696073e-02
6.543700000000000000e+04,6.518261176119850564e-01,2.287137296986818669e-02
6.543800000000000000e+04,7.765349080733591203e-01,3.297864282545481807e-02
6.543900000000000000e+04,9.354876715294693224e-01,4.289872734741440041e-02
6.544000000000000000e+04,1.096357158174880109e+00,5.053450736697184809e-02
6.544100000000000000e+04,1.241386040349547137e+00,6.505101064016705070e-02
6.544200000000000000e+04,1.300798533157418779e+00,7.035270962265893768e-02
6.544300000000000000e+04,1.367559701665007177e+00,7.042346429930546048e-02
6.544400000000000000e+04,1.447146213135044546e+00,6.671636243688544576e-02
6.544500000000000000e+04,1.486548907974132749e+00,7.307909345040769500e-02
6.544600000000000000e+04,1.508503114696283953e+00,7.297126832259745455e-02
6.544700000000000000e+04,1.520184216241733166e+00,7.302455000587074196e-02
6.544800000000000000e+04,1.504171125122486741e+00,7.057162419859065727e-02
6.544900000000000000e+04,1.507711971029355613e+00,7.268943216146381281e-02
6.545000000000000000e+04,1.487684331182097530e+00,7.587231259384076554e-02
6.545100000000000000e+04,1.486915206575815329e+00,7.724743783335169534e-02
6.545200000000000000e+04,1.485527279621802421e+00,7.836425995062999694e-02
6.545300000000000000e+04,1.483851601537251597e+00,7.939643605873375476e-02
6.545400000000000000e+04,1.403103776629777366e+00,6.875559640415392082e-02
6.545500000000000000e+04,1.393635234361968900e+00,7.152832986490403888e-02
6.545600000000000000e+04,1.386997123445091296e+00,6.480919898326226170e-02
6.545700000000000000e+04,1.198117895751255713e+00,9.362776491101271192e-02
6.545800000000000000e+04,1.288296309313073928e+00,2.268293741753472578e-02
6.545900000000000000e+04,1.249900948772173725e+00,4.546424101273303930e-02
6.546000000000000000e+04,1.240729004031983829e+00,5.108073142198044786e-02
6.546100000000000000e+04,1.237015586636421638e+00,5.288366821050549671e-02
6.546200000000000000e+04,1.224507763952177530e+00,4.979840920350827455e-02
6.546300000000000000e+04,1.219945545322883129e+00,4.796223535911858793e-02
6.546400000000000000e+04,1.230076401698562361e+00,4.176862553232467412e-02
6.546500000000000000e+04,1.266855134904036229e+00,4.122221323272096116e-02
6.546600000000000000e+04,1.395129359393265434e+00,3.013687244491286554e-02
6.546700000000000000e+04,1.507571391487120716e+00,1.852981145580900879e-02
6.546800000000000000e+04,1.680822213768416784e+00,7.435814996913037156e-03
6.546900000000000000e+04,1.842972187911279924e+00,3.794364267506011856e-03
6.547000000000000000e+04,2.040022907869285973e+00,3.938146205879888839e-02
6.547100000000000000e+04,2.244680666394758717e+00,4.337785602975419152e-02
6.547200000000000000e+04,2.411251885439295695e+00,3.163536378144993222e-02
6.547300000000000000e+04,2.666794741341427244e+00,1.472783235878427632e-02
6.547400000000000000e+04,2.930575998395661852e+00,2.307423544426079332e-02
6.547500000000000000e+04,3.234116750408915664e+00,2.834960918016715681e-02
6.547600000000000000e+04,3.565211164995217175e+00,2.326540552774769566e-02
6.547700000000000000e+04,3.942210268882064383e+00,3.067829447101999563e-02
6.547800000000000000e+04,4.359419090312100842e+00,4.017731990838591116e-02
6.547900000000000000e+04,4.794069214255440414e+00,2.062986974407987617e-02
6.548000000000000000e+04,5.319416563666470310e+00,2.689792067756258120e-02
6.548100000000000000e+04,5.723126668794026095e+00,3.670866438006026300e-02
6.548200000000000000e+04,6.195724345006702549e+00,3.745736398274068790e-02
6.548300000000000000e+04,6.664465168210242929e+00,3.689326451964092257e-02
6.548400000000000000e+04,7.097225803049576953e+00,3.001568288903122550e-02
6.548500000000000000e+04,7.552013106778559859e+00,5.677124418561163566e-02
6.548600000000000000e+04,7.962956894575097699e+00,1.626540415733952472e-01
6.548700000000000000e+04,8.332002923185811483e+00,2.009962260347109009e-01
6.548800000000000000e+04,8.504230453365481779e+00,9.484116353407223698e-02
6.548900000000000000e+04,8.762405475869419647e+00,3.312256021578363629e-03
6.549000000000000000e+04,9.139450196792681780e+00,2.438099153439097222e-01
6.549100000000000000e+04,9.672366137593344959e+00,3.434014596143732945e-01
6.549200000000000000e+04,1.009710629971642959e+01,3.314315083978964793e-01
6.549300000000000000e+04,1.048363754709518325e+01,3.731737519575251127e-01
6.549400000000000000e+04,1.084733095449077211e+01,3.643785512022397199e-01
6.549500000000000000e+04,1.123362020118239712e+01,3.367391021844881038e-01
6.549600000000000000e+04,1.153505219633667700e+01,3.194873874618870957e-01
6.549700000000000000e+04,1.188469397366545799e+01,2.315049699955480378e-01
6.549800000000000000e+04,1.225632180534558557e+01,1.744926958574364306e-01
6.549900000000000000e+04,1.279238645986627532e+01,1.582118064987785289e-01
6.550000000000000000e+04,1.344309850734829936e+01,2.098169969074934471e-01
6.550100000000000000e+04,1.399004492139839684e+01,1.751839571606090828e-01
6.550200000000000000e+04,1.450649272297295944e+01,2.020126044964296597e-01
6.550300000000000000e+04,1.503300411095220213e+01,1.844392682598083866e-01
6.550400000000000000e+04,1.552164469919057233e+01,1.300050295627812602e-01
6.550500000000000000e+04,1.598135927497685849e+01,1.059895065883385001e-01
6.550600000000000000e+04,1.646371983041466791e+01,1.193540816053850762e-01
6.550700000000000000e+04,1.702570775541568082e+01,1.634956235307427619e-01
6.550800000000000000e+04,1.755270544559392931e+01,2.131695010428078518e-01
6.550900000000000000e+04,1.804444808652157306e+01,2.128936880354714845e-01
6.551000000000000000e+04,1.859688659218272733e+01,2.232365325980083526e-01
6.551100000000000000e+04,1.917324827907174978e+01,2.142382397599771338e-01
6.551200000000000000e+04,1.972905579668940490e+01,1.988015553144979464e-01
6.551300000000000000e+04,2.028794805290703707e+01,1.862192759517071750e-01
6.551400000000000000e+04,2.083262467854554600e+01,1.668712667904834746e-01
6.551500000000000000e+04,2.133970529300586705e+01,1.780083248463242285e-01
6.551600000000000000e+04,2.183210258855740094e+01,1.492649357681763433e-01
6.551700000000000000e+04,2.226421110776080425e+01,7.345281377052259586e-02
6.551800000000000000e+04,2.275263507664072904e+01,4.938428719890808338e-02
6.551900000000000000e+04,2.306289135043538963e+01,1.403470042995493827e-01
6.552000000000000000e+04,2.344700872068756681e+01,1.900301497493046554e-01
6.552100000000000000e+04,2.386857428602821329e+01,1.658077721229815893e-01
6.552200000000000000e+04,2.431599854173281727e+01,1.943319077254130889e-01
6.552300000000000000e+04,2.480199256245365191e+01,2.131166097062937581e-01
6.552400000000000000e+04,2.525862815702037167e+01,2.679463015495144873e-01
6.552500000000000000e+04,2.575949466013054590e+01,2.884423105889268868e-01
6.552600000000000000e+04,2.618959624985956580e+01,3.150530340837747190e-01
6.552700000000000000e+04,2.656383093421417030e+01,2.654541872089986043e-01
6.552800000000000000e+04,2.669683834509291387e+01,2.657977841730989610e-01
6.552900000000000000e+04,2.696160631474541702e+01,1.490783888469593421e-01
6.553000000000000000e+04,2.703013352773142941e+01,1.052340593737071117e-01
6.553100000000000000e+04,2.717951961360033053e+01,1.111214731858432003e-01
6.553200000000000000e+04,2.725062038094873174e+01,8.907364668239381444e-02
6.553300000000000000e+04,2.728512852251579091e+01,8.986663305319453343e-02
6.553400000000000000e+04,2.728564948773252752e+01,9.289131782652404468e-02
6.553500000000000000e+04,2.728527085932888241e+01,9.456232121041097116e-02
6.553600000000000000e+04,2.728421853225714244e+01,9.533337074255854304e-02
6.553700000000000000e+04,2.728461580454069590e+01,9.546645157495348144e-02
6.553800000000000000e+04,2.728414651484643372e+01,9.533107684960739903e-02
6.553900000000000000e+04,2.728382943934685656e+01,9.466865756463249681e-02
6.554000000000000000e+04,2.728224734907580284e+01,9.399500248017744752e-02
6.554100000000000000e+04,2.728142878353083489e+01,9.352127539170496107e-02
6.554200000000000000e+04,2.728021158961541204e+01,9.302768687761542310e-02
6.554300000000000000e+04,2.727898328557416718e+01,9.219201813396793455e-02
6.554400000000000000e+04,2.727847897903074426e+01,9.085376434445535665e-02
6.554500000000000000e+04,2.728117451346475164e+01,9.114406031649480155e-02
6.554600000000000000e+04,2.731000116604442951e+01,9.219770569261598325e-02
6.554700000000000000e+04,2.637134056896713119e+01,4.993369221978127825e-02
6.554800000000000000e+04,2.626655752374888664e+01,9.629039674834416473e-04
6.554900000000000000e+04,2.650711647223250012e+01,1.076935522696587100e-02
6.555000000000000000e+04,2.677342493135083856e+01,1.161665116023158362e-02
6.555100000000000000e+04,2.705537219561308504e+01,1.448312236707138823e-02
6.555200000000000000e+04,2.737581054960013560e+01,1.147894141113070532e-02
6.555300000000000000e+04,2.774312323850107020e+01,1.294798068690639070e-02
6.555400000000000000e+04,2.806757982130824658e+01,3.485297975681334037e-02
6.555500000000000000e+04,2.840898594843159941e+01,1.073283240623368329e-02
6.555600000000000000e+04,2.884203100938156084e+01,5.671296754169219412e-03
6.555700000000000000e+04,2.929374767305581884e+01,3.537856554800100639e-03
6.555800000000000000e+04,2.973867415045396356e+01,2.996116152679917377e-03
6.555900000000000000e+04,3.019219700438812737e+01,3.595180188717961300e-04
6.556000000000000000e+04,3.046987821333950919e+01,2.984634520867857077e-02
6.556100000000000000e+04,2.977112651065599991e+01,5.461053984344133028e-02
6.556200000000000000e+04,2.886949050261800664e+01,9.495413327858415187e-02
6.556300000000000000e+04,2.930410540781038620e+01,8.877721285649009531e-02
6.556400000000000000e+04,2.966491476940884198e+01,8.777984219644707764e-02
6.556500000000000000e+04,2.986526467120506467e+01,8.501114987356217512e-02
6.556600000000000000e+04,2.908084169685736597e+01,1.136561987469146828e-01
6.556700000000000000e+04,2.906212907817591784e+01,1.435720683274954723e-01
6.556800000000000000e+04,2.881847971685856535e+01,2.043190902432012734e-01
6.556900000000000000e+04,2.872523076316774038e+01,2.973940153161134248e-01
6.557000000000000000e+04,2.848536631173392664e+01,4.192281781080069436e-01
6.557100000000000000e+04,2.815966777047094283e+01,5.514168607956175805e-01
6.557200000000000000e+04,2.811023017506058252e+01,5.928704166314240354e-01
6.557300000000000000e+04,2.801571852252736505e+01,6.772171819589427599e-01
6.557400000000000000e+04,2.742319448845909946e+01,8.718159617829499552e-01
6.557500000000000000e+04,2.675860126075090761e+01,1.111240758707754850e+00
6.557600000000000000e+04,2.613270714641224401e+01,1.055400073564438657e+00
6.557700000000000000e+04,2.580511993242004820e+01,1.000318839005734262e+00
6.557800000000000000e+04,2.515108277377948909e+01,1.023892734218902589e+00
6.557900000000000000e+04,2.469375089907292420e+01,1.051329392215327729e+00
6.558000000000000000e+04,2.440318655607484288e+01,1.088243529322095782e+00
6.558100000000000000e+04,2.396715390881500696e+01,1.135634010273681938e+00
6.558200000000000000e+04,2.349721250827643004e+01,1.156351554692410133e+00
6.558300000000000000e+04,2.337857349750546021e+01,1.229564829003713555e+00
6.558400000000000000e+04,2.310284729877114529e+01,1.238816543241004098e+00
6.558500000000000000e+04,2.308444728249312661e+01,1.227214175149095254e+00
6.558600000000000000e+04,2.312143283584672204e+01,1.229464334994213814e+00
6.558700000000000000e+04,2.348355011580286700e+01,1.218767690562042816e+00
6.558800000000000000e+04,2.367895089340012404e+01,1.205357871579650464e+00
6.558900000000000000e+04,2.390158367583960342e+01,1.201334778798912595e+00
6.559000000000000000e+04,2.394280142872510098e+01,1.110839561607610548e+00
6.559100000000000000e+04,2.370390553877699347e+01,9.872910216180397214e-01
6.559200000000000000e+04,2.195931852871567713e+01,8.155563090021189510e-01
6.559300000000000000e+04,2.044846501236502689e+01,6.650055957168792276e-01
6.559400000000000000e+04,1.921538687660579114e+01,6.228951221135030636e-01
6.559500000000000000e+04,1.841866157985489139e+01,6.090074922430463999e-01
6.559600000000000000e+04,1.634906881076333462e+01,5.462138128533737813e-01
6.559700000000000000e+04,1.570218479150954849e+01,6.293600054703354374e-01
6.559800000000000000e+04,1.432705356680683728e+01,6.354268552974566830e-01
6.559900000000000000e+04,1.321930980435333325e+01,6.556620516788829178e-01
6.560000000000000000e+04,1.230436539552458797e+01,6.941689828742561019e-01
6.560100000000000000e+04,1.187054064118244234e+01,6.955169336135735847e-01
6.560200000000000000e+04,1.100320721703018201e+01,6.834549283848829759e-01
6.560300000000000000e+04,1.037136457136917578e+01,6.824600094672330641e-01
6.560400000000000000e+04,9.691548625542841577e+00,6.593406845877591849e-01
6.560500000000000000e+04,8.924155702013758074e+00,6.863748971838017354e-01
6.560600000000000000e+04,8.239748941202254429e+00,6.856257719114200455e-01
6.560700000000000000e+04,7.772821489613828128e+00,7.713098341008901571e-01
6.560800000000000000e+04,7.311507271398800967e+00,7.222142152148975924e-01
6.560900000000000000e+04,6.837316310039591727e+00,8.204931573698122094e-01
6.561000000000000000e+04,6.329232725308474805e+00,9.455864080149751771e-01
6.561100000000000000e+04,5.976071080278508418e+00,1.062700022555283397e+00
6.561200000000000000e+04,5.817931939380675210e+00,1.103898121181188685e+00
6.561300000000000000e+04,5.501058405212980063e+00,1.048805904019967983e+00
6.561400000000000000e+04,5.074606112591909302e+00,1.160254706686304260e+00
6.561500000000000000e+04,4.756126467377801426e+00,1.191966602570735390e+00
6.561600000000000000e+04,4.214610118808918671e+00,1.242599377893014889e+00
6.561700000000000000e+04,3.712210534121369587e+00,1.244864802261984593e+00
6.561800000000000000e+04,3.120812696845054912e+00,1.300242349147648468e+00
6.561900000000000000e+04,2.502330193968552052e+00,1.280822614291025729e+00
6.562000000000000000e+04,2.043284393995750570e+00,1.223028886498187973e+00
6.562100000000000000e+04,1.596701522064876810e+00,1.188317132193663639e+00
6.562200000000000000e+04,1.213401398766059680e+00,1.160801974424735761e+00
6.562300000000000000e+04,9.530009996809938322e-01,1.127339913076681910e+00
6.562400000000000000e+04,7.846768745219548924e-01,1.104202448951081550e+00
6.562500000000000000e+04,8.019912803120736733e-01,1.085416383325238598e+00
6.562600000000000000e+04,8.755129852416639880e-01,1.011969234549127350e+00
6.562700000000000000e+04,1.024057659138071896e+00,9.321270076819594408e-01
6.562800000000000000e+04,1.143402843227929289e+00,8.878727832021588995e-01
6.562900000000000000e+04,1.221831828717351076e+00,8.331778777881204689e-01
6.563000000000000000e+04,1.307861225068586375e+00,8.006945998903312045e-01
6.563100000000000000e+04,1.349466038820726022e+00,7.797888577719724879e-01
6.563200000000000000e+04,1.334728398277228445e+00,7.578457256179085277e-01
6.563300000000000000e+04,1.277237987868695912e+00,7.324022923006729968e-01
6.563400000000000000e+04,1.244387402144367938e+00,6.978228218154818308e-01
6.563500000000000000e+04,1.398611369632551726e+00,6.454883478825088616e-01
6.563600000000000000e+04,1.530272282026309272e+00,6.035772016494362902e-01
6.563700000000000000e+04,1.491003269717516622e+00,5.951685588451702813e-01
6.563800000000000000e+04,1.422114117687842683e+00,5.911156754618325238e-01
6.563900000000000000e+04,1.374280132249925623e+00,5.932808027125027195e-01
6.564000000000000000e+04,1.325172809210484193e+00,6.021604217318810015e-01
6.564100000000000000e+04,1.266159156888659654e+00,6.109246172365310201e-01
6.564200000000000000e+04,1.309769273534482803e+00,5.342925816653654181e-01
6.564300000000000000e+04,1.333991378348495793e+00,5.107667396214452538e-01
6.564400000000000000e+04,1.383000434582015714e+00,4.935564336612721092e-01
6.564500000000000000e+04,1.380206343547488057e+00,4.940347078370663780e-01
6.564600000000000000e+04,1.415216167370856315e+00,4.635206426248288381e-01
6.564700000000000000e+04,1.491915437888829077e+00,4.332853319689711213e-01
6.564800000000000000e+04,1.485176887096973486e+00,4.237239414470153065e-01
6.564900000000000000e+04,1.466140052084540457e+00,4.278292807296253386e-01
6.565000000000000000e+04,1.538491455388720786e+00,4.484968352249580903e-01
6.565100000000000000e+04,1.513394858059438297e+00,4.313677016601324965e-01
6.565200000000000000e+04,1.326881636258409936e+00,4.347808270188266988e-01
6.565300000000000000e+04,1.454540637570470363e+00,3.705759808826627477e-01
6.565400000000000000e+04,1.812901119972888386e+00,2.736319212717575056e-01
6.565500000000000000e+04,1.858622601402592389e+00,2.577775754780837758e-01
6.565600000000000000e+04,1.931179540003749029e+00,2.212779214621498625e-01
6.565700000000000000e+04,1.987069724721084008e+00,2.351797608406585027e-01
6.565800000000000000e+04,2.040542753387522001e+00,3.183702289600702784e-01
6.565900000000000000e+04,2.024968586798981285e+00,2.939931187433302284e-01
6.566000000000000000e+04,2.004799577837958147e+00,2.527851375994458749e-01
6.566100000000000000e+04,2.022986567078291387e+00,2.149407699206236089e-01
6.566200000000000000e+04,2.068599337391726412e+00,1.898285786298288258e-01
6.566300000000000000e+04,2.129309101419978756e+00,1.731308026736790850e-01
6.566400000000000000e+04,2.274237566676088118e+00,1.730100289295357641e-01
6.566500000000000000e+04,2.402413223082920712e+00,1.609842141481827582e-01
6.566600000000000000e+04,2.577176763135447413e+00,1.772046434730292219e-01
6.566700000000000000e+04,2.499816367182189580e+00,1.677733698425125652e-01
6.566800000000000000e+04,2.585192496259980377e+00,1.976283279664308168e-01
6.566900000000000000e+04,2.528334250322125332e+00,1.887688697912786040e-01
6.567000000000000000e+04,2.322422965595734468e+00,1.760153420906043209e-01
6.567100000000000000e+04,2.302032132742851456e+00,1.735763020585689986e-01
6.567200000000000000e+04,2.261807275782532489e+00,1.518296222120714134e-01
6.567300000000000000e+04,2.315298289519035713e+00,1.269375236391088180e-01
6.567400000000000000e+04,2.313362360215323488e+00,1.315478037389130606e-01
6.567500000000000000e+04,2.309352322671201829e+00,1.276990796615233847e-01
6.567600000000000000e+04,2.313948853676844220e+00,1.279094244538327985e-01
6.567700000000000000e+04,2.267538534869754319e+00,1.112090002483832052e-01
6.567800000000000000e+04,2.210256434676787229e+00,8.600898893594433048e-02
6.567900000000000000e+04,2.238696765020149915e+00,8.167996704345270587e-02
6.568000000000000000e+04,2.177112925504686380e+00,3.354589884965264446e-02
6.568100000000000000e+04,2.224685264200937151e+00,5.176272225877553979e-02
6.568200000000000000e+04,2.263036210579542296e+00,5.565527236137057798e-02
6.568300000000000000e+04,2.281203869335908241e+00,7.540227405922195203e-02
6.568400000000000000e+04,2.320186678580271167e+00,8.103456132298170189e-02
6.568500000000000000e+04,2.336405116818260019e+00,9.424255420125682292e-02
6.568600000000000000e+04,2.370969512016399161e+00,1.145718793456609319e-01
6.568700000000000000e+04,2.401362889491394981e+00,1.334165634408002177e-01
6.568800000000000000e+04,2.458189122364050849e+00,1.227822478776383619e-01
6.568900000000000000e+04,2.505277614760776483e+00,1.219798798326747757e-01
6.569000000000000000e+04,2.566319979991282807e+00,1.132964142170740374e-01
6.569100000000000000e+04,2.566145839323670685e+00,1.003746145701409631e-01
6.569200000000000000e+04,2.905383043627646433e+00,1.343977066069079740e-01
6.569300000000000000e+04,2.719678262941108038e+00,9.762708727401037123e-02
6.569400000000000000e+04,2.728897723130495834e+00,1.112543076218965865e-01
6.569500000000000000e+04,2.755632402376198442e+00,1.144314466672304853e-01
6.569600000000000000e+04,2.885891545038069772e+00,1.326515696668328914e-01
6.569700000000000000e+04,2.816034577549290763e+00,1.280954614776117495e-01
6.569800000000000000e+04,2.792974880116675163e+00,1.196302273132774374e-01
6.569900000000000000e+04,3.054994444362637562e+00,1.354890770735206473e-01
6.570000000000000000e+04,3.184091538191451409e+00,1.471165327948904533e-01
6.570100000000000000e+04,3.583568404169203081e+00,8.552285501787837418e-02
6.570200000000000000e+04,3.993940374955367467e+00,7.478622440688065254e-02
6.570300000000000000e+04,3.832242802719534325e+00,8.961682723924280225e-02
6.570400000000000000e+04,3.893321875127059073e+00,8.668080330664640343e-02
6.570500000000000000e+04,4.173528283628794355e+00,2.037689377855445017e-02
6.570600000000000000e+04,3.987902943953511414e+00,1.105240478643993995e-01
6.570700000000000000e+04,3.591331800123995333e+00,1.674336974645038723e-01
6.570800000000000000e+04,2.919011087601566690e+00,1.916367119581505740e-01
6.570900000000000000e+04,2.530891819996521797e+00,1.597222273555591876e-01
6.571000000000000000e+04,2.255411098374239476e+00,1.354328529896315914e-01
6.571100000000000000e+04,2.253322226620259272e+00,1.397524631036741738e-01
6.571200000000000000e+04,2.251866182642280556e+00,1.429943368174275697e-01
6.571300000000000000e+04,2.253515585463107929e+00,1.446268533442545134e-01
6.571400000000000000e+04,2.253387972744753665e+00,1.446309719478011679e-01
6.571500000000000000e+04,2.255846532747427080e+00,1.450920771115158381e-01
6.571600000000000000e+04,2.253783165423680845e+00,1.506263259535081112e-01
6.571700000000000000e+04,2.119028705169681448e+00,1.375157123547134930e-01
6.571800000000000000e+04,1.935993650713060177e+00,6.785732721251225286e-02
6.571900000000000000e+04,1.838651294015090754e+00,3.563889940269904244e-03
6.572000000000000000e+04,1.790438817137658178e+00,3.705794888845614921e-02
6.572100000000000000e+04,1.805098893240319358e+00,4.141553070672543413e-02
6.572200000000000000e+04,1.811161323283640767e+00,3.832803045560861932e-02
6.572300000000000000e+04,1.831183282607659502e+00,4.359126101454191549e-02
6.572400000000000000e+04,1.856155043743425326e+00,5.147675766296444522e-02
6.572500000000000000e+04,1.845702304513267666e+00,1.665685096899705009e-02
6.572600000000000000e+04,1.849337645379643735e+00,2.253190448147879277e-02
6.572700000000000000e+04,1.849308843255748958e+00,2.108232050103581168e-02
6.572800000000000000e+04,1.847383607067182298e+00,2.153483265043326655e-02
6.572900000000000000e+04,1.860927143173615850e+00,2.388672752253012677e-02
6.573000000000000000e+04,1.868881029374760638e+00,2.119194930553730538e-02
6.573100000000000000e+04,1.840914796674347542e+00,1.260462060763412051e-02
6.573200000000000000e+04,1.841329511539088637e+00,6.205180312054248137e-03
6.573300000000000000e+04,1.739275582680920973e+00,4.617090745102531146e-02
6.573400000000000000e+04,1.740759942910851121e+00,4.584870294611120833e-02
6.573500000000000000e+04,1.740090592332912411e+00,4.552079481924231619e-02
6.573600000000000000e+04,1.739716160787955435e+00,4.876187534668058321e-02
6.573700000000000000e+04,1.741447924657289592e+00,5.229535051065747897e-02
6.573800000000000000e+04,1.741112189097759666e+00,5.865923535766259800e-02
6.573900000000000000e+04,1.740292500403762155e+00,6.420178786050934061e-02
6.574000000000000000e+04,1.738892340711067241e+00,6.664737882856491824e-02
6.574100000000000000e+04,1.738745179316072198e+00,6.765614678643072644e-02
6.574200000000000000e+04,1.737797821653849661e+00,6.868737394723312129e-02
6.574300000000000000e+04,1.737308221908217210e+00,6.953573718499556078e-02
6.574400000000000000e+04,1.736579414302763080e+00,7.029753220569762151e-02
6.574500000000000000e+04,1.735308909902977925e+00,7.033996178354939843e-02
6.574600000000000000e+04,1.735390215297607508e+00,7.048618579898396908e-02
6.574700000000000000e+04,1.735480078232290335e+00,7.027403522162745109e-02
6.574800000000000000e+04,1.735780124634987986e+00,7.148231620722295121e-02
6.574900000000000000e+04,1.737325666402596225e+00,7.234043150337410299e-02
6.575000000000000000e+04,1.739003564765183141e+00,7.321351425614219810e-02
6.575100000000000000e+04,1.739565383384513275e+00,7.262438737121507115e-02
6.575200000000000000e+04,1.741222887979068323e+00,7.282037263106100333e-02
6.575300000000000000e+04,1.741950057083558656e+00,7.287601365544305043e-02
6.575400000000000000e+04,1.742844622504243768e+00,7.312821639613931168e-02
6.575500000000000000e+04,1.743478614306311014e+00,7.246192854348493251e-02
6.575600000000000000e+04,1.744204485255482107e+00,7.235649298093854709e-02
6.575700000000000000e+04,1.743992287558800536e+00,7.182469000762015110e-02
6.575800000000000000e+04,1.743266249225218001e+00,6.972220072047857764e-02
6.575900000000000000e+04,1.741643358316156132e+00,6.714322590262383761e-02
6.576000000000000000e+04,1.739690143471658956e+00,6.522961202251448265e-02
6.576100000000000000e+04,1.737000257143406667e+00,6.409751806446545297e-02
6.576200000000000000e+04,1.704542698965930692e+00,6.943019570766112425e-02
6.576300000000000000e+04,1.808775925409942920e+00,2.888695206854452469e-02
6.576400000000000000e+04,1.553584404476700875e+00,7.696840920814512765e-02
6.576500000000000000e+04,1.467253720788461280e+00,6.188907024180745342e-02
6.576600000000000000e+04,1.330014619570881518e+00,7.937669655088641640e-02
6.576700000000000000e+04,1.219462013609972528e+00,9.431650471123537161e-02
6.576800000000000000e+04,1.183296380082944577e+00,1.196588377634779099e-01
6.576900000000000000e+04,1.171306273958869770e+00,1.442816086236705098e-01
6.577000000000000000e+04,1.163817265758674058e+00,1.555230124445505790e-01
6.577100000000000000e+04,1.152859865340172929e+00,1.740828537885462102e-01
6.577200000000000000e+04,1.151789616672277416e+00,1.758847616222912191e-01
6.577300000000000000e+04,1.146597570079956885e+00,1.878308595912968615e-01
6.577400000000000000e+04,1.149312926096313747e+00,2.096501634350413923e-01
6.577500000000000000e+04,1.130593678679733483e+00,1.983162034813727992e-01
6.577600000000000000e+04,1.172625149371466557e+00,2.621729697158986516e-01
6.577700000000000000e+04,1.239848435983591957e+00,3.180155536890358903e-01
6.577800000000000000e+04,1.290572138836610483e+00,3.286986813832710741e-01
6.577900000000000000e+04,1.470821562525342241e+00,2.055816689428500155e-01
6.578000000000000000e+04,1.586894472000392797e+00,1.746806668523772643e-01
6.578100000000000000e+04,1.652347382503830397e+00,1.712392579145136651e-01
6.578200000000000000e+04,1.693282647636840110e+00,1.778109659677946652e-01
6.578300000000000000e+04,1.724220887955274728e+00,2.124034186448588990e-01
6.578400000000000000e+04,1.685593354227987728e+00,2.494778615837709435e-01
6.578500000000000000e+04,1.560041832604357692e+00,2.802508511994545870e-01
6.578600000000000000e+04,1.524232668404477131e+00,2.874145712008129294e-01
6.578700000000000000e+04,1.451562860936164601e+00,3.077941858079116244e-01
6.578800000000000000e+04,1.443778356697509979e+00,3.316737391830719694e-01
6.578900000000000000e+04,1.350392939479617471e+00,3.767438187794116544e-01
6.579000000000000000e+04,1.258798893500074900e+00,3.997105734886035044e-01
6.579100000000000000e+04,1.197665127635210602e+00,4.172063916494090918e-01
6.579200000000000000e+04,1.158456970192995872e+00,4.298225081384328128e-01
6.579300000000000000e+04,1.274592886100353484e+00,4.537699772214489613e-01
6.579400000000000000e+04,1.304812119076930399e+00,4.789665977126600360e-01
6.579500000000000000e+04,1.303041966678922581e+00,5.000730547098766188e-01
6.579600000000000000e+04,1.299355470139221591e+00,5.003581805565748830e-01
6.579700000000000000e+04,1.217620863788656971e+00,5.373732065665319801e-01
6.579800000000000000e+04,1.212008693906202472e+00,5.537433595371252792e-01
6.579900000000000000e+04,1.200774893418403044e+00,5.717087467083104002e-01
6.580000000000000000e+04,1.184994645945362191e+00,5.884702705316922078e-01
6.580100000000000000e+04,1.164480997313296129e+00,5.964631088781020551e-01
6.580200000000000000e+04,1.138929816821611540e+00,6.060633589466726256e-01
6.580300000000000000e+04,1.113864047739743901e+00,6.134262120027735854e-01
6.580400000000000000e+04,9.455295856082662764e-01,6.038516921086434230e-01
6.580500000000000000e+04,8.936208105610435881e-01,5.808411249185150282e-01
6.580600000000000000e+04,8.525426928704298302e-01,5.659117606728076844e-01
6.580700000000000000e+04,6.963668458601486311e-01,5.430756244339365324e-01
6.580800000000000000e+04,5.447543508604367757e-01,4.987057248399011655e-01
6.580900000000000000e+04,3.535857277423066769e-01,4.389039834925796413e-01
6.581000000000000000e+04,2.002304259878862902e-01,3.669047973107928406e-01
6.581100000000000000e+04,1.807729404083214808e-01,2.549121852447764347e-01
6.581200000000000000e+04,5.461385663684711900e-02,1.948209243384066980e-01
6.581300000000000000e+04,1.208744431831035721e-01,1.645072848282271849e-01
6.581400000000000000e+04,2.076784983310704658e-01,1.582059819266534717e-01
6.581500000000000000e+04,2.916963887902822572e-01,1.362238314405597173e-01
6.581600000000000000e+04,4.294955480609472520e-01,1.057359325478413048e-01
6.581700000000000000e+04,4.636228136112587328e-01,1.107847811260671556e-01
6.581800000000000000e+04,4.588893834807231675e-01,1.109365904494179489e-01
6.581900000000000000e+04,4.243982897370427998e-01,9.673173549938773874e-02
6.582000000000000000e+04,3.950113358554678822e-01,8.846236518648087355e-02
6.582100000000000000e+04,3.570452924697019026e-01,7.517201938600193145e-02
6.582200000000000000e+04,3.531083877421772321e-01,6.519258606648214993e-02
6.582300000000000000e+04,3.211341729786654775e-01,5.952400423963677412e-02
6.582400000000000000e+04,3.331411597018960613e-01,5.416752867963259277e-02
6.582500000000000000e+04,3.284830142815081122e-01,4.894979548063949082e-02
6.582600000000000000e+04,3.234292438461257024e-01,4.475897507352399884e-02
6.582700000000000000e+04,3.116576277261502437e-01,4.044616146358626096e-02
6.582800000000000000e+04,2.766927284255433217e-01,3.121430131825597698e-02
6.582900000000000000e+04,2.625655660183817131e-01,2.565144953996600918e-02
6.583000000000000000e+04,2.625692042267473436e-01,2.113299321637818196e-02
6.583100000000000000e+04,2.633624740490310701e-01,1.842238233370441236e-02
6.583200000000000000e+04,2.701984791270038988e-01,1.940263466595437691e-02
6.583300000000000000e+04,2.669336529576227246e-01,2.518078657135403020e-02
6.583400000000000000e+04,2.913715686438171359e-01,2.483546228828359403e-02
6.583500000000000000e+04,3.195750631135002018e-01,2.936592431622742083e-02
6.583600000000000000e+04,3.452994929375991506e-01,2.620692450820172326e-02
6.583700000000000000e+04,3.273617467192339037e-01,2.428019087937460796e-02
6.583800000000000000e+04,4.126198174877959701e-01,2.135223437279520908e-02
6.583900000000000000e+04,5.752768285038672991e-01,1.357309350052382513e-02
6.584000000000000000e+04,7.910837738672484853e-01,1.030194750131840919e-02
6.584100000000000000e+04,1.065276827550293515e+00,1.115532263231910903e-02
6.584200000000000000e+04,1.410279052689692669e+00,1.731744104613142099e-02
6.584300000000000000e+04,1.815160638369868851e+00,1.684382276783447097e-02
6.584400000000000000e+04,2.203957475218314421e+00,1.487055345634313852e-03
6.584500000000000000e+04,2.595795527678872450e+00,6.989865115524285244e-02
6.584600000000000000e+04,2.992962162476656029e+00,1.134480304315426125e-01
6.584700000000000000e+04,3.302762428956144358e+00,1.375830871430960833e-01
6.584800000000000000e+04,3.613080275742264647e+00,1.581069925200377924e-01
6.584900000000000000e+04,3.984922533886217089e+00,1.884771723091973605e-01
6.585000000000000000e+04,4.499172044537061765e+00,1.504269885744555779e-01
6.585100000000000000e+04,4.915678672395110915e+00,1.299253278550804858e-01
6.585200000000000000e+04,5.310504040526903502e+00,1.032272826663542808e-01
6.585300000000000000e+04,5.591045890130496687e+00,8.140490719991699820e-02
6.585400000000000000e+04,5.880770296411183651e+00,2.659552782588692210e-02
6.585500000000000000e+04,6.212032541434441946e+00,2.156835666886802727e-02
6.585600000000000000e+04,6.252091143217111124e+00,9.285700332422486269e-03
6.585700000000000000e+04,6.252823689202015700e+00,7.558071795429111006e-03
6.585800000000000000e+04,6.140718914622240732e+00,3.665966120785935090e-02
6.585900000000000000e+04,6.216127873006720428e+00,3.738623166151411326e-02
6.586000000000000000e+04,5.914418717335001574e+00,2.575245304668571933e-02
6.586100000000000000e+04,5.393658352449304694e+00,1.586080750087459634e-02
6.586200000000000000e+04,4.213449154164173649e+00,9.992898468860955674e-02
6.586300000000000000e+04,4.856004561857578672e+00,4.266791850861206825e-02
6.586400000000000000e+04,4.823520794278373991e+00,2.009020575649955731e-02
6.586500000000000000e+04,4.760301998719375760e+00,6.195794767826257043e-02
6.586600000000000000e+04,4.534034482765399332e+00,3.814734256836027626e-02
6.586700000000000000e+04,4.361994109436050593e+00,4.472298675999253348e-02
6.586800000000000000e+04,3.878206197088745810e+00,6.695047932475794994e-02
6.586900000000000000e+04,3.533592661369588939e+00,7.483699271833366140e-02
6.587000000000000000e+04,3.272950378115506709e+00,5.398198014021549085e-02
6.587100000000000000e+04,2.985576023997233541e+00,2.354882804048141764e-02
6.587200000000000000e+04,2.754193642350098337e+00,3.829115303419783345e-04
6.587300000000000000e+04,2.620339097820630236e+00,4.067093127865417657e-02
6.587400000000000000e+04,2.514105867385508564e+00,5.234651121528655082e-02
6.587500000000000000e+04,2.369850589045714884e+00,6.070785161461200730e-02
6.587600000000000000e+04,2.164547473692251867e+00,7.422018561048560059e-02
6.587700000000000000e+04,1.918395407877866221e+00,1.000628667257461579e-01
6.587800000000000000e+04,1.560284621735119837e+00,1.003010005888809175e-01
6.587900000000000000e+04,3.412144290792313295e-01,9.055412919471184097e-02
6.588000000000000000e+04,1.062214297626180581e+00,5.820936444891344763e-02
6.588100000000000000e+04,1.685597875113268751e+00,3.835847217870469450e-02
6.588200000000000000e+04,1.935360415323497341e+00,3.781314466921292805e-02
6.588300000000000000e+04,1.943008673305861578e+00,3.584871253323429485e-02
6.588400000000000000e+04,2.237552992720178491e+00,4.384242913824065724e-02
6.588500000000000000e+04,2.593350721171914675e+00,6.777038493880205294e-02
6.588600000000000000e+04,2.596817079268285422e+00,6.678900086452355112e-02
6.588700000000000000e+04,2.605404762097036642e+00,6.636638286479223936e-02
6.588800000000000000e+04,2.611632601683586685e+00,6.734134822835935452e-02
6.588900000000000000e+04,2.825768950230884258e+00,8.737421995874106173e-02
6.589000000000000000e+04,2.889635845753538046e+00,8.819915225776719936e-02
6.589100000000000000e+04,2.965817423481647896e+00,9.186901590149432195e-02
6.589200000000000000e+04,3.047115751152940533e+00,9.247849579495115435e-02
6.589300000000000000e+04,3.163248815613031617e+00,9.162857306925542566e-02
6.589400000000000000e+04,3.346865338435766724e+00,9.537058100384010473e-02
6.589500000000000000e+04,3.525803942645473477e+00,9.428923287259527442e-02
6.589600000000000000e+04,3.611075197366980571e+00,1.009199992953273561e-01
6.589700000000000000e+04,3.710132981809225683e+00,1.016157651880646995e-01
6.589800000000000000e+04,3.807215224500810624e+00,1.079701973091944378e-01
6.589900000000000000e+04,3.902866535159988715e+00,1.038156749023850800e-01
6.590000000000000000e+04,3.992620507225685955e+00,1.048602249333232539e-01
6.590100000000000000e+04,4.027342447180698670e+00,1.041606285928986519e-01
6.590200000000000000e+04,4.085730908541284734e+00,1.072193993971259918e-01
6.590300000000000000e+04,4.125863076451618205e+00,1.115347242947082318e-01
6.590400000000000000e+04,4.190836148278112461e+00,1.083608380925211723e-01
6.590500000000000000e+04,4.214549844200851325e+00,1.060043957365854883e-01
6.590600000000000000e+04,4.202198705951945890e+00,1.049862059348918297e-01
6.590700000000000000e+04,4.226713178195953269e+00,1.036722061608159606e-01
6.590800000000000000e+04,4.391350823653356272e+00,1.010650435811681902e-01
6.590900000000000000e+04,3.997142878725182591e+00,1.142224164460907687e-01
6.591000000000000000e+04,3.770110266388748244e+00,1.203167057607530399e-01
6.591100000000000000e+04,3.546276639617278459e+00,1.292444030011847822e-01
6.591200000000000000e+04,3.462288293958924790e+00,1.362027276427442146e-01
6.591300000000000000e+04,3.583321028544681930e+00,1.456129978058802177e-01
6.591400000000000000e+04,3.338704955323851031e+00,1.560549984123702494e-01
6.591500000000000000e+04,3.267336537160609566e+00,1.576990958657920050e-01
6.591600000000000000e+04,3.513663847422239250e+00,1.404734223791352932e-01
6.591700000000000000e+04,3.638285395443597192e+00,1.298249504214372685e-01
6.591800000000000000e+04,3.745049020669422024e+00,1.165744124611792776e-01
6.591900000000000000e+04,3.981237218795513400e+00,1.049615151443472616e-01
6.592000000000000000e+04,4.523075784418428391e+00,7.650484410531188662e-02
6.592100000000000000e+04,4.917117667082276711e+00,5.911231205942157896e-02
6.592200000000000000e+04,4.834378323748263817e+00,6.479345285591353587e-02
6.592300000000000000e+04,4.481528830913660499e+00,6.313542602703803297e-02
6.592400000000000000e+04,4.092707647107568292e+00,6.506913328003294250e-02
6.592500000000000000e+04,4.400023865854335803e+00,6.439383085989647260e-02
6.592600000000000000e+04,4.621356327653014517e+00,6.367176479573555259e-02
6.592700000000000000e+04,4.706680402731986845e+00,7.415141178624329310e-02
6.592800000000000000e+04,4.752265735864813934e+00,6.993234426527838998e-02
6.592900000000000000e+04,4.766919062104945759e+00,7.253320297526921756e-02
6.593000000000000000e+04,4.717411058944169788e+00,6.752706740055869350e-02
6.593100000000000000e+04,4.832955018819776072e+00,5.359843503997896441e-02
6.593200000000000000e+04,4.989360933059050041e+00,4.718453631150520966e-02
6.593300000000000000e+04,5.239547631772422775e+00,2.365461767314736008e-02
6.593400000000000000e+04,5.390725634283065837e+00,6.920243030694994690e-03
6.593500000000000000e+04,5.616515816249139981e+00,2.567893802263376823e-02
6.593600000000000000e+04,5.866699665686174292e+00,5.585584459913972566e-02
6.593700000000000000e+04,6.151193357935960115e+00,8.088947824206063619e-02
6.593800000000000000e+04,6.453038861372798252e+00,1.064376377774533811e-01
6.593900000000000000e+04,6.738851237874600386e+00,1.220643442964598618e-01
6.594000000000000000e+04,7.174232207581845877e+00,1.631087095988347502e-01
6.594100000000000000e+04,7.503328397661681137e+00,1.903006268583268545e-01
6.594200000000000000e+04,7.750648766837946901e+00,2.285402614130729315e-01
6.594300000000000000e+04,8.065881831393372892e+00,2.450119141728490657e-01
6.594400000000000000e+04,8.498396691912507350e+00,2.849990144606980302e-01
6.594500000000000000e+04,8.973265814734984858e+00,3.476114765383190863e-01
6.594600000000000000e+04,9.411698356214371231e+00,4.155904036579957106e-01
6.594700000000000000e+04,9.826229052126951302e+00,4.433946306505383017e-01
6.594800000000000000e+04,1.016656169912116425e+01,4.709071509709540915e-01
6.594900000000000000e+04,1.065760830242924762e+01,4.858408273575651748e-01
6.595000000000000000e+04,1.121039500439652414e+01,5.111560894375120068e-01
6.595100000000000000e+04,1.175587626125649798e+01,5.828869040300174165e-01
6.595200000000000000e+04,1.221086172223917998e+01,5.944220814236855777e-01
6.595300000000000000e+04,1.209276896274374380e+01,5.441247638039141687e-01
6.595400000000000000e+04,1.138124068128586508e+01,4.145845286508461625e-01
6.595500000000000000e+04,1.047288008925986524e+01,2.732984320467755079e-01
6.595600000000000000e+04,1.011765376159569030e+01,2.110975579841783967e-01
6.595700000000000000e+04,1.004605185286184721e+01,2.281260286536892501e-01
6.595800000000000000e+04,1.004332471144576111e+01,2.196974380428862172e-01
6.595900000000000000e+04,1.005850389987705462e+01,2.258588381063586503e-01
6.596000000000000000e+04,1.008790911983862060e+01,2.223125756618704596e-01
6.596100000000000000e+04,9.485459190906780691e+00,2.336019669236154561e-01
6.596200000000000000e+04,9.565892745921178886e+00,2.189070086695815709e-01
6.596300000000000000e+04,9.806583090963762572e+00,2.663552381979976680e-01
6.596400000000000000e+04,9.698782999167084640e+00,3.966530665598935190e-01
6.596500000000000000e+04,9.203881595318772924e+00,4.298161404947795639e-01
6.596600000000000000e+04,8.997727096210105913e+00,2.540809190530149975e-01
6.596700000000000000e+04,8.906707442464425029e+00,2.959706802446171459e-02
6.596800000000000000e+04,8.810531488453140270e+00,1.311740426425907491e-01
6.596900000000000000e+04,8.724680064919517974e+00,1.802929010068543558e-01
6.597000000000000000e+04,8.637518323728452074e+00,1.771686411692676710e-01
6.597100000000000000e+04,8.513117528119352073e+00,1.920026782735611004e-01
6.597200000000000000e+04,8.418531130508386084e+00,1.637555337399120292e-01
6.597300000000000000e+04,8.341457592889474526e+00,1.358253143714966971e-01
6.597400000000000000e+04,8.236100028993122990e+00,1.257376479623375509e-01
6.597500000000000000e+04,8.105289159312995650e+00,1.079188540349433900e-01
6.597600000000000000e+04,7.881734276301288311e+00,9.751376040644577081e-02
6.597700000000000000e+04,7.590042591251862980e+00,1.240741682445984928e-01
6.597800000000000000e+04,7.727128293585736607e+00,7.401984467160804826e-02
6.597900000000000000e+04,8.042720547755068949e+00,4.675384320609676791e-02
6.598000000000000000e+04,8.479095652960289442e+00,4.006689733728130420e-02
6.598100000000000000e+04,8.530468883461880480e+00,5.311274718559522157e-02
6.598200000000000000e+04,8.583519515983471848e+00,1.057816907969950648e-01
6.598300000000000000e+04,8.279635336314330019e+00,1.437772454532249000e-01
6.598400000000000000e+04,8.074193462666611865e+00,2.085367498783541329e-01
6.598500000000000000e+04,7.898945853232671510e+00,2.790788626383637894e-01
6.598600000000000000e+04,7.811232203765787752e+00,2.297644226190991290e-01
6.598700000000000000e+04,7.713253133388554339e+00,1.917908595812070072e-01
6.598800000000000000e+04,7.610994592980617313e+00,1.452467203831744325e-01
6.598900000000000000e+04,7.515751645615046606e+00,1.314499520923821940e-01
6.599000000000000000e+04,7.453858749877624312e+00,1.276280009206756105e-01
6.599100000000000000e+04,7.412300169107025383e+00,1.218087808611703071e-01
6.599200000000000000e+04,7.340288109875928946e+00,1.032847283567031038e-01
6.599300000000000000e+04,7.284912632443508507e+00,1.051109115662209881e-01
6.599400000000000000e+04,7.233365207734960833e+00,8.249421619612795631e-02
6.599500000000000000e+04,7.206216120035973560e+00,6.738781173530083990e-02
6.599600000000000000e+04,7.167488626808598440e+00,3.581846357709950190e-02
6.599700000000000000e+04,7.143506982066901045e+00,2.403892555685627208e-02
6.599800000000000000e+04,7.095802425740045827e+00,4.514505804757418250e-02
6.599900000000000000e+04,7.008385089003002832e+00,3.770433321873001287e-02
6.600000000000000000e+04,6.972465615177779519e+00,1.120302541719964129e-02
6.600100000000000000e+04,6.907833414668249183e+00,4.449830001682641978e-04
6.600200000000000000e+04,6.807143893914100019e+00,1.268044783451305335e-02
6.600300000000000000e+04,6.649889859168985673e+00,8.154403927726372459e-03
6.600400000000000000e+04,6.545669979338699207e+00,1.262436954434531522e-02
6.600500000000000000e+04,6.490340904523848486e+00,3.202046001087155425e-02
6.600600000000000000e+04,6.367442527128781116e+00,1.495861655676722357e-02
6.600700000000000000e+04,6.264794676011740115e+00,1.768538187257751026e-02
6.600800000000000000e+04,6.161418623774165049e+00,4.719146540165475301e-03
6.600900000000000000e+04,5.951297571583265444e+00,4.539863023650836382e-02
6.601000000000000000e+04,5.781129118626463281e+00,9.243161262257459931e-02
6.601100000000000000e+04,5.590969425718507857e+00,1.064324173404054275e-01
6.601200000000000000e+04,5.331885800958949595e+00,1.435130336426913011e-01
6.601300000000000000e+04,5.101011907114732402e+00,1.332194370005646000e-01
6.601400000000000000e+04,4.870632311369478273e+00,1.862080991903929394e-01
6.601500000000000000e+04,4.734052034555054078e+00,2.040296895127826637e-01
6.601600000000000000e+04,4.380934408327584961e+00,2.029200024023909421e-01
6.601700000000000000e+04,4.373593233271377834e+00,2.137053459852631399e-01
6.601800000000000000e+04,4.127422416320068344e+00,2.267074146029401938e-01
6.601900000000000000e+04,4.124090329703673063e+00,2.292404712102484865e-01
6.602000000000000000e+04,4.063362403664850575e+00,2.359309771557409618e-01
6.602100000000000000e+04,3.967252874046871547e+00,2.351344627557665490e-01
6.602200000000000000e+04,3.800156350718898679e+00,2.354248373181018206e-01
6.602300000000000000e+04,3.451948395443067863e+00,2.178745927417622408e-01
6.602400000000000000e+04,3.251365844496184820e+00,2.233945609136862576e-01
6.602500000000000000e+04,2.896951828817937891e+00,2.197751059202601720e-01
6.602600000000000000e+04,2.569626254884668892e+00,2.148700230721689586e-01
6.602700000000000000e+04,2.268177568362899965e+00,2.133623813825269444e-01
6.602800000000000000e+04,1.934655052644668860e+00,1.894756383899447449e-01
6.602900000000000000e+04,1.695564919146876015e+00,1.808773717594083230e-01
6.603000000000000000e+04,1.445621991709036935e+00,1.646722526598212166e-01
6.603100000000000000e+04,1.423555636729653573e+00,1.664373290495382296e-01
6.603200000000000000e+04,1.417181416493816348e+00,1.787391041505204115e-01
6.603300000000000000e+04,1.522784883041971682e+00,2.031053027879174966e-01
6.603400000000000000e+04,1.717953906143799392e+00,2.208628292419803074e-01
6.603500000000000000e+04,1.847657395559837656e+00,2.314352992206587523e-01
6.603600000000000000e+04,2.172995440770098874e+00,2.616085066188476027e-01
6.603700000000000000e+04,2.366835481072265157e+00,2.951709366858707995e-01
6.603800000000000000e+04,2.256624154102593316e+00,3.249956213979570130e-01
6.603900000000000000e+04,2.073408992236569492e+00,3.534300501711551412e-01
6.604000000000000000e+04,1.917285833984893051e+00,3.582340280184173054e-01
6.604100000000000000e+04,1.826282436785336305e+00,3.584046301856318451e-01
6.604200000000000000e+04,1.801214908385119218e+00,3.628192995241574792e-01
6.604300000000000000e+04,1.729565609298710616e+00,4.130195513001333474e-01
6.604400000000000000e+04,1.687451887429782582e+00,4.557390903831386453e-01
6.604500000000000000e+04,1.685505045275367264e+00,4.720985055159898636e-01
6.604600000000000000e+04,1.649728301698915489e+00,4.726772547912543310e-01
6.604700000000000000e+04,1.661033712975747090e+00,4.679581635343956769e-01
6.604800000000000000e+04,1.687445632909587712e+00,4.641561255302097955e-01
6.604900000000000000e+04,1.701835382877100455e+00,4.679576521283848045e-01
6.605000000000000000e+04,1.697980559693123892e+00,4.786513720676466299e-01
6.605100000000000000e+04,1.718575013922095662e+00,4.856922206028597699e-01
6.605200000000000000e+04,1.743100045469655024e+00,5.070795794638072174e-01
6.605300000000000000e+04,1.776647432383433589e+00,5.326106409511917050e-01
6.605400000000000000e+04,1.847275644074741319e+00,5.662904291090455899e-01
6.605500000000000000e+04,1.947304412903642090e+00,6.106954158371822317e-01
6.605600000000000000e+04,2.060832801717983109e+00,6.499132441049888520e-01
6.605700000000000000e+04,2.165587726141707137e+00,6.979139345532070493e-01
6.605800000000000000e+04,2.268188182880346293e+00,7.377682888231622549e-01
6.605900000000000000e+04,2.366255781575205663e+00,7.730387378648035934e-01
6.606000000000000000e+04,2.444034134261718005e+00,8.167675211664802148e-01
6.606100000000000000e+04,2.517797046230964231e+00,8.412959309044207856e-01
6.606200000000000000e+04,2.572751983625936045e+00,8.969304562819608861e-01
6.606300000000000000e+04,2.621756645300480582e+00,9.551973833699394234e-01
6.606400000000000000e+04,2.596702906787681897e+00,1.000214944110322968e+00
6.606500000000000000e+04,2.529011934617374280e+00,1.037286837630107872e+00
6.606600000000000000e+04,2.354929064737420585e+00,1.080846905357356391e+00
6.606700000000000000e+04,2.189222053044279637e+00,1.117751979514820082e+00
6.606800000000000000e+04,2.082724646518334666e+00,1.154567904770387177e+00
6.606900000000000000e+04,2.103280163258027358e+00,1.145084886527967249e+00
6.607000000000000000e+04,2.129259393627293218e+00,1.133958900208689169e+00
6.607100000000000000e+04,2.156116687882066785e+00,1.132990748923426327e+00
6.607200000000000000e+04,2.183874477330963071e+00,1.134804805777243963e+00
6.607300000000000000e+04,2.214037748974855724e+00,1.138375542139428376e+00
6.607400000000000000e+04,2.160815453272242781e+00,1.169834917729982049e+00
6.607500000000000000e+04,2.103972521156759701e+00,1.215502631124331767e+00
6.607600000000000000e+04,2.111876471439306791e+00,1.220440625400362133e+00
6.607700000000000000e+04,2.119340642428388488e+00,1.224984171652877318e+00
6.607800000000000000e+04,2.124557648336837801e+00,1.227605558575777245e+00
6.607900000000000000e+04,2.126988820335354635e+00,1.229251357250712662e+00
6.608000000000000000e+04,2.127363784295527083e+00,1.231005602329345638e+00
6.608100000000000000e+04,2.125503162807173219e+00,1.231978353146853777e+00
6.608200000000000000e+04,2.122998367437283207e+00,1.229747357808355090e+00
6.608300000000000000e+04,2.119061538971036995e+00,1.224853356928958803e+00
6.608400000000000000e+04,2.112108211044087192e+00,1.218957208224412447e+00
6.608500000000000000e+04,2.118171746557744317e+00,1.219130922008996976e+00
6.608600000000000000e+04,2.114576746581473543e+00,1.213033433575586351e+00
6.608700000000000000e+04,2.110459952754601964e+00,1.207236118765505406e+00
6.608800000000000000e+04,2.108468694995403681e+00,1.204069417096045758e+00
6.608900000000000000e+04,2.106591000516330414e+00,1.202152297485610699e+00
6.609000000000000000e+04,2.104822135184890364e+00,1.201418196445448672e+00
6.609100000000000000e+04,2.106567225943464461e+00,1.198438101701006175e+00
6.609200000000000000e+04,2.113525676746216053e+00,1.197212391232718165e+00
6.609300000000000000e+04,2.126026406353503262e+00,1.194927105542655354e+00
6.609400000000000000e+04,2.028398078575772256e+00,1.221471794550918144e+00
6.609500000000000000e+04,2.023090043391722936e+00,1.226197432380933705e+00
6.609600000000000000e+04,2.022931128078652829e+00,1.226261137203894069e+00
6.609700000000000000e+04,2.017463414900754426e+00,1.229552136823158115e+00
6.609800000000000000e+04,2.021500675064043850e+00,1.232124884307289392e+00
6.609900000000000000e+04,2.024319573487145529e+00,1.237571704815789708e+00
6.610000000000000000e+04,2.026149886438494363e+00,1.241647894405118357e+00
6.610100000000000000e+04,2.028468906133841010e+00,1.244006706790055095e+00
6.610200000000000000e+04,2.030293092333586902e+00,1.244580822812269449e+00
6.610300000000000000e+04,2.030699818731546369e+00,1.244372883055972157e+00
6.610400000000000000e+04,2.029199448845078191e+00,1.244732840022895193e+00
6.610500000000000000e+04,2.027802619659620831e+00,1.244717055546324502e+00
6.610600000000000000e+04,2.028736639755142956e+00,1.245610001701880964e+00
6.610700000000000000e+04,2.030228028234978499e+00,1.245968731882825864e+00
6.610800000000000000e+04,2.029199364745221779e+00,1.244774494529853559e+00
6.610900000000000000e+04,2.028707598022445158e+00,1.244415673995861837e+00
6.611000000000000000e+04,2.028023622135151971e+00,1.245498265783127501e+00
6.611100000000000000e+04,2.026357086815986808e+00,1.247540774345774484e+00
6.611200000000000000e+04,2.025171765795906520e+00,1.247737969216269782e+00
6.611300000000000000e+04,2.023157353930555402e+00,1.247551417725320633e+00
6.611400000000000000e+04,2.020296928290941540e+00,1.247422675319696417e+00
6.611500000000000000e+04,2.019520139767895461e+00,1.247856385626127995e+00
6.611600000000000000e+04,2.019364871569131026e+00,1.247800683601020921e+00
6.611700000000000000e+04,2.018645087851467679e+00,1.245737917382778281e+00
6.611800000000000000e+04,2.016675086334168476e+00,1.244854709531516779e+00
6.611900000000000000e+04,2.015667788081268341e+00,1.244391181633587529e+00
6.612000000000000000e+04,2.014272324037145179e+00,1.244733382472584360e+00
6.612100000000000000e+04,2.013072319550923250e+00,1.243840196719438573e+00
6.612200000000000000e+04,2.012622727850453597e+00,1.242957677528390370e+00
6.612300000000000000e+04,2.013464121563178999e+00,1.242630660990834190e+00
6.612400000000000000e+04,2.013412151978295039e+00,1.241770308303955961e+00
6.612500000000000000e+04,2.014371075946048251e+00,1.243036899449925237e+00
6.612600000000000000e+04,2.023684724551297442e+00,1.243304549825545280e+00
6.612700000000000000e+04,2.038036233606313807e+00,1.245939212030972243e+00
6.612800000000000000e+04,1.936521720120682577e+00,1.264523703427815171e+00
6.612900000000000000e+04,1.857297476406017500e+00,1.280741836778903409e+00
6.613000000000000000e+04,1.773201493107432247e+00,1.296361562473236528e+00
6.613100000000000000e+04,1.681962612970612447e+00,1.317156138040340263e+00
6.613200000000000000e+04,1.709685803343177213e+00,1.323108106823700503e+00
6.613300000000000000e+04,1.680652000491275722e+00,1.325922855294710434e+00
6.613400000000000000e+04,1.564261334486548360e+00,1.352126691230927324e+00
6.613500000000000000e+04,1.403713258748040316e+00,1.392819022825128261e+00
6.613600000000000000e+04,1.344039355655171297e+00,1.399071763287309089e+00
6.613700000000000000e+04,1.333825469402336150e+00,1.376716055563842911e+00
6.613800000000000000e+04,1.431268395909416347e+00,1.343263105574310945e+00
6.613900000000000000e+04,1.443888379444067338e+00,1.260719720597437643e+00
6.614000000000000000e+04,1.449532955562459868e+00,1.279499199360110584e+00
6.614100000000000000e+04,1.484780635737599219e+00,1.287520178818512218e+00
6.614200000000000000e+04,1.396223963374484844e+00,1.243465295993173569e+00
6.614300000000000000e+04,1.553307101769157539e+00,1.306952869940938733e+00
6.614400000000000000e+04,1.501815744853883139e+00,1.258961537457967239e+00
6.614500000000000000e+04,1.232648848388816498e+00,1.208398265124387194e+00
6.614600000000000000e+04,1.491136153393802566e+00,1.236382910953202074e+00
6.614700000000000000e+04,1.668963514037989038e+00,1.284377025472072997e+00
6.614800000000000000e+04,1.786224452052712630e+00,1.268991536466556713e+00
6.614900000000000000e+04,2.015628150334309865e+00,1.231284638962077960e+00
6.615000000000000000e+04,2.168346367426193577e+00,1.275532422783424380e+00
6.615100000000000000e+04,2.293216360479794158e+00,1.310851453467804628e+00
6.615200000000000000e+04,2.375109061511429420e+00,1.290033213855034333e+00
6.615300000000000000e+04,2.417846396685842336e+00,1.265533347115719298e+00
6.615400000000000000e+04,2.439446950342346820e+00,1.257423437789030096e+00
6.615500000000000000e+04,2.473060012226076854e+00,1.272764589551343306e+00
6.615600000000000000e+04,2.508688735352107901e+00,1.276913602076309218e+00
6.615700000000000000e+04,2.504341786609081577e+00,1.290007586911844584e+00
6.615800000000000000e+04,2.489476972792056042e+00,1.295055504118061585e+00
6.615900000000000000e+04,2.539565905207305185e+00,1.312319138782277683e+00
6.616000000000000000e+04,2.424394996354718224e+00,1.342320077959560543e+00
6.616100000000000000e+04,2.391602931849952540e+00,1.353135159634950568e+00
6.616200000000000000e+04,2.390138941053126853e+00,1.362159087320803152e+00
6.616300000000000000e+04,2.559978372852085293e+00,1.335770990229923072e+00
6.616400000000000000e+04,2.606231468660118900e+00,1.324873131161258932e+00
6.616500000000000000e+04,2.393794393630369388e+00,1.346942278818847427e+00
6.616600000000000000e+04,2.294156451033968036e+00,1.370332470230490429e+00
6.616700000000000000e+04,2.166297707746133838e+00,1.372501451966050112e+00
6.616800000000000000e+04,2.197847098370720342e+00,1.377497235058548597e+00
6.616900000000000000e+04,2.242408507390656336e+00,1.364108628456086159e+00
6.617000000000000000e+04,2.255861676547250561e+00,1.356312617855729208e+00
6.617100000000000000e+04,2.319717630564242850e+00,1.346083890443789954e+00
6.617200000000000000e+04,2.398230945955287741e+00,1.342330063963100173e+00
6.617300000000000000e+04,2.483926831572402794e+00,1.340882307334534396e+00
6.617400000000000000e+04,2.562531775323444450e+00,1.345683090550654271e+00
6.617500000000000000e+04,2.676002946304300245e+00,1.339942557817395574e+00
6.617600000000000000e+04,2.780672033662002107e+00,1.346440381092340211e+00
6.617700000000000000e+04,2.857852646375766081e+00,1.353655274895052329e+00
6.617800000000000000e+04,2.996956083325502451e+00,1.361671771359444172e+00
6.617900000000000000e+04,3.383349048669006987e+00,1.317641028966602512e+00
6.618000000000000000e+04,3.532529510159001074e+00,1.368847858838063480e+00
6.618100000000000000e+04,3.288886423830104544e+00,1.406600048767347566e+00
6.618200000000000000e+04,3.550492876311051926e+00,1.402822226600489941e+00
6.618300000000000000e+04,3.507104121774682781e+00,1.422109416478824606e+00
6.618400000000000000e+04,3.535363446495040751e+00,1.453906748842249463e+00
6.618500000000000000e+04,3.542026991985730788e+00,1.468250160573578711e+00
6.618600000000000000e+04,3.735283418018386037e+00,1.455265826528005846e+00
6.618700000000000000e+04,3.484443005850949238e+00,1.493864013902747701e+00
6.618800000000000000e+04,3.302229418096255475e+00,1.510050009422599260e+00
6.618900000000000000e+04,3.152953142449273383e+00,1.525720834597010800e+00
6.619000000000000000e+04,2.793074527167446863e+00,1.568287351058300416e+00
6.619100000000000000e+04,2.651788846627440410e+00,1.577028734674860821e+00
6.619200000000000000e+04,2.578057292194465333e+00,1.561061266935349856e+00
6.619300000000000000e+04,2.462324291408452215e+00,1.516472580834116179e+00
6.619400000000000000e+04,2.412834912279743893e+00,1.430422712939392937e+00
6.619500000000000000e+04,2.454182274682450871e+00,1.410620235929608057e+00
6.619600000000000000e+04,2.433840089929990569e+00,1.400269942126403322e+00
6.619700000000000000e+04,2.476089244270145429e+00,1.390268459667344914e+00
6.619800000000000000e+04,2.557681918388194919e+00,1.373514506145917302e+00
6.619900000000000000e+04,2.606144781891410744e+00,1.378876205134657695e+00
6.620000000000000000e+04,2.751384817510576397e+00,1.397783203158569520e+00
6.620100000000000000e+04,2.806999407190709395e+00,1.399920333308443787e+00
6.620200000000000000e+04,2.893495158925326827e+00,1.391463989256539691e+00
6.620300000000000000e+04,2.880426360650159889e+00,1.381951780228941828e+00
6.620400000000000000e+04,3.034552525890491737e+00,1.362137950053002200e+00
6.620500000000000000e+04,2.875793861992771649e+00,1.400558283104770041e+00
6.620600000000000000e+04,2.756786875709147822e+00,1.443097076072183071e+00
6.620700000000000000e+04,2.686113987173963658e+00,1.443945240145037445e+00
6.620800000000000000e+04,2.747650779146089128e+00,1.438079331439068298e+00
6.620900000000000000e+04,2.579144034633023885e+00,1.415117976488714291e+00
6.621000000000000000e+04,2.565239263890165766e+00,1.394604042493625684e+00
6.621100000000000000e+04,2.592835597330162667e+00,1.391190740193763986e+00
6.621200000000000000e+04,2.676350918623500608e+00,1.348712214699185452e+00
6.621300000000000000e+04,2.728358193164150514e+00,1.337574485332007512e+00
6.621400000000000000e+04,2.772206397849958481e+00,1.339768848828532199e+00
6.621500000000000000e+04,2.870566889452067283e+00,1.385192489922335568e+00
6.621600000000000000e+04,2.919925863822518064e+00,1.389929966188567789e+00
6.621700000000000000e+04,2.979655029059508742e+00,1.390722382956562697e+00
6.621800000000000000e+04,3.013096183133146866e+00,1.374279528686932039e+00
6.621900000000000000e+04,3.077814175539703268e+00,1.370566926672125874e+00
6.622000000000000000e+04,3.191718009205709805e+00,1.355101154166584720e+00
6.622100000000000000e+04,3.322429323986669569e+00,1.316187533284118416e+00
6.622200000000000000e+04,3.450077801238515374e+00,1.300794752723332337e+00
6.622300000000000000e+04,3.516631822587211076e+00,1.296636870921537010e+00
6.622400000000000000e+04,3.584773300339378910e+00,1.295575199738349781e+00
6.622500000000000000e+04,3.496893426429180884e+00,1.289567235449418092e+00
6.622600000000000000e+04,2.974092418929764836e+00,1.362460032930195908e+00
6.622700000000000000e+04,2.681807145311061458e+00,1.384445202682655918e+00
6.622800000000000000e+04,2.598014074566347809e+00,1.368627402802221837e+00
6.622900000000000000e+04,2.608397788020400121e+00,1.365355198983650098e+00
6.623000000000000000e+04,2.610628522969720589e+00,1.363966599426728266e+00
6.623100000000000000e+04,2.616400883247822939e+00,1.362993351629237182e+00
6.623200000000000000e+04,2.253557005603549435e+00,1.346729307383348839e+00
6.623300000000000000e+04,2.061767207145943637e+00,1.329452775639193618e+00
6.623400000000000000e+04,2.066505596504566000e+00,1.327767062090266847e+00
6.623500000000000000e+04,1.833465406744715809e+00,1.283580466862083824e+00
6.623600000000000000e+04,1.695099251709872412e+00,1.256863707663200103e+00
6.623700000000000000e+04,1.683592475037767988e+00,1.260051412350415845e+00
6.623800000000000000e+04,1.685194518858612600e+00,1.261269427737516935e+00
6.623900000000000000e+04,1.686655038960729769e+00,1.261077380983058660e+00
6.624000000000000000e+04,1.688347178258285286e+00,1.261690436203338095e+00
6.624100000000000000e+04,1.688863131697985853e+00,1.261156097384866115e+00
6.624200000000000000e+04,1.690488823712445798e+00,1.260997820229563970e+00
6.624300000000000000e+04,1.691157085833218554e+00,1.260424688097197432e+00
6.624400000000000000e+04,1.691132940047325839e+00,1.259730446914490543e+00
6.624500000000000000e+04,1.691914485211964525e+00,1.259062945359291419e+00
6.624600000000000000e+04,1.691297737645827581e+00,1.257708452094339791e+00
6.624700000000000000e+04,1.690336162557017907e+00,1.256774411618957643e+00
6.624800000000000000e+04,1.690319408415905889e+00,1.254786375585119629e+00
6.624900000000000000e+04,1.690641602770624585e+00,1.252908928931095289e+00
6.625000000000000000e+04,1.690477341824598190e+00,1.251975428875761409e+00
6.625100000000000000e+04,1.690052331481752601e+00,1.251917847942392470e+00
6.625200000000000000e+04,1.689559924830170479e+00,1.251894798233580630e+00
6.625300000000000000e+04,1.689438877925526716e+00,1.251492508542067839e+00
6.625400000000000000e+04,1.689745009392767283e+00,1.250877234920860559e+00
6.625500000000000000e+04,1.690229755366525088e+00,1.249590599844426109e+00
6.625600000000000000e+04,1.688766120573392593e+00,1.248904990979566421e+00
6.625700000000000000e+04,1.689235604282996794e+00,1.248494414654050644e+00
6.625800000000000000e+04,1.689485368950546684e+00,1.249228607736135643e+00
6.625900000000000000e+04,1.690958012215377337e+00,1.248952390758338638e+00
6.626000000000000000e+04,1.690895642351463612e+00,1.248904783196792323e+00
6.626100000000000000e+04,1.690511611638343625e+00,1.250248023391630880e+00
6.626200000000000000e+04,1.691172216543618712e+00,1.251106979479372328e+00
6.626300000000000000e+04,1.690369940257497872e+00,1.252355851530856157e+00
6.626400000000000000e+04,1.690118552616972192e+00,1.253877034684235170e+00
6.626500000000000000e+04,1.690349422349985753e+00,1.255115478078062452e+00
6.626600000000000000e+04,1.689941010881076844e+00,1.255835679165839380e+00
6.626700000000000000e+04,1.689429307750108800e+00,1.256248476891283161e+00
6.626800000000000000e+04,1.688695304233657879e+00,1.256811513294179505e+00
6.626900000000000000e+04,1.688569865566562855e+00,1.256652765324432153e+00
6.627000000000000000e+04,1.688499509677765298e+00,1.256768995741673223e+00
6.627100000000000000e+04,1.688967119441738607e+00,1.255812978660136636e+00
6.627200000000000000e+04,1.689030010852540231e+00,1.255864712662196681e+00
6.627300000000000000e+04,1.690234114507788821e+00,1.255769687697180004e+00
6.627400000000000000e+04,1.691145576045099297e+00,1.256091596357782336e+00
6.627500000000000000e+04,1.692172117524200825e+00,1.256605231244954268e+00
6.627600000000000000e+04,1.693664035641796906e+00,1.256554639914090998e+00
6.627700000000000000e+04,1.694991609353971196e+00,1.256766583247557634e+00
6.627800000000000000e+04,1.695309525463789102e+00,1.256358896070629783e+00
6.627900000000000000e+04,1.695232335298336057e+00,1.255856397169042182e+00
6.628000000000000000e+04,1.695947037389248457e+00,1.255133514826971108e+00
6.628100000000000000e+04,1.696129841864175258e+00,1.254023418838897896e+00
6.628200000000000000e+04,1.696509924582111362e+00,1.254354367293689876e+00
6.628300000000000000e+04,1.695599609757030501e+00,1.254750612688171785e+00
6.628400000000000000e+04,1.695072828316725344e+00,1.254367804466498981e+00
6.628500000000000000e+04,1.695085696143322940e+00,1.254232012549811870e+00
6.628600000000000000e+04,1.695668843054099595e+00,1.254368076640886898e+00
6.628700000000000000e+04,1.696131281146639580e+00,1.254515283044259633e+00
6.628800000000000000e+04,1.696915856669021005e+00,1.253739689704625349e+00
6.628900000000000000e+04,1.698273521846636269e+00,1.252778866201428087e+00
6.629000000000000000e+04,1.699370269066506012e+00,1.251754022247702380e+00
6.629100000000000000e+04,1.700949638602943015e+00,1.250954395867845292e+00
6.629200000000000000e+04,1.703319782526760084e+00,1.250046120952235995e+00
6.629300000000000000e+04,1.705069767545688730e+00,1.248981397975731156e+00
6.629400000000000000e+04,1.705710996762837439e+00,1.248085563683787313e+00
6.629500000000000000e+04,1.706512561179392318e+00,1.247478550805976028e+00
6.629600000000000000e+04,1.706983710692079548e+00,1.246928497533829727e+00
6.629700000000000000e+04,1.707770378604055006e+00,1.246289676254450640e+00
6.629800000000000000e+04,1.708679165017114476e+00,1.245532405212706806e+00
6.629900000000000000e+04,1.710669972684732976e+00,1.245204236646443974e+00
6.630000000000000000e+04,1.712467275447540738e+00,1.244643911234245337e+00
6.630100000000000000e+04,1.715524287014224658e+00,1.243040724286355925e+00
6.630200000000000000e+04,1.716031372271535016e+00,1.241276451841915929e+00
6.630300000000000000e+04,1.710088367886925864e+00,1.244225396323258792e+00
6.630400000000000000e+04,1.703291520141457127e+00,1.249581808186833953e+00
6.630500000000000000e+04,1.717547933543981831e+00,1.234884850183494365e+00
6.630600000000000000e+04,1.718626103761545565e+00,1.231798654695897000e+00
6.630700000000000000e+04,1.721806777521703635e+00,1.228570651422238313e+00
6.630800000000000000e+04,1.740669409049584004e+00,1.227634780965333405e+00
6.630900000000000000e+04,1.793614190106957551e+00,1.216520133099217915e+00
6.631000000000000000e+04,1.771163077109761952e+00,1.222811965607830231e+00
6.631100000000000000e+04,1.529814737096215849e+00,1.170257187639547780e+00
6.631200000000000000e+04,1.339988493749285636e+00,1.093066467360332084e+00
6.631300000000000000e+04,1.128271215352412149e+00,1.026791950079889659e+00
6.631400000000000000e+04,9.908711846331492712e-01,9.427995255086436543e-01
6.631500000000000000e+04,8.133733760365934318e-01,9.494639526723780421e-01
6.631600000000000000e+04,6.029789569592377552e-01,8.419336888470354552e-01
6.631700000000000000e+04,4.365973412994400560e-01,8.217176436080180224e-01
6.631800000000000000e+04,2.589389743976418523e-01,7.475381465241159873e-01
6.631900000000000000e+04,9.718522734554656262e-02,5.754974734940301317e-01
6.632000000000000000e+04,1.402430558246560433e-01,4.001924950703426020e-01
6.632100000000000000e+04,2.007883022627926783e-01,2.614545372603735984e-01
6.632200000000000000e+04,2.192654923148092960e-01,1.857111138310969523e-01
6.632300000000000000e+04,2.005389681564417326e-01,1.441593483719927349e-01
6.632400000000000000e+04,1.637387550972309591e-01,1.167710184879275914e-01
6.632500000000000000e+04,1.164538177750640419e-01,5.942306740242386809e-02
6.632600000000000000e+04,8.981708093492919709e-02,3.363414391655084046e-02
6.632700000000000000e+04,6.140199224633515612e-02,6.759976321720984060e-03
6.632800000000000000e+04,5.762005713965021730e-02,9.334443234145339829e-03
6.632900000000000000e+04,4.757425714472638539e-02,2.681329094418671843e-02
6.633000000000000000e+04,4.287377449301116306e-02,3.905895989662688805e-02
6.633100000000000000e+04,4.993355945055583806e-02,4.022059832683133607e-02
6.633200000000000000e+04,3.275172750190957077e-02,4.166741316950073326e-02
6.633300000000000000e+04,4.384791779831828662e-02,4.164738556797686897e-02
6.633400000000000000e+04,7.054257404105462870e-02,3.393966997297148680e-02
6.633500000000000000e+04,6.856720804598372132e-02,2.584269034703901013e-02
6.633600000000000000e+04,5.050819594707452870e-02,2.469611576890429205e-02
6.633700000000000000e+04,4.872417807577030663e-02,2.645586225880691700e-02
6.633800000000000000e+04,2.303003133899515775e-02,1.875814704143685674e-02
6.633900000000000000e+04,2.683392105084249704e-02,1.331314422132656716e-02
6.634000000000000000e+04,4.938098011113715990e-02,2.017071631666311760e-02
6.634100000000000000e+04,6.711474434883223095e-02,2.331775541496483584e-02
6.634200000000000000e+04,1.139986054381587482e-01,3.605792164183263537e-02
6.634300000000000000e+04,1.611996484200627078e-01,4.805395246874155646e-02
6.634400000000000000e+04,1.770158129100046496e-01,5.661418568046627797e-02
6.634500000000000000e+04,2.060934443969121843e-01,7.400176519108292439e-02
6.634600000000000000e+04,3.726340858691078450e-01,1.017922273118010423e-01
6.634700000000000000e+04,4.110141996694905431e-01,8.050680051879055554e-02
6.634800000000000000e+04,4.910254570842582655e-01,3.486868923381081231e-02
6.634900000000000000e+04,5.810719478017315476e-01,9.239201789258189024e-03
6.635000000000000000e+04,5.133445928209928732e-01,2.644964701982388533e-02
6.635100000000000000e+04,5.137074145805793357e-01,4.206310453595563104e-02
6.635200000000000000e+04,7.086080865105917059e-01,4.311628402360589973e-02
6.635300000000000000e+04,9.885829333726381396e-01,7.202811357023186645e-02
6.635400000000000000e+04,9.193641974546430395e-01,9.386609710654703065e-02
6.635500000000000000e+04,1.236363868359738216e+00,1.085702640192867108e-01
6.635600000000000000e+04,1.027993720829330160e+00,1.293214831147633248e-01
6.635700000000000000e+04,1.116015476242770088e+00,1.391613242793958705e-01
6.635800000000000000e+04,1.177380703675468432e+00,1.288284739658127620e-01
6.635900000000000000e+04,9.760951239401107760e-01,1.223170601967780158e-01
6.636000000000000000e+04,1.122803733984840235e+00,1.433271105068811835e-01
6.636100000000000000e+04,1.106200202170807945e+00,1.939998015572097501e-01
6.636200000000000000e+04,1.305499651847134679e+00,1.934387698277113543e-01
6.636300000000000000e+04,1.229505600322533088e+00,2.466245766863401911e-01
6.636400000000000000e+04,1.023675870929183551e+00,2.519277831768178544e-01
6.636500000000000000e+04,1.127296365353189556e+00,2.591118072832401253e-01
6.636600000000000000e+04,1.120956083255541635e+00,2.375391617366453545e-01
6.636700000000000000e+04,9.718303248288882035e-01,2.485672158821969902e-01
6.636800000000000000e+04,1.112374203506437453e+00,2.079130276235829911e-01
6.636900000000000000e+04,1.071753075196274718e+00,1.727807645109997736e-01
6.637000000000000000e+04,9.516717030798677035e-01,1.776197133032795250e-01
6.637100000000000000e+04,8.388493029817029045e-01,1.872565842288302917e-01
6.637200000000000000e+04,8.358987576464795843e-01,1.869597431816849564e-01
6.637300000000000000e+04,8.362392009929164871e-01,1.883606112557458800e-01
6.637400000000000000e+04,8.360304596146367340e-01,1.901835982594448637e-01
6.637500000000000000e+04,8.360009637000735960e-01,1.904169105140844920e-01
6.637600000000000000e+04,8.366000401825524069e-01,1.905327723866996337e-01
6.637700000000000000e+04,8.365260595788025499e-01,1.910333791446561236e-01
6.637800000000000000e+04,8.368090208818306230e-01,1.915564064571881886e-01
6.637900000000000000e+04,8.375392196454850557e-01,1.914748631192360051e-01
6.638000000000000000e+04,8.390235929482758870e-01,1.917526323063079019e-01
6.638100000000000000e+04,8.399402103327016089e-01,1.926882441567272508e-01
6.638200000000000000e+04,8.404329053002655980e-01,1.919207160498537235e-01
6.638300000000000000e+04,8.417674374919006386e-01,1.925752045011215330e-01
6.638400000000000000e+04,8.442641783243369780e-01,1.926526861516109079e-01
6.638500000000000000e+04,8.500039295273288387e-01,1.934900255119700319e-01
6.638600000000000000e+04,1.061338894804642052e+00,1.903966618658721188e-01
6.638700000000000000e+04,8.639427975165001605e-01,2.023935934298997097e-01
6.638800000000000000e+04,8.269536172420621778e-01,2.022103686649607823e-01
6.638900000000000000e+04,7.726112194737784211e-01,1.992724374088616912e-01
6.639000000000000000e+04,7.358637336811501006e-01,1.994441594342291069e-01
6.639100000000000000e+04,8.202220020482734464e-01,2.080707388932445667e-01
6.639200000000000000e+04,8.365702906888783374e-01,2.133934326567050732e-01
6.639300000000000000e+04,8.591709918813839053e-01,2.222508229129580570e-01
6.639400000000000000e+04,8.886936463266824626e-01,2.341002813377066616e-01
6.639500000000000000e+04,9.192018312531448077e-01,2.379389806862342027e-01
6.639600000000000000e+04,9.144869566223297053e-01,2.314632664668891948e-01
6.639700000000000000e+04,9.319767528550010338e-01,2.074303731100535231e-01
6.639800000000000000e+04,1.047181725953308717e+00,2.037081700402509910e-01
6.639900000000000000e+04,8.118756926363169812e-01,2.157967172408348233e-01
6.640000000000000000e+04,1.024965948723361553e+00,2.192518213945291450e-01
6.640100000000000000e+04,7.593548310576773153e-01,2.359461231422024241e-01
6.640200000000000000e+04,5.589178374306732477e-01,2.364471851816354331e-01
6.640300000000000000e+04,3.233757877476476361e-01,2.212944436870039056e-01
6.640400000000000000e+04,4.081604872112006843e-01,1.856767697819279306e-01
6.640500000000000000e+04,4.066489601426905298e-01,1.386349816513963162e-01
6.640600000000000000e+04,2.176748373524732827e-01,1.328027501980635350e-01
6.640700000000000000e+04,1.225592419467807642e-01,2.607706277917998250e-01
6.640800000000000000e+04,2.582855199246006928e-01,3.258606036710425258e-01
6.640900000000000000e+04,2.173111172735049390e-01,3.376950868049064525e-01
6.641000000000000000e+04,2.047977308914517847e-01,3.303902664119426902e-01
6.641100000000000000e+04,2.095232526948654084e-01,3.297788562753680708e-01
6.641200000000000000e+04,2.141400119178056283e-01,3.335579054552155753e-01
6.641300000000000000e+04,2.157265062883522433e-01,3.383364670837671895e-01
6.641400000000000000e+04,2.167657128493788998e-01,3.451220970763166918e-01
6.641500000000000000e+04,2.169913703849167264e-01,3.503131766289726556e-01
6.641600000000000000e+04,2.202092580794509924e-01,3.533769066631435862e-01
6.641700000000000000e+04,2.199209051126751746e-01,3.544682198827224795e-01
6.641800000000000000e+04,2.194052080615983835e-01,3.540107730342860748e-01
6.641900000000000000e+04,2.201337763904986367e-01,3.530095707843479147e-01
6.642000000000000000e+04,2.173698415353994828e-01,3.527940185715330301e-01
6.642100000000000000e+04,2.167772034020742922e-01,3.516167210880745131e-01
6.642200000000000000e+04,2.148786228788985286e-01,3.516869978351486736e-01
6.642300000000000000e+04,2.142983303238368553e-01,3.505371682956948121e-01
6.642400000000000000e+04,2.117926797350200008e-01,3.496991528643391689e-01
6.642500000000000000e+04,2.126808964495515430e-01,3.490082464189860900e-01
6.642600000000000000e+04,2.114645028342208577e-01,3.495424583339428182e-01
6.642700000000000000e+04,2.125752411981320367e-01,3.491064712127567304e-01
6.642800000000000000e+04,2.132598623812289318e-01,3.482451276062974443e-01
6.642900000000000000e+04,2.141054704784260687e-01,3.472993333322165199e-01
6.643000000000000000e+04,2.142581070254349629e-01,3.462301342602316367e-01
6.643100000000000000e+04,2.142160843548086557e-01,3.454915774191427147e-01
6.643200000000000000e+04,2.148314259878006671e-01,3.453057221551780742e-01
6.643300000000000000e+04,2.164004234030496021e-01,3.442332776458378873e-01
6.643400000000000000e+04,2.196717348684988358e-01,3.434445494420934608e-01
6.643500000000000000e+04,2.198940381862635463e-01,3.424304803592654878e-01
6.643600000000000000e+04,2.231072830762266535e-01,3.419359113829578689e-01
6.643700000000000000e+04,2.258204571580629261e-01,3.417980182434945391e-01
6.643800000000000000e+04,2.293402490548092920e-01,3.422932102647493480e-01
6.643900000000000000e+04,2.314287439681098069e-01,3.427261424587300098e-01
6.644000000000000000e+04,2.350608592448337197e-01,3.426453455949740601e-01
6.644100000000000000e+04,2.376157605560572372e-01,3.440703042924901922e-01
6.644200000000000000e+04,2.377890795244708422e-01,3.434611886673799575e-01
6.644300000000000000e+04,2.394024358292671795e-01,3.413653630127839733e-01
6.644400000000000000e+04,2.408608967450783511e-01,3.396833656301261328e-01
6.644500000000000000e+04,2.412611204579106217e-01,3.398016288941541063e-01
6.644600000000000000e+04,2.457351922494010465e-01,3.407116670946770398e-01
6.644700000000000000e+04,2.492768027497474226e-01,3.414858144668926343e-01
6.644800000000000000e+04,2.512447588607197857e-01,3.416197895873267498e-01
6.644900000000000000e+04,2.527084842640194284e-01,3.411785530870758976e-01
6.645000000000000000e+04,2.560690627504553785e-01,3.415490329002537351e-01
6.645100000000000000e+04,2.599414686333956781e-01,3.410822560403339310e-01
6.645200000000000000e+04,2.642577180097377409e-01,3.420611834813236385e-01
6.645300000000000000e+04,2.682196741578760091e-01,3.440213013426784983e-01
6.645400000000000000e+04,2.744916546854720973e-01,3.457899082587481132e-01
6.645500000000000000e+04,2.778644766314180559e-01,3.480717701791071761e-01
6.645600000000000000e+04,2.871898891829783862e-01,3.501837314236269094e-01
6.645700000000000000e+04,3.252194260691015359e-01,3.492425821413753795e-01
6.645800000000000000e+04,2.238706863492417043e-01,3.560996252507777626e-01
6.645900000000000000e+04,2.417270712972419688e-01,3.602496966942076995e-01
6.646000000000000000e+04,2.442077154309909570e-01,3.703787555935491582e-01
6.646100000000000000e+04,2.408112385769499708e-01,3.766067502509393705e-01
6.646200000000000000e+04,2.236506617360406457e-01,3.839238238893472044e-01
6.646300000000000000e+04,2.603432841846040069e-01,3.836502179341358953e-01
6.646400000000000000e+04,2.469274862993232622e-01,3.865315424138096034e-01
6.646500000000000000e+04,2.465649538780265437e-01,3.855131989636362277e-01
6.646600000000000000e+04,2.458298332213140480e-01,3.824767677337810312e-01
6.646700000000000000e+04,2.330718268164385376e-01,3.899458396501493951e-01
6.646800000000000000e+04,2.122972272450737441e-01,3.980100612576826791e-01
6.646900000000000000e+04,2.027962651872528554e-01,4.065159715601573964e-01
6.647000000000000000e+04,2.012456498951253614e-01,4.093815354814154261e-01
6.647100000000000000e+04,2.213645344452762065e-01,3.998744194772392291e-01
6.647200000000000000e+04,2.098227036043038840e-01,3.917198996416928480e-01
6.647300000000000000e+04,2.271733895467273612e-01,3.876141183804016066e-01
6.647400000000000000e+04,2.160064019306091876e-01,3.638915438589798157e-01
6.647500000000000000e+04,2.102775223581067887e-01,3.551063318477112318e-01
6.647600000000000000e+04,2.402918679860261975e-01,3.484505162640232356e-01
6.647700000000000000e+04,2.676366739000279327e-01,3.242452299192457588e-01
6.647800000000000000e+04,2.838293247643727812e-01,3.143558432775570566e-01
6.647900000000000000e+04,2.890917315090153483e-01,2.935041867399590387e-01
6.648000000000000000e+04,2.919732997872532265e-01,2.877548819391506640e-01
6.648100000000000000e+04,2.796753063192356503e-01,2.447306929198092007e-01
6.648200000000000000e+04,2.684184340417493653e-01,2.380744899905735679e-01
6.648300000000000000e+04,2.728408673639415860e-01,2.065174764487629488e-01
6.648400000000000000e+04,2.511833512945401137e-01,1.732653877012104715e-01
6.648500000000000000e+04,2.392710594158982129e-01,1.430096906283679914e-01
6.648600000000000000e+04,2.377970735266858870e-01,8.494127111809390840e-02
6.648700000000000000e+04,3.107814779651413839e-01,2.035108802483875934e-02
6.648800000000000000e+04,4.171302617831806892e-01,9.609791355286745329e-02
6.648900000000000000e+04,6.158114518662516357e-01,1.851023243844451827e-01
6.649000000000000000e+04,1.332919813038144330e+00,2.824587412306129863e-01
6.649100000000000000e+04,1.859461861761949164e+00,3.676207458587974486e-01
6.649200000000000000e+04,2.085545692060474909e+00,4.074638926730322908e-01
6.649300000000000000e+04,2.253980623219291601e+00,4.584296050471365902e-01
6.649400000000000000e+04,2.164112245825202674e+00,4.830862501604791248e-01
6.649500000000000000e+04,2.095126681869265983e+00,5.057361717978672289e-01
6.649600000000000000e+04,2.179001545807889073e+00,5.734979846202943321e-01
6.649700000000000000e+04,2.142610344143620615e+00,6.300608092060233645e-01
6.649800000000000000e+04,2.210665619204325250e+00,6.809278835428287380e-01
6.649900000000000000e+04,2.439443032244859921e+00,7.404057103667049944e-01
6.650000000000000000e+04,2.107756615328641558e+00,7.517679812771724812e-01
6.650100000000000000e+04,1.699835054982123284e+00,7.566452942382060343e-01
6.650200000000000000e+04,1.405353671122621773e+00,7.865772801982302553e-01
6.650300000000000000e+04,1.218486484702816730e+00,8.753338759995834550e-01
6.650400000000000000e+04,1.443169629589186487e+00,9.825009554058468098e-01
6.650500000000000000e+04,1.737318177644028738e+00,1.077025013520856334e+00
6.650600000000000000e+04,1.652702174474755425e+00,1.177579937237570817e+00
6.650700000000000000e+04,1.705640894886335079e+00,1.275277855285541051e+00
6.650800000000000000e+04,1.897866549927096358e+00,1.385232338687865550e+00
6.650900000000000000e+04,1.927344967971861500e+00,1.499130556946665749e+00
6.651000000000000000e+04,1.785074043531888810e+00,1.559814769314035843e+00
6.651100000000000000e+04,1.865310733871152093e+00,1.643108077315766025e+00
6.651200000000000000e+04,1.158893098302113289e+00,1.573171105596282260e+00
6.651300000000000000e+04,4.892982453576342761e-01,1.484548060166694938e+00
6.651400000000000000e+04,4.850991837598042089e-01,1.705549399341117933e+00
6.651500000000000000e+04,4.369813767829140438e-01,1.592961101170940807e+00
6.651600000000000000e+04,4.341140001286962202e-01,1.592856599463807754e+00
6.651700000000000000e+04,3.944901485469003433e-01,1.357226153146841696e+00
6.651800000000000000e+04,3.663727767587234840e-01,1.346655902785320436e+00
6.651900000000000000e+04,3.627633196640548952e-01,1.335125995572418844e+00
6.652000000000000000e+04,3.566050094747358901e-01,1.415464081691258258e+00
6.652100000000000000e+04,4.739070342527257895e-01,1.468593081714191229e+00
6.652200000000000000e+04,4.573733001649160634e-01,1.292813959675756408e+00
6.652300000000000000e+04,4.025250750764015617e-01,1.020256977148186195e+00
6.652400000000000000e+04,4.877648239502372918e-01,9.640117960537271102e-01
6.652500000000000000e+04,5.432782484647403765e-01,9.642957639282947468e-01
6.652600000000000000e+04,5.736749966115846089e-01,9.952024220213484540e-01
6.652700000000000000e+04,6.023931024446977922e-01,9.966972456211760090e-01
6.652800000000000000e+04,5.663042580432643414e-01,1.053274848346596571e+00
6.652900000000000000e+04,5.641415524231900847e-01,1.096157594100931831e+00
6.653000000000000000e+04,5.975838760495343349e-01,1.139496687282107956e+00
6.653100000000000000e+04,6.313492368051113468e-01,1.192415374420397356e+00
6.653200000000000000e+04,6.810985047061650643e-01,1.228685839244249678e+00
6.653300000000000000e+04,7.450499198742519535e-01,1.235605815766071203e+00
6.653400000000000000e+04,8.294370644865619591e-01,1.343563430485076537e+00
6.653500000000000000e+04,9.093470861843201414e-01,1.378334244799329866e+00
6.653600000000000000e+04,1.044579629127702525e+00,1.446562801462079051e+00
6.653700000000000000e+04,1.179028521034786170e+00,1.519427660607320263e+00
6.653800000000000000e+04,1.305961624653929842e+00,1.584966512870597199e+00
6.653900000000000000e+04,1.389250323339254356e+00,1.664292368424199253e+00
6.654000000000000000e+04,1.471724502982539651e+00,1.737785608879121924e+00
6.654100000000000000e+04,1.498624487953847728e+00,1.807399756903929955e+00
6.654200000000000000e+04,1.316585029736876189e+00,1.843640424056030014e+00
6.654300000000000000e+04,1.060941193735707833e+00,1.865540811992236314e+00
6.654400000000000000e+04,8.350246659056469456e-01,1.897754421245689826e+00
6.654500000000000000e+04,8.998823378166186382e-01,1.962199321700786925e+00
6.654600000000000000e+04,8.998131370641166971e-01,2.021570311054777136e+00
6.654700000000000000e+04,9.031750246670455784e-01,2.027121252507182447e+00
6.654800000000000000e+04,9.010166056729013162e-01,2.030214389858446822e+00
6.654900000000000000e+04,9.008009596139452402e-01,2.026637928432577951e+00
6.655000000000000000e+04,9.009131762399541499e-01,2.024348287163352467e+00
6.655100000000000000e+04,9.014266398563244298e-01,2.022652840375439354e+00
6.655200000000000000e+04,9.042106995661046698e-01,2.022570608472761933e+00
6.655300000000000000e+04,9.048842961834742127e-01,2.019486456749536529e+00
6.655400000000000000e+04,9.040682630082804705e-01,2.016412220271860178e+00
6.655500000000000000e+04,9.035034340087192417e-01,2.014521491800827846e+00
6.655600000000000000e+04,9.023441927149756792e-01,2.012238920587122948e+00
6.655700000000000000e+04,9.010932461494276513e-01,2.008938140140529072e+00
6.655800000000000000e+04,9.006030727084780585e-01,2.007284371754785468e+00
6.655900000000000000e+04,9.015365373538237748e-01,2.004713463697623155e+00
6.656000000000000000e+04,9.084481002084623391e-01,2.001027431336083851e+00
6.656100000000000000e+04,9.198087812948554376e-01,1.990599820386123042e+00
6.656200000000000000e+04,9.232783660642380763e-01,2.064160036242615348e+00
6.656300000000000000e+04,9.384729171241555923e-01,2.050625523675744688e+00
6.656400000000000000e+04,9.693010931667959129e-01,2.046986890996500108e+00
6.656500000000000000e+04,9.675529649833027879e-01,2.275766703813751235e+00
6.656600000000000000e+04,9.995917658063792066e-01,2.365729149903319950e+00
6.656700000000000000e+04,1.038798993805724047e+00,2.390080048131615342e+00
6.656800000000000000e+04,1.083258840874000262e+00,2.414193158882895318e+00
6.656900000000000000e+04,1.113985435030257598e+00,2.430969518401937535e+00
6.657000000000000000e+04,1.160688577443058422e+00,2.463099743500116290e+00
6.657100000000000000e+04,1.308816720265475686e+00,2.410445613479204496e+00
6.657200000000000000e+04,1.326918158742838250e+00,2.496322720907429016e+00
6.657300000000000000e+04,1.370706235723904154e+00,2.509343280446344693e+00
6.657400000000000000e+04,1.445720103759355224e+00,2.532472745220736954e+00
6.657500000000000000e+04,1.633028222772430649e+00,2.513551806706193048e+00
6.657600000000000000e+04,1.687557234094188008e+00,2.531810654764036883e+00
6.657700000000000000e+04,1.593505355783547239e+00,2.636681013356852787e+00
6.657800000000000000e+04,1.681538136506658176e+00,2.575272447656946184e+00
6.657900000000000000e+04,1.546737834258236299e+00,2.643061972714242813e+00
6.658000000000000000e+04,1.452797198623156705e+00,2.635063811228800290e+00
6.658100000000000000e+04,1.491027424993739858e+00,2.641567176086869750e+00
6.658200000000000000e+04,1.602110632091651166e+00,2.684233059107125285e+00
6.658300000000000000e+04,1.620495620444182494e+00,2.789678224053172784e+00
6.658400000000000000e+04,1.621193590425499487e+00,2.786195221524266685e+00
6.658500000000000000e+04,1.621643137007592550e+00,2.786351265358298690e+00
6.658600000000000000e+04,1.622077972762604903e+00,2.787671805461275909e+00
6.658700000000000000e+04,1.626808602133467119e+00,2.787972765171197409e+00
6.658800000000000000e+04,1.593368272538254526e+00,2.791670464044351263e+00
6.658900000000000000e+04,1.655668808731383335e+00,2.907483172462164589e+00
6.659000000000000000e+04,1.694742316802222648e+00,3.033271878249536257e+00
6.659100000000000000e+04,1.750385098977396137e+00,3.121865671344863813e+00
6.659200000000000000e+04,1.791102544803210517e+00,3.066153916417398761e+00
6.659300000000000000e+04,1.862425334885178030e+00,3.145384371956961189e+00
6.659400000000000000e+04,1.923829273980104393e+00,3.173298637317163440e+00
6.659500000000000000e+04,1.994700809579344813e+00,3.201793418062148788e+00
6.659600000000000000e+04,2.076571824756598517e+00,3.230282034611825281e+00
6.659700000000000000e+04,2.135161604814602043e+00,3.264845334804068244e+00
6.659800000000000000e+04,2.210354868487983460e+00,3.302066461324503877e+00
6.659900000000000000e+04,2.270779834896396121e+00,3.333144923471731857e+00
6.660000000000000000e+04,2.359197855783866871e+00,3.366828878355711652e+00
6.660100000000000000e+04,2.394444077126939519e+00,3.390551953344036917e+00
6.660200000000000000e+04,2.455280045962681346e+00,3.428545755116520155e+00
6.660300000000000000e+04,2.509246317097475476e+00,3.459147985939790004e+00
6.660400000000000000e+04,2.592931347428003352e+00,3.434980092480383718e+00
6.660500000000000000e+04,2.461521280766701736e+00,3.506249303420116092e+00
6.660600000000000000e+04,2.397558303441257088e+00,3.545715453757331659e+00
6.660700000000000000e+04,2.336198734296163870e+00,3.641130785264255820e+00
6.660800000000000000e+04,2.337814628143921603e+00,3.711035628063843461e+00
6.660900000000000000e+04,2.399217112206852409e+00,3.748804341920642713e+00
6.661000000000000000e+04,2.434665415051915360e+00,3.819641832423172900e+00
6.661100000000000000e+04,2.488264750123323932e+00,3.856618893832898465e+00
6.661200000000000000e+04,2.545379978818229194e+00,3.926142993854778496e+00
6.661300000000000000e+04,2.614268261141937000e+00,4.015316418430966650e+00
6.661400000000000000e+04,2.718392626994047934e+00,4.069307462106852569e+00
6.661500000000000000e+04,2.861817447211936205e+00,4.134827041323742236e+00
6.661600000000000000e+04,2.919030798958561768e+00,4.189183092576710621e+00
6.661700000000000000e+04,3.066936839685659333e+00,4.253794382036755195e+00
6.661800000000000000e+04,3.222744808995678500e+00,4.323448000371644895e+00
6.661900000000000000e+04,3.364571796808442983e+00,4.378853973136001443e+00
6.662000000000000000e+04,3.439779346795718951e+00,4.424788861371631299e+00
6.662100000000000000e+04,3.468473787661721541e+00,4.462090856661440341e+00
6.662200000000000000e+04,3.565404911948836908e+00,4.504938440344739448e+00
6.662300000000000000e+04,3.661283614728631619e+00,4.543491534804292797e+00
6.662400000000000000e+04,5.711039594259220031e+00,4.691513310222065414e+00
6.662500000000000000e+04,7.426293385560002847e+00,4.658413057404724000e+00
6.662600000000000000e+04,8.774645848133818760e+00,4.670079840419894879e+00
6.662700000000000000e+04,1.039163021217815697e+01,4.721003178426144586e+00
6.662800000000000000e+04,1.154724215965049794e+01,4.835179745675707963e+00
6.662900000000000000e+04,1.208218113182082476e+01,4.915390064745279730e+00
6.663000000000000000e+04,1.319415452014442813e+01,5.036298912710014619e+00
6.663100000000000000e+04,1.452658166837769471e+01,5.189206525039562479e+00
6.663200000000000000e+04,1.555734157711609100e+01,5.319027121485088827e+00
6.663300000000000000e+04,1.701383686027937614e+01,5.489896815476289049e+00
6.663400000000000000e+04,1.619101293978198441e+01,5.320681236527420310e+00
6.663500000000000000e+04,1.555212861455511586e+01,5.242208850623015337e+00
6.663600000000000000e+04,1.557126972076097182e+01,5.233753335888579272e+00
6.663700000000000000e+04,1.622490180104532698e+01,5.312875838635115144e+00
6.663800000000000000e+04,1.655610994354109877e+01,5.346239801110336032e+00
6.663900000000000000e+04,1.555382189900144496e+01,5.245221214066528859e+00
6.664000000000000000e+04,1.522394502891445534e+01,5.236670701976201769e+00
6.664100000000000000e+04,1.539213609010125516e+01,5.273656770309752773e+00
6.664200000000000000e+04,1.571743704917120787e+01,5.284171641197445979e+00
6.664300000000000000e+04,1.629634796946389486e+01,5.353459797344111593e+00
6.664400000000000000e+04,1.681687366647413029e+01,5.422941201813607393e+00
6.664500000000000000e+04,1.715721261505150608e+01,5.477304008703612226e+00
6.664600000000000000e+04,1.716192860951230870e+01,5.446163048825077624e+00
6.664700000000000000e+04,1.734351898118777413e+01,5.457382232344155426e+00
6.664800000000000000e+04,1.736630298775694570e+01,5.450085323172807250e+00
6.664900000000000000e+04,1.682371254089552792e+01,5.261661193314001395e+00
6.665000000000000000e+04,1.579607068775044532e+01,5.109119139801450160e+00
6.665100000000000000e+04,1.524200320249237528e+01,5.064437375823096943e+00
6.665200000000000000e+04,1.519830419201237781e+01,5.004771785597306177e+00
6.665300000000000000e+04,1.414608043751475641e+01,4.883940597541311490e+00
6.665400000000000000e+04,1.426206957092743544e+01,5.132025501326538119e+00
6.665500000000000000e+04,1.443817836587148307e+01,5.418363559577485944e+00
6.665600000000000000e+04,1.466372931464941942e+01,5.275485070348139516e+00
6.665700000000000000e+04,1.558754069610945514e+01,4.370127429767848071e+00
6.665800000000000000e+04,1.571873469982089411e+01,4.376538343617035309e+00
6.665900000000000000e+04,1.585134440965462588e+01,4.677898957513846767e+00
6.666000000000000000e+04,1.592123377226587166e+01,4.828061161435705628e+00
6.666100000000000000e+04,1.594486945149067303e+01,5.021103884937083706e+00
6.666200000000000000e+04,1.588998705996925409e+01,5.056543470314849742e+00
6.666300000000000000e+04,1.585947643178287869e+01,5.027811436370690501e+00
6.666400000000000000e+04,1.588357274672105923e+01,4.900159222722550112e+00
6.666500000000000000e+04,1.601774237806544576e+01,4.779410534224325602e+00
6.666600000000000000e+04,1.595959719558346102e+01,4.626511908312721744e+00
6.666700000000000000e+04,1.589241329666127100e+01,4.610154022106591754e+00
6.666800000000000000e+04,1.569303935788888005e+01,4.596227684965079163e+00
6.666900000000000000e+04,1.480068338699078900e+01,4.602663748377750608e+00
6.667000000000000000e+04,1.440421571757076080e+01,4.593876304850766701e+00
6.667100000000000000e+04,1.437129164918229840e+01,4.594664552375299138e+00
6.667200000000000000e+04,1.364492990829764985e+01,4.547640222068984883e+00
6.667300000000000000e+04,1.367829445647471687e+01,4.561118430272884439e+00
6.667400000000000000e+04,1.369000309415567784e+01,4.555740842848400973e+00
6.667500000000000000e+04,1.369517457538371907e+01,4.546805958003730552e+00
6.667600000000000000e+04,1.365322253316471723e+01,4.544448075416720911e+00
6.667700000000000000e+04,1.355312737394692846e+01,4.551049254703496416e+00
6.667800000000000000e+04,1.336735755049360108e+01,4.564335386904307512e+00
6.667900000000000000e+04,1.319232355523764610e+01,4.569200390519384314e+00
6.668000000000000000e+04,1.292146046618501920e+01,4.550078272322362949e+00
6.668100000000000000e+04,1.246038789929310830e+01,4.523784079045157114e+00
6.668200000000000000e+04,1.210841086295678970e+01,4.501893395169854983e+00
6.668300000000000000e+04,1.139853167940281864e+01,4.418580898110995747e+00
6.668400000000000000e+04,1.113620052139109085e+01,4.380248931586159244e+00
6.668500000000000000e+04,1.074882729570408912e+01,4.327685024280906845e+00
6.668600000000000000e+04,1.022836773282760525e+01,4.280832144361951919e+00
6.668700000000000000e+04,9.804323981110846020e+00,4.237870271099925645e+00
6.668800000000000000e+04,9.564192611811934697e+00,4.209030631796288446e+00
6.668900000000000000e+04,9.041022903564646995e+00,4.179765268561169478e+00
6.669000000000000000e+04,8.625836401530539987e+00,4.149690710310714792e+00
6.669100000000000000e+04,8.035258927993549349e+00,4.107203511289309716e+00
6.669200000000000000e+04,7.526132699888391286e+00,4.072843587920932151e+00
6.669300000000000000e+04,7.195636550833290457e+00,4.061823691552472582e+00
6.669400000000000000e+04,6.638335813790066986e+00,4.035431734676411253e+00
6.669500000000000000e+04,6.445998113200538171e+00,4.032235351482690078e+00
6.669600000000000000e+04,6.166669894411026753e+00,4.029738534962437058e+00
6.669700000000000000e+04,6.166467986834084591e+00,4.025791117458393131e+00
6.669800000000000000e+04,6.152928993096344890e+00,4.023648788276204868e+00
6.669900000000000000e+04,6.130958181290998787e+00,4.021253541789750585e+00
6.670000000000000000e+04,5.560146547564891684e+00,4.037672331823650040e+00
6.670100000000000000e+04,5.562738912105880118e+00,4.038616960241224518e+00
6.670200000000000000e+04,5.312838469998772517e+00,4.052770864674933193e+00
6.670300000000000000e+04,5.324332901686656960e+00,4.055157603885611195e+00
6.670400000000000000e+04,5.082922561006721018e+00,4.068704013770165773e+00
6.670500000000000000e+04,4.397018249814450996e+00,4.064105244107491188e+00
6.670600000000000000e+04,4.193434313679879288e+00,4.065479040472684602e+00
6.670700000000000000e+04,3.848305504841061264e+00,4.066340227607156521e+00
6.670800000000000000e+04,3.608486933300362853e+00,4.081017601201970990e+00
6.670900000000000000e+04,3.372582541513908350e+00,4.103361108869169271e+00
6.671000000000000000e+04,3.155185668121741838e+00,4.126289141117846171e+00
6.671100000000000000e+04,2.905492534282551720e+00,4.150787199529874627e+00
6.671200000000000000e+04,2.595665082470684393e+00,4.176591325170273095e+00
6.671300000000000000e+04,2.396723944752398694e+00,4.195940567353380501e+00
6.671400000000000000e+04,2.146937003020692458e+00,4.243876475662801795e+00
6.671500000000000000e+04,1.892848551654557454e+00,4.296129131208960672e+00
6.671600000000000000e+04,1.721621018651965596e+00,4.340951862263549899e+00
6.671700000000000000e+04,1.500723113960517940e+00,4.412967845751415652e+00
6.671800000000000000e+04,1.504486847017320272e+00,4.411652528280649577e+00
6.671900000000000000e+04,1.128757829051764139e+00,4.564564071949213542e+00
6.672000000000000000e+04,9.336787896472522608e-01,4.650681812500284451e+00
6.672100000000000000e+04,6.771073974955111874e-01,4.794638107940842886e+00
6.672200000000000000e+04,4.666415406475352134e-01,4.935194840266458272e+00
6.672300000000000000e+04,3.046850728344701054e-01,5.035024159968878976e+00
6.672400000000000000e+04,1.375882111746095926e-01,5.172698899285487428e+00
6.672500000000000000e+04,4.759201965786413052e-02,5.260972619728711663e+00
6.672600000000000000e+04,1.630098643832719463e-01,5.375471747860563809e+00
6.672700000000000000e+04,2.727551354972129194e-01,5.475947802369587336e+00
6.672800000000000000e+04,4.414490726471846926e-01,5.574805524574239612e+00
6.672900000000000000e+04,5.804764717748840397e-01,5.659525929852774695e+00
6.673000000000000000e+04,6.389953848877704123e-01,5.722647910154803341e+00
6.673100000000000000e+04,7.304532723857358745e-01,5.791684550436414725e+00
6.673200000000000000e+04,7.399902619232671119e-01,5.835826996481774387e+00
6.673300000000000000e+04,7.722736199841037097e-01,5.882261094994923667e+00
6.673400000000000000e+04,7.320399916081694602e-01,5.919619305794466158e+00
6.673500000000000000e+04,6.929543933640631703e-01,5.950857620659217417e+00
6.673600000000000000e+04,6.501197862829666274e-01,5.975112515030353677e+00
6.673700000000000000e+04,6.477809615802534449e-01,6.005269397890895533e+00
6.673800000000000000e+04,6.947067479103878895e-01,6.046703956662575763e+00
6.673900000000000000e+04,6.130600833438103470e-01,6.055372067819408954e+00
6.674000000000000000e+04,8.204518308648647285e-01,6.145638742067845328e+00
6.674100000000000000e+04,8.878878920766271055e-01,6.158273286147302628e+00
6.674200000000000000e+04,9.424556306522492433e-01,6.174548097329033425e+00
6.674300000000000000e+04,8.793140470769148509e-01,6.176627011095764175e+00
6.674400000000000000e+04,1.069379086537771695e+00,6.244754248838805921e+00
6.674500000000000000e+04,1.291883393915508327e+00,6.287914371459567775e+00
6.674600000000000000e+04,1.416789374649512379e+00,6.288465229647179910e+00
6.674700000000000000e+04,1.483548727688269731e+00,6.340718128295954159e+00
6.674800000000000000e+04,1.656483535839821331e+00,6.360933900217379033e+00
6.674900000000000000e+04,1.771985693125926575e+00,6.322088757902772471e+00
6.675000000000000000e+04,1.938108071637114627e+00,6.305873266527800780e+00
6.675100000000000000e+04,2.048548344427692403e+00,6.332926676361804397e+00
6.675200000000000000e+04,2.148443487997676815e+00,6.346532676744239154e+00
6.675300000000000000e+04,2.207198973045758184e+00,6.368876708659868768e+00
6.675400000000000000e+04,2.279704824096657756e+00,6.370807600036922480e+00
6.675500000000000000e+04,2.373227396345765960e+00,6.374199041576327218e+00
6.675600000000000000e+04,2.361705061913237813e+00,6.393739313926904089e+00
6.675700000000000000e+04,2.374388657166580430e+00,6.416509791846397803e+00
6.675800000000000000e+04,2.404803579115035728e+00,6.446411256448456584e+00
6.675900000000000000e+04,2.276980072215925688e+00,6.477828180811053826e+00
6.676000000000000000e+04,2.153897361913979402e+00,6.497657900877769066e+00
6.676100000000000000e+04,1.837051420907039656e+00,6.491459043530163342e+00
6.676200000000000000e+04,1.473604093302661289e+00,6.464644156195708646e+00
6.676300000000000000e+04,9.655097030347226106e-01,6.414796894260218707e+00
6.676400000000000000e+04,6.998731895529510805e-01,6.363877986768208928e+00
6.676500000000000000e+04,5.378398525053017520e-01,6.319561433188372490e+00
6.676600000000000000e+04,4.853654043690605047e-01,6.309774929400292720e+00
6.676700000000000000e+04,4.667717419777769328e-01,6.282768173631009034e+00
6.676800000000000000e+04,4.730406572143284194e-01,6.283009630718863647e+00
6.676900000000000000e+04,4.771218462563251439e-01,6.282937599105109072e+00
6.677000000000000000e+04,4.686298167371055756e-01,6.277050780361866700e+00
6.677100000000000000e+04,4.681739374420648137e-01,6.278793505110643380e+00
6.677200000000000000e+04,4.704206194419841558e-01,6.278987056816237811e+00
6.677300000000000000e+04,4.704863098003071453e-01,6.279735836278069527e+00
6.677400000000000000e+04,4.696973922644985810e-01,6.280074206243154933e+00
6.677500000000000000e+04,4.682195638023447515e-01,6.281247183479882423e+00
6.677600000000000000e+04,4.654735074461074928e-01,6.280677571615184362e+00
6.677700000000000000e+04,4.636261222553620942e-01,6.280711933472611364e+00
6.677800000000000000e+04,4.625834742881837491e-01,6.280885449971593815e+00
6.677900000000000000e+04,4.626211640769711808e-01,6.281058637141002876e+00
6.678000000000000000e+04,4.624136670720175313e-01,6.279927320942521263e+00
6.678100000000000000e+04,4.605872013621620797e-01,6.278557593607162701e+00
6.678200000000000000e+04,4.603526882216526506e-01,6.277435605574824606e+00
6.678300000000000000e+04,4.753260945946404803e-01,6.275327735618761338e+00
6.678400000000000000e+04,4.962305610398453637e-01,6.278405243350372089e+00
6.678500000000000000e+04,5.195719439205942480e-01,6.283516483701378164e+00
6.678600000000000000e+04,5.788615118199011977e-01,6.205510485474441396e+00
6.678700000000000000e+04,6.178317508695680971e-01,6.223782263379494140e+00
6.678800000000000000e+04,6.498984753183043583e-01,6.233442055458047193e+00
6.678900000000000000e+04,6.852137571291310181e-01,6.260545035728068086e+00
6.679000000000000000e+04,7.623654569168025752e-01,6.303010908671835111e+00
6.679100000000000000e+04,7.654981305560096816e-01,6.285950757099277197e+00
6.679200000000000000e+04,7.992034554559874771e-01,6.306517807970179135e+00
6.679300000000000000e+04,7.949697884504312029e-01,6.335422021318480645e+00
6.679400000000000000e+04,7.853661405119339856e-01,6.342471553152595476e+00
6.679500000000000000e+04,9.227003309300059186e-01,6.422850348918611729e+00
6.679600000000000000e+04,8.205021096579123707e-01,6.361199078168237264e+00
6.679700000000000000e+04,7.461494154528536260e-01,6.353039860345532475e+00
6.679800000000000000e+04,4.574505977034880599e-01,6.335500640020283569e+00
6.679900000000000000e+04,7.153616187661608894e-01,6.407221455983203029e+00
6.680000000000000000e+04,7.089885114049750969e-01,6.385164267147493078e+00
6.680100000000000000e+04,8.291898218177657931e-01,6.478266299045909449e+00
6.680200000000000000e+04,9.377381857177758961e-01,6.338350218229940936e+00
6.680300000000000000e+04,1.189435903157188390e+00,5.977157613690476268e+00
6.680400000000000000e+04,1.248443255213460779e+00,5.894508284732081549e+00
6.680500000000000000e+04,1.250383011951937462e+00,5.876703058791846956e+00
6.680600000000000000e+04,1.243650864097722852e+00,5.958638635884813795e+00
6.680700000000000000e+04,1.234053599633617715e+00,5.970921475177080495e+00
6.680800000000000000e+04,1.383468083008846827e+00,6.028493144118669989e+00
6.680900000000000000e+04,1.261918909952169265e+00,5.993236232141578412e+00
6.681000000000000000e+04,1.259981038517094198e+00,6.009522778565441925e+00
6.681100000000000000e+04,1.182131877223363547e+00,5.943204549389637492e+00
6.681200000000000000e+04,1.154514291518895508e+00,5.924292191587875678e+00
6.681300000000000000e+04,1.153313717405707983e+00,5.923389139924006841e+00
6.681400000000000000e+04,1.153232496031738830e+00,5.922111310680188367e+00
6.681500000000000000e+04,1.153102738873160060e+00,5.921239810735857034e+00
6.681600000000000000e+04,1.153900709795421919e+00,5.920951496276458670e+00
6.681700000000000000e+04,1.153650487558797400e+00,5.920593675839963765e+00
6.681800000000000000e+04,1.153715864925619616e+00,5.920552032687323774e+00
6.681900000000000000e+04,1.153682938699821969e+00,5.919976902096985683e+00
6.682000000000000000e+04,1.153947375731417369e+00,5.920474572549141001e+00
6.682100000000000000e+04,1.153020518178187404e+00,5.921056194738326894e+00
6.682200000000000000e+04,1.154174671126253715e+00,5.920977850139632181e+00
6.682300000000000000e+04,1.127372256157715524e+00,5.929957396901222921e+00
6.682400000000000000e+04,1.128640824889925121e+00,5.929768603977446872e+00
6.682500000000000000e+04,1.130661951019447553e+00,5.929186701418299066e+00
6.682600000000000000e+04,1.132461549820126478e+00,5.929219519787462644e+00
6.682700000000000000e+04,1.133347031704786900e+00,5.929347476929478944e+00
6.682800000000000000e+04,1.134477266415819141e+00,5.929917865969942525e+00
6.682900000000000000e+04,1.136651412068809375e+00,5.931257248674471683e+00
6.683000000000000000e+04,1.138862528344736003e+00,5.932064799981626280e+00
6.683100000000000000e+04,1.139845082040254809e+00,5.934573206356477115e+00
6.683200000000000000e+04,1.140808168590778049e+00,5.935851200233397407e+00
6.683300000000000000e+04,1.143094665888790606e+00,5.935862674196153321e+00
6.683400000000000000e+04,1.142633804228832650e+00,5.936279156388971856e+00
6.683500000000000000e+04,1.141705529154964704e+00,5.936393163196227007e+00
6.683600000000000000e+04,1.141178448603519247e+00,5.936119664440658639e+00
6.683700000000000000e+04,1.141981190613528430e+00,5.936330424735233535e+00
6.683800000000000000e+04,1.141914742720301135e+00,5.936974612658721284e+00
6.683900000000000000e+04,1.143006988580812511e+00,5.936558542130155658e+00
6.684000000000000000e+04,1.142263016786547958e+00,5.936493654298599765e+00
6.684100000000000000e+04,1.141273537302830210e+00,5.936442822873184255e+00
6.684200000000000000e+04,1.143797185494194846e+00,5.935245070976625570e+00
6.684300000000000000e+04,1.144475434125748814e+00,5.935162408564826464e+00
6.684400000000000000e+04,1.145412513002009636e+00,5.934387237999468212e+00
6.684500000000000000e+04,1.147085506867140836e+00,5.933579460577467657e+00
6.684600000000000000e+04,1.148020932509321357e+00,5.932692729766271711e+00
6.684700000000000000e+04,1.149246566904759570e+00,5.932155759344359680e+00
6.684800000000000000e+04,1.157313522900466962e+00,5.932503930731972019e+00
6.684900000000000000e+04,1.128301157412300970e+00,5.972417652792714193e+00
6.685000000000000000e+04,1.092751635122499065e+00,5.935235222076512329e+00
6.685100000000000000e+04,1.063529983537729207e+00,5.843632957045505449e+00
6.685200000000000000e+04,1.034093409278561637e+00,5.790459175437407069e+00
6.685300000000000000e+04,1.058063552398803786e+00,5.821583679976360060e+00
6.685400000000000000e+04,1.036153352053960974e+00,5.823936790285728193e+00
6.685500000000000000e+04,1.056526464654926389e+00,5.862930669713447784e+00
6.685600000000000000e+04,9.766662878174704465e-01,5.845947845664436926e+00
6.685700000000000000e+04,9.400382233348091310e-01,5.864300873716603135e+00
6.685800000000000000e+04,1.008010015826637629e+00,5.897344067446720572e+00
6.685900000000000000e+04,1.053719071130160501e+00,5.912777538982226133e+00
6.686000000000000000e+04,1.029479177570961745e+00,5.900310132773320504e+00
6.686100000000000000e+04,1.103479280698691944e+00,5.896685328739867060e+00
6.686200000000000000e+04,1.201996437410963736e+00,5.902397134321054395e+00
6.686300000000000000e+04,1.298198367764135774e+00,5.911568689624539630e+00
6.686400000000000000e+04,1.171582009390446100e+00,5.912578730851954845e+00
6.686500000000000000e+04,9.554738861166471864e-01,5.865294973982130955e+00
6.686600000000000000e+04,7.300941219751544420e-01,5.862248840076695444e+00
6.686700000000000000e+04,9.991173690765067228e-01,5.893937371876656783e+00
6.686800000000000000e+04,7.958454518653840237e-01,5.887672545634176302e+00
6.686900000000000000e+04,6.164810245909017050e-01,5.831627626454682911e+00
6.687000000000000000e+04,4.843302043786072431e-01,5.824239941225059169e+00
6.687100000000000000e+04,3.289037303060043382e-01,5.830212185667321023e+00
6.687200000000000000e+04,1.641968523043600969e-01,5.816236339693375612e+00
6.687300000000000000e+04,1.180769795786747733e-01,5.813738881251012458e+00
6.687400000000000000e+04,2.476126319140820042e-01,5.818507588768051519e+00
6.687500000000000000e+04,3.992925789570839212e-01,5.829101244985505303e+00
6.687600000000000000e+04,6.118299265124194086e-01,5.853168987323146055e+00
6.687700000000000000e+04,7.593157472072571412e-01,5.872122281576086067e+00
6.687800000000000000e+04,9.618271005021266085e-01,5.888454936607887547e+00
6.687900000000000000e+04,1.192546874925024314e+00,5.945579713522747056e+00
6.688000000000000000e+04,1.480003811160296223e+00,5.966050297724152074e+00
6.688100000000000000e+04,1.751659435250173535e+00,5.986319350499421432e+00
6.688200000000000000e+04,1.989063825945921016e+00,6.039837303413087000e+00
6.688300000000000000e+04,2.115448136515027500e+00,6.033852563972832428e+00
6.688400000000000000e+04,2.126591705014666100e+00,6.013841010726629577e+00
6.688500000000000000e+04,2.348686096968686243e+00,6.049574766295652495e+00
6.688600000000000000e+04,2.583266662159452665e+00,6.086403015985744958e+00
6.688700000000000000e+04,2.585723558337614580e+00,6.068056304688528968e+00
6.688800000000000000e+04,2.188909763049596613e+00,6.005923101820037857e+00
6.688900000000000000e+04,1.868765709166135158e+00,5.946648300293301048e+00
6.689000000000000000e+04,1.064096537731211267e+00,5.822379270586093725e+00
6.689100000000000000e+04,1.440868138008501553e+00,5.873976406288164753e+00
6.689200000000000000e+04,1.271132139294401497e+00,5.829417249708342297e+00
6.689300000000000000e+04,2.091974447797843251e+00,5.938102462587597330e+00
6.689400000000000000e+04,2.089420581366145058e+00,5.937851973496620417e+00
6.689500000000000000e+04,1.978659141769219865e+00,5.921345513559234774e+00
6.689600000000000000e+04,1.970929684779642477e+00,5.919216026835677269e+00
6.689700000000000000e+04,2.180106913178205374e+00,5.935862174493781396e+00
6.689800000000000000e+04,2.180891838764070112e+00,5.935123639459487066e+00
6.689900000000000000e+04,2.180568339016279111e+00,5.934908550268950478e+00
6.690000000000000000e+04,2.179037613562728737e+00,5.934459181366523950e+00
6.690100000000000000e+04,2.177416308048161664e+00,5.933148940940345284e+00
6.690200000000000000e+04,2.175678395283936695e+00,5.931288793553552097e+00
6.690300000000000000e+04,2.182636628458584749e+00,5.929800486924388991e+00
6.690400000000000000e+04,2.223358693961006161e+00,5.930731414634834664e+00
6.690500000000000000e+04,2.284013276418726424e+00,5.936845063276955159e+00
6.690600000000000000e+04,2.479648238298267415e+00,5.948376696932882624e+00
6.690700000000000000e+04,2.786254549462032326e+00,5.954393058586401111e+00
6.690800000000000000e+04,3.234938153632986868e+00,5.960288342054152366e+00
6.690900000000000000e+04,3.788889430690058457e+00,5.936260812680544063e+00
6.691000000000000000e+04,4.404023615712796769e+00,5.921701980289334699e+00
6.691100000000000000e+04,5.111978589755282520e+00,5.916847215126672666e+00
6.691200000000000000e+04,5.906939029524481022e+00,5.908492837298297218e+00
6.691300000000000000e+04,6.664678272966275685e+00,5.895324498978830263e+00
6.691400000000000000e+04,7.458721099906963303e+00,5.869464885662999620e+00
6.691500000000000000e+04,8.292375335510261181e+00,5.832532492463535334e+00
6.691600000000000000e+04,9.167272205120200468e+00,5.804885901772642853e+00
6.691700000000000000e+04,1.007580389918965658e+01,5.763932686922554893e+00
6.691800000000000000e+04,1.103127360514363353e+01,5.718544793657798664e+00
6.691900000000000000e+04,1.198422922599738349e+01,5.674975091439236508e+00
6.692000000000000000e+04,1.293168645925785221e+01,5.638977288142250188e+00
6.692100000000000000e+04,1.389449947251159578e+01,5.570634165735860677e+00
6.692200000000000000e+04,1.493232639153151631e+01,5.522300913985269233e+00
6.692300000000000000e+04,1.607061847291307899e+01,5.507793968514167915e+00
6.692400000000000000e+04,1.734799496711146460e+01,5.480399681939566392e+00
6.692500000000000000e+04,1.871096657524934059e+01,5.523411959996639808e+00
6.692600000000000000e+04,2.015054279758146194e+01,5.506881068957085290e+00
6.692700000000000000e+04,2.168038898702235073e+01,5.491192751664389249e+00
6.692800000000000000e+04,2.328382547110685508e+01,5.467265048276228612e+00
6.692900000000000000e+04,2.456144397635423360e+01,4.423125754568236090e+00
6.693000000000000000e+04,2.620303148205646337e+01,2.547534590638672825e+00
6.693100000000000000e+04,3.101215751534131826e+01,1.178084821527296100e+00
6.693200000000000000e+04,4.328695000473229015e+01,7.931831285593954561e+00
6.693300000000000000e+04,6.513103867383448176e+01,1.887197045510217563e+01
6.693400000000000000e+04,9.676293408299586929e+01,3.552066952191997729e+01
6.693500000000000000e+04,1.384985003011987033e+02,5.949480702514009778e+01
6.693600000000000000e+04,1.901552759298556339e+02,9.223539840262424150e+01
6.693700000000000000e+04,2.504515080516615910e+02,1.343451648931075226e+02
6.693800000000000000e+04,3.185019521924521086e+02,1.866704295829542275e+02
6.693900000000000000e+04,3.935270551367031544e+02,2.500295271599237594e+02
6.694000000000000000e+04,4.746320265059532630e+02,3.249812461738648608e+02
6.694100000000000000e+04,5.608349773816769357e+02,4.118084543349919500e+02
6.694200000000000000e+04,6.511252483140640379e+02,5.104940504510879578e+02
6.694300000000000000e+04,7.445040196816680691e+02,6.207261183029479525e+02
6.694400000000000000e+04,8.400365871868923477e+02,7.419139859352013673e+02
6.694500000000000000e+04,9.368970181137798363e+02,8.732187262764855404e+02
6.694600000000000000e+04,1.034374715162475923e+03,1.013560627521527067e+03
6.694700000000000000e+04,1.131870835688024954e+03,1.161166140117246186e+03
6.694800000000000000e+04,1.228914315728190104e+03,1.314885050646445507e+03
6.694900000000000000e+04,1.325439309951315636e+03,1.474422354934568148e+03
6.695000000000000000e+04,1.421472562429600202e+03,1.638202728106787845e+03
6.695100000000000000e+04,1.517041166674152009e+03,1.804801510381946173e+03
6.695200000000000000e+04,1.612357842905395501e+03,1.973200758100607345e+03
6.695300000000000000e+04,1.707740535215820046e+03,2.142598641554453025e+03
6.695400000000000000e+04,1.803607498398548614e+03,2.312440928765137869e+03
6.695500000000000000e+04,1.900469742071834162e+03,2.482450733192049938e+03
6.695600000000000000e+04,1.998928956856908826e+03,2.652646242857606921e+03
6.695700000000000000e+04,2.099780008321035893e+03,2.823511786680608566e+03
6.695800000000000000e+04,2.206860031782399801e+03,3.000618037225939588e+03
6.695900000000000000e+04,2.318122742842410389e+03,3.179783995114590198e+03
6.696000000000000000e+04,2.434500397472374971e+03,3.362117942320290240e+03
6.696100000000000000e+04,2.556738088766791861e+03,3.548745821839514520e+03
6.696200000000000000e+04,2.685639402256633275e+03,3.740913093531790309e+03
6.696300000000000000e+04,2.821899397297208452e+03,3.939837465368973426e+03
6.696400000000000000e+04,2.966609171455295382e+03,4.147014647699924353e+03
6.696500000000000000e+04,3.120323809777649785e+03,4.363461531118944549e+03
6.696600000000000000e+04,3.283617296940525648e+03,4.589610296896220461e+03
6.696700000000000000e+04,3.457657569351018537e+03,4.825964446741437314e+03
6.696800000000000000e+04,3.643694732664171624e+03,5.073406230566013619e+03
6.696900000000000000e+04,3.840974221184323596e+03,5.330323536506415621e+03
6.697000000000000000e+04,4.048376261809074549e+03,5.594890968549120771e+03
6.697100000000000000e+04,4.264792677721262407e+03,5.865235689117105721e+03
6.697200000000000000e+04,4.489123496549722404e+03,6.139740037847500389e+03
6.697300000000000000e+04,4.719567607765942739e+03,6.416779305282435416e+03
6.697400000000000000e+04,4.954617110211529507e+03,6.695196417461643250e+03
6.697500000000000000e+04,5.192442550494396528e+03,6.974270047126999998e+03
6.697600000000000000e+04,5.431624742749674624e+03,7.253911298206610809e+03
6.697700000000000000e+04,5.671337643839376142e+03,7.534518725963914221e+03
6.697800000000000000e+04,5.911097028971517830e+03,7.816937389558244831e+03
6.697900000000000000e+04,6.150499026719518952e+03,8.102444974910767996e+03
6.698000000000000000e+04,6.390332773021920730e+03,8.393412667365106245e+03
6.698100000000000000e+04,6.629416598213453653e+03,8.690693947036139434e+03
6.698200000000000000e+04,6.868009432790750907e+03,8.996427162682779453e+03
6.698300000000000000e+04,7.106324676970495602e+03,9.312497994411101899e+03
6.698400000000000000e+04,7.344833261030956237e+03,9.640722857226290216e+03
6.698500000000000000e+04,7.584247464071399008e+03,9.982779996623443367e+03
6.698600000000000000e+04,7.825477420779112435e+03,1.034010800475743963e+04
6.698700000000000000e+04,8.069571398006659365e+03,1.071383126191607153e+04
6.698800000000000000e+04,8.317645473656973991e+03,1.110469587410763233e+04
6.698900000000000000e+04,8.570822339725340498e+03,1.151303725467065487e+04
6.699000000000000000e+04,8.830166318506597236e+03,1.193875705023903356e+04
6.699100000000000000e+04,9.096630691097476301e+03,1.238132622328099751e+04
6.699200000000000000e+04,9.371013658204223248e+03,1.283981897845537242e+04
6.699300000000000000e+04,9.653920924819178254e+03,1.331295856461981566e+04
6.699400000000000000e+04,9.945749119742720723e+03,1.379918867263398897e+04
6.699500000000000000e+04,1.024666844850217421e+04,1.429675558273858769e+04
6.699600000000000000e+04,1.055662953463509984e+04,1.480380412696907661e+04
6.699700000000000000e+04,1.087536296738664714e+04,1.531847745917733118e+04
6.699800000000000000e+04,1.120240168341886601e+04,1.583901500110039706e+04
6.699900000000000000e+04,1.153710194469509224e+04,1.636385172127183068e+04
6.700000000000000000e+04,1.187867902382420471e+04,1.689170010424977227e+04
6.700100000000000000e+04,1.222625113808574315e+04,1.742161621846540220e+04
6.700200000000000000e+04,1.257887804488811707e+04,1.795305813451588983e+04
6.700300000000000000e+04,1.293561998382292040e+04,1.848590779503913291e+04
6.700400000000000000e+04,1.329558680859171363e+04,1.902047348414116641e+04
6.700500000000000000e+04,1.365798380173589612e+04,1.955748942020791947e+04
6.700600000000000000e+04,1.402216224791153218e+04,2.009806251091728336e+04
6.700700000000000000e+04,1.438768943732695152e+04,2.064327122850238811e+04
6.700800000000000000e+04,1.475426259505874623e+04,2.119542670182445363e+04
6.700900000000000000e+04,1.512187606146181679e+04,2.175604157534955084e+04
6.701000000000000000e+04,1.549073180701093770e+04,2.232698279168777663e+04
6.701100000000000000e+04,1.586124030772543301e+04,2.291006565034223968e+04
6.701200000000000000e+04,1.623399775008990764e+04,2.350696479830185854e+04
6.701300000000000000e+04,1.660974858630297967e+04,2.411911674923800456e+04
6.701400000000000000e+04,1.698933437084262914e+04,2.474764281735081022e+04
6.701500000000000000e+04,1.737364762123947366e+04,2.539328727228761272e+04
6.701600000000000000e+04,1.776358017508742705e+04,2.605638308024716025e+04
6.701700000000000000e+04,1.815997370182763552e+04,2.673682402998450198e+04
6.701800000000000000e+04,1.856372038660365070e+04,2.743399424165051460e+04
6.701900000000000000e+04,1.897556610739814641e+04,2.814689408025524972e+04
6.702000000000000000e+04,1.939628793616157782e+04,2.887409298833163484e+04
6.702100000000000000e+04,1.982688335907608780e+04,2.961376485021471308e+04
6.702200000000000000e+04,2.026689232914684544e+04,3.036449751952916267e+04
6.702300000000000000e+04,2.071544656138967548e+04,3.112480171746568885e+04
6.702400000000000000e+04,2.117244954222192246e+04,3.189283513933727954e+04
6.702500000000000000e+04,2.163727706572677926e+04,3.266681615193497055e+04
6.702600000000000000e+04,2.210939248049736852e+04,3.344517514689630480e+04
6.702700000000000000e+04,2.258890438889646612e+04,3.422685661054855882e+04
6.702800000000000000e+04,2.307611542152637048e+04,3.501123972685621266e+04
6.702900000000000000e+04,2.357118354920189086e+04,3.579781791223472828e+04
6.703000000000000000e+04,2.407334467923461489e+04,3.658619647380712559e+04
6.703100000000000000e+04,2.458325938269323524e+04,3.737730205201537319e+04
6.703200000000000000e+04,2.510224491627360476e+04,3.817258687256746634e+04
6.703300000000000000e+04,2.563124281323406467e+04,3.897404202236387937e+04
6.703400000000000000e+04,2.616998671988992646e+04,3.978350869777455227e+04
6.703500000000000000e+04,2.671858914891457607e+04,4.060242532525707793e+04
6.703600000000000000e+04,2.727640725088195177e+04,4.143227741960874118e+04
6.703700000000000000e+04,2.784250018339424787e+04,4.227482788514772983e+04
6.703800000000000000e+04,2.841604505699379297e+04,4.313155913831767975e+04
6.703900000000000000e+04,2.899607789909784333e+04,4.400322551078236575e+04
6.704000000000000000e+04,2.958161032668830376e+04,4.488993378640420269e+04
6.704100000000000000e+04,3.017102735562159796e+04,4.579173103877830727e+04
6.704200000000000000e+04,3.076279688918011743e+04,4.670666316779002227e+04
6.704300000000000000e+04,3.135670207856673005e+04,4.763554125316273712e+04
6.704400000000000000e+04,3.195161841731140521e+04,4.857563148928301962e+04
6.704500000000000000e+04,3.254735052837312469e+04,4.952622593123584375e+04
6.704600000000000000e+04,3.314166855985473376e+04,5.048387153108909843e+04
6.704700000000000000e+04,3.373437428682378231e+04,5.144790612530095677e+04
6.704800000000000000e+04,3.432496364645197900e+04,5.241674903094863112e+04
6.704900000000000000e+04,3.491324186356394057e+04,5.338894232748434297e+04
6.705000000000000000e+04,3.549933357281025383e+04,5.436322456624081678e+04
6.705100000000000000e+04,3.608367576607422961e+04,5.533860014894046617e+04
6.705200000000000000e+04,3.666699100167120923e+04,5.631438812203484122e+04
6.705300000000000000e+04,3.725024981009356270e+04,5.729026131347267801e+04
6.705400000000000000e+04,3.783462048265460180e+04,5.826626452123570925e+04
6.705500000000000000e+04,3.842159905779770634e+04,5.924281114387048001e+04
6.705600000000000000e+04,3.901506234825117281e+04,6.022059197819434485e+04
6.705700000000000000e+04,3.961649547562930093e+04,6.120062292055891157e+04
6.705800000000000000e+04,4.022653287419753178e+04,6.218410995404623827e+04
6.705900000000000000e+04,4.084561264762762585e+04,6.317249585083933198e+04
6.706000000000000000e+04,4.147421171066453098e+04,6.416719846439592948e+04
6.706100000000000000e+04,4.211240130685803160e+04,6.516975165486343030e+04
6.706200000000000000e+04,4.276079667690329370e+04,6.618176609389380610e+04
6.706300000000000000e+04,4.341936258278448076e+04,6.720494788107255590e+04
6.706400000000000000e+04,4.408748741084971698e+04,6.824072937635904236e+04
6.706500000000000000e+04,4.476437557301641937e+04,6.928997905909513065e+04
6.706600000000000000e+04,4.544964545222320885e+04,7.035453297239870881e+04
6.706700000000000000e+04,4.614084257145818265e+04,7.143277278002312232e+04
6.706800000000000000e+04,4.683659705655829748e+04,7.252572844640043331e+04
6.706900000000000000e+04,4.753540596863862447e+04,7.363257336521084653e+04
6.707000000000000000e+04,4.823595730638218811e+04,7.475237877958451281e+04
6.707100000000000000e+04,4.893684434963856620e+04,7.588389780815730046e+04
6.707200000000000000e+04,4.963653246092541667e+04,7.702575069406606781e+04
6.707300000000000000e+04,5.033439546658397012e+04,7.817617948356938723e+04
6.707400000000000000e+04,5.102999142345125438e+04,7.933335578817625355e+04
6.707500000000000000e+04,5.172297704960987176e+04,8.049554465467203408e+04
6.707600000000000000e+04,5.241416474334868690e+04,8.166109916509363393e+04
6.707700000000000000e+04,5.310379779751448223e+04,8.282875419687776593e+04
6.707800000000000000e+04,5.379460537168160954e+04,8.399738634682443808e+04
6.707900000000000000e+04,5.448812196410612523e+04,8.516639186573440384e+04
6.708000000000000000e+04,5.518496764723590604e+04,8.633552438222791534e+04
6.708100000000000000e+04,5.588581751961442933e+04,8.750483786093030358e+04
6.708200000000000000e+04,5.659102127280234708e+04,8.867476042592975136e+04
6.708300000000000000e+04,5.730161324054760917e+04,8.984602650195691967e+04
6.708400000000000000e+04,5.801849944409223099e+04,9.101958665877390013e+04
6.708500000000000000e+04,5.874253489241612988e+04,9.219671970018872526e+04
6.708600000000000000e+04,5.947430687078413757e+04,9.337860682864398404e+04
6.708700000000000000e+04,6.021443021824027528e+04,9.456669832942636276e+04
6.708800000000000000e+04,6.096346852031939488e+04,9.576245861536431767e+04
6.708900000000000000e+04,6.172196920807683637e+04,9.696717599312562379e+04
6.709000000000000000e+04,6.249058652139575861e+04,9.818176563605378033e+04
6.709100000000000000e+04,6.326952283782386075e+04,9.940684216474500136e+04
6.709200000000000000e+04,6.405779577718060318e+04,1.006435168730961304e+05
6.709300000000000000e+04,6.485397351641968999e+04,1.018929356868753093e+05
6.709400000000000000e+04,6.565754403682245174e+04,1.031545103139879648e+05
6.709500000000000000e+04,6.646858804829826113e+04,1.044275581972984073e+05
6.709600000000000000e+04,6.728532124816480791e+04,1.057117791925292404e+05
6.709700000000000000e+04,6.810688895389861136e+04,1.070059525293096376e+05
6.709800000000000000e+04,6.893247321352234576e+04,1.083091411687433283e+05
6.709900000000000000e+04,6.976008590759181243e+04,1.096207252959141188e+05
6.710000000000000000e+04,7.058728535032559012e+04,1.109402081741259317e+05
6.710100000000000000e+04,7.141274871251385775e+04,1.122659951704457490e+05
6.710200000000000000e+04,7.223545026410593709e+04,1.135965838331116393e+05
6.710300000000000000e+04,7.305423182718236058e+04,1.149307240489734395e+05
6.710400000000000000e+04,7.386878961251855071e+04,1.162671699824208044e+05
6.710500000000000000e+04,7.467959351638340740e+04,1.176048701147930697e+05
6.710600000000000000e+04,7.548769778844472603e+04,1.189430764021347568e+05
6.710700000000000000e+04,7.629357437789048709e+04,1.202814587239683460e+05
6.710800000000000000e+04,7.709837398815079359e+04,1.216200063450120069e+05
6.710900000000000000e+04,7.790351940634165658e+04,1.229590738051380467e+05
6.711000000000000000e+04,7.871034688946096867e+04,1.242993355863506149e+05
6.711100000000000000e+04,7.952068426620736136e+04,1.256417256121203100e+05
6.711200000000000000e+04,8.033655786662551691e+04,1.269873354894376971e+05
6.711300000000000000e+04,8.115923796751628106e+04,1.283374852588723734e+05
6.711400000000000000e+04,8.198984723443599069e+04,1.296935799476632965e+05
6.711500000000000000e+04,8.282926423950753815e+04,1.310570551185050863e+05
6.711600000000000000e+04,8.367813973538052232e+04,1.324292721317782998e+05
6.711700000000000000e+04,8.453683299400478427e+04,1.338114564977274567e+05
6.711800000000000000e+04,8.540538796499291493e+04,1.352046347922897548e+05
6.711900000000000000e+04,8.628355142565089045e+04,1.366095701496029797e+05
6.712000000000000000e+04,8.717075960964048863e+04,1.380267349503848527e+05
6.712100000000000000e+04,8.806616799363253813e+04,1.394562853820636519e+05
6.712200000000000000e+04,8.896877815951124649e+04,1.408980117387970095e+05
6.712300000000000000e+04,8.987737255758371612e+04,1.423514083511572971e+05
6.712400000000000000e+04,9.079087052814287017e+04,1.438155165620966000e+05
6.712500000000000000e+04,9.170775219204564928e+04,1.452894086053638312e+05
6.712600000000000000e+04,9.262663440362644906e+04,1.467718923889632861e+05
6.712700000000000000e+04,9.354667898904568574e+04,1.482614597289974627e+05
6.712800000000000000e+04,9.446870572869616444e+04,1.497560821364129952e+05
6.712900000000000000e+04,9.539348244966757193e+04,1.512540299401872617e+05
6.713000000000000000e+04,9.632015091059153201e+04,1.527543490178050124e+05
6.713100000000000000e+04,9.724693202656734502e+04,1.542563095259923721e+05
6.713200000000000000e+04,9.817321811695738870e+04,1.557591890507196076e+05
6.713300000000000000e+04,9.909973704641209042e+04,1.572623945143966121e+05
6.713400000000000000e+04,1.000262921573899657e+05,1.587656544773884816e+05
6.713500000000000000e+04,1.009544445114139089e+05,1.602689255816213263e+05
6.713600000000000000e+04,1.018847021061446867e+05,1.617725470213329536e+05
6.713700000000000000e+04,1.028171212178622955e+05,1.632772203556717723e+05
6.713800000000000000e+04,1.037518432679795369e+05,1.647839369363417791e+05
6.713900000000000000e+04,1.046902063931972225e+05,1.662939024939826922e+05
6.714000000000000000e+04,1.056341532129381958e+05,1.678084098254988203e+05
6.714100000000000000e+04,1.065845237148396700e+05,1.693289864015189523e+05
6.714200000000000000e+04,1.075430261608911678e+05,1.708588130747587711e+05
6.714300000000000000e+04,1.085086062351361034e+05,1.723963229729520390e+05
6.714400000000000000e+04,1.094831770321709191e+05,1.739440960267676564e+05
6.714500000000000000e+04,1.104669931379464542e+05,1.755031489166226238e+05
6.714600000000000000e+04,1.114598122503904160e+05,1.770743487059783074e+05
6.714700000000000000e+04,1.124617212042913889e+05,1.786576981269004755e+05
6.714800000000000000e+04,1.134720644705532031e+05,1.802532811590147030e+05
6.714900000000000000e+04,1.144898395337748661e+05,1.818609440092727891e+05
6.715000000000000000e+04,1.155137886276980571e+05,1.834802552869444771e+05
6.715100000000000000e+04,1.165427867949806532e+05,1.851103677520651545e+05
6.715200000000000000e+04,1.175754435827600537e+05,1.867502935085553618e+05
6.715300000000000000e+04,1.186104453537830850e+05,1.883988193482085480e+05
6.715400000000000000e+04,1.196466324475738074e+05,1.900545750332353346e+05
6.715500000000000000e+04,1.206829582600852154e+05,1.917161549072180642e+05
6.715600000000000000e+04,1.217186156019607151e+05,1.933821608229650010e+05
6.715700000000000000e+04,1.227529536811802827e+05,1.950513312696254579e+05
6.715800000000000000e+04,1.237858812543867680e+05,1.967224435006854474e+05
6.715900000000000000e+04,1.248173891547323874e+05,1.983946026421577844e+05
6.716000000000000000e+04,1.258482259496584884e+05,2.000671410517414333e+05
6.716100000000000000e+04,1.268802604430984356e+05,2.017396908581876778e+05
6.716200000000000000e+04,1.279144409729435429e+05,2.034122074937084399e+05
6.716300000000000000e+04,1.289506194053123763e+05,2.050850630808787246e+05
6.716400000000000000e+04,1.299887617666797014e+05,2.067589776087566861e+05
6.716500000000000000e+04,1.310295887915603380e+05,2.084348428464578174e+05
6.716600000000000000e+04,1.320739855278675095e+05,2.101139523509109276e+05
6.716700000000000000e+04,1.331246536976690113e+05,2.117974102658857300e+05
6.716800000000000000e+04,1.341838283371161669e+05,2.134862593909922871e+05
6.716900000000000000e+04,1.352518145848785935e+05,2.151821039779980492e+05
6.717000000000000000e+04,1.363287913139990706e+05,2.168865587366760592e+05
6.717100000000000000e+04,1.374147462004263070e+05,2.186011575995769526e+05
6.717200000000000000e+04,1.385103689792120131e+05,2.203266013980221760e+05
6.717300000000000000e+04,1.396160077856084099e+05,2.220634548030309088e+05
6.717400000000000000e+04,1.407311700935542758e+05,2.238122269030253810e+05
6.717500000000000000e+04,1.418558005742887035e+05,2.255725336851218890e+05
6.717600000000000000e+04,1.429917303395432536e+05,2.273448438295024971e+05
6.717700000000000000e+04,1.441344701303853071e+05,2.291259960576776648e+05
6.717800000000000000e+04,1.452824561950929638e+05,2.309173654649079253e+05
6.717900000000000000e+04,1.464326317499897850e+05,2.327185898999965284e+05
6.718000000000000000e+04,1.475815130696527776e+05,2.345298274151517835e+05
6.718100000000000000e+04,1.487266627103349310e+05,2.363515568364156352e+05
6.718200000000000000e+04,1.498685978276285168e+05,2.381836981293987774e+05
6.718300000000000000e+04,1.510076344677072775e+05,2.400267463432683726e+05
6.718400000000000000e+04,1.521419865702396201e+05,2.418818793633585447e+05
6.718500000000000000e+04,1.532702104432870692e+05,2.437500225522141845e+05
6.718600000000000000e+04,1.543909094454958104e+05,2.456312688398055325e+05
6.718700000000000000e+04,1.555026606565841357e+05,2.475257264501589525e+05
6.718800000000000000e+04,1.566043754573328770e+05,2.494328803988853761e+05
6.718900000000000000e+04,1.576941407011715928e+05,2.513484812491837947e+05
6.719000000000000000e+04,1.587738701874976687e+05,2.532745209008562961e+05
6.719100000000000000e+04,1.598444029090180411e+05,2.552107742312777264e+05
6.719200000000000000e+04,1.609057026649298787e+05,2.571530248682641250e+05
6.719300000000000000e+04,1.619599015702497563e+05,2.591030984559885692e+05
6.719400000000000000e+04,1.630079793818452163e+05,2.610610820622820465e+05
6.719500000000000000e+04,1.640520885063885362e+05,2.630275583386952057e+05
6.719600000000000000e+04,1.650942395440598775e+05,2.650034805779774906e+05
6.719700000000000000e+04,1.661362734830353002e+05,2.669890719455132494e+05
6.719800000000000000e+04,1.671811450323757017e+05,2.689846153121123207e+05
6.719900000000000000e+04,1.682304312664936006e+05,2.709897514861972886e+05
6.720000000000000000e+04,1.692859346417992201e+05,2.730032648153659538e+05
6.720100000000000000e+04,1.703483658426809707e+05,2.750241031997055979e+05
6.720200000000000000e+04,1.714181112930625677e+05,2.770511233521932736e+05
6.720300000000000000e+04,1.724964675605687662e+05,2.790832917700777180e+05
6.720400000000000000e+04,1.735827495462081279e+05,2.811196046644857852e+05
6.720500000000000000e+04,1.746762865423005132e+05,2.831588564890831476e+05
6.720600000000000000e+04,1.757760502998029988e+05,2.852001626896369853e+05
6.720700000000000000e+04,1.768809408502635488e+05,2.872429132232357515e+05
6.720800000000000000e+04,1.779894480739083665e+05,2.892866608902818407e+05
6.720900000000000000e+04,1.791013709598448768e+05,2.913304424598856131e+05
6.721000000000000000e+04,1.802119575837469310e+05,2.933754684678803897e+05
6.721100000000000000e+04,1.813197884950574080e+05,2.954211339733122149e+05
6.721200000000000000e+04,1.824249913567603217e+05,2.974685864637945779e+05
6.721300000000000000e+04,1.835253234749709372e+05,2.995181800133117358e+05
6.721400000000000000e+04,1.846189699102601153e+05,3.015704815673790290e+05
6.721500000000000000e+04,1.857038512964315887e+05,3.036257275913655758e+05
6.721600000000000000e+04,1.867794264837507508e+05,3.056850701856316300e+05
6.721700000000000000e+04,1.878458769763398450e+05,3.077494028991565574e+05
6.721800000000000000e+04,1.889037417146306834e+05,3.098199417516740505e+05
6.721900000000000000e+04,1.899536011541428743e+05,3.118982651096556219e+05
6.722000000000000000e+04,1.909963641439088096e+05,3.139848490001243772e+05
6.722100000000000000e+04,1.920332648107737477e+05,3.160803774313099566e+05
6.722200000000000000e+04,1.930658584014055377e+05,3.181853604532681056e+05
6.722300000000000000e+04,1.940960568370044348e+05,3.203001037195420358e+05
6.722400000000000000e+04,1.951259510411808151e+05,3.224247858391270274e+05
6.722500000000000000e+04,1.961577607887851191e+05,3.245593105434862664e+05
6.722600000000000000e+04,1.971937453853182378e+05,3.267034531369997421e+05
6.722700000000000000e+04,1.982355394161766162e+05,3.288564220255950931e+05
6.722800000000000000e+04,1.992841205537913775e+05,3.310170032156371162e+05
6.722900000000000000e+04,2.003407586314040527e+05,3.331843357782866224e+05
6.723000000000000000e+04,2.014063218512474268e+05,3.353574983590862248e+05
6.723100000000000000e+04,2.024805566369634762e+05,3.375352495942260139e+05
6.723200000000000000e+04,2.035617938146890665e+05,3.397160520205005887e+05
6.723300000000000000e+04,2.046484434742898447e+05,3.418987837365298765e+05
6.723400000000000000e+04,2.057388084674631828e+05,3.440826198141347850e+05
6.723500000000000000e+04,2.068318774470177887e+05,3.462672658571712091e+05
6.723600000000000000e+04,2.079259057319123822e+05,3.484524753017032053e+05
6.723700000000000000e+04,2.090190724027212709e+05,3.506382026222385466e+05
6.723800000000000000e+04,2.101101538607607363e+05,3.528248474065818009e+05
6.723900000000000000e+04,2.111975810409547703e+05,3.550128721598709235e+05
6.724000000000000000e+04,2.122798233566620038e+05,3.572028587795024505e+05
6.724100000000000000e+04,2.133556320089398068e+05,3.593957763667046675e+05
6.724200000000000000e+04,2.144240021878249245e+05,3.615923107992878649e+05
6.724300000000000000e+04,2.154840551318934304e+05,3.637934372957479791e+05
6.724400000000000000e+04,2.165356343101080274e+05,3.660004322026022128e+05
6.724500000000000000e+04,2.175787027963081782e+05,3.682142519365765620e+05
6.724600000000000000e+04,2.186138723537622427e+05,3.704358654542054283e+05
6.724700000000000000e+04,2.196423066900475824e+05,3.726667943610836519e+05
6.724800000000000000e+04,2.206656098106266581e+05,3.749079378689202131e+05
6.724900000000000000e+04,2.216853587483516894e+05,3.771597980996610713e+05
6.725000000000000000e+04,2.227033775750383793e+05,3.794224883847509045e+05
6.725100000000000000e+04,2.237215990857693250e+05,3.816958723764636670e+05
6.725200000000000000e+04,2.247422211437621736e+05,3.839798141981861554e+05
6.725300000000000000e+04,2.257668775645674323e+05,3.862734805104707484e+05
6.725400000000000000e+04,2.267972687229913136e+05,3.885760988043167745e+05
6.725500000000000000e+04,2.278338825065911515e+05,3.908861140378260752e+05
6.725600000000000000e+04,2.288773324196797912e+05,3.932022928333942546e+05
6.725700000000000000e+04,2.299282488439693116e+05,3.955236205907235853e+05
6.725800000000000000e+04,2.309868168912239489e+05,3.978491035251976573e+05
6.725900000000000000e+04,2.320527844011367124e+05,4.001778110131036956e+05
6.726000000000000000e+04,2.331254823892926215e+05,4.025089158311106148e+05
6.726100000000000000e+04,2.342038416822854779e+05,4.048417439777330728e+05
6.726200000000000000e+04,2.352864652170716727e+05,4.071758215359987807e+05
6.726300000000000000e+04,2.363711514018187299e+05,4.095107060885085957e+05
6.726400000000000000e+04,2.374549772235090495e+05,4.118459962617350393e+05
6.726500000000000000e+04,2.385357942975782207e+05,4.141817787493979558e+05
6.726600000000000000e+04,2.396123894731739420e+05,4.165186061347348732e+05
6.726700000000000000e+04,2.406834359481000865e+05,4.188572292742012069e+05
6.726800000000000000e+04,2.417479248803459632e+05,4.211986386314543779e+05
6.726900000000000000e+04,2.428043897764013382e+05,4.235435721484865644e+05
6.727000000000000000e+04,2.438526355496258766e+05,4.258931329593014088e+05
6.727100000000000000e+04,2.448925382189683442e+05,4.282484527806659462e+05
6.727200000000000000e+04,2.459237720862468996e+05,4.306104735782155767e+05
6.727300000000000000e+04,2.469465359365557961e+05,4.329797672841198510e+05
6.727400000000000000e+04,2.479621227602194413e+05,4.353573332505448489e+05
6.727500000000000000e+04,2.489715381433418079e+05,4.377434449114536983e+05
6.727600000000000000e+04,2.499764387508875807e+05,4.401386969911914784e+05
6.727700000000000000e+04,2.509787632364044257e+05,4.425434387070630328e+05
6.727800000000000000e+04,2.519802533760723891e+05,4.449575381601282861e+05
6.727900000000000000e+04,2.529827234405698546e+05,4.473806481819503824e+05
6.728000000000000000e+04,2.539882680882140412e+05,4.498123307092213072e+05
6.728100000000000000e+04,2.549983192799280805e+05,4.522517750175797264e+05
6.728200000000000000e+04,2.560136652551654261e+05,4.546977217273809365e+05
6.728300000000000000e+04,2.570357407826989074e+05,4.571494582960208645e+05
6.728400000000000000e+04,2.580652700507232803e+05,4.596080525246424950e+05
6.728500000000000000e+04,2.591006154695047298e+05,4.620676539564122213e+05
6.728600000000000000e+04,2.601431925467365945e+05,4.645300451563063543e+05
6.728700000000000000e+04,2.611914597644926107e+05,4.669941259315547068e+05
6.728800000000000000e+04,2.622443577187346527e+05,4.694592522897162125e+05
6.728900000000000000e+04,2.633005301253759535e+05,4.719249864002226386e+05
6.729000000000000000e+04,2.643584791933450033e+05,4.743910765833943733e+05
6.729100000000000000e+04,2.654160520447226008e+05,4.768574670202359557e+05
6.729200000000000000e+04,2.664713768575470895e+05,4.793243641035194742e+05
6.729300000000000000e+04,2.675232585789049044e+05,4.817924775264187483e+05
6.729400000000000000e+04,2.685705383277612273e+05,4.842627490576229175e+05
6.729500000000000000e+04,2.696123951599616557e+05,4.867362034752936452e+05
6.729600000000000000e+04,2.706484375997150782e+05,4.892142399320562836e+05
6.729700000000000000e+04,2.716777610831812490e+05,4.916975820565490867e+05
6.729800000000000000e+04,2.727000918733093422e+05,4.941863265209121746e+05
6.729900000000000000e+04,2.737158515056364704e+05,4.966807176621300750e+05
6.730000000000000000e+04,2.747257408959763707e+05,4.991813404752149945e+05
6.730100000000000000e+04,2.757307781752335723e+05,5.016872904672031291e+05
6.730200000000000000e+04,2.767321113452614518e+05,5.041971711405914393e+05
6.730300000000000000e+04,2.777311457019834779e+05,5.067098420581629034e+05
6.730400000000000000e+04,2.787292877240466187e+05,5.092242898131273105e+05
6.730500000000000000e+04,2.797279543528353679e+05,5.117398022632189095e+05
6.730600000000000000e+04,2.807285924601606675e+05,5.142560533160237246e+05
6.730700000000000000e+04,2.817324894546490395e+05,5.167730357872928143e+05
6.730800000000000000e+04,2.827404972355851787e+05,5.192908433290016837e+05
6.730900000000000000e+04,2.837529538723406731e+05,5.218098761456928332e+05
6.731000000000000000e+04,2.847700806723352289e+05,5.243305773813250707e+05
6.731100000000000000e+04,2.857922267760799732e+05,5.268530416002464481e+05
6.731200000000000000e+04,2.868195027518677525e+05,5.293774445328775328e+05
6.731300000000000000e+04,2.878507753148106858e+05,5.319044696706951363e+05
6.731400000000000000e+04,2.888842137368918629e+05,5.344368339648456313e+05
6.731500000000000000e+04,2.899160076279639034e+05,5.369686401151600294e+05
6.731600000000000000e+04,2.909459196137502440e+05,5.395019043324928498e+05
6.731700000000000000e+04,2.919717488474768470e+05,5.420367236630507978e+05
6.731800000000000000e+04,2.929928650508450810e+05,5.445729271533505525e+05
6.731900000000000000e+04,2.940091793135796324e+05,5.471104750120876124e+05
6.732000000000000000e+04,2.950209048640041146e+05,5.496495415348111419e+05
6.732100000000000000e+04,2.960284318229277269e+05,5.521905637744581327e+05
6.732200000000000000e+04,2.970326685824961169e+05,5.547341266988419229e+05
6.732300000000000000e+04,2.980352047730168561e+05,5.572808546606847085e+05
6.732400000000000000e+04,2.990372603619165602e+05,5.598316499743694440e+05
6.732500000000000000e+04,3.000406889105875161e+05,5.623873879896111321e+05
6.732600000000000000e+04,3.010476558455304476e+05,5.649488149113237159e+05
6.732700000000000000e+04,3.020603724646095652e+05,5.675164778344578808e+05
6.732800000000000000e+04,3.030808133837124333e+05,5.700907779159481870e+05
6.732900000000000000e+04,3.041102497046222561e+05,5.726722532630825881e+05
6.733000000000000000e+04,3.051504144519208348e+05,5.752604024724827614e+05
6.733100000000000000e+04,3.062022842896860675e+05,5.778548483323085820e+05
6.733200000000000000e+04,3.072655280742601026e+05,5.804560368738000980e+05
6.733300000000000000e+04,3.083396349331049714e+05,5.830641691972626140e+05
6.733400000000000000e+04,3.094233958862409345e+05,5.856795898136299802e+05
6.733500000000000000e+04,3.105156492231209413e+05,5.883021238409079378e+05
6.733600000000000000e+04,3.116149082129787421e+05,5.909314098076850642e+05
6.733700000000000000e+04,3.127189944579064613e+05,5.935674478972593788e+05
6.733800000000000000e+04,3.138261385929796379e+05,5.962095196341027040e+05
6.733900000000000000e+04,3.149345253476316575e+05,5.988568552335911663e+05
6.734000000000000000e+04,3.160425587430573651e+05,6.015085721771913813e+05
6.734100000000000000e+04,3.171487254208268132e+05,6.041638527528331615e+05
6.734200000000000000e+04,3.182524337016774225e+05,6.068216771977306344e+05
6.734300000000000000e+04,3.193536818870033021e+05,6.094811320856953971e+05
6.734400000000000000e+04,3.204520608967421576e+05,6.121417187083759345e+05
6.734500000000000000e+04,3.215473041952106869e+05,6.148031884886248736e+05
6.734600000000000000e+04,3.226389311316174571e+05,6.174656361602677498e+05
6.734700000000000000e+04,3.237269476775570656e+05,6.201293020336159971e+05
6.734800000000000000e+04,3.248122925046295859e+05,6.227944617652670713e+05
6.734900000000000000e+04,3.258959859128985554e+05,6.254616681722886860e+05
6.735000000000000000e+04,3.269794360543183866e+05,6.281315881207500352e+05
6.735100000000000000e+04,3.280645180232106941e+05,6.308048069536178373e+05
6.735200000000000000e+04,3.291529548002238153e+05,6.334822522101049544e+05
6.735300000000000000e+04,3.302464942825235194e+05,6.361647721669968450e+05
6.735400000000000000e+04,3.313467353967121453e+05,6.388530663543595001e+05
6.735500000000000000e+04,3.324546770225107903e+05,6.415481823964519426e+05
6.735600000000000000e+04,3.335712015508066979e+05,6.442509158025694778e+05
6.735700000000000000e+04,3.346973104384820908e+05,6.469616743588071549e+05
6.735800000000000000e+04,3.358336685335258953e+05,6.496806137250129832e+05
6.735900000000000000e+04,3.369801850940391887e+05,6.524080558388024801e+05
6.736000000000000000e+04,3.381367064724190277e+05,6.551437827427750453e+05
6.736100000000000000e+04,3.393022821223074570e+05,6.578880619792796206e+05
6.736200000000000000e+04,3.404759766211074893e+05,6.606405846998107154e+05
6.736300000000000000e+04,3.416562749772538664e+05,6.634010714250982273e+05
6.736400000000000000e+04,3.428418034266617033e+05,6.661685932135959156e+05
6.736500000000000000e+04,3.440305216897599166e+05,6.689426861252897652e+05
6.736600000000000000e+04,3.452211880373068852e+05,6.717221783531840192e+05
6.736700000000000000e+04,3.464125934065862675e+05,6.745059068997827126e+05
6.736800000000000000e+04,3.476027487022530404e+05,6.772932466535497224e+05
6.736900000000000000e+04,3.487906720220108982e+05,6.800832389745995170e+05
6.737000000000000000e+04,3.499753023115345859e+05,6.828752475859401748e+05
6.737100000000000000e+04,3.511553731317142956e+05,6.856689255074349931e+05
6.737200000000000000e+04,3.523302478587650694e+05,6.884639692393661244e+05
6.737300000000000000e+04,3.535011191199803725e+05,6.912599672286916757e+05
6.737400000000000000e+04,3.546689469342045486e+05,6.940569188158524921e+05
6.737500000000000000e+04,3.558358733011432923e+05,6.968548048101625172e+05
6.737600000000000000e+04,3.570035280401252676e+05,6.996539394330837531e+05
6.737700000000000000e+04,3.581726000449309940e+05,7.024551480534833390e+05
6.737800000000000000e+04,3.593434441825000104e+05,7.052595487944119377e+05
6.737900000000000000e+04,3.605177815271617728e+05,7.080679810763254063e+05
6.738000000000000000e+04,3.616975366155078518e+05,7.108813016806066735e+05
6.738100000000000000e+04,3.628844983867667033e+05,7.137002793419074733e+05
6.738200000000000000e+04,3.640801081988888909e+05,7.165256400297831278e+05
6.738300000000000000e+04,3.652851185645450023e+05,7.193583121425790014e+05
6.738400000000000000e+04,3.664998926720460295e+05,7.221991209775180323e+05
6.738500000000000000e+04,3.677245455099401297e+05,7.250487019005750772e+05
6.738600000000000000e+04,3.689590555637090583e+05,7.279074390027639456e+05
6.738700000000000000e+04,3.702030993681654800e+05,7.307753376660130452e+05
6.738800000000000000e+04,3.714558523184218211e+05,7.336522011661301367e+05
6.738900000000000000e+04,3.727165991326535004e+05,7.365370993772406364e+05
6.739000000000000000e+04,3.739841642033113167e+05,7.394298241029513301e+05
6.739100000000000000e+04,3.752556161868333584e+05,7.423312938976443838e+05
6.739200000000000000e+04,3.765273025551441242e+05,7.452416061343101319e+05
6.739300000000000000e+04,3.777990431315562455e+05,7.481614063042443013e+05
6.739400000000000000e+04,3.790654210974562448e+05,7.510846706880882848e+05
6.739500000000000000e+04,3.803254698025885154e+05,7.540151385164594976e+05
6.739600000000000000e+04,3.815788974671680480e+05,7.569529868633727310e+05
6.739700000000000000e+04,3.828270951573398197e+05,7.598983683115271851e+05
6.739800000000000000e+04,3.840693182674626587e+05,7.628524545378402108e+05
6.739900000000000000e+04,3.853043871184376185e+05,7.658166444162640255e+05
6.740000000000000000e+04,3.865313023949468625e+05,7.687920346258411882e+05
6.740100000000000000e+04,3.877493576488442486e+05,7.717800990301478887e+05
6.740200000000000000e+04,3.889582588323153323e+05,7.747811799721175339e+05
6.740300000000000000e+04,3.901580893846433610e+05,7.777952621813048609e+05
6.740400000000000000e+04,3.913491184666434419e+05,7.808222318743512733e+05
6.740500000000000000e+04,3.925320358246447286e+05,7.838615073399712564e+05
6.740600000000000000e+04,3.937078852210432524e+05,7.869114883952863747e+05
6.740700000000000000e+04,3.948778717114163446e+05,7.899704367913089227e+05
6.740800000000000000e+04,3.960432631521476433e+05,7.930365378834357252e+05
6.740900000000000000e+04,3.972053764562053257e+05,7.961084467489183880e+05
6.741000000000000000e+04,3.983655369817913161e+05,7.991848462919192389e+05
6.741100000000000000e+04,3.995249932248741970e+05,8.022644973649169551e+05
6.741200000000000000e+04,4.006848493423982291e+05,8.053462989435242489e+05
6.741300000000000000e+04,4.018460272018652759e+05,8.084293614299654728e+05
6.741400000000000000e+04,4.030092075468077674e+05,8.115130606452769134e+05
6.741500000000000000e+04,4.041747797073366237e+05,8.145970419340025401e+05
6.741600000000000000e+04,4.053427081575749908e+05,8.176812144823675044e+05
6.741700000000000000e+04,4.065119176732546766e+05,8.207655954372114502e+05
6.741800000000000000e+04,4.076813131341149565e+05,8.238508174384390004e+05
6.741900000000000000e+04,4.088494470732716145e+05,8.269385052680033259e+05
6.742000000000000000e+04,4.100153102770211990e+05,8.300309181601807941e+05
6.742100000000000000e+04,4.111794084472651011e+05,8.331304842790276743e+05
6.742200000000000000e+04,4.123430678177934024e+05,8.362382665014880477e+05
6.742300000000000000e+04,4.135066917492930661e+05,8.393546016576548573e+05
6.742400000000000000e+04,4.146713660998012056e+05,8.424802474211736117e+05
6.742500000000000000e+04,4.158387822592032608e+05,8.456170095668020658e+05
6.742600000000000000e+04,4.170091243193740374e+05,8.487670543575340416e+05
6.742700000000000000e+04,4.181830941178638022e+05,8.519320164948662277e+05
6.742800000000000000e+04,4.193621342722898698e+05,8.551133734567615902e+05
6.742900000000000000e+04,4.205456563807211351e+05,8.583124027129650349e+05
6.743000000000000000e+04,4.217320493533987319e+05,8.615299578760918230e+05
6.743100000000000000e+04,4.229195807758778101e+05,8.647665044391808333e+05
6.743200000000000000e+04,4.241062772812273470e+05,8.680219532473875443e+05
6.743300000000000000e+04,4.252904453366725938e+05,8.712958931677356595e+05
6.743400000000000000e+04,4.264694710031650029e+05,8.745871749910330400e+05
6.743500000000000000e+04,4.276419977768646204e+05,8.778945911927580601e+05
6.743600000000000000e+04,4.288070257828478352e+05,8.812166812245241599e+05
6.743700000000000000e+04,4.299637704261991312e+05,8.845517771996150259e+05
6.743800000000000000e+04,4.311117420362870907e+05,8.878980817893985659e+05
6.743900000000000000e+04,4.322507418393367552e+05,8.912537714936836855e+05
6.744000000000000000e+04,4.333808684450298897e+05,8.946171030855749268e+05
6.744100000000000000e+04,4.345025696929990663e+05,8.979864806689190445e+05
6.744200000000000000e+04,4.356165243364138296e+05,9.013605778003879823e+05
6.744300000000000000e+04,4.367236699469363666e+05,9.047383839672374306e+05
6.744400000000000000e+04,4.378252168444521958e+05,9.081192413756676251e+05
6.744500000000000000e+04,4.389223672861180385e+05,9.115029496007161215e+05
6.744600000000000000e+04,4.400165573477105936e+05,9.148896767389260931e+05
6.744700000000000000e+04,4.411090834023074131e+05,9.182800455287098885e+05
6.744800000000000000e+04,4.422011676964339567e+05,9.216750576738446252e+05
6.744900000000000000e+04,4.432940072820413043e+05,9.250760019440472824e+05
6.745000000000000000e+04,4.443884091586313443e+05,9.284844811598450178e+05
6.745100000000000000e+04,4.454851475140808616e+05,9.319022041100155329e+05
6.745200000000000000e+04,4.465844721419255948e+05,9.353310280950990273e+05
6.745300000000000000e+04,4.476865048187554348e+05,9.387727336572344648e+05
6.745400000000000000e+04,4.487909628721367335e+05,9.422290149568207562e+05
6.745500000000000000e+04,4.498974065712337615e+05,9.457013174399291165e+05
6.745600000000000000e+04,4.510048350708460785e+05,9.491908823455639649e+05
6.745700000000000000e+04,4.521122884688299382e+05,9.526985235902358545e+05
6.745800000000000000e+04,4.532185139353537816e+05,9.562246882898504846e+05
6.745900000000000000e+04,4.543214997496089200e+05,9.597692223868683213e+05
6.746000000000000000e+04,4.554177110752037261e+05,9.633311928287274204e+05
6.746100000000000000e+04,4.565059996571399970e+05,9.669098496987337712e+05
6.746200000000000000e+04,4.575851547255173209e+05,9.705043216226939112e+05
6.746300000000000000e+04,4.586548281515793642e+05,9.741130857866767328e+05
6.746400000000000000e+04,4.597145016871840344e+05,9.777346917035946390e+05
6.746500000000000000e+04,4.607636843624786707e+05,9.813678980706793955e+05
6.746600000000000000e+04,4.618032584063670947e+05,9.850107708414134104e+05
6.746700000000000000e+04,4.628338736093403422e+05,9.886615520808424335e+05
6.746800000000000000e+04,4.638568080850590486e+05,9.923184109475712758e+05
6.746900000000000000e+04,4.648730944737661048e+05,9.959799209084673785e+05
6.747000000000000000e+04,4.658829498058073223e+05,9.996452947743509430e+05
6.747100000000000000e+04,4.668873715513218194e+05,1.003313917731108377e+06
6.747200000000000000e+04,4.678875964115746319e+05,1.006985598723447882e+06
6.747300000000000000e+04,4.688847201586318552e+05,1.010660642577397870e+06
6.747400000000000000e+04,4.698798190051774727e+05,1.014339848614664981e+06
6.747500000000000000e+04,4.708736498602548381e+05,1.018024333066129242e+06
6.747600000000000000e+04,4.718682460202052025e+05,1.021715101903955801e+06
6.747700000000000000e+04,4.728647600734494627e+05,1.025413623654961586e+06
6.747800000000000000e+04,4.738634430660116486e+05,1.029121714089053217e+06
6.747900000000000000e+04,4.748646386645796010e+05,1.032841302444529952e+06
6.748000000000000000e+04,4.758688155910010100e+05,1.036574109048221842e+06
6.748100000000000000e+04,4.768762261519902386e+05,1.040321792276273598e+06
6.748200000000000000e+04,4.778873219006416621e+05,1.044085888689656742e+06
6.748300000000000000e+04,4.789017131577807595e+05,1.047867679371678038e+06
6.748400000000000000e+04,4.799177110540267313e+05,1.051667975010724971e+06
6.748500000000000000e+04,4.809340822587746661e+05,1.055487114073580597e+06
6.748600000000000000e+04,4.819493441577304620e+05,1.059325190835666843e+06
6.748700000000000000e+04,4.829609333711629733e+05,1.063181546159073012e+06
6.748800000000000000e+04,4.839658538904539309e+05,1.067055081884552026e+06
6.748900000000000000e+04,4.849634454271535506e+05,1.070944526249872055e+06
6.749000000000000000e+04,4.859524025527518825e+05,1.074848646698018536e+06
6.749100000000000000e+04,4.869319259270880721e+05,1.078766090088502504e+06
6.749200000000000000e+04,4.879024190338145127e+05,1.082695371166531928e+06
6.749300000000000000e+04,4.888640666348768864e+05,1.086634298934368184e+06
6.749400000000000000e+04,4.898164205028839642e+05,1.090581341863668058e+06
6.749500000000000000e+04,4.907601995009391103e+05,1.094535036381463986e+06
6.749600000000000000e+04,4.916963439149414771e+05,1.098498061623244779e+06
6.749700000000000000e+04,4.926248502094214200e+05,1.102461348567518638e+06
6.749800000000000000e+04,4.935469870605590986e+05,1.106428521096402779e+06
6.749900000000000000e+04,4.944635270151268342e+05,1.110399504890098237e+06
6.750000000000000000e+04,4.953767316676917835e+05,1.114374191215541679e+06
6.750100000000000000e+04,4.962874668123904848e+05,1.118353128091352759e+06
6.750200000000000000e+04,4.971976941780592897e+05,1.122337088942858391e+06
6.750300000000000000e+04,4.981080313071087585e+05,1.126327374917598674e+06
6.750400000000000000e+04,4.990194684390980401e+05,1.130326054718441796e+06
6.750500000000000000e+04,4.999331063244141405e+05,1.134334555651284521e+06
6.750600000000000000e+04,5.008485290203944896e+05,1.138354844524916029e+06
6.750700000000000000e+04,5.017669710093472968e+05,1.142388592947730795e+06
6.750800000000000000e+04,5.026872656950021628e+05,1.146437200803397223e+06
6.750900000000000000e+04,5.036103735178100760e+05,1.150501967671596911e+06
6.751000000000000000e+04,5.045338695117977913e+05,1.154584188930778531e+06
6.751100000000000000e+04,5.054579183962295647e+05,1.158684495135492878e+06
6.751200000000000000e+04,5.063803288028667448e+05,1.162803486477355240e+06
6.751300000000000000e+04,5.073012415639871615e+05,1.166941069593770429e+06
6.751400000000000000e+04,5.082180779011198902e+05,1.171096899451602483e+06
6.751500000000000000e+04,5.091306487089141738e+05,1.175270125097815646e+06
6.751600000000000000e+04,5.100366415792572079e+05,1.179459956616244279e+06
6.751700000000000000e+04,5.109370408458392485e+05,1.183664827258069767e+06
6.751800000000000000e+04,5.118294501829734654e+05,1.187883243130113930e+06
6.751900000000000000e+04,5.127142034279394429e+05,1.192113207737852354e+06
6.752000000000000000e+04,5.135891668105368153e+05,1.196353230509955203e+06
6.752100000000000000e+04,5.144548989916281425e+05,1.200601576040389715e+06
6.752200000000000000e+04,5.153132231109650456e+05,1.204856577516549733e+06
6.752300000000000000e+04,5.161632418829632225e+05,1.209117087558547733e+06
6.752400000000000000e+04,5.170072599752980168e+05,1.213381921565464698e+06
6.752500000000000000e+04,5.178445889849824016e+05,1.217650689178459113e+06
6.752600000000000000e+04,5.186783467942147399e+05,1.221922859200538369e+06
6.752700000000000000e+04,5.195080594714774052e+05,1.226199176960682031e+06
6.752800000000000000e+04,5.203367207942075911e+05,1.230480083025284111e+06
6.752900000000000000e+04,5.211645670483298018e+05,1.234766450942840427e+06
6.753000000000000000e+04,5.219942773783926968e+05,1.239059156310951104e+06
6.753100000000000000e+04,5.228256813514800160e+05,1.243359484665176366e+06
6.753200000000000000e+04,5.236615315466540051e+05,1.247668997438768158e+06
6.753300000000000000e+04,5.245010093330488307e+05,1.251989839285304304e+06
6.753400000000000000e+04,5.253458620182055747e+05,1.256323342712988844e+06
6.753500000000000000e+04,5.261947019938670564e+05,1.260671585551796714e+06
6.753600000000000000e+04,5.270487207723156316e+05,1.265036364052516641e+06
6.753700000000000000e+04,5.279088834486383712e+05,1.269418644553315593e+06
6.753800000000000000e+04,5.287728506253702799e+05,1.273819652137137251e+06
6.753900000000000000e+04,5.296406593941753963e+05,1.278239659777227324e+06
6.754000000000000000e+04,5.305079210735766683e+05,1.282678857438206440e+06
6.754100000000000000e+04,5.313761770190164680e+05,1.287137367698911577e+06
6.754200000000000000e+04,5.322457332494077273e+05,1.291614608275714563e+06
6.754300000000000000e+04,5.331115625594751909e+05,1.296109835793687962e+06
6.754400000000000000e+04,5.339746220218759263e+05,1.300621291407109238e+06
6.754500000000000000e+04,5.348327120588637190e+05,1.305148241582035786e+06
6.754600000000000000e+04,5.356872503665328259e+05,1.309689652901678812e+06
6.754700000000000000e+04,5.365404201471151318e+05,1.314244052585383179e+06
6.754800000000000000e+04,5.373901879107023124e+05,1.318810235637016827e+06
6.754900000000000000e+04,5.382386782084626611e+05,1.323386589907394024e+06
6.755000000000000000e+04,5.390889471914591268e+05,1.327971762542228447e+06
6.755100000000000000e+04,5.399400006218259223e+05,1.332565238610110478e+06
6.755200000000000000e+04,5.407965541409369325e+05,1.337166344672094798e+06
6.755300000000000000e+04,5.416584339916096069e+05,1.341777020993755898e+06
6.755400000000000000e+04,5.425285695957505377e+05,1.346398349516659975e+06
6.755500000000000000e+04,5.434095883396912832e+05,1.351030538541462738e+06
6.755600000000000000e+04,5.442998078851954779e+05,1.355674323173772776e+06
6.755700000000000000e+04,5.451994353343253024e+05,1.360331509692404419e+06
6.755800000000000000e+04,5.461086994179198518e+05,1.365003755591532215e+06
6.755900000000000000e+04,5.470231483509800164e+05,1.369692264928081771e+06
6.756000000000000000e+04,5.479426815925113624e+05,1.374397170376665192e+06
6.756100000000000000e+04,5.488668808717487846e+05,1.379118540953135118e+06
6.756200000000000000e+04,5.497902822853161488e+05,1.383856740712878294e+06
6.756300000000000000e+04,5.507139880745001137e+05,1.388610624151787721e+06
6.756400000000000000e+04,5.516329323599749478e+05,1.393379824388562934e+06
6.756500000000000000e+04,5.525460188297919231e+05,1.398163036745082354e+06
6.756600000000000000e+04,5.534533430556526873e+05,1.402958299088498810e+06
6.756700000000000000e+04,5.543515411934795557e+05,1.407763997543483274e+06
6.756800000000000000e+04,5.552441469590390334e+05,1.412577744164019125e+06
6.756900000000000000e+04,5.561118345519127324e+05,1.417252919520467287e+06
6.757000000000000000e+04,5.570039357484724605e+05,1.422077770260988502e+06
6.757100000000000000e+04,5.578966562190731056e+05,1.426906307800335810e+06
6.757200000000000000e+04,5.587908627177991439e+05,1.431737680422031553e+06
6.757300000000000000e+04,5.596647391946073622e+05,1.436425933184692170e+06
6.757400000000000000e+04,5.605660115000811638e+05,1.441261242359952535e+06
6.757500000000000000e+04,5.614720446731470292e+05,1.446098434612058103e+06
6.757600000000000000e+04,5.623838717363595497e+05,1.450937863193531521e+06
6.757700000000000000e+04,5.633028305998668075e+05,1.455780413881303975e+06
6.757800000000000000e+04,5.642078228539306438e+05,1.460481499057413312e+06
6.757900000000000000e+04,5.651450061549625825e+05,1.465334412578243529e+06
6.758000000000000000e+04,5.660918157013581367e+05,1.470194976593905129e+06
6.758100000000000000e+04,5.670483713360296097e+05,1.475065224743671250e+06
6.758200000000000000e+04,5.680140091563210590e+05,1.479947087077151285e+06
6.758300000000000000e+04,5.689879133372537326e+05,1.484842261193725048e+06
6.758400000000000000e+04,5.699692302786862710e+05,1.489752334225420142e+06
6.758500000000000000e+04,5.709570971628543921e+05,1.494678527638612315e+06
6.758600000000000000e+04,5.719325640674103051e+05,1.499472686675931094e+06
6.758700000000000000e+04,5.729340010415929137e+05,1.504431176324774278e+06
6.758800000000000000e+04,5.739401728740521939e+05,1.509405825238385005e+06
6.758900000000000000e+04,5.749492439273563214e+05,1.514396450909556588e+06
6.759000000000000000e+04,5.759595604005298810e+05,1.519402309876437299e+06
6.759100000000000000e+04,5.769698820611838019e+05,1.524422645657979185e+06
6.759200000000000000e+04,5.779783756407089531e+05,1.529456368985952577e+06
6.759300000000000000e+04,5.789833629691725364e+05,1.534502508788551902e+06
6.759400000000000000e+04,5.799836571698701009e+05,1.539559835335032782e+06
6.759500000000000000e+04,5.809657407156688860e+05,1.544474125626506750e+06
6.759600000000000000e+04,5.819564119024511892e+05,1.549546877398089273e+06
6.759700000000000000e+04,5.829408226768112509e+05,1.554624803890738636e+06
6.759800000000000000e+04,5.839207184439962730e+05,1.559706429957962129e+06
6.759900000000000000e+04,5.848982802699073218e+05,1.564795348418580135e+06
6.760000000000000000e+04,5.858734029785159510e+05,1.569880586481030332e+06
6.760100000000000000e+04,5.868498845590892015e+05,1.574967164535212563e+06
6.760200000000000000e+04,5.878302183374832384e+05,1.580055503411511192e+06
6.760300000000000000e+04,5.888166612773804227e+05,1.585146390092038782e+06
6.760400000000000000e+04,5.898114540387578309e+05,1.590241143129241886e+06
6.760500000000000000e+04,5.908167450675988803e+05,1.595341476337932283e+06
6.760600000000000000e+04,5.918333979366103886e+05,1.600448843193382258e+06
6.760700000000000000e+04,5.928633321326964069e+05,1.605418688814575085e+06
6.760800000000000000e+04,5.939050884903589031e+05,1.610546269298651954e+06
6.760900000000000000e+04,5.949578608205658384e+05,1.615685753230884904e+06
6.761000000000000000e+04,5.960205954441168578e+05,1.620838399820570135e+06
6.761100000000000000e+04,5.970923912351375911e+05,1.626005721585435327e+06
6.761200000000000000e+04,5.981717121511220466e+05,1.631189170237745624e+06
6.761300000000000000e+04,5.992566473198251333e+05,1.636389648229587125e+06
6.761400000000000000e+04,6.003454047629010165e+05,1.641607832656347426e+06
6.761500000000000000e+04,6.014356658566568512e+05,1.646844128119354369e+06
6.761600000000000000e+04,6.025253230384705821e+05,1.652098207484417828e+06
6.761700000000000000e+04,6.036122112384624779e+05,1.657369643551249290e+06
6.761800000000000000e+04,6.046947335293786600e+05,1.662657189674027031e+06
6.761900000000000000e+04,6.057717123850235948e+05,1.667959296868602745e+06
6.762000000000000000e+04,6.068427477709389059e+05,1.673274085920623038e+06
6.762100000000000000e+04,6.079092624565595761e+05,1.678599437990730396e+06
6.762200000000000000e+04,6.090099749425132759e+05,1.683928625912451651e+06
6.762300000000000000e+04,6.100708898102659732e+05,1.689269344116464257e+06
6.762400000000000000e+04,6.111291927359338151e+05,1.694615386724410346e+06
6.762500000000000000e+04,6.121860533106626244e+05,1.699965396580958739e+06
6.762600000000000000e+04,6.132429002656685188e+05,1.705318330179578625e+06
6.762700000000000000e+04,6.143013473044716520e+05,1.710673511875547934e+06
6.762800000000000000e+04,6.153631059120605933e+05,1.716030670307088178e+06
6.762900000000000000e+04,6.164298973428865429e+05,1.721389955098260660e+06
6.763000000000000000e+04,6.175033570168033475e+05,1.726751927098216256e+06
6.763100000000000000e+04,6.185849505226295441e+05,1.732117528099432122e+06
6.763200000000000000e+04,6.196758922490898985e+05,1.737488032016228419e+06
6.763300000000000000e+04,6.207770844715087442e+05,1.742864973699461203e+06
6.763400000000000000e+04,6.218890681698671542e+05,1.748250068211626261e+06
6.763500000000000000e+04,6.230119973896683659e+05,1.753645118633277947e+06
6.763600000000000000e+04,6.241456319388680859e+05,1.759051919040365377e+06
6.763700000000000000e+04,6.252894323066342622e+05,1.764472140734465560e+06
6.763800000000000000e+04,6.264431590388276381e+05,1.769907008650285657e+06
6.763900000000000000e+04,6.276062333840109641e+05,1.775357398233452113e+06
6.764000000000000000e+04,6.287769949011313729e+05,1.780824168396086665e+06
6.764100000000000000e+04,6.299535843545108801e+05,1.786307853466606466e+06
6.764200000000000000e+04,6.311990911940918304e+05,1.791800341365128290e+06
6.764300000000000000e+04,6.323838360121351434e+05,1.797317812220690539e+06
6.764400000000000000e+04,6.335697179565776605e+05,1.802851307445913553e+06
6.764500000000000000e+04,6.347555063834247412e+05,1.808399772053704364e+06
6.764600000000000000e+04,6.359399481082294369e+05,1.813961848122650757e+06
6.764700000000000000e+04,6.371218600353680085e+05,1.819535865954885958e+06
6.764800000000000000e+04,6.383002063918163767e+05,1.825120228147565620e+06
6.764900000000000000e+04,6.394755981147764251e+05,1.830712885473680450e+06
6.765000000000000000e+04,6.406486238518120954e+05,1.836311891425072448e+06
6.765100000000000000e+04,6.418194760582016315e+05,1.841915889413121389e+06
6.765200000000000000e+04,6.429889719167656731e+05,1.847523843682740116e+06
6.765300000000000000e+04,6.441577793268368114e+05,1.853134847852615640e+06
6.765400000000000000e+04,6.453269224131199298e+05,1.858747819896524772e+06
6.765500000000000000e+04,6.464982133273935178e+05,1.864362151794808917e+06
6.765600000000000000e+04,6.476737972150455462e+05,1.869977951164000668e+06
6.765700000000000000e+04,6.488548218352260301e+05,1.875595577915825881e+06
6.765800000000000000e+04,6.500425677958291490e+05,1.881215950669859536e+06
6.765900000000000000e+04,6.512390135020748712e+05,1.886840712288668612e+06
6.766000000000000000e+04,6.524453137863146840e+05,1.892471493043832714e+06
6.766100000000000000e+04,6.536625296915794024e+05,1.898110228142634034e+06
6.766200000000000000e+04,6.548910257980820024e+05,1.903758765352472663e+06
6.766300000000000000e+04,6.561306325898211217e+05,1.909418883027306525e+06
6.766400000000000000e+04,6.573812651986224810e+05,1.915092213277745759e+06
6.766500000000000000e+04,6.586430844410164282e+05,1.920779955971230520e+06
6.766600000000000000e+04,6.599149076717732241e+05,1.926483222679920495e+06
6.766700000000000000e+04,6.611953506707922788e+05,1.932202838579279836e+06
6.766800000000000000e+04,6.624826963033783250e+05,1.937939325789192924e+06
6.766900000000000000e+04,6.639003195003266446e+05,1.943676926894512260e+06
6.767000000000000000e+04,6.651987424518404296e+05,1.949447006010490470e+06
6.767100000000000000e+04,6.664979062031561043e+05,1.955233896711103851e+06
6.767200000000000000e+04,6.677969670756388223e+05,1.961036313665919937e+06
6.767300000000000000e+04,6.690944760637751315e+05,1.966852841962394770e+06
6.767400000000000000e+04,6.703888386745919706e+05,1.972682013297099853e+06
6.767500000000000000e+04,6.716800450525248889e+05,1.978522081745107891e+06
6.767600000000000000e+04,6.729680130121685797e+05,1.984371469264779240e+06
6.767700000000000000e+04,6.742524054336557165e+05,1.990228920557400910e+06
6.767800000000000000e+04,6.755337286992790177e+05,1.996092415963370353e+06
6.767900000000000000e+04,6.768130202840063721e+05,2.001960158862350276e+06
6.768000000000000000e+04,6.780917031711409800e+05,2.007830953853773186e+06
6.768100000000000000e+04,6.793707599150525639e+05,2.013703771561801434e+06
6.768200000000000000e+04,6.806513991533759981e+05,2.019577964601647342e+06
6.768300000000000000e+04,6.819352317213432398e+05,2.025453432493437314e+06
6.768400000000000000e+04,6.832242103813998401e+05,2.031330713212871458e+06
6.768500000000000000e+04,6.845204585037811194e+05,2.037210962611657800e+06
6.768600000000000000e+04,6.858261784797051223e+05,2.043095918230173178e+06
6.768700000000000000e+04,6.871425712218028493e+05,2.048987193858503597e+06
6.768800000000000000e+04,6.884702258830568753e+05,2.054886475612219656e+06
6.768900000000000000e+04,6.898093470059789252e+05,2.060795557191836881e+06
6.769000000000000000e+04,6.911597434107691515e+05,2.066716241585976444e+06
6.769100000000000000e+04,6.925208454665102763e+05,2.072650247222761158e+06
6.769200000000000000e+04,6.938917312769811833e+05,2.078599116576088825e+06
6.769300000000000000e+04,6.952711783303737175e+05,2.084564131363090593e+06
6.769400000000000000e+04,6.966577377454637317e+05,2.090546243040585425e+06
6.769500000000000000e+04,6.980499450580936391e+05,2.096545973117579473e+06
6.769600000000000000e+04,6.994474737613085890e+05,2.102562884099088609e+06
6.769700000000000000e+04,7.008498196345092729e+05,2.108596312459886074e+06
6.769800000000000000e+04,7.024663175611590268e+05,2.114619307308479212e+06
6.769900000000000000e+04,7.038785417447282234e+05,2.120683591329109389e+06
6.770000000000000000e+04,7.052924146274559898e+05,2.126768106289329007e+06
6.770100000000000000e+04,7.067029503043195000e+05,2.132859604183390737e+06
6.770200000000000000e+04,7.081110134944153251e+05,2.138962393731217366e+06
6.770300000000000000e+04,7.095161599790052278e+05,2.145074634744456504e+06
6.770400000000000000e+04,7.109186052829895634e+05,2.151194428783778567e+06
6.770500000000000000e+04,7.123189624348101206e+05,2.157320221494853031e+06
6.770600000000000000e+04,7.137177515760731185e+05,2.163450510513470508e+06
6.770700000000000000e+04,7.151165890940509271e+05,2.169584152883664705e+06
6.770800000000000000e+04,7.165169115017259028e+05,2.175720247677995358e+06
6.770900000000000000e+04,7.179202243297828827e+05,2.181858307919685729e+06
6.771000000000000000e+04,7.193283398938254686e+05,2.187998293458121829e+06
6.771100000000000000e+04,7.207427891599340364e+05,2.194140612945304718e+06
6.771200000000000000e+04,7.221650270361365983e+05,2.200286125476927031e+06
6.771300000000000000e+04,7.235962901236295002e+05,2.206436017926081549e+06
6.771400000000000000e+04,7.250375896797991591e+05,2.212591854131200816e+06
6.771500000000000000e+04,7.264903425751171308e+05,2.218755748274486512e+06
6.771600000000000000e+04,7.279548451776552247e+05,2.224929521751706023e+06
6.771700000000000000e+04,7.294308954044268467e+05,2.231114963845521212e+06
6.771800000000000000e+04,7.309179229410766857e+05,2.237313783290905412e+06
6.771900000000000000e+04,7.324150213865271071e+05,2.243527516713529825e+06
6.772000000000000000e+04,7.339209976176950149e+05,2.249757446886600461e+06
6.772100000000000000e+04,7.354344344923555618e+05,2.256004529441831168e+06
6.772200000000000000e+04,7.369537760672250297e+05,2.262269343193949200e+06
6.772300000000000000e+04,7.384775852272551274e+05,2.268552002080106176e+06
6.772400000000000000e+04,7.400061099928407930e+05,2.274851576238480862e+06
6.772500000000000000e+04,7.415389861047524028e+05,2.281167162704941817e+06
6.772600000000000000e+04,7.430746479974001413e+05,2.287497987790699583e+06
6.772700000000000000e+04,7.446109679548755521e+05,2.293843133739257231e+06
6.772800000000000000e+04,7.463865650007980876e+05,2.300171294352056459e+06
6.772900000000000000e+04,7.479248497326226206e+05,2.306540036375885364e+06
6.773000000000000000e+04,7.494621279822592624e+05,2.312918373669711407e+06
6.773100000000000000e+04,7.509983060150165111e+05,2.319304466078220867e+06
6.773200000000000000e+04,7.525346540167818312e+05,2.325696922542569228e+06
6.773300000000000000e+04,7.540720842375510838e+05,2.332094237215625122e+06
6.773400000000000000e+04,7.556109184425988933e+05,2.338495149039794691e+06
6.773500000000000000e+04,7.571519616742533399e+05,2.344898603691243101e+06
6.773600000000000000e+04,7.586966599437145051e+05,2.351304088297185022e+06
6.773700000000000000e+04,7.602465186401505489e+05,2.357711502265452873e+06
6.773800000000000000e+04,7.618027003145491472e+05,2.364121107958081178e+06
6.773900000000000000e+04,7.633667476232235786e+05,2.370533766167784575e+06
6.774000000000000000e+04,7.649399950892261695e+05,2.376950758372285403e+06
6.774100000000000000e+04,7.665233721555835800e+05,2.383373627327941358e+06
6.774200000000000000e+04,7.681177147728835698e+05,2.389804248553667683e+06
6.774300000000000000e+04,7.697231036008013180e+05,2.396244452193956356e+06
6.774400000000000000e+04,7.713399915130552836e+05,2.402696267369146924e+06
6.774500000000000000e+04,7.729680696202066028e+05,2.409161462753955740e+06
6.774600000000000000e+04,7.746064424429188948e+05,2.415641588631320279e+06
6.774700000000000000e+04,7.762539325845650164e+05,2.422137942178859375e+06
6.774800000000000000e+04,7.779091473239838379e+05,2.428651496017250232e+06
6.774900000000000000e+04,7.795705554429329932e+05,2.435182847042695154e+06
6.775000000000000000e+04,7.812365683826055611e+05,2.441732181565238163e+06
6.775100000000000000e+04,7.829056272840193706e+05,2.448299267305794172e+06
6.775200000000000000e+04,7.845762882421297254e+05,2.454883469048989005e+06
6.775300000000000000e+04,7.862473000270959456e+05,2.461483778894267045e+06
6.775400000000000000e+04,7.879176702198381536e+05,2.468098872620297130e+06
6.775500000000000000e+04,7.895867206713156775e+05,2.474727178249114659e+06
6.775600000000000000e+04,7.912541247260023374e+05,2.481366963050710969e+06
6.775700000000000000e+04,7.929199223626235034e+05,2.488016429043929558e+06
6.775800000000000000e+04,7.945845202141102636e+05,2.494673804597264156e+06
6.775900000000000000e+04,7.962486678581691813e+05,2.501337439529882744e+06
6.776000000000000000e+04,7.979134257830269635e+05,2.508005894409435801e+06
6.776100000000000000e+04,7.998740173216375988e+05,2.514641551570536569e+06
6.776200000000000000e+04,8.015508954901029356e+05,2.521316085255383514e+06
6.776300000000000000e+04,8.032342133731675567e+05,2.527993692721683532e+06
6.776400000000000000e+04,8.049254567710170522e+05,2.534674407479613554e+06
6.776500000000000000e+04,8.066259191953071859e+05,2.541358628736799117e+06
6.776600000000000000e+04,8.083371155567157548e+05,2.548047264116715640e+06
6.776700000000000000e+04,8.100597458552625030e+05,2.554741210233884864e+06
6.776800000000000000e+04,8.117945343074765988e+05,2.561441715643605683e+06
6.776900000000000000e+04,8.135413558921592776e+05,2.568150360770167317e+06
6.777000000000000000e+04,8.153005460349014029e+05,2.574869716947067995e+06
6.777100000000000000e+04,8.170720972743928432e+05,2.581601490112298634e+06
6.777200000000000000e+04,8.188553114549077582e+05,2.588347014262403361e+06
6.777300000000000000e+04,8.206493042021930451e+05,2.595107508233116008e+06
6.777400000000000000e+04,8.224526526372964727e+05,2.601884247669124976e+06
6.777500000000000000e+04,8.242633834945978597e+05,2.608678422323887702e+06
6.777600000000000000e+04,8.260791518422581721e+05,2.615490816271140240e+06
6.777700000000000000e+04,8.278978106470103376e+05,2.622321912581701297e+06
6.777800000000000000e+04,8.297170936844204552e+05,2.629171615224915091e+06
6.777900000000000000e+04,8.315352894414543407e+05,2.636039157898349222e+06
6.778000000000000000e+04,8.333507147398529341e+05,2.642923588260414544e+06
6.778100000000000000e+04,8.351640235308408737e+05,2.649823089218825102e+06
6.778200000000000000e+04,8.369753291245410219e+05,2.656735859189664479e+06
6.778300000000000000e+04,8.387846281051238766e+05,2.663660114851642400e+06
6.778400000000000000e+04,8.405920015879686689e+05,2.670594069089221768e+06
6.778500000000000000e+04,8.423977351036460605e+05,2.677535955788587220e+06
6.778600000000000000e+04,8.442029822733467445e+05,2.684484177426538896e+06
6.778700000000000000e+04,8.460086150388550013e+05,2.691437257496156730e+06
6.778800000000000000e+04,8.478160118174676318e+05,2.698394060733221937e+06
6.778900000000000000e+04,8.496284203999383608e+05,2.705354386555632576e+06
6.779000000000000000e+04,8.514478753871929366e+05,2.712318133151919115e+06
6.779100000000000000e+04,8.535975212541583460e+05,2.719245596073652618e+06
6.779200000000000000e+04,8.554419156858710339e+05,2.726215796926645562e+06
6.779300000000000000e+04,8.572964424403628800e+05,2.733190141111831181e+06
6.779400000000000000e+04,8.591614197307864670e+05,2.740169336597735994e+06
6.779500000000000000e+04,8.610374994475960266e+05,2.747154782870495692e+06
6.779600000000000000e+04,8.629252351758220466e+05,2.754148273585096002e+06
6.779700000000000000e+04,8.648244241531338776e+05,2.761151437218518928e+06
6.779800000000000000e+04,8.667343720627018483e+05,2.768165893373013940e+06
6.779900000000000000e+04,8.686542302936229389e+05,2.775193735447303392e+06
6.780000000000000000e+04,8.705825970618256833e+05,2.782236845598130953e+06
6.780100000000000000e+04,8.725186129460546654e+05,2.789296597897156142e+06
6.780200000000000000e+04,8.744625990385402692e+05,2.796373488726973534e+06
6.780300000000000000e+04,8.764145649339995580e+05,2.803475251567224972e+06
6.780400000000000000e+04,8.783668541654227301e+05,2.810588353784295265e+06
6.780500000000000000e+04,8.803176974772374379e+05,2.817720082628124394e+06
6.780600000000000000e+04,8.822654031035554362e+05,2.824870368100738619e+06
6.780700000000000000e+04,8.842123032513301587e+05,2.832046114970638417e+06
6.780800000000000000e+04,8.861540538805862889e+05,2.839232314302887768e+06
6.780900000000000000e+04,8.880917109217807883e+05,2.846435384622138925e+06
6.781000000000000000e+04,8.900247659358436940e+05,2.853654422829553485e+06
6.781100000000000000e+04,8.919526171007272787e+05,2.860888200978417881e+06
6.781200000000000000e+04,8.938746847278006608e+05,2.868135272915729322e+06
6.781300000000000000e+04,8.957905849070519907e+05,2.875393833815491293e+06
6.781400000000000000e+04,8.977000742286775494e+05,2.882661717497068457e+06
6.781500000000000000e+04,8.996031388070506509e+05,2.889937019101155456e+06
6.781600000000000000e+04,9.015001872629303252e+05,2.897217926394720096e+06
6.781700000000000000e+04,9.033916362570226192e+05,2.904503277377980296e+06
6.781800000000000000e+04,9.052777945366135100e+05,2.911792823742926121e+06
6.781900000000000000e+04,9.071597562057888135e+05,2.919085771971860901e+06
6.782000000000000000e+04,9.090385055411405629e+05,2.926382187552927062e+06
6.782100000000000000e+04,9.109146338563500904e+05,2.933683042809421197e+06
6.782200000000000000e+04,9.127892070482571144e+05,2.940989068380592857e+06
6.782300000000000000e+04,9.146639123156561982e+05,2.948300763392310124e+06
6.782400000000000000e+04,9.165406242487252457e+05,2.955618899412089959e+06
6.782500000000000000e+04,9.184213135911829304e+05,2.962944548471939750e+06
6.782600000000000000e+04,9.203079399801363470e+05,2.970278687735269777e+06
6.782700000000000000e+04,9.225435304355967091e+05,2.977580034791499376e+06
6.782800000000000000e+04,9.244508338015215704e+05,2.984932117522299755e+06
6.782900000000000000e+04,9.263670125723842066e+05,2.992293781651839148e+06
6.783000000000000000e+04,9.282933909414213849e+05,2.999665440581970382e+06
6.783100000000000000e+04,9.302310557661465136e+05,3.007047588553575333e+06
6.783200000000000000e+04,9.321805990414114203e+05,3.014441038389177062e+06
6.783300000000000000e+04,9.341421812286948552e+05,3.021846792775479611e+06
6.783400000000000000e+04,9.361157073440613458e+05,3.029265807738502510e+06
6.783500000000000000e+04,9.381007526794136502e+05,3.036699175337173510e+06
6.783600000000000000e+04,9.400961855977731757e+05,3.044148063615240622e+06
6.783700000000000000e+04,9.421008358054975979e+05,3.051613514438432176e+06
6.783800000000000000e+04,9.441125010198620148e+05,3.059096623755541630e+06
6.783900000000000000e+04,9.461274157675043680e+05,3.066598795161054470e+06
6.784000000000000000e+04,9.481435784408674808e+05,3.074120456409128383e+06
6.784100000000000000e+04,9.501598196102515794e+05,3.081661489769456442e+06
6.784200000000000000e+04,9.521751783620706992e+05,3.089221463207248598e+06
6.784300000000000000e+04,9.541888813115069643e+05,3.096800015640037134e+06
6.784400000000000000e+04,9.562003036543120397e+05,3.104396362151409965e+06
6.784500000000000000e+04,9.582091001361249946e+05,3.112009405832028482e+06
6.784600000000000000e+04,9.602153218831665581e+05,3.119637850075256079e+06
6.784700000000000000e+04,9.622193922037555603e+05,3.127280353242028039e+06
6.784800000000000000e+04,9.642221072776518995e+05,3.134935560385869816e+06
6.784900000000000000e+04,9.662245169596181950e+05,3.142602380471874494e+06
6.785000000000000000e+04,9.682276112095103599e+05,3.150280353115214035e+06
6.785100000000000000e+04,9.702326433560549049e+05,3.157968866066483781e+06
6.785200000000000000e+04,9.722414954573847353e+05,3.165667075719661079e+06
6.785300000000000000e+04,9.742561342088594101e+05,3.173374077251589857e+06
6.785400000000000000e+04,9.762784233781142393e+05,3.181089682460636366e+06
6.785500000000000000e+04,9.783101151548705529e+05,3.188813582688717637e+06
6.785600000000000000e+04,9.803526429111614125e+05,3.196546129770600703e+06
6.785700000000000000e+04,9.824071906670951284e+05,3.204287767918716185e+06
6.785800000000000000e+04,9.844744906211977359e+05,3.212039151253392920e+06
6.785900000000000000e+04,9.865550834887607489e+05,3.219800995585990138e+06
6.786000000000000000e+04,9.886490776250199415e+05,3.227574261300071608e+06
6.786100000000000000e+04,9.907562454801427666e+05,3.235360028368455358e+06
6.786200000000000000e+04,9.928754345098676858e+05,3.243159732369772159e+06
6.786300000000000000e+04,9.950045521493456326e+05,3.250975014911837876e+06
6.786400000000000000e+04,9.971413793426384218e+05,3.258807265935451724e+06
6.786500000000000000e+04,9.992841008834938984e+05,3.266657377149545122e+06
6.786600000000000000e+04,1.001430617260165280e+06,3.274526115926293191e+06
6.786700000000000000e+04,1.003579289154175203e+06,3.282413804314702284e+06
6.786800000000000000e+04,1.005728607156302780e+06,3.290320488138009794e+06
6.786900000000000000e+04,1.008359101230976637e+06,3.298186878686880693e+06
6.787000000000000000e+04,1.010513660582849872e+06,3.306129548464852385e+06
6.787100000000000000e+04,1.012665871360518853e+06,3.314089735474566929e+06
6.787200000000000000e+04,1.014815440460733953e+06,3.322066497086803894e+06
6.787300000000000000e+04,1.016962462665116414e+06,3.330058743544781581e+06
6.787400000000000000e+04,1.019107418901380384e+06,3.338065296464995481e+06
6.787500000000000000e+04,1.021251148027798394e+06,3.346084946514946874e+06
6.787600000000000000e+04,1.023394801275685430e+06,3.354116524092944339e+06
6.787700000000000000e+04,1.025539783949236618e+06,3.362158957984359935e+06
6.787800000000000000e+04,1.027687674724817625e+06,3.370211334435235709e+06
6.787900000000000000e+04,1.029840141860248405e+06,3.378272953096145764e+06
6.788000000000000000e+04,1.031998851365178009e+06,3.386343354851992335e+06
6.788100000000000000e+04,1.034165377830916317e+06,3.394422346499424428e+06
6.788200000000000000e+04,1.036341119673000998e+06,3.402510019062546548e+06
6.788300000000000000e+04,1.038527222097033635e+06,3.410606738105522934e+06
6.788400000000000000e+04,1.040724513543384150e+06,3.418713123019706458e+06
6.788500000000000000e+04,1.042933464317648206e+06,3.426830012388812844e+06
6.788600000000000000e+04,1.045154160512354341e+06,3.434958426877019461e+06
6.788700000000000000e+04,1.047386299642557045e+06,3.443099507980824448e+06
6.788800000000000000e+04,1.049629207157420693e+06,3.451254457245559897e+06
6.788900000000000000e+04,1.051881873547123047e+06,3.459424473117667250e+06
6.789000000000000000e+04,1.054143009997641202e+06,3.467610685223469976e+06
6.789100000000000000e+04,1.056411117759898072e+06,3.475814092953451909e+06
6.789200000000000000e+04,1.058684569807876600e+06,3.484035514299901202e+06
6.789300000000000000e+04,1.060961701146452455e+06,3.492275540307017975e+06
6.789400000000000000e+04,1.063240899394345935e+06,3.500534503772619180e+06
6.789500000000000000e+04,1.065520685507680057e+06,3.508812458880353719e+06
6.789600000000000000e+04,1.067799799942613579e+06,3.517109179801718798e+06
6.789700000000000000e+04,1.070077265887669288e+06,3.525424172670679167e+06
6.789800000000000000e+04,1.072352435880647274e+06,3.533756718463323079e+06
6.789900000000000000e+04,1.074624984663887182e+06,3.542106052920797374e+06
6.790000000000000000e+04,1.076894943862960907e+06,3.550471576573343016e+06
6.790100000000000000e+04,1.079162846005791100e+06,3.558852128880882636e+06
6.790200000000000000e+04,1.081429622362362454e+06,3.567246196074128617e+06
6.790300000000000000e+04,1.083696539036889095e+06,3.575652239173833746e+06
6.790400000000000000e+04,1.085964912240852835e+06,3.584069161315365694e+06
6.790500000000000000e+04,1.088236094181754161e+06,3.592496271548757795e+06
6.790600000000000000e+04,1.090511822577499552e+06,3.600932312740228605e+06
6.790700000000000000e+04,1.092793903930412140e+06,3.609376574853552040e+06
6.790800000000000000e+04,1.095086326568883378e+06,3.617836914656011388e+06
6.790900000000000000e+04,1.097385783119646134e+06,3.626296542956152465e+06
6.791000000000000000e+04,1.099695627945157932e+06,3.634764254264887888e+06
6.791100000000000000e+04,1.102016589616463752e+06,3.643240754937391263e+06
6.791200000000000000e+04,1.104348783600516617e+06,3.651727249227873515e+06
6.791300000000000000e+04,1.106691914737590821e+06,3.660225204500060994e+06
6.791400000000000000e+04,1.109046002852479927e+06,3.668735570189947262e+06
6.791500000000000000e+04,1.111411034746557241e+06,3.677259253564287908e+06
6.791600000000000000e+04,1.113786331789125921e+06,3.685797512209300883e+06
6.791700000000000000e+04,1.116171088875704678e+06,3.694351370950381737e+06
6.791800000000000000e+04,1.118564448439344298e+06,3.702921740852827206e+06
6.791900000000000000e+04,1.120964492757297819e+06,3.711509790117495693e+06
6.792000000000000000e+04,1.123369409014003119e+06,3.720116302356910426e+06
6.792100000000000000e+04,1.125777810846285662e+06,3.728741624588022474e+06
6.792200000000000000e+04,1.128187930156938033e+06,3.737385966120643541e+06
6.792300000000000000e+04,1.130598251857770141e+06,3.746049219111294486e+06
6.792400000000000000e+04,1.133007675214725081e+06,3.754730906140911859e+06
6.792500000000000000e+04,1.135415547198598972e+06,3.763430247312021907e+06
6.792600000000000000e+04,1.137821567985279253e+06,3.772146228903072421e+06
6.792700000000000000e+04,1.140225808349746978e+06,3.780877654034070671e+06
6.792800000000000000e+04,1.143387849195546471e+06,3.789528261624814942e+06
6.792900000000000000e+04,1.145798967096341075e+06,3.798285361353789922e+06
6.793000000000000000e+04,1.148210589212556835e+06,3.807053937112847343e+06
6.793100000000000000e+04,1.150624035611174069e+06,3.815832768911609426e+06
6.793200000000000000e+04,1.153040795456672087e+06,3.824620802592649125e+06
6.793300000000000000e+04,1.155462429756590165e+06,3.833417237566712778e+06
6.793400000000000000e+04,1.157890459821721306e+06,3.842221586377869826e+06
6.793500000000000000e+04,1.160326138600416249e+06,3.851033944652608130e+06
6.793600000000000000e+04,1.162770525645476300e+06,3.859854686217332724e+06
6.793700000000000000e+04,1.165224922002555570e+06,3.868683801611646544e+06
6.793800000000000000e+04,1.167689724998234306e+06,3.877522344104640186e+06
6.793900000000000000e+04,1.170165736844834872e+06,3.886370794353570789e+06
6.794000000000000000e+04,1.172653898694093572e+06,3.895229479147057049e+06
6.794100000000000000e+04,1.175153478649870493e+06,3.904100099776530173e+06
6.794200000000000000e+04,1.177665212299520615e+06,3.912982966118760873e+06
6.794300000000000000e+04,1.180188059264350915e+06,3.921879587808272801e+06
6.794400000000000000e+04,1.182720013404360507e+06,3.930791732254416682e+06
6.794500000000000000e+04,1.185259208150214050e+06,3.939720833737128414e+06
6.794600000000000000e+04,1.187804160507409135e+06,3.948667830705387518e+06
6.794700000000000000e+04,1.190352900276871398e+06,3.957633617459548172e+06
6.794800000000000000e+04,1.192903783487317851e+06,3.966618712556429207e+06
6.794900000000000000e+04,1.195456179355515400e+06,3.975622925258119591e+06
6.795000000000000000e+04,1.198009061753747053e+06,3.984646060946162324e+06
6.795100000000000000e+04,1.200561257444755640e+06,3.993687709597781766e+06
6.795200000000000000e+04,1.203112005536860786e+06,4.002747259173924103e+06
6.795300000000000000e+04,1.205661056821158854e+06,4.011823886300154030e+06
6.795400000000000000e+04,1.208208456467705080e+06,4.020916282686452381e+06
6.795500000000000000e+04,1.210754686317477375e+06,4.030023151474083774e+06
6.795600000000000000e+04,1.213300504098821199e+06,4.039143058556993958e+06
6.795700000000000000e+04,1.215847019361217739e+06,4.048274401239413768e+06
6.795800000000000000e+04,1.218395580718373414e+06,4.057415844563915860e+06
6.795900000000000000e+04,1.220947663905709516e+06,4.066566360699136276e+06
6.796000000000000000e+04,1.223504814711979358e+06,4.075725180527886376e+06
6.796100000000000000e+04,1.226068767376961885e+06,4.084891637562364805e+06
6.796200000000000000e+04,1.228640989733686903e+06,4.094065417161857709e+06
6.796300000000000000e+04,1.231222910388682038e+06,4.103246285210285801e+06
6.796400000000000000e+04,1.233815700448584743e+06,4.112434345844233874e+06
6.796500000000000000e+04,1.236420492430788232e+06,4.121629943576205987e+06
6.796600000000000000e+04,1.239037939283519052e+06,4.130833825243570376e+06
6.796700000000000000e+04,1.241667922970564803e+06,4.140047454644656274e+06
6.796800000000000000e+04,1.244310251732631819e+06,4.149272129499950446e+06
6.796900000000000000e+04,1.246964576287945732e+06,4.158509094416988548e+06
6.797000000000000000e+04,1.249629053694385104e+06,4.167760360365392640e+06
6.797100000000000000e+04,1.252302321291399188e+06,4.177027331726371311e+06
6.797200000000000000e+04,1.254982998471172759e+06,4.186311184165599756e+06
6.797300000000000000e+04,1.257669579078382347e+06,4.195612898310143501e+06
6.797400000000000000e+04,1.260360518793050665e+06,4.204933205150371417e+06
6.797500000000000000e+04,1.263054314003583044e+06,4.214272547595042735e+06
6.797600000000000000e+04,1.265749584440785926e+06,4.223631055773614906e+06
6.797700000000000000e+04,1.268445149867755128e+06,4.233008540115200914e+06
6.797800000000000000e+04,1.271140090762967244e+06,4.242404503219763748e+06
6.797900000000000000e+04,1.273833801511242520e+06,4.251818165011428297e+06
6.798000000000000000e+04,1.276526019169571577e+06,4.261248504598014988e+06
6.798100000000000000e+04,1.279216840664752992e+06,4.270694315472660586e+06
6.798200000000000000e+04,1.281906715548391221e+06,4.280154273976248689e+06
6.798300000000000000e+04,1.284596422163096722e+06,4.289627004169316962e+06
6.798400000000000000e+04,1.287287025548941689e+06,4.299111155841251835e+06
6.798500000000000000e+04,1.289979817371591926e+06,4.308605475928164087e+06
6.798600000000000000e+04,1.292676248029663227e+06,4.318108877524477430e+06
6.798700000000000000e+04,1.295377848373817746e+06,4.327620495427865535e+06
6.798800000000000000e+04,1.298086146322299726e+06,4.337139734171897173e+06
6.798900000000000000e+04,1.300802583328796783e+06,4.346666300807957537e+06
6.799000000000000000e+04,1.303528437912153313e+06,4.356200219251581468e+06
6.799100000000000000e+04,1.306264755929596722e+06,4.365741830674151890e+06
6.799200000000000000e+04,1.309012292089914437e+06,4.375291771179197356e+06
6.799300000000000000e+04,1.311771472308272962e+06,4.384850942020675167e+06
6.799400000000000000e+04,1.314542370781654958e+06,4.394420460443552583e+06
6.799500000000000000e+04,1.317324703624564456e+06,4.404001600258615799e+06
6.799600000000000000e+04,1.320117847407184774e+06,4.413595719899791293e+06
6.799700000000000000e+04,1.322920870472065406e+06,4.423204189568545669e+06
6.799800000000000000e+04,1.325732587381491205e+06,4.432828319722794928e+06
6.799900000000000000e+04,1.328551620431709569e+06,4.442469291787999682e+06
6.800000000000000000e+04,1.331376476006071549e+06,4.452128091168134473e+06
6.800100000000000000e+04,1.334205626383986324e+06,4.461805457249502651e+06
6.800200000000000000e+04,1.337037589433493093e+06,4.471501840517894365e+06
6.800300000000000000e+04,1.339871012156839948e+06,4.481217382438817993e+06
6.800400000000000000e+04,1.342704740114273271e+06,4.490951905051060021e+06
6.800500000000000000e+04,1.345537884282807121e+06,4.500704920446129516e+06
6.800600000000000000e+04,1.348369867968605598e+06,4.510475658233487979e+06
6.800700000000000000e+04,1.351200456615887349e+06,4.520263105385869741e+06
6.800800000000000000e+04,1.354029769833427854e+06,4.530066064809121192e+06
6.800900000000000000e+04,1.356858276210403303e+06,4.539883212575368583e+06
6.801000000000000000e+04,1.359686768001679098e+06,4.549713175154387020e+06
6.801100000000000000e+04,1.362516316188815515e+06,4.559554601509718224e+06
6.801200000000000000e+04,1.365348213485487038e+06,4.569406235399706289e+06
6.801300000000000000e+04,1.368183904032848775e+06,4.579266983355780132e+06
6.801400000000000000e+04,1.371024905123950448e+06,4.589135972275499254e+06
6.801500000000000000e+04,1.373872724570344668e+06,4.599012598553519696e+06
6.801600000000000000e+04,1.376728769954865333e+06,4.608896578136729077e+06
6.801700000000000000e+04,1.379594295470948564e+06,4.618787907982564531e+06
6.801800000000000000e+04,1.382473200722278329e+06,4.628696819268818945e+06
6.801900000000000000e+04,1.385360482048665872e+06,4.638604117824296467e+06
6.802000000000000000e+04,1.388259385555726243e+06,4.648520615755190141e+06
6.802100000000000000e+04,1.391169958157477202e+06,4.658447421470985748e+06
6.802200000000000000e+04,1.394091895366231212e+06,4.668385801465796307e+06
6.802300000000000000e+04,1.397024558585169259e+06,4.678337110796404071e+06
6.802400000000000000e+04,1.399967009101414355e+06,4.688302719325008802e+06
6.802500000000000000e+04,1.402918058288301341e+06,4.698283939933405258e+06
6.802600000000000000e+04,1.405876334907857003e+06,4.708281958350357600e+06
6.802700000000000000e+04,1.408840357926018769e+06,4.718297768153761514e+06
6.802800000000000000e+04,1.411808616696017794e+06,4.728332116297883913e+06
6.802900000000000000e+04,1.414779651249590563e+06,4.738385464795354754e+06
6.803000000000000000e+04,1.417752121321181068e+06,4.748457968647480011e+06
6.803100000000000000e+04,1.420724853421897162e+06,4.758549494758489542e+06
6.803200000000000000e+04,1.423697003507305868e+06,4.768659572810374200e+06
6.803300000000000000e+04,1.426668071503307205e+06,4.778787374556696974e+06
6.803400000000000000e+04,1.429637876756767044e+06,4.788931962642107159e+06
6.803500000000000000e+04,1.432606550111237681e+06,4.799092110941557214e+06
6.803600000000000000e+04,1.435574598405204015e+06,4.809266585101596080e+06
6.803700000000000000e+04,1.438542817956407089e+06,4.819454056985346600e+06
6.803800000000000000e+04,1.441512265138637507e+06,4.829653188921620138e+06
6.803900000000000000e+04,1.444484110949970083e+06,4.839863055519127287e+06
6.804000000000000000e+04,1.447459726127835922e+06,4.850082575552905910e+06
6.804100000000000000e+04,1.450440904391748365e+06,4.860310108658246696e+06
6.804200000000000000e+04,1.453429485104558291e+06,4.870544351859348826e+06
6.804300000000000000e+04,1.456426530444300501e+06,4.880785666135750711e+06
6.804400000000000000e+04,1.459432963438967476e+06,4.891034470286673866e+06
6.804500000000000000e+04,1.462449263495275052e+06,4.901291851761134341e+06
6.804600000000000000e+04,1.465475564329868415e+06,4.911559079717509449e+06
6.804700000000000000e+04,1.470443389481792226e+06,4.921565147133792751e+06
6.804800000000000000e+04,1.473502781080740737e+06,4.931850315361552872e+06
6.804900000000000000e+04,1.476572752182059688e+06,4.942146901398537681e+06
6.805000000000000000e+04,1.479652736958955415e+06,4.952456081081823446e+06
6.805100000000000000e+04,1.482742224081178661e+06,4.962779145977748558e+06
6.805200000000000000e+04,1.485840245024110191e+06,4.973117353497237898e+06
6.805300000000000000e+04,1.488945600659158081e+06,4.983471912535956129e+06
6.805400000000000000e+04,1.492056907560113585e+06,4.993844009657274000e+06
6.805500000000000000e+04,1.495172926741283853e+06,5.004234420462110080e+06
6.805600000000000000e+04,1.498292526466371026e+06,5.014643656169263646e+06
6.805700000000000000e+04,1.501414480972288176e+06,5.025072137679213658e+06
6.805800000000000000e+04,1.504537801363985520e+06,5.035519734770029783e+06
6.805900000000000000e+04,1.507661692404118367e+06,5.045985842729568481e+06
6.806000000000000000e+04,1.510785595360674430e+06,5.056469778447342105e+06
6.806100000000000000e+04,1.513909242262120591e+06,5.066970389453668147e+06
6.806200000000000000e+04,1.517032692540691467e+06,5.077486323836995289e+06
6.806300000000000000e+04,1.520156303578459192e+06,5.088016002065478824e+06
6.806400000000000000e+04,1.523280715516516473e+06,5.098557803135753609e+06
6.806500000000000000e+04,1.526406912946529454e+06,5.109110200384809636e+06
6.806600000000000000e+04,1.529536102043352555e+06,5.119671679842792451e+06
6.806700000000000000e+04,1.532669615341385361e+06,5.130241020796644501e+06
6.806800000000000000e+04,1.535808665462705074e+06,5.140817769918925129e+06
6.806900000000000000e+04,1.538954313593025785e+06,5.151401958511707373e+06
6.807000000000000000e+04,1.542107991449886467e+06,5.161992772277198732e+06
6.807100000000000000e+04,1.545271223744687159e+06,5.172589534032124095e+06
6.807200000000000000e+04,1.548445239154033829e+06,5.183192096419581212e+06
6.807300000000000000e+04,1.551630710309952963e+06,5.193801169418338686e+06
6.807400000000000000e+04,1.554827950975170825e+06,5.204417826036783867e+06
6.807500000000000000e+04,1.558036719808900962e+06,5.215043600814391859e+06
6.807600000000000000e+04,1.561256761615528027e+06,5.225679854865592904e+06
6.807700000000000000e+04,1.564487544795162976e+06,5.236328063351963647e+06
6.807800000000000000e+04,1.567728254705922445e+06,5.246989741075048223e+06
6.807900000000000000e+04,1.570977840013068635e+06,5.257666350724250078e+06
6.808000000000000000e+04,1.574235079353189794e+06,5.268359234854921699e+06
6.808100000000000000e+04,1.577498648124894593e+06,5.279069544592196122e+06
6.808200000000000000e+04,1.580767180955918040e+06,5.289798169284172356e+06
6.808300000000000000e+04,1.584039353033280699e+06,5.300545692268921062e+06
6.808400000000000000e+04,1.587313952381317969e+06,5.311312360303808935e+06
6.808500000000000000e+04,1.590589937672106782e+06,5.322098068175602704e+06
6.808600000000000000e+04,1.593866482732194243e+06,5.332902364681995474e+06
6.808700000000000000e+04,1.597143053085932974e+06,5.343724477185935713e+06
6.808800000000000000e+04,1.600419466392865870e+06,5.354563418400520459e+06
6.808900000000000000e+04,1.603695802463187138e+06,5.365418025338177569e+06
6.809000000000000000e+04,1.606972413926021894e+06,5.376286950167259201e+06
6.809100000000000000e+04,1.610249897113553481e+06,5.387168696688620374e+06
6.809200000000000000e+04,1.613529114147641929e+06,5.398061868013193831e+06
6.809300000000000000e+04,1.616811146523088450e+06,5.408965173524784856e+06
6.809400000000000000e+04,1.620097258244530065e+06,5.419877301583454013e+06
6.809500000000000000e+04,1.623388739848850295e+06,5.430796924151684158e+06
6.809600000000000000e+04,1.626687144397671102e+06,5.441722952839327976e+06
6.809700000000000000e+04,1.629993734586402308e+06,5.452654998366038315e+06
6.809800000000000000e+04,1.633309822764678858e+06,5.463592826974130236e+06
6.809900000000000000e+04,1.636636474132656818e+06,5.474536676413220353e+06
6.810000000000000000e+04,1.639974535121496767e+06,5.485487018215769902e+06
6.810100000000000000e+04,1.643324521116518648e+06,5.496444851636161096e+06
6.810200000000000000e+04,1.646687256269247970e+06,5.507410554473963566e+06
6.810300000000000000e+04,1.650062751681343419e+06,5.518385253611193970e+06
6.810400000000000000e+04,1.653450190280552953e+06,5.529370735996781848e+06
6.810500000000000000e+04,1.656847756726568099e+06,5.540369352448314428e+06
6.810600000000000000e+04,1.660253706842695596e+06,5.551382976894778199e+06
6.810700000000000000e+04,1.663667175639131339e+06,5.562412491052661091e+06
6.810800000000000000e+04,1.667087752066373592e+06,5.573458543162012473e+06
6.810900000000000000e+04,1.670515300150903640e+06,5.584521921570071019e+06
6.811000000000000000e+04,1.673949841173369903e+06,5.595603232621059753e+06
6.811100000000000000e+04,1.677391632849747548e+06,5.606702528384101577e+06
6.811200000000000000e+04,1.680841155455219792e+06,5.617818894480523653e+06
6.811300000000000000e+04,1.684299028392472072e+06,5.628950893575104885e+06
6.811400000000000000e+04,1.687766244244074216e+06,5.640097093312754296e+06
6.811500000000000000e+04,1.691243616713638883e+06,5.651256050184330903e+06
6.811600000000000000e+04,1.694731814697147114e+06,5.662426237089482136e+06
6.811700000000000000e+04,1.698231241526378319e+06,5.673605932649453171e+06
6.811800000000000000e+04,1.701741645306741353e+06,5.684793057572559454e+06
6.811900000000000000e+04,1.705262799417207949e+06,5.695986160391972400e+06
6.812000000000000000e+04,1.708794339203168871e+06,5.707183988575050607e+06
6.812100000000000000e+04,1.712335619404676836e+06,5.718385710527227260e+06
6.812200000000000000e+04,1.715885780903028324e+06,5.729591245300249197e+06
6.812300000000000000e+04,1.719443815821552183e+06,5.740800347941905260e+06
6.812400000000000000e+04,1.723008501540931407e+06,5.752013500757408328e+06
6.812500000000000000e+04,1.726578659860891290e+06,5.763232134374771267e+06
6.812600000000000000e+04,1.730153067684766138e+06,5.774457337361314334e+06
6.812700000000000000e+04,1.733730598924931372e+06,5.785690427932465449e+06
6.812800000000000000e+04,1.737310280860756058e+06,5.796932935029752553e+06
6.812900000000000000e+04,1.740891463412878104e+06,5.808186632469901815e+06
6.813000000000000000e+04,1.744473969199033221e+06,5.819453386268471368e+06
6.813100000000000000e+04,1.748061175038802670e+06,5.830746046449988149e+06
6.813200000000000000e+04,1.751646004125254694e+06,5.842043376073762774e+06
6.813300000000000000e+04,1.755232066082246602e+06,5.853357795409591869e+06
6.813400000000000000e+04,1.758819539839529898e+06,5.864690191816346720e+06
6.813500000000000000e+04,1.762409461322958115e+06,5.876041134742082097e+06
6.813600000000000000e+04,1.766002721370754065e+06,5.887410960194127634e+06
6.813700000000000000e+04,1.769600657492760103e+06,5.898799662469939329e+06
6.813800000000000000e+04,1.773204668219315587e+06,5.910206853349904530e+06
6.813900000000000000e+04,1.776816372979411390e+06,5.921632067334201187e+06
6.814000000000000000e+04,1.780436992826003116e+06,5.933074699055028148e+06
6.814100000000000000e+04,1.784067295887289103e+06,5.944533589511651546e+06
6.814200000000000000e+04,1.787707432982515777e+06,5.956008049829320982e+06
6.814300000000000000e+04,1.791356775722281076e+06,5.967497319535259157e+06
6.814400000000000000e+04,1.795014223298366182e+06,5.979000730962011032e+06
6.814500000000000000e+04,1.798678528726787539e+06,5.990518117592271417e+06
6.814600000000000000e+04,1.802348045407875441e+06,6.002048909016852267e+06
6.814700000000000000e+04,1.806020969228908885e+06,6.013592792038408108e+06
6.814800000000000000e+04,1.809695418842986226e+06,6.025149612906351686e+06
6.814900000000000000e+04,1.813369472424088744e+06,6.036719261321673170e+06
6.815000000000000000e+04,1.817041281643552938e+06,6.048301847270699218e+06
6.815100000000000000e+04,1.820709133988995804e+06,6.059897627896127291e+06
6.815200000000000000e+04,1.824371337180007249e+06,6.071506679974735714e+06
6.815300000000000000e+04,1.828026269425400998e+06,6.083128933446116745e+06
6.815400000000000000e+04,1.831673582004084950e+06,6.094764936151549220e+06
6.815500000000000000e+04,1.835314232040355215e+06,6.106415763267696835e+06
6.815600000000000000e+04,1.838949098319065524e+06,6.118082116004170850e+06
6.815700000000000000e+04,1.842578770231715171e+06,6.129764324727168307e+06
6.815800000000000000e+04,1.846203920599190751e+06,6.141462539468345232e+06
6.815900000000000000e+04,1.849825363585093059e+06,6.153176743109623902e+06
6.816000000000000000e+04,1.853444862983161816e+06,6.164907210707939230e+06
6.816100000000000000e+04,1.857064407388314372e+06,6.176654165234097280e+06
6.816200000000000000e+04,1.860686206270127557e+06,6.188417835054911673e+06
6.816300000000000000e+04,1.864312041225283407e+06,6.200198132027760148e+06
6.816400000000000000e+04,1.867943560475384817e+06,6.211994876907874830e+06
6.816500000000000000e+04,1.871582184679862577e+06,6.223807809624293819e+06
6.816600000000000000e+04,1.875229029452965595e+06,6.235636603090884164e+06
6.816700000000000000e+04,1.878884849259737646e+06,6.247480879802678712e+06
6.816800000000000000e+04,1.882549993284017313e+06,6.259340229473651387e+06
6.816900000000000000e+04,1.886224386609236710e+06,6.271214232561997138e+06
6.817000000000000000e+04,1.889907535727489507e+06,6.283102486529884860e+06
6.817100000000000000e+04,1.893598552061640425e+06,6.295004624959644862e+06
6.817200000000000000e+04,1.897296201730427565e+06,6.306920335592929274e+06
6.817300000000000000e+04,1.900998971876385156e+06,6.318849378797354177e+06
6.817400000000000000e+04,1.904705161068866728e+06,6.330791600553115830e+06
6.817500000000000000e+04,1.908413151504059788e+06,6.342747147514843382e+06
6.817600000000000000e+04,1.912122126441629836e+06,6.354717112176498398e+06
6.817700000000000000e+04,1.915831064331665868e+06,6.366702070285084657e+06
6.817800000000000000e+04,1.919538775953293545e+06,6.378702423339094967e+06
6.817900000000000000e+04,1.923243792307952186e+06,6.390718359036917798e+06
6.818000000000000000e+04,1.926944570796185639e+06,6.402748906467815861e+06
6.818100000000000000e+04,1.930639279800058575e+06,6.414794430572688580e+06
6.818200000000000000e+04,1.934328480870121624e+06,6.426855324145074002e+06
6.818300000000000000e+04,1.938012099229603773e+06,6.438931732945460826e+06
6.818400000000000000e+04,1.941690035821136320e+06,6.451023796664753929e+06
6.818500000000000000e+04,1.945363448521614308e+06,6.463131835658603348e+06
6.818600000000000000e+04,1.949033439154182095e+06,6.475256137636731379e+06
6.818700000000000000e+04,1.952701167996122269e+06,6.487396617870404385e+06
6.818800000000000000e+04,1.956368185669466853e+06,6.499553243794777431e+06
6.818900000000000000e+04,1.960035986783609493e+06,6.511725701034775935e+06
6.819000000000000000e+04,1.963706320713268593e+06,6.523913808222228661e+06
6.819100000000000000e+04,1.967381515694448259e+06,6.536117964264005423e+06
6.819200000000000000e+04,1.971063522471336182e+06,6.548338373417263851e+06
6.819300000000000000e+04,1.974754022234202828e+06,6.560575691956564784e+06
6.819400000000000000e+04,1.978453644139229553e+06,6.572829355231689289e+06
6.819500000000000000e+04,1.982162452767594950e+06,6.585098590419063345e+06
6.819600000000000000e+04,1.985880339082664577e+06,6.597383128675330430e+06
6.819700000000000000e+04,1.989606507695897715e+06,6.609682005969122984e+06
6.819800000000000000e+04,1.993339912407110678e+06,6.621994689025554806e+06
6.819900000000000000e+04,1.997079550820587669e+06,6.634321355337039568e+06
6.820000000000000000e+04,2.000824045252003707e+06,6.646661907255448401e+06
6.820100000000000000e+04,2.004572417392294155e+06,6.659016608079883270e+06
6.820200000000000000e+04,2.008323196930764709e+06,6.671385294333213940e+06
6.820300000000000000e+04,2.012074304387094220e+06,6.683767654508247972e+06
6.820400000000000000e+04,2.015823696300152922e+06,6.696163468141282909e+06
6.820500000000000000e+04,2.019569422182803042e+06,6.708572398099610582e+06
6.820600000000000000e+04,2.023309717395470710e+06,6.720994640927690081e+06
6.820700000000000000e+04,2.027043295070613269e+06,6.733430321733702905e+06
6.820800000000000000e+04,2.030769397611755179e+06,6.745879580549345352e+06
6.820900000000000000e+04,2.034487584761290811e+06,6.758342792684087530e+06
6.821000000000000000e+04,2.038198037574823946e+06,6.770820431032542139e+06
6.821100000000000000e+04,2.041901411910286173e+06,6.783313005887656473e+06
6.821200000000000000e+04,2.045599071742829401e+06,6.795821096079356968e+06
6.821300000000000000e+04,2.049293267386217834e+06,6.808345529188810848e+06
6.821400000000000000e+04,2.052986839345045621e+06,6.820887337241786532e+06
6.821500000000000000e+04,2.056681730597974034e+06,6.833446868872648105e+06
6.821600000000000000e+04,2.060379179458255414e+06,6.846023932038502768e+06
6.821700000000000000e+04,2.064080834938266315e+06,6.858618445947322063e+06
6.821800000000000000e+04,2.067788283239149023e+06,6.871230569295633584e+06
6.821900000000000000e+04,2.071502508323628921e+06,6.883859277108591981e+06
6.822000000000000000e+04,2.075224575036830036e+06,6.896504511248267256e+06
6.822100000000000000e+04,2.078955126667254372e+06,6.909165669232320972e+06
6.822200000000000000e+04,2.082694671719777863e+06,6.921842534269527532e+06
6.822300000000000000e+04,2.086443092379015172e+06,6.934534307267169468e+06
6.822400000000000000e+04,2.090199735282219248e+06,6.947239944114765152e+06
6.822500000000000000e+04,2.093963734292957932e+06,6.959958975449622609e+06
6.822600000000000000e+04,2.097733894868317060e+06,6.972690980184341781e+06
6.822700000000000000e+04,2.101508504606516566e+06,6.985435240040369332e+06
6.822800000000000000e+04,2.105285685773005709e+06,6.998191344092855230e+06
6.822900000000000000e+04,2.109063319281212054e+06,7.010958888133038767e+06
6.823000000000000000e+04,2.112839271821950562e+06,7.023737654206740670e+06
6.823100000000000000e+04,2.116612329353141133e+06,7.036528429834040813e+06
6.823200000000000000e+04,2.120381148310227785e+06,7.049331652471238747e+06
6.823300000000000000e+04,2.124144367842365522e+06,7.062147609794728458e+06
6.823400000000000000e+04,2.127901163769708946e+06,7.074976824281043373e+06
6.823500000000000000e+04,2.131655130659217015e+06,7.087832913234396838e+06
6.823600000000000000e+04,2.135398577533440664e+06,7.100690664474833757e+06
6.823700000000000000e+04,2.139135518635138869e+06,7.113563416669283994e+06
6.823800000000000000e+04,2.142866627468517981e+06,7.126451692448781803e+06
6.823900000000000000e+04,2.146592950801213272e+06,7.139355971195165999e+06
6.824000000000000000e+04,2.150315928997206502e+06,7.152276721797514707e+06
6.824100000000000000e+04,2.154037292026132811e+06,7.165214319643541239e+06
6.824200000000000000e+04,2.157758959499441087e+06,7.178169096661746502e+06
6.824300000000000000e+04,2.161483335473698098e+06,7.191141569035376422e+06
6.824400000000000000e+04,2.165211571853888687e+06,7.204131280381944031e+06
6.824500000000000000e+04,2.168945690053928643e+06,7.217138593011670746e+06
6.824600000000000000e+04,2.172687201978966594e+06,7.230163493095172569e+06
6.824700000000000000e+04,2.176436901275600772e+06,7.243205405659506097e+06
6.824800000000000000e+04,2.180195080210220069e+06,7.256263228764683940e+06
6.824900000000000000e+04,2.183962211414388847e+06,7.269336867929062806e+06
6.825000000000000000e+04,2.187738077980126720e+06,7.282425453196303919e+06
6.825100000000000000e+04,2.191522465915029403e+06,7.295528965131849982e+06
6.825200000000000000e+04,2.195314403379796539e+06,7.308646393518145196e+06
6.825300000000000000e+04,2.199112923018083908e+06,7.321777353295711800e+06
6.825400000000000000e+04,2.202916560015802737e+06,7.334921482060538605e+06
6.825500000000000000e+04,2.206723537435643841e+06,7.348078469969650730e+06
6.825600000000000000e+04,2.210532062689075712e+06,7.361248101528929546e+06
6.825700000000000000e+04,2.214339545194756240e+06,7.374429562329562381e+06
6.825800000000000000e+04,2.218144455748700537e+06,7.387623215502316132e+06
6.825900000000000000e+04,2.221945082905669697e+06,7.400829432199110277e+06
6.826000000000000000e+04,2.225740028546947986e+06,7.414048263490024023e+06
6.826100000000000000e+04,2.229528867422929965e+06,7.427280402877312154e+06
6.826200000000000000e+04,2.233310766981797293e+06,7.440526520628848113e+06
6.826300000000000000e+04,2.237085362034184858e+06,7.453787549245865084e+06
6.826400000000000000e+04,2.240853087360111531e+06,7.467064349981869571e+06
6.826500000000000000e+04,2.244614627690088470e+06,7.480357403198068962e+06
6.826600000000000000e+04,2.248371531709347852e+06,7.493667208882390521e+06
6.826700000000000000e+04,2.252126141389654949e+06,7.506994317351572216e+06
6.826800000000000000e+04,2.255880152851504739e+06,7.520338782910040580e+06
6.826900000000000000e+04,2.259635307478955016e+06,7.533700478696180508e+06
6.827000000000000000e+04,2.263393404063875787e+06,7.547079142326811329e+06
6.827100000000000000e+04,2.267156202807790600e+06,7.560474388447335921e+06
6.827200000000000000e+04,2.270925331206728239e+06,7.573885728435050696e+06
6.827300000000000000e+04,2.274702194858781062e+06,7.587312601219245233e+06
6.827400000000000000e+04,2.278487901741878130e+06,7.600754399940737523e+06
6.827500000000000000e+04,2.282283202478803694e+06,7.614210504863271490e+06
6.827600000000000000e+04,2.286088450027606916e+06,7.627680317968147807e+06
6.827700000000000000e+04,2.289903580045112874e+06,7.641163295348650776e+06
6.827800000000000000e+04,2.293728116694003344e+06,7.654658975036559626e+06
6.827900000000000000e+04,2.297561193898324855e+06,7.668167000493997708e+06
6.828000000000000000e+04,2.301401607613965869e+06,7.681687143112384714e+06
6.828100000000000000e+04,2.305247877628693823e+06,7.695219313757369295e+06
6.828200000000000000e+04,2.309098326536800247e+06,7.708763566405050457e+06
6.828300000000000000e+04,2.312951171966270544e+06,7.722320096974623390e+06
6.828400000000000000e+04,2.316804622769213747e+06,7.735889230383687653e+06
6.828500000000000000e+04,2.320656972906745970e+06,7.749471403026532382e+06
6.828600000000000000e+04,2.324506697153773159e+06,7.763067141780617647e+06
6.828700000000000000e+04,2.328352530522884335e+06,7.776677034917457029e+06
6.828800000000000000e+04,2.332193535798790865e+06,7.790301700323412195e+06
6.828900000000000000e+04,2.336029154845805839e+06,7.803941751283152029e+06
6.829000000000000000e+04,2.339859239287572447e+06,7.817597762360519730e+06
6.829100000000000000e+04,2.343684064588631038e+06,7.831270240230641328e+06
6.829200000000000000e+04,2.347504488153434824e+06,7.844959658753056079e+06
6.829300000000000000e+04,2.351322919345828239e+06,7.858666880169359967e+06
6.829400000000000000e+04,2.355141637842719443e+06,7.872392435713583604e+06
6.829500000000000000e+04,2.358961392411272507e+06,7.886135995589372702e+06
6.829600000000000000e+04,2.362783705135334283e+06,7.899897378353680484e+06
6.829700000000000000e+04,2.366610010117521975e+06,7.913676132048599422e+06
6.829800000000000000e+04,2.370441708351568319e+06,7.927472066443797201e+06
6.829900000000000000e+04,2.374279935541944113e+06,7.941283739852057770e+06
6.830000000000000000e+04,2.378125780708209146e+06,7.955110757344998419e+06
6.830100000000000000e+04,2.381979841071089264e+06,7.968951746569341980e+06
6.830200000000000000e+04,2.385842752960472368e+06,7.982805729288763367e+06
6.830300000000000000e+04,2.389714890973434318e+06,7.996671836204084568e+06
6.830400000000000000e+04,2.393596624792508781e+06,8.010550005173446611e+06
6.830500000000000000e+04,2.397487563261690084e+06,8.024439813111081719e+06
6.830600000000000000e+04,2.401387028071311768e+06,8.038341209634563886e+06
6.830700000000000000e+04,2.405294051053143572e+06,8.052254422922224738e+06
6.830800000000000000e+04,2.409207424546518363e+06,8.066179799360588193e+06
6.830900000000000000e+04,2.413125520359524060e+06,8.080117498935122974e+06
6.831000000000000000e+04,2.417046634871320799e+06,8.094067847953158431e+06
6.831100000000000000e+04,2.420969259399929084e+06,8.108031493000370450e+06
6.831200000000000000e+04,2.424895565762690268e+06,8.122022822800896131e+06
6.831300000000000000e+04,2.428816545943570789e+06,8.136014664494976401e+06
6.831400000000000000e+04,2.432740043579347897e+06,8.150036349031317979e+06
6.831500000000000000e+04,2.436657587165785953e+06,8.164060582628131844e+06
6.831600000000000000e+04,2.440571493637666106e+06,8.178101263725997880e+06
6.831700000000000000e+04,2.444478577950409614e+06,8.192157447182479315e+06
6.831800000000000000e+04,2.448379801632151939e+06,8.206229987676721998e+06
6.831900000000000000e+04,2.452278554876892362e+06,8.220320328606802039e+06
6.832000000000000000e+04,2.456175631017100532e+06,8.234428591750943102e+06
6.832100000000000000e+04,2.460070670315096155e+06,8.248554113611527719e+06
6.832200000000000000e+04,2.463964414885888807e+06,8.262696599132246338e+06
6.832300000000000000e+04,2.467858354096367024e+06,8.276855686171188019e+06
6.832400000000000000e+04,2.471754188523547258e+06,8.291031011502152309e+06
6.832500000000000000e+04,2.475653685338828247e+06,8.305222006115508266e+06
6.832600000000000000e+04,2.479558725384522229e+06,8.319428208764879964e+06
6.832700000000000000e+04,2.483471388347310945e+06,8.333649384625694714e+06
6.832800000000000000e+04,2.487392595436942764e+06,8.347884663958262652e+06
6.832900000000000000e+04,2.491323413560276851e+06,8.362133716756101698e+06
6.833000000000000000e+04,2.495264372380691115e+06,8.376396100852672011e+06
6.833100000000000000e+04,2.499215457889248617e+06,8.390671316121775657e+06
6.833200000000000000e+04,2.503176250687997788e+06,8.404958961646812037e+06
6.833300000000000000e+04,2.507145947942599654e+06,8.419258759481400251e+06
6.833400000000000000e+04,2.511123405146763194e+06,8.433570572506222874e+06
6.833500000000000000e+04,2.515107202024250291e+06,8.447894409948421642e+06
6.833600000000000000e+04,2.519095715836081654e+06,8.462230423272542655e+06
6.833700000000000000e+04,2.523087207005107775e+06,8.476578900718174875e+06
6.833800000000000000e+04,2.527079916090680752e+06,8.490940254196627066e+06
6.833900000000000000e+04,2.531072158704033121e+06,8.505314995447866619e+06
6.834000000000000000e+04,2.535062415443087462e+06,8.519703708999766037e+06
6.834100000000000000e+04,2.538650959336569067e+06,8.532666052598450333e+06
6.834200000000000000e+04,2.542638570439076982e+06,8.547097686047472060e+06
6.834300000000000000e+04,2.546618023752125446e+06,8.561530685601640493e+06
6.834400000000000000e+04,2.550593752783385571e+06,8.575981092619406059e+06
6.834500000000000000e+04,2.554566994849802461e+06,8.590448974170833826e+06
6.834600000000000000e+04,2.558536237409982365e+06,8.604934083818875253e+06
6.834700000000000000e+04,2.562501826809857506e+06,8.619436401782756671e+06
6.834800000000000000e+04,2.566466147523079067e+06,8.633956412308411673e+06
6.834900000000000000e+04,2.570431740062678233e+06,8.648494512394504622e+06
6.835000000000000000e+04,2.574399484707413707e+06,8.663050484192013741e+06
6.835100000000000000e+04,2.578371232488643378e+06,8.677623678400214761e+06
6.835200000000000000e+04,2.582348528072164860e+06,8.692213486566068605e+06
6.835300000000000000e+04,2.586332540261092130e+06,8.706819492365382612e+06
6.835400000000000000e+04,2.590324281058348715e+06,8.721440509752200916e+06
6.835500000000000000e+04,2.594324909959359560e+06,8.736076042777825147e+06
6.835600000000000000e+04,2.598335042506912723e+06,8.750725170617043972e+06
6.835700000000000000e+04,2.602354908693204634e+06,8.765386878199569881e+06
6.835800000000000000e+04,2.606384630894046277e+06,8.780060791756289080e+06
6.835900000000000000e+04,2.610423817511033267e+06,8.794746501304375008e+06
6.836000000000000000e+04,2.614471709047571756e+06,8.809443673170950264e+06
6.836100000000000000e+04,2.618527176947391592e+06,8.824152178283629939e+06
6.836200000000000000e+04,2.622588822977883276e+06,8.838872223262721673e+06
6.836300000000000000e+04,2.626654862656475045e+06,8.853603682336898521e+06
6.836400000000000000e+04,2.630723385750629008e+06,8.868346633787203580e+06
6.836500000000000000e+04,2.634792857747642789e+06,8.883101740650750697e+06
6.836600000000000000e+04,2.638861670755390078e+06,8.897869646921018139e+06
6.836700000000000000e+04,2.642928172581702471e+06,8.912650873550171033e+06
6.836800000000000000e+04,2.646991003387239296e+06,8.927446050931531936e+06
6.836900000000000000e+04,2.651049042792886030e+06,8.942255807722862810e+06
6.837000000000000000e+04,2.655101444327845704e+06,8.957081134981969371e+06
6.837100000000000000e+04,2.659150182596513070e+06,8.971922311933722347e+06
6.837200000000000000e+04,2.663195615451854188e+06,8.986781219455577433e+06
6.837300000000000000e+04,2.667237028296540957e+06,9.001657277309201658e+06
6.837400000000000000e+04,2.671274943610707764e+06,9.016550607625704259e+06
6.837500000000000000e+04,2.675310583577789366e+06,9.031461326761310920e+06
6.837600000000000000e+04,2.679345617637380958e+06,9.046389463122677058e+06
6.837700000000000000e+04,2.683382199137366842e+06,9.061335068374268711e+06
6.837800000000000000e+04,2.687420439129289705e+06,9.076297033119812608e+06
6.837900000000000000e+04,2.691461884968850762e+06,9.091274718814056367e+06
6.838000000000000000e+04,2.695508982519733720e+06,9.106267974766088650e+06
6.838100000000000000e+04,2.699563743446273729e+06,9.121276561451736838e+06
6.838200000000000000e+04,2.703627358786875848e+06,9.136299824829675257e+06
6.838300000000000000e+04,2.707700662835901137e+06,9.151337113224752247e+06
6.838400000000000000e+04,2.711784155176738277e+06,9.166387871378874406e+06
6.838500000000000000e+04,2.715878182550782803e+06,9.181452040216930211e+06
6.838600000000000000e+04,2.719982519522413146e+06,9.196529536096045747e+06
6.838700000000000000e+04,2.724096687714061234e+06,9.211620383125444874e+06
6.838800000000000000e+04,2.728219849487689789e+06,9.226724730940300971e+06
6.838900000000000000e+04,2.732350574929749593e+06,9.241842333946982399e+06
6.839000000000000000e+04,2.736486902289093472e+06,9.256972599626753479e+06
6.839100000000000000e+04,2.740626722800473683e+06,9.272115150983471423e+06
6.839200000000000000e+04,2.744767843460166827e+06,9.287270101075056940e+06
6.839300000000000000e+04,2.748908710695376154e+06,9.302438084192529321e+06
6.839400000000000000e+04,2.753047940592994448e+06,9.317620099582012743e+06
6.839500000000000000e+04,2.757184940097650047e+06,9.332816899854511023e+06
6.839600000000000000e+04,2.761319320501330774e+06,9.348029044480169192e+06
6.839700000000000000e+04,2.765450051213269122e+06,9.363257270864620805e+06
6.839800000000000000e+04,2.769576081438091118e+06,9.378501696054823697e+06
6.839900000000000000e+04,2.773698229662219062e+06,9.393763311374172568e+06
6.840000000000000000e+04,2.777817461090037599e+06,9.409042619501322508e+06
6.840100000000000000e+04,2.781934675652147736e+06,9.424339881753148511e+06
6.840200000000000000e+04,2.786050902711282484e+06,9.439655117139911279e+06
6.840300000000000000e+04,2.790167118472783361e+06,9.454988255332974717e+06
6.840400000000000000e+04,2.794283984669876285e+06,9.470338759074086323e+06
6.840500000000000000e+04,2.798402746543624438e+06,9.485705782482504845e+06
6.840600000000000000e+04,2.802525432800863404e+06,9.501088617684211582e+06
6.840700000000000000e+04,2.806654078511652537e+06,9.516485858263624832e+06
6.840800000000000000e+04,2.810790043842013925e+06,9.531896501669162884e+06
6.840900000000000000e+04,2.814934586498613004e+06,9.547320761920345947e+06
6.841000000000000000e+04,2.819088978061967064e+06,9.562758064021252096e+06
6.841100000000000000e+04,2.823253769569657743e+06,9.578207213824348524e+06
6.841200000000000000e+04,2.827428606895422563e+06,9.593666818535534665e+06
6.841300000000000000e+04,2.831612853370557074e+06,9.609136189207395539e+06
6.841400000000000000e+04,2.835806007034628652e+06,9.624615582561509684e+06
6.841500000000000000e+04,2.840007084980849642e+06,9.640105124471176416e+06
6.841600000000000000e+04,2.844215108019387349e+06,9.655605487715529278e+06
6.841700000000000000e+04,2.848429128218557220e+06,9.671117787733972073e+06
6.841800000000000000e+04,2.852647914293843322e+06,9.686642943997759372e+06
6.841900000000000000e+04,2.856870561915209051e+06,9.702182208663141355e+06
6.842000000000000000e+04,2.861094836784618907e+06,9.717736136351583526e+06
6.842100000000000000e+04,2.865317668338344898e+06,9.733304826976420358e+06
6.842200000000000000e+04,2.869536106776089873e+06,9.748888119150081649e+06
6.842300000000000000e+04,2.873747955235464033e+06,9.764485474905466661e+06
6.842400000000000000e+04,2.877952197689638473e+06,9.780096043001053855e+06
6.842500000000000000e+04,2.882148431975726504e+06,9.795718400158625096e+06
6.842600000000000000e+04,2.886336344791880809e+06,9.811351422519633546e+06
6.842700000000000000e+04,2.890515998367710039e+06,9.826994035183871165e+06
6.842800000000000000e+04,2.894687736059817020e+06,9.842644923934053630e+06
6.842900000000000000e+04,2.898851880063654855e+06,9.858302942392442375e+06
6.843000000000000000e+04,2.903009040122457314e+06,9.873967150129171088e+06
6.843100000000000000e+04,2.907160230178362224e+06,9.889636673263952136e+06
6.843200000000000000e+04,2.911306206687106285e+06,9.905311852885469794e+06
6.843300000000000000e+04,2.915448202970784623e+06,9.920993059648018330e+06
6.843400000000000000e+04,2.919587802577920258e+06,9.936680735148837790e+06
6.843500000000000000e+04,2.923726601906090043e+06,9.952375769380738959e+06
6.843600000000000000e+04,2.927866108053305652e+06,9.968079388918008655e+06
6.843700000000000000e+04,2.932007610339132138e+06,9.983793076611403376e+06
6.843800000000000000e+04,2.936151753295415081e+06,9.999518673937724903e+06
6.843900000000000000e+04,2.940299463766584639e+06,1.001525769382151775e+07
6.844000000000000000e+04,2.944451438141816296e+06,1.003101157163590007e+07
6.844100000000000000e+04,2.948608052599145100e+06,1.004678161335287802e+07
6.844200000000000000e+04,2.952769344563581049e+06,1.006256892510115542e+07
6.844300000000000000e+04,2.956935012307471596e+06,1.007837435457640700e+07
6.844400000000000000e+04,2.961104428670480847e+06,1.009419844521517865e+07
6.844500000000000000e+04,2.965276678158907685e+06,1.011004140529378131e+07
6.844600000000000000e+04,2.969450605236145668e+06,1.012590309869447164e+07
6.844700000000000000e+04,2.973624875602097716e+06,1.014178305147159472e+07
6.844800000000000000e+04,2.977802220096207224e+06,1.015769638114305399e+07
6.844900000000000000e+04,2.981972761697800364e+06,1.017361024063905515e+07
6.845000000000000000e+04,2.986138678933423012e+06,1.018953937793617137e+07
6.845100000000000000e+04,2.990299377232275903e+06,1.020548221620280109e+07
6.845200000000000000e+04,2.994453968171382789e+06,1.022143721185995638e+07
6.845300000000000000e+04,2.998601496721925214e+06,1.023740295110025443e+07
6.845400000000000000e+04,3.002741271071940660e+06,1.025337818110354431e+07
6.845500000000000000e+04,3.006873051662879065e+06,1.026936173657521047e+07
6.845600000000000000e+04,3.010996962410819251e+06,1.028535266944756918e+07
6.845700000000000000e+04,3.015113460550978314e+06,1.030135031306141987e+07
6.845800000000000000e+04,3.019223314113434404e+06,1.031735431931320764e+07
6.845900000000000000e+04,3.023327558447909541e+06,1.033336467402186804e+07
6.846000000000000000e+04,3.027427439267764334e+06,1.034938169860377163e+07
6.846100000000000000e+04,3.031524346740167588e+06,1.036540603258363903e+07
6.846200000000000000e+04,3.035619741414450575e+06,1.038143860494495928e+07
6.846300000000000000e+04,3.039715077526993584e+06,1.039748057647076249e+07
6.846400000000000000e+04,3.043811723896786105e+06,1.041353327894241363e+07
6.846500000000000000e+04,3.047910734368956648e+06,1.042959821286236681e+07
6.846600000000000000e+04,3.052012910271151923e+06,1.044567690911768377e+07
6.846700000000000000e+04,3.056119621677904390e+06,1.046177053538387083e+07
6.846800000000000000e+04,3.060231113046795595e+06,1.047788039560264722e+07
6.846900000000000000e+04,3.064347229840514716e+06,1.049400761910667457e+07
6.847000000000000000e+04,3.068467673450709786e+06,1.051015302138415352e+07
6.847100000000000000e+04,3.072591825577091426e+06,1.052631712027863972e+07
6.847200000000000000e+04,3.076718779478862416e+06,1.054250010963943787e+07
6.847300000000000000e+04,3.080847385464150459e+06,1.055870184273984656e+07
6.847400000000000000e+04,3.084976313446085434e+06,1.057492184116915241e+07
6.847500000000000000e+04,3.089104127591819037e+06,1.059115932415564172e+07
6.847600000000000000e+04,3.093229361653835047e+06,1.060741325213580020e+07
6.847700000000000000e+04,3.097350598109052517e+06,1.062368237646782398e+07
6.847800000000000000e+04,3.101466546172062401e+06,1.063996531135795265e+07
6.847900000000000000e+04,3.105576111998657230e+06,1.065626060895954631e+07
6.848000000000000000e+04,3.109678452899949625e+06,1.067256683460889384e+07
6.848100000000000000e+04,3.113773024881482590e+06,1.068888264644824341e+07
6.848200000000000000e+04,3.117859615379801951e+06,1.070520686588219553e+07
6.848300000000000000e+04,3.121938353995684534e+06,1.072153854308662377e+07
6.848400000000000000e+04,3.126009700405753683e+06,1.073787700536254235e+07
6.848500000000000000e+04,3.130074316519027110e+06,1.075422204629221186e+07
6.848600000000000000e+04,3.134133061237584334e+06,1.077057392234705947e+07
6.848700000000000000e+04,3.138187327198094223e+06,1.078693269745451771e+07
6.848800000000000000e+04,3.142238777598774526e+06,1.080329868470920622e+07
6.848900000000000000e+04,3.146288992677796632e+06,1.081967266255926713e+07
6.849000000000000000e+04,3.150339217412111815e+06,1.083605603658739850e+07
6.849100000000000000e+04,3.154390927830618806e+06,1.085245003385444917e+07
6.849200000000000000e+04,3.158445066779643763e+06,1.086885626578032970e+07
6.849300000000000000e+04,3.162502580601024907e+06,1.088527618924787454e+07
6.849400000000000000e+04,3.166564144299379550e+06,1.090171120539304428e+07
6.849500000000000000e+04,3.170630120411081705e+06,1.091816258416058682e+07
6.849600000000000000e+04,3.174700489361064974e+06,1.093463139976810850e+07
6.849700000000000000e+04,3.178774811995232478e+06,1.095111847585098818e+07
6.849800000000000000e+04,3.182852811961672734e+06,1.096762429853119329e+07
6.849900000000000000e+04,3.186933516653042752e+06,1.098414904965334944e+07
6.850000000000000000e+04,3.191015703366403002e+06,1.100069257548801973e+07
6.850100000000000000e+04,3.195098057581813075e+06,1.101725438866894878e+07
6.850200000000000000e+04,3.199179162419694010e+06,1.103383369877841137e+07
6.850300000000000000e+04,3.203257576204762794e+06,1.105042945344312303e+07
6.850400000000000000e+04,3.207331906901210546e+06,1.106704039665657096e+07
6.850500000000000000e+04,3.211400888538908213e+06,1.108366513541820832e+07
6.850600000000000000e+04,3.215463449080649763e+06,1.110030221549788117e+07
6.850700000000000000e+04,3.219518770137130748e+06,1.111695019993502274e+07
6.850800000000000000e+04,3.223566333040219732e+06,1.113360774597439356e+07
6.850900000000000000e+04,3.227605940468744840e+06,1.115027367796655931e+07
6.851000000000000000e+04,3.231637729610865470e+06,1.116694705128055997e+07
6.851100000000000000e+04,3.235662162494983990e+06,1.118362720186577924e+07
6.851200000000000000e+04,3.239680007164393552e+06,1.120031378381786123e+07
6.851300000000000000e+04,3.243692293459538370e+06,1.121700678626385145e+07
6.851400000000000000e+04,3.247700258154348470e+06,1.123370653461361118e+07
6.851500000000000000e+04,3.251705277381052263e+06,1.125041367091096379e+07
6.851600000000000000e+04,3.255708793575630989e+06,1.126712912101667002e+07
6.851700000000000000e+04,3.259712236112307291e+06,1.128385404537554085e+07
6.851800000000000000e+04,3.263716767701609526e+06,1.130058988686605915e+07
6.851900000000000000e+04,3.267723289172217716e+06,1.131733819496396556e+07
6.852000000000000000e+04,3.271731654356667306e+06,1.133410083256866038e+07
6.852100000000000000e+04,3.275742871802826412e+06,1.135087898332130909e+07
6.852200000000000000e+04,3.279758164664571639e+06,1.136767365343442373e+07
6.852300000000000000e+04,3.283777901021691039e+06,1.138448588217633963e+07
6.852400000000000000e+04,3.287803072039018851e+06,1.140131616214149259e+07
6.852500000000000000e+04,3.291832799420583528e+06,1.141816507574288175e+07
6.852600000000000000e+04,3.295864676151826978e+06,1.143503300662025250e+07
6.852700000000000000e+04,3.299896888006810565e+06,1.145191984988854639e+07
6.852800000000000000e+04,3.303927404033081140e+06,1.146882515904687345e+07
6.852900000000000000e+04,3.307955659298294224e+06,1.148574816799152829e+07
6.853000000000000000e+04,3.311979949218301568e+06,1.150268720826909505e+07
6.853100000000000000e+04,3.315998294341404457e+06,1.151964015113554522e+07
6.853200000000000000e+04,3.320009855910856742e+06,1.153660465303781629e+07
6.853300000000000000e+04,3.324015311406494118e+06,1.155357878510736488e+07
6.853400000000000000e+04,3.328015622130215168e+06,1.157056122060516104e+07
6.853500000000000000e+04,3.332010822789642494e+06,1.158755143806101382e+07
6.853600000000000000e+04,3.336001853073875885e+06,1.160454822340431996e+07
6.853700000000000000e+04,3.339990580621737055e+06,1.162155016831000336e+07
6.853800000000000000e+04,3.343977730203888379e+06,1.163855569449256361e+07
6.853900000000000000e+04,3.347963654908911791e+06,1.165556325099737197e+07
6.854000000000000000e+04,3.351948339941504877e+06,1.167257189821067080e+07
6.854100000000000000e+04,3.355931263263366185e+06,1.168958116003425419e+07
6.854200000000000000e+04,3.359911921455242205e+06,1.170659084793816321e+07
6.854300000000000000e+04,3.363889959750642534e+06,1.172360106937202439e+07
6.854400000000000000e+04,3.367865134914198890e+06,1.174061234173722565e+07
6.854500000000000000e+04,3.371837162940562237e+06,1.175762544156361930e+07
6.854600000000000000e+04,3.375806044109413866e+06,1.177464147116102651e+07
6.854700000000000000e+04,3.379771551990421489e+06,1.179166183627345227e+07
6.854800000000000000e+04,3.383733376400667708e+06,1.180868818663845584e+07
6.854900000000000000e+04,3.387691190460353624e+06,1.182572251814910211e+07
6.855000000000000000e+04,3.391644538248011377e+06,1.184276662476790138e+07
6.855100000000000000e+04,3.395593125689630862e+06,1.185982214821417443e+07
6.855200000000000000e+04,3.399536846826138906e+06,1.187689064483491518e+07
6.855300000000000000e+04,3.403475994278834667e+06,1.189397347281834669e+07
6.855400000000000000e+04,3.407410404964355286e+06,1.191107142585993186e+07
6.855500000000000000e+04,3.411340153013916221e+06,1.192818504151549190e+07
6.855600000000000000e+04,3.415269488232529722e+06,1.194533167525104620e+07
6.855700000000000000e+04,3.419191294012901373e+06,1.196247698628761061e+07
6.855800000000000000e+04,3.423110498854283243e+06,1.197963758278388157e+07
6.855900000000000000e+04,3.427027511773180217e+06,1.199681225198101997e+07
6.856000000000000000e+04,3.430942446463209111e+06,1.201399931753671169e+07
6.856100000000000000e+04,3.434854671090090647e+06,1.203119668640775234e+07
6.856200000000000000e+04,3.438763941004394554e+06,1.204840236426144652e+07
6.856300000000000000e+04,3.442670798212439753e+06,1.206561464754225686e+07
6.856400000000000000e+04,3.446575716051980387e+06,1.208283188399962336e+07
6.856500000000000000e+04,3.450479068398906849e+06,1.210005256894436292e+07
6.856600000000000000e+04,3.454381111155206803e+06,1.211727542420804501e+07
6.856700000000000000e+04,3.458281965693020262e+06,1.213449946867011487e+07
6.856800000000000000e+04,3.462181588227710221e+06,1.215172407184609957e+07
6.856900000000000000e+04,3.466078796419407707e+06,1.216894913409597799e+07
6.857000000000000000e+04,3.469971123356193770e+06,1.218617516842421517e+07
6.857100000000000000e+04,3.473858274410767481e+06,1.220340268338988163e+07
6.857200000000000000e+04,3.477739658112599980e+06,1.222063252695716172e+07
6.857300000000000000e+04,3.481615296688031405e+06,1.223786568883964792e+07
6.857400000000000000e+04,3.485486175066435710e+06,1.225510331260542572e+07
6.857500000000000000e+04,3.489351615686655510e+06,1.227234690285056271e+07
6.857600000000000000e+04,3.493211470347573515e+06,1.228959829245381616e+07
6.857700000000000000e+04,3.497066080566612538e+06,1.230685924495312758e+07
6.857800000000000000e+04,3.500914363528028131e+06,1.232413115294579417e+07
6.857900000000000000e+04,3.504755437971785665e+06,1.234141533111406304e+07
6.858000000000000000e+04,3.508589626286224928e+06,1.235871293642874807e+07
6.858100000000000000e+04,3.512416984866771381e+06,1.237602477311373316e+07
6.858200000000000000e+04,3.516238090507124085e+06,1.239335150819871575e+07
6.858300000000000000e+04,3.520053138248687144e+06,1.241069318457858264e+07
6.858400000000000000e+04,3.523862695379499346e+06,1.242804942848758958e+07
6.858500000000000000e+04,3.527667522325705737e+06,1.244541975439330749e+07
6.858600000000000000e+04,3.531468191474072635e+06,1.246280307096875273e+07
6.858700000000000000e+04,3.535265188792952336e+06,1.248019802527632378e+07
6.858800000000000000e+04,3.539058688414132223e+06,1.249760286717461981e+07
6.858900000000000000e+04,3.542849529165014159e+06,1.251501607210322842e+07
6.859000000000000000e+04,3.546639100834988523e+06,1.253243631440704875e+07
6.859100000000000000e+04,3.550428195905534551e+06,1.254986180262709968e+07
6.859200000000000000e+04,3.554216612437936012e+06,1.256729109676829726e+07
6.859300000000000000e+04,3.558004152574395761e+06,1.258472284644382820e+07
6.859400000000000000e+04,3.561790819409705698e+06,1.260215592491606250e+07
6.859500000000000000e+04,3.565576551626544446e+06,1.261958960055935383e+07
6.859600000000000000e+04,3.569361349461378995e+06,1.263702351513803937e+07
6.859700000000000000e+04,3.573144532530944794e+06,1.265445771939286590e+07
6.859800000000000000e+04,3.576925131849732716e+06,1.267189267165593617e+07
6.859900000000000000e+04,3.580702185936530586e+06,1.268932920483820885e+07
6.860000000000000000e+04,3.584474744665905368e+06,1.270676830097342655e+07
6.860100000000000000e+04,3.588242796216173563e+06,1.272421113791891001e+07
6.860200000000000000e+04,3.592006083166827913e+06,1.274165935482051224e+07
6.860300000000000000e+04,3.595763998671114445e+06,1.275911462213347852e+07
6.860400000000000000e+04,3.599515715356271714e+06,1.277657850335641019e+07
6.860500000000000000e+04,3.603261081360756420e+06,1.279405267722472176e+07
6.860600000000000000e+04,3.607000878861830570e+06,1.281153883809925616e+07
6.860700000000000000e+04,3.610736344553470612e+06,1.282903912815387920e+07
6.860800000000000000e+04,3.614467985863981303e+06,1.284655478344493546e+07
6.860900000000000000e+04,3.618195017711772118e+06,1.286408590771568939e+07
6.861000000000000000e+04,3.621917687611340545e+06,1.288163266011287645e+07
6.861100000000000000e+04,3.625635501764556859e+06,1.289919408094090968e+07
6.861200000000000000e+04,3.629348167048245203e+06,1.291676893501904048e+07
6.861300000000000000e+04,3.633056777172598056e+06,1.293435667885017209e+07
6.861400000000000000e+04,3.636762973023550585e+06,1.295195688533417135e+07
6.861500000000000000e+04,3.640468792971703690e+06,1.296956860033196397e+07
6.861600000000000000e+04,3.644175213300727773e+06,1.298719003990277275e+07
6.861700000000000000e+04,3.647883632189448923e+06,1.300481939813750423e+07
6.861800000000000000e+04,3.651594572737149429e+06,1.302245478961547650e+07
6.861900000000000000e+04,3.655306805768977851e+06,1.304009433872319944e+07
6.862000000000000000e+04,3.659019188217153307e+06,1.305773653420020267e+07
6.862100000000000000e+04,3.662731596322501078e+06,1.307538025818926655e+07
6.862200000000000000e+04,3.666443733496474568e+06,1.309302472346263193e+07
6.862300000000000000e+04,3.670155134093753528e+06,1.311066951700544916e+07
6.862400000000000000e+04,3.673865189073450863e+06,1.312831461743600294e+07
6.862500000000000000e+04,3.677573180971747264e+06,1.314596040268734284e+07
6.862600000000000000e+04,3.681278320289173629e+06,1.316360762233443186e+07
6.862700000000000000e+04,3.684979621002656408e+06,1.318125737540458702e+07
6.862800000000000000e+04,3.688674641178383958e+06,1.319891114357525483e+07
6.862900000000000000e+04,3.692361112658775412e+06,1.321657049192163348e+07
6.863000000000000000e+04,3.696038952829286922e+06,1.323423689544852264e+07
6.863100000000000000e+04,3.699707969924286474e+06,1.325191197154779360e+07
6.863200000000000000e+04,3.703368161508849822e+06,1.326959748509005457e+07
6.863300000000000000e+04,3.707020688923562877e+06,1.328729487347004563e+07
6.863400000000000000e+04,3.710665764841204975e+06,1.330500477429721691e+07
6.863500000000000000e+04,3.714302683347282466e+06,1.332272833771721646e+07
6.863600000000000000e+04,3.717932296344237402e+06,1.334046643571235240e+07
6.863700000000000000e+04,3.721555251016563736e+06,1.335821923978079483e+07
6.863800000000000000e+04,3.725172293085518293e+06,1.337598675848675147e+07
6.863900000000000000e+04,3.728785234969170764e+06,1.339376891184460744e+07
6.864000000000000000e+04,3.732395959236379713e+06,1.341156529152964056e+07
6.864100000000000000e+04,3.736005826111274306e+06,1.342937493420404382e+07
6.864200000000000000e+04,3.739616472410593648e+06,1.344719648899885267e+07
6.864300000000000000e+04,3.757547876119778957e+06,1.346168867464401759e+07
6.864400000000000000e+04,3.761186101061517373e+06,1.347952151003498584e+07
6.864500000000000000e+04,3.764827190053790808e+06,1.349736046403328702e+07
6.864600000000000000e+04,nan,nan
6.864700000000000000e+04,nan,nan
6.864800000000000000e+04,nan,nan
6.864900000000000000e+04,nan,nan
6.865000000000000000e+04,nan,nan
6.865100000000000000e+04,nan,nan
6.865200000000000000e+04,nan,nan
6.865300000000000000e+04,nan,nan
6.865400000000000000e+04,nan,nan
6.865500000000000000e+04,nan,nan
6.865600000000000000e+04,nan,nan
6.865700000000000000e+04,nan,nan
6.865800000000000000e+04,nan,nan
6.865900000000000000e+04,nan,nan
6.866000000000000000e+04,nan,nan
6.866100000000000000e+04,nan,nan
6.866200000000000000e+04,nan,nan
6.866300000000000000e+04,nan,nan
6.866400000000000000e+04,nan,nan
6.866500000000000000e+04,nan,nan
6.866600000000000000e+04,nan,nan
6.866700000000000000e+04,nan,nan
6.866800000000000000e+04,nan,nan
6.866900000000000000e+04,nan,nan
6.867000000000000000e+04,nan,nan
6.867100000000000000e+04,nan,nan
6.867200000000000000e+04,nan,nan
6.867300000000000000e+04,nan,nan
6.867400000000000000e+04,nan,nan
6.867500000000000000e+04,nan,nan
6.867600000000000000e+04,nan,nan
6.867700000000000000e+04,nan,nan
6.867800000000000000e+04,nan,nan
6.867900000000000000e+04,nan,nan
6.868000000000000000e+04,nan,nan
6.868100000000000000e+04,nan,nan
6.868200000000000000e+04,nan,nan
6.868300000000000000e+04,nan,nan
6.868400000000000000e+04,nan,nan
6.868500000000000000e+04,nan,nan
6.868600000000000000e+04,nan,nan
6.868700000000000000e+04,nan,nan
6.868800000000000000e+04,nan,nan
6.868900000000000000e+04,nan,nan
6.869000000000000000e+04,nan,nan
6.869100000000000000e+04,nan,nan
6.869200000000000000e+04,nan,nan
6.869300000000000000e+04,nan,nan
6.869400000000000000e+04,nan,nan
6.869500000000000000e+04,nan,nan
6.869600000000000000e+04,nan,nan
6.869700000000000000e+04,nan,nan
6.869800000000000000e+04,nan,nan
6.869900000000000000e+04,nan,nan
6.870000000000000000e+04,nan,nan
6.870100000000000000e+04,nan,nan
6.870200000000000000e+04,nan,nan
6.870300000000000000e+04,nan,nan
6.870400000000000000e+04,nan,nan
6.870500000000000000e+04,nan,nan
6.870600000000000000e+04,nan,nan
6.870700000000000000e+04,nan,nan
6.870800000000000000e+04,nan,nan
6.870900000000000000e+04,nan,nan
6.871000000000000000e+04,nan,nan
6.871100000000000000e+04,nan,nan
6.871200000000000000e+04,nan,nan
6.871300000000000000e+04,nan,nan
6.871400000000000000e+04,nan,nan
6.871500000000000000e+04,nan,nan
6.871600000000000000e+04,nan,nan
6.871700000000000000e+04,nan,nan
6.871800000000000000e+04,nan,nan
6.871900000000000000e+04,nan,nan
6.872000000000000000e+04,nan,nan
6.872100000000000000e+04,nan,nan
6.872200000000000000e+04,nan,nan
6.872300000000000000e+04,nan,nan
6.872400000000000000e+04,nan,nan
6.872500000000000000e+04,nan,nan
6.872600000000000000e+04,nan,nan
6.872700000000000000e+04,nan,nan
6.872800000000000000e+04,nan,nan
6.872900000000000000e+04,nan,nan
6.873000000000000000e+04,nan,nan
6.873100000000000000e+04,nan,nan
6.873200000000000000e+04,nan,nan
6.873300000000000000e+04,nan,nan
6.873400000000000000e+04,nan,nan
6.873500000000000000e+04,nan,nan
6.873600000000000000e+04,nan,nan
6.873700000000000000e+04,nan,nan
6.873800000000000000e+04,nan,nan
6.873900000000000000e+04,nan,nan
6.874000000000000000e+04,nan,nan
6.874100000000000000e+04,nan,nan
6.874200000000000000e+04,nan,nan
6.874300000000000000e+04,nan,nan
6.874400000000000000e+04,nan,nan
6.874500000000000000e+04,nan,nan
6.874600000000000000e+04,nan,nan
6.874700000000000000e+04,nan,nan
6.874800000000000000e+04,nan,nan
6.874900000000000000e+04,nan,nan
6.875000000000000000e+04,nan,nan
6.875100000000000000e+04,nan,nan
6.875200000000000000e+04,nan,nan
6.875300000000000000e+04,nan,nan
6.875400000000000000e+04,nan,nan
6.875500000000000000e+04,nan,nan
6.875600000000000000e+04,nan,nan
6.875700000000000000e+04,nan,nan
6.875800000000000000e+04,nan,nan
6.875900000000000000e+04,nan,nan
6.876000000000000000e+04,nan,nan
6.876100000000000000e+04,nan,nan
6.876200000000000000e+04,nan,nan
6.876300000000000000e+04,nan,nan
6.876400000000000000e+04,nan,nan
6.876500000000000000e+04,nan,nan
6.876600000000000000e+04,nan,nan
6.876700000000000000e+04,nan,nan
6.876800000000000000e+04,nan,nan
6.876900000000000000e+04,nan,nan
6.877000000000000000e+04,nan,nan
6.877100000000000000e+04,nan,nan
6.877200000000000000e+04,nan,nan
6.877300000000000000e+04,nan,nan
6.877400000000000000e+04,nan,nan
6.877500000000000000e+04,nan,nan
6.877600000000000000e+04,nan,nan
6.877700000000000000e+04,nan,nan
6.877800000000000000e+04,nan,nan
6.877900000000000000e+04,nan,nan
6.878000000000000000e+04,nan,nan
6.878100000000000000e+04,nan,nan
6.878200000000000000e+04,nan,nan
6.878300000000000000e+04,nan,nan
6.878400000000000000e+04,nan,nan
6.878500000000000000e+04,nan,nan
6.878600000000000000e+04,nan,nan
6.878700000000000000e+04,nan,nan
6.878800000000000000e+04,nan,nan
6.878900000000000000e+04,nan,nan
6.879000000000000000e+04,nan,nan
6.879100000000000000e+04,nan,nan
6.879200000000000000e+04,nan,nan
6.879300000000000000e+04,nan,nan
6.879400000000000000e+04,nan,nan
6.879500000000000000e+04,nan,nan
6.879600000000000000e+04,nan,nan
6.879700000000000000e+04,nan,nan
6.879800000000000000e+04,nan,nan
6.879900000000000000e+04,nan,nan
6.880000000000000000e+04,nan,nan
6.880100000000000000e+04,nan,nan
6.880200000000000000e+04,nan,nan
6.880300000000000000e+04,nan,nan
6.880400000000000000e+04,nan,nan
6.880500000000000000e+04,nan,nan
6.880600000000000000e+04,nan,nan
6.880700000000000000e+04,nan,nan
6.880800000000000000e+04,nan,nan
6.880900000000000000e+04,nan,nan
6.881000000000000000e+04,nan,nan
6.881100000000000000e+04,nan,nan
6.881200000000000000e+04,nan,nan
6.881300000000000000e+04,nan,nan
6.881400000000000000e+04,nan,nan
6.881500000000000000e+04,nan,nan
6.881600000000000000e+04,nan,nan
6.881700000000000000e+04,nan,nan
6.881800000000000000e+04,nan,nan
6.881900000000000000e+04,nan,nan
6.882000000000000000e+04,nan,nan
6.882100000000000000e+04,nan,nan
6.882200000000000000e+04,nan,nan
6.882300000000000000e+04,nan,nan
6.882400000000000000e+04,nan,nan
6.882500000000000000e+04,nan,nan
6.882600000000000000e+04,nan,nan
6.882700000000000000e+04,nan,nan
6.882800000000000000e+04,nan,nan
6.882900000000000000e+04,nan,nan
6.883000000000000000e+04,nan,nan
6.883100000000000000e+04,nan,nan
6.883200000000000000e+04,nan,nan
6.883300000000000000e+04,nan,nan
6.883400000000000000e+04,nan,nan
6.883500000000000000e+04,nan,nan
6.883600000000000000e+04,nan,nan
6.883700000000000000e+04,nan,nan
6.883800000000000000e+04,nan,nan
6.883900000000000000e+04,nan,nan
6.884000000000000000e+04,nan,nan
6.884100000000000000e+04,nan,nan
6.884200000000000000e+04,nan,nan
6.884300000000000000e+04,nan,nan
6.884400000000000000e+04,nan,nan
6.884500000000000000e+04,nan,nan
6.884600000000000000e+04,nan,nan
6.884700000000000000e+04,nan,nan
6.884800000000000000e+04,nan,nan
6.884900000000000000e+04,nan,nan
6.885000000000000000e+04,nan,nan
6.885100000000000000e+04,nan,nan
6.885200000000000000e+04,nan,nan
6.885300000000000000e+04,nan,nan
6.885400000000000000e+04,nan,nan
6.885500000000000000e+04,nan,nan
6.885600000000000000e+04,nan,nan
6.885700000000000000e+04,nan,nan
6.885800000000000000e+04,nan,nan
6.885900000000000000e+04,nan,nan
6.886000000000000000e+04,nan,nan
6.886100000000000000e+04,nan,nan
6.886200000000000000e+04,nan,nan
6.886300000000000000e+04,nan,nan
6.886400000000000000e+04,nan,nan
6.886500000000000000e+04,nan,nan
6.886600000000000000e+04,nan,nan
6.886700000000000000e+04,nan,nan
6.886800000000000000e+04,nan,nan
6.886900000000000000e+04,nan,nan
6.887000000000000000e+04,nan,nan
6.887100000000000000e+04,nan,nan
6.887200000000000000e+04,nan,nan
6.887300000000000000e+04,nan,nan
6.887400000000000000e+04,nan,nan
6.887500000000000000e+04,nan,nan
6.887600000000000000e+04,nan,nan
6.887700000000000000e+04,nan,nan
6.887800000000000000e+04,nan,nan
6.887900000000000000e+04,nan,nan
6.888000000000000000e+04,nan,nan
6.888100000000000000e+04,nan,nan
6.888200000000000000e+04,nan,nan
6.888300000000000000e+04,nan,nan
6.888400000000000000e+04,nan,nan
6.888500000000000000e+04,nan,nan
6.888600000000000000e+04,nan,nan
6.888700000000000000e+04,nan,nan
6.888800000000000000e+04,nan,nan
6.888900000000000000e+04,nan,nan
6.889000000000000000e+04,nan,nan
6.889100000000000000e+04,nan,nan
6.889200000000000000e+04,nan,nan
6.889300000000000000e+04,nan,nan
6.889400000000000000e+04,nan,nan
6.889500000000000000e+04,nan,nan
6.889600000000000000e+04,nan,nan
6.889700000000000000e+04,nan,nan
6.889800000000000000e+04,nan,nan
6.889900000000000000e+04,nan,nan
6.890000000000000000e+04,nan,nan
6.890100000000000000e+04,nan,nan
6.890200000000000000e+04,nan,nan
6.890300000000000000e+04,nan,nan
6.890400000000000000e+04,nan,nan
6.890500000000000000e+04,nan,nan
6.890600000000000000e+04,nan,nan
6.890700000000000000e+04,nan,nan
6.890800000000000000e+04,nan,nan
6.890900000000000000e+04,nan,nan
6.891000000000000000e+04,nan,nan
6.891100000000000000e+04,nan,nan
6.891200000000000000e+04,nan,nan
6.891300000000000000e+04,nan,nan
6.891400000000000000e+04,nan,nan
6.891500000000000000e+04,nan,nan
6.891600000000000000e+04,nan,nan
6.891700000000000000e+04,nan,nan
6.891800000000000000e+04,nan,nan
6.891900000000000000e+04,nan,nan
6.892000000000000000e+04,nan,nan
6.892100000000000000e+04,nan,nan
6.892200000000000000e+04,nan,nan
6.892300000000000000e+04,nan,nan
6.892400000000000000e+04,nan,nan
6.892500000000000000e+04,nan,nan
6.892600000000000000e+04,nan,nan
6.892700000000000000e+04,nan,nan
6.892800000000000000e+04,nan,nan
6.892900000000000000e+04,nan,nan
6.893000000000000000e+04,nan,nan
6.893100000000000000e+04,nan,nan
6.893200000000000000e+04,nan,nan
6.893300000000000000e+04,nan,nan
6.893400000000000000e+04,nan,nan
6.893500000000000000e+04,nan,nan
6.893600000000000000e+04,nan,nan
6.893700000000000000e+04,nan,nan
6.893800000000000000e+04,nan,nan
6.893900000000000000e+04,nan,nan
6.894000000000000000e+04,nan,nan
6.894100000000000000e+04,nan,nan
6.894200000000000000e+04,nan,nan
6.894300000000000000e+04,nan,nan
6.894400000000000000e+04,nan,nan
6.894500000000000000e+04,nan,nan
6.894600000000000000e+04,nan,nan
6.894700000000000000e+04,nan,nan
6.894800000000000000e+04,nan,nan
6.894900000000000000e+04,nan,nan
6.895000000000000000e+04,nan,nan
6.895100000000000000e+04,nan,nan
6.895200000000000000e+04,nan,nan
6.895300000000000000e+04,nan,nan
6.895400000000000000e+04,nan,nan
6.895500000000000000e+04,nan,nan
6.895600000000000000e+04,nan,nan
6.895700000000000000e+04,nan,nan
6.895800000000000000e+04,nan,nan
6.895900000000000000e+04,nan,nan
6.896000000000000000e+04,nan,nan
6.896100000000000000e+04,nan,nan
6.896200000000000000e+04,nan,nan
6.896300000000000000e+04,nan,nan
6.896400000000000000e+04,nan,nan
6.896500000000000000e+04,nan,nan
6.896600000000000000e+04,nan,nan
6.896700000000000000e+04,nan,nan
6.896800000000000000e+04,nan,nan
6.896900000000000000e+04,nan,nan
6.897000000000000000e+04,nan,nan
6.897100000000000000e+04,nan,nan
6.897200000000000000e+04,nan,nan
6.897300000000000000e+04,nan,nan
6.897400000000000000e+04,nan,nan
6.897500000000000000e+04,nan,nan
6.897600000000000000e+04,nan,nan
6.897700000000000000e+04,nan,nan
6.897800000000000000e+04,nan,nan
6.897900000000000000e+04,nan,nan
6.898000000000000000e+04,nan,nan
6.898100000000000000e+04,nan,nan
6.898200000000000000e+04,nan,nan
6.898300000000000000e+04,nan,nan
6.898400000000000000e+04,nan,nan
6.898500000000000000e+04,nan,nan
6.898600000000000000e+04,nan,nan
6.898700000000000000e+04,nan,nan
6.898800000000000000e+04,nan,nan
6.898900000000000000e+04,nan,nan
6.899000000000000000e+04,nan,nan
6.899100000000000000e+04,nan,nan
6.899200000000000000e+04,nan,nan
6.899300000000000000e+04,nan,nan
6.899400000000000000e+04,nan,nan
6.899500000000000000e+04,nan,nan
6.899600000000000000e+04,nan,nan
6.899700000000000000e+04,nan,nan
6.899800000000000000e+04,nan,nan
6.899900000000000000e+04,nan,nan
6.900000000000000000e+04,nan,nan
6.900100000000000000e+04,nan,nan
6.900200000000000000e+04,nan,nan
6.900300000000000000e+04,nan,nan
6.900400000000000000e+04,nan,nan
6.900500000000000000e+04,nan,nan
6.900600000000000000e+04,nan,nan
6.900700000000000000e+04,nan,nan
6.900800000000000000e+04,nan,nan
6.900900000000000000e+04,nan,nan
6.901000000000000000e+04,nan,nan
6.901100000000000000e+04,nan,nan
6.901200000000000000e+04,nan,nan
6.901300000000000000e+04,nan,nan
6.901400000000000000e+04,nan,nan
6.901500000000000000e+04,nan,nan
6.901600000000000000e+04,nan,nan
6.901700000000000000e+04,nan,nan
6.901800000000000000e+04,nan,nan
6.901900000000000000e+04,nan,nan
6.902000000000000000e+04,nan,nan
6.902100000000000000e+04,nan,nan
6.902200000000000000e+04,nan,nan
6.902300000000000000e+04,nan,nan
6.902400000000000000e+04,nan,nan
6.902500000000000000e+04,nan,nan
6.902600000000000000e+04,nan,nan
6.902700000000000000e+04,nan,nan
6.902800000000000000e+04,nan,nan
6.902900000000000000e+04,nan,nan
6.903000000000000000e+04,nan,nan
6.903100000000000000e+04,nan,nan
6.903200000000000000e+04,nan,nan
6.903300000000000000e+04,nan,nan
6.903400000000000000e+04,nan,nan
6.903500000000000000e+04,nan,nan
6.903600000000000000e+04,nan,nan
6.903700000000000000e+04,nan,nan
6.903800000000000000e+04,nan,nan
6.903900000000000000e+04,nan,nan
6.904000000000000000e+04,nan,nan
6.904100000000000000e+04,nan,nan
6.904200000000000000e+04,nan,nan
6.904300000000000000e+04,nan,nan
6.904400000000000000e+04,nan,nan
6.904500000000000000e+04,nan,nan
6.904600000000000000e+04,nan,nan
6.904700000000000000e+04,nan,nan
6.904800000000000000e+04,nan,nan
6.904900000000000000e+04,nan,nan
6.905000000000000000e+04,nan,nan
6.905100000000000000e+04,nan,nan
6.905200000000000000e+04,nan,nan
6.905300000000000000e+04,nan,nan
6.905400000000000000e+04,nan,nan
6.905500000000000000e+04,nan,nan
6.905600000000000000e+04,nan,nan
6.905700000000000000e+04,nan,nan
6.905800000000000000e+04,nan,nan
6.905900000000000000e+04,nan,nan
6.906000000000000000e+04,nan,nan
6.906100000000000000e+04,nan,nan
6.906200000000000000e+04,nan,nan
6.906300000000000000e+04,nan,nan
6.906400000000000000e+04,nan,nan
6.906500000000000000e+04,nan,nan
6.906600000000000000e+04,nan,nan
6.906700000000000000e+04,nan,nan
6.906800000000000000e+04,nan,nan
6.906900000000000000e+04,nan,nan
6.907000000000000000e+04,nan,nan
6.907100000000000000e+04,nan,nan
6.907200000000000000e+04,nan,nan
6.907300000000000000e+04,nan,nan
6.907400000000000000e+04,nan,nan
6.907500000000000000e+04,nan,nan
6.907600000000000000e+04,nan,nan
6.907700000000000000e+04,nan,nan
6.907800000000000000e+04,nan,nan
6.907900000000000000e+04,nan,nan
6.908000000000000000e+04,nan,nan
6.908100000000000000e+04,nan,nan
6.908200000000000000e+04,nan,nan
6.908300000000000000e+04,nan,nan
6.908400000000000000e+04,nan,nan
6.908500000000000000e+04,nan,nan
6.908600000000000000e+04,nan,nan
6.908700000000000000e+04,nan,nan
6.908800000000000000e+04,nan,nan
6.908900000000000000e+04,nan,nan
6.909000000000000000e+04,nan,nan
6.909100000000000000e+04,nan,nan
6.909200000000000000e+04,nan,nan
6.909300000000000000e+04,nan,nan
6.909400000000000000e+04,nan,nan
6.909500000000000000e+04,nan,nan
6.909600000000000000e+04,nan,nan
6.909700000000000000e+04,nan,nan
6.909800000000000000e+04,nan,nan
6.909900000000000000e+04,nan,nan
6.910000000000000000e+04,nan,nan
6.910100000000000000e+04,nan,nan
6.910200000000000000e+04,nan,nan
6.910300000000000000e+04,nan,nan
6.910400000000000000e+04,nan,nan
6.910500000000000000e+04,nan,nan
6.910600000000000000e+04,nan,nan
6.910700000000000000e+04,nan,nan
6.910800000000000000e+04,nan,nan
6.910900000000000000e+04,nan,nan
6.911000000000000000e+04,nan,nan
6.911100000000000000e+04,nan,nan
6.911200000000000000e+04,nan,nan
6.911300000000000000e+04,nan,nan
6.911400000000000000e+04,nan,nan
6.911500000000000000e+04,nan,nan
6.911600000000000000e+04,nan,nan
6.911700000000000000e+04,nan,nan
6.911800000000000000e+04,nan,nan
6.911900000000000000e+04,nan,nan
6.912000000000000000e+04,nan,nan
6.912100000000000000e+04,nan,nan
6.912200000000000000e+04,nan,nan
6.912300000000000000e+04,nan,nan
6.912400000000000000e+04,nan,nan
6.912500000000000000e+04,nan,nan
6.912600000000000000e+04,nan,nan
6.912700000000000000e+04,nan,nan
6.912800000000000000e+04,nan,nan
6.912900000000000000e+04,nan,nan
6.913000000000000000e+04,nan,nan
6.913100000000000000e+04,nan,nan
6.913200000000000000e+04,nan,nan
6.913300000000000000e+04,nan,nan
6.913400000000000000e+04,nan,nan
6.913500000000000000e+04,nan,nan
6.913600000000000000e+04,nan,nan
6.913700000000000000e+04,nan,nan
6.913800000000000000e+04,nan,nan
6.913900000000000000e+04,nan,nan
6.914000000000000000e+04,nan,nan
6.914100000000000000e+04,nan,nan
6.914200000000000000e+04,nan,nan
6.914300000000000000e+04,nan,nan
6.914400000000000000e+04,nan,nan
6.914500000000000000e+04,nan,nan
6.914600000000000000e+04,nan,nan
6.914700000000000000e+04,nan,nan
6.914800000000000000e+04,nan,nan
6.914900000000000000e+04,nan,nan
6.915000000000000000e+04,nan,nan
6.915100000000000000e+04,nan,nan
6.915200000000000000e+04,nan,nan
6.915300000000000000e+04,nan,nan
6.915400000000000000e+04,nan,nan
6.915500000000000000e+04,nan,nan
6.915600000000000000e+04,nan,nan
6.915700000000000000e+04,nan,nan
6.915800000000000000e+04,nan,nan
6.915900000000000000e+04,nan,nan
6.916000000000000000e+04,nan,nan
6.916100000000000000e+04,nan,nan
6.916200000000000000e+04,nan,nan
6.916300000000000000e+04,nan,nan
6.916400000000000000e+04,nan,nan
6.916500000000000000e+04,nan,nan
6.916600000000000000e+04,nan,nan
6.916700000000000000e+04,nan,nan
6.916800000000000000e+04,nan,nan
6.916900000000000000e+04,nan,nan
6.917000000000000000e+04,nan,nan
6.917100000000000000e+04,nan,nan
6.917200000000000000e+04,nan,nan
6.917300000000000000e+04,nan,nan
6.917400000000000000e+04,nan,nan
6.917500000000000000e+04,nan,nan
6.917600000000000000e+04,nan,nan
6.917700000000000000e+04,nan,nan
6.917800000000000000e+04,nan,nan
6.917900000000000000e+04,nan,nan
6.918000000000000000e+04,nan,nan
6.918100000000000000e+04,nan,nan
6.918200000000000000e+04,nan,nan
6.918300000000000000e+04,nan,nan
6.918400000000000000e+04,nan,nan
6.918500000000000000e+04,nan,nan
6.918600000000000000e+04,nan,nan
6.918700000000000000e+04,nan,nan
6.918800000000000000e+04,nan,nan
6.918900000000000000e+04,nan,nan
6.919000000000000000e+04,nan,nan
6.919100000000000000e+04,nan,nan
6.919200000000000000e+04,nan,nan
6.919300000000000000e+04,nan,nan
6.919400000000000000e+04,nan,nan
6.919500000000000000e+04,nan,nan
6.919600000000000000e+04,nan,nan
6.919700000000000000e+04,nan,nan
6.919800000000000000e+04,nan,nan
6.919900000000000000e+04,nan,nan
6.920000000000000000e+04,nan,nan
6.920100000000000000e+04,nan,nan
6.920200000000000000e+04,nan,nan
6.920300000000000000e+04,nan,nan
6.920400000000000000e+04,nan,nan
6.920500000000000000e+04,nan,nan
6.920600000000000000e+04,nan,nan
6.920700000000000000e+04,nan,nan
6.920800000000000000e+04,nan,nan
6.920900000000000000e+04,nan,nan
6.921000000000000000e+04,nan,nan
6.921100000000000000e+04,nan,nan
6.921200000000000000e+04,nan,nan
6.921300000000000000e+04,nan,nan
6.921400000000000000e+04,nan,nan
6.921500000000000000e+04,nan,nan
6.921600000000000000e+04,nan,nan
6.921700000000000000e+04,nan,nan
6.921800000000000000e+04,nan,nan
6.921900000000000000e+04,nan,nan
6.922000000000000000e+04,nan,nan
6.922100000000000000e+04,nan,nan
6.922200000000000000e+04,nan,nan
6.922300000000000000e+04,nan,nan
6.922400000000000000e+04,nan,nan
6.922500000000000000e+04,nan,nan
6.922600000000000000e+04,nan,nan
6.922700000000000000e+04,nan,nan
6.922800000000000000e+04,nan,nan
6.922900000000000000e+04,nan,nan
6.923000000000000000e+04,nan,nan
6.923100000000000000e+04,nan,nan
6.923200000000000000e+04,nan,nan
6.923300000000000000e+04,nan,nan
6.923400000000000000e+04,nan,nan
6.923500000000000000e+04,nan,nan
6.923600000000000000e+04,nan,nan
6.923700000000000000e+04,nan,nan
6.923800000000000000e+04,nan,nan
6.923900000000000000e+04,nan,nan
6.924000000000000000e+04,nan,nan
6.924100000000000000e+04,nan,nan
6.924200000000000000e+04,nan,nan
6.924300000000000000e+04,nan,nan
6.924400000000000000e+04,nan,nan
6.924500000000000000e+04,nan,nan
6.924600000000000000e+04,nan,nan
6.924700000000000000e+04,nan,nan
6.924800000000000000e+04,nan,nan
6.924900000000000000e+04,nan,nan
6.925000000000000000e+04,nan,nan
6.925100000000000000e+04,nan,nan
6.925200000000000000e+04,nan,nan
6.925300000000000000e+04,nan,nan
6.925400000000000000e+04,nan,nan
6.925500000000000000e+04,nan,nan
6.925600000000000000e+04,nan,nan
6.925700000000000000e+04,nan,nan
6.925800000000000000e+04,nan,nan
6.925900000000000000e+04,nan,nan
6.926000000000000000e+04,nan,nan
6.926100000000000000e+04,nan,nan
6.926200000000000000e+04,nan,nan
6.926300000000000000e+04,nan,nan
6.926400000000000000e+04,nan,nan
6.926500000000000000e+04,nan,nan
6.926600000000000000e+04,nan,nan
6.926700000000000000e+04,nan,nan
6.926800000000000000e+04,nan,nan
6.926900000000000000e+04,nan,nan
6.927000000000000000e+04,nan,nan
6.927100000000000000e+04,nan,nan
6.927200000000000000e+04,nan,nan
6.927300000000000000e+04,nan,nan
6.927400000000000000e+04,nan,nan
6.927500000000000000e+04,nan,nan
6.927600000000000000e+04,nan,nan
6.927700000000000000e+04,nan,nan
6.927800000000000000e+04,nan,nan
6.927900000000000000e+04,nan,nan
6.928000000000000000e+04,nan,nan
6.928100000000000000e+04,nan,nan
6.928200000000000000e+04,nan,nan
6.928300000000000000e+04,nan,nan
6.928400000000000000e+04,nan,nan
6.928500000000000000e+04,nan,nan
6.928600000000000000e+04,nan,nan
6.928700000000000000e+04,nan,nan
6.928800000000000000e+04,nan,nan
6.928900000000000000e+04,nan,nan
6.929000000000000000e+04,nan,nan
6.929100000000000000e+04,nan,nan
6.929200000000000000e+04,nan,nan
6.929300000000000000e+04,nan,nan
6.929400000000000000e+04,nan,nan
6.929500000000000000e+04,nan,nan
6.929600000000000000e+04,nan,nan
6.929700000000000000e+04,nan,nan
6.929800000000000000e+04,nan,nan
6.929900000000000000e+04,nan,nan
6.930000000000000000e+04,nan,nan
6.930100000000000000e+04,nan,nan
6.930200000000000000e+04,nan,nan
6.930300000000000000e+04,nan,nan
6.930400000000000000e+04,nan,nan
6.930500000000000000e+04,nan,nan
6.930600000000000000e+04,nan,nan
6.930700000000000000e+04,nan,nan
6.930800000000000000e+04,nan,nan
6.930900000000000000e+04,nan,nan
6.931000000000000000e+04,nan,nan
6.931100000000000000e+04,nan,nan
6.931200000000000000e+04,nan,nan
6.931300000000000000e+04,nan,nan
6.931400000000000000e+04,nan,nan
6.931500000000000000e+04,nan,nan
6.931600000000000000e+04,nan,nan
6.931700000000000000e+04,nan,nan
6.931800000000000000e+04,nan,nan
6.931900000000000000e+04,nan,nan
6.932000000000000000e+04,nan,nan
6.932100000000000000e+04,nan,nan
6.932200000000000000e+04,nan,nan
6.932300000000000000e+04,nan,nan
6.932400000000000000e+04,nan,nan
6.932500000000000000e+04,nan,nan
6.932600000000000000e+04,nan,nan
6.932700000000000000e+04,nan,nan
6.932800000000000000e+04,nan,nan
6.932900000000000000e+04,nan,nan
6.933000000000000000e+04,nan,nan
6.933100000000000000e+04,nan,nan
6.933200000000000000e+04,nan,nan
6.933300000000000000e+04,nan,nan
6.933400000000000000e+04,nan,nan
6.933500000000000000e+04,nan,nan
6.933600000000000000e+04,nan,nan
6.933700000000000000e+04,nan,nan
6.933800000000000000e+04,nan,nan
6.933900000000000000e+04,nan,nan
6.934000000000000000e+04,nan,nan
6.934100000000000000e+04,nan,nan
6.934200000000000000e+04,nan,nan
6.934300000000000000e+04,nan,nan
6.934400000000000000e+04,nan,nan
6.934500000000000000e+04,nan,nan
6.934600000000000000e+04,nan,nan
6.934700000000000000e+04,nan,nan
6.934800000000000000e+04,nan,nan
6.934900000000000000e+04,nan,nan
6.935000000000000000e+04,nan,nan
6.935100000000000000e+04,nan,nan
6.935200000000000000e+04,nan,nan
6.935300000000000000e+04,nan,nan
6.935400000000000000e+04,nan,nan
6.935500000000000000e+04,nan,nan
6.935600000000000000e+04,nan,nan
6.935700000000000000e+04,nan,nan
6.935800000000000000e+04,nan,nan
6.935900000000000000e+04,nan,nan
6.936000000000000000e+04,nan,nan
6.936100000000000000e+04,nan,nan
6.936200000000000000e+04,nan,nan
6.936300000000000000e+04,nan,nan
6.936400000000000000e+04,nan,nan
6.936500000000000000e+04,nan,nan
6.936600000000000000e+04,nan,nan
6.936700000000000000e+04,nan,nan
6.936800000000000000e+04,nan,nan
6.936900000000000000e+04,nan,nan
6.937000000000000000e+04,nan,nan
6.937100000000000000e+04,nan,nan
6.937200000000000000e+04,nan,nan
6.937300000000000000e+04,nan,nan
6.937400000000000000e+04,nan,nan
6.937500000000000000e+04,nan,nan
6.937600000000000000e+04,nan,nan
6.937700000000000000e+04,nan,nan
6.937800000000000000e+04,nan,nan
6.937900000000000000e+04,nan,nan
6.938000000000000000e+04,nan,nan
6.938100000000000000e+04,nan,nan
6.938200000000000000e+04,nan,nan
6.938300000000000000e+04,nan,nan
6.938400000000000000e+04,nan,nan
6.938500000000000000e+04,nan,nan
6.938600000000000000e+04,nan,nan
6.938700000000000000e+04,nan,nan
6.938800000000000000e+04,nan,nan
6.938900000000000000e+04,nan,nan
6.939000000000000000e+04,nan,nan
6.939100000000000000e+04,nan,nan
6.939200000000000000e+04,nan,nan
6.939300000000000000e+04,nan,nan
6.939400000000000000e+04,nan,nan
6.939500000000000000e+04,nan,nan
6.939600000000000000e+04,nan,nan
6.939700000000000000e+04,nan,nan
6.939800000000000000e+04,nan,nan
6.939900000000000000e+04,nan,nan
6.940000000000000000e+04,nan,nan
6.940100000000000000e+04,nan,nan
6.940200000000000000e+04,nan,nan
6.940300000000000000e+04,nan,nan
6.940400000000000000e+04,nan,nan
6.940500000000000000e+04,nan,nan
6.940600000000000000e+04,nan,nan
6.940700000000000000e+04,nan,nan
6.940800000000000000e+04,nan,nan
6.940900000000000000e+04,nan,nan
6.941000000000000000e+04,nan,nan
6.941100000000000000e+04,nan,nan
6.941200000000000000e+04,nan,nan
6.941300000000000000e+04,nan,nan
6.941400000000000000e+04,nan,nan
6.941500000000000000e+04,nan,nan
6.941600000000000000e+04,nan,nan
6.941700000000000000e+04,nan,nan
6.941800000000000000e+04,nan,nan
6.941900000000000000e+04,nan,nan
