utc_sec,hor_err_m(nan=no solution),ver_err_m
6.538000000000000000e+04,1.900661770095923575e-01,6.506956006468399278e-02
6.538100000000000000e+04,1.810834537540894074e-01,4.741510028811547067e-02
6.538200000000000000e+04,1.910399444814668835e-01,1.304663270597096816e-02
6.538300000000000000e+04,1.869079036699788088e-01,1.161321397198139364e-02
6.538400000000000000e+04,1.788360481477886121e-01,2.694530401969038452e-02
6.538500000000000000e+04,1.670198587097962706e-01,2.783170079704695016e-02
6.538600000000000000e+04,1.491865706513762213e-01,2.617833190663374637e-02
6.538700000000000000e+04,1.380871028549412183e-01,1.151654069777351824e-02
6.538800000000000000e+04,3.376170008598222780e-03,1.700721293289048780e-02
6.538900000000000000e+04,2.964815837806875944e-03,1.972893804720914773e-02
6.539000000000000000e+04,4.626285401928599723e-03,1.936376542689997177e-02
6.539100000000000000e+04,5.993731179268357509e-03,1.881482678577458059e-02
6.539200000000000000e+04,5.965280401294107207e-03,1.963703948408369176e-02
6.539300000000000000e+04,6.060869465950945341e-03,1.918836726208180549e-02
6.539400000000000000e+04,5.498604948495030599e-03,1.872437439496351524e-02
6.539500000000000000e+04,5.960386516881129720e-03,1.698281539273830895e-02
6.539600000000000000e+04,6.242425924548112778e-03,1.645817640193137157e-02
6.539700000000000000e+04,7.932396377765289081e-03,1.030703665141084052e-02
6.539800000000000000e+04,7.330171460669112141e-03,1.254362196463200407e-02
6.539900000000000000e+04,7.020757452478602195e-03,1.269861098952258793e-02
6.540000000000000000e+04,9.610330849408658255e-03,1.330514756148787336e-02
6.540100000000000000e+04,1.007161524657659152e-02,1.260041230207820107e-02
6.540200000000000000e+04,7.398597593249596829e-03,1.497744068179179822e-02
6.540300000000000000e+04,6.867146177574539462e-03,2.485972296798172332e-02
6.540400000000000000e+04,9.702925366306599034e-03,1.603729653479224471e-02
6.540500000000000000e+04,8.685238528241380832e-03,1.010482922711175569e-02
6.540600000000000000e+04,6.441349798115109451e-03,1.207243564472937347e-02
6.540700000000000000e+04,4.931682382719692476e-03,5.685262673747693007e-03
6.540800000000000000e+04,4.714091284005825916e-03,9.023342854769023091e-03
6.540900000000000000e+04,8.981931948290918302e-03,4.721201003361152893e-03
6.541000000000000000e+04,1.646976413097002087e-02,5.166767881416567398e-03
6.541100000000000000e+04,1.182900035056948761e-02,3.519609416643643129e-03
6.541200000000000000e+04,1.446875056227317144e-02,1.678207880162396748e-02
6.541300000000000000e+04,3.823881666855202116e-02,2.699935254068863699e-03
6.541400000000000000e+04,1.929892532547548487e-02,5.106207669964835105e-04
6.541500000000000000e+04,8.581331987345256970e-03,2.812196001327843531e-03
6.541600000000000000e+04,7.602480607560691862e-03,7.219086082783317954e-03
6.541700000000000000e+04,5.096565418662903774e-04,2.565660068388889159e-03
6.541800000000000000e+04,1.278551722906861622e-02,3.459707311697185483e-02
6.541900000000000000e+04,5.641908614703253916e-02,1.145609450683819919e-01
6.542000000000000000e+04,3.100185568142971304e-02,9.476769849316796224e-02
6.542100000000000000e+04,3.274549474585385089e-02,8.116009435900861657e-02
6.542200000000000000e+04,4.229869847187167631e-02,8.796041283684918888e-02
6.542300000000000000e+04,6.704647649726087595e-04,2.070807649740602496e-02
6.542400000000000000e+04,8.733605329872174902e-03,3.355699437114878503e-02
6.542500000000000000e+04,8.378526913186866432e-02,1.476572495718428968e-01
6.542600000000000000e+04,7.323923198037223317e-03,3.458624229486084722e-02
6.542700000000000000e+04,3.316653726889924689e-03,3.828980823502359243e-03
6.542800000000000000e+04,4.399391183950919493e-03,3.882328652540678604e-03
6.542900000000000000e+04,1.184631829749985266e-02,8.039652531250940370e-04
6.543000000000000000e+04,1.181718223589196641e-02,1.494462958635489613e-02
6.543100000000000000e+04,1.068328239554568009e-02,1.536893585223730874e-02
6.543200000000000000e+04,1.276048191996358161e-02,2.976706402409323715e-03
6.543300000000000000e+04,9.289800863824734800e-03,1.206784790910275795e-02
6.543400000000000000e+04,1.009845500547950845e-02,1.248016313220201567e-02
6.543500000000000000e+04,3.581541055176860628e-03,1.490873004240422794e-02
6.543600000000000000e+04,3.425158852533988479e-03,1.021468446672746389e-02
6.543700000000000000e+04,1.041525683983194478e-02,3.427146546917692049e-02
6.543800000000000000e+04,2.529207509881666732e-03,1.900866671252376960e-02
6.543900000000000000e+04,3.878124820291869307e-03,1.247727171480605968e-02
6.544000000000000000e+04,3.588073208302560747e-03,1.446570454317552823e-02
6.544100000000000000e+04,5.616249016273322341e-03,4.110426420075530274e-03
6.544200000000000000e+04,4.947508124445172684e-03,2.142170498446394067e-02
6.544300000000000000e+04,9.592850227953282974e-03,9.155804452283256012e-04
6.544400000000000000e+04,6.717656720242643105e-03,1.740500000879235953e-02
6.544500000000000000e+04,2.487007019958890723e-03,2.065861858620010594e-02
6.544600000000000000e+04,3.827135617363819093e-03,4.321838730199173417e-03
6.544700000000000000e+04,5.233284271164651003e-03,1.324476687603468039e-02
6.544800000000000000e+04,4.328632855000472124e-03,1.760373161992957736e-02
6.544900000000000000e+04,3.138887460237499948e-03,1.559902581286128076e-02
6.545000000000000000e+04,5.204423351594561313e-03,1.298423593002473453e-03
6.545100000000000000e+04,4.387949345350941784e-03,7.914654557859002182e-04
6.545200000000000000e+04,5.423452877276690141e-03,2.084570859820000788e-03
6.545300000000000000e+04,6.085793631261408529e-03,1.231493825999588343e-03
6.545400000000000000e+04,6.092493018889342388e-03,5.940458970901674185e-04
6.545500000000000000e+04,5.586053507212172982e-03,7.625807521509930798e-04
6.545600000000000000e+04,5.156565503716956274e-03,1.570484038073957644e-03
6.545700000000000000e+04,4.004884153045645823e-03,6.719099428016996056e-03
6.545800000000000000e+04,4.924808335782820956e-03,6.408325422977256824e-03
6.545900000000000000e+04,6.120505647757652247e-03,3.003494953700114323e-03
6.546000000000000000e+04,1.083064040522235816e-02,5.453391248790178704e-04
6.546100000000000000e+04,9.230608803258991829e-03,8.969975533686239989e-04
6.546200000000000000e+04,7.932850143518443628e-03,5.090568488892411973e-03
6.546300000000000000e+04,8.685760647966675810e-03,6.433485956789136706e-03
6.546400000000000000e+04,9.571901268248477965e-03,4.621483242331098779e-03
6.546500000000000000e+04,8.001028853373183189e-03,1.040816829153573542e-02
6.546600000000000000e+04,6.269988324344747885e-03,1.641843192515768379e-02
6.546700000000000000e+04,1.213644796596550883e-02,1.161474550467089806e-02
6.546800000000000000e+04,8.448893930690612106e-03,1.839702706134971333e-02
6.546900000000000000e+04,5.646441126649240014e-03,4.045761861268926118e-03
6.547000000000000000e+04,3.334659301568298345e-03,2.762678797257289709e-02
6.547100000000000000e+04,3.609944332383069766e-03,2.456796475359901422e-02
6.547200000000000000e+04,8.910036043076389328e-03,1.141147217667271008e-02
6.547300000000000000e+04,7.943678274298093811e-03,5.288834104472339703e-03
6.547400000000000000e+04,5.704355729243104633e-03,1.426034644064833046e-02
6.547500000000000000e+04,4.688974350768165648e-03,1.104955540586161078e-02
6.547600000000000000e+04,3.799927012577360846e-03,1.988405364199330450e-02
6.547700000000000000e+04,1.672397825205178008e-03,2.136504077297640691e-02
6.547800000000000000e+04,1.850113803482587339e-03,1.726450946603197423e-02
6.547900000000000000e+04,1.527152016178343974e-03,6.491385787402492724e-03
6.548000000000000000e+04,5.057813420008939499e-03,3.229423769523798171e-02
6.548100000000000000e+04,5.576283866123679309e-03,3.208563534262420802e-02
6.548200000000000000e+04,3.250340386807261134e-03,3.419204256648100682e-03
6.548300000000000000e+04,3.265100757185119239e-03,1.794743206412974246e-02
6.548400000000000000e+04,2.980681622106420414e-03,2.784146926644837094e-02
6.548500000000000000e+04,2.824277285713380076e-03,1.937402519757469577e-02
6.548600000000000000e+04,7.824381502755949763e-03,2.145470989593967204e-02
6.548700000000000000e+04,9.282168132343990297e-03,3.286721403195613789e-02
6.548800000000000000e+04,1.304545359147694927e-02,2.685434937872877015e-02
6.548900000000000000e+04,1.359621349696033855e-02,1.326631992787241643e-02
6.549000000000000000e+04,1.199522394638427580e-02,9.882253312021305192e-05
6.549100000000000000e+04,8.472731396376779328e-03,3.014185354007281603e-02
6.549200000000000000e+04,8.765776040610104985e-03,4.688434023966792097e-03
6.549300000000000000e+04,5.526052300513747614e-03,1.057977286585298771e-03
6.549400000000000000e+04,6.833208323662278739e-03,6.553332568605796382e-03
6.549500000000000000e+04,3.693913304085120423e-03,1.370849553767072848e-02
6.549600000000000000e+04,3.774746909706963235e-03,9.721104175518746615e-03
6.549700000000000000e+04,1.666759855317771115e-03,5.730381028106634744e-03
6.549800000000000000e+04,4.457153459887129403e-03,5.866758293022300563e-03
6.549900000000000000e+04,4.459781370775080245e-03,7.037665946356241875e-03
6.550000000000000000e+04,6.298659405498989276e-03,1.686622302618623337e-02
6.550100000000000000e+04,6.294902937922025425e-03,1.147832763577305570e-02
6.550200000000000000e+04,5.377176119219656721e-03,2.536948073947442595e-03
6.550300000000000000e+04,4.408208664503744829e-03,2.815329373584418704e-03
6.550400000000000000e+04,5.307255813196938045e-03,3.001628447211857065e-03
6.550500000000000000e+04,6.469315909831724505e-04,2.141830611933315254e-02
6.550600000000000000e+04,2.340868827152439713e-03,3.430231621549495458e-02
6.550700000000000000e+04,8.689492760115461942e-03,1.526447341016101689e-02
6.550800000000000000e+04,2.509288211738946398e-03,2.314844840082663779e-02
6.550900000000000000e+04,6.628841759160498254e-03,3.503301426463423240e-02
6.551000000000000000e+04,6.808137183712002771e-03,2.262373013430263313e-02
6.551100000000000000e+04,8.102060064282436483e-03,1.196071075623095226e-02
6.551200000000000000e+04,1.015766429984450367e-02,2.216131591873882201e-02
6.551300000000000000e+04,6.691258984133637705e-03,2.332176898212878768e-02
6.551400000000000000e+04,4.943379006065870378e-03,8.088998208769737630e-03
6.551500000000000000e+04,1.109881184517679670e-02,2.266058719624552964e-02
6.551600000000000000e+04,3.068983121197473019e-03,2.971778183674089746e-02
6.551700000000000000e+04,5.102243600256952880e-03,3.078264772958050344e-02
6.551800000000000000e+04,1.397571816995562752e-02,8.993210067888668391e-03
6.551900000000000000e+04,3.011652650430239261e-03,1.655521026244599625e-02
6.552000000000000000e+04,2.335104444578433268e-03,2.390826627788555925e-03
6.552100000000000000e+04,2.008748543858944295e-03,8.374276560360272015e-03
6.552200000000000000e+04,5.005964375479081754e-03,1.092938922018049652e-02
6.552300000000000000e+04,2.646683273312864897e-03,9.830357064359418473e-03
6.552400000000000000e+04,5.993772698348892244e-03,1.317142448204577931e-03
6.552500000000000000e+04,6.953116148338640487e-03,1.654900112040280646e-03
6.552600000000000000e+04,1.137531983703833627e-02,5.410732853622590710e-03
6.552700000000000000e+04,1.408236549524490011e-02,3.819264479972162007e-02
6.552800000000000000e+04,6.356691171451083616e-03,1.054255983387264450e-02
6.552900000000000000e+04,2.643466105626557112e-03,2.434656890975617216e-02
6.553000000000000000e+04,5.054610067840578820e-03,3.862768305602060082e-03
6.553100000000000000e+04,3.082151181759481152e-03,3.806217745005113784e-03
6.553200000000000000e+04,3.730329693427324352e-03,1.205604624036737960e-03
6.553300000000000000e+04,3.748224373866600959e-03,1.524465336014912964e-03
6.553400000000000000e+04,3.785173679255340092e-03,4.875934731220610274e-03
6.553500000000000000e+04,3.673197174754829972e-03,6.610341015889531491e-03
6.553600000000000000e+04,4.593008703502350111e-03,6.985205792894078058e-03
6.553700000000000000e+04,4.654198103249243372e-03,6.932406828408232968e-03
6.553800000000000000e+04,6.079616966851549703e-03,6.842509282613207233e-03
6.553900000000000000e+04,5.633561982461910908e-03,7.259925181390514126e-03
6.554000000000000000e+04,3.303929734113258618e-03,6.347282741703708098e-03
6.554100000000000000e+04,3.083045310683417330e-03,6.425225460461092553e-03
6.554200000000000000e+04,2.161389385447867306e-03,4.037725569027372785e-03
6.554300000000000000e+04,5.140062028449444119e-04,4.921729034556676652e-03
6.554400000000000000e+04,8.525325764017137146e-04,3.660303807958342759e-03
6.554500000000000000e+04,3.593176650926029666e-03,8.820234148370076355e-03
6.554600000000000000e+04,5.600840865956969485e-03,1.584296683717312249e-02
6.554700000000000000e+04,6.495241610302095875e-03,1.462769441857858510e-03
6.554800000000000000e+04,3.930458458034347125e-02,9.003802577340280777e-02
6.554900000000000000e+04,1.559437952853620982e-02,3.555421050905493985e-02
6.555000000000000000e+04,1.032168860896305086e-02,3.036596611099895426e-03
6.555100000000000000e+04,8.453440985359148008e-03,2.165677504986263102e-02
6.555200000000000000e+04,1.152217893710349821e-02,1.953305818384976078e-02
6.555300000000000000e+04,4.218985956090205713e-02,3.608247689409083137e-02
6.555400000000000000e+04,3.638263964264789631e-03,2.696978899201241120e-02
6.555500000000000000e+04,9.029740660056973997e-03,1.064275495377486891e-02
6.555600000000000000e+04,3.263703761000320142e-02,5.285311072510978647e-02
6.555700000000000000e+04,5.404679826895845973e-02,9.734774033572790586e-02
6.555800000000000000e+04,2.323199222599811251e-02,1.380647034114090843e-02
6.555900000000000000e+04,7.962827473642766773e-02,1.080310022236226075e-01
6.556000000000000000e+04,1.945454114301389259e-01,2.852465679286417810e-01
6.556100000000000000e+04,1.267980562774420061e-01,5.192009078003714251e-01
6.556200000000000000e+04,9.129776767311782448e-01,9.109180633707012475e-01
6.556300000000000000e+04,1.049863455881730134e+00,7.072613263084743807e-01
6.556400000000000000e+04,1.049410155531999456e+00,3.194169231298200629e-01
6.556500000000000000e+04,1.101265579450196652e+00,2.927828692027478752e-01
6.556600000000000000e+04,1.165623059507060022e+00,7.801243231041254944e-02
6.556700000000000000e+04,1.195625165442199433e+00,6.425840619062483938e-02
6.556800000000000000e+04,1.200601137043900701e+00,3.567995058545747611e-02
6.556900000000000000e+04,1.178067905322178088e+00,2.936404996068553430e-02
6.557000000000000000e+04,1.160935092043864358e+00,4.156944812196705641e-02
6.557100000000000000e+04,1.167684803209536160e+00,2.680241155760754168e-02
6.557200000000000000e+04,1.162001693348289288e+00,2.735508457356949918e-02
6.557300000000000000e+04,1.165967715820095618e+00,7.937457386249846536e-03
6.557400000000000000e+04,1.170936339029760909e+00,8.307806533506578717e-02
6.557500000000000000e+04,1.174500563645961115e+00,2.722014783790349668e-02
6.557600000000000000e+04,1.188101901468302524e+00,2.720824426495127568e-03
6.557700000000000000e+04,1.181464503316250747e+00,4.489362797408347205e-02
6.557800000000000000e+04,1.163485162877290424e+00,3.311304679027315956e-02
6.557900000000000000e+04,1.167318872897992188e+00,1.557535388929309761e-02
6.558000000000000000e+04,1.166427876333558045e+00,2.691532861986090097e-03
6.558100000000000000e+04,1.156611600168294007e+00,2.373979136479853480e-02
6.558200000000000000e+04,1.160963312880193277e+00,3.133024870044920362e-02
6.558300000000000000e+04,1.168434818584157542e+00,2.983430481430282555e-02
6.558400000000000000e+04,1.164862481772886760e+00,5.195870647460942848e-02
6.558500000000000000e+04,1.165412560271266162e+00,6.327412180752389759e-02
6.558600000000000000e+04,1.165947221163753156e+00,5.007573747436566691e-02
6.558700000000000000e+04,1.166583992229076383e+00,4.542742021098966632e-02
6.558800000000000000e+04,1.172240633454622705e+00,3.700040225042044995e-02
6.558900000000000000e+04,1.157713304283010558e+00,1.134244288309336213e-01
6.559000000000000000e+04,1.170673400186623248e+00,6.085106525240924213e-02
6.559100000000000000e+04,1.173474797404153946e+00,4.617336740749777846e-02
6.559200000000000000e+04,1.168341416126185583e+00,3.659814859969223733e-02
6.559300000000000000e+04,1.129845038710837857e+00,8.750848030549107648e-02
6.559400000000000000e+04,1.144986993567348232e+00,3.138811925236417721e-02
6.559500000000000000e+04,1.130100907897422013e+00,4.244431487450839313e-02
6.559600000000000000e+04,1.140395600607943871e+00,2.056265721302885652e-02
6.559700000000000000e+04,1.086510836722626383e+00,2.509398413408696626e-01
6.559800000000000000e+04,1.101717656088454733e+00,2.055504422094145411e-01
6.559900000000000000e+04,1.122317784090094195e+00,1.181495457758288126e-01
6.560000000000000000e+04,1.144680272534547072e+00,3.814668316082503452e-02
6.560100000000000000e+04,1.139848366193157103e+00,9.082039123790863755e-02
6.560200000000000000e+04,1.202531728121146726e+00,1.922181410303487326e-01
6.560300000000000000e+04,1.186346404885074923e+00,5.451726688015057221e-02
6.560400000000000000e+04,1.107536996338109425e+00,4.017456652543245355e-01
6.560500000000000000e+04,1.089894680453484144e+00,5.409095648445738647e-01
6.560600000000000000e+04,1.084012862713503944e+00,4.924218604584158498e-01
6.560700000000000000e+04,1.099725178717245289e+00,5.338588791854537163e-01
6.560800000000000000e+04,1.109559063764586018e+00,5.319567014608956868e-01
6.560900000000000000e+04,1.108689480405281147e+00,5.974865409385898829e-01
6.561000000000000000e+04,1.113805682724719137e+00,6.456078191578935588e-01
6.561100000000000000e+04,1.119335740827730685e+00,7.070532399650897304e-01
6.561200000000000000e+04,1.124545365499407312e+00,7.238818427964179847e-01
6.561300000000000000e+04,1.215537852762072824e+00,3.299450734524089768e-01
6.561400000000000000e+04,1.225999504344939650e+00,2.342067554200326640e-01
6.561500000000000000e+04,1.226376095420792955e+00,2.014349095968732684e-01
6.561600000000000000e+04,1.222378171724047391e+00,1.874143042944353965e-01
6.561700000000000000e+04,1.220896137629599254e+00,1.650673935471509424e-01
6.561800000000000000e+04,1.219781925147714885e+00,1.582254916096026420e-01
6.561900000000000000e+04,1.213571040808034018e+00,1.645873556591297415e-01
6.562000000000000000e+04,1.214514351269647907e+00,1.558215337108066478e-01
6.562100000000000000e+04,1.215969455914701403e+00,1.486768438079550947e-01
6.562200000000000000e+04,1.224829636307434022e+00,2.201457988275485889e-01
6.562300000000000000e+04,1.215172806116133319e+00,1.555857213526223859e-01
6.562400000000000000e+04,1.220387450963190901e+00,1.205277569050480224e-01
6.562500000000000000e+04,1.239579653135408188e+00,1.168961807159476507e-01
6.562600000000000000e+04,1.234286510616221966e+00,1.006935438974991825e-01
6.562700000000000000e+04,1.224907279395060167e+00,6.315405042609256725e-02
6.562800000000000000e+04,1.225326636322984886e+00,5.255255963387739371e-02
6.562900000000000000e+04,1.232145102211719356e+00,3.904268723822212905e-03
6.563000000000000000e+04,1.234622363953225443e+00,2.149139540966160666e-02
6.563100000000000000e+04,1.241786916284098430e+00,2.093912456499467112e-01
6.563200000000000000e+04,1.245578516810542880e+00,2.785669925253486667e-01
6.563300000000000000e+04,1.251051668439884246e+00,2.957238335204870339e-01
6.563400000000000000e+04,1.247798776516980235e+00,3.309013728694267797e-01
6.563500000000000000e+04,1.254302011891080593e+00,3.546181933417571486e-01
6.563600000000000000e+04,1.263112637564588026e+00,3.753407411331615151e-01
6.563700000000000000e+04,1.266304082526047425e+00,3.947050136650886998e-01
6.563800000000000000e+04,1.276703755861319900e+00,4.082661896709360860e-01
6.563900000000000000e+04,1.281259239075429157e+00,4.204039384916846700e-01
6.564000000000000000e+04,1.281179402419698521e+00,4.183737421511253274e-01
6.564100000000000000e+04,1.287494834306686320e+00,4.443328717481946910e-01
6.564200000000000000e+04,1.303221660758160594e+00,4.543994681733565244e-01
6.564300000000000000e+04,1.299307736504363486e+00,4.607818187070975569e-01
6.564400000000000000e+04,1.297873431532293731e+00,4.691074881221908299e-01
6.564500000000000000e+04,1.304680992206488366e+00,4.796993134713893880e-01
6.564600000000000000e+04,1.305271291042955140e+00,4.590687831037030264e-01
6.564700000000000000e+04,1.305430275702369247e+00,4.656976465681452737e-01
6.564800000000000000e+04,1.306473815020216422e+00,4.947030707722532838e-01
6.564900000000000000e+04,1.288222385082654187e+00,4.851127478011854066e-01
6.565000000000000000e+04,1.291160455815216324e+00,4.556892768534375193e-01
6.565100000000000000e+04,1.291123199660709986e+00,4.398124115283579272e-01
6.565200000000000000e+04,1.292322991599140547e+00,4.480988048157463766e-01
6.565300000000000000e+04,1.289612799507550589e+00,4.591416411153623756e-01
6.565400000000000000e+04,1.295464410126573540e+00,4.599592399028509249e-01
6.565500000000000000e+04,1.297299826973500991e+00,4.624210937654780196e-01
6.565600000000000000e+04,1.309339359610884879e+00,4.758003903067979934e-01
6.565700000000000000e+04,1.291511711836177856e+00,4.577493863082828796e-01
6.565800000000000000e+04,1.278332709312730131e+00,4.740207775626927855e-01
6.565900000000000000e+04,1.218798198975825420e+00,5.750871705830888914e-01
6.566000000000000000e+04,1.294057997485878575e+00,6.385029069481475972e-01
6.566100000000000000e+04,1.253248847958265744e+00,7.074850941614307942e-01
6.566200000000000000e+04,1.253310992289551784e+00,6.727046766036721692e-01
6.566300000000000000e+04,1.254622273300683988e+00,6.134174993235035345e-01
6.566400000000000000e+04,1.129775062965205468e+00,7.072772851301394326e-01
6.566500000000000000e+04,7.199141106982659410e-01,5.056351724711038997e-01
6.566600000000000000e+04,1.375749619309305283e+00,2.490383727593208363e-01
6.566700000000000000e+04,5.569658592307665801e-01,2.250956291986181412e-01
6.566800000000000000e+04,8.197598498882031626e-01,2.768236740272502772e-01
6.566900000000000000e+04,8.409986442920759364e-01,3.151408448210659685e-01
6.567000000000000000e+04,8.298503615326742189e-01,3.279800005197550661e-01
6.567100000000000000e+04,1.555992698269447860e+00,1.151842600255498894e+00
6.567200000000000000e+04,1.546073090451111298e+00,1.140517882662791749e+00
6.567300000000000000e+04,1.535061618132916195e+00,1.127947864403173739e+00
6.567400000000000000e+04,1.538298026196974977e+00,1.154760134990768350e+00
6.567500000000000000e+04,1.544270702521639560e+00,1.160189641425462881e+00
6.567600000000000000e+04,1.547648071411935167e+00,1.156676305679461336e+00
6.567700000000000000e+04,1.556165080803885159e+00,1.173976494617317456e+00
6.567800000000000000e+04,1.568625618658417320e+00,1.252930836502242684e+00
6.567900000000000000e+04,1.573598713727620613e+00,1.245292331541422826e+00
6.568000000000000000e+04,1.570060108941986110e+00,1.248361245481664383e+00
6.568100000000000000e+04,1.567283419556417146e+00,1.246517182189911921e+00
6.568200000000000000e+04,1.567193225974046866e+00,1.246748908480718399e+00
6.568300000000000000e+04,1.562150229869382567e+00,1.237004828756083086e+00
6.568400000000000000e+04,1.563423219361171679e+00,1.251894413089431168e+00
6.568500000000000000e+04,1.608457592100037026e+00,1.341546823249139209e+00
6.568600000000000000e+04,1.580166812587269876e+00,1.323952302951747484e+00
6.568700000000000000e+04,1.573704241300542206e+00,1.302495469245197768e+00
6.568800000000000000e+04,1.570859997191415447e+00,1.286946123622036531e+00
6.568900000000000000e+04,1.563074818809809141e+00,1.337859471469817763e+00
6.569000000000000000e+04,1.553545585776116233e+00,1.276305258127921505e+00
6.569100000000000000e+04,1.557824851732795501e+00,1.354852482691065063e+00
6.569200000000000000e+04,1.593346116990379979e+00,1.471749557297587163e+00
6.569300000000000000e+04,1.577112723966878072e+00,1.414553776058008694e+00
6.569400000000000000e+04,1.568097151662910527e+00,1.375961974559601897e+00
6.569500000000000000e+04,1.557359626515833151e+00,1.310371171407484159e+00
6.569600000000000000e+04,1.552658202706834745e+00,1.295027744460929719e+00
6.569700000000000000e+04,1.543557696146867553e+00,1.292091503368952843e+00
6.569800000000000000e+04,1.540844004823649582e+00,1.275543614151709804e+00
6.569900000000000000e+04,1.532906775311163594e+00,1.240140227629077163e+00
6.570000000000000000e+04,1.523064152172783903e+00,1.221132693721388218e+00
6.570100000000000000e+04,1.511792145100102402e+00,1.209126073103315546e+00
6.570200000000000000e+04,1.511575213651377592e+00,1.230575892800574334e+00
6.570300000000000000e+04,1.511001413293902029e+00,1.264316969662644619e+00
6.570400000000000000e+04,1.509409555744599452e+00,1.267468887716479475e+00
6.570500000000000000e+04,1.516040967428916142e+00,1.234677259525865489e+00
6.570600000000000000e+04,1.483849255666281897e+00,1.200270427534474438e+00
6.570700000000000000e+04,1.548001241256315996e+00,1.288713337906695067e+00
6.570800000000000000e+04,1.486802191303866927e+00,1.262408071610929605e+00
6.570900000000000000e+04,1.482273784521746185e+00,1.234876071993969093e+00
6.571000000000000000e+04,1.471252069551870489e+00,1.216086102130040425e+00
6.571100000000000000e+04,1.464173850938344623e+00,1.203625237760141964e+00
6.571200000000000000e+04,1.452263079899787090e+00,1.188690003321006161e+00
6.571300000000000000e+04,1.440675310209843518e+00,1.172465291811328747e+00
6.571400000000000000e+04,1.425680462093275258e+00,1.163188460599635876e+00
6.571500000000000000e+04,1.413744931343840161e+00,1.152861312968860297e+00
6.571600000000000000e+04,1.398271251490158740e+00,1.132316446338520022e+00
6.571700000000000000e+04,1.396713178906181740e+00,1.124712853195635409e+00
6.571800000000000000e+04,1.393308430833157363e+00,1.120039274968649634e+00
6.571900000000000000e+04,1.412092778858150988e+00,1.141496176092084980e+00
6.572000000000000000e+04,1.392399270729881122e+00,1.149893983454923996e+00
6.572100000000000000e+04,1.370487074199178812e+00,1.136115605598420508e+00
6.572200000000000000e+04,1.353244038698823148e+00,1.120636951324468056e+00
6.572300000000000000e+04,1.338076323655549738e+00,1.115263052855570258e+00
6.572400000000000000e+04,1.322292716780191446e+00,1.114122009451671946e+00
6.572500000000000000e+04,1.302465652336865176e+00,1.129117670318287914e+00
6.572600000000000000e+04,1.285931595460136245e+00,1.075619507979842737e+00
6.572700000000000000e+04,1.280197228061415782e+00,1.045787300593003399e+00
6.572800000000000000e+04,1.264095881767371976e+00,1.043646212368003701e+00
6.572900000000000000e+04,1.252942788182501044e+00,1.085023119254292956e+00
6.573000000000000000e+04,1.252411965572769459e+00,1.084577267894772268e+00
6.573100000000000000e+04,1.230679766527329022e+00,1.070342794228457795e+00
6.573200000000000000e+04,1.220500477266736716e+00,1.050364516817783311e+00
6.573300000000000000e+04,1.147264571514309717e+00,9.704864942214093126e-01
6.573400000000000000e+04,1.081390344607810583e+00,9.106067437836715683e-01
6.573500000000000000e+04,1.078552813689368284e+00,9.119093360453680575e-01
6.573600000000000000e+04,1.075844903889195736e+00,9.340074737166310648e-01
6.573700000000000000e+04,1.288202365690102047e+00,1.331144086429199236e+00
6.573800000000000000e+04,1.339562305976973455e+00,1.316525589106360306e+00
6.573900000000000000e+04,1.298986349462840861e+00,1.277338579707893995e+00
6.574000000000000000e+04,1.272157814649774732e+00,1.214140185522120774e+00
6.574100000000000000e+04,1.174858659749677736e+00,1.173595830976167598e+00
6.574200000000000000e+04,1.122069205467663533e+00,1.158405544574855117e+00
6.574300000000000000e+04,1.090403505706855292e+00,1.160016282218975014e+00
6.574400000000000000e+04,1.057714040546076317e+00,1.147466834372945499e+00
6.574500000000000000e+04,1.032801543590683657e+00,1.129635712662782510e+00
6.574600000000000000e+04,1.005337943031661796e+00,1.109239391393329610e+00
6.574700000000000000e+04,9.860842015108703951e-01,1.078235416952019410e+00
6.574800000000000000e+04,9.604775577941366826e-01,1.048557782502111069e+00
6.574900000000000000e+04,9.380970997170426928e-01,1.039346464486780475e+00
6.575000000000000000e+04,9.187615794642607359e-01,1.032593569975334580e+00
6.575100000000000000e+04,8.959897202327352650e-01,1.017113056119009151e+00
6.575200000000000000e+04,8.799164876021876580e-01,9.965971433319654738e-01
6.575300000000000000e+04,8.632784414225654901e-01,9.820423888816985913e-01
6.575400000000000000e+04,8.450473222705915388e-01,9.622484492615177576e-01
6.575500000000000000e+04,8.270365989968870846e-01,9.452076552476200710e-01
6.575600000000000000e+04,8.145291489721097067e-01,9.162530353563311802e-01
6.575700000000000000e+04,8.031031720418243536e-01,8.922957321623908866e-01
6.575800000000000000e+04,7.938847690030598203e-01,8.843210647895078935e-01
6.575900000000000000e+04,7.836600976949078534e-01,8.713830166575515790e-01
6.576000000000000000e+04,7.764103144587588545e-01,8.572163589518562166e-01
6.576100000000000000e+04,7.741191289627531447e-01,8.594775343431617642e-01
6.576200000000000000e+04,7.568566332045932876e-01,8.530232540513512651e-01
6.576300000000000000e+04,7.334240885713596558e-01,8.381917654331019207e-01
6.576400000000000000e+04,8.272443275423579934e-01,6.620147266033680200e-01
6.576500000000000000e+04,6.875184590658852679e-01,3.563391725622229167e-01
6.576600000000000000e+04,6.848241230406703073e-01,3.895873705113255814e-01
6.576700000000000000e+04,1.091358482373280925e+00,5.567766332928915096e-01
6.576800000000000000e+04,1.020462719565245591e+00,6.142626512061374333e-01
6.576900000000000000e+04,1.054884002739171711e+00,6.386465644263102925e-01
6.577000000000000000e+04,1.077626048233472966e+00,6.416438382697874365e-01
6.577100000000000000e+04,1.068247073333355113e+00,6.302289225930061134e-01
6.577200000000000000e+04,1.064888847322439158e+00,6.286025980085800935e-01
6.577300000000000000e+04,1.076033415784054537e+00,5.156623683056822394e-01
6.577400000000000000e+04,1.075040694081517367e+00,5.326423901922808790e-01
6.577500000000000000e+04,1.024133223001469029e+00,6.332552604805217200e-01
6.577600000000000000e+04,1.001539611129107943e+00,6.653185276393114300e-01
6.577700000000000000e+04,9.727138830266609526e-01,6.926654929495951185e-01
6.577800000000000000e+04,9.504092926448335366e-01,7.121589774281088525e-01
6.577900000000000000e+04,9.738370563978445693e-01,7.716723396651725686e-01
6.578000000000000000e+04,9.244364710407050323e-01,7.730587821604174570e-01
6.578100000000000000e+04,6.709880664443242937e-01,1.008716911769255375e+00
6.578200000000000000e+04,8.935904651342863048e-01,1.134881160287737334e+00
6.578300000000000000e+04,8.546635310682567654e-01,9.456120424793541535e-01
6.578400000000000000e+04,8.296855708017246700e-01,8.336749370082583432e-01
6.578500000000000000e+04,9.371427689151623497e-01,1.114985891618323954e+00
6.578600000000000000e+04,9.464456877711010518e-01,1.172112075391512409e+00
6.578700000000000000e+04,1.622691767394068396e+00,1.606335501233393082e+00
6.578800000000000000e+04,1.052796585252349981e+00,1.453819387420568932e+00
6.578900000000000000e+04,1.000436454469651126e+00,1.320877101070273563e+00
6.579000000000000000e+04,1.030361848624996135e+00,1.277530166443124671e+00
6.579100000000000000e+04,9.921006812457773272e-01,1.197712940398688364e+00
6.579200000000000000e+04,1.004324812422829671e+00,1.183408003700230582e+00
6.579300000000000000e+04,1.009315677190659510e+00,1.180785776840295176e+00
6.579400000000000000e+04,1.010595987978861965e+00,1.180148142998402649e+00
6.579500000000000000e+04,1.002480625294518868e+00,1.177848274516029248e+00
6.579600000000000000e+04,9.924494628887280401e-01,1.161680742107812581e+00
6.579700000000000000e+04,9.861074749096709890e-01,1.151174280598598942e+00
6.579800000000000000e+04,9.850507292175620933e-01,1.138671979006870671e+00
6.579900000000000000e+04,9.735172620329896054e-01,1.116553122213939986e+00
6.580000000000000000e+04,9.685906166896460778e-01,1.119040086212938157e+00
6.580100000000000000e+04,9.637488023611000543e-01,1.109809212759453434e+00
6.580200000000000000e+04,9.641309079099672497e-01,1.158523099145342350e+00
6.580300000000000000e+04,1.200963144540005169e-02,5.028148079539329629e-02
6.580400000000000000e+04,6.317508236210572781e-02,2.179084252987992798e-01
6.580500000000000000e+04,7.276136944727128186e-02,2.903403766107262030e-01
6.580600000000000000e+04,1.166117915672525672e-02,1.129326057507000769e-01
6.580700000000000000e+04,3.328961954072606061e-02,7.122875142629636613e-02
6.580800000000000000e+04,2.053955179134291792e-02,4.510910549926983037e-02
6.580900000000000000e+04,2.250732797406208852e-02,1.067044057996380246e-02
6.581000000000000000e+04,1.174800855248630052e-02,2.758326650546205627e-03
6.581100000000000000e+04,1.497533967606671026e-02,3.431828432763239789e-02
6.581200000000000000e+04,3.522098295374654492e-02,6.336406007838846222e-02
6.581300000000000000e+04,3.091479112904486903e-02,7.238701714812867394e-02
6.581400000000000000e+04,4.089023914646147673e-02,2.930800975772429595e-02
6.581500000000000000e+04,2.076344387704282674e-02,1.344563140393661982e-02
6.581600000000000000e+04,7.954791532249297706e-03,1.476149127781800630e-02
6.581700000000000000e+04,1.309725645853804070e-02,4.615765648708114455e-02
6.581800000000000000e+04,1.305499924711397454e-02,7.943093479299045967e-02
6.581900000000000000e+04,1.072812386101064212e-02,7.604930225679940037e-02
6.582000000000000000e+04,8.527814679402750953e-03,2.776883531891272128e-02
6.582100000000000000e+04,1.170573886447195087e-02,8.432850294367355559e-03
6.582200000000000000e+04,9.310728171072944759e-03,3.415848561697476526e-02
6.582300000000000000e+04,5.120404244251921914e-03,3.662529453795482226e-02
6.582400000000000000e+04,3.038663661463659061e-03,2.115219165422566050e-03
6.582500000000000000e+04,2.405205061093225807e-02,4.299452716396601204e-02
6.582600000000000000e+04,2.392254611211513948e-02,2.912340148628711489e-02
6.582700000000000000e+04,4.546878249841340702e-02,3.858557088552938552e-02
6.582800000000000000e+04,3.580773381020422447e-02,5.745074693201246419e-02
6.582900000000000000e+04,9.680141787051063651e-02,9.425569201122607765e-02
6.583000000000000000e+04,9.221887819418067567e-02,4.921447852264382306e-02
6.583100000000000000e+04,8.686093724469602650e-02,4.586302509002537775e-02
6.583200000000000000e+04,9.224888537905370778e-02,5.454763736907430882e-02
6.583300000000000000e+04,8.775691354181151815e-02,5.946751138193961950e-02
6.583400000000000000e+04,6.589156853978762884e-02,1.683602155230303765e-01
6.583500000000000000e+04,6.800363887650696937e-02,1.530220288022010600e-01
6.583600000000000000e+04,3.251096664193397351e-02,9.375074215836942670e-02
6.583700000000000000e+04,4.619414458799018380e-02,9.818401946895161103e-02
6.583800000000000000e+04,3.098831103639783716e-02,8.758305139732858180e-02
6.583900000000000000e+04,2.786948038365914815e-02,1.841498941292698532e-01
6.584000000000000000e+04,2.147237746769561223e-02,1.137796559912813699e-01
6.584100000000000000e+04,8.715326439173106537e-03,4.817129426696276084e-02
6.584200000000000000e+04,1.869822094558426864e-02,2.984462264468756842e-02
6.584300000000000000e+04,1.584592739612061818e-01,1.734484842400783045e-01
6.584400000000000000e+04,3.447036515268381840e-01,2.767594931057471008e-01
6.584500000000000000e+04,1.689318742347649394e-01,2.212897057849345650e-01
6.584600000000000000e+04,9.683374636745549491e-02,1.320759457028799488e-01
6.584700000000000000e+04,7.758234204434455439e-02,8.567461870098957988e-02
6.584800000000000000e+04,1.458986552136892212e-01,2.410810176307638386e-01
6.584900000000000000e+04,1.420953470303432942e-01,2.546707105902785706e-01
6.585000000000000000e+04,1.379366566728723043e-01,3.046176033774976588e-01
6.585100000000000000e+04,1.075771814467310072e-01,2.293547895508250001e-01
6.585200000000000000e+04,1.428566342866904315e-01,3.104926041633482292e-01
6.585300000000000000e+04,1.880096385386499092e-01,3.428132054151449282e-01
6.585400000000000000e+04,2.186854640672920014e-01,3.586312895829371072e-01
6.585500000000000000e+04,2.152646920373533779e-01,4.096272059297820789e-01
6.585600000000000000e+04,2.414837407240917333e-01,5.081228625181606340e-01
6.585700000000000000e+04,3.508940180331715508e-01,7.410540113828250064e-01
6.585800000000000000e+04,3.669780996386957650e-01,7.974169071254761931e-01
6.585900000000000000e+04,3.534494802972311667e-01,7.435487796293585028e-01
6.586000000000000000e+04,3.429198174182157000e-01,7.105484190139899070e-01
6.586100000000000000e+04,3.497453120984235220e-01,6.542339133311321220e-01
6.586200000000000000e+04,2.673001027327118750e-01,4.924066858410922620e-01
6.586300000000000000e+04,2.756253605618973479e-01,5.086991662791242597e-01
6.586400000000000000e+04,2.606987147108619784e-01,5.132187703454937910e-01
6.586500000000000000e+04,4.017960156539999717e-01,7.754919206271360110e-01
6.586600000000000000e+04,3.999098871830498725e-01,6.656425076143150932e-01
6.586700000000000000e+04,4.025161488613936411e-01,7.094770550365216977e-01
6.586800000000000000e+04,3.684066991113651990e-01,7.620273410666338343e-01
6.586900000000000000e+04,3.443144577608999723e-01,9.383022685177386801e-01
6.587000000000000000e+04,3.480837034804313834e-01,9.023343669534293898e-01
6.587100000000000000e+04,3.971269667344419774e-01,8.169723924189999931e-01
6.587200000000000000e+04,4.716457304777736392e-01,8.179123359969353579e-01
6.587300000000000000e+04,4.890613466958356192e-01,7.599050688195720937e-01
6.587400000000000000e+04,4.840911761401619495e-01,7.265092165775661748e-01
6.587500000000000000e+04,5.255517889835402690e-01,7.580688961596659947e-01
6.587600000000000000e+04,5.019775679719068462e-01,7.395562899956720226e-01
6.587700000000000000e+04,4.952052020621885431e-01,7.683849163374081304e-01
6.587800000000000000e+04,4.973328509584435952e-01,7.812624818626143774e-01
6.587900000000000000e+04,4.931099186776947696e-01,8.122854270492674278e-01
6.588000000000000000e+04,4.863293845160258644e-01,7.964321057698802164e-01
6.588100000000000000e+04,4.863127776409185143e-01,7.790961959346629495e-01
6.588200000000000000e+04,4.877370889150637878e-01,7.627958289798504321e-01
6.588300000000000000e+04,4.892451455222089907e-01,7.550502456606866808e-01
6.588400000000000000e+04,4.892792546166828682e-01,7.652043332934319597e-01
6.588500000000000000e+04,4.860831573349611578e-01,7.755039822827058948e-01
6.588600000000000000e+04,4.895876049423912302e-01,7.809245945802743005e-01
6.588700000000000000e+04,4.933114268140419423e-01,8.196994839690041612e-01
6.588800000000000000e+04,4.839258916907894781e-01,7.966231608051246305e-01
6.588900000000000000e+04,5.020075820155357471e-01,8.667212248861577706e-01
6.589000000000000000e+04,5.030262877502318375e-01,8.929859669976591974e-01
6.589100000000000000e+04,4.896208189358483009e-01,8.200381380012131682e-01
6.589200000000000000e+04,4.869298579062209531e-01,7.826237212497764162e-01
6.589300000000000000e+04,4.845184934150142952e-01,7.922586651580603156e-01
6.589400000000000000e+04,4.866119796753076709e-01,8.124725306098188327e-01
6.589500000000000000e+04,4.797741312646061074e-01,8.016929762214557442e-01
6.589600000000000000e+04,4.781091591162470733e-01,7.841272847742264407e-01
6.589700000000000000e+04,4.822407970031831193e-01,7.881990217337124793e-01
6.589800000000000000e+04,4.782820343472504732e-01,8.016149970054615714e-01
6.589900000000000000e+04,4.847316509009184093e-01,8.489134801470775704e-01
6.590000000000000000e+04,4.758064077057903019e-01,8.070386750648939067e-01
6.590100000000000000e+04,4.738573482341902343e-01,8.180410270281853746e-01
6.590200000000000000e+04,7.655884739825575755e-03,9.036392391986947104e-03
6.590300000000000000e+04,7.315591703962902488e-03,2.273471982462860197e-03
6.590400000000000000e+04,9.097551513536163842e-03,8.977039652220852872e-03
6.590500000000000000e+04,2.201010817646049944e-02,6.150571085369582747e-02
6.590600000000000000e+04,4.861582742209737962e-01,8.199847577857780623e-01
6.590700000000000000e+04,4.414795507196205282e-01,7.121069416069710778e-01
6.590800000000000000e+04,4.880247210221405618e-01,7.304193012707808075e-01
6.590900000000000000e+04,5.034797337172006726e-01,8.256999806748636095e-01
6.591000000000000000e+04,4.853787707533711027e-01,8.367697591816227742e-01
6.591100000000000000e+04,3.849760852243863107e-01,6.379338472303759389e-01
6.591200000000000000e+04,4.504201053614128036e-01,6.429424196786698298e-01
6.591300000000000000e+04,4.685201914437360782e-01,7.150587880947456565e-01
6.591400000000000000e+04,4.710830834009450685e-01,7.652567508840868449e-01
6.591500000000000000e+04,4.690071575858132391e-01,7.809008477170142903e-01
6.591600000000000000e+04,4.766472428489552104e-01,7.783262598819453704e-01
6.591700000000000000e+04,4.739580842523918314e-01,7.830358240181113372e-01
6.591800000000000000e+04,4.813640850168156016e-01,7.825740332744599570e-01
6.591900000000000000e+04,4.812086538648536194e-01,7.856218471786919899e-01
6.592000000000000000e+04,4.818039600786270804e-01,7.786247975531321863e-01
6.592100000000000000e+04,4.795149246100239293e-01,7.942695298266303494e-01
6.592200000000000000e+04,4.790911701621256569e-01,8.069310540014389410e-01
6.592300000000000000e+04,4.792058116254673816e-01,8.065814983424693940e-01
6.592400000000000000e+04,4.826493735835297172e-01,7.998315146663537156e-01
6.592500000000000000e+04,4.812711402906806879e-01,7.995032439204300401e-01
6.592600000000000000e+04,4.932167103134951769e-01,8.413970036043638689e-01
6.592700000000000000e+04,4.817703229739129789e-01,8.168648654560796141e-01
6.592800000000000000e+04,4.856344345602405244e-01,7.927329085219863014e-01
6.592900000000000000e+04,4.971157639819320795e-01,8.135441558905288639e-01
6.593000000000000000e+04,4.766384238347567415e-01,8.085015790149197024e-01
6.593100000000000000e+04,4.697006564366185688e-01,8.828516236717391941e-01
6.593200000000000000e+04,3.829115041009076847e-01,9.976972349202402057e-01
6.593300000000000000e+04,3.282562820957152794e-01,1.122834629404013684e+00
6.593400000000000000e+04,4.317888509561834676e-01,1.051819688691788102e+00
6.593500000000000000e+04,3.540845298151819032e-01,1.162418889308326264e+00
6.593600000000000000e+04,1.103745975549878938e-01,1.787648948082862344e+00
6.593700000000000000e+04,3.835236772416379947e-01,1.475573096539426698e+00
6.593800000000000000e+04,4.514391210076994509e-01,9.851683470731411596e-01
6.593900000000000000e+04,6.578708908789804299e-01,5.765938904314958924e-01
6.594000000000000000e+04,8.628282481019211581e-01,7.058393027384463059e-02
6.594100000000000000e+04,2.460353405844674102e-01,1.599483078230911959e+00
6.594200000000000000e+04,1.050778652501902916e-01,1.905481475855442586e+00
6.594300000000000000e+04,1.224471082473349570e-01,2.202159097135599986e+00
6.594400000000000000e+04,1.334880001529390459e-01,1.986360504245251901e+00
6.594500000000000000e+04,1.151204990215068114e-01,1.891572392712607797e+00
6.594600000000000000e+04,4.950092481727130095e-02,1.741264366783644268e+00
6.594700000000000000e+04,2.594582909678344596e-01,1.301642410470946531e+00
6.594800000000000000e+04,3.940901764011293662e-01,1.113309548586308484e+00
6.594900000000000000e+04,4.916740275461080611e-01,8.604508990975414662e-01
6.595000000000000000e+04,7.129421108693752007e-01,5.286884475471598233e-01
6.595100000000000000e+04,4.993676839973382742e-01,9.796740625564266391e-01
6.595200000000000000e+04,4.649799262078965767e-01,1.062591453101135563e+00
6.595300000000000000e+04,4.361805698398962261e-01,1.131312456486951223e+00
6.595400000000000000e+04,4.989976600873466950e-01,8.676435751579316680e-01
6.595500000000000000e+04,5.349750509043834645e-01,8.183565247458586267e-01
6.595600000000000000e+04,4.841792791403017326e-01,9.725033444276037775e-01
6.595700000000000000e+04,5.060718307789242587e-01,9.305671588121934290e-01
6.595800000000000000e+04,4.960628509250376017e-01,9.474726202242194084e-01
6.595900000000000000e+04,3.566856448558635151e-01,8.145691117619459076e-01
6.596000000000000000e+04,3.641810823245367201e-01,8.310636679373417657e-01
6.596100000000000000e+04,8.336227362378129113e-01,8.394902444944052355e-02
6.596200000000000000e+04,9.519751686162261084e-01,3.919130947913702645e-01
6.596300000000000000e+04,9.817969952065551675e-01,4.598287696868683661e-01
6.596400000000000000e+04,1.038396672425523803e+00,4.717209498989201055e-01
6.596500000000000000e+04,1.023020090537041904e+00,4.064796377135212468e-01
6.596600000000000000e+04,9.726934028764472329e-01,4.092823741402129567e-01
6.596700000000000000e+04,9.764754051005491986e-01,4.005106790099416392e-01
6.596800000000000000e+04,1.004538335968520713e+00,4.391234484137688243e-01
6.596900000000000000e+04,1.272737514877361642e+00,1.943479735263313746e-01
6.597000000000000000e+04,1.032623335845676227e+00,3.568484535701287319e-01
6.597100000000000000e+04,9.867778408024087122e-01,4.178506104049638514e-01
6.597200000000000000e+04,9.828354990704939453e-01,4.950029834897365921e-01
6.597300000000000000e+04,9.835628040174332343e-01,5.084211960890354653e-01
6.597400000000000000e+04,9.907245253220086090e-01,4.709033492464393955e-01
6.597500000000000000e+04,9.895927381681723922e-01,4.819085999852765756e-01
6.597600000000000000e+04,9.950424189963588129e-01,4.712456849271218218e-01
6.597700000000000000e+04,9.726784327720650047e-01,4.214556377991043323e-01
6.597800000000000000e+04,9.623025098094094565e-01,4.294045552344614158e-01
6.597900000000000000e+04,1.022059672724657808e+00,5.261182713644614317e-01
6.598000000000000000e+04,1.017560582843385575e+00,5.441649549808396102e-01
6.598100000000000000e+04,1.016116374388510213e+00,5.634341791335599758e-01
6.598200000000000000e+04,1.019645299713109132e+00,5.251747053019664158e-01
6.598300000000000000e+04,1.031621633440324981e+00,4.623460112220549867e-01
6.598400000000000000e+04,1.040810561400389744e+00,4.073519057177850122e-01
6.598500000000000000e+04,9.754233168297906653e-01,4.892019462831447285e-01
6.598600000000000000e+04,1.035484111896651349e+00,4.749688864854548775e-01
6.598700000000000000e+04,1.034265456227436264e+00,5.463536046179831018e-01
6.598800000000000000e+04,9.363925302905481418e-01,2.809951844913360919e-01
6.598900000000000000e+04,9.695108104742988786e-01,4.455756346246362298e-01
6.599000000000000000e+04,1.140816067492861130e+00,7.618461813692753992e-01
6.599100000000000000e+04,1.145604707219434637e+00,7.758797956832566012e-01
6.599200000000000000e+04,1.140471528344649821e+00,7.532371810122966416e-01
6.599300000000000000e+04,1.163212620205557046e+00,7.583460236836838675e-01
6.599400000000000000e+04,1.169658680293215181e+00,7.395314100098653309e-01
6.599500000000000000e+04,1.117314500222197582e+00,7.712458450462700288e-01
6.599600000000000000e+04,1.121822577602732185e+00,7.836569044036020282e-01
6.599700000000000000e+04,1.180160388948811923e+00,6.271604187228071448e-01
6.599800000000000000e+04,1.126346766206001160e+00,6.362786570982386092e-01
6.599900000000000000e+04,1.107455818808438908e+00,6.986307777804663388e-01
6.600000000000000000e+04,1.082284198955816290e+00,7.142035241300260795e-01
6.600100000000000000e+04,1.224672151291827715e+00,7.142858580207440689e-01
6.600200000000000000e+04,1.108420777779308697e+00,7.016245896415779226e-01
6.600300000000000000e+04,1.104058378940415031e+00,6.984932965512720138e-01
6.600400000000000000e+04,1.104909214740042112e+00,6.821526392409802408e-01
6.600500000000000000e+04,1.100859014120378010e+00,6.637587083606899530e-01
6.600600000000000000e+04,1.093113918166126020e+00,6.178268776544626473e-01
6.600700000000000000e+04,1.101551885342633375e+00,6.318241111149585088e-01
6.600800000000000000e+04,1.114508676814146337e+00,6.439037849293010041e-01
6.600900000000000000e+04,1.108229135696621181e+00,6.647025088836255868e-01
6.601000000000000000e+04,1.114507879300403959e+00,6.834351531990556783e-01
6.601100000000000000e+04,1.104574383171289975e+00,6.525631002635294831e-01
6.601200000000000000e+04,1.132134613657588051e+00,6.089983411306665317e-01
6.601300000000000000e+04,1.081518399305771538e+00,5.912821619715979971e-01
6.601400000000000000e+04,1.073834978787647332e+00,5.701721578004610436e-01
6.601500000000000000e+04,1.086521950680777504e+00,5.905297633963968451e-01
6.601600000000000000e+04,1.075973794682528295e+00,6.044016674031409408e-01
6.601700000000000000e+04,1.091580912179656027e+00,6.347495587091822600e-01
6.601800000000000000e+04,1.096486543647078093e+00,6.574329459991108404e-01
6.601900000000000000e+04,1.096565525737798419e+00,6.711742211275621983e-01
6.602000000000000000e+04,1.109778134582776632e+00,6.788814569386123488e-01
6.602100000000000000e+04,1.107539592587681421e+00,7.014303046359982030e-01
6.602200000000000000e+04,1.107297398110087538e+00,6.865583812668709651e-01
6.602300000000000000e+04,1.097254144756840688e+00,6.494292140785871137e-01
6.602400000000000000e+04,1.092362842558649572e+00,6.451343449689439513e-01
6.602500000000000000e+04,1.095554920083932515e+00,6.555781447146948882e-01
6.602600000000000000e+04,1.089960399429661830e+00,6.609230594645449930e-01
6.602700000000000000e+04,1.095872958976772393e+00,6.359994089350777813e-01
6.602800000000000000e+04,1.068018814683195483e+00,6.350990116520365270e-01
6.602900000000000000e+04,1.056220541987992423e+00,6.154950762544109111e-01
6.603000000000000000e+04,1.066823970514878539e+00,6.158043890055455716e-01
6.603100000000000000e+04,9.645916552630179330e-01,6.796376850671130843e-01
6.603200000000000000e+04,1.029854708552739195e+00,6.227962593684475134e-01
6.603300000000000000e+04,1.050757542765784924e+00,8.154294499061047752e-01
6.603400000000000000e+04,9.830989933521108171e-01,6.527723197842627556e-01
6.603500000000000000e+04,4.288561102057627750e+00,4.949103546355036798e+00
6.603600000000000000e+04,5.474956654186878602e+00,7.648364578973907868e+00
6.603700000000000000e+04,1.039822512434863899e+00,1.044774790228145900e+00
6.603800000000000000e+04,6.099563037863916515e-01,5.683944413638262194e-01
6.603900000000000000e+04,9.303499288014908108e-01,3.528668561098324830e-02
6.604000000000000000e+04,1.031533911520877478e+00,3.376870471638326876e-01
6.604100000000000000e+04,1.246128773382213506e+00,6.720801274405312498e-01
6.604200000000000000e+04,1.157717887171556770e+00,7.172911212086390265e-01
6.604300000000000000e+04,1.156666391947483330e+00,7.618313738625821507e-01
6.604400000000000000e+04,1.170137966390645268e+00,7.727819364838017790e-01
6.604500000000000000e+04,1.180247794892365309e+00,7.372101416839469401e-01
6.604600000000000000e+04,1.187786900957579217e+00,7.055262621682807378e-01
6.604700000000000000e+04,1.198495794292855354e+00,7.015136902174781142e-01
6.604800000000000000e+04,1.213253193435531729e+00,7.066595215003501629e-01
6.604900000000000000e+04,1.211084916780647225e+00,7.035504803850765043e-01
6.605000000000000000e+04,1.223120015653283765e+00,6.734655694122850811e-01
6.605100000000000000e+04,1.258864611120123156e+00,1.336999702373280474e+00
6.605200000000000000e+04,1.204328698817194176e+00,1.687309986482588897e+00
6.605300000000000000e+04,1.158070277700684381e+00,1.939897687339877663e+00
6.605400000000000000e+04,1.103884248997378581e+00,2.140844543604265571e+00
6.605500000000000000e+04,1.053495670352423641e+00,2.300556838303259521e+00
6.605600000000000000e+04,9.779643170733440805e-01,2.324555956644772436e+00
6.605700000000000000e+04,6.755405888277984383e-01,2.012166946062218464e+00
6.605800000000000000e+04,9.045670050717404820e-01,2.355553981518845319e+00
6.605900000000000000e+04,8.196596643872907650e-01,2.336065254120100132e+00
6.606000000000000000e+04,7.795916096369897019e-01,2.242885679628558115e+00
6.606100000000000000e+04,1.191177287679502816e+00,3.292295452974125070e+00
6.606200000000000000e+04,1.238876508754286343e+00,3.853751847140954645e+00
6.606300000000000000e+04,8.795055077938994659e-01,3.016427791576187900e+00
6.606400000000000000e+04,7.052449741055089039e-01,2.388979515200097659e+00
6.606500000000000000e+04,6.620092918495814605e-01,2.117320179830401994e+00
6.606600000000000000e+04,6.085720987930843817e-01,2.079760137088652705e+00
6.606700000000000000e+04,8.243571050344499218e-01,2.835087014607744926e+00
6.606800000000000000e+04,7.141661276935812319e-01,2.678373712577266641e+00
6.606900000000000000e+04,6.751155819582543849e-01,2.553063824996570030e+00
6.607000000000000000e+04,6.837099848268685109e-01,2.498620118484358166e+00
6.607100000000000000e+04,7.006632557844759690e-01,2.461535414904132413e+00
6.607200000000000000e+04,7.120710197802482266e-01,2.433347880367441096e+00
6.607300000000000000e+04,7.265756164569295850e-01,2.433886506612905620e+00
6.607400000000000000e+04,9.163423624164809267e-01,2.869688481836058180e+00
6.607500000000000000e+04,8.855895049473528902e-01,2.965433825746024876e+00
6.607600000000000000e+04,8.630839338101423674e-01,2.866714774314958802e+00
6.607700000000000000e+04,8.545516336536708168e-01,2.764513540460258323e+00
6.607800000000000000e+04,8.473574298276650429e-01,2.685079148814506489e+00
6.607900000000000000e+04,8.400938517307686704e-01,2.640378740329746066e+00
6.608000000000000000e+04,8.075218846574958587e-01,2.589965386553189308e+00
6.608100000000000000e+04,7.956454070814609203e-01,2.574477314991122423e+00
6.608200000000000000e+04,7.898114746270190611e-01,2.557442559333886756e+00
6.608300000000000000e+04,7.792284559999286264e-01,2.540515215595173792e+00
6.608400000000000000e+04,7.662588529680973704e-01,2.523421060040467179e+00
6.608500000000000000e+04,7.606031500937147083e-01,2.497732428612476685e+00
6.608600000000000000e+04,7.565518251716524256e-01,2.462441015448621151e+00
6.608700000000000000e+04,7.491464364190915104e-01,2.444876145991565775e+00
6.608800000000000000e+04,7.475101394511849406e-01,2.436254522791055255e+00
6.608900000000000000e+04,7.443823240916782602e-01,2.420414266512095569e+00
6.609000000000000000e+04,7.366415638962675594e-01,2.412312570051096561e+00
6.609100000000000000e+04,7.345388638291631134e-01,2.404713938334491097e+00
6.609200000000000000e+04,7.311096004413378813e-01,2.373292246622791257e+00
6.609300000000000000e+04,7.299594200582926184e-01,2.366412285056197717e+00
6.609400000000000000e+04,7.124330891238861430e-01,2.327109143476404185e+00
6.609500000000000000e+04,7.210218454974143265e-01,2.313960003097095708e+00
6.609600000000000000e+04,7.136132532857296651e-01,2.315598208106569800e+00
6.609700000000000000e+04,7.564584226967140390e-01,2.408459913093105698e+00
6.609800000000000000e+04,7.204207432541056555e-01,2.356617885664317402e+00
6.609900000000000000e+04,7.165020377063527901e-01,2.330080868401271932e+00
6.610000000000000000e+04,7.245209494142176299e-01,2.323231516788324846e+00
6.610100000000000000e+04,7.216239141288415260e-01,2.315463297492783123e+00
6.610200000000000000e+04,7.242375896308652639e-01,2.301265889640182749e+00
6.610300000000000000e+04,7.267417959789419513e-01,2.312158421394013175e+00
6.610400000000000000e+04,7.259406147025029288e-01,2.301925043929497594e+00
6.610500000000000000e+04,7.178736973283202927e-01,2.300675195643538284e+00
6.610600000000000000e+04,7.205998560567774547e-01,2.298677823767815376e+00
6.610700000000000000e+04,7.118901640716789325e-01,2.293183876992546999e+00
6.610800000000000000e+04,7.160665705366799916e-01,2.295190219805506082e+00
6.610900000000000000e+04,7.141010972582819694e-01,2.293415382064427632e+00
6.611000000000000000e+04,7.139701341627749942e-01,2.291228621317854319e+00
6.611100000000000000e+04,7.096957136187149739e-01,2.295018851200904209e+00
6.611200000000000000e+04,7.518690724506580381e-01,1.679591663545717317e+00
6.611300000000000000e+04,7.541555802139568998e-01,1.690493142872533383e+00
6.611400000000000000e+04,7.495740770674994558e-01,1.677617317527117624e+00
6.611500000000000000e+04,7.457841653385933745e-01,1.684544007216795869e+00
6.611600000000000000e+04,7.502875178478168872e-01,1.672132881283976413e+00
6.611700000000000000e+04,7.440419263293202023e-01,1.682001205528905974e+00
6.611800000000000000e+04,7.428908997217642529e-01,1.681092592159236787e+00
6.611900000000000000e+04,7.454227769140648885e-01,1.698265961827631010e+00
6.612000000000000000e+04,7.404019901167672169e-01,1.702213506344701699e+00
6.612100000000000000e+04,7.394165167896145086e-01,1.687999257290987210e+00
6.612200000000000000e+04,7.417755475692326961e-01,1.696248421991703559e+00
6.612300000000000000e+04,7.410475479433485946e-01,1.696847017109141209e+00
6.612400000000000000e+04,7.374721918224987904e-01,1.692004282492578504e+00
6.612500000000000000e+04,7.448910785445308491e-01,1.690995473717497699e+00
6.612600000000000000e+04,7.422498797928845926e-01,1.676960599374076821e+00
6.612700000000000000e+04,7.495144885440353510e-01,1.712257482888906779e+00
6.612800000000000000e+04,7.527381375462738333e-01,1.763438683180431177e+00
6.612900000000000000e+04,7.199894099800292491e-01,1.668458872615900201e+00
6.613000000000000000e+04,7.482149721048109159e-01,1.650302496783074613e+00
6.613100000000000000e+04,7.493871349352884126e-01,1.677340350012198389e+00
6.613200000000000000e+04,7.398668993402183203e-01,1.665886211006952333e+00
6.613300000000000000e+04,7.338482025453936242e-01,1.721031406988248413e+00
6.613400000000000000e+04,7.447151435602877845e-01,1.729112160406542031e+00
6.613500000000000000e+04,7.360216233453277246e-01,1.684010677262341549e+00
6.613600000000000000e+04,7.371826229314792922e-01,1.630940095145945623e+00
6.613700000000000000e+04,7.486552381106686971e-01,1.654962684603849432e+00
6.613800000000000000e+04,7.577207109185690737e-01,1.682387108130945386e+00
6.613900000000000000e+04,6.945838149688925434e-01,1.541514810124341217e+00
6.614000000000000000e+04,8.180880048506192770e-01,1.460658355917086482e+00
6.614100000000000000e+04,7.130644630819316099e-01,1.625112615038013963e+00
6.614200000000000000e+04,6.875521634856550657e-01,1.771522427667088007e+00
6.614300000000000000e+04,6.782410681930394203e-01,1.645015325417774843e+00
6.614400000000000000e+04,6.750413414580308524e-01,1.696283279458120852e+00
6.614500000000000000e+04,7.313408318139791309e-01,1.642812112497807675e+00
6.614600000000000000e+04,8.362130673325013364e-01,1.569550614035195135e+00
6.614700000000000000e+04,7.759263956440627386e-01,1.693506749421922031e+00
6.614800000000000000e+04,8.352399157979105704e-01,1.705003942596692301e+00
6.614900000000000000e+04,7.440905065833458565e-01,1.576814004374390343e+00
6.615000000000000000e+04,7.320461421842526795e-01,1.580119417442976015e+00
6.615100000000000000e+04,8.974907564068994592e-01,1.848995774348413335e+00
6.615200000000000000e+04,9.236259892184903730e-01,1.538791630166583602e+00
6.615300000000000000e+04,9.050725358019929834e-01,1.496811613812250030e+00
6.615400000000000000e+04,9.915701003080102938e-01,1.557757551165473320e+00
6.615500000000000000e+04,8.477355719253445443e-01,1.413296865956391812e+00
6.615600000000000000e+04,8.061123694655161209e-01,1.334884148510890434e+00
6.615700000000000000e+04,9.317814661575755109e-01,1.212655516289645519e+00
6.615800000000000000e+04,8.930582210033432000e-01,1.124977139332088427e+00
6.615900000000000000e+04,8.870252191168191969e-01,1.058804968080715447e+00
6.616000000000000000e+04,9.266150666204591158e-01,1.124408863433284722e+00
6.616100000000000000e+04,9.047972917168930485e-01,1.087662269701318074e+00
6.616200000000000000e+04,9.241819735362876154e-01,1.104622533635831516e+00
6.616300000000000000e+04,9.190331049720884549e-01,1.098394868228464105e+00
6.616400000000000000e+04,9.240442199043832350e-01,1.106368603032716891e+00
6.616500000000000000e+04,8.913693845389056847e-01,1.108258020426907464e+00
6.616600000000000000e+04,8.795680939162565659e-01,1.170996705314769848e+00
6.616700000000000000e+04,9.148610952388209760e-01,1.174928776856941859e+00
6.616800000000000000e+04,9.231543623011805311e-01,1.195108763975810007e+00
6.616900000000000000e+04,9.986859911054596362e-01,1.261848079994425831e+00
6.617000000000000000e+04,1.519741285296216937e-01,6.143948120008957403e-03
6.617100000000000000e+04,2.064401204400480305e-01,2.763970167759248753e-01
6.617200000000000000e+04,3.328487726781161338e-01,5.371822513846247205e-02
6.617300000000000000e+04,4.932602369590067815e-01,5.493872815021463296e-01
6.617400000000000000e+04,6.712892727072025112e-01,8.670394079415020272e-01
6.617500000000000000e+04,7.699211588576901910e-01,1.071627270485395300e+00
6.617600000000000000e+04,5.811213627534653758e-01,1.296592897776631226e+00
6.617700000000000000e+04,1.592601255497130941e+00,2.381711047104886347e+00
6.617800000000000000e+04,2.063765540316381930e+00,2.698910657736040442e+00
6.617900000000000000e+04,2.768036011654428474e+00,3.535099996509616815e+00
6.618000000000000000e+04,2.248688689259330076e+00,2.946810921623440827e+00
6.618100000000000000e+04,2.729871728824036836e+00,3.435869047388014685e+00
6.618200000000000000e+04,2.674508724674074411e+00,3.267396649603726999e+00
6.618300000000000000e+04,2.568151259241027162e+00,2.981521446210343207e+00
6.618400000000000000e+04,2.619512804253544935e+00,2.971628096363246208e+00
6.618500000000000000e+04,2.511908115912207418e+00,2.925586594093844361e+00
6.618600000000000000e+04,2.386940200150856395e+00,2.676774399632883217e+00
6.618700000000000000e+04,2.236332918694389882e+00,2.355336236225650026e+00
6.618800000000000000e+04,2.143495396515326945e+00,2.216960317462856267e+00
6.618900000000000000e+04,2.046094901629552876e+00,2.254571595170226317e+00
6.619000000000000000e+04,1.935648181461713913e+00,2.207484993640498772e+00
6.619100000000000000e+04,1.890144026952351952e+00,2.114574858847755756e+00
6.619200000000000000e+04,1.881684796962398654e+00,2.058927808744093646e+00
6.619300000000000000e+04,1.884450330526075579e+00,1.992433158540965366e+00
6.619400000000000000e+04,1.881592808022561458e+00,1.942451104721418353e+00
6.619500000000000000e+04,1.451783680877101412e+00,1.083888241491578697e+00
6.619600000000000000e+04,1.625864064722430946e+00,7.333358269053329437e-01
6.619700000000000000e+04,8.120162289943284595e-01,1.779236606404429821e+00
6.619800000000000000e+04,8.841825500082981515e-01,2.686482588909811398e+00
6.619900000000000000e+04,1.283634895280658661e+00,3.939339405187862297e+00
6.620000000000000000e+04,2.088504727918281123e+00,5.063240058489569151e+00
6.620100000000000000e+04,3.324995729596005756e+00,6.601174177084748074e+00
6.620200000000000000e+04,4.706822879612900579e+00,8.224669520208230722e+00
6.620300000000000000e+04,6.512033271479074514e+00,1.001301266538896328e+01
6.620400000000000000e+04,7.978555812310474948e+00,1.175545829035504930e+01
6.620500000000000000e+04,9.046193799787413781e+00,1.420646638779659554e+01
6.620600000000000000e+04,8.907439716769552263e+00,1.447425448791750213e+01
6.620700000000000000e+04,9.668416945994808387e+00,1.634155081055601144e+01
6.620800000000000000e+04,6.746739609507100610e+00,1.086071408038326425e+01
6.620900000000000000e+04,6.352157985690102926e+00,1.000373590973971361e+01
6.621000000000000000e+04,6.362560505034297265e+00,9.818917790951191549e+00
6.621100000000000000e+04,6.014140470781304870e+00,9.604196583641668283e+00
6.621200000000000000e+04,5.943479997332583586e+00,9.544577580719655785e+00
6.621300000000000000e+04,5.816980704328103435e+00,9.403973796644914174e+00
6.621400000000000000e+04,5.616578971065508519e+00,9.156939835479890988e+00
6.621500000000000000e+04,5.428121691277351779e+00,8.841967268405861446e+00
6.621600000000000000e+04,5.087166001073164523e+00,8.999871272709683012e+00
6.621700000000000000e+04,5.090094032493808207e+00,8.387729216002759003e+00
6.621800000000000000e+04,5.039959803030189534e+00,8.383485784369572258e+00
6.621900000000000000e+04,4.943603630437126029e+00,8.285316539640247058e+00
6.622000000000000000e+04,4.884447460474205194e+00,8.167723133172788863e+00
6.622100000000000000e+04,4.840665299375919162e+00,8.130419140412854517e+00
6.622200000000000000e+04,4.829313079757230120e+00,8.154585298365592649e+00
6.622300000000000000e+04,4.970571561240491043e+00,8.470147710850955747e+00
6.622400000000000000e+04,4.887701437700683549e+00,8.397635044355892475e+00
6.622500000000000000e+04,4.762714114623593176e+00,8.204311326271646720e+00
6.622600000000000000e+04,4.647297255569801777e+00,8.033507775185249500e+00
6.622700000000000000e+04,4.541886222917429272e+00,7.882360023956692885e+00
6.622800000000000000e+04,4.445074152878514262e+00,7.762124673251117990e+00
6.622900000000000000e+04,4.348905547296675778e+00,7.641356623006959836e+00
6.623000000000000000e+04,4.238521740022397566e+00,7.480043102320916404e+00
6.623100000000000000e+04,4.133130156690289603e+00,7.331678893990783763e+00
6.623200000000000000e+04,4.026069728578397289e+00,7.167883609786209753e+00
6.623300000000000000e+04,3.927766477222802255e+00,7.014811493840590551e+00
6.623400000000000000e+04,3.833135152383387201e+00,6.871060059592520197e+00
6.623500000000000000e+04,3.732278098261145871e+00,6.743729152261681570e+00
6.623600000000000000e+04,3.644313997120355086e+00,6.602653686279976952e+00
6.623700000000000000e+04,3.556631467718712525e+00,6.475629979646941869e+00
6.623800000000000000e+04,3.473340228953140763e+00,6.354472554548473262e+00
6.623900000000000000e+04,3.396422290024805779e+00,6.239645170613000502e+00
6.624000000000000000e+04,3.320788009055194223e+00,6.127327488426100643e+00
6.624100000000000000e+04,3.251588199631513021e+00,6.023333859203074070e+00
6.624200000000000000e+04,3.185160500341839285e+00,5.921586816691233324e+00
6.624300000000000000e+04,3.121421657118932380e+00,5.822573946191461403e+00
6.624400000000000000e+04,3.057057319368424064e+00,5.726706515432828937e+00
6.624500000000000000e+04,2.981533371995949810e+00,5.604389214398851848e+00
6.624600000000000000e+04,2.904754488357616182e+00,5.477731423212663486e+00
6.624700000000000000e+04,2.833308250994257538e+00,5.362024124194139318e+00
6.624800000000000000e+04,2.786209292754475264e+00,5.240590736256953264e+00
6.624900000000000000e+04,2.765335445751152754e+00,5.128649732944570161e+00
6.625000000000000000e+04,2.743244982090444761e+00,5.015535645549050514e+00
6.625100000000000000e+04,2.681521182973071848e+00,4.911441281340122700e+00
6.625200000000000000e+04,2.620507190572364031e+00,4.808651102276526146e+00
6.625300000000000000e+04,2.563788348725358990e+00,4.713860619423440923e+00
6.625400000000000000e+04,2.506063332837296542e+00,4.615659668878723920e+00
6.625500000000000000e+04,2.453429864106170033e+00,4.525269027879746275e+00
6.625600000000000000e+04,2.400630881887988899e+00,4.431928967179187495e+00
6.625700000000000000e+04,2.348260967724524750e+00,4.343018656398154320e+00
6.625800000000000000e+04,2.295966492674306636e+00,4.251915729557680379e+00
6.625900000000000000e+04,2.244970848168906130e+00,4.164942149585273867e+00
6.626000000000000000e+04,2.197687531166642838e+00,4.081766180907823838e+00
6.626100000000000000e+04,2.144677201561845159e+00,4.002295196356111973e+00
6.626200000000000000e+04,2.093391315420250365e+00,3.915913849723628104e+00
6.626300000000000000e+04,2.050407108201649731e+00,3.839924861417090440e+00
6.626400000000000000e+04,2.008270446535211473e+00,3.766554190866852281e+00
6.626500000000000000e+04,1.966094718080834580e+00,3.690010864587495831e+00
6.626600000000000000e+04,1.926742186134414059e+00,3.618554005181589872e+00
6.626700000000000000e+04,1.887752258108436498e+00,3.544399040405199486e+00
6.626800000000000000e+04,1.852041608657293059e+00,3.473090935030288762e+00
6.626900000000000000e+04,1.815941078225369543e+00,3.405263329967409547e+00
6.627000000000000000e+04,1.783245494072623227e+00,3.343535930849993676e+00
6.627100000000000000e+04,1.749250739057323534e+00,3.279831055384519800e+00
6.627200000000000000e+04,1.717578960477222250e+00,3.217753393199235035e+00
6.627300000000000000e+04,1.684954576427751594e+00,3.158955606570700070e+00
6.627400000000000000e+04,1.653389127281824855e+00,3.100248398764021474e+00
6.627500000000000000e+04,1.622377481225312224e+00,3.045002017637422398e+00
6.627600000000000000e+04,1.593168608847435275e+00,2.994568415580104670e+00
6.627700000000000000e+04,1.740026842587539743e-02,9.999004150197166041e-03
6.627800000000000000e+04,1.822868621939843434e-02,1.074961020766274089e-02
6.627900000000000000e+04,1.629441347436738630e-02,1.209863308784164815e-02
6.628000000000000000e+04,1.523257515887081574e-02,9.739419211721056513e-03
6.628100000000000000e+04,1.622666041401996453e-02,7.419973609584573637e-03
6.628200000000000000e+04,1.713067095383615304e-02,9.772525106516383175e-03
6.628300000000000000e+04,1.712037548049386709e-02,1.057021703122984491e-02
6.628400000000000000e+04,1.819978319768596892e-02,1.114243389959135300e-02
6.628500000000000000e+04,2.831831443825185909e-02,6.732693811894563396e-03
6.628600000000000000e+04,2.781369387446678415e-02,4.435164718069373180e-03
6.628700000000000000e+04,2.802264438296904470e-02,3.644866791969292308e-03
6.628800000000000000e+04,2.838172526518795841e-02,6.431290070587181162e-03
6.628900000000000000e+04,2.822227991788107612e-02,7.891192545745440157e-03
6.629000000000000000e+04,2.791792559363295151e-02,9.800587742622823839e-03
6.629100000000000000e+04,2.775682317747889954e-02,9.385083807524452482e-03
6.629200000000000000e+04,2.680685966678185775e-02,8.952151747839920404e-03
6.629300000000000000e+04,2.639107963579087959e-02,8.322696773518600821e-03
6.629400000000000000e+04,2.565401093066932772e-02,8.963887517490221057e-03
6.629500000000000000e+04,2.479354266146728200e-02,8.361153500457518817e-03
6.629600000000000000e+04,2.566721214720427482e-02,9.540567102439112546e-03
6.629700000000000000e+04,2.701740849835224459e-02,8.906171598416889879e-03
6.629800000000000000e+04,2.768318517138966539e-02,1.322684511396410301e-02
6.629900000000000000e+04,2.794023693413481835e-02,1.063029423437633625e-02
6.630000000000000000e+04,2.743118134831881716e-02,1.223382192996247397e-02
6.630100000000000000e+04,2.776468448274964709e-02,1.094090271454106755e-02
6.630200000000000000e+04,2.773183719640191433e-02,1.211077172669838831e-02
6.630300000000000000e+04,2.739257307536009309e-02,1.383306967815478572e-02
6.630400000000000000e+04,2.945108972461446539e-02,1.176348595550180676e-02
6.630500000000000000e+04,2.852047580139845800e-02,1.104850167045690057e-02
6.630600000000000000e+04,2.838696662195016804e-02,1.385750199401947214e-02
6.630700000000000000e+04,2.877980410403845404e-02,1.386912147971663956e-02
6.630800000000000000e+04,2.805922560408590644e-02,1.563243713046347239e-02
6.630900000000000000e+04,2.602195185659101836e-02,1.422036447317154284e-02
6.631000000000000000e+04,2.831137771259626540e-02,3.268303345145895378e-02
6.631100000000000000e+04,2.473145567338726203e-02,1.309065054766023195e-02
6.631200000000000000e+04,1.932845941380352539e-02,1.018390142402836318e-02
6.631300000000000000e+04,1.921004910281814276e-02,2.732508328501737083e-02
6.631400000000000000e+04,2.232236784161477014e-02,4.853683618678594769e-02
6.631500000000000000e+04,2.213318041149718932e-02,6.503190220611188010e-03
6.631600000000000000e+04,1.602871184025490489e-02,1.596191351451103912e-02
6.631700000000000000e+04,1.264933155286739747e-02,1.359068222426884631e-02
6.631800000000000000e+04,1.802441807697410803e-02,2.686685040057668061e-02
6.631900000000000000e+04,2.112825430713247479e-02,6.564428519305742782e-02
6.632000000000000000e+04,2.280340024960080328e-02,2.571668371500557271e-02
6.632100000000000000e+04,2.585604760482424977e-02,5.862379098644510123e-04
6.632200000000000000e+04,2.597659961803811673e-02,3.233698792193706595e-03
6.632300000000000000e+04,2.761444023119570199e-02,2.110895031417925338e-03
6.632400000000000000e+04,2.747078392473262590e-02,1.772129287315138413e-02
6.632500000000000000e+04,2.416416216819782664e-02,3.052699547992077100e-02
6.632600000000000000e+04,2.040850359748807782e-02,2.233961258540873018e-02
6.632700000000000000e+04,2.388132678698384054e-02,1.486499411340247434e-02
6.632800000000000000e+04,2.582750535516552606e-02,2.646098945860586582e-02
6.632900000000000000e+04,2.504711689188271820e-02,3.264903792695506013e-02
6.633000000000000000e+04,2.300543110531702226e-02,1.944002886421358767e-02
6.633100000000000000e+04,2.348194296996361161e-02,2.322939693303816000e-02
6.633200000000000000e+04,3.037994673555604805e-02,4.351405420124265788e-02
6.633300000000000000e+04,8.397619574506668197e-03,6.835724135491716424e-03
6.633400000000000000e+04,9.494978523227256065e-03,1.909996076147990607e-02
6.633500000000000000e+04,1.242570635457207126e-02,2.056912441213576415e-02
6.633600000000000000e+04,1.481421965239446484e-02,8.162622669111385676e-03
6.633700000000000000e+04,2.164842510381071242e-02,7.638649585716450474e-02
6.633800000000000000e+04,1.418609055627140236e-02,4.940096168438401492e-02
6.633900000000000000e+04,2.095525930721096886e-02,6.977911874230358080e-03
6.634000000000000000e+04,9.271935157640581390e-03,3.996668233633471345e-02
6.634100000000000000e+04,7.857183940106879719e-03,4.479623255752329669e-02
6.634200000000000000e+04,1.561305465617437820e-02,3.893236506078956438e-02
6.634300000000000000e+04,2.518813091882132413e-02,7.074868334093942224e-02
6.634400000000000000e+04,2.117008303723453763e-02,5.732584346186797575e-02
6.634500000000000000e+04,2.710519043001762343e-02,4.349008792190645067e-02
6.634600000000000000e+04,2.265189816718941179e-02,2.888637409467520456e-02
6.634700000000000000e+04,7.174176519443059737e-03,1.084541755915324757e-02
6.634800000000000000e+04,9.471133765643357377e-03,1.834873538675729776e-02
6.634900000000000000e+04,1.237510645027480038e-02,1.330708027536076088e-02
6.635000000000000000e+04,3.850411650651588968e-02,5.702469069113114131e-02
6.635100000000000000e+04,1.790447692616051883e-02,9.111063738950875290e-03
6.635200000000000000e+04,2.094769055804027516e-02,5.394676890349003884e-03
6.635300000000000000e+04,7.561491302749256960e-02,2.645654799850305494e-02
6.635400000000000000e+04,7.126530366099823044e-02,9.580132577279343309e-02
6.635500000000000000e+04,2.374986333329345486e-02,1.527023864460019809e-02
6.635600000000000000e+04,3.086615890377478189e-02,3.906715550274952875e-02
6.635700000000000000e+04,3.943717513453641466e-02,3.819519316212804938e-02
6.635800000000000000e+04,1.704621291634217384e-02,3.588139769678200253e-02
6.635900000000000000e+04,5.280922431716914694e-02,3.839570363648725504e-02
6.636000000000000000e+04,3.667497819017952881e-02,4.801598047347255260e-02
6.636100000000000000e+04,5.918439678417281025e-02,1.269692095449546088e-01
6.636200000000000000e+04,6.094162070131100423e-02,1.402653765493155902e-01
6.636300000000000000e+04,3.517385584213923722e-02,4.356147038792101966e-02
6.636400000000000000e+04,5.340656907835066025e-02,6.702099328364852227e-03
6.636500000000000000e+04,5.562886534783120784e-02,8.981963940229320542e-03
6.636600000000000000e+04,5.709709884392899504e-02,1.786755519564309225e-02
6.636700000000000000e+04,9.404272257123875989e-02,1.706897810869421050e-01
6.636800000000000000e+04,8.993364194737336892e-02,2.302287658248047819e-01
6.636900000000000000e+04,9.749989740392275839e-02,2.207234025254649623e-01
6.637000000000000000e+04,9.534087036183060138e-02,1.949238233376249241e-01
6.637100000000000000e+04,9.390285144769164316e-02,1.828456587677820266e-01
6.637200000000000000e+04,9.831606853011697067e-02,1.838300855308112602e-01
6.637300000000000000e+04,9.677642583062916193e-02,1.882436112350731605e-01
6.637400000000000000e+04,9.814839145261335107e-02,1.948196120115817109e-01
6.637500000000000000e+04,9.756629657637171105e-02,1.997524788768885173e-01
6.637600000000000000e+04,9.379576756623123068e-02,1.928894872207251865e-01
6.637700000000000000e+04,9.672787609801868081e-02,1.950590939723682027e-01
6.637800000000000000e+04,1.008039665535204743e-01,1.988383004503297968e-01
6.637900000000000000e+04,9.944749718377529635e-02,2.003941256204164745e-01
6.638000000000000000e+04,9.908106443183552214e-02,2.000546328309305011e-01
6.638100000000000000e+04,1.012297837214173463e-01,2.035049910200967815e-01
6.638200000000000000e+04,1.006832189056843796e-01,2.026831564808482256e-01
6.638300000000000000e+04,1.026954791909122922e-01,2.059005823741095753e-01
6.638400000000000000e+04,1.020214453686670714e-01,2.038495407119889080e-01
6.638500000000000000e+04,1.067243713841704023e-01,2.111358018358444610e-01
6.638600000000000000e+04,1.047771657450101007e-01,2.093987579054612524e-01
6.638700000000000000e+04,1.186886420866080788e-01,2.199476983614907510e-01
6.638800000000000000e+04,1.246414520438805934e-01,2.301316773830244244e-01
6.638900000000000000e+04,1.059814513343592945e-01,2.062020287006589570e-01
6.639000000000000000e+04,9.567153316697028786e-02,1.876048112354524733e-01
6.639100000000000000e+04,8.362528672375192651e-02,1.598889772030425149e-01
6.639200000000000000e+04,7.203191379658585580e-02,1.552945694742966509e-01
6.639300000000000000e+04,7.494352369102333378e-02,1.458293797190428620e-01
6.639400000000000000e+04,7.570355548055027195e-02,1.338069439030533658e-01
6.639500000000000000e+04,8.995813673002223121e-02,3.225035161253941851e-01
6.639600000000000000e+04,9.311173530823728395e-02,2.202463530119942448e-01
6.639700000000000000e+04,7.116895034505339723e-02,1.539454604917693814e-01
6.639800000000000000e+04,3.974714829488457113e-02,1.561159626069077433e-01
6.639900000000000000e+04,8.089837594321951098e-02,1.011224325032848981e-01
6.640000000000000000e+04,7.312187795817154390e-02,2.569687272869813910e-02
6.640100000000000000e+04,4.687052889071206818e-02,2.646374120869054991e-02
6.640200000000000000e+04,2.852876877435697733e-02,9.580036504072353409e-03
6.640300000000000000e+04,3.475617802116669486e-01,4.053596729293360568e-01
6.640400000000000000e+04,3.354969836525977245e-01,6.122360211434418886e-01
6.640500000000000000e+04,1.323638305823875427e-01,2.294459442077787514e-01
6.640600000000000000e+04,1.828394157928178720e-01,2.868766712718198164e-01
6.640700000000000000e+04,2.870166940103775488e-01,4.446266044466362644e-01
6.640800000000000000e+04,2.234713633177387027e-01,3.565537916612058211e-01
6.640900000000000000e+04,3.768903353456238281e-01,6.310680667592478699e-01
6.641000000000000000e+04,7.226204770882441730e-01,1.147884875755625700e+00
6.641100000000000000e+04,2.889643087628283591e-01,3.046332706460042061e-01
6.641200000000000000e+04,1.201129269568365354e-01,7.222597673140391805e-01
6.641300000000000000e+04,1.440926487808067147e-01,8.311029742042990165e-01
6.641400000000000000e+04,1.560643142090031299e-01,8.633846011784314101e-01
6.641500000000000000e+04,1.657968518121656354e-01,8.568670555981050541e-01
6.641600000000000000e+04,1.764874241289380863e-01,8.584391581404382521e-01
6.641700000000000000e+04,1.989258100167723420e-01,8.925335446266373651e-01
6.641800000000000000e+04,2.109599937273692327e-01,9.087410909073412313e-01
6.641900000000000000e+04,2.172177505522717988e-01,9.319845385185203668e-01
6.642000000000000000e+04,2.268416229064777745e-01,9.379538064580579260e-01
6.642100000000000000e+04,2.365216048669391558e-01,9.479074183339655235e-01
6.642200000000000000e+04,2.445397880997061124e-01,9.517959841345557948e-01
6.642300000000000000e+04,2.532122120306232183e-01,9.560294127309880707e-01
6.642400000000000000e+04,2.613606562657477261e-01,9.555024149959088220e-01
6.642500000000000000e+04,2.666278748864809867e-01,9.604232863042199142e-01
6.642600000000000000e+04,2.744799649509671036e-01,9.668736509010535940e-01
6.642700000000000000e+04,2.803624418784305683e-01,9.750352792202576779e-01
6.642800000000000000e+04,2.850247412408991043e-01,9.740751142803496521e-01
6.642900000000000000e+04,2.897352652654643923e-01,9.696158255724967034e-01
6.643000000000000000e+04,2.970175270565660330e-01,9.737062746659681522e-01
6.643100000000000000e+04,2.981465124481050832e-01,9.796238360768185771e-01
6.643200000000000000e+04,3.045532991987907612e-01,9.773556681641721866e-01
6.643300000000000000e+04,3.082632595289313548e-01,9.757964689404943215e-01
6.643400000000000000e+04,3.130855051650411891e-01,9.766072252620787708e-01
6.643500000000000000e+04,3.186464591473210373e-01,9.745139726979665795e-01
6.643600000000000000e+04,3.204226506965717758e-01,9.750898698190724190e-01
6.643700000000000000e+04,3.247568068724731583e-01,9.751646262705975232e-01
6.643800000000000000e+04,3.256091144229080747e-01,9.751297159752922994e-01
6.643900000000000000e+04,3.296824058248035705e-01,9.793291253198255220e-01
6.644000000000000000e+04,3.321448787456089957e-01,9.741201270635215792e-01
6.644100000000000000e+04,3.317827330153163001e-01,9.701804751725369158e-01
6.644200000000000000e+04,3.353817623618806087e-01,9.845796492197109728e-01
6.644300000000000000e+04,3.390544528761171850e-01,9.912299894305895975e-01
6.644400000000000000e+04,3.421052744470863827e-01,9.892431627029480978e-01
6.644500000000000000e+04,3.485084118704254164e-01,9.852621066103246505e-01
6.644600000000000000e+04,3.504968793527351578e-01,9.883838286263966211e-01
6.644700000000000000e+04,3.533407156480955491e-01,9.866583167150118072e-01
6.644800000000000000e+04,3.579596802616499263e-01,9.883354620576412231e-01
6.644900000000000000e+04,3.642895934313553075e-01,9.886639408120423411e-01
6.645000000000000000e+04,3.651840211390190438e-01,9.880426443807550640e-01
6.645100000000000000e+04,3.681610056638591200e-01,9.931216063043102338e-01
6.645200000000000000e+04,3.696206398593046560e-01,9.848381739068265972e-01
6.645300000000000000e+04,3.718988439253251843e-01,9.826818841941964422e-01
6.645400000000000000e+04,3.704374734694704241e-01,9.838783578210659186e-01
6.645500000000000000e+04,3.804788216929241296e-01,9.863753877107832579e-01
6.645600000000000000e+04,3.787753976223520169e-01,9.895470181042327340e-01
6.645700000000000000e+04,3.692036503650156232e-01,9.921530308021964117e-01
6.645800000000000000e+04,3.605503846086313136e-01,1.031695998775902012e+00
6.645900000000000000e+04,3.481032438985797173e-01,1.028263270930956708e+00
6.646000000000000000e+04,3.404498552517741250e-01,1.035976912849218223e+00
6.646100000000000000e+04,3.539125234829641475e-01,1.037634091780610390e+00
6.646200000000000000e+04,2.402678983184376171e-01,1.173054133642828845e+00
6.646300000000000000e+04,2.421551108811237085e-01,1.190579479574292776e+00
6.646400000000000000e+04,3.711920812181302987e-01,1.137107314798974755e+00
6.646500000000000000e+04,3.247613280450120654e-01,1.075036281017389683e+00
6.646600000000000000e+04,4.499020173620669194e-01,1.139006977229630735e+00
6.646700000000000000e+04,5.700605145348466296e-01,1.226555910484183443e+00
6.646800000000000000e+04,9.693379876049934563e-01,1.040798158687216812e+00
6.646900000000000000e+04,5.718597022231478588e-01,1.093188696753955469e+00
6.647000000000000000e+04,1.495756111183327741e+00,8.390736532688087834e-01
6.647100000000000000e+04,3.419199251495923964e+00,2.992851747251144445e+00
6.647200000000000000e+04,6.911823425696321799e+00,5.945285778938119492e+00
6.647300000000000000e+04,1.224219195114924474e+01,9.714987234288988915e+00
6.647400000000000000e+04,1.500600574579277691e+01,1.404604781935311664e+01
6.647500000000000000e+04,1.001783904877573583e+01,1.903531130593593446e+01
6.647600000000000000e+04,4.872550521111167043e+00,2.498403135993946123e+01
6.647700000000000000e+04,8.217301420246606369e+00,3.089583130235357800e+01
6.647800000000000000e+04,1.554624218637920441e+00,1.133632802438329534e+01
6.647900000000000000e+04,2.487370785938737061e+00,1.176917964379880566e+01
6.648000000000000000e+04,1.804563779705290472e+00,1.027701070553685447e+01
6.648100000000000000e+04,1.303459008393227370e+00,8.956780831507405338e+00
6.648200000000000000e+04,7.538492731708125172e-01,7.512708470719635656e+00
6.648300000000000000e+04,2.104230910048899172e+00,1.084286567771222920e+01
6.648400000000000000e+04,1.967964679454252908e+00,1.060864273816830838e+01
6.648500000000000000e+04,1.933368118441387340e+00,1.048087285359541809e+01
6.648600000000000000e+04,1.861655812220125883e+00,1.045042157746804001e+01
6.648700000000000000e+04,1.800239187608908331e+00,1.029693705235291645e+01
6.648800000000000000e+04,1.689842509613949995e+00,1.013740243907261984e+01
6.648900000000000000e+04,1.611520024541547080e+00,9.985698332515980269e+00
6.649000000000000000e+04,1.523141749511255583e+00,9.863400298747496464e+00
6.649100000000000000e+04,1.433260637104397883e+00,9.805035446663374898e+00
6.649200000000000000e+04,1.359779168065064603e+00,9.615710476438270149e+00
6.649300000000000000e+04,1.328733990692059441e+00,9.575433513087419968e+00
6.649400000000000000e+04,1.272889768391737286e+00,9.395728950539734114e+00
6.649500000000000000e+04,1.215997379820943358e+00,9.219549123451388439e+00
6.649600000000000000e+04,1.645653521247689266e+00,9.810351091871655882e+00
6.649700000000000000e+04,1.468911461716878142e+00,9.917810729305585937e+00
6.649800000000000000e+04,1.310585397795483775e+00,9.651640071705699597e+00
6.649900000000000000e+04,1.185444343814122448e+00,9.351626343919370754e+00
6.650000000000000000e+04,1.099303340132385731e+00,9.166732926919767266e+00
6.650100000000000000e+04,1.021427928804494956e+00,9.026887877245714620e+00
6.650200000000000000e+04,9.800616250517674155e-01,8.896476446138880334e+00
6.650300000000000000e+04,8.068729007649034779e-01,8.750738833856473775e+00
6.650400000000000000e+04,8.521965296982204618e-01,8.733124243277831766e+00
6.650500000000000000e+04,6.238422403081732570e-01,8.528159778939841118e+00
6.650600000000000000e+04,6.131505600126323507e-01,8.414305342042453617e+00
6.650700000000000000e+04,7.463239081770213224e-01,8.524807193982926634e+00
6.650800000000000000e+04,8.260807108554298894e-01,8.587762471047369672e+00
6.650900000000000000e+04,7.861569029530938169e-01,8.467376974941842604e+00
6.651000000000000000e+04,8.040306046831543485e-01,8.411850876763940832e+00
6.651100000000000000e+04,8.028487870192875242e-01,8.378613556426500963e+00
6.651200000000000000e+04,8.549507960614383117e-01,8.346480600473139333e+00
6.651300000000000000e+04,7.264978696994205398e-01,8.179008509734989829e+00
6.651400000000000000e+04,7.127660046068551303e-01,8.070555461193388069e+00
6.651500000000000000e+04,7.185795371359178230e-01,8.036026369249537282e+00
6.651600000000000000e+04,7.539094085317988858e-01,8.095337745601918655e+00
6.651700000000000000e+04,7.190311980010494208e-01,7.964200372047923082e+00
6.651800000000000000e+04,7.012852217010309142e-01,7.871594162055989941e+00
6.651900000000000000e+04,6.963413364563983965e-01,7.834986130976073326e+00
6.652000000000000000e+04,6.771485875771791063e-01,7.747991836711221936e+00
6.652100000000000000e+04,6.754789329433963374e-01,7.692138618826653840e+00
6.652200000000000000e+04,6.682871475226318525e-01,7.624042721494292962e+00
6.652300000000000000e+04,6.643678757811226632e-01,7.568840791699738446e+00
6.652400000000000000e+04,6.530925100086906188e-01,7.512792709689369630e+00
6.652500000000000000e+04,6.367217889777813111e-01,7.464062793672539442e+00
6.652600000000000000e+04,6.320120465447660596e-01,7.427824960189091996e+00
6.652700000000000000e+04,6.309525541985885333e-01,7.379760830942025507e+00
6.652800000000000000e+04,6.234279387894132718e-01,7.335400247731270085e+00
6.652900000000000000e+04,6.125286893605605965e-01,7.305706526281568358e+00
6.653000000000000000e+04,6.083342928029219498e-01,7.254233827941442669e+00
6.653100000000000000e+04,6.037284957226702886e-01,7.214387568835554987e+00
6.653200000000000000e+04,5.947324941281190158e-01,7.151749456082432843e+00
6.653300000000000000e+04,5.942176286838573018e-01,7.073402248790385372e+00
6.653400000000000000e+04,5.762438663590561116e-01,7.014192012304537371e+00
6.653500000000000000e+04,5.476638891357284988e-01,7.064643382463669852e+00
6.653600000000000000e+04,5.530845078575625795e-01,7.036964697102336075e+00
6.653700000000000000e+04,5.513758704899307528e-01,6.951135711636172942e+00
6.653800000000000000e+04,5.828477344115592373e-01,6.933164260174363491e+00
6.653900000000000000e+04,5.522360881978967129e-01,6.918195083748997831e+00
6.654000000000000000e+04,5.389190796413103612e-01,6.879244163324948147e+00
6.654100000000000000e+04,5.675704672590705657e-01,6.785841545574546885e+00
6.654200000000000000e+04,5.781639934425256699e-01,6.785200178241851177e+00
6.654300000000000000e+04,7.091404925127925418e-01,6.755561177439219023e+00
6.654400000000000000e+04,7.728017526191697240e-01,6.730090376532045227e+00
6.654500000000000000e+04,8.586962022714638154e-01,6.708659759263806421e+00
6.654600000000000000e+04,9.662351172608338867e-01,6.686564977574473545e+00
6.654700000000000000e+04,1.063628608065463776e+00,6.928672103823052097e+00
6.654800000000000000e+04,1.027199632873716073e+00,6.886017103651823845e+00
6.654900000000000000e+04,1.011865607747949980e+00,6.798580274528301715e+00
6.655000000000000000e+04,9.990654988929329461e-01,6.707814467571605377e+00
6.655100000000000000e+04,9.872878084253969844e-01,6.624642158108901668e+00
6.655200000000000000e+04,9.743833421468951483e-01,6.543219046130010597e+00
6.655300000000000000e+04,9.627275773713036555e-01,6.466120834023943331e+00
6.655400000000000000e+04,9.457274909617729985e-01,6.388706098539293166e+00
6.655500000000000000e+04,9.316491467344408806e-01,6.314581858321915320e+00
6.655600000000000000e+04,9.118503054211904990e-01,6.240221853487266657e+00
6.655700000000000000e+04,8.937193350791162727e-01,6.159508179515155391e+00
6.655800000000000000e+04,8.763992334438710508e-01,6.087650268630401484e+00
6.655900000000000000e+04,8.623055928866677489e-01,6.014452557713665826e+00
6.656000000000000000e+04,8.426749627221201688e-01,5.944863037641027859e+00
6.656100000000000000e+04,7.888764582453579033e-01,5.839611965786524195e+00
6.656200000000000000e+04,7.714010866069543892e-01,5.799017270885919118e+00
6.656300000000000000e+04,8.004219910896296364e-01,5.730011130969201005e+00
6.656400000000000000e+04,7.846768458458273088e-01,5.730405451137910333e+00
6.656500000000000000e+04,7.148425594948751849e-01,5.721077126541443292e+00
6.656600000000000000e+04,7.618832449209937963e-01,5.596772224816980668e+00
6.656700000000000000e+04,6.817756557157087505e-01,5.504390886169925778e+00
6.656800000000000000e+04,7.335200963074207658e-01,5.427681999684622838e+00
6.656900000000000000e+04,7.538441477939249458e-01,5.412113827089449103e+00
6.657000000000000000e+04,7.335829840548853120e-01,5.402029394732657863e+00
6.657100000000000000e+04,8.311755553632645954e-01,5.462383329016020639e+00
6.657200000000000000e+04,8.149173391632603680e-01,5.482418318054548934e+00
6.657300000000000000e+04,8.780103403605067358e-01,5.524301331259689363e+00
6.657400000000000000e+04,9.328859879405522193e-01,5.525788053489403495e+00
6.657500000000000000e+04,9.932676904269831519e-01,5.518431632906153794e+00
6.657600000000000000e+04,1.051632708613358114e+00,5.516652610813075341e+00
6.657700000000000000e+04,1.441002506270043781e+00,5.765959174609701421e+00
6.657800000000000000e+04,1.457797343918748822e+00,5.643847257627673031e+00
6.657900000000000000e+04,1.508002090611653356e+00,5.572460552826150604e+00
6.658000000000000000e+04,1.553077557204873838e+00,5.553186073795863820e+00
6.658100000000000000e+04,1.611523208090265502e+00,5.576777713156545246e+00
6.658200000000000000e+04,1.659633768091486106e+00,5.595154346903136400e+00
6.658300000000000000e+04,1.687032869342577346e+00,5.575409026536853219e+00
6.658400000000000000e+04,1.731294506139250400e+00,5.576695992389510081e+00
6.658500000000000000e+04,1.768119479263862814e+00,5.572360537966520866e+00
6.658600000000000000e+04,1.801824513221463642e+00,5.570646391736119085e+00
6.658700000000000000e+04,1.835176853141403219e+00,5.564177979213305036e+00
6.658800000000000000e+04,1.866278651740925332e+00,5.555539452096443398e+00
6.658900000000000000e+04,1.875595820433715089e+00,5.531160654004882105e+00
6.659000000000000000e+04,1.884350602411765108e+00,5.542895711336708331e+00
6.659100000000000000e+04,1.936072430898524432e+00,5.511262959578953513e+00
6.659200000000000000e+04,1.934105969676621184e+00,5.484239980734553654e+00
6.659300000000000000e+04,1.953812010853771763e+00,5.469617124128120622e+00
6.659400000000000000e+04,1.975054815350352433e+00,5.440465586369782613e+00
6.659500000000000000e+04,1.992024459537280023e+00,5.425867230569757282e+00
6.659600000000000000e+04,2.004454526575086604e+00,5.424652174622359269e+00
6.659700000000000000e+04,2.017480001106717769e+00,5.406147728836280919e+00
6.659800000000000000e+04,2.025258297873443247e+00,5.358421537289796532e+00
6.659900000000000000e+04,2.035481017894759326e+00,5.321229148359794436e+00
6.660000000000000000e+04,2.043440923690954758e+00,5.334108768133727807e+00
6.660100000000000000e+04,2.054469126334022899e+00,5.344537259856199540e+00
6.660200000000000000e+04,2.087832773226824479e+00,5.357050852065611934e+00
6.660300000000000000e+04,2.082455381814405371e+00,5.322478711054468903e+00
6.660400000000000000e+04,2.071127730099869169e+00,5.271075642496928282e+00
6.660500000000000000e+04,2.087172201799545768e+00,5.282731711958842169e+00
6.660600000000000000e+04,2.082598918617352357e+00,5.262592229301795044e+00
6.660700000000000000e+04,2.089364802375559105e+00,5.238948890830616989e+00
6.660800000000000000e+04,2.081714907158176420e+00,5.190375226688118460e+00
6.660900000000000000e+04,2.096591321791735574e+00,5.176970141371658229e+00
6.661000000000000000e+04,2.116981760125496770e+00,5.184860403283462205e+00
6.661100000000000000e+04,2.070030906426516992e+00,5.161234958585492194e+00
6.661200000000000000e+04,2.076615664704861253e+00,5.150918141860769239e+00
6.661300000000000000e+04,2.073289374193752810e+00,5.123295668538883518e+00
6.661400000000000000e+04,2.060279915855558031e+00,5.103135511981570005e+00
6.661500000000000000e+04,2.218752467922204374e+00,5.229061937712335961e+00
6.661600000000000000e+04,2.055730189104959749e+00,5.085421871258786197e+00
6.661700000000000000e+04,2.022107024906695028e+00,4.999642458724148142e+00
6.661800000000000000e+04,2.024862279942265975e+00,4.940242922864403141e+00
6.661900000000000000e+04,2.001490616903289776e+00,4.896428165953164324e+00
6.662000000000000000e+04,1.989049803027558072e+00,4.844638206932321722e+00
6.662100000000000000e+04,1.986633679440760858e+00,4.815110451850200590e+00
6.662200000000000000e+04,1.972309196060542558e+00,4.794431719657243463e+00
6.662300000000000000e+04,1.950965496407270239e+00,4.776230517908134132e+00
6.662400000000000000e+04,1.943864635855301781e+00,4.853522968329894383e+00
6.662500000000000000e+04,2.003543939101454008e+00,4.820431678129422082e+00
6.662600000000000000e+04,1.902401242186528396e+00,4.703757553701185756e+00
6.662700000000000000e+04,1.880446083330845175e+00,4.653766933632862646e+00
6.662800000000000000e+04,1.872548286206269452e+00,4.613147775612524981e+00
6.662900000000000000e+04,1.865532134583825608e+00,4.584337324846288197e+00
6.663000000000000000e+04,1.852720659679618409e+00,4.583105785192959303e+00
6.663100000000000000e+04,1.831078605671318860e+00,4.529011250069959971e+00
6.663200000000000000e+04,1.810485043580964959e+00,4.499622154342194591e+00
6.663300000000000000e+04,1.796205848481435607e+00,4.506788850093627730e+00
6.663400000000000000e+04,1.762935816964376512e+00,4.506718163660796250e+00
6.663500000000000000e+04,1.699407153664094450e+00,4.539542527749205192e+00
6.663600000000000000e+04,1.715090761475470016e+00,4.502721458798099263e+00
6.663700000000000000e+04,1.681328303702968929e+00,4.327158242781376174e+00
6.663800000000000000e+04,1.735132641723893254e+00,4.201905526618759268e+00
6.663900000000000000e+04,1.717227465444116641e+00,4.270714380445038927e+00
6.664000000000000000e+04,1.708978379698709471e+00,4.306601407142579774e+00
6.664100000000000000e+04,1.692959672033919505e+00,4.328111237462586303e+00
6.664200000000000000e+04,1.638902207054930171e+00,4.548928684216047458e+00
6.664300000000000000e+04,1.684662071875487666e+00,4.329907087963327683e+00
6.664400000000000000e+04,1.640713480925591439e+00,4.185005334441118663e+00
6.664500000000000000e+04,1.529216032907541267e+00,4.566165996095897128e+00
6.664600000000000000e+04,1.550728411976342702e+00,4.488747845066349385e+00
6.664700000000000000e+04,1.543332197009704032e+00,4.427886796706246741e+00
6.664800000000000000e+04,1.537553034976286481e+00,4.360971309277644536e+00
6.664900000000000000e+04,1.531198849052313182e+00,4.276613797523005189e+00
6.665000000000000000e+04,1.526792447484384363e+00,4.234877591630073823e+00
6.665100000000000000e+04,1.526666080322312213e+00,4.225200399245579774e+00
6.665200000000000000e+04,1.525526663444896958e+00,4.197025524263629848e+00
6.665300000000000000e+04,1.496415570366717240e+00,4.190332059561129086e+00
6.665400000000000000e+04,1.489715055717438563e+00,4.198855473158708662e+00
6.665500000000000000e+04,1.467038921270979124e+00,4.205230617400673054e+00
6.665600000000000000e+04,1.462781250532371624e+00,4.186746122483448573e+00
6.665700000000000000e+04,1.314649490657372466e+00,4.623354551165128612e+00
6.665800000000000000e+04,1.215637628502686862e+00,4.896975453146986013e+00
6.665900000000000000e+04,1.102435164641720977e+00,5.143295861409825420e+00
6.666000000000000000e+04,1.040563316119760939e+00,5.356230903492189555e+00
6.666100000000000000e+04,1.216310111868447841e+00,5.485322922010347213e+00
6.666200000000000000e+04,9.332103783892607973e-01,5.810948463547809695e+00
6.666300000000000000e+04,8.402801384724227773e-01,6.141680731687710448e+00
6.666400000000000000e+04,7.830312592236996494e-01,6.371481670262770791e+00
6.666500000000000000e+04,7.184836938171802467e-01,6.538824157715350083e+00
6.666600000000000000e+04,6.691297739363563091e-01,6.692545498632849643e+00
6.666700000000000000e+04,6.030625958830824196e-01,6.879317039251592547e+00
6.666800000000000000e+04,5.585732055776794214e-01,7.051988687845913262e+00
6.666900000000000000e+04,5.172476790117946921e-01,7.196793710507325414e+00
6.667000000000000000e+04,4.575578429952138482e-01,7.360179363385107365e+00
6.667100000000000000e+04,4.009633021503283268e-01,7.537989034911930730e+00
6.667200000000000000e+04,3.645205479933172343e-01,7.649992092938067145e+00
6.667300000000000000e+04,3.239621291566899264e-01,7.788257704299937245e+00
6.667400000000000000e+04,2.816495408726223948e-01,7.934880121799061214e+00
6.667500000000000000e+04,2.375593011042695102e-01,8.093279732461692078e+00
6.667600000000000000e+04,2.044469507707975531e-01,8.268511814254551950e+00
6.667700000000000000e+04,1.691728366915842829e-01,8.364366825273542361e+00
6.667800000000000000e+04,1.587723195557267097e-01,8.283422043495953346e+00
6.667900000000000000e+04,1.454064665820358204e-01,8.237142617418804491e+00
6.668000000000000000e+04,1.356939252556209341e-01,8.234264140988361902e+00
6.668100000000000000e+04,1.269222240841547666e-01,8.236874861612569987e+00
6.668200000000000000e+04,1.158528691412982203e-01,8.250140195268951260e+00
6.668300000000000000e+04,1.147718943136597919e-01,8.273903758716940615e+00
6.668400000000000000e+04,1.005492995966617426e-01,8.255186110680188705e+00
6.668500000000000000e+04,9.682725464221059175e-02,8.180412799751906050e+00
6.668600000000000000e+04,9.003131691745638876e-02,8.133420549856779758e+00
6.668700000000000000e+04,8.832972312834824757e-02,8.132232946642794502e+00
6.668800000000000000e+04,7.419457035402969580e-02,8.131974021822511389e+00
6.668900000000000000e+04,6.540788159089859499e-02,8.118668156433198391e+00
6.669000000000000000e+04,5.701539495678585590e-02,8.112264378580764657e+00
6.669100000000000000e+04,5.317491733078638649e-02,8.107701862627862965e+00
6.669200000000000000e+04,1.181557824900393919e-02,8.092387086430440135e+00
6.669300000000000000e+04,3.425106625173245101e-02,8.063591785736281992e+00
6.669400000000000000e+04,5.579084242058894583e-02,8.010323361166186373e+00
6.669500000000000000e+04,5.518090341450570396e-02,7.985472243676115411e+00
6.669600000000000000e+04,1.684768898199503484e-01,7.899565238853559990e+00
6.669700000000000000e+04,1.611810325319321113e-01,7.845502914432755048e+00
6.669800000000000000e+04,1.493691355358049144e-01,7.845462327757225296e+00
6.669900000000000000e+04,1.444768534125299708e-01,7.828607846785734736e+00
6.670000000000000000e+04,2.595440410596498992e-01,7.674520429370730312e+00
6.670100000000000000e+04,1.655230545877901527e-01,7.666471318873940177e+00
6.670200000000000000e+04,1.218246112241333223e-01,7.714922951577307231e+00
6.670300000000000000e+04,1.638983275721384580e-01,7.664316475603069279e+00
6.670400000000000000e+04,9.731472905235044601e-02,7.624232940955165461e+00
6.670500000000000000e+04,1.049972276531957183e-01,7.540015202315480281e+00
6.670600000000000000e+04,1.150771076095845891e-01,7.516033428512644221e+00
6.670700000000000000e+04,1.187774261190869679e-01,7.510031036530417481e+00
6.670800000000000000e+04,1.273575965945599742e-01,7.476722205762641238e+00
6.670900000000000000e+04,1.283251552796522144e-01,7.432857417521065102e+00
6.671000000000000000e+04,1.314056125799256680e-01,7.382571090083875021e+00
6.671100000000000000e+04,1.352904484799096752e-01,7.340233740886558778e+00
6.671200000000000000e+04,1.395730582570650358e-01,7.287012635404938266e+00
6.671300000000000000e+04,1.438839320720001480e-01,7.242564488159539238e+00
6.671400000000000000e+04,1.482066606934019926e-01,7.201754373005112342e+00
6.671500000000000000e+04,1.486950763489015004e-01,7.163283847366665569e+00
6.671600000000000000e+04,1.514758642566784719e-01,7.131947085448937074e+00
6.671700000000000000e+04,1.556183234558701223e-01,7.106185439431213169e+00
6.671800000000000000e+04,1.497699493401485338e-01,7.069367425387794057e+00
6.671900000000000000e+04,1.528341137423808449e-01,7.009849525557328320e+00
6.672000000000000000e+04,1.581379586477482113e-01,7.005294222407831839e+00
6.672100000000000000e+04,1.653512188572989761e-01,6.982268946030488976e+00
6.672200000000000000e+04,1.590982610486380011e-01,6.915538278484175905e+00
6.672300000000000000e+04,1.573417436730628061e-01,6.876851688935269991e+00
6.672400000000000000e+04,1.481699786245975481e-01,6.881192109573660787e+00
6.672500000000000000e+04,1.677248266951107958e-01,6.850906604152370960e+00
6.672600000000000000e+04,1.700781570533000941e-01,6.809180858845326867e+00
6.672700000000000000e+04,1.731200186243604389e-01,6.752909834142643675e+00
6.672800000000000000e+04,1.731893835344486543e-01,6.708697975871787733e+00
6.672900000000000000e+04,1.715132576943488307e-01,6.678295976402687018e+00
6.673000000000000000e+04,1.797717721897627574e-01,6.622152552919720492e+00
6.673100000000000000e+04,1.764874102509603193e-01,6.652269820175034098e+00
6.673200000000000000e+04,1.703764312466964082e-01,6.642378610890837365e+00
6.673300000000000000e+04,1.670022629053943275e-01,6.630691367709058426e+00
6.673400000000000000e+04,1.793806385294732797e-01,6.543141187812757664e+00
6.673500000000000000e+04,1.674942045229312060e-01,6.491514646999707594e+00
6.673600000000000000e+04,1.817768618785338686e-01,6.420866263005201802e+00
6.673700000000000000e+04,1.776854982221464652e-01,6.392874720451622750e+00
6.673800000000000000e+04,1.749721414102161365e-01,6.375134490519325681e+00
6.673900000000000000e+04,1.808881315757662200e-01,6.350028375691927351e+00
6.674000000000000000e+04,2.013973817495527119e-01,6.295752150479138720e+00
6.674100000000000000e+04,1.895456661395222009e-01,6.318382338799953146e+00
6.674200000000000000e+04,2.066993457020636638e-01,6.440962622850513242e+00
6.674300000000000000e+04,1.690843242521510303e-01,6.401490279039638409e+00
6.674400000000000000e+04,1.733544457844201359e-01,6.331250770323208599e+00
6.674500000000000000e+04,1.742249678908989741e-01,6.312727223772764518e+00
6.674600000000000000e+04,1.801407681109538361e-01,6.304162163475112379e+00
6.674700000000000000e+04,2.168683567813106949e-01,6.178474403592705499e+00
6.674800000000000000e+04,1.963242615633297994e-01,6.211113069267206299e+00
6.674900000000000000e+04,1.914469605193705182e-01,6.336080125463244173e+00
6.675000000000000000e+04,2.475378869628448442e-01,6.296535624020471289e+00
6.675100000000000000e+04,1.822743120010156259e-01,6.138103189274502824e+00
6.675200000000000000e+04,2.106936383797127499e-01,6.087385100096602386e+00
6.675300000000000000e+04,1.925659694333116123e-01,6.044066771757078627e+00
6.675400000000000000e+04,1.557421276705171498e-01,6.072010850867007647e+00
6.675500000000000000e+04,2.062345192992702247e-01,6.035223939709119634e+00
6.675600000000000000e+04,2.232585748099759071e-01,6.000906848805605875e+00
6.675700000000000000e+04,2.679875809189943836e-01,5.948480791562612779e+00
6.675800000000000000e+04,2.547597437781778384e-01,5.916792436672631439e+00
6.675900000000000000e+04,2.483322551185778160e-01,5.947852821673455637e+00
6.676000000000000000e+04,2.723956225843727763e-01,5.866812144116371641e+00
6.676100000000000000e+04,3.085502148695834501e-01,5.703384964085186581e+00
6.676200000000000000e+04,3.270916794012839746e-01,5.774378977626000164e+00
6.676300000000000000e+04,2.273966931870079200e-01,5.445490602931734259e+00
6.676400000000000000e+04,2.442675133161330558e-01,5.498838570019678684e+00
6.676500000000000000e+04,2.347997564638674151e-01,5.499361051634137354e+00
6.676600000000000000e+04,2.308111789864003838e-01,5.500583793100272345e+00
6.676700000000000000e+04,2.272490775905416371e-01,5.477800308766228810e+00
6.676800000000000000e+04,2.247436772138965977e-01,5.464320738670549460e+00
6.676900000000000000e+04,3.717705819406426637e-01,5.051218273759687349e+00
6.677000000000000000e+04,3.445362582568086141e-01,5.051406428597008613e+00
6.677100000000000000e+04,3.417613961142302870e-01,5.062145523435425787e+00
6.677200000000000000e+04,3.424642034774748600e-01,5.057019706267757542e+00
6.677300000000000000e+04,3.389978511338332945e-01,5.048378421272632366e+00
6.677400000000000000e+04,3.356152378545245729e-01,5.042162791106489905e+00
6.677500000000000000e+04,3.337878208278067804e-01,5.032588578309244554e+00
6.677600000000000000e+04,3.295571754110456775e-01,5.023827094462847143e+00
6.677700000000000000e+04,3.278296671993358724e-01,5.016264547440075106e+00
6.677800000000000000e+04,3.243578152789985403e-01,5.004539142212493630e+00
6.677900000000000000e+04,3.240194764145965522e-01,4.991320673071271585e+00
6.678000000000000000e+04,3.219993342805979597e-01,4.979331279575793801e+00
6.678100000000000000e+04,3.200427948232597575e-01,4.966528796441700422e+00
6.678200000000000000e+04,3.181377975805217417e-01,4.955777704094609604e+00
6.678300000000000000e+04,3.165861724901703478e-01,4.943752975727928600e+00
6.678400000000000000e+04,3.154464514530042063e-01,4.925143015551750381e+00
6.678500000000000000e+04,3.121711949299588729e-01,4.914032244530663007e+00
6.678600000000000000e+04,3.078999406191492705e-01,4.900791118802080959e+00
6.678700000000000000e+04,3.082210677358047657e-01,4.894643457485145177e+00
6.678800000000000000e+04,2.960056876002634674e-01,4.943987814240259127e+00
6.678900000000000000e+04,3.013146978258228192e-01,4.868201399350139624e+00
6.679000000000000000e+04,2.966670398290628952e-01,4.826282944174861811e+00
6.679100000000000000e+04,3.107472153090881095e-01,4.808037990390095828e+00
6.679200000000000000e+04,3.025790102222389866e-01,4.816312246083434445e+00
6.679300000000000000e+04,3.017401958772756854e-01,4.806112908164545061e+00
6.679400000000000000e+04,2.981371228091564962e-01,4.802116628902609818e+00
6.679500000000000000e+04,2.991686678550993239e-01,4.787690662515210249e+00
6.679600000000000000e+04,2.991969880026714712e-01,4.766367646629010579e+00
6.679700000000000000e+04,3.014422392021844366e-01,4.761951933845637086e+00
6.679800000000000000e+04,2.977870262598800721e-01,4.742857752327902077e+00
6.679900000000000000e+04,2.895205206400843223e-01,4.702407186236701619e+00
6.680000000000000000e+04,2.907546608152478673e-01,4.702170262820228430e+00
6.680100000000000000e+04,2.854167283295733215e-01,4.706253797654927240e+00
6.680200000000000000e+04,2.856397153320369697e-01,4.677968368840023317e+00
6.680300000000000000e+04,2.836874660145656812e-01,4.661050837585438700e+00
6.680400000000000000e+04,2.842216697166208283e-01,4.633004407470188823e+00
6.680500000000000000e+04,2.826675920930934449e-01,4.609008009467213896e+00
6.680600000000000000e+04,2.808760934279724286e-01,4.597693693487153510e+00
6.680700000000000000e+04,2.814107567928688658e-01,4.580705237451406120e+00
6.680800000000000000e+04,2.834819959402146150e-01,4.574433948819422113e+00
6.680900000000000000e+04,2.854893063804208597e-01,4.557315812144844713e+00
6.681000000000000000e+04,2.541060236453099655e-03,3.193983026168822903e-02
6.681100000000000000e+04,6.335895492301596432e-03,2.608168837926427841e-02
6.681200000000000000e+04,4.604134196447712442e-03,1.998184709224659628e-02
6.681300000000000000e+04,3.489201624901728822e-03,1.877209183220784894e-02
6.681400000000000000e+04,2.702332052810138205e-03,2.211371058255195976e-02
6.681500000000000000e+04,2.492659709605993690e-03,2.631728285745182916e-02
6.681600000000000000e+04,3.372338539668633464e-03,2.815766127032048871e-02
6.681700000000000000e+04,3.252502923402255698e-03,2.511217825135503290e-02
6.681800000000000000e+04,2.220378262803095974e-03,2.606384759967639297e-02
6.681900000000000000e+04,3.224524473385944907e-03,2.517896857291646029e-02
6.682000000000000000e+04,3.256855968527066179e-03,2.315654738135464186e-02
6.682100000000000000e+04,2.166435841630212980e-03,2.173994148276392480e-02
6.682200000000000000e+04,2.814895997770119982e-03,2.266017797197861228e-02
6.682300000000000000e+04,3.034118651415116438e-03,2.299820620851633635e-02
6.682400000000000000e+04,2.977637717464662326e-03,2.432822543133994486e-02
6.682500000000000000e+04,3.752890648080794370e-03,2.600983217918795276e-02
6.682600000000000000e+04,2.524785809708788176e-03,2.524692064622868770e-02
6.682700000000000000e+04,4.913546083972016379e-03,2.472509185763627215e-02
6.682800000000000000e+04,4.592426694905876045e-03,2.365548912724690922e-02
6.682900000000000000e+04,5.884609795408125496e-03,2.577879529148674465e-02
6.683000000000000000e+04,5.250426454816686794e-03,2.487315739011464188e-02
6.683100000000000000e+04,6.344178009497861495e-03,2.374034945086833659e-02
6.683200000000000000e+04,6.016038721829054456e-03,2.088222734167999306e-02
6.683300000000000000e+04,6.681059339557971627e-03,2.049447873701382150e-02
6.683400000000000000e+04,4.932086006352231697e-03,1.932518343239308933e-02
6.683500000000000000e+04,3.908488921998363834e-03,1.793923338100711362e-02
6.683600000000000000e+04,2.145315348214799512e-03,1.935815418065089943e-02
6.683700000000000000e+04,3.498195245024909601e-03,1.736768844180858196e-02
6.683800000000000000e+04,3.475157661444822944e-03,1.742914768609438170e-02
6.683900000000000000e+04,2.343833739126441936e-03,1.805274850968885403e-02
6.684000000000000000e+04,9.785896607153172881e-04,1.837605562546684723e-02
6.684100000000000000e+04,6.134814504688715451e-04,1.712487003793938811e-02
6.684200000000000000e+04,2.329791271512377578e-03,1.801143293285178970e-02
6.684300000000000000e+04,3.205478168050909012e-03,1.860194266693682152e-02
6.684400000000000000e+04,3.763167195808710813e-03,1.759813461907455689e-02
6.684500000000000000e+04,5.307534324134752061e-03,2.090483217127214743e-02
6.684600000000000000e+04,6.638149279723339416e-03,2.308564182113315155e-02
6.684700000000000000e+04,7.797674948178405681e-03,2.270345990977418182e-02
6.684800000000000000e+04,9.170174995900294210e-03,2.112280447008885176e-02
6.684900000000000000e+04,1.008712882853410667e-02,2.327559171155613171e-02
6.685000000000000000e+04,1.247026228222672221e-02,3.581265425610169473e-02
6.685100000000000000e+04,9.260511968907828018e-03,3.177719764000030978e-02
6.685200000000000000e+04,1.420624969763837654e-02,2.904202124313570721e-02
6.685300000000000000e+04,9.051619846414511728e-03,4.823230495306418675e-02
6.685400000000000000e+04,3.783446050697178431e-03,2.468014901424453456e-03
6.685500000000000000e+04,2.337778541646217886e-02,1.675938794386411246e-02
6.685600000000000000e+04,7.540412243998311816e-03,3.580031187848220497e-03
6.685700000000000000e+04,1.512986213072754077e-02,4.358986710677470455e-04
6.685800000000000000e+04,1.058534882347314174e-02,5.635524912186440361e-03
6.685900000000000000e+04,1.321737354538657198e-02,3.869137408776879283e-02
6.686000000000000000e+04,2.207890036940239609e-02,1.089905108016253621e-02
6.686100000000000000e+04,1.291040045946975287e-02,2.447423424852601670e-02
6.686200000000000000e+04,1.410732467284668903e-02,4.070938429237358491e-02
6.686300000000000000e+04,4.143168227533218853e-03,3.466333303538959854e-02
6.686400000000000000e+04,2.200642568341467254e-03,1.803599720874515810e-02
6.686500000000000000e+04,2.665402442569453009e-02,4.362843496546631172e-02
6.686600000000000000e+04,1.949672796620220694e-02,3.373071044400433038e-03
6.686700000000000000e+04,6.152943267006127405e-03,3.008463253681625815e-02
6.686800000000000000e+04,1.402437945566041740e-02,4.867403689551252910e-02
6.686900000000000000e+04,3.702486663824206686e-02,1.116821168871240388e-02
6.687000000000000000e+04,6.932001536864935975e-02,4.956752936673325394e-02
6.687100000000000000e+04,4.251847327022753933e-03,1.858433082507104928e-03
6.687200000000000000e+04,1.663790116092994306e-02,6.014165755736300412e-02
6.687300000000000000e+04,2.133151369268872222e-02,5.132707331767960568e-02
6.687400000000000000e+04,3.223439924546164792e-02,7.379061646364704075e-03
6.687500000000000000e+04,7.397914515969133964e-01,4.135879185956277126e-01
6.687600000000000000e+04,6.975867253114717004e-01,3.302658182692965738e-01
6.687700000000000000e+04,4.638905069308639148e-03,2.017591585500966289e-02
6.687800000000000000e+04,4.681561346305710414e-01,1.180800856538297694e-01
6.687900000000000000e+04,9.619258268773549225e-02,7.083706813247658829e-03
6.688000000000000000e+04,5.033399284765938814e-02,3.595118973630562209e-02
6.688100000000000000e+04,6.231226550456544361e-02,2.900493711457130530e-02
6.688200000000000000e+04,5.378817983399780678e-02,2.503340620871696842e-02
6.688300000000000000e+04,1.359038090598823495e-02,3.534381615715176395e-04
6.688400000000000000e+04,3.245425717077990435e-02,9.013136546986544317e-03
6.688500000000000000e+04,4.493689409686076053e-02,9.634416827673675243e-02
6.688600000000000000e+04,7.750404349438794194e-02,1.325401078148686906e-01
6.688700000000000000e+04,1.241644059741277978e-02,4.536152916418245695e-02
6.688800000000000000e+04,3.454340920900579592e-02,1.327765448919748792e-02
6.688900000000000000e+04,3.850855304051174766e-02,3.245703526668108907e-02
6.689000000000000000e+04,3.028459442205098245e-02,1.312084978835770244e-02
6.689100000000000000e+04,4.770854610034870602e-02,2.992691185868068260e-02
6.689200000000000000e+04,5.302627815041561360e-02,1.856569896902371397e-02
6.689300000000000000e+04,5.037282604606844322e-02,6.019621643226003016e-03
6.689400000000000000e+04,5.450159355940228934e-02,1.338580470435601910e-02
6.689500000000000000e+04,1.539680126563154894e-01,1.292739533678712860e-01
6.689600000000000000e+04,1.484163812530943372e-01,1.015089863993203778e-01
6.689700000000000000e+04,1.176159811640009184e-01,6.573902482720228591e-02
6.689800000000000000e+04,1.009873362907570266e-01,4.483612695633354406e-02
6.689900000000000000e+04,6.280238355279611773e-02,1.318432843165595614e-02
6.690000000000000000e+04,8.112720269680605278e-02,1.096248745676220437e-02
6.690100000000000000e+04,8.086126793244556576e-02,1.477072058491302187e-02
6.690200000000000000e+04,7.323277651796709919e-02,1.031565047038540683e-02
6.690300000000000000e+04,7.436796736129674956e-02,7.959062084694323858e-03
6.690400000000000000e+04,4.238084198015694415e-02,1.689567397271574123e-02
6.690500000000000000e+04,3.447109700048305719e-02,1.104490642153521662e-02
6.690600000000000000e+04,1.865640205768756554e-01,1.611153541913665777e-01
6.690700000000000000e+04,9.988545596268412485e-02,6.636123046374109435e-02
6.690800000000000000e+04,7.078730476120423387e-02,1.210535966031223154e-01
6.690900000000000000e+04,2.492749906617391931e-02,2.190995324647104781e-02
6.691000000000000000e+04,4.112849049844665705e-01,8.860889833178831054e-02
6.691100000000000000e+04,3.318486021422626525e-02,1.726447017663019778e-01
6.691200000000000000e+04,2.255851922395283454e-02,5.121782327815083136e-02
6.691300000000000000e+04,5.544462053163037168e-02,3.391962059000164231e-02
6.691400000000000000e+04,4.003324637576088918e-02,2.331650038130561597e-02
6.691500000000000000e+04,4.002200707065646512e-02,6.687041562258855265e-04
6.691600000000000000e+04,3.252262247476202933e-02,1.876553541574921269e-02
6.691700000000000000e+04,2.748252959344749807e-02,1.304530568761244069e-01
6.691800000000000000e+04,3.436756853290920399e-02,1.879622980328576887e-02
6.691900000000000000e+04,6.326379402668802499e-02,1.685779549253680898e-01
6.692000000000000000e+04,2.491543480646269196e-02,1.106513590517366197e-01
6.692100000000000000e+04,8.816399372893259090e-02,1.067943887113500523e-01
6.692200000000000000e+04,7.330735996096562901e-02,1.643605620261432421e-01
6.692300000000000000e+04,1.542983947560120361e-01,3.947916122569239405e-02
6.692400000000000000e+04,1.266863377084526121e-01,1.339882231896858400e-01
6.692500000000000000e+04,4.384106786568040676e-02,1.343857365891274469e-01
6.692600000000000000e+04,2.026926557812300245e-01,3.007128011195234762e-01
6.692700000000000000e+04,1.722985021649963422e-01,2.010219465396794192e-01
6.692800000000000000e+04,3.350208647617365643e-02,1.636375031997729934e-01
6.692900000000000000e+04,2.819058796603070641e-02,6.904423774997070495e-02
6.693000000000000000e+04,2.847613963790812663e-02,5.566825051137413993e-02
6.693100000000000000e+04,1.449879713612265641e+00,8.104154091893178702e-01
6.693200000000000000e+04,1.066597906091392378e+00,9.012843899254754376e-01
6.693300000000000000e+04,1.043197477877428003e+00,8.965389849375817732e-01
6.693400000000000000e+04,1.029480294306564625e+00,8.707835483600270265e-01
6.693500000000000000e+04,9.914665738390984195e-01,8.572307374051604256e-01
6.693600000000000000e+04,1.004944458837131238e+00,8.530319733904150326e-01
6.693700000000000000e+04,1.002984776265525735e+00,8.720906867655067174e-01
6.693800000000000000e+04,9.970066321415665955e-01,8.900001580793102107e-01
6.693900000000000000e+04,9.976191772065314822e-01,9.049777724087881836e-01
6.694000000000000000e+04,9.934407179885548222e-01,9.088970942669654107e-01
6.694100000000000000e+04,9.893667449199852193e-01,9.187382644178931912e-01
6.694200000000000000e+04,9.874357934113041635e-01,9.229449534967812951e-01
6.694300000000000000e+04,9.911021926204384158e-01,9.274377902100212623e-01
6.694400000000000000e+04,9.904747260429147548e-01,9.315440855539769416e-01
6.694500000000000000e+04,9.908937325673670138e-01,9.370103746795415134e-01
6.694600000000000000e+04,9.838485163952699342e-01,9.304692731781720738e-01
6.694700000000000000e+04,1.013570232662188042e+00,9.688273786536285570e-01
6.694800000000000000e+04,1.036223569287258339e+00,9.309799342739601968e-01
6.694900000000000000e+04,1.032493876814854161e+00,8.805114086815137853e-01
6.695000000000000000e+04,1.008090844704373934e+00,8.667924441660552759e-01
6.695100000000000000e+04,1.010603767216894378e+00,8.756779659604774224e-01
6.695200000000000000e+04,1.010197592346615547e+00,8.783727842110025108e-01
6.695300000000000000e+04,1.007224929843205663e+00,8.805167685020336421e-01
6.695400000000000000e+04,9.981711352243346491e-01,8.846463720894490734e-01
6.695500000000000000e+04,9.936433150500517675e-01,8.849012608938515712e-01
6.695600000000000000e+04,1.046731739793335558e+00,1.003740042005144772e+00
6.695700000000000000e+04,1.000511938373055854e+00,9.236642191179775807e-01
6.695800000000000000e+04,9.983146289636762871e-01,8.934673376119128818e-01
6.695900000000000000e+04,9.919809158413818162e-01,8.788440368072407693e-01
6.696000000000000000e+04,1.003077358643157835e+00,8.946307296898332595e-01
6.696100000000000000e+04,1.008879745302988962e+00,8.995964343006335184e-01
6.696200000000000000e+04,9.788908377908273062e-01,8.253817503725144888e-01
6.696300000000000000e+04,9.464962830075378530e-01,7.473338536490885531e-01
6.696400000000000000e+04,8.598435037519823743e-01,6.540264459147273612e-01
6.696500000000000000e+04,8.948557640023639959e-01,8.080814087220176134e-01
6.696600000000000000e+04,8.449090831654449962e-01,1.071426055599115301e+00
6.696700000000000000e+04,8.030075005293753065e-01,1.599466619505939491e+00
6.696800000000000000e+04,8.377599248716371960e-01,1.760243040912762069e+00
6.696900000000000000e+04,9.439811042978221156e-01,2.010401732642979056e+00
6.697000000000000000e+04,8.967659199176712947e-01,1.830221391302437439e+00
6.697100000000000000e+04,8.782132041574528536e-01,1.690684989423168361e+00
6.697200000000000000e+04,7.662475225484041141e-01,1.508434860374809006e+00
6.697300000000000000e+04,7.226762489121196786e-01,1.400864041854092079e+00
6.697400000000000000e+04,6.934850574931570311e-01,1.345551959159038802e+00
6.697500000000000000e+04,6.977322616180685610e-01,1.288775621298253071e+00
6.697600000000000000e+04,6.798509306014376419e-01,1.256069336371758993e+00
6.697700000000000000e+04,6.543759650546616680e-01,1.091773245103379253e+00
6.697800000000000000e+04,6.232820911568603961e-01,9.430061676690861816e-01
6.697900000000000000e+04,5.955266981749435251e-01,8.501559329348431504e-01
6.698000000000000000e+04,5.659282910751043394e-01,7.897481362834923857e-01
6.698100000000000000e+04,5.520960419158722488e-01,7.449624993703842790e-01
6.698200000000000000e+04,5.342496704379438022e-01,7.037799095204029243e-01
6.698300000000000000e+04,5.199653538837268885e-01,6.614224478942567487e-01
6.698400000000000000e+04,5.078661680863182371e-01,6.304228025297611282e-01
6.698500000000000000e+04,4.984025966399588392e-01,5.982454040507967363e-01
6.698600000000000000e+04,4.875746453795579138e-01,5.736415868153450504e-01
6.698700000000000000e+04,4.796591476485176364e-01,5.491469203844303593e-01
6.698800000000000000e+04,4.738087234595461106e-01,5.277795632316788499e-01
6.698900000000000000e+04,4.667513253242250304e-01,5.073620259538635935e-01
6.699000000000000000e+04,4.605283053680604421e-01,4.884730684998004335e-01
6.699100000000000000e+04,4.563695517898148646e-01,4.782199748768967140e-01
6.699200000000000000e+04,4.526989730442281257e-01,4.674699230239731662e-01
6.699300000000000000e+04,4.487871610569064140e-01,4.559327796843568592e-01
6.699400000000000000e+04,4.447214524490358811e-01,4.438647783348734777e-01
6.699500000000000000e+04,4.398374080431290412e-01,4.304745421979845332e-01
6.699600000000000000e+04,4.357653944280157621e-01,4.179088876838825684e-01
6.699700000000000000e+04,4.317865290802758715e-01,4.078661252927098246e-01
6.699800000000000000e+04,4.288860396242412665e-01,4.031783896774356890e-01
6.699900000000000000e+04,4.240397362821337612e-01,3.965223348346960108e-01
6.700000000000000000e+04,4.197747968899954718e-01,3.824999999095659575e-01
6.700100000000000000e+04,4.162503682679781214e-01,3.718886520079074387e-01
6.700200000000000000e+04,4.139472733035495233e-01,3.710423215253619844e-01
6.700300000000000000e+04,4.114321629446394124e-01,3.613309366543688839e-01
6.700400000000000000e+04,4.066778787821822005e-01,3.584915568955118204e-01
6.700500000000000000e+04,4.035448030640659822e-01,3.514290603313483530e-01
6.700600000000000000e+04,3.985442759629027054e-01,3.401526111397892294e-01
6.700700000000000000e+04,3.971927478621463115e-01,3.337788277414013294e-01
6.700800000000000000e+04,2.586619379691239631e-02,1.154256503000539169e-02
6.700900000000000000e+04,2.171957549746037636e-02,6.214715077412336086e-03
6.701000000000000000e+04,2.242690760003193673e-02,3.115723994572050515e-03
6.701100000000000000e+04,2.013957606969888833e-02,5.949969595029358516e-04
6.701200000000000000e+04,2.056881254266302098e-02,8.367170979784788187e-03
6.701300000000000000e+04,2.185433478825385759e-02,7.100207319524542982e-03
6.701400000000000000e+04,2.070576948938341461e-02,6.931721697231552071e-03
6.701500000000000000e+04,2.119571267426958658e-02,8.606923130425769841e-03
6.701600000000000000e+04,2.247450238796165622e-02,1.099433126167781438e-02
6.701700000000000000e+04,1.876316839193760064e-02,1.134900066688260267e-02
6.701800000000000000e+04,1.602291789652052212e-02,9.578401350125886893e-03
6.701900000000000000e+04,2.176633299578688632e-02,6.106119101811913197e-03
6.702000000000000000e+04,3.077234747734983872e-02,1.683202743301137616e-04
6.702100000000000000e+04,2.957895202991584968e-02,3.971504701002714910e-03
6.702200000000000000e+04,2.857944554105124740e-02,1.323968991979285192e-03
6.702300000000000000e+04,3.315520435650768510e-02,1.818719714929528664e-03
6.702400000000000000e+04,3.794545648049033743e-02,6.765331549324571370e-03
6.702500000000000000e+04,2.957332466856315428e-02,1.258038649872972314e-02
6.702600000000000000e+04,8.912937491767490561e-02,2.353209777850544526e-01
6.702700000000000000e+04,8.532938655371266265e-03,1.154749436297208831e-01
6.702800000000000000e+04,1.767803086011779032e-02,1.264550821602838937e-02
6.702900000000000000e+04,2.593569011395314289e-02,1.658264193114433738e-03
6.703000000000000000e+04,4.762717982455551002e-01,3.620326863319540678e-01
6.703100000000000000e+04,4.606467647734882043e-01,2.004117820932549421e-01
6.703200000000000000e+04,9.298561426659061047e-01,5.545919397159764230e-01
6.703300000000000000e+04,2.807584760225827480e-01,6.708754956684188642e-01
6.703400000000000000e+04,1.128835338203099781e+00,6.821604856907370618e-02
6.703500000000000000e+04,4.802078462503389100e-01,4.716729068911007516e-01
6.703600000000000000e+04,4.326998886695764823e-01,3.627550200999927199e-01
6.703700000000000000e+04,2.033927664724533568e-01,3.261606300555541793e-02
6.703800000000000000e+04,5.187411781297348590e-01,3.017390360482714584e-01
6.703900000000000000e+04,6.547807566208175833e-01,5.271081813101368141e-01
6.704000000000000000e+04,6.745624443995024144e-01,6.291545368639965830e-01
6.704100000000000000e+04,3.165431496486866281e-01,4.777616797892925149e-01
6.704200000000000000e+04,3.294085811306006195e-01,5.688601486466353663e-01
6.704300000000000000e+04,3.067801001001663752e-01,5.262951857134368083e-01
6.704400000000000000e+04,3.091644024460277196e-01,5.016258966475497516e-01
6.704500000000000000e+04,3.408253802033711644e-01,4.739776875582037974e-01
6.704600000000000000e+04,3.102852459425418652e-01,4.885810115495488049e-01
6.704700000000000000e+04,3.074329949186045963e-01,4.872722398961499835e-01
6.704800000000000000e+04,3.039912937473310262e-01,4.705492580221033450e-01
6.704900000000000000e+04,3.036284794028356049e-01,4.569238140814029236e-01
6.705000000000000000e+04,3.025120591799350112e-01,4.545738609225793425e-01
6.705100000000000000e+04,3.496837008125092214e-03,9.478072446338359214e-03
6.705200000000000000e+04,2.124434126029660364e-03,6.368894733075336489e-03
6.705300000000000000e+04,2.343179541643594481e-03,2.840865161271466377e-03
6.705400000000000000e+04,3.840653300464404087e-03,8.799105393464401459e-05
6.705500000000000000e+04,1.835380360513239398e-02,5.342694818764925913e-03
6.705600000000000000e+04,3.563917954347850525e-02,1.155810105312582436e-02
6.705700000000000000e+04,4.277608239300424026e-02,2.339417718400227386e-02
6.705800000000000000e+04,2.304664277265489752e-02,6.695867686673295793e-03
6.705900000000000000e+04,1.873674265773773648e-02,2.846339956715127073e-03
6.706000000000000000e+04,3.002226209635449616e-01,4.899522156396294292e-01
6.706100000000000000e+04,3.613340409446266777e-01,5.225839977964206184e-01
6.706200000000000000e+04,4.364865228389467888e-01,5.480050457771632466e-01
6.706300000000000000e+04,3.172361982498678179e-01,4.648457405526649211e-01
6.706400000000000000e+04,1.298649656404947950e-01,3.730138280198147527e-01
6.706500000000000000e+04,2.924259525687045169e-01,4.547879105433132452e-01
6.706600000000000000e+04,3.376760648014999755e-01,5.105244093335663536e-01
6.706700000000000000e+04,3.692082688492083209e-01,5.405242027599577170e-01
6.706800000000000000e+04,3.500692895654268222e-01,6.500911803449014315e-01
6.706900000000000000e+04,4.784235628076139446e-01,1.026442999411155910e+00
6.707000000000000000e+04,6.114631585914342971e-01,1.032824890424077324e+00
6.707100000000000000e+04,6.287697389539875781e-01,9.734362329747270337e-01
6.707200000000000000e+04,6.462624691975590308e-01,9.493858047016203727e-01
6.707300000000000000e+04,6.612139575462863128e-01,9.510427341081992836e-01
6.707400000000000000e+04,6.747493767624598293e-01,9.504531793187993571e-01
6.707500000000000000e+04,6.750598177394847577e-01,9.415363546283757046e-01
6.707600000000000000e+04,6.814404543059466857e-01,9.271368447826908721e-01
6.707700000000000000e+04,6.809612997251406341e-01,9.220826179699059821e-01
6.707800000000000000e+04,6.928607056839690692e-01,9.032695213313637339e-01
6.707900000000000000e+04,6.912002896036406607e-01,9.066373845879098781e-01
6.708000000000000000e+04,6.927848991846211613e-01,9.072636502292112937e-01
6.708100000000000000e+04,6.983936488588697866e-01,8.756303576255213272e-01
6.708200000000000000e+04,7.033315470838551464e-01,8.742924974048911224e-01
6.708300000000000000e+04,7.095602472804436456e-01,9.226338548379793281e-01
6.708400000000000000e+04,7.145862907347926285e-01,9.343424640522002278e-01
6.708500000000000000e+04,7.132114801630933254e-01,8.717733089348129738e-01
6.708600000000000000e+04,7.145028007005623794e-01,8.560832835666936091e-01
6.708700000000000000e+04,5.415308355669445038e-03,8.746392904246391709e-03
6.708800000000000000e+04,1.613501909583222801e-03,5.950654618565209830e-02
6.708900000000000000e+04,6.227282990788497036e-03,6.004025377770361160e-02
6.709000000000000000e+04,7.032051341317995669e-03,2.935971455388042273e-02
6.709100000000000000e+04,1.068433152134754850e-02,1.252713010741857147e-02
6.709200000000000000e+04,5.278845462546081189e-03,1.296737887807353218e-02
6.709300000000000000e+04,3.572638477150195599e-03,2.252821829004858500e-02
6.709400000000000000e+04,5.401389437174356108e-03,3.805271067417947961e-02
6.709500000000000000e+04,5.276669392589746627e-03,1.361818976976891804e-02
6.709600000000000000e+04,3.310884880548401171e-03,3.329989999843974147e-02
6.709700000000000000e+04,1.036438606073364355e-02,3.024585047092642753e-02
6.709800000000000000e+04,2.873971369626458078e-02,1.981108099934658640e-02
6.709900000000000000e+04,1.132806840721877449e-02,1.652968513508312753e-02
6.710000000000000000e+04,1.907566023972623315e-02,2.026301214956660601e-02
6.710100000000000000e+04,1.926050065604377123e-02,2.950765967505120102e-02
6.710200000000000000e+04,9.926262031452354542e-03,2.181810867686095889e-03
6.710300000000000000e+04,1.284958091092563287e-02,2.286406987305511507e-02
6.710400000000000000e+04,1.875495941803307851e-02,2.009353201456676175e-02
6.710500000000000000e+04,9.963003321254630326e-03,5.175962429760261330e-03
6.710600000000000000e+04,2.300175976347408266e-02,1.440554726491427573e-02
6.710700000000000000e+04,2.521079651576815794e-02,3.093001968472464114e-02
6.710800000000000000e+04,3.082022622468115133e-02,5.328500940931846230e-02
6.710900000000000000e+04,1.703160542753032192e-02,1.264842371978502911e-02
6.711000000000000000e+04,8.214824840058561686e-03,1.922343394902270575e-03
6.711100000000000000e+04,8.688107884251554391e-03,4.688900113180238804e-03
6.711200000000000000e+04,8.735905824637575645e-03,2.522272979689432759e-03
6.711300000000000000e+04,5.604518203982639980e-03,4.532545702300438961e-03
6.711400000000000000e+04,6.387687653146693380e-03,3.656391954223181529e-04
6.711500000000000000e+04,3.008042804707536984e-03,1.470750932811526468e-02
6.711600000000000000e+04,6.181849119316569323e-03,1.488283278474611393e-02
6.711700000000000000e+04,4.537309048983893985e-03,1.553782341590448368e-02
6.711800000000000000e+04,2.581447520729161348e-03,1.410686700159757834e-02
6.711900000000000000e+04,4.111324680981684639e-03,1.321952773896484246e-02
6.712000000000000000e+04,2.085385380597537790e-03,1.146728457010226521e-02
6.712100000000000000e+04,2.100275673763682405e-03,1.224089188512422766e-02
6.712200000000000000e+04,2.829826274013297858e-03,6.876368324537196486e-03
6.712300000000000000e+04,5.135999792938225963e-03,5.083440678856021577e-03
6.712400000000000000e+04,3.567838619231985826e-03,7.142628231672887296e-03
6.712500000000000000e+04,2.276143329406368938e-03,6.918985308420388947e-03
6.712600000000000000e+04,6.257967378048285081e-03,1.956059576325941407e-03
6.712700000000000000e+04,8.624793007612216802e-03,2.665381607346972714e-03
6.712800000000000000e+04,1.247451900503588826e-02,1.932767216516850795e-02
6.712900000000000000e+04,4.732485879144168045e-02,1.230283068001867264e-01
6.713000000000000000e+04,9.288966541734682350e-03,3.367219625868145272e-02
6.713100000000000000e+04,9.835472286483563920e-03,1.901024706018716870e-03
6.713200000000000000e+04,1.984675752695784588e-03,4.322566464217203475e-02
6.713300000000000000e+04,1.235686755327874004e-01,5.128663143169376326e-02
6.713400000000000000e+04,1.479081051406390401e-02,5.460984693755221997e-02
6.713500000000000000e+04,2.793418107700194192e-02,2.949826657530962848e-03
6.713600000000000000e+04,2.803162672548547563e-01,9.913623586721698189e-02
6.713700000000000000e+04,1.224186709873594514e-01,6.728604695776851941e-03
6.713800000000000000e+04,5.461107841984686601e-02,1.698858587705132095e-02
6.713900000000000000e+04,3.010943843153430360e-02,2.132544792193158401e-03
6.714000000000000000e+04,8.342982874788923420e-02,3.214297429453338850e-02
6.714100000000000000e+04,2.877148924663092688e-01,9.122266226305697501e-02
6.714200000000000000e+04,5.599963117432030929e-02,5.543249894597579441e-02
6.714300000000000000e+04,6.945651494078676491e-02,5.270104496746341738e-02
6.714400000000000000e+04,5.393566316395224242e-02,5.357579320957128743e-02
6.714500000000000000e+04,8.106041308325930006e-02,3.446679628050119959e-02
6.714600000000000000e+04,7.929818541529418119e-02,3.619072750658958171e-02
6.714700000000000000e+04,7.409050798882753364e-02,3.962784497647220405e-02
6.714800000000000000e+04,6.550521084406268901e-02,4.943923865857513533e-02
6.714900000000000000e+04,6.182558423788637320e-02,4.205503063651860884e-02
6.715000000000000000e+04,5.908362491293073226e-02,4.408313737252100850e-02
6.715100000000000000e+04,6.348200411827585599e-02,4.016333880662159572e-02
6.715200000000000000e+04,6.260727177096336860e-02,4.188651270410659322e-02
6.715300000000000000e+04,1.732089675888840996e-01,4.774033717303538538e-02
6.715400000000000000e+04,1.785245273809961397e-01,5.371332247886684286e-02
6.715500000000000000e+04,1.809155836471049161e-01,5.766346584265491515e-02
6.715600000000000000e+04,1.861213272254808593e-01,6.345167720103361830e-02
6.715700000000000000e+04,1.906919677762603793e-01,6.620990673618720734e-02
6.715800000000000000e+04,1.933366700969898211e-01,6.904300396674045714e-02
6.715900000000000000e+04,1.987717503169472155e-01,7.541502599710625532e-02
6.716000000000000000e+04,4.737327418213504310e-02,3.550553125319666492e-02
6.716100000000000000e+04,1.468091282348083296e-02,2.673921109700216903e-03
6.716200000000000000e+04,1.354686060671715375e-01,1.128889434007298576e-01
6.716300000000000000e+04,1.224605974044828439e-02,1.648876090530038141e-02
6.716400000000000000e+04,3.770257827557184360e-02,1.568588163646111866e-02
6.716500000000000000e+04,6.076184813091194126e-02,1.699350550878264698e-01
6.716600000000000000e+04,5.692479880983128404e-02,5.643144483048345705e-02
6.716700000000000000e+04,4.454738337140988491e-02,3.879825233426004161e-04
6.716800000000000000e+04,5.850505413669992300e-02,1.372941090968993194e-02
6.716900000000000000e+04,3.989835492996764155e-02,9.495654334909175986e-03
6.717000000000000000e+04,2.010638300374603324e-02,2.986921847863754920e-03
6.717100000000000000e+04,4.219593308157161549e-02,2.099695146083035979e-02
6.717200000000000000e+04,6.292583480542693342e-02,1.844984713122244102e-02
6.717300000000000000e+04,6.035005048507115916e-02,2.020089897756349728e-02
6.717400000000000000e+04,6.575503097956282572e-02,3.779791810417165721e-02
6.717500000000000000e+04,9.384770902124685288e-02,5.580782332981826244e-02
6.717600000000000000e+04,1.103300016998766814e-01,6.942690339844403979e-02
6.717700000000000000e+04,4.447823489068654379e-02,2.023354736422788847e-02
6.717800000000000000e+04,5.044086664047332108e-02,1.700031010827629530e-02
6.717900000000000000e+04,3.834163290134839225e-02,3.941118185247560746e-02
6.718000000000000000e+04,4.544888960535386352e-02,6.618448238933538619e-02
6.718100000000000000e+04,2.179124726758388877e-02,1.420527353744240884e-01
6.718200000000000000e+04,2.322217214050756665e-02,3.111470757869554404e-01
6.718300000000000000e+04,1.637067902639352812e-01,3.992392098361108310e-01
6.718400000000000000e+04,1.823005292332412763e-01,2.987045631138300905e-01
6.718500000000000000e+04,1.640336396057250345e-01,3.696455113008525473e-01
6.718600000000000000e+04,2.152725071248930977e-01,4.973074522372051831e-01
6.718700000000000000e+04,4.699332337740114857e-02,3.963876676754907180e-01
6.718800000000000000e+04,2.087692772444397493e-01,4.760227618210848277e-01
6.718900000000000000e+04,6.932133387677650305e-01,6.759329727304361768e-01
6.719000000000000000e+04,6.678504788349081123e-01,7.822726827183217324e-01
6.719100000000000000e+04,7.148367102561882236e-01,8.801765806231820477e-01
6.719200000000000000e+04,7.513627370630595603e-01,9.598082984905822457e-01
6.719300000000000000e+04,7.536444550994136904e-01,1.043200243680221462e+00
6.719400000000000000e+04,7.738188467752230570e-01,1.174431635521052897e+00
6.719500000000000000e+04,8.503329212505809087e-01,1.537829687626274477e+00
6.719600000000000000e+04,7.568796620427263866e-01,1.268193368472275040e+00
6.719700000000000000e+04,7.379183006657654698e-01,1.002959364376458495e+00
6.719800000000000000e+04,7.240301688711214823e-01,9.328094047771600117e-01
6.719900000000000000e+04,7.339284756460128234e-01,9.249977834226967843e-01
6.720000000000000000e+04,7.348144815592333456e-01,9.435230341731646320e-01
6.720100000000000000e+04,7.290574334238002496e-01,9.715910564131782223e-01
6.720200000000000000e+04,7.376212491794664761e-01,1.004454555107535896e+00
6.720300000000000000e+04,7.314276789842636406e-01,1.008564945917349576e+00
6.720400000000000000e+04,7.485155750870415847e-01,1.037354529305478223e+00
6.720500000000000000e+04,7.408241206776956522e-01,1.014064332774712085e+00
6.720600000000000000e+04,7.406768769370924987e-01,9.932668304470553267e-01
6.720700000000000000e+04,7.427833816440819747e-01,9.850369834403416291e-01
6.720800000000000000e+04,7.593226945650276560e-01,1.009325009927575678e+00
6.720900000000000000e+04,7.544472289839394552e-01,1.017035919723277004e+00
6.721000000000000000e+04,7.972156643626576722e-01,1.136033814107356932e+00
6.721100000000000000e+04,7.556127524179050425e-01,1.049035477556913065e+00
6.721200000000000000e+04,7.292873490332468789e-01,9.714258749652096014e-01
6.721300000000000000e+04,8.557154561089866940e-01,1.230035567178425993e+00
6.721400000000000000e+04,7.694249652711627752e-01,1.090329951990515411e+00
6.721500000000000000e+04,7.464999348684819847e-01,9.699103720702204612e-01
6.721600000000000000e+04,7.291664741663730354e-01,9.969995624092184983e-01
6.721700000000000000e+04,7.327680198140756884e-01,1.055017226466755886e+00
6.721800000000000000e+04,7.312604862491026703e-01,1.036378955246107125e+00
6.721900000000000000e+04,7.195900552690269736e-01,9.583305446045571330e-01
6.722000000000000000e+04,7.510243769274306258e-01,9.536631888586875050e-01
6.722100000000000000e+04,6.268628942659171255e-01,9.826731212154555806e-01
6.722200000000000000e+04,7.337898107357525568e-01,9.488722677399863414e-01
6.722300000000000000e+04,7.478520281276670456e-01,9.674080131755573575e-01
6.722400000000000000e+04,7.347935175802816632e-01,9.659244973676024415e-01
6.722500000000000000e+04,7.263243606331049040e-01,9.386992532606441841e-01
6.722600000000000000e+04,7.367884685505031728e-01,9.614000864016070125e-01
6.722700000000000000e+04,7.452218914743690137e-01,9.685021659757069301e-01
6.722800000000000000e+04,7.321812666445246531e-01,9.652782328083482355e-01
6.722900000000000000e+04,7.282901380666315649e-01,9.565612341824412113e-01
6.723000000000000000e+04,7.293036126794587570e-01,9.529324818467301839e-01
6.723100000000000000e+04,7.390642133087028665e-01,9.499865015725887929e-01
6.723200000000000000e+04,7.347217712546229018e-01,9.442159073734970320e-01
6.723300000000000000e+04,7.333225307412962746e-01,9.468818332832391604e-01
6.723400000000000000e+04,7.291367927959057083e-01,9.536041298176520797e-01
6.723500000000000000e+04,7.382608485513155738e-01,9.574613028741261189e-01
6.723600000000000000e+04,7.399754498514523604e-01,9.711339582388838210e-01
6.723700000000000000e+04,7.083283699551816692e-01,9.260266801624368327e-01
6.723800000000000000e+04,7.083808737081097595e-01,9.086066127416536631e-01
6.723900000000000000e+04,7.159741226582272411e-01,8.947329944064499330e-01
6.724000000000000000e+04,7.143437082421573159e-01,8.602387410616607610e-01
6.724100000000000000e+04,7.216209830394689773e-01,9.114607581933888980e-01
6.724200000000000000e+04,7.043232926902953661e-01,9.986808996175220443e-01
6.724300000000000000e+04,8.388828315550759251e-01,8.126377126273141016e-01
6.724400000000000000e+04,8.916921813711904399e-01,8.462029748041288713e-01
6.724500000000000000e+04,6.359165702587460389e-01,7.779066051772858259e-01
6.724600000000000000e+04,7.830110939974593842e-01,7.953650326474352994e-01
6.724700000000000000e+04,1.402704741359576568e+00,6.804203949224962855e-01
6.724800000000000000e+04,1.694789034038586051e+00,5.532055544692084936e-01
6.724900000000000000e+04,1.378945636343268610e+00,7.190019413537669379e-01
6.725000000000000000e+04,1.270937171407584332e+00,9.652080819075834484e-01
6.725100000000000000e+04,1.287575882252704806e+00,9.959885592618640260e-01
6.725200000000000000e+04,1.244764660615192309e+00,1.050477576221702236e+00
6.725300000000000000e+04,1.212337572737091307e+00,1.119257460101941604e+00
6.725400000000000000e+04,1.258950143659658183e+00,1.088375204415143571e+00
6.725500000000000000e+04,1.254053329868926259e+00,1.075973979699725191e+00
6.725600000000000000e+04,1.263859814960623940e+00,1.057206922638645352e+00
6.725700000000000000e+04,1.269804763927712354e+00,1.056667271198463709e+00
6.725800000000000000e+04,1.378127942399731243e+00,1.277052810031936048e+00
6.725900000000000000e+04,1.382782884328988660e+00,1.177984024921453710e+00
6.726000000000000000e+04,1.385266396627425456e+00,1.115701495542193555e+00
6.726100000000000000e+04,1.393084381712211828e+00,1.094689739605154699e+00
6.726200000000000000e+04,1.400256384692799339e+00,1.090798975703847873e+00
6.726300000000000000e+04,1.406377421101073999e+00,1.085573527599674293e+00
6.726400000000000000e+04,1.395448405750615350e+00,1.095339470861450337e+00
6.726500000000000000e+04,1.433825482675025187e+00,1.199161468624094340e+00
6.726600000000000000e+04,1.442602719957532864e+00,1.229978506115024572e+00
6.726700000000000000e+04,1.502387596726703967e+00,1.370968493773006003e+00
6.726800000000000000e+04,1.551570332157569787e+00,1.575262434617958007e+00
6.726900000000000000e+04,1.548611816105372574e+00,1.522882305973283223e+00
6.727000000000000000e+04,1.513098370894789824e+00,1.346413699023514710e+00
6.727100000000000000e+04,1.500467441032532934e+00,1.415746429663776951e+00
6.727200000000000000e+04,1.469432728099419272e+00,1.306748512078897306e+00
6.727300000000000000e+04,1.484847829028548949e+00,1.350923254212570868e+00
6.727400000000000000e+04,7.509689987463432637e-01,1.462806006581693907e+00
6.727500000000000000e+04,6.480988773840123951e-01,1.644367203559337298e+00
6.727600000000000000e+04,2.466246591784682529e+00,2.158224184452777195e+00
6.727700000000000000e+04,4.963234449713596952e+00,2.737143787981917598e+00
6.727800000000000000e+04,1.631836440313405134e+00,1.785727940205692477e+00
6.727900000000000000e+04,1.884226269822922184e+00,9.984836335974058841e-01
6.728000000000000000e+04,2.171749141210373324e+00,1.253150737794676672e+00
6.728100000000000000e+04,1.829790785918561813e+00,1.353677892440565245e+00
6.728200000000000000e+04,1.734625915785185102e+00,1.519767446828179658e+00
6.728300000000000000e+04,1.779875054645023713e+00,1.730932261705273589e+00
6.728400000000000000e+04,1.740860002318966648e+00,1.742098476549916342e+00
6.728500000000000000e+04,1.701858450413021862e+00,1.634799445788402750e+00
6.728600000000000000e+04,1.664030619643470432e+00,1.644640971970385834e+00
6.728700000000000000e+04,1.756107511912081698e+00,1.723693877456685897e+00
6.728800000000000000e+04,1.715869236119364816e+00,1.910568983916370200e+00
6.728900000000000000e+04,1.654155686009014525e+00,2.050979028774666091e+00
6.729000000000000000e+04,1.553120982629750069e+00,2.444065521501805449e+00
6.729100000000000000e+04,1.825831248683299268e+00,1.205533357959200913e+00
6.729200000000000000e+04,2.060550042996300846e+00,8.521833226585471266e-01
6.729300000000000000e+04,1.622235376141289098e+00,8.799982709145517390e-01
6.729400000000000000e+04,1.385394547411701094e+00,9.849469671988693165e-01
6.729500000000000000e+04,1.216422773741530516e+00,8.128101663545344024e-01
6.729600000000000000e+04,1.825574758399319153e+00,1.190259918384764859e+00
6.729700000000000000e+04,2.025349512851990053e+00,1.136949544349658225e+00
6.729800000000000000e+04,2.073075715032352218e+00,1.066481978248763340e+00
6.729900000000000000e+04,2.077088367564471572e+00,1.066836391016018126e+00
6.730000000000000000e+04,2.046190940790683754e+00,1.111720889784358235e+00
6.730100000000000000e+04,1.944878696928687090e+00,1.376016921564481521e+00
6.730200000000000000e+04,1.998170423398516249e+00,1.312674013686908836e+00
6.730300000000000000e+04,2.042142199914958045e+00,1.167075929548641255e+00
6.730400000000000000e+04,2.059650208091199808e+00,1.060335617823163545e+00
6.730500000000000000e+04,2.059407010582059439e+00,1.047931241926455925e+00
6.730600000000000000e+04,2.024137135522349862e+00,1.101520083429058161e+00
6.730700000000000000e+04,2.010991255831460212e+00,1.151651713192364923e+00
6.730800000000000000e+04,1.997702390016511620e+00,1.194328204512302705e+00
6.730900000000000000e+04,1.961967401145215062e+00,1.201649914341807346e+00
6.731000000000000000e+04,1.989771896630109227e+00,1.157952636296698756e+00
6.731100000000000000e+04,1.971865174754805716e+00,1.123798931422534508e+00
6.731200000000000000e+04,1.956210630424656260e+00,1.126067270545114241e+00
6.731300000000000000e+04,1.929612064685372275e+00,1.153468221833186647e+00
6.731400000000000000e+04,1.913720943589109380e+00,1.205850726285383701e+00
6.731500000000000000e+04,1.908482912739815074e+00,1.140675907709351122e+00
6.731600000000000000e+04,1.899275415109440868e+00,1.110117818634378750e+00
6.731700000000000000e+04,1.884367948577949869e+00,1.137463217135298521e+00
6.731800000000000000e+04,1.875598460412707835e+00,1.118567945641210315e+00
6.731900000000000000e+04,1.866739343040001220e+00,1.107793894079463826e+00
6.732000000000000000e+04,1.919850935383661028e+00,1.184317487613597564e+00
6.732100000000000000e+04,1.841389479707358223e+00,1.143066467615298620e+00
6.732200000000000000e+04,1.808011458503366198e+00,1.155323919611149108e+00
6.732300000000000000e+04,1.760799676734481789e+00,1.226710748109759663e+00
6.732400000000000000e+04,1.744997553417357627e+00,1.287532794142819625e+00
6.732500000000000000e+04,1.706727288546509236e+00,1.238910437870522685e+00
6.732600000000000000e+04,1.803464312840420636e+00,1.028179904370226438e+00
6.732700000000000000e+04,1.800125095436772238e+00,1.084258828817475262e+00
6.732800000000000000e+04,1.831714011498313921e+00,1.078011626254436806e+00
6.732900000000000000e+04,1.854211136344557032e+00,1.063210492209819336e+00
6.733000000000000000e+04,1.846864810669742285e+00,1.024539253145576367e+00
6.733100000000000000e+04,1.898493385677237910e+00,8.524923270564741529e-01
6.733200000000000000e+04,1.872886857687265927e+00,7.653525264712044418e-01
6.733300000000000000e+04,1.846538171068230705e+00,7.129954464498595712e-01
6.733400000000000000e+04,1.818957257049647946e+00,6.915748841158304572e-01
6.733500000000000000e+04,1.802206399108916557e+00,6.771178479552375507e-01
6.733600000000000000e+04,1.653174239428768955e+00,6.557201261906584477e-01
6.733700000000000000e+04,1.649695408011865760e+00,6.674144078362616028e-01
6.733800000000000000e+04,1.661577177875610767e+00,6.995927716765706350e-01
6.733900000000000000e+04,1.668085373114295278e+00,7.330818347943051094e-01
6.734000000000000000e+04,1.428026543945404070e+00,6.868146766901972455e-01
6.734100000000000000e+04,1.410410016795647925e+00,6.658669674813992856e-01
6.734200000000000000e+04,1.260915718095168003e+00,6.074831073084681066e-01
6.734300000000000000e+04,1.415585754783450056e+00,7.185434263337810989e-01
6.734400000000000000e+04,1.359075997327951812e+00,7.518302385425883472e-01
6.734500000000000000e+04,1.271852439622596975e+00,7.384120553347486293e-01
6.734600000000000000e+04,1.318269021767771942e+00,7.202197237652754325e-01
6.734700000000000000e+04,1.225387018059840738e+00,7.541119607425130766e-01
6.734800000000000000e+04,8.144911776361811739e-01,1.948982106235490619e-01
6.734900000000000000e+04,6.828290797205902596e-01,4.139717779820273336e-02
6.735000000000000000e+04,9.248251582525635062e-01,6.789340997450850068e-01
6.735100000000000000e+04,1.217337233534425689e+00,1.091062964420196124e+00
6.735200000000000000e+04,1.351338399100721954e+00,1.118193883815095546e+00
6.735300000000000000e+04,1.326712570644639211e+00,9.479258657811797661e-01
6.735400000000000000e+04,2.098973289532278130e+00,1.117109748377103529e+00
6.735500000000000000e+04,3.086824115964050819e+00,1.876825231567160301e+00
6.735600000000000000e+04,2.738280105413253729e+00,1.985585761104413649e+00
6.735700000000000000e+04,2.213436664113070496e+00,1.615113632113111208e+00
6.735800000000000000e+04,2.299967747854958500e+00,1.618832475033556761e+00
6.735900000000000000e+04,2.499705912031423338e+00,1.682938585345965521e+00
6.736000000000000000e+04,2.537785342058745286e+00,1.698815893892867024e+00
6.736100000000000000e+04,2.503829554550194292e+00,1.615157712092024411e+00
6.736200000000000000e+04,2.288274336391862729e+00,1.371208743152923404e+00
6.736300000000000000e+04,2.061976877540651731e+00,1.087693561899953920e+00
6.736400000000000000e+04,2.241902945496164978e+00,1.027121325539948060e+00
6.736500000000000000e+04,2.006296735884402160e+00,1.050126801095530027e+00
6.736600000000000000e+04,2.047432945447729136e+00,1.156311060808061342e+00
6.736700000000000000e+04,2.137504573036982602e+00,1.489293123274169517e+00
6.736800000000000000e+04,2.111919182371325920e+00,1.464730791440846502e+00
6.736900000000000000e+04,1.872462242792114928e+00,1.481072703341670405e+00
6.737000000000000000e+04,1.884652528568715679e+00,1.594256846842039721e+00
6.737100000000000000e+04,1.817749604284859322e+00,1.764007691228030694e+00
6.737200000000000000e+04,1.804040540604709308e+00,1.630259012506638072e+00
6.737300000000000000e+04,1.861183314876288408e+00,1.525769319969029425e+00
6.737400000000000000e+04,1.870307541375327176e+00,1.506739374946867827e+00
6.737500000000000000e+04,1.858410507896962605e+00,1.521979767183406551e+00
6.737600000000000000e+04,1.869016722437440547e+00,1.615370153759212002e+00
6.737700000000000000e+04,1.718234902043926260e+00,1.551696577490748297e+00
6.737800000000000000e+04,1.705546115888286973e+00,1.633067870779342456e+00
6.737900000000000000e+04,1.594238457517915153e+00,1.606253578714671448e+00
6.738000000000000000e+04,1.566644718506119860e+00,1.554281332785066638e+00
6.738100000000000000e+04,1.560645849277543240e+00,1.543475308367078469e+00
6.738200000000000000e+04,1.559010090843404361e+00,1.556474072210349391e+00
6.738300000000000000e+04,1.488375713322734439e+00,1.482392256188553858e+00
6.738400000000000000e+04,1.338896399780263646e+00,1.350322742479338700e+00
6.738500000000000000e+04,1.323339248023055248e+00,1.354401008589007915e+00
6.738600000000000000e+04,1.402744599069304821e+00,1.391979143774658922e+00
6.738700000000000000e+04,1.463347558978265850e+00,1.411121172791673928e+00
6.738800000000000000e+04,1.541609532158451312e+00,1.464802714187907640e+00
6.738900000000000000e+04,1.582805932859748355e+00,1.480080701731672832e+00
6.739000000000000000e+04,1.615576536643744454e+00,1.481763960879881381e+00
6.739100000000000000e+04,1.637557277707405667e+00,1.470979195931274575e+00
6.739200000000000000e+04,1.664093599898840869e+00,1.492754686054247770e+00
6.739300000000000000e+04,1.676782368263387779e+00,1.475342521002154683e+00
6.739400000000000000e+04,1.668692299118028854e+00,1.439374235483292352e+00
6.739500000000000000e+04,1.660746694454590999e+00,1.465740546462548366e+00
6.739600000000000000e+04,1.698597774477750288e+00,1.493218060500318245e+00
6.739700000000000000e+04,1.706730837202540263e+00,1.492486920932396544e+00
6.739800000000000000e+04,1.719427764278389059e+00,1.477001800818008803e+00
6.739900000000000000e+04,1.727336760930892279e+00,1.552572833930724983e+00
6.740000000000000000e+04,1.722196756607247581e+00,1.762869520789280386e+00
6.740100000000000000e+04,1.676034860828489181e+00,2.154717344032455628e+00
6.740200000000000000e+04,1.508809501271931586e+00,1.752236419065681616e+00
6.740300000000000000e+04,1.579516722531302708e+00,1.767759652029752715e+00
6.740400000000000000e+04,1.659938323102517099e+00,2.025891909482169240e+00
6.740500000000000000e+04,1.474117396154069004e+00,1.807895745475200044e+00
6.740600000000000000e+04,1.428906253018386030e+00,1.693762087633842839e+00
6.740700000000000000e+04,1.390990003712053058e+00,1.651683293024625243e+00
6.740800000000000000e+04,1.363472318282398454e+00,1.633228120683767770e+00
6.740900000000000000e+04,1.323824415416635869e+00,1.619388488886158939e+00
6.741000000000000000e+04,1.299015657260191858e+00,1.604827333844731641e+00
6.741100000000000000e+04,1.263231942670026475e+00,1.580040487256681558e+00
6.741200000000000000e+04,1.234926601837373461e+00,1.554982313185952592e+00
6.741300000000000000e+04,1.224266709864626046e+00,1.523064052194428086e+00
6.741400000000000000e+04,1.210539112905914427e+00,1.495299285386785471e+00
6.741500000000000000e+04,1.207059207609014972e+00,1.484326386156922695e+00
6.741600000000000000e+04,1.183057244141344500e+00,1.438311716267662632e+00
6.741700000000000000e+04,1.169067552359913886e+00,1.387583008668059392e+00
6.741800000000000000e+04,1.160723499873849818e+00,1.382481587035428561e+00
6.741900000000000000e+04,1.130361228231413051e+00,1.386669495513977779e+00
6.742000000000000000e+04,1.087932643109240427e+00,1.326837596817242115e+00
6.742100000000000000e+04,1.028383790927823505e+00,1.276204483989360483e+00
6.742200000000000000e+04,1.357945714088751865e+00,1.943211212823413803e+00
6.742300000000000000e+04,2.678441129246642127e+00,4.638087612986293351e+00
6.742400000000000000e+04,4.317423934135703689e+00,6.939985470911455678e+00
6.742500000000000000e+04,6.996519159726049431e+00,8.621564364940155656e+00
6.742600000000000000e+04,1.538851844856638706e+01,1.105020493133944015e+01
6.742700000000000000e+04,2.757690425236181042e+01,1.377775502019807874e+01
6.742800000000000000e+04,6.374307570353787256e+00,8.011941166910972356e+00
6.742900000000000000e+04,6.054874487858283416e+00,7.868044504672901951e+00
6.743000000000000000e+04,5.716057671005390084e+00,7.389267191302476334e+00
6.743100000000000000e+04,5.675346859732761651e+00,4.658476892278155645e+00
6.743200000000000000e+04,5.591869954303347434e+00,4.573778047345992803e+00
6.743300000000000000e+04,5.583282154232501071e+00,4.557573565345990119e+00
6.743400000000000000e+04,5.564075690028637666e+00,4.543990902863708214e+00
6.743500000000000000e+04,5.546893530302364539e+00,4.533912083955712546e+00
6.743600000000000000e+04,5.526107587969901758e+00,4.522256011722756597e+00
6.743700000000000000e+04,5.499926573856908973e+00,4.504115129017005614e+00
6.743800000000000000e+04,5.467098373975159298e+00,4.498013960512935228e+00
6.743900000000000000e+04,5.450077289789011736e+00,4.499010909273710723e+00
6.744000000000000000e+04,5.434142405145940380e+00,4.499417709541045696e+00
6.744100000000000000e+04,5.399162658144025073e+00,4.482856067629562347e+00
6.744200000000000000e+04,5.386631688804469853e+00,4.494808037760730457e+00
6.744300000000000000e+04,5.376456281566688311e+00,4.500944276233198593e+00
6.744400000000000000e+04,5.362810411329124172e+00,4.508861958923336744e+00
6.744500000000000000e+04,5.323942126225579941e+00,4.486346852199215363e+00
6.744600000000000000e+04,5.291265230484679449e+00,4.498824791692989322e+00
6.744700000000000000e+04,5.250173604951838158e+00,4.481350630603429863e+00
6.744800000000000000e+04,5.236022117191237335e+00,4.487586900570811110e+00
6.744900000000000000e+04,5.192324204778033803e+00,4.462804459270284241e+00
6.745000000000000000e+04,5.176733796534187526e+00,4.464584426053104238e+00
6.745100000000000000e+04,5.131519979953285571e+00,4.439124811727776176e+00
6.745200000000000000e+04,5.104987618492382140e+00,4.438369993358733723e+00
6.745300000000000000e+04,5.040933124403039756e+00,4.403888135733222242e+00
6.745400000000000000e+04,5.005093949620181171e+00,4.391103010396840034e+00
6.745500000000000000e+04,4.935679639470744284e+00,4.352749962261906802e+00
6.745600000000000000e+04,5.264648820347860969e+00,4.754102631920201105e+00
6.745700000000000000e+04,5.257552727124383374e+00,4.751475326786966491e+00
6.745800000000000000e+04,5.251024945241787201e+00,4.744345706961119902e+00
6.745900000000000000e+04,4.795723832583843382e+00,4.332794441539988384e+00
6.746000000000000000e+04,4.714339222968116694e+00,4.294454651716542060e+00
6.746100000000000000e+04,4.662177112502386755e+00,4.281617770555286029e+00
6.746200000000000000e+04,4.944247021810409315e+00,4.538369392628396781e+00
6.746300000000000000e+04,4.718903220029925016e+00,4.467018647449823021e+00
6.746400000000000000e+04,4.591444077637180321e+00,4.384341886942788591e+00
6.746500000000000000e+04,4.534911792309206824e+00,4.296110788385060886e+00
6.746600000000000000e+04,4.474521893207577428e+00,4.305183525442636494e+00
6.746700000000000000e+04,4.454163660173017014e+00,4.393601988000686021e+00
6.746800000000000000e+04,4.450758557941126625e+00,4.384048903609233605e+00
6.746900000000000000e+04,4.398471324139003436e+00,4.345939332740432093e+00
6.747000000000000000e+04,4.381160064699220591e+00,4.363692233291494915e+00
6.747100000000000000e+04,4.361211699130357999e+00,4.353610101158942314e+00
6.747200000000000000e+04,4.306776550185581698e+00,4.340354747492707332e+00
6.747300000000000000e+04,4.233065518616305312e+00,4.301106122735308901e+00
6.747400000000000000e+04,4.196058412908651114e+00,4.262978344972566447e+00
6.747500000000000000e+04,4.165358760872284627e+00,4.255095549499305463e+00
6.747600000000000000e+04,4.113062147084595388e+00,4.216808398376432621e+00
6.747700000000000000e+04,4.086794383510239825e+00,4.191364048519535146e+00
6.747800000000000000e+04,4.041524890010236071e+00,4.194413846865632678e+00
6.747900000000000000e+04,3.990437817105494833e+00,4.158892660689282650e+00
6.748000000000000000e+04,3.931045305315832739e+00,4.133765797340991810e+00
6.748100000000000000e+04,3.899593655021629690e+00,4.186243453274698822e+00
6.748200000000000000e+04,3.901785251633310914e+00,4.136005904549641343e+00
6.748300000000000000e+04,3.844401471509995449e+00,4.065814056429239542e+00
6.748400000000000000e+04,3.798442152316545695e+00,4.051638531639305540e+00
6.748500000000000000e+04,3.764031556036938841e+00,4.041614085014302304e+00
6.748600000000000000e+04,3.708863362180387480e+00,4.028810091610498745e+00
6.748700000000000000e+04,3.649209334289182038e+00,4.011464404446730470e+00
6.748800000000000000e+04,3.613719502447856335e+00,3.976566651766304972e+00
6.748900000000000000e+04,3.576257706492203425e+00,3.961456202915904612e+00
6.749000000000000000e+04,3.508113902851728749e+00,3.944848036336743746e+00
6.749100000000000000e+04,3.390135274203433635e+00,4.033657453214132715e+00
6.749200000000000000e+04,3.388464081793262306e+00,3.872568374396568203e+00
6.749300000000000000e+04,3.315620863954880093e+00,3.862681064101177952e+00
6.749400000000000000e+04,3.282730338569088691e+00,3.841036010087172770e+00
6.749500000000000000e+04,3.169980552883008507e+00,3.761438838676731677e+00
6.749600000000000000e+04,3.103958989674152402e+00,3.754298311807602317e+00
6.749700000000000000e+04,3.048534151333241571e+00,3.768604611271843652e+00
6.749800000000000000e+04,3.012193604266927061e+00,3.733843493535271563e+00
6.749900000000000000e+04,2.969218188118920576e+00,3.702412768604460780e+00
6.750000000000000000e+04,2.983472974325486415e+00,3.649746058277880678e+00
6.750100000000000000e+04,3.009471591831617499e+00,3.677745181034772770e+00
6.750200000000000000e+04,2.993394289342707904e+00,3.691898411629775723e+00
6.750300000000000000e+04,2.801424346864038739e+00,3.692091638116330898e+00
6.750400000000000000e+04,2.803579919720791569e+00,3.599450249647205169e+00
6.750500000000000000e+04,2.734577324928062936e+00,3.570011788975165246e+00
6.750600000000000000e+04,2.679505463855400116e+00,3.542139821180647630e+00
6.750700000000000000e+04,2.741550433328479031e+00,3.593486959247954360e+00
6.750800000000000000e+04,2.659687492420795607e+00,3.719666092145590852e+00
6.750900000000000000e+04,2.910433803915605022e+00,4.656303049769373814e+00
6.751000000000000000e+04,2.731742194100033494e+00,5.066933294631517981e+00
6.751100000000000000e+04,2.660508312585693869e+00,4.941386866662220712e+00
6.751200000000000000e+04,2.546458246133542325e+00,4.258611675942773900e+00
6.751300000000000000e+04,2.448173494290061480e+00,4.238468263887590126e+00
6.751400000000000000e+04,2.341211114535549420e+00,4.190535349752288141e+00
6.751500000000000000e+04,2.243229451068536662e+00,3.981031207941157390e+00
6.751600000000000000e+04,2.170435496873050152e+00,3.859645129712195200e+00
6.751700000000000000e+04,2.085491432731781725e+00,3.817354313086177342e+00
6.751800000000000000e+04,2.057446510324707489e+00,3.751098566928291689e+00
6.751900000000000000e+04,2.011282155866364718e+00,3.713109328703460221e+00
6.752000000000000000e+04,1.963601403736234818e+00,3.660789301288549069e+00
6.752100000000000000e+04,1.919877413824052192e+00,3.622134595490123843e+00
6.752200000000000000e+04,1.882969705089379886e+00,3.587610115622268836e+00
6.752300000000000000e+04,1.858853051107904886e+00,3.612287398222477464e+00
6.752400000000000000e+04,1.801409191542180155e+00,3.545989024733003703e+00
6.752500000000000000e+04,1.765711145691313488e+00,3.504060650766383844e+00
6.752600000000000000e+04,1.749941417196941851e+00,3.476476494374850290e+00
6.752700000000000000e+04,1.709070355474298308e+00,3.453094668934866718e+00
6.752800000000000000e+04,1.680456259568116950e+00,3.430333798259098899e+00
6.752900000000000000e+04,1.644457834081736181e+00,3.406673373074596611e+00
6.753000000000000000e+04,1.614522851488430222e+00,3.378707938802747890e+00
6.753100000000000000e+04,1.526149813989613024e+00,3.294262015122292553e+00
6.753200000000000000e+04,1.549740606901924833e+00,3.344718140174229859e+00
6.753300000000000000e+04,1.542356552678533221e+00,3.341939798225034508e+00
6.753400000000000000e+04,1.525858214197098883e+00,3.343982220927593119e+00
6.753500000000000000e+04,1.511161725819117230e+00,3.332978912690379047e+00
6.753600000000000000e+04,1.506382304874346323e+00,3.285319848792411790e+00
6.753700000000000000e+04,1.496140354779872172e+00,3.282339893805605868e+00
6.753800000000000000e+04,1.463423154125504722e+00,3.258780415818534948e+00
6.753900000000000000e+04,1.455226868172029286e+00,3.247793242186190810e+00
6.754000000000000000e+04,1.431122284012078083e+00,3.249819041679344878e+00
6.754100000000000000e+04,1.439470635305342805e+00,3.259209960300118780e+00
6.754200000000000000e+04,1.386403235421511893e+00,3.205305848323632745e+00
6.754300000000000000e+04,1.381245188839277604e+00,3.229915736317039432e+00
6.754400000000000000e+04,1.321828309326715578e+00,3.274801919206339562e+00
6.754500000000000000e+04,1.279183139134169922e+00,3.367513662185608325e+00
6.754600000000000000e+04,1.294924569353945509e+00,3.266037582108829440e+00
6.754700000000000000e+04,1.240853293995508810e+00,3.266614076073388162e+00
6.754800000000000000e+04,1.221143922061527443e+00,3.242062618675475960e+00
6.754900000000000000e+04,1.246698016572658441e+00,3.242626667049044897e+00
6.755000000000000000e+04,1.214085800771601997e+00,3.269322634107368231e+00
6.755100000000000000e+04,1.205410726739303717e+00,3.245625324597433803e+00
6.755200000000000000e+04,1.184580204568402628e+00,3.256939136309654259e+00
6.755300000000000000e+04,1.162808518197613550e+00,3.281905198516341216e+00
6.755400000000000000e+04,1.149319791089889797e+00,3.264176635677195293e+00
6.755500000000000000e+04,1.109382803782599014e+00,3.274757067660367227e+00
6.755600000000000000e+04,1.067134367355762725e+00,3.341376917711755823e+00
6.755700000000000000e+04,1.090051006537940070e+00,3.274156541798042497e+00
6.755800000000000000e+04,9.425223244952871671e-01,3.495593665230636304e+00
6.755900000000000000e+04,9.843158120296693347e-01,3.508329435850257028e+00
6.756000000000000000e+04,8.142961761328074699e-01,3.611378133058408935e+00
6.756100000000000000e+04,6.644674501678061729e-01,3.542240367153020486e+00
6.756200000000000000e+04,6.112656439738788361e-01,3.696447439258918166e+00
6.756300000000000000e+04,3.165442464005861489e-01,4.054024146923218552e+00
6.756400000000000000e+04,3.425040742547380557e-01,4.156418397909931173e+00
6.756500000000000000e+04,5.138953489814465092e-01,4.342626779648767865e+00
6.756600000000000000e+04,6.033352268559958320e-01,4.200443311420542614e+00
6.756700000000000000e+04,6.259846076217469024e-01,4.254639118828393407e+00
6.756800000000000000e+04,1.804259825092706659e-01,4.448751057626310512e+00
6.756900000000000000e+04,2.637236323067273958e+00,3.332752153739512835e+00
6.757000000000000000e+04,2.645418636852603811e+00,3.031794954848066936e+00
6.757100000000000000e+04,2.615171526806059799e+00,3.867905454793849174e+00
6.757200000000000000e+04,2.953349450871991078e+00,3.693703744321801707e+00
6.757300000000000000e+04,2.036426939897536759e+00,3.421613538590570158e+00
6.757400000000000000e+04,2.087827203359475803e+00,3.480678161409905158e+00
6.757500000000000000e+04,1.967866738094675938e+00,3.461107004944409482e+00
6.757600000000000000e+04,2.033536584345712939e+00,3.500017929697627039e+00
6.757700000000000000e+04,2.000363186514484859e+00,3.489876777116464268e+00
6.757800000000000000e+04,1.980216251054062848e+00,3.479725947848926637e+00
6.757900000000000000e+04,1.998065264846287770e+00,3.508619825989249819e+00
6.758000000000000000e+04,1.968080849769261897e+00,3.513015223117143648e+00
6.758100000000000000e+04,1.970859913876161773e+00,3.500495566686204540e+00
6.758200000000000000e+04,1.947305754440678882e+00,3.514827760714581473e+00
6.758300000000000000e+04,1.928038967672093262e+00,3.523577667095359800e+00
6.758400000000000000e+04,1.908963696297346413e+00,3.520528000470250163e+00
6.758500000000000000e+04,1.881676960611807781e+00,3.509743913474267174e+00
6.758600000000000000e+04,1.852957987257896288e+00,3.498849906289947853e+00
6.758700000000000000e+04,1.839075996705496596e+00,3.507132408138829760e+00
6.758800000000000000e+04,1.790647868472600379e+00,3.491626330203253303e+00
6.758900000000000000e+04,1.786939401970294439e+00,3.482474552891034136e+00
6.759000000000000000e+04,1.772550165775926834e+00,3.495195125349738419e+00
6.759100000000000000e+04,1.686843265430856498e+00,3.523876593702958360e+00
6.759200000000000000e+04,1.756119827759084595e+00,3.571502553187563933e+00
6.759300000000000000e+04,1.633949558141539748e+00,3.668397846202282153e+00
6.759400000000000000e+04,1.586370230151267879e+00,3.605226278692263975e+00
6.759500000000000000e+04,1.564167830037189066e+00,3.599567756692529485e+00
6.759600000000000000e+04,1.542661511528337748e+00,3.610495806082909098e+00
6.759700000000000000e+04,1.543964789406671478e+00,3.586470451093482836e+00
6.759800000000000000e+04,1.531703190097103429e+00,3.556446359120172929e+00
6.759900000000000000e+04,1.518739561413337213e+00,3.577533116367874300e+00
6.760000000000000000e+04,1.479963678908429836e+00,3.526387492211490837e+00
6.760100000000000000e+04,1.480733969959523888e+00,3.544624494790234337e+00
6.760200000000000000e+04,1.480150222127077919e+00,3.560003007048649692e+00
6.760300000000000000e+04,1.483374885104668861e+00,3.584965850377962227e+00
6.760400000000000000e+04,1.462234224733751864e+00,3.595457597459109422e+00
6.760500000000000000e+04,1.467356920018123123e+00,3.573020535091764316e+00
6.760600000000000000e+04,1.454936474863284035e+00,3.593451931876685990e+00
6.760700000000000000e+04,1.387096120553180656e+00,3.649643655884460713e+00
6.760800000000000000e+04,1.418960326398718053e+00,3.622336976641811646e+00
6.760900000000000000e+04,1.410732390048318408e+00,3.563920153095502030e+00
6.761000000000000000e+04,1.394614872141523021e+00,3.602991038987880756e+00
6.761100000000000000e+04,1.383730146715192122e+00,3.645781997675278774e+00
6.761200000000000000e+04,1.381873604659603627e+00,3.591953401690233250e+00
6.761300000000000000e+04,1.384720781152567026e+00,3.605632738466489684e+00
6.761400000000000000e+04,1.390380145168467640e+00,3.604972904003972189e+00
6.761500000000000000e+04,1.365269754269879954e+00,3.560911449221364933e+00
6.761600000000000000e+04,1.311252172668237570e+00,3.570643819254264884e+00
6.761700000000000000e+04,1.301935414985879946e+00,3.574391247776169678e+00
6.761800000000000000e+04,1.307327968137036445e+00,3.577100713248142938e+00
6.761900000000000000e+04,1.303872329963242871e+00,3.571066614672119499e+00
6.762000000000000000e+04,1.291981697274258378e+00,3.570752872300801073e+00
6.762100000000000000e+04,1.282665523206533820e+00,3.572109670049989916e+00
6.762200000000000000e+04,1.276501824754097791e+00,3.573847520481116646e+00
6.762300000000000000e+04,1.268695529765809793e+00,3.575641422586663509e+00
6.762400000000000000e+04,1.263141834137636144e+00,3.573750665167679585e+00
6.762500000000000000e+04,1.253303671621867954e+00,3.572740300368927535e+00
6.762600000000000000e+04,1.244983070772105682e+00,3.573883415714462330e+00
6.762700000000000000e+04,1.236252427875145665e+00,3.570445069125632642e+00
6.762800000000000000e+04,1.228465718786715399e+00,3.569912820856195879e+00
6.762900000000000000e+04,1.220124988680694189e+00,3.560807185180344447e+00
6.763000000000000000e+04,1.216576034782727689e+00,3.553287160024837021e+00
6.763100000000000000e+04,1.210931627270882993e+00,3.547499783578572874e+00
6.763200000000000000e+04,1.207630733040177207e+00,3.542643894350689493e+00
6.763300000000000000e+04,1.201171664548730700e+00,3.538003580541108306e+00
6.763400000000000000e+04,1.194244677324754589e+00,3.530271541629467436e+00
6.763500000000000000e+04,1.189678134751654293e+00,3.524882367869786037e+00
6.763600000000000000e+04,1.185001562577080447e+00,3.522007297207096599e+00
6.763700000000000000e+04,1.182729478558210756e+00,3.521222491532121524e+00
6.763800000000000000e+04,1.182447936586319637e+00,3.523925963559747743e+00
6.763900000000000000e+04,1.173024190269536859e+00,3.505600080112280637e+00
6.764000000000000000e+04,1.170912195902475306e+00,3.505603453506019207e+00
6.764100000000000000e+04,1.152836170679425232e+00,3.518269922958999985e+00
6.764200000000000000e+04,1.130960735280734708e+00,3.505882305488817963e+00
6.764300000000000000e+04,1.125686759478672361e+00,3.514974697888916921e+00
6.764400000000000000e+04,1.109631013992005366e+00,3.483731379552587271e+00
6.764500000000000000e+04,1.080081531117224936e+00,3.430777586686488689e+00
6.764600000000000000e+04,1.196156801998489838e+00,3.362286300855402033e+00
6.764700000000000000e+04,1.053374694727081007e+00,3.335855439603321315e+00
6.764800000000000000e+04,1.180517781351540174e+00,3.424991237483830275e+00
6.764900000000000000e+04,1.248784761257986764e+00,3.489028565673983451e+00
6.765000000000000000e+04,1.263668450241111740e+00,3.505016162104666932e+00
6.765100000000000000e+04,1.251685286120089780e+00,3.478133141707303366e+00
6.765200000000000000e+04,1.184935268940217723e+00,3.462361073420794355e+00
6.765300000000000000e+04,1.151688319783077397e+00,3.450563631354000904e+00
6.765400000000000000e+04,1.141537478986966558e+00,3.376732481861168367e+00
6.765500000000000000e+04,1.194806917506366473e+00,3.223994878271341236e+00
6.765600000000000000e+04,2.095543757734223522e+00,3.873292456699068964e+00
6.765700000000000000e+04,1.204674995078444999e+00,3.074115681346768270e+00
6.765800000000000000e+04,1.328679558613760525e+00,3.047404102560733463e+00
6.765900000000000000e+04,1.481631513770037323e+00,3.176924172453496453e+00
6.766000000000000000e+04,1.464138136178388505e+00,3.202127504155782844e+00
6.766100000000000000e+04,1.486467776471789293e+00,3.220743463717617772e+00
6.766200000000000000e+04,1.535795947388175264e+00,3.201457876096974076e+00
6.766300000000000000e+04,1.533881756066457935e+00,3.205584948653822153e+00
6.766400000000000000e+04,1.544700886600079759e+00,3.183765371271881861e+00
6.766500000000000000e+04,1.597312603153674404e+00,3.025001870545118265e+00
6.766600000000000000e+04,1.639199681264046582e+00,2.947183966737405569e+00
6.766700000000000000e+04,1.686127720523735940e+00,3.109662255255507546e+00
6.766800000000000000e+04,1.734551431366358365e+00,3.047015778983507062e+00
6.766900000000000000e+04,1.596131937965131753e+00,3.336171160017954662e+00
6.767000000000000000e+04,1.919367765018521022e+00,2.826489038125174602e+00
6.767100000000000000e+04,1.619155862628251175e+00,3.269138061839029774e+00
6.767200000000000000e+04,1.743075762207879631e+00,3.387780021453686174e+00
6.767300000000000000e+04,1.613342319174549289e+00,3.544933964023364581e+00
6.767400000000000000e+04,1.593869831789190172e+00,3.550818441331152542e+00
6.767500000000000000e+04,1.618161127482867778e+00,3.509324652078049667e+00
6.767600000000000000e+04,1.667208755264019349e+00,3.455220625976082260e+00
6.767700000000000000e+04,1.704257076078737887e+00,3.432873943490953650e+00
6.767800000000000000e+04,1.803199769936453256e+00,3.473279044663620141e+00
6.767900000000000000e+04,1.709678592483137916e+00,3.468819277008947211e+00
6.768000000000000000e+04,1.712179218658525626e+00,3.448961937972470082e+00
6.768100000000000000e+04,1.689699715416122183e+00,3.416279438500360754e+00
6.768200000000000000e+04,1.821792092296526278e+00,3.401636379989113834e+00
6.768300000000000000e+04,1.823018836711387758e+00,3.377341085384877317e+00
6.768400000000000000e+04,1.843032992423958127e+00,3.368826246335075325e+00
6.768500000000000000e+04,1.869688236812506510e+00,3.357233182892414902e+00
6.768600000000000000e+04,1.881324056128587774e+00,3.354849715011653188e+00
6.768700000000000000e+04,1.783711045991128730e+00,3.400016653217015516e+00
6.768800000000000000e+04,1.799671898113838875e+00,3.384391389436181896e+00
6.768900000000000000e+04,1.807907170499918781e+00,3.370206946416089977e+00
6.769000000000000000e+04,1.808930752405967901e+00,3.364834402582893347e+00
6.769100000000000000e+04,1.813361612613909157e+00,3.363234391610902208e+00
6.769200000000000000e+04,1.811368735275021180e+00,3.357170337274553162e+00
6.769300000000000000e+04,1.810117457280574715e+00,3.357094611452914990e+00
6.769400000000000000e+04,1.803739677090163918e+00,3.353206691530076000e+00
6.769500000000000000e+04,1.797005931385278199e+00,3.350450300913166757e+00
6.769600000000000000e+04,1.814893306094333747e+00,3.335569190012726892e+00
6.769700000000000000e+04,1.806976241527392446e+00,3.339600138626252601e+00
6.769800000000000000e+04,1.796885735408492613e+00,3.341987521230812774e+00
6.769900000000000000e+04,1.784516021455886836e+00,3.317828155571589832e+00
6.770000000000000000e+04,1.815863890076673703e+00,3.354909511856114079e+00
6.770100000000000000e+04,1.970196025874451529e+00,3.606890259634511153e+00
6.770200000000000000e+04,1.854320253225166582e+00,3.556032453458222164e+00
6.770300000000000000e+04,1.845223357241473350e+00,3.394093114273161405e+00
6.770400000000000000e+04,1.840322609526640729e+00,3.340924999239803128e+00
6.770500000000000000e+04,1.822521551033174037e+00,3.308080576143822782e+00
6.770600000000000000e+04,1.808388531546126554e+00,3.305660254659379405e+00
6.770700000000000000e+04,1.796433373849599224e+00,3.321036740391349440e+00
6.770800000000000000e+04,1.787360831494491764e+00,3.328153762854640263e+00
6.770900000000000000e+04,1.757629938245623524e+00,3.400970296539988169e+00
6.771000000000000000e+04,1.704151479720009688e+00,3.475205774922635271e+00
6.771100000000000000e+04,1.666487464145021136e+00,3.545971816223222106e+00
6.771200000000000000e+04,1.632184028090905903e+00,3.620673389952621335e+00
6.771300000000000000e+04,1.603377425541445911e+00,3.697232488588028332e+00
6.771400000000000000e+04,1.568609647350515113e+00,3.785422178052677111e+00
6.771500000000000000e+04,1.544353632060366577e+00,3.869831932828560639e+00
6.771600000000000000e+04,1.524595484636240172e+00,3.951167037782909119e+00
6.771700000000000000e+04,1.502497388131639466e+00,4.037932356922532051e+00
6.771800000000000000e+04,1.478118847619435794e+00,4.119671723103294880e+00
6.771900000000000000e+04,1.453925528598426720e+00,4.204725334101411249e+00
6.772000000000000000e+04,1.432319128456693624e+00,4.286233064827158046e+00
6.772100000000000000e+04,1.409170332387349234e+00,4.369119812268692726e+00
6.772200000000000000e+04,1.381775845933246760e+00,4.448184323654984951e+00
6.772300000000000000e+04,1.349987869141985097e+00,4.536130053844331655e+00
6.772400000000000000e+04,1.317490809301939070e+00,4.612782183806579894e+00
6.772500000000000000e+04,1.259500734322035465e+00,4.686205092974311981e+00
6.772600000000000000e+04,1.149939347086087249e+00,4.712045010933380240e+00
6.772700000000000000e+04,1.173087247939018640e+00,4.744555447436702877e+00
6.772800000000000000e+04,1.155784223506344466e+00,4.830816568785529341e+00
6.772900000000000000e+04,1.139088448115256336e+00,4.978693661140837889e+00
6.773000000000000000e+04,1.119642537124700521e+00,4.920439424923152671e+00
6.773100000000000000e+04,1.389531223646162550e+00,5.209006301043324072e+00
6.773200000000000000e+04,1.086500463227128011e+00,5.077570684536453882e+00
6.773300000000000000e+04,9.719667857400574595e-01,4.950510465499988300e+00
6.773400000000000000e+04,9.537548846839364325e-01,4.903690585382719291e+00
6.773500000000000000e+04,8.852604841678047842e-01,4.840894121177470311e+00
6.773600000000000000e+04,8.115544849535645255e-01,4.386998163824962660e+00
6.773700000000000000e+04,1.232770233562023865e+00,4.262133570780200387e+00
6.773800000000000000e+04,1.087436685387150881e+00,4.326710446181920133e+00
6.773900000000000000e+04,1.055269207496559947e+00,4.298093207201418409e+00
6.774000000000000000e+04,8.252472445589014161e-01,4.370378141446771281e+00
6.774100000000000000e+04,6.834673996734128565e-01,4.446228888477214980e+00
6.774200000000000000e+04,6.865290941659861756e-01,4.444120006986345572e+00
6.774300000000000000e+04,6.498294219984001030e-01,4.468031269316497855e+00
6.774400000000000000e+04,6.191650008704161490e-01,4.493468932228267931e+00
6.774500000000000000e+04,5.986831395561140745e-01,4.505670776254078191e+00
6.774600000000000000e+04,5.860221655017922027e-01,4.524049608618057050e+00
6.774700000000000000e+04,5.749441674696287308e-01,4.541868255932307363e+00
6.774800000000000000e+04,5.683284362021614466e-01,4.565474476382448188e+00
6.774900000000000000e+04,5.796515772542999434e-01,4.584532535326651725e+00
6.775000000000000000e+04,6.079555486440373357e-01,4.611090696382269982e+00
6.775100000000000000e+04,6.451035989507432067e-01,4.637882727723088294e+00
6.775200000000000000e+04,6.921177655421020258e-01,4.661018585102191025e+00
6.775300000000000000e+04,7.489952315032277763e-01,4.690449073602160013e+00
6.775400000000000000e+04,8.132445280241638041e-01,4.717467974238900297e+00
6.775500000000000000e+04,8.691361593246068606e-01,4.749107538808750917e+00
6.775600000000000000e+04,9.373498026740382238e-01,4.777331905021569014e+00
6.775700000000000000e+04,9.937091726994494723e-01,4.792918951836014685e+00
6.775800000000000000e+04,1.056803464436518736e+00,4.808541465651110514e+00
6.775900000000000000e+04,1.113281776099468878e+00,4.820429092240274827e+00
6.776000000000000000e+04,1.163999227279661097e+00,4.828657886207132321e+00
6.776100000000000000e+04,1.220130348138439791e+00,4.831709100795421818e+00
6.776200000000000000e+04,1.276032162117184177e+00,4.830275593571187187e+00
6.776300000000000000e+04,1.271720279901047412e+00,4.789671620132374130e+00
6.776400000000000000e+04,1.300573350495218827e+00,4.815728747377065133e+00
6.776500000000000000e+04,1.314195793820617242e+00,4.874208061571437156e+00
6.776600000000000000e+04,1.184339493302098090e+00,4.910011860136691553e+00
6.776700000000000000e+04,1.002091141988295631e+00,4.993409486747232506e+00
6.776800000000000000e+04,8.560343864008693737e-01,5.258602194990892542e+00
6.776900000000000000e+04,8.473177164307126308e-01,5.456517635513584707e+00
6.777000000000000000e+04,8.288864093558758750e-01,5.061311309403308201e+00
6.777100000000000000e+04,1.009856690428197368e+00,4.461150308968321099e+00
6.777200000000000000e+04,1.023484439283419034e+00,4.361510113782422593e+00
6.777300000000000000e+04,9.508605974641431979e-01,4.486746236688887279e+00
6.777400000000000000e+04,9.114840145367542057e-01,4.545729140025642323e+00
6.777500000000000000e+04,8.850890572056306915e-01,4.559190314977023206e+00
6.777600000000000000e+04,8.636827352867507690e-01,4.565594725022400269e+00
6.777700000000000000e+04,8.563406404383987480e-01,4.546823815118898438e+00
6.777800000000000000e+04,8.426106332129462695e-01,4.541162317559916062e+00
6.777900000000000000e+04,8.029593345941192783e-01,4.565941698731734277e+00
6.778000000000000000e+04,7.717714601455820667e-01,4.577510884721512241e+00
6.778100000000000000e+04,7.487523531799079590e-01,4.545183298333739685e+00
6.778200000000000000e+04,7.241949254182235007e-01,4.527723396935321887e+00
6.778300000000000000e+04,6.943030173572578567e-01,4.505340172140854804e+00
6.778400000000000000e+04,6.810034756310597848e-01,4.486027246620238884e+00
6.778500000000000000e+04,6.540044807389859827e-01,4.443338494393756832e+00
6.778600000000000000e+04,6.097190898145690152e-01,4.433853921792987762e+00
6.778700000000000000e+04,5.845999088629534324e-01,4.416712286755370087e+00
6.778800000000000000e+04,5.814114367099303404e-01,4.366783864870193099e+00
6.778900000000000000e+04,5.141787112157547579e-01,4.416454278960010527e+00
6.779000000000000000e+04,5.041561293808788369e-01,4.457795351072398660e+00
6.779100000000000000e+04,4.230938706832134688e-01,4.319759616477810482e+00
6.779200000000000000e+04,4.314452519101174000e-01,4.299703413526792417e+00
6.779300000000000000e+04,4.485639030162156260e-01,4.278925755332352310e+00
6.779400000000000000e+04,4.444262454123250605e-01,4.283831747187420547e+00
6.779500000000000000e+04,4.504763792229928843e-01,4.276457263632408967e+00
6.779600000000000000e+04,4.459454650015372001e-01,4.268076418579298092e+00
6.779700000000000000e+04,4.449072088514651746e-01,4.253073110058103623e+00
6.779800000000000000e+04,4.448621608386412185e-01,4.265465396506343154e+00
6.779900000000000000e+04,4.500861939857989658e-01,4.255489829155578718e+00
6.780000000000000000e+04,4.488377700741318921e-01,4.259516086658408085e+00
6.780100000000000000e+04,4.374544961600185800e-01,4.262418775783167746e+00
6.780200000000000000e+04,4.578351016986262900e-01,4.252480398522322957e+00
6.780300000000000000e+04,4.289804540884962214e-01,4.257921755654670903e+00
6.780400000000000000e+04,4.392043533888284612e-01,4.257079268879849110e+00
6.780500000000000000e+04,4.258987670626118716e-01,4.267680275511480659e+00
6.780600000000000000e+04,4.468750429992542350e-01,4.283359983809980065e+00
6.780700000000000000e+04,4.666030157797807498e-01,4.393398077969443705e+00
6.780800000000000000e+04,4.010596639085527992e-01,4.359388122789560782e+00
6.780900000000000000e+04,4.065134853173365537e-01,4.401841721532960605e+00
6.781000000000000000e+04,4.111590841245582051e-01,4.432309322583591893e+00
6.781100000000000000e+04,4.476502069536603123e-01,4.367794410035159558e+00
6.781200000000000000e+04,4.280896511483347489e-01,4.390154032896624869e+00
6.781300000000000000e+04,4.000060339996566738e-01,4.408421122475232323e+00
6.781400000000000000e+04,4.482005473421851738e-01,4.338475133988978882e+00
6.781500000000000000e+04,4.158381426305526318e-01,4.349651951785261872e+00
6.781600000000000000e+04,4.432900209801536873e-01,4.428585085062145765e+00
6.781700000000000000e+04,4.764078961347406604e-01,4.464155644508238652e+00
6.781800000000000000e+04,4.890007312913388637e-01,4.484997099115055619e+00
6.781900000000000000e+04,5.726157562140317125e-01,4.306427462230807635e+00
6.782000000000000000e+04,5.545707250715774528e-01,4.347937966315797098e+00
6.782100000000000000e+04,5.546316110649711639e-01,4.315924355551111091e+00
6.782200000000000000e+04,5.904671301996573529e-01,4.519026654160619216e+00
6.782300000000000000e+04,7.743765001478228882e-01,4.825340712011346511e+00
6.782400000000000000e+04,4.583833869953438112e-01,4.806369396220013357e+00
6.782500000000000000e+04,1.163005191492621826e+00,4.772252899373029322e+00
6.782600000000000000e+04,2.395435937868854115e+00,4.745458079623418257e+00
6.782700000000000000e+04,1.480457683446405603e+00,4.852503839859167556e+00
6.782800000000000000e+04,8.234765880117372872e-01,5.012520483176295727e+00
6.782900000000000000e+04,2.658966419763355127e+00,4.818756360731676125e+00
6.783000000000000000e+04,6.414838632448747191e+00,4.507472615657370341e+00
6.783100000000000000e+04,5.360609206435903218e+00,4.681516681359632059e+00
6.783200000000000000e+04,4.682088041678964530e+00,4.922106806557415837e+00
6.783300000000000000e+04,4.718905976464695229e+00,5.116893045745356972e+00
6.783400000000000000e+04,4.527084711094195413e+00,5.245378784603374811e+00
6.783500000000000000e+04,4.440212901515265820e+00,5.436934769641588616e+00
6.783600000000000000e+04,4.452410686335177559e+00,5.649381921969727216e+00
6.783700000000000000e+04,4.415351949595436309e+00,5.833640488396952151e+00
6.783800000000000000e+04,4.312832567766947456e+00,5.931400150449846365e+00
6.783900000000000000e+04,4.244356310247676234e+00,6.004497103153873638e+00
6.784000000000000000e+04,4.239371551974943308e+00,6.113275331234291343e+00
6.784100000000000000e+04,4.209445684310077596e+00,6.195952237635928839e+00
6.784200000000000000e+04,4.440281169051560006e+00,6.583499042618370822e+00
6.784300000000000000e+04,4.396322528502298432e+00,6.572654295771847899e+00
6.784400000000000000e+04,4.421746278029657695e+00,6.528635628823813875e+00
6.784500000000000000e+04,4.681826948619069562e+00,6.512974273852961460e+00
6.784600000000000000e+04,4.352745514371295421e+00,6.367375319386432864e+00
6.784700000000000000e+04,4.323636191911523596e+00,6.282236853368303287e+00
6.784800000000000000e+04,4.344718664523818497e+00,6.203367642199459908e+00
6.784900000000000000e+04,4.696072111161587515e+00,6.587256660509041239e+00
6.785000000000000000e+04,4.502995747302736440e+00,6.348856559360598339e+00
6.785100000000000000e+04,4.435005836050405215e+00,6.218306916576160859e+00
6.785200000000000000e+04,4.475067880396506048e+00,6.221571718498417169e+00
6.785300000000000000e+04,4.457881674011484385e+00,6.280779986564859030e+00
6.785400000000000000e+04,4.374345550016808026e+00,6.380100615964231281e+00
6.785500000000000000e+04,4.385454787442967017e+00,6.432120495889229517e+00
6.785600000000000000e+04,4.327296491367317977e+00,6.455119620721085028e+00
6.785700000000000000e+04,3.666326554565189966e+00,6.368828527434374109e+00
6.785800000000000000e+04,3.359197422266556821e+00,6.302731776686997023e+00
6.785900000000000000e+04,3.165773368437193369e+00,6.170429863735719778e+00
6.786000000000000000e+04,3.667997978661857061e+00,6.304266305944544513e+00
6.786100000000000000e+04,3.476157985551036500e+00,6.224427578182776699e+00
6.786200000000000000e+04,4.131481081224836593e+00,6.424366794591627183e+00
6.786300000000000000e+04,4.133735267768800625e+00,6.498264769230466698e+00
6.786400000000000000e+04,4.144637645442471374e+00,6.514925319359541334e+00
6.786500000000000000e+04,4.168934602479741791e+00,6.496119477189317593e+00
6.786600000000000000e+04,4.197519313840028410e+00,6.513212111337942645e+00
6.786700000000000000e+04,4.177006458198471606e+00,6.516674777384579897e+00
6.786800000000000000e+04,4.168605055760626676e+00,6.531076096596699188e+00
6.786900000000000000e+04,4.147871211632808475e+00,6.538361969154045994e+00
6.787000000000000000e+04,4.144546440120873143e+00,6.550742040709508274e+00
6.787100000000000000e+04,4.118911706238992387e+00,6.561545482257386652e+00
6.787200000000000000e+04,4.118120257703142606e+00,6.575591675955152482e+00
6.787300000000000000e+04,4.078942065465161804e+00,6.606455127980645159e+00
6.787400000000000000e+04,4.038528335371441180e+00,6.632493151463854986e+00
6.787500000000000000e+04,3.991998286406103880e+00,6.655509810355866307e+00
6.787600000000000000e+04,3.958059030591178917e+00,6.659523539671262427e+00
6.787700000000000000e+04,3.939507131646221350e+00,6.672589648128095519e+00
6.787800000000000000e+04,3.900078494813908225e+00,6.681829565524878944e+00
6.787900000000000000e+04,3.882339884979209454e+00,6.695760090311168256e+00
6.788000000000000000e+04,3.847599320664927269e+00,6.703086876896342972e+00
6.788100000000000000e+04,3.832786717307070656e+00,6.709357853448977949e+00
6.788200000000000000e+04,3.800191202585212480e+00,6.715836139593719167e+00
6.788300000000000000e+04,3.776805710003803718e+00,6.743971061912567677e+00
6.788400000000000000e+04,3.726177153012381282e+00,6.766994402975342382e+00
6.788500000000000000e+04,3.704846196388276613e+00,6.808697694312620285e+00
6.788600000000000000e+04,3.664280040996115595e+00,6.835845902483363545e+00
6.788700000000000000e+04,3.640272129247879018e+00,6.870670442095160979e+00
6.788800000000000000e+04,3.592756676117741410e+00,6.913006307179273335e+00
6.788900000000000000e+04,3.559305961149493047e+00,6.947994168207983989e+00
6.789000000000000000e+04,3.520482079841606105e+00,6.990333634673731922e+00
6.789100000000000000e+04,3.495718024366644361e+00,7.025836261552029782e+00
6.789200000000000000e+04,3.450785936921521024e+00,7.054914765360010165e+00
6.789300000000000000e+04,3.399971313473908907e+00,7.087398406512818383e+00
6.789400000000000000e+04,3.351415826686437338e+00,7.110064078147672717e+00
6.789500000000000000e+04,3.296925322844988848e+00,7.127124617340484747e+00
6.789600000000000000e+04,3.233150263990376860e+00,7.144095150278822359e+00
6.789700000000000000e+04,3.183255635613422285e+00,7.169935591047483570e+00
6.789800000000000000e+04,3.126736152126741608e+00,7.185855625295182847e+00
6.789900000000000000e+04,3.066357641120167177e+00,7.222200388532790782e+00
6.790000000000000000e+04,3.067345356030780845e+00,7.274389310189548041e+00
6.790100000000000000e+04,3.035745206835716026e+00,7.328443415853008958e+00
6.790200000000000000e+04,2.948534977530457901e+00,7.421548044020866541e+00
6.790300000000000000e+04,3.368266224441410106e+00,8.270719525768697622e+00
6.790400000000000000e+04,3.409630832038687220e+00,8.591125732642286295e+00
6.790500000000000000e+04,3.058234485600410224e+00,7.714954089044248065e+00
6.790600000000000000e+04,2.915934296599649755e+00,7.556577001725059972e+00
6.790700000000000000e+04,2.863334666929442829e+00,7.552607626129599794e+00
6.790800000000000000e+04,2.812483046013122490e+00,7.442910972575610629e+00
6.790900000000000000e+04,2.619501236450076043e+00,7.162725659745035500e+00
6.791000000000000000e+04,2.626605991171229171e+00,7.216263361103912644e+00
6.791100000000000000e+04,2.434236238713734846e+00,7.360543737986397161e+00
6.791200000000000000e+04,2.412456521286686861e+00,7.420522393291570040e+00
6.791300000000000000e+04,2.368863458178971815e+00,7.391728886732103376e+00
6.791400000000000000e+04,2.352223490214294888e+00,7.346408172026102079e+00
6.791500000000000000e+04,2.313543503487729414e+00,7.361423442450153232e+00
6.791600000000000000e+04,2.296334953704252779e+00,7.363585445359980497e+00
6.791700000000000000e+04,2.283779035345964825e+00,7.367205842619554801e+00
6.791800000000000000e+04,2.226650280564590911e+00,7.341816673237516966e+00
6.791900000000000000e+04,2.346372707611997122e+00,7.358808793211089494e+00
6.792000000000000000e+04,2.259797291120777984e+00,7.315336664397456445e+00
6.792100000000000000e+04,2.481755130038966417e+00,7.416748394307958847e+00
6.792200000000000000e+04,2.469296366334164272e+00,7.403496292021131353e+00
6.792300000000000000e+04,2.453030112415477859e+00,7.371589815118163358e+00
6.792400000000000000e+04,2.455548778666323706e+00,7.359533651888597205e+00
6.792500000000000000e+04,2.467153438520593323e+00,7.354809995820815516e+00
6.792600000000000000e+04,2.478282342578294717e+00,7.348758320314502157e+00
6.792700000000000000e+04,2.492312065872129168e+00,7.345832981959475205e+00
6.792800000000000000e+04,2.506847492786869580e+00,7.346024477736058600e+00
6.792900000000000000e+04,2.518822567290524006e+00,7.346154825262743771e+00
6.793000000000000000e+04,2.529830119779099107e+00,7.346651742034879362e+00
6.793100000000000000e+04,2.537222419218267078e+00,7.344830345697261009e+00
6.793200000000000000e+04,2.540043895349052505e+00,7.344458840236725905e+00
6.793300000000000000e+04,2.548330585907313317e+00,7.352816279886184248e+00
6.793400000000000000e+04,2.557667189183085110e+00,7.396238229801504360e+00
6.793500000000000000e+04,2.485048616484939021e+00,7.545024121129330297e+00
6.793600000000000000e+04,2.498617210503688124e+00,7.615780287617290867e+00
6.793700000000000000e+04,2.490385326119176845e+00,7.754721367953212763e+00
6.793800000000000000e+04,2.388813200772163192e+00,7.462342020921944652e+00
6.793900000000000000e+04,2.398895406391751361e+00,7.295610717999259975e+00
6.794000000000000000e+04,2.380357309946919742e+00,7.259036138175915198e+00
6.794100000000000000e+04,2.427391237030336324e+00,7.288750867173220627e+00
6.794200000000000000e+04,2.393004728653979729e+00,7.324736210482775789e+00
6.794300000000000000e+04,2.380011344772231308e+00,7.335591546032372179e+00
6.794400000000000000e+04,2.379277519285107889e+00,7.338378003225454194e+00
6.794500000000000000e+04,2.356443542990318107e+00,7.347597168758777997e+00
6.794600000000000000e+04,2.380292254859980527e+00,7.308396858066853241e+00
6.794700000000000000e+04,2.342072712032040815e+00,7.332522540738448669e+00
6.794800000000000000e+04,2.327614023064551230e+00,7.316115440450662533e+00
6.794900000000000000e+04,2.329464928878317576e+00,7.303643692511368357e+00
6.795000000000000000e+04,2.313834085721275358e+00,7.293452699406966389e+00
6.795100000000000000e+04,2.299978252481833074e+00,7.289298230624197572e+00
6.795200000000000000e+04,2.281234925749429987e+00,7.312734432464456091e+00
6.795300000000000000e+04,2.283974764422909143e+00,7.284470424419978940e+00
6.795400000000000000e+04,2.259653344613825166e+00,7.238365642534024147e+00
6.795500000000000000e+04,2.271902306384136594e+00,7.275027577717128935e+00
6.795600000000000000e+04,2.287388341944316394e+00,7.292716563220857040e+00
6.795700000000000000e+04,2.087528303745739056e+00,7.314338454180770555e+00
6.795800000000000000e+04,2.117730923548892807e+00,7.250641167065364101e+00
6.795900000000000000e+04,2.315155817068740962e+00,7.298007090974454769e+00
6.796000000000000000e+04,2.260152633084134610e+00,7.386119015625876472e+00
6.796100000000000000e+04,2.211533261439382780e+00,7.342667026055000434e+00
6.796200000000000000e+04,2.202988010457763934e+00,7.328246821276163558e+00
6.796300000000000000e+04,2.233984064723975038e+00,7.295295797801468751e+00
6.796400000000000000e+04,2.210500782665705266e+00,7.286197948536518254e+00
6.796500000000000000e+04,2.180464574512749110e+00,7.392239529194792880e+00
6.796600000000000000e+04,2.140390709430038729e+00,7.351410882492960042e+00
6.796700000000000000e+04,2.128295035029748483e+00,7.225386046287201935e+00
6.796800000000000000e+04,2.124058096513929073e+00,7.186083577792782506e+00
6.796900000000000000e+04,2.119129275484425534e+00,7.178204183779705261e+00
6.797000000000000000e+04,2.100953983961808547e+00,7.172796545791843670e+00
6.797100000000000000e+04,2.082940409385293901e+00,7.165101265453078128e+00
6.797200000000000000e+04,2.069463582826187142e+00,7.157603267544125458e+00
6.797300000000000000e+04,2.054256156450754656e+00,7.146048771089390073e+00
6.797400000000000000e+04,2.042550166199952333e+00,7.134604121622167838e+00
6.797500000000000000e+04,2.028931285639136828e+00,7.130701016968878037e+00
6.797600000000000000e+04,2.018015733611164819e+00,7.126720156923163074e+00
6.797700000000000000e+04,2.005079791242157405e+00,7.124463239580514085e+00
6.797800000000000000e+04,1.995321335213508851e+00,7.112776841362748570e+00
6.797900000000000000e+04,1.984394049737912002e+00,7.104468937276195106e+00
6.798000000000000000e+04,1.970135211763440530e+00,7.091239661120599891e+00
6.798100000000000000e+04,1.962555937519879334e+00,7.083806351483900698e+00
6.798200000000000000e+04,1.952221185717788909e+00,7.076973410756522753e+00
6.798300000000000000e+04,1.938797240192796645e+00,7.066978592193066788e+00
6.798400000000000000e+04,1.922609915928221058e+00,7.060274060441660282e+00
6.798500000000000000e+04,1.907651631034779749e+00,7.049728053196062660e+00
6.798600000000000000e+04,1.890846893150547992e+00,7.041290847660455654e+00
6.798700000000000000e+04,1.871953897661381649e+00,7.036768721714839359e+00
6.798800000000000000e+04,1.826198244159599637e+00,7.052240946257757770e+00
6.798900000000000000e+04,1.780499938055702502e+00,7.066555625742900304e+00
6.799000000000000000e+04,1.758893068582828345e+00,7.059373134105833003e+00
6.799100000000000000e+04,1.705444636662157176e+00,7.062237400087635564e+00
6.799200000000000000e+04,1.682715373089045174e+00,7.048301228609229696e+00
6.799300000000000000e+04,1.628264283243356259e+00,7.059527415002239792e+00
6.799400000000000000e+04,1.607853186629186304e+00,7.049402199869089003e+00
6.799500000000000000e+04,1.572777412068657732e+00,7.065026809402418451e+00
6.799600000000000000e+04,1.563655857579548059e+00,7.059897119241909991e+00
6.799700000000000000e+04,1.527379762561311916e+00,7.082434327844080002e+00
6.799800000000000000e+04,1.520168554666197380e+00,7.080785869735755966e+00
6.799900000000000000e+04,1.511741810896248150e+00,7.080179820553983205e+00
6.800000000000000000e+04,1.483915842397008245e+00,7.094009316962264222e+00
6.800100000000000000e+04,1.468349479993753093e+00,7.095637658625506106e+00
6.800200000000000000e+04,1.430303250233341039e+00,7.089852300403691743e+00
6.800300000000000000e+04,1.403229418945774576e+00,7.082497630003608435e+00
6.800400000000000000e+04,1.364572172649900716e+00,7.087838160728118453e+00
6.800500000000000000e+04,1.337007872333072500e+00,7.070996498965900656e+00
6.800600000000000000e+04,1.315673857801941127e+00,7.054497678375657443e+00
6.800700000000000000e+04,1.294450282481382164e+00,7.042706012925048498e+00
6.800800000000000000e+04,1.273753548150214021e+00,7.028039011779227963e+00
6.800900000000000000e+04,1.247458423003104722e+00,7.019906443454338785e+00
6.801000000000000000e+04,1.198399054729756275e+00,7.038289217826303457e+00
6.801100000000000000e+04,1.165444933562406860e+00,7.035717821434253949e+00
6.801200000000000000e+04,1.127964271754363645e+00,7.034918571389063402e+00
6.801300000000000000e+04,1.095656956561746886e+00,7.028917370096642969e+00
6.801400000000000000e+04,1.062123861445987805e+00,7.026026484686614282e+00
6.801500000000000000e+04,1.031441217695341139e+00,7.021035880107163507e+00
6.801600000000000000e+04,1.009676243543842666e+00,7.010711646173135136e+00
6.801700000000000000e+04,9.919073400163150867e-01,6.985666406536758188e+00
6.801800000000000000e+04,9.637940973885236184e-01,6.974313806745399802e+00
6.801900000000000000e+04,9.387929765927852666e-01,6.958053438113715572e+00
6.802000000000000000e+04,9.121336755917932582e-01,6.942840932063383264e+00
6.802100000000000000e+04,8.863804212730952425e-01,6.927471852582556266e+00
6.802200000000000000e+04,8.661380811970913474e-01,6.905799910279526443e+00
6.802300000000000000e+04,8.431661829249995632e-01,6.883245279659334415e+00
6.802400000000000000e+04,8.207575082671930700e-01,6.864502301470821521e+00
6.802500000000000000e+04,7.996764480510625273e-01,6.844350520403217786e+00
6.802600000000000000e+04,7.809006862697525087e-01,6.824966138594433573e+00
6.802700000000000000e+04,7.581199748237145153e-01,6.808479005848745658e+00
6.802800000000000000e+04,7.356981967238342968e-01,6.787491541639710135e+00
6.802900000000000000e+04,7.156035100619809741e-01,6.760913319283503142e+00
6.803000000000000000e+04,6.939140284894007582e-01,6.729476783248117044e+00
6.803100000000000000e+04,6.634866240647139257e-01,6.713426276423341221e+00
6.803200000000000000e+04,6.581400426206055476e-01,6.694478682110634793e+00
6.803300000000000000e+04,6.436688926969800217e-01,6.673310206515182585e+00
6.803400000000000000e+04,6.284196004413967751e-01,6.676705440543635461e+00
6.803500000000000000e+04,6.049794846874947396e-01,6.650333293054785599e+00
6.803600000000000000e+04,5.942021231082774690e-01,6.611707022639173204e+00
6.803700000000000000e+04,5.718265712672202516e-01,6.580790473269495067e+00
6.803800000000000000e+04,5.489350290443590907e-01,6.549850363047447388e+00
6.803900000000000000e+04,5.338440747359038951e-01,6.533596585853985061e+00
6.804000000000000000e+04,5.186593096206679743e-01,6.502261841894636518e+00
6.804100000000000000e+04,5.208387620595006373e-01,6.470078430554501381e+00
6.804200000000000000e+04,4.942491711667630350e-01,6.457790052234500422e+00
6.804300000000000000e+04,4.727614168931203453e-01,6.447477523059603755e+00
6.804400000000000000e+04,4.509918225302614325e-01,6.439018609485472666e+00
6.804500000000000000e+04,4.273544216048419941e-01,6.395664142647866868e+00
6.804600000000000000e+04,4.091871714146751993e-01,6.409114179445317916e+00
6.804700000000000000e+04,4.361004964884638291e-01,6.452106271378198699e+00
6.804800000000000000e+04,4.051919444752392629e-01,6.387959294668426935e+00
6.804900000000000000e+04,3.853141749252552151e-01,6.316873765329141577e+00
6.805000000000000000e+04,3.305161050075005047e-01,6.246492478052346087e+00
6.805100000000000000e+04,2.377999556820956650e-01,6.289145352167423653e+00
6.805200000000000000e+04,2.021762031715747532e-01,6.767823179537892031e+00
6.805300000000000000e+04,3.851113747462097114e-01,7.195768627893002645e+00
6.805400000000000000e+04,3.276200594530087051e-01,7.212225947322199460e+00
6.805500000000000000e+04,1.924309698492801257e-01,7.113821597669563346e+00
6.805600000000000000e+04,1.243335767940354913e-01,6.909690726657728987e+00
6.805700000000000000e+04,1.864401372464529194e-01,6.764462223974049948e+00
6.805800000000000000e+04,1.077210892951385307e-01,6.765300248243420356e+00
6.805900000000000000e+04,6.678885013738979914e-01,6.884062371438801620e+00
6.806000000000000000e+04,2.621195778049605352e-01,6.812818276129519290e+00
6.806100000000000000e+04,1.094312240808565706e+00,6.609766843472343112e+00
6.806200000000000000e+04,1.278462933013828629e+00,6.551627242687075636e+00
6.806300000000000000e+04,1.734589249981299153e+00,6.553142349059292826e+00
6.806400000000000000e+04,1.940683281977893415e+00,6.539891652673425426e+00
6.806500000000000000e+04,2.093063925683394721e+00,6.490917204925118256e+00
6.806600000000000000e+04,2.262437159950942966e+00,6.451631972635333057e+00
6.806700000000000000e+04,2.335876501664710503e+00,6.445633864931693324e+00
6.806800000000000000e+04,2.503934146554575690e+00,6.437140209586907247e+00
6.806900000000000000e+04,2.409636753073165494e+00,6.457476127837423974e+00
6.807000000000000000e+04,2.508180443914474367e+00,6.436978639900807764e+00
6.807100000000000000e+04,2.533175750960229955e+00,6.417182267823569930e+00
6.807200000000000000e+04,2.587106929084277862e+00,6.391773345847148846e+00
6.807300000000000000e+04,2.664145047040862302e+00,6.380901381837880137e+00
6.807400000000000000e+04,2.730700246701620149e+00,6.371762125640643148e+00
6.807500000000000000e+04,2.778112222546712751e+00,6.368276463612126292e+00
6.807600000000000000e+04,2.839069501887169000e+00,6.372693211248105172e+00
6.807700000000000000e+04,2.841505979192356257e+00,6.407857775721510052e+00
6.807800000000000000e+04,2.829905033470003328e+00,6.437493453009359712e+00
6.807900000000000000e+04,2.993234721841290913e+00,6.433207879055650835e+00
6.808000000000000000e+04,2.923148199992625873e+00,6.461484034457114944e+00
6.808100000000000000e+04,3.076829674151669636e+00,6.460795532153639442e+00
6.808200000000000000e+04,2.962810235091569488e+00,6.494468059491559586e+00
6.808300000000000000e+04,3.131758853240814489e+00,6.479458496229391073e+00
6.808400000000000000e+04,3.069777378134154855e+00,6.499585234691011237e+00
6.808500000000000000e+04,3.062104610098215662e+00,6.532533711330486881e+00
6.808600000000000000e+04,2.940064012021502471e+00,6.603157180655152558e+00
6.808700000000000000e+04,2.769341952178778765e+00,6.658125549554021916e+00
6.808800000000000000e+04,2.812052939973350263e+00,6.649032083117951686e+00
6.808900000000000000e+04,2.756111875584265736e+00,6.694514555168467496e+00
6.809000000000000000e+04,2.786896595002810617e+00,6.693267230295219861e+00
6.809100000000000000e+04,2.768249237167481613e+00,6.657668368213130350e+00
6.809200000000000000e+04,2.691298463508836836e+00,6.642342446063246086e+00
6.809300000000000000e+04,2.810466521861240796e+00,6.661411020490454860e+00
6.809400000000000000e+04,2.739115153898793231e+00,6.647607184334482611e+00
6.809500000000000000e+04,2.640386891162206595e+00,6.647586777725742024e+00
6.809600000000000000e+04,2.523835388564136917e+00,6.652663709782729029e+00
6.809700000000000000e+04,2.317422300234128318e+00,6.688192863555521228e+00
6.809800000000000000e+04,2.661814599602981168e+00,6.704157735603907042e+00
6.809900000000000000e+04,2.561092623794520406e+00,6.743150117411474298e+00
6.810000000000000000e+04,1.890595339779180595e+00,6.830983666501722951e+00
6.810100000000000000e+04,1.213560679157821065e+00,6.876645804296110498e+00
6.810200000000000000e+04,3.115623380132774844e+00,6.769945236472686645e+00
6.810300000000000000e+04,2.870128403716774024e+00,6.750180327164883920e+00
6.810400000000000000e+04,2.731599686892096202e+00,6.733040989425354894e+00
6.810500000000000000e+04,2.683000286088908837e+00,6.718757327717142402e+00
6.810600000000000000e+04,2.724465984601472268e+00,6.713388742990638036e+00
6.810700000000000000e+04,2.651765234169967567e+00,6.727752509529672409e+00
6.810800000000000000e+04,2.614467566279417010e+00,6.742878258552721604e+00
6.810900000000000000e+04,2.320423875997881247e+00,6.457927883150084369e+00
6.811000000000000000e+04,8.111209849561269891e+00,4.858414702657164241e+00
6.811100000000000000e+04,3.259780424843248703e+00,4.567735793403592481e+00
6.811200000000000000e+04,2.328534869439800037e+00,5.408352926860530374e+00
6.811300000000000000e+04,2.946067291095798346e+00,6.269979812510719341e+00
6.811400000000000000e+04,9.780658432975779526e-01,6.975268917739924746e+00
6.811500000000000000e+04,9.712878662362154358e-01,6.977762617163861592e+00
6.811600000000000000e+04,9.015018330008731651e-01,6.735242018374279382e+00
6.811700000000000000e+04,8.582209695944833516e-01,6.478072634668919250e+00
6.811800000000000000e+04,8.104345695454042708e-01,6.302011499200517619e+00
6.811900000000000000e+04,7.486274954340568222e-01,6.156258380275936304e+00
6.812000000000000000e+04,7.087060925944762557e-01,6.137073706367623060e+00
6.812100000000000000e+04,5.964939767124980419e-01,6.179102398666401541e+00
6.812200000000000000e+04,5.463810691705018874e-01,6.271543867464508537e+00
6.812300000000000000e+04,4.427847197466247553e-01,6.314191717363975442e+00
6.812400000000000000e+04,3.408499851851670703e-01,6.354493536314990365e+00
6.812500000000000000e+04,2.742980606131970589e-01,6.353717011974659101e+00
6.812600000000000000e+04,2.511465723723368959e-01,6.345172409412917602e+00
6.812700000000000000e+04,1.937367120087640227e-01,6.284029229678580464e+00
6.812800000000000000e+04,1.711226602036671207e-01,6.272601262306672254e+00
6.812900000000000000e+04,2.098438701266635842e-01,6.274147433175308208e+00
6.813000000000000000e+04,2.921993835344898205e-01,6.250702712284272877e+00
6.813100000000000000e+04,3.031362897719316885e-01,6.251073046279991274e+00
6.813200000000000000e+04,3.214802050861497729e-01,6.291223919486604643e+00
6.813300000000000000e+04,3.386567288606607273e-01,6.299258468901349772e+00
6.813400000000000000e+04,3.130601206116015445e-01,6.255042240514228524e+00
6.813500000000000000e+04,2.900424715748619042e-01,6.200079819385159396e+00
6.813600000000000000e+04,2.947338284666953245e-01,6.195654548798209760e+00
6.813700000000000000e+04,2.878397917014596796e-01,6.116361435977317740e+00
6.813800000000000000e+04,2.715295564966906383e-01,6.177809279458209346e+00
6.813900000000000000e+04,2.818993029604200951e-01,6.208754058240160134e+00
6.814000000000000000e+04,2.965835376138825641e-01,6.224583670245174005e+00
6.814100000000000000e+04,3.353261338928627544e-01,6.229008959264184853e+00
6.814200000000000000e+04,4.214465872585134165e-01,6.434637508521980465e+00
6.814300000000000000e+04,4.158764894258196176e-01,6.410751587066016555e+00
6.814400000000000000e+04,4.245694607416452548e-01,6.304281806083437800e+00
6.814500000000000000e+04,4.206553443525468672e-01,6.328834970625742073e+00
6.814600000000000000e+04,4.272705142518137822e-01,6.357353813149600796e+00
6.814700000000000000e+04,4.395503063675423316e-01,6.349788417615620517e+00
6.814800000000000000e+04,4.275994587061714980e-01,6.341198586910330448e+00
6.814900000000000000e+04,4.313847322852311095e-01,6.325373062983295824e+00
6.815000000000000000e+04,4.273712772640058111e-01,6.348175295550639419e+00
6.815100000000000000e+04,3.763097524361295187e-01,6.362228221143524820e+00
6.815200000000000000e+04,3.967720369617510623e-01,6.355088544521812821e+00
6.815300000000000000e+04,3.590299801670209234e-01,6.356600072028648185e+00
6.815400000000000000e+04,3.577100343840485253e-01,6.359927475557292098e+00
6.815500000000000000e+04,3.158507014495272602e-01,6.366804161269278950e+00
6.815600000000000000e+04,2.477338905396814506e-01,6.387846815173631398e+00
6.815700000000000000e+04,1.880711993953807226e-01,6.362667413605393563e+00
6.815800000000000000e+04,1.768487410401756998e-01,6.363528764469478460e+00
6.815900000000000000e+04,1.691263595860352242e-01,6.363062338341165969e+00
6.816000000000000000e+04,1.693783350868267867e-01,6.358520863271053258e+00
6.816100000000000000e+04,1.714318735352922951e-01,6.360767160812379473e+00
6.816200000000000000e+04,1.743269557089230648e-01,6.359945486589225538e+00
6.816300000000000000e+04,1.759135369204600230e-01,6.357900883096341715e+00
6.816400000000000000e+04,2.033368923585148480e-01,6.366112271009342294e+00
6.816500000000000000e+04,2.400426419440871706e-01,6.375209224290777854e+00
6.816600000000000000e+04,2.761163458871513376e-01,6.383908633597464188e+00
6.816700000000000000e+04,3.150031594214083852e-01,6.390324286012130983e+00
6.816800000000000000e+04,3.518316865163497176e-01,6.395723305332737141e+00
6.816900000000000000e+04,3.366978192841935669e-01,6.415211731440550125e+00
6.817000000000000000e+04,3.229010417557363621e-01,6.426942459408230945e+00
6.817100000000000000e+04,3.059860770010524589e-01,6.438607643528591495e+00
6.817200000000000000e+04,2.909211834220125081e-01,6.450234278598415472e+00
6.817300000000000000e+04,2.799020509335909956e-01,6.461702087022302976e+00
6.817400000000000000e+04,3.400362875907738114e-01,6.468774485351914905e+00
6.817500000000000000e+04,4.002057972382442319e-01,6.479449292571828778e+00
6.817600000000000000e+04,4.746789257489552605e-01,6.505940834486260371e+00
6.817700000000000000e+04,5.174415002953474119e-01,6.525571062138361356e+00
6.817800000000000000e+04,5.327940504498870355e-01,6.543036177347083537e+00
6.817900000000000000e+04,4.812543710028915900e-01,6.495136741808209990e+00
6.818000000000000000e+04,4.651762903101081537e-01,6.551719131859556455e+00
6.818100000000000000e+04,3.542106303402556278e-01,6.432133948246232080e+00
6.818200000000000000e+04,3.594095806153048689e-01,6.431879560803459128e+00
6.818300000000000000e+04,2.317924402685215823e-01,6.156761446281947769e+00
6.818400000000000000e+04,9.118040035644336960e-01,5.307581990736572664e+00
6.818500000000000000e+04,5.983796939749418398e-01,6.036639729792966591e+00
6.818600000000000000e+04,2.232049328504627228e-01,6.258118326468419923e+00
6.818700000000000000e+04,6.288597348481855809e-01,6.617905743502120686e+00
6.818800000000000000e+04,4.467800000211370470e-01,6.525628616389340664e+00
6.818900000000000000e+04,3.230104721548764379e-01,6.458425946689509090e+00
6.819000000000000000e+04,3.637729256864636329e-01,6.418367842170809467e+00
6.819100000000000000e+04,2.716058411654382887e-01,6.350002055107303534e+00
6.819200000000000000e+04,2.303852460656424239e-01,6.410317402050850433e+00
6.819300000000000000e+04,1.664504843193412298e-01,6.438932774729913433e+00
6.819400000000000000e+04,1.221672056647430948e-01,6.541886069913651625e+00
6.819500000000000000e+04,6.863134726979887301e-02,6.493027662123225241e+00
6.819600000000000000e+04,1.392298304056646847e-02,6.363788441226844839e+00
6.819700000000000000e+04,3.068557417422776781e-02,6.371465348931309336e+00
6.819800000000000000e+04,2.369610173711887355e-02,6.374250386174914240e+00
6.819900000000000000e+04,4.030216221273486693e-02,6.398191662678392788e+00
6.820000000000000000e+04,3.564271766212106368e-02,6.350655334358762616e+00
6.820100000000000000e+04,1.156267727266166306e-01,6.385501427032210131e+00
6.820200000000000000e+04,6.169330480279544560e-02,6.120876017815781722e+00
6.820300000000000000e+04,1.692590404079946653e-01,6.173368358945232615e+00
6.820400000000000000e+04,6.610158254457812466e-02,6.089598556814820540e+00
6.820500000000000000e+04,8.759809202860399657e-02,6.185677941596580354e+00
6.820600000000000000e+04,3.276623323053685644e-01,6.089564600051787124e+00
6.820700000000000000e+04,1.238255288542672972e+00,6.131230406815866729e+00
6.820800000000000000e+04,1.596646524233096720e+00,6.249041600118296458e+00
6.820900000000000000e+04,2.572225175817819398e+00,6.527711870123177107e+00
6.821000000000000000e+04,1.166837949112318196e+00,6.433462582304933619e+00
6.821100000000000000e+04,9.029163784322354891e-01,6.280933343842669103e+00
6.821200000000000000e+04,8.213872476806546308e-01,6.026616624993415883e+00
6.821300000000000000e+04,7.242300453556600459e-01,5.952769177784468013e+00
6.821400000000000000e+04,5.030555690328779583e-01,5.786466245508094630e+00
6.821500000000000000e+04,2.116738887267709257e-01,5.556251055440242226e+00
6.821600000000000000e+04,4.047842181820430207e-01,5.268826962619755250e+00
6.821700000000000000e+04,4.471969080251914641e-01,5.225537184014235947e+00
6.821800000000000000e+04,2.524784577134610020e-01,6.031612990193963242e+00
6.821900000000000000e+04,1.071051116205222059e-01,6.021089254116390066e+00
6.822000000000000000e+04,7.188321378036212350e-02,6.155399939373239704e+00
6.822100000000000000e+04,9.521328160456882239e-02,6.381279059075090743e+00
6.822200000000000000e+04,2.329182604299286918e-01,6.286827123784341609e+00
6.822300000000000000e+04,5.605378359463576432e-01,6.057742519794899749e+00
6.822400000000000000e+04,8.066452531817995819e-01,6.134594285838446126e+00
6.822500000000000000e+04,9.577971848460591353e-01,6.162173630225780130e+00
6.822600000000000000e+04,1.250011140529146969e+00,6.166687185014659178e+00
6.822700000000000000e+04,1.398849024177072353e+00,6.154126613921121702e+00
6.822800000000000000e+04,1.630972725767140474e+00,6.132813519089879151e+00
6.822900000000000000e+04,1.781479641364550837e+00,5.996192176983690558e+00
6.823000000000000000e+04,1.929868181617365286e+00,5.933182664798920314e+00
6.823100000000000000e+04,2.121202270255931221e+00,6.047383347695543421e+00
6.823200000000000000e+04,2.412969530032337495e+00,6.090574367049242710e+00
6.823300000000000000e+04,2.502848088765559975e+00,6.126163669912045862e+00
6.823400000000000000e+04,2.533391864691942885e+00,6.099533168118114190e+00
6.823500000000000000e+04,2.340488280646736641e+00,6.109367802149286319e+00
6.823600000000000000e+04,2.077502514357491226e+00,6.147796567343583263e+00
6.823700000000000000e+04,1.980242594056261352e+00,6.181430236353108398e+00
6.823800000000000000e+04,1.995184644890456660e+00,6.221065104105214516e+00
6.823900000000000000e+04,1.864892937413052287e+00,6.273317983920819074e+00
6.824000000000000000e+04,1.731353996128718098e+00,6.290455413719534761e+00
6.824100000000000000e+04,1.681351722327084852e+00,6.278723369130972287e+00
6.824200000000000000e+04,1.565587647560768847e+00,6.301644076326724075e+00
6.824300000000000000e+04,1.474264233250713874e+00,6.322988496121624280e+00
6.824400000000000000e+04,1.522719739995997523e+00,6.334536932790889807e+00
6.824500000000000000e+04,1.419987794244798263e+00,6.381830236894167285e+00
6.824600000000000000e+04,1.432737355964708081e+00,6.393598056854557399e+00
6.824700000000000000e+04,1.275786673422860229e+00,6.413704765162250965e+00
6.824800000000000000e+04,1.223761982766269352e+00,6.436488656086446269e+00
6.824900000000000000e+04,1.132429338252390449e+00,6.406523532533974219e+00
6.825000000000000000e+04,1.014972937853738655e+00,6.507135316163910943e+00
6.825100000000000000e+04,9.756641082925748831e-01,6.458364020463086774e+00
6.825200000000000000e+04,8.623082503692911516e-01,6.531213498120855832e+00
6.825300000000000000e+04,8.657145995113025849e-01,6.660359166703273104e+00
6.825400000000000000e+04,8.805211361190019570e-01,6.514481266587402786e+00
6.825500000000000000e+04,8.792956178917986643e-01,6.522252025393854069e+00
6.825600000000000000e+04,7.744634837671426908e-01,6.421706924711159559e+00
6.825700000000000000e+04,7.746240359224699779e-01,6.397357283560303642e+00
6.825800000000000000e+04,7.723033276792140578e-01,6.345541910881209446e+00
6.825900000000000000e+04,7.489382177966414922e-01,6.461092170771685517e+00
6.826000000000000000e+04,1.104406699571856887e+00,6.625253377261550725e+00
6.826100000000000000e+04,1.611222341931915381e+00,6.622661893875722683e+00
6.826200000000000000e+04,3.620358395044903865e+00,6.756389206417054538e+00
6.826300000000000000e+04,2.938996741734100748e+00,6.379388850824980750e+00
6.826400000000000000e+04,4.035081356332276492e+00,6.386244271985823673e+00
6.826500000000000000e+04,4.833167412824685982e+00,6.121519624154224459e+00
6.826600000000000000e+04,5.692468731087947376e+00,6.046907556519741433e+00
6.826700000000000000e+04,6.511569941000383110e+00,5.953108173813006943e+00
6.826800000000000000e+04,7.254601798570575966e+00,5.894846179584455115e+00
6.826900000000000000e+04,8.004060273729058039e+00,5.867542440597453890e+00
6.827000000000000000e+04,8.594266281106337502e+00,5.819812990654696705e+00
6.827100000000000000e+04,9.167683461876018569e+00,5.773647790506942101e+00
6.827200000000000000e+04,9.848995463836340392e+00,5.702522260075696181e+00
6.827300000000000000e+04,1.036919764340528793e+01,5.661014741449989174e+00
6.827400000000000000e+04,1.095528672259235847e+01,5.599895154117824347e+00
6.827500000000000000e+04,1.145409478828547556e+01,5.563260897571616681e+00
6.827600000000000000e+04,1.199600546848040139e+01,5.507557137000695491e+00
6.827700000000000000e+04,1.244436725498759344e+01,5.469704390645425462e+00
6.827800000000000000e+04,1.296605397076526245e+01,5.418234019260992795e+00
6.827900000000000000e+04,1.339695029777499613e+01,5.387497590117895641e+00
6.828000000000000000e+04,1.389082348915441045e+01,5.344894662732372126e+00
6.828100000000000000e+04,1.429311960278565863e+01,5.332312634222091674e+00
6.828200000000000000e+04,1.475895497943861834e+01,5.300118953609462835e+00
6.828300000000000000e+04,1.512660790427981006e+01,5.280004662276439831e+00
6.828400000000000000e+04,1.556922354345481274e+01,5.243953339939523062e+00
6.828500000000000000e+04,1.590976763940629013e+01,5.231491230855837671e+00
6.828600000000000000e+04,1.631475795166758402e+01,5.190164034482222633e+00
6.828700000000000000e+04,1.664702484584761777e+01,5.166979772439042051e+00
6.828800000000000000e+04,1.695731816993030705e+01,5.135429996719473422e+00
6.828900000000000000e+04,1.737033593933248454e+01,5.070387912303360167e+00
6.829000000000000000e+04,1.761182902297630548e+01,5.052032706321426758e+00
6.829100000000000000e+04,1.785643009637515988e+01,5.032516766715808387e+00
6.829200000000000000e+04,1.804429785706605216e+01,5.045338053234104336e+00
6.829300000000000000e+04,1.833772338492078546e+01,4.870876052176562609e+00
6.829400000000000000e+04,1.862331499354712960e+01,4.822224931701818207e+00
6.829500000000000000e+04,1.897060531320662236e+01,4.816861669204705265e+00
6.829600000000000000e+04,1.928862165454093969e+01,4.785124339760720602e+00
6.829700000000000000e+04,1.910632626203012308e+01,4.853517532287796143e+00
6.829800000000000000e+04,1.888031900636985938e+01,4.875965290143106756e+00
6.829900000000000000e+04,1.859878558363800494e+01,5.023265805926286021e+00
6.830000000000000000e+04,1.833896865820265276e+01,5.041079703950977375e+00
6.830100000000000000e+04,1.803368813140599158e+01,5.135857993438051494e+00
6.830200000000000000e+04,1.777125536269585382e+01,5.221814750054242893e+00
6.830300000000000000e+04,1.752014932887230714e+01,5.295975209683135176e+00
6.830400000000000000e+04,1.741982834849574502e+01,5.348817075546200783e+00
6.830500000000000000e+04,1.714170851979209331e+01,5.401880946215349866e+00
6.830600000000000000e+04,1.690418414398807911e+01,5.455428256561525302e+00
6.830700000000000000e+04,1.670063378142367227e+01,5.509889838984378230e+00
6.830800000000000000e+04,1.649107427093795408e+01,5.562368668541367356e+00
6.830900000000000000e+04,1.629352844673175227e+01,5.620814264872173283e+00
6.831000000000000000e+04,1.612072897813498429e+01,5.688173474351259529e+00
6.831100000000000000e+04,1.592402791192044376e+01,5.755291810237942229e+00
6.831200000000000000e+04,1.580346157916309302e+01,5.801740707606086289e+00
6.831300000000000000e+04,1.565647181964185464e+01,5.856499457460806468e+00
6.831400000000000000e+04,1.548670415040807669e+01,5.913961500529744342e+00
6.831500000000000000e+04,1.533216983813119860e+01,5.969006244460878463e+00
6.831600000000000000e+04,1.514758685047127607e+01,6.017011045075065567e+00
6.831700000000000000e+04,1.499179662971493521e+01,6.080950584475019127e+00
6.831800000000000000e+04,1.486207764860356129e+01,6.154186849800396431e+00
6.831900000000000000e+04,1.470225844782838465e+01,6.179783481363017472e+00
6.832000000000000000e+04,1.449590179043947380e+01,6.234984250711356424e+00
6.832100000000000000e+04,1.433153916069473688e+01,6.297527018959151235e+00
6.832200000000000000e+04,1.418330508478064189e+01,6.329180382857273912e+00
6.832300000000000000e+04,1.407365772078397193e+01,6.363391596313917375e+00
6.832400000000000000e+04,1.390933841540887528e+01,6.353222925928946552e+00
6.832500000000000000e+04,1.371888849722763659e+01,6.470850118462251999e+00
6.832600000000000000e+04,1.344670983158591504e+01,6.640791486239336905e+00
6.832700000000000000e+04,1.305719679580577441e+01,6.933853126104111197e+00
6.832800000000000000e+04,1.290974687879792349e+01,7.181025584081346835e+00
6.832900000000000000e+04,1.280180933357219430e+01,7.407081240077104667e+00
6.833000000000000000e+04,1.265675723161824173e+01,7.629959880672686268e+00
6.833100000000000000e+04,1.249893522148176572e+01,7.853322345907457702e+00
6.833200000000000000e+04,1.238121692734890189e+01,8.238073831054691709e+00
6.833300000000000000e+04,1.225454493207754503e+01,8.625677024549830207e+00
6.833400000000000000e+04,1.214883491850571318e+01,9.011815254613345871e+00
6.833500000000000000e+04,1.201711047988584191e+01,9.386839580871800592e+00
6.833600000000000000e+04,1.187857689081825185e+01,9.760841590800463763e+00
6.833700000000000000e+04,1.173848387028977669e+01,1.013210187829506737e+01
6.833800000000000000e+04,1.161931323405743655e+01,1.049878563315864000e+01
6.833900000000000000e+04,1.150193934177193356e+01,1.086549258173865340e+01
6.834000000000000000e+04,1.144111120710452312e+01,1.122641170097670837e+01
6.834100000000000000e+04,1.138127298397542475e+01,1.157667817651820386e+01
6.834200000000000000e+04,1.120675116230361468e+01,1.197997267828609225e+01
6.834300000000000000e+04,1.115510064279685309e+01,1.234057382297329397e+01
6.834400000000000000e+04,1.105396444405855227e+01,1.267077586033082071e+01
6.834500000000000000e+04,1.094166087112253472e+01,1.302426828140351489e+01
6.834600000000000000e+04,1.085776611760618415e+01,1.335422456028807048e+01
6.834700000000000000e+04,1.078129993730711256e+01,1.368568888852643184e+01
6.834800000000000000e+04,1.067610065100005734e+01,1.404531645030249720e+01
6.834900000000000000e+04,1.051202885040119206e+01,1.426264825921055390e+01
6.835000000000000000e+04,1.015781233702488073e+01,1.432010856293617351e+01
6.835100000000000000e+04,1.050830720205634883e+01,1.429752876533703443e+01
6.835200000000000000e+04,1.006860873514727572e+01,1.441435610726809813e+01
6.835300000000000000e+04,9.898828032182853676e+00,1.434370944326624198e+01
6.835400000000000000e+04,9.836096351220557921e+00,1.402624638061951146e+01
6.835500000000000000e+04,9.960461538195300335e+00,1.416017593033818756e+01
6.835600000000000000e+04,1.037874737508874823e+01,1.406607937313917844e+01
6.835700000000000000e+04,1.090851121971004645e+01,1.391486299840330787e+01
6.835800000000000000e+04,1.146110144992478297e+01,1.367061819862111705e+01
6.835900000000000000e+04,1.267065568965620592e+01,1.339022389849347405e+01
6.836000000000000000e+04,2.952719786933907908e+00,1.422186790657545785e+01
6.836100000000000000e+04,5.136931186716153341e+00,1.421577264125543749e+01
6.836200000000000000e+04,8.889089359935896439e+00,1.589665151255254472e+01
6.836300000000000000e+04,1.431976769259902227e+01,1.834536011206132855e+01
6.836400000000000000e+04,2.330106047931062463e+01,2.132482353045087464e+01
6.836500000000000000e+04,4.035208441479190355e+01,2.630935781826639186e+01
6.836600000000000000e+04,4.999066307093881534e+01,2.912421000890136824e+01
6.836700000000000000e+04,5.481741079308520881e+01,3.060442656052755339e+01
6.836800000000000000e+04,5.728086841467491297e+01,3.168191625958938573e+01
6.836900000000000000e+04,5.855979887355754698e+01,3.253679734612532570e+01
6.837000000000000000e+04,5.676353235685419918e+01,3.279396471922817113e+01
6.837100000000000000e+04,5.051379172438586806e+01,3.214998933600725195e+01
6.837200000000000000e+04,4.311312622148665952e+01,3.140595418572819142e+01
6.837300000000000000e+04,3.937383201427985568e+01,3.220078096310238891e+01
6.837400000000000000e+04,2.944813746866970305e+01,3.257830656412205173e+01
6.837500000000000000e+04,3.068054928846302687e+01,3.322211935955267847e+01
6.837600000000000000e+04,2.540216925650413771e+01,3.387063780520770706e+01
6.837700000000000000e+04,3.157571056413392085e+01,3.459466961152455156e+01
6.837800000000000000e+04,2.476784122255710230e+01,3.468703664624579375e+01
6.837900000000000000e+04,2.854985876628841268e+01,3.464602035762658971e+01
6.838000000000000000e+04,2.879687848552645590e+01,3.448850655343567695e+01
6.838100000000000000e+04,2.699015833679860066e+01,3.424219288599159228e+01
6.838200000000000000e+04,2.708475010329454236e+01,3.418080352961067803e+01
6.838300000000000000e+04,2.682367002378141407e+01,3.395394498369527980e+01
6.838400000000000000e+04,2.973653839605812266e+01,3.448941986777364122e+01
6.838500000000000000e+04,2.829614408859817942e+01,3.405666793619165134e+01
6.838600000000000000e+04,2.877325512383929151e+01,3.426658562384388063e+01
6.838700000000000000e+04,2.776294585639818635e+01,3.409474982732346859e+01
6.838800000000000000e+04,2.662317406777412643e+01,3.393292714201411542e+01
6.838900000000000000e+04,2.583615170480831225e+01,3.376628400997987711e+01
6.839000000000000000e+04,2.510679569924621646e+01,3.352266220456180434e+01
6.839100000000000000e+04,2.467882408971863128e+01,3.318686449546235195e+01
6.839200000000000000e+04,2.409047112456368822e+01,3.307417960824493264e+01
6.839300000000000000e+04,2.365760001280022351e+01,3.295143107590558884e+01
6.839400000000000000e+04,2.345761094742546859e+01,3.280992393500576298e+01
6.839500000000000000e+04,2.342867966789723155e+01,3.256499577358159314e+01
6.839600000000000000e+04,2.321390026161520836e+01,3.253470278465981380e+01
6.839700000000000000e+04,2.304563313493481402e+01,3.246130857073226395e+01
6.839800000000000000e+04,2.300759375853657573e+01,3.237113890883549772e+01
6.839900000000000000e+04,2.295500943926433379e+01,3.223607191869796651e+01
6.840000000000000000e+04,2.298734371609196714e+01,3.217928303025158954e+01
6.840100000000000000e+04,2.267204889556921543e+01,3.213677604649084429e+01
6.840200000000000000e+04,2.214740118617889664e+01,3.187810858269366321e+01
6.840300000000000000e+04,2.132243093783839072e+01,3.164852810979733988e+01
6.840400000000000000e+04,2.078043250761487570e+01,3.143867228941059366e+01
6.840500000000000000e+04,2.021283754729063631e+01,3.131606057079800109e+01
6.840600000000000000e+04,1.974779566046457902e+01,3.120909197675041469e+01
6.840700000000000000e+04,1.917442871727691411e+01,3.121463863733153943e+01
6.840800000000000000e+04,1.880271746168407887e+01,3.099831064616590481e+01
6.840900000000000000e+04,1.844505654623560886e+01,3.067340086187391535e+01
6.841000000000000000e+04,1.809728072666022669e+01,3.052190905465231907e+01
6.841100000000000000e+04,1.759005220017099091e+01,3.031105510181904705e+01
6.841200000000000000e+04,1.711677099992592943e+01,3.018105685023503781e+01
6.841300000000000000e+04,1.651312356015347049e+01,2.997050890035190562e+01
6.841400000000000000e+04,1.568988230946942330e+01,2.933490972130975649e+01
6.841500000000000000e+04,1.578259691914380980e+01,2.960182736557749550e+01
6.841600000000000000e+04,1.537088254655818353e+01,2.941767213959351324e+01
6.841700000000000000e+04,1.504425336644348654e+01,2.924428136728627692e+01
6.841800000000000000e+04,1.364880075954617134e+01,2.891408974455271874e+01
6.841900000000000000e+04,1.248301741520753616e+01,2.850665048680113500e+01
6.842000000000000000e+04,1.126861098034697584e+01,2.818463612306710786e+01
6.842100000000000000e+04,1.034246600382234149e+01,2.788462252445713574e+01
6.842200000000000000e+04,9.472617573631300303e+00,2.760033149466239166e+01
6.842300000000000000e+04,9.137968390320757806e+00,2.762063036068355615e+01
6.842400000000000000e+04,9.086980156656387919e+00,2.759016262965539923e+01
6.842500000000000000e+04,8.214008714950477241e+00,2.738605785838361584e+01
6.842600000000000000e+04,7.678777128851906220e+00,2.749539535124493028e+01
6.842700000000000000e+04,7.124630562375303455e+00,2.719070660393829542e+01
6.842800000000000000e+04,7.016374153632567001e+00,2.693491558066069302e+01
6.842900000000000000e+04,6.958449032264408807e+00,2.686117671344953095e+01
6.843000000000000000e+04,7.046980216476447900e+00,2.670575749866746662e+01
6.843100000000000000e+04,7.009983172048306344e+00,2.671149672317573120e+01
6.843200000000000000e+04,6.999419245173757353e+00,2.667028734374980559e+01
6.843300000000000000e+04,7.016288954576630488e+00,2.652857586454060623e+01
6.843400000000000000e+04,7.006143544750438323e+00,2.636534400212613249e+01
6.843500000000000000e+04,6.992131569370430455e+00,2.626865163552899674e+01
6.843600000000000000e+04,6.961393576767334501e+00,2.619746159147428699e+01
6.843700000000000000e+04,6.935039551833162896e+00,2.609733584475890922e+01
6.843800000000000000e+04,6.902299394042532121e+00,2.601123034656196253e+01
6.843900000000000000e+04,6.879921978455564968e+00,2.590841089830221122e+01
6.844000000000000000e+04,6.856590671984183594e+00,2.579790491739749214e+01
6.844100000000000000e+04,6.842987509535056745e+00,2.567651239619098291e+01
6.844200000000000000e+04,6.822155500416615226e+00,2.557652317201589298e+01
6.844300000000000000e+04,6.791486047603418896e+00,2.545965957462934171e+01
6.844400000000000000e+04,6.760491057477377552e+00,2.534682935558858574e+01
6.844500000000000000e+04,6.738556932002029320e+00,2.526602193911199024e+01
6.844600000000000000e+04,6.703514517672167550e+00,2.516612005935084539e+01
6.844700000000000000e+04,6.690834986714816246e+00,2.508403795258441349e+01
6.844800000000000000e+04,6.702898824584761606e+00,2.501650536967924410e+01
6.844900000000000000e+04,6.712917258533908083e+00,2.495581955466358792e+01
6.845000000000000000e+04,6.729247649264976872e+00,2.494232912361247045e+01
6.845100000000000000e+04,6.745366445984651627e+00,2.483194488698155666e+01
6.845200000000000000e+04,6.711672257065275815e+00,2.468241760392721318e+01
6.845300000000000000e+04,6.682593643879013889e+00,2.457145237106908198e+01
6.845400000000000000e+04,6.643541007968728707e+00,2.448501332996975322e+01
6.845500000000000000e+04,6.609614119727181603e+00,2.440183951174654808e+01
6.845600000000000000e+04,6.609289714457229792e+00,2.429977225518018713e+01
6.845700000000000000e+04,6.578549564532483629e+00,2.421856081679841921e+01
6.845800000000000000e+04,6.558633468860382010e+00,2.414685133112333304e+01
6.845900000000000000e+04,6.559748389297980431e+00,2.405940333403719578e+01
6.846000000000000000e+04,6.561197892967457257e+00,2.396284304686014721e+01
6.846100000000000000e+04,6.536075168497553101e+00,2.388481542714897898e+01
6.846200000000000000e+04,6.514837645599236282e+00,2.381779930718253624e+01
6.846300000000000000e+04,6.512419557221951649e+00,2.374314019990139002e+01
6.846400000000000000e+04,6.517946159570485065e+00,2.364240659500520181e+01
6.846500000000000000e+04,6.515112190622627253e+00,2.354765670649503306e+01
6.846600000000000000e+04,6.525587504637369030e+00,2.346710151164031899e+01
6.846700000000000000e+04,6.521783862517922081e+00,2.338968673642348151e+01
6.846800000000000000e+04,6.497719149317963350e+00,2.330441728193209627e+01
6.846900000000000000e+04,6.470646863290226314e+00,2.323217943773066452e+01
6.847000000000000000e+04,6.466350339169086858e+00,2.312338940199725457e+01
6.847100000000000000e+04,6.454793967417892908e+00,2.304045221199794469e+01
6.847200000000000000e+04,6.452286194171169775e+00,2.293039531807562170e+01
6.847300000000000000e+04,6.459382918619485991e+00,2.283902035750728032e+01
6.847400000000000000e+04,6.457959823315247760e+00,2.275372893019438436e+01
6.847500000000000000e+04,6.446748687129010058e+00,2.265705406642403119e+01
6.847600000000000000e+04,6.441433809187446791e+00,2.258306725231271628e+01
6.847700000000000000e+04,6.444155899457649994e+00,2.250079253813937186e+01
6.847800000000000000e+04,6.437209256656352352e+00,2.243150883949358132e+01
6.847900000000000000e+04,6.434963896268664385e+00,2.235949403715707717e+01
6.848000000000000000e+04,6.440316630659467023e+00,2.227606675557031224e+01
6.848100000000000000e+04,6.439543238665183189e+00,2.219536967682082107e+01
6.848200000000000000e+04,6.445497828377091842e+00,2.210892009696857130e+01
6.848300000000000000e+04,6.442625440605850962e+00,2.204865490687136997e+01
6.848400000000000000e+04,6.439335684127413195e+00,2.198489874692254631e+01
6.848500000000000000e+04,6.436236321007478445e+00,2.194275999097244423e+01
6.848600000000000000e+04,6.414826789806173934e+00,2.186200125793802940e+01
6.848700000000000000e+04,6.410619467014138095e+00,2.177161948500769029e+01
6.848800000000000000e+04,6.372276788629945621e+00,2.169759721666765273e+01
6.848900000000000000e+04,6.375295898874533407e+00,2.159707697330981446e+01
6.849000000000000000e+04,6.388101570157746600e+00,2.151629994897903231e+01
6.849100000000000000e+04,6.382212236508080672e+00,2.143213444023276537e+01
6.849200000000000000e+04,6.371079771958411797e+00,2.135771548332496650e+01
6.849300000000000000e+04,6.367815154922101151e+00,2.127960476083012153e+01
6.849400000000000000e+04,6.374890397612684723e+00,2.121989665533827463e+01
6.849500000000000000e+04,6.393671370766810469e+00,2.112472532869837138e+01
6.849600000000000000e+04,6.403858233938626299e+00,2.105700547367039732e+01
6.849700000000000000e+04,6.401954404569228707e+00,2.101930367219095075e+01
6.849800000000000000e+04,6.417684492969716992e+00,2.093476785311260002e+01
6.849900000000000000e+04,6.406067986343796150e+00,2.085925963912480796e+01
6.850000000000000000e+04,6.400464207590459864e+00,2.078771294612870335e+01
6.850100000000000000e+04,6.407181162787352058e+00,2.072236851763528875e+01
6.850200000000000000e+04,6.419960863584019961e+00,2.066602676587961440e+01
6.850300000000000000e+04,6.427850685117279639e+00,2.061258449115254621e+01
6.850400000000000000e+04,6.433008222081873839e+00,2.056296892266080789e+01
6.850500000000000000e+04,6.440252747336048245e+00,2.050854662042879184e+01
6.850600000000000000e+04,6.443527901389202839e+00,2.044885298040978228e+01
6.850700000000000000e+04,6.463335474980773654e+00,2.039722285902256260e+01
6.850800000000000000e+04,6.476613286266748482e+00,2.036092697319340772e+01
6.850900000000000000e+04,6.491229935384181360e+00,2.030407542267127852e+01
6.851000000000000000e+04,6.500494389639738024e+00,2.024340201326618072e+01
6.851100000000000000e+04,6.516377548175547929e+00,2.018751006454621333e+01
6.851200000000000000e+04,6.533821902128707393e+00,2.013098360336222470e+01
6.851300000000000000e+04,6.556220617411397278e+00,2.007667210906108224e+01
6.851400000000000000e+04,6.567833703362249587e+00,2.001455242899585940e+01
6.851500000000000000e+04,6.578120402756896468e+00,1.996688385723173198e+01
6.851600000000000000e+04,6.587721082489212066e+00,1.990859189568377730e+01
6.851700000000000000e+04,6.595785599397343546e+00,1.983899111443199104e+01
6.851800000000000000e+04,6.591093336296241390e+00,1.983502482766592223e+01
6.851900000000000000e+04,6.586123404104242240e+00,1.982129576866659093e+01
6.852000000000000000e+04,6.480786213598471512e+00,2.007390586096755314e+01
6.852100000000000000e+04,6.406741411839318445e+00,2.004749718495952493e+01
6.852200000000000000e+04,6.399484865822691049e+00,1.988160797951250913e+01
6.852300000000000000e+04,6.372155509751129543e+00,1.976925575581177341e+01
6.852400000000000000e+04,6.403164966286425397e+00,1.976396605964036368e+01
6.852500000000000000e+04,6.371843563552029188e+00,1.972606949406796417e+01
6.852600000000000000e+04,6.352948941426675766e+00,1.972411660399010458e+01
6.852700000000000000e+04,6.384068635786964485e+00,2.000210756002367773e+01
6.852800000000000000e+04,6.406183112463089913e+00,2.006255337623743884e+01
6.852900000000000000e+04,6.367232627784101595e+00,1.988586955306882231e+01
6.853000000000000000e+04,6.351530504231949870e+00,1.987849784795339048e+01
6.853100000000000000e+04,6.359827821372492807e+00,1.986369112773847334e+01
6.853200000000000000e+04,6.340859045321797005e+00,1.982488859494882050e+01
6.853300000000000000e+04,6.331255764872237179e+00,1.977291798215360075e+01
6.853400000000000000e+04,6.315738144056098236e+00,1.970531314648255972e+01
6.853500000000000000e+04,6.304725703326224284e+00,1.968427525151211910e+01
6.853600000000000000e+04,6.299952046093570956e+00,1.966889705415103506e+01
6.853700000000000000e+04,6.271958679582457563e+00,1.961257852575644733e+01
6.853800000000000000e+04,6.243830730725119516e+00,1.955484337094917890e+01
6.853900000000000000e+04,6.223192630729282193e+00,1.948866375514642613e+01
6.854000000000000000e+04,6.216429798868507106e+00,1.945804443091269320e+01
6.854100000000000000e+04,6.192608833029849436e+00,1.941379530968157496e+01
6.854200000000000000e+04,6.172678330897928944e+00,1.935994686232153583e+01
6.854300000000000000e+04,6.152415946694175020e+00,1.928580582198098625e+01
6.854400000000000000e+04,6.133899676062716466e+00,1.924110323099193209e+01
6.854500000000000000e+04,6.120531948452170745e+00,1.921503745422521803e+01
6.854600000000000000e+04,6.099580583270943102e+00,1.915966738765415656e+01
6.854700000000000000e+04,6.069958292800061272e+00,1.908624751479711890e+01
6.854800000000000000e+04,6.050077737159491598e+00,1.902490614680711900e+01
6.854900000000000000e+04,6.024485541890703288e+00,1.895391456942706299e+01
6.855000000000000000e+04,6.000060889620542959e+00,1.889135013290945864e+01
6.855100000000000000e+04,5.869094002587223358e+00,1.886021691484153706e+01
6.855200000000000000e+04,5.923695350895856748e+00,1.882985488405986274e+01
6.855300000000000000e+04,5.898915718984178547e+00,1.878835540897492251e+01
6.855400000000000000e+04,5.867597876640200383e+00,1.874479328302062697e+01
6.855500000000000000e+04,5.837139363299488792e+00,1.868111949944320216e+01
6.855600000000000000e+04,5.804195523178494298e+00,1.860582523951810074e+01
6.855700000000000000e+04,5.632233537597137740e+00,1.860731643543831382e+01
6.855800000000000000e+04,5.699879362186458742e+00,1.854942304063406411e+01
6.855900000000000000e+04,5.676238263750693847e+00,1.849626862459051679e+01
6.856000000000000000e+04,5.633730898088018968e+00,1.843424958714002315e+01
6.856100000000000000e+04,5.601525303992649363e+00,1.837334095372849774e+01
6.856200000000000000e+04,5.568217873375386873e+00,1.831063052624207899e+01
6.856300000000000000e+04,5.527235918436603335e+00,1.821174091393208627e+01
6.856400000000000000e+04,5.486817125497384318e+00,1.813494736037612398e+01
6.856500000000000000e+04,5.442757026579352342e+00,1.805978914238145450e+01
6.856600000000000000e+04,5.398178973040408835e+00,1.797933527655137809e+01
6.856700000000000000e+04,5.352724688122304286e+00,1.790002391538712345e+01
6.856800000000000000e+04,5.306269771110093458e+00,1.781564076565448218e+01
6.856900000000000000e+04,5.266443410108050394e+00,1.773492851755466759e+01
6.857000000000000000e+04,5.216905562784790007e+00,1.768093508527660518e+01
6.857100000000000000e+04,5.180919298770076509e+00,1.762120966992173621e+01
6.857200000000000000e+04,5.137601289737697918e+00,1.754810603735567298e+01
6.857300000000000000e+04,5.096530069951771935e+00,1.747362185325418338e+01
6.857400000000000000e+04,5.058591123940674450e+00,1.743046641688233578e+01
6.857500000000000000e+04,5.038235844264461250e+00,1.737487106060229536e+01
6.857600000000000000e+04,5.000582845308836788e+00,1.733658084465314531e+01
6.857700000000000000e+04,4.988634941186713689e+00,1.730256061436040937e+01
6.857800000000000000e+04,4.916395399686596335e+00,1.719081115619716371e+01
6.857900000000000000e+04,4.955318060013836678e+00,1.717358039815056969e+01
6.858000000000000000e+04,4.913926732336403091e+00,1.709641080801738866e+01
6.858100000000000000e+04,4.929064999382729795e+00,1.711521747023820694e+01
6.858200000000000000e+04,4.895515897094912638e+00,1.709286745439884569e+01
6.858300000000000000e+04,4.840154314010463921e+00,1.697301332800155649e+01
6.858400000000000000e+04,4.798526500028332364e+00,1.688464207957235175e+01
6.858500000000000000e+04,4.748908511833815460e+00,1.680593101860612748e+01
6.858600000000000000e+04,4.704601721353509625e+00,1.675115557404525291e+01
6.858700000000000000e+04,4.669732738136256778e+00,1.670663895268340582e+01
6.858800000000000000e+04,4.590810477066374240e+00,1.666439494749110395e+01
6.858900000000000000e+04,4.576423488474318013e+00,1.660735510988046215e+01
6.859000000000000000e+04,4.931355965095534089e+00,1.698262262930450817e+01
6.859100000000000000e+04,4.747634474065647758e+00,1.680187046314595278e+01
6.859200000000000000e+04,4.703096129659606106e+00,1.662863839718396264e+01
6.859300000000000000e+04,4.703707071810070417e+00,1.686327139069381431e+01
6.859400000000000000e+04,4.693687176569786956e+00,1.665361764518489451e+01
6.859500000000000000e+04,4.670637100975613798e+00,1.657646042533825081e+01
6.859600000000000000e+04,4.634412032868650222e+00,1.653786541762723417e+01
6.859700000000000000e+04,4.593351643283162034e+00,1.643065020449069635e+01
6.859800000000000000e+04,4.555635078215319211e+00,1.636426547720896707e+01
6.859900000000000000e+04,4.523123566506079385e+00,1.633555475559293058e+01
6.860000000000000000e+04,4.505981467633143112e+00,1.634346333233195381e+01
6.860100000000000000e+04,4.483100829440526347e+00,1.624453520185264210e+01
6.860200000000000000e+04,4.419487497847815582e+00,1.612130550344333102e+01
6.860300000000000000e+04,4.403306137210127424e+00,1.604773514816320557e+01
6.860400000000000000e+04,4.375869984385790445e+00,1.602848422481974211e+01
6.860500000000000000e+04,4.305477629215097579e+00,1.608610660764639988e+01
6.860600000000000000e+04,4.313175535661250670e+00,1.593241869362192276e+01
6.860700000000000000e+04,4.301202616879168161e+00,1.584104308344724643e+01
6.860800000000000000e+04,4.287579246833160163e+00,1.579757363881036980e+01
6.860900000000000000e+04,4.251203831256333388e+00,1.575272126470604661e+01
6.861000000000000000e+04,4.207962304539311305e+00,1.569452566573470165e+01
6.861100000000000000e+04,4.167435425133006355e+00,1.574978505855985489e+01
6.861200000000000000e+04,4.172683102509802566e+00,1.567793669489404351e+01
6.861300000000000000e+04,4.193894807511910905e+00,1.556295313727283514e+01
6.861400000000000000e+04,4.114288699374037961e+00,1.557441970582161161e+01
6.861500000000000000e+04,4.109918846454861274e+00,1.553167303740367444e+01
6.861600000000000000e+04,4.098658852867778535e+00,1.547270401489940994e+01
6.861700000000000000e+04,4.079021092767431966e+00,1.541044018132905435e+01
6.861800000000000000e+04,4.057533021007060370e+00,1.536617254483829598e+01
6.861900000000000000e+04,4.035865534738869442e+00,1.532408092395014521e+01
6.862000000000000000e+04,4.021209293711437205e+00,1.528395273919932862e+01
6.862100000000000000e+04,4.001506268088733442e+00,1.524646419629654659e+01
6.862200000000000000e+04,3.983899368428754251e+00,1.520944999298967204e+01
6.862300000000000000e+04,3.970944265872303980e+00,1.516354045479067381e+01
6.862400000000000000e+04,3.952566865299804721e+00,1.512168070122934438e+01
6.862500000000000000e+04,3.937498764517064043e+00,1.507869413643992118e+01
6.862600000000000000e+04,3.922474670141699704e+00,1.503149887971293808e+01
6.862700000000000000e+04,3.905870567090783840e+00,1.499087162506863180e+01
6.862800000000000000e+04,3.887657934232311430e+00,1.494581760920026881e+01
6.862900000000000000e+04,3.886137086489007686e+00,1.493372243713682934e+01
6.863000000000000000e+04,3.851869449858885908e+00,1.488246202869630253e+01
6.863100000000000000e+04,3.854180745495816129e+00,1.484393797551690852e+01
6.863200000000000000e+04,3.809964534639906919e+00,1.473422350753964238e+01
6.863300000000000000e+04,3.796505657388699717e+00,1.471352855504130019e+01
6.863400000000000000e+04,3.797770309138231770e+00,1.474533193041457935e+01
6.863500000000000000e+04,3.751089828909589308e+00,1.466992121045948849e+01
6.863600000000000000e+04,3.823047907427565395e+00,1.464161246515783077e+01
6.863700000000000000e+04,3.879383488113556933e+00,1.469179637294472585e+01
6.863800000000000000e+04,3.914589993496973896e+00,1.472275385353278310e+01
6.863900000000000000e+04,4.018355960839448571e+00,1.467457797238068551e+01
6.864000000000000000e+04,3.897177767396110770e+00,1.479750873051445836e+01
6.864100000000000000e+04,4.016443241989170687e+00,1.475817528036419191e+01
6.864200000000000000e+04,3.827224813114246782e+00,1.476964811589759563e+01
6.864300000000000000e+04,3.825787972256776470e+00,1.473737462523300223e+01
6.864400000000000000e+04,3.855587804103608018e+00,1.471605174017116369e+01
6.864500000000000000e+04,3.837381550969008792e+00,1.467475084476451030e+01
6.864600000000000000e+04,3.839248549215962925e+00,1.466237935964744921e+01
6.864700000000000000e+04,3.845205576099956168e+00,1.464729734562631336e+01
6.864800000000000000e+04,3.844503871058659872e+00,1.462149942074709230e+01
6.864900000000000000e+04,3.849133706924282361e+00,1.459727112521344239e+01
6.865000000000000000e+04,3.845399390457235889e+00,1.457383712045466240e+01
6.865100000000000000e+04,3.842304739515110867e+00,1.455342892661742482e+01
6.865200000000000000e+04,3.860313619396305018e+00,1.453251113768072855e+01
6.865300000000000000e+04,3.892411488127148100e+00,1.452220349141957101e+01
6.865400000000000000e+04,3.881128902634361388e+00,1.451086113173505510e+01
6.865500000000000000e+04,3.874233394106250561e+00,1.450966217152646109e+01
6.865600000000000000e+04,3.865429060541422324e+00,1.450657075198643398e+01
6.865700000000000000e+04,3.854380288967582668e+00,1.449202977337581899e+01
6.865800000000000000e+04,3.843563796834403856e+00,1.447976771462379020e+01
6.865900000000000000e+04,3.833460244142435691e+00,1.447679070759292941e+01
6.866000000000000000e+04,3.867303033040820459e+00,1.429824204028201251e+01
6.866100000000000000e+04,3.802345161969166387e+00,1.440152087519680535e+01
6.866200000000000000e+04,3.856635466319449534e+00,1.453171124040814277e+01
6.866300000000000000e+04,3.783559655005155342e+00,1.450388637849615847e+01
6.866400000000000000e+04,3.770494792659510264e+00,1.446728607985323833e+01
6.866500000000000000e+04,3.772735852669421242e+00,1.443537991065696602e+01
6.866600000000000000e+04,3.756189278669318288e+00,1.452527817522943820e+01
6.866700000000000000e+04,3.795377204449325692e+00,1.449067770243285835e+01
6.866800000000000000e+04,3.855474329411949785e+00,1.422780163147070098e+01
6.866900000000000000e+04,4.527495573171171017e+00,1.641217291993656602e+01
6.867000000000000000e+04,4.367079003224564104e+00,1.992278687907764123e+01
6.867100000000000000e+04,4.711103309905867675e+00,2.293248370318686824e+01
6.867200000000000000e+04,8.738774980757437305e+00,2.662852984548041491e+01
6.867300000000000000e+04,1.558881229083374542e+01,3.099794537168676101e+01
6.867400000000000000e+04,2.222892089902487811e+01,3.604717736166708875e+01
6.867500000000000000e+04,8.330706943377462537e+00,4.065658807951886899e+01
6.867600000000000000e+04,7.468244264156921552e+00,4.539215476078567235e+01
6.867700000000000000e+04,8.089989619923454001e+00,4.958226069441001016e+01
6.867800000000000000e+04,5.338653056900600546e+00,2.729747342556196799e+01
6.867900000000000000e+04,5.090379182303542471e+00,2.568574570956470282e+01
6.868000000000000000e+04,4.998642408864752085e+00,2.521783821334385323e+01
6.868100000000000000e+04,4.895788132206074117e+00,2.446657861438171722e+01
6.868200000000000000e+04,4.759423544426862662e+00,2.350262362702025598e+01
6.868300000000000000e+04,4.661697051654178026e+00,2.277632198874346514e+01
6.868400000000000000e+04,4.559598929581587079e+00,2.241515330012279961e+01
6.868500000000000000e+04,4.438452328607025876e+00,2.215279878160407634e+01
6.868600000000000000e+04,4.326576366181853039e+00,2.186981227091594349e+01
6.868700000000000000e+04,3.874394027963873111e+00,1.815242902036962747e+01
6.868800000000000000e+04,4.112624375376276120e+00,1.599333316864782262e+01
6.868900000000000000e+04,3.695323900009130913e+00,1.388558167639409291e+01
6.869000000000000000e+04,3.243457781176420696e+00,1.144961773612546097e+01
6.869100000000000000e+04,4.252245913864741489e+00,2.332747403740524916e+01
6.869200000000000000e+04,4.533948521382613173e+00,2.467834379737319850e+01
6.869300000000000000e+04,4.664341752206667024e+00,2.473808796333482718e+01
6.869400000000000000e+04,4.485121262778324791e+00,2.346196353806011103e+01
6.869500000000000000e+04,4.417157138856993015e+00,2.311370198058152781e+01
6.869600000000000000e+04,4.424287458234521075e+00,2.290357654186551528e+01
6.869700000000000000e+04,4.424597227496418483e+00,2.255350830899952186e+01
6.869800000000000000e+04,4.453341504038987431e+00,2.237470360846757700e+01
6.869900000000000000e+04,4.439351689518786337e+00,2.209517059282746487e+01
6.870000000000000000e+04,4.344986666442432366e+00,2.180752217274918081e+01
6.870100000000000000e+04,4.319422253580179394e+00,2.149438948303497909e+01
6.870200000000000000e+04,4.257412500002471845e+00,2.109767790714068525e+01
6.870300000000000000e+04,4.180533625295493216e+00,2.071465369267460943e+01
6.870400000000000000e+04,4.105353688151513580e+00,2.031770166680973944e+01
6.870500000000000000e+04,4.029819184008943900e+00,1.996371734483101790e+01
6.870600000000000000e+04,3.958848305772535880e+00,1.958315265481950007e+01
6.870700000000000000e+04,3.940543299483900253e+00,1.907781130520256596e+01
6.870800000000000000e+04,3.910619553640497070e+00,1.883114712737273067e+01
6.870900000000000000e+04,3.917701630877811425e+00,1.865082548910294946e+01
6.871000000000000000e+04,3.877702177904532643e+00,1.834523070948197443e+01
6.871100000000000000e+04,3.863059590298987267e+00,1.813506195136526600e+01
6.871200000000000000e+04,3.868202924808900711e+00,1.796258758698335711e+01
6.871300000000000000e+04,3.888871118596517018e+00,1.787336348557941434e+01
6.871400000000000000e+04,3.889415500185869679e+00,1.763857468733793610e+01
6.871500000000000000e+04,3.892906832010689655e+00,1.753907334902502768e+01
6.871600000000000000e+04,3.901067833542224861e+00,1.736821362334704233e+01
6.871700000000000000e+04,3.887209923679467050e+00,1.724656311617515314e+01
6.871800000000000000e+04,3.899198895544503607e+00,1.708121849528255254e+01
6.871900000000000000e+04,3.893396002616166918e+00,1.691207780070554989e+01
6.872000000000000000e+04,3.876369551038955308e+00,1.674354876276460757e+01
6.872100000000000000e+04,3.863942220325021548e+00,1.658302944549434343e+01
6.872200000000000000e+04,3.847816165563031188e+00,1.641959037521072062e+01
6.872300000000000000e+04,3.832901375335559635e+00,1.626333392825350188e+01
6.872400000000000000e+04,3.785471705871364723e+00,1.614999922199157112e+01
6.872500000000000000e+04,3.740307234956870008e+00,1.602196425487856857e+01
6.872600000000000000e+04,3.698114757270853925e+00,1.589105013235349162e+01
6.872700000000000000e+04,3.657448634608361004e+00,1.576482318826907658e+01
6.872800000000000000e+04,3.614791374149815439e+00,1.563300807280833737e+01
6.872900000000000000e+04,3.578295445138932607e+00,1.549452193894340724e+01
6.873000000000000000e+04,3.546892156160286635e+00,1.535018416970990529e+01
6.873100000000000000e+04,3.523231610962678229e+00,1.529956091227309045e+01
6.873200000000000000e+04,3.522603725862716750e+00,1.521223266022925458e+01
6.873300000000000000e+04,3.520630135283721707e+00,1.506413221177813710e+01
6.873400000000000000e+04,3.505808766733007342e+00,1.495877493149065884e+01
6.873500000000000000e+04,3.479701160283966033e+00,1.481905440717667943e+01
6.873600000000000000e+04,3.443756641967855803e+00,1.466843477434368381e+01
6.873700000000000000e+04,3.675166016048980300e+00,1.399593339408321668e+01
6.873800000000000000e+04,3.445207614249991668e+00,1.400604661770167070e+01
6.873900000000000000e+04,3.424401554982900109e+00,1.391971759732937741e+01
6.874000000000000000e+04,3.391634680817039449e+00,1.380188310753393566e+01
6.874100000000000000e+04,3.323349732143644708e+00,1.366066646559634279e+01
6.874200000000000000e+04,3.268417149965059831e+00,1.346203121993553609e+01
6.874300000000000000e+04,3.255990192785047199e+00,1.322253670163229700e+01
6.874400000000000000e+04,3.161975536386977037e+00,1.308538645177289084e+01
6.874500000000000000e+04,3.116868000497095892e+00,1.307800345981683776e+01
6.874600000000000000e+04,3.077386920860002650e+00,1.299817731495360107e+01
6.874700000000000000e+04,3.694794987975257072e+00,1.508723588617190714e+01
6.874800000000000000e+04,3.056739013025224772e+00,1.427771117433309200e+01
6.874900000000000000e+04,2.886087444527178913e+00,1.350266494052875643e+01
6.875000000000000000e+04,2.785058878189266451e+00,1.290119453705299080e+01
6.875100000000000000e+04,2.686466109721153739e+00,1.265777181741240298e+01
6.875200000000000000e+04,2.705893861399003786e+00,1.269566110539236448e+01
6.875300000000000000e+04,2.730591308847676313e+00,1.282348896823434714e+01
6.875400000000000000e+04,2.701225622963959072e+00,1.282760293942058283e+01
6.875500000000000000e+04,2.663469289837390619e+00,1.279469073377166666e+01
6.875600000000000000e+04,2.662780120686053298e+00,1.277390546192114229e+01
6.875700000000000000e+04,2.711584288624973471e+00,1.279795693178125759e+01
6.875800000000000000e+04,2.839781377234245063e+00,1.299690789528941792e+01
6.875900000000000000e+04,3.179716522273413837e+00,1.356345302633115324e+01
6.876000000000000000e+04,3.232853635414374427e+00,1.384479521465405227e+01
6.876100000000000000e+04,3.866975981173852883e+00,1.436551983549379230e+01
6.876200000000000000e+04,4.920516242008883268e+00,1.633090205938232486e+01
6.876300000000000000e+04,5.932128636153956691e+00,1.827239855908051780e+01
6.876400000000000000e+04,7.018569392329744083e+00,2.086850402179172193e+01
6.876500000000000000e+04,7.178790847870948788e+00,2.080665049637593711e+01
6.876600000000000000e+04,7.193693968029325703e+00,2.039247774432740812e+01
6.876700000000000000e+04,7.536328750249328579e+00,2.404145108627490757e+01
6.876800000000000000e+04,7.052297339146869071e+00,2.303744323838905217e+01
6.876900000000000000e+04,6.884813580983849768e+00,2.278286740594053228e+01
6.877000000000000000e+04,6.795853907713031106e+00,2.261184472090236852e+01
6.877100000000000000e+04,6.746254794078494932e+00,2.212675069832036812e+01
6.877200000000000000e+04,6.952003666839264184e+00,2.142759632033673967e+01
6.877300000000000000e+04,7.275637847284712301e+00,2.068834134677047842e+01
6.877400000000000000e+04,7.576885840583011955e+00,1.957700848587685272e+01
6.877500000000000000e+04,8.106418233703173826e+00,1.818373160034443714e+01
6.877600000000000000e+04,8.744046245398706674e+00,1.653338926823312249e+01
6.877700000000000000e+04,7.257472116034987764e+00,2.050922105077070157e+01
6.877800000000000000e+04,7.372191631723830518e+00,2.034657160940388465e+01
6.877900000000000000e+04,7.180188280915674071e+00,2.117123176738509827e+01
6.878000000000000000e+04,7.112603448934683215e+00,2.156714739425859761e+01
6.878100000000000000e+04,7.117763465079648633e+00,2.166424861813813507e+01
6.878200000000000000e+04,7.138053378234439528e+00,2.165385704263086808e+01
6.878300000000000000e+04,7.169399998536678531e+00,2.161171962832805349e+01
6.878400000000000000e+04,7.227599297381089194e+00,2.163429459470949823e+01
6.878500000000000000e+04,7.255522973379543217e+00,2.151305318364782337e+01
6.878600000000000000e+04,7.316219438522701068e+00,2.146981979470160340e+01
6.878700000000000000e+04,7.357339082076967074e+00,2.129010687955627645e+01
6.878800000000000000e+04,7.446429323572822945e+00,2.118656438214568993e+01
6.878900000000000000e+04,7.479661998933871736e+00,2.104644024692020565e+01
6.879000000000000000e+04,7.567886478229897129e+00,2.097077802606115071e+01
6.879100000000000000e+04,7.569409133982759386e+00,2.082132863459300864e+01
6.879200000000000000e+04,7.571586261133818496e+00,2.066578151428328525e+01
6.879300000000000000e+04,7.571028084086755428e+00,2.051163271980756519e+01
6.879400000000000000e+04,7.570305596980119844e+00,2.036934847941817850e+01
6.879500000000000000e+04,7.570552493957654505e+00,2.023937013448912481e+01
6.879600000000000000e+04,7.567994082987348214e+00,2.011226856168412169e+01
6.879700000000000000e+04,7.554651979063491396e+00,1.998521131958740682e+01
6.879800000000000000e+04,7.625348380495116096e+00,1.964972392903015219e+01
6.879900000000000000e+04,7.691027451030049811e+00,1.932489137220118636e+01
6.880000000000000000e+04,7.865072984704012171e+00,1.899789940475554673e+01
6.880100000000000000e+04,7.941829667465130527e+00,1.894955111548307514e+01
6.880200000000000000e+04,8.009189067219356417e+00,1.891445606449581618e+01
6.880300000000000000e+04,8.072221554197366089e+00,1.887843884533570105e+01
6.880400000000000000e+04,8.130853843755302179e+00,1.884054777706895578e+01
6.880500000000000000e+04,8.189726725756077741e+00,1.879964976518936481e+01
6.880600000000000000e+04,8.239264171088933608e+00,1.875805817177175072e+01
6.880700000000000000e+04,8.286559982518257428e+00,1.871671090534930215e+01
6.880800000000000000e+04,8.336234945302935628e+00,1.866617236840519567e+01
6.880900000000000000e+04,8.375130599733774162e+00,1.861393296083480209e+01
6.881000000000000000e+04,8.411613187563185434e+00,1.857179313825640321e+01
6.881100000000000000e+04,8.463531244974230816e+00,1.849401738226257663e+01
6.881200000000000000e+04,8.506267222492351010e+00,1.841784907369940782e+01
6.881300000000000000e+04,8.549033359249568420e+00,1.834234716208841576e+01
6.881400000000000000e+04,8.581799095453012782e+00,1.828871011538702618e+01
6.881500000000000000e+04,8.623736791181331185e+00,1.822600076321635854e+01
6.881600000000000000e+04,8.665566040285684224e+00,1.815729251707803726e+01
6.881700000000000000e+04,8.703950467677131542e+00,1.809203304304096349e+01
6.881800000000000000e+04,8.739769234690315969e+00,1.802235044365754391e+01
6.881900000000000000e+04,8.771457331278876168e+00,1.796657645070841980e+01
6.882000000000000000e+04,8.799870880692552078e+00,1.791558135052482470e+01
6.882100000000000000e+04,8.823135581603821720e+00,1.786411684493208085e+01
6.882200000000000000e+04,8.846124837053150003e+00,1.781430303696083328e+01
6.882300000000000000e+04,8.866335917088951746e+00,1.776928848602892685e+01
6.882400000000000000e+04,8.887455278297430539e+00,1.771120321551083521e+01
6.882500000000000000e+04,8.872866019290917450e+00,1.759192370255809124e+01
6.882600000000000000e+04,8.931799377313467403e+00,1.745626432731511457e+01
6.882700000000000000e+04,8.978217353506204645e+00,1.744868904547174537e+01
6.882800000000000000e+04,8.999425883220514066e+00,1.752842739456950483e+01
6.882900000000000000e+04,8.965816570711906408e+00,1.748567739325905990e+01
6.883000000000000000e+04,8.894894892937378117e+00,1.741618599094965703e+01
6.883100000000000000e+04,8.898326428947990863e+00,1.727350312792710341e+01
6.883200000000000000e+04,8.881734069710409685e+00,1.727365546584279343e+01
6.883300000000000000e+04,8.644078851114986861e+00,1.768385732169173608e+01
6.883400000000000000e+04,8.688066000088204177e+00,1.780610344717936044e+01
6.883500000000000000e+04,8.773770050626898964e+00,1.757290030831448036e+01
6.883600000000000000e+04,8.829375317164926074e+00,1.725315856728866493e+01
6.883700000000000000e+04,8.786470584093185821e+00,1.721895391916370954e+01
6.883800000000000000e+04,8.772958771058970484e+00,1.742505127451303792e+01
6.883900000000000000e+04,8.724917184393365943e+00,1.764119600688107425e+01
6.884000000000000000e+04,8.730774601656070999e+00,1.772410639293789814e+01
6.884100000000000000e+04,8.794820084674114469e+00,1.774714227620281903e+01
6.884200000000000000e+04,8.803015466596960437e+00,1.785627343408663492e+01
6.884300000000000000e+04,8.739515306194089561e+00,1.796724283641227515e+01
6.884400000000000000e+04,8.727959569930149542e+00,1.808293446332715249e+01
6.884500000000000000e+04,8.567232431504343992e+00,1.860184267992914897e+01
6.884600000000000000e+04,8.523670834996661227e+00,1.867348848658688354e+01
6.884700000000000000e+04,8.542588519052344509e+00,1.868695088017901185e+01
6.884800000000000000e+04,8.375110781289235362e+00,1.918700722719249896e+01
6.884900000000000000e+04,8.216222249621171869e+00,1.956210300194121032e+01
6.885000000000000000e+04,8.198596338811212192e+00,1.953565084801582685e+01
6.885100000000000000e+04,8.081100354451580259e+00,1.977741249940265078e+01
6.885200000000000000e+04,8.095291274844582219e+00,1.972346978916061389e+01
6.885300000000000000e+04,8.101403867531148606e+00,1.967716384121782980e+01
6.885400000000000000e+04,8.059022504497306727e+00,1.972054363867474791e+01
6.885500000000000000e+04,8.016438493127795439e+00,1.976188711854080182e+01
6.885600000000000000e+04,7.975841978838399626e+00,1.979368238844424965e+01
6.885700000000000000e+04,7.960058122815127035e+00,1.982228261954658777e+01
6.885800000000000000e+04,7.893875868756846437e+00,1.974092262281001453e+01
6.885900000000000000e+04,7.821581172226869327e+00,1.961575135663244396e+01
6.886000000000000000e+04,7.770649296271566087e+00,1.956324683145502163e+01
6.886100000000000000e+04,7.719140573978750197e+00,1.952832270363034439e+01
6.886200000000000000e+04,7.671490600102741197e+00,1.947981511468208993e+01
6.886300000000000000e+04,7.648837268071101647e+00,1.936518729579375631e+01
6.886400000000000000e+04,7.672836057838321899e+00,1.942923006730475421e+01
6.886500000000000000e+04,7.841061031883930887e+00,2.007771688945113198e+01
6.886600000000000000e+04,7.484692627904211193e+00,1.966509286058275308e+01
6.886700000000000000e+04,7.440881722278182231e+00,1.937343069660049011e+01
6.886800000000000000e+04,7.455465435701594146e+00,1.917614063574581706e+01
6.886900000000000000e+04,7.392656572359499023e+00,1.904397349079892976e+01
6.887000000000000000e+04,7.363963841850941883e+00,1.899546174764893181e+01
6.887100000000000000e+04,7.313172023778126807e+00,1.897184049156493657e+01
6.887200000000000000e+04,7.259332234934074535e+00,1.890539374245039994e+01
6.887300000000000000e+04,7.234138857585598714e+00,1.879471305261290226e+01
6.887400000000000000e+04,7.182935960649371232e+00,1.874451994703695235e+01
6.887500000000000000e+04,7.117253653746130837e+00,1.867033994004507846e+01
6.887600000000000000e+04,7.042565472243890845e+00,1.859210591115235900e+01
6.887700000000000000e+04,6.971166665470718726e+00,1.851094742173826191e+01
6.887800000000000000e+04,6.866103411070431761e+00,1.844778962199760741e+01
6.887900000000000000e+04,6.788893995614194488e+00,1.833955741016502472e+01
6.888000000000000000e+04,6.747945708170848711e+00,1.824080336540317404e+01
6.888100000000000000e+04,6.698368189468167699e+00,1.816039487798271423e+01
6.888200000000000000e+04,6.651213896353075583e+00,1.804472080625285813e+01
6.888300000000000000e+04,6.619937174672872793e+00,1.791451104584407261e+01
6.888400000000000000e+04,6.565676884226540722e+00,1.781308324383391195e+01
6.888500000000000000e+04,6.518287312663570532e+00,1.767413683381781198e+01
6.888600000000000000e+04,6.456509330829344862e+00,1.759877989212140648e+01
6.888700000000000000e+04,6.421841489211045584e+00,1.750546595468921396e+01
6.888800000000000000e+04,6.357696911039336207e+00,1.746442067652843022e+01
6.888900000000000000e+04,6.317679378299622783e+00,1.728684499900628424e+01
6.889000000000000000e+04,6.432836694549707524e+00,1.709183386096978552e+01
6.889100000000000000e+04,6.225488131151827531e+00,1.740149755174731538e+01
6.889200000000000000e+04,6.145352906083501487e+00,1.734476468949260308e+01
6.889300000000000000e+04,6.089289986761217577e+00,1.728535158845405562e+01
6.889400000000000000e+04,6.032532743538383535e+00,1.720439864377026140e+01
6.889500000000000000e+04,5.976027381867029753e+00,1.715534189805080345e+01
6.889600000000000000e+04,5.896307665903894879e+00,1.710506396845001831e+01
6.889700000000000000e+04,5.861580914553717214e+00,1.705850311164128286e+01
6.889800000000000000e+04,5.799048402974429806e+00,1.694423388745286374e+01
6.889900000000000000e+04,5.771491141288856319e+00,1.684893964244322007e+01
6.890000000000000000e+04,5.717589757034751585e+00,1.676993049671413516e+01
6.890100000000000000e+04,5.698441566435837657e+00,1.669178373783451264e+01
6.890200000000000000e+04,5.667810271996805760e+00,1.662154331570948074e+01
6.890300000000000000e+04,5.630096693961713861e+00,1.655013978929273577e+01
6.890400000000000000e+04,5.603640870383840955e+00,1.650322950773270136e+01
6.890500000000000000e+04,5.609121621085780163e+00,1.664084561491389280e+01
6.890600000000000000e+04,5.595673329525842732e+00,1.661376985189598798e+01
6.890700000000000000e+04,5.562544358282579537e+00,1.639938173600238613e+01
6.890800000000000000e+04,5.541391991940399109e+00,1.636587217278233197e+01
6.890900000000000000e+04,5.587635710012496482e+00,1.600223046328965282e+01
6.891000000000000000e+04,5.494189067728118658e+00,1.603483884232565515e+01
6.891100000000000000e+04,5.479196504006818458e+00,1.584824356372967458e+01
6.891200000000000000e+04,5.506427785098186867e+00,1.577193890910923990e+01
6.891300000000000000e+04,5.458149375888702082e+00,1.580604593739207075e+01
6.891400000000000000e+04,5.439630670431920834e+00,1.577165687095392776e+01
6.891500000000000000e+04,5.427093345935040780e+00,1.570300594817858197e+01
6.891600000000000000e+04,5.398942997790395104e+00,1.563507584413180851e+01
6.891700000000000000e+04,5.267697578785096368e+00,1.659061477841827426e+01
6.891800000000000000e+04,5.287448900580408839e+00,1.644420057583499073e+01
6.891900000000000000e+04,5.285277901407393841e+00,1.615158083628710628e+01
6.892000000000000000e+04,5.275158631550245225e+00,1.603576472807582576e+01
6.892100000000000000e+04,5.261339270399146173e+00,1.593779268538294502e+01
6.892200000000000000e+04,5.241525338657186950e+00,1.584222879607633061e+01
6.892300000000000000e+04,5.231517813023415897e+00,1.575263569406001452e+01
6.892400000000000000e+04,5.198704133105416680e+00,1.561920173608052309e+01
6.892500000000000000e+04,5.197198478808010336e+00,1.555416356496792396e+01
6.892600000000000000e+04,5.168247322495724383e+00,1.547354172523475135e+01
6.892700000000000000e+04,5.147299251754499316e+00,1.540919227170185124e+01
6.892800000000000000e+04,5.133741157229552599e+00,1.537550746243435640e+01
6.892900000000000000e+04,5.123618325949117036e+00,1.529967147444608244e+01
6.893000000000000000e+04,5.105539436512883888e+00,1.520125481233198350e+01
6.893100000000000000e+04,5.088622586471853282e+00,1.514194274087373770e+01
6.893200000000000000e+04,5.069060508683524979e+00,1.507488192788744996e+01
6.893300000000000000e+04,5.052375075935421123e+00,1.498473210351894025e+01
6.893400000000000000e+04,5.036705579049752579e+00,1.492167267680584075e+01
6.893500000000000000e+04,5.058889455756612641e+00,1.492468359198631234e+01
6.893600000000000000e+04,5.031346682054980590e+00,1.485963548906161336e+01
6.893700000000000000e+04,5.011432342161868725e+00,1.476111528491930969e+01
6.893800000000000000e+04,5.001343334344979574e+00,1.469828732612991828e+01
6.893900000000000000e+04,4.993826797992807265e+00,1.465129036796140127e+01
6.894000000000000000e+04,4.966440518959164052e+00,1.456571663754686341e+01
6.894100000000000000e+04,4.946627798222507089e+00,1.452024679588529565e+01
6.894200000000000000e+04,4.939833543874475374e+00,1.444546532434353026e+01
6.894300000000000000e+04,4.926802734661545280e+00,1.438809828706193983e+01
6.894400000000000000e+04,4.915806471930663335e+00,1.433390548316708646e+01
6.894500000000000000e+04,4.904739933052208123e+00,1.428488227569117797e+01
6.894600000000000000e+04,4.892137239320899944e+00,1.424182415083626196e+01
6.894700000000000000e+04,4.879558368180292760e+00,1.419742571063560987e+01
6.894800000000000000e+04,4.866469068831376532e+00,1.415444501731631988e+01
6.894900000000000000e+04,4.854460957372996432e+00,1.410932344043423825e+01
6.895000000000000000e+04,4.840991955930546098e+00,1.406125034763995885e+01
6.895100000000000000e+04,4.827944834318929068e+00,1.401122887787245830e+01
6.895200000000000000e+04,4.816405676387576662e+00,1.396084703115409553e+01
6.895300000000000000e+04,4.812136274665080649e+00,1.392534739553138579e+01
6.895400000000000000e+04,4.810011156894923978e+00,1.388937090897588433e+01
6.895500000000000000e+04,4.806915500985244449e+00,1.385165410497858574e+01
6.895600000000000000e+04,4.803377049955968481e+00,1.380937108913839140e+01
6.895700000000000000e+04,4.797771047285569246e+00,1.376320844463935700e+01
6.895800000000000000e+04,4.791420540836983655e+00,1.371562585805632750e+01
6.895900000000000000e+04,4.785002142227458677e+00,1.366652848087981909e+01
6.896000000000000000e+04,4.777567225826347297e+00,1.361817481346631808e+01
6.896100000000000000e+04,4.768384336757848452e+00,1.356839860214411075e+01
6.896200000000000000e+04,4.757890595510724019e+00,1.352377086880109758e+01
6.896300000000000000e+04,4.742186345688979898e+00,1.345745687111612199e+01
6.896400000000000000e+04,4.724254034262172830e+00,1.339376400134894141e+01
6.896500000000000000e+04,4.707450673995924539e+00,1.332464408130880784e+01
6.896600000000000000e+04,4.689151619660125725e+00,1.325728794516322750e+01
6.896700000000000000e+04,4.669779028179132929e+00,1.318454260820331925e+01
6.896800000000000000e+04,4.650686430641737701e+00,1.311141099298189161e+01
6.896900000000000000e+04,4.622183509116815081e+00,1.303450391684024368e+01
6.897000000000000000e+04,4.594862378580372386e+00,1.295959547825394509e+01
6.897100000000000000e+04,4.573677330269041441e+00,1.287452378858190727e+01
6.897200000000000000e+04,4.545257789212096888e+00,1.278420636637329721e+01
6.897300000000000000e+04,4.518500732416069532e+00,1.267969279539535066e+01
6.897400000000000000e+04,4.495673125936474612e+00,1.263949761606193434e+01
6.897500000000000000e+04,4.483493294775621862e+00,1.256744914461822304e+01
6.897600000000000000e+04,4.455497324375847334e+00,1.245734838735266692e+01
6.897700000000000000e+04,4.428458330716279256e+00,1.235711594882684139e+01
6.897800000000000000e+04,4.405425053426180959e+00,1.227833577907576057e+01
6.897900000000000000e+04,4.368114306876814013e+00,1.219228918151823393e+01
6.898000000000000000e+04,4.338327813605376448e+00,1.207835700607729024e+01
6.898100000000000000e+04,4.311421603236895272e+00,1.188553110478659747e+01
6.898200000000000000e+04,4.280161304169832093e+00,1.183851846101045879e+01
6.898300000000000000e+04,4.256274664262879703e+00,1.176485474195425240e+01
6.898400000000000000e+04,4.247213331500641509e+00,1.181846738614547476e+01
6.898500000000000000e+04,4.210628508303502215e+00,1.168620422802239389e+01
6.898600000000000000e+04,4.145178287251709115e+00,1.166168671234124687e+01
6.898700000000000000e+04,4.291530980491927494e+00,1.226453268842646693e+01
6.898800000000000000e+04,4.076649494173305577e+00,1.217212514856821670e+01
6.898900000000000000e+04,4.045028433648693245e+00,1.190284697975854300e+01
6.899000000000000000e+04,4.040079480191899997e+00,1.174851482015531801e+01
6.899100000000000000e+04,4.010220592166686693e+00,1.167011860549516911e+01
6.899200000000000000e+04,3.983671474438251092e+00,1.163512585490740392e+01
6.899300000000000000e+04,3.937412559646559451e+00,1.165784116107792912e+01
6.899400000000000000e+04,3.916454641786037083e+00,1.171829843303089547e+01
6.899500000000000000e+04,3.848656693219070224e+00,1.172122518410118985e+01
6.899600000000000000e+04,3.824900879891523164e+00,1.170142983090240207e+01
6.899700000000000000e+04,3.836792930785386968e+00,1.178531158307765736e+01
6.899800000000000000e+04,3.817467732010250359e+00,1.169383700733932230e+01
6.899900000000000000e+04,3.774295058975227768e+00,1.161332695501752710e+01
6.900000000000000000e+04,3.742879235305671237e+00,1.160136436223838885e+01
6.900100000000000000e+04,3.720810515390371886e+00,1.154704642150814919e+01
6.900200000000000000e+04,3.679972707399234988e+00,1.152551806637046639e+01
6.900300000000000000e+04,3.650518247551283846e+00,1.146067578345980209e+01
6.900400000000000000e+04,3.623814156296852662e+00,1.139452274785638153e+01
6.900500000000000000e+04,3.594153620083049283e+00,1.131823538689533137e+01
6.900600000000000000e+04,3.557897155937463474e+00,1.125788208902283571e+01
6.900700000000000000e+04,3.521095510181099453e+00,1.114416551206188544e+01
6.900800000000000000e+04,3.495149558326132500e+00,1.107883149095304987e+01
6.900900000000000000e+04,3.458446714276611100e+00,1.104508336130984247e+01
6.901000000000000000e+04,3.414889108992514632e+00,1.098146857296837098e+01
6.901100000000000000e+04,3.418386760223343313e+00,1.086947459546584582e+01
6.901200000000000000e+04,3.333232676733899336e+00,1.083253354408619629e+01
6.901300000000000000e+04,3.413194287256769766e+00,1.078442105189613542e+01
6.901400000000000000e+04,3.392852099400780475e+00,1.082531377182155197e+01
6.901500000000000000e+04,3.372381678700292262e+00,1.078940308174387752e+01
6.901600000000000000e+04,3.362622915791112277e+00,1.074303445639153054e+01
6.901700000000000000e+04,3.348399801219475780e+00,1.068642209987327263e+01
6.901800000000000000e+04,3.335526398952200822e+00,1.063281469068537177e+01
6.901900000000000000e+04,3.447455355780455033e+00,1.042017793403134718e+01
6.902000000000000000e+04,3.412625989173820873e+00,1.046050397482123984e+01
6.902100000000000000e+04,3.394941046511056548e+00,1.046551224215214404e+01
6.902200000000000000e+04,3.383735302500558983e+00,1.043311343727920359e+01
6.902300000000000000e+04,3.370099678944499022e+00,1.038992434514234375e+01
6.902400000000000000e+04,3.357003424646313849e+00,1.034790423464324860e+01
6.902500000000000000e+04,3.344074220738602499e+00,1.030982156485265833e+01
6.902600000000000000e+04,3.332302941885984637e+00,1.026859826297943812e+01
6.902700000000000000e+04,3.280204391525861407e+00,9.887609565540920187e+00
6.902800000000000000e+04,3.252820221722058314e+00,9.731801777099754247e+00
6.902900000000000000e+04,3.229947489352381851e+00,9.645861213273626333e+00
6.903000000000000000e+04,3.208797244802738202e+00,9.581165422966350320e+00
6.903100000000000000e+04,3.186522775702017363e+00,9.525428074546045565e+00
6.903200000000000000e+04,3.164739723760827239e+00,9.477522321126290450e+00
6.903300000000000000e+04,3.146860414916773596e+00,9.434346672697909497e+00
6.903400000000000000e+04,3.124707481201911552e+00,9.397166589730570507e+00
6.903500000000000000e+04,3.105588677123205521e+00,9.364540701438297532e+00
6.903600000000000000e+04,3.088619186486902368e+00,9.327636306087622842e+00
6.903700000000000000e+04,3.067541107971408998e+00,9.294794047447105356e+00
6.903800000000000000e+04,3.048880008602335323e+00,9.264541666387035690e+00
6.903900000000000000e+04,3.029976033201132068e+00,9.235693553724821925e+00
6.904000000000000000e+04,3.011526148799752889e+00,9.207229944655214382e+00
6.904100000000000000e+04,2.992306287223011285e+00,9.177156791733654728e+00
6.904200000000000000e+04,2.970585305238120366e+00,9.147070548441920579e+00
6.904300000000000000e+04,2.951793302341967351e+00,9.119200203316964348e+00
6.904400000000000000e+04,2.930056620249040122e+00,9.092321039635425706e+00
6.904500000000000000e+04,2.910621364504719644e+00,9.063257111128457666e+00
6.904600000000000000e+04,2.891903493655520574e+00,9.037471506028904145e+00
6.904700000000000000e+04,2.873563088100735463e+00,9.012244644528827564e+00
6.904800000000000000e+04,2.853288971812857344e+00,8.987508550448414013e+00
6.904900000000000000e+04,2.833730182819252708e+00,8.962543067901044935e+00
6.905000000000000000e+04,2.812719411935240998e+00,8.939575867270001197e+00
6.905100000000000000e+04,2.791964289945983335e+00,8.912724434398676010e+00
6.905200000000000000e+04,2.772051826211991532e+00,8.889956211928065954e+00
6.905300000000000000e+04,2.751490109252488825e+00,8.868119207391295333e+00
6.905400000000000000e+04,2.731689442099015874e+00,8.841274858434132966e+00
6.905500000000000000e+04,2.711412091092848087e+00,8.817037170478915442e+00
6.905600000000000000e+04,2.690771339403106310e+00,8.791600659813500585e+00
6.905700000000000000e+04,2.670542876797708853e+00,8.768098631254115816e+00
6.905800000000000000e+04,2.650795134969367695e+00,8.743222639147003150e+00
6.905900000000000000e+04,2.630739586082199377e+00,8.720368575899865249e+00
6.906000000000000000e+04,2.611235383084689055e+00,8.694054723812360663e+00
6.906100000000000000e+04,2.589405629794329311e+00,8.670873909831485093e+00
6.906200000000000000e+04,2.569159896323637948e+00,8.646440194386766365e+00
6.906300000000000000e+04,2.550026092893773910e+00,8.621100138068538143e+00
6.906400000000000000e+04,2.531285350476724538e+00,8.590574443478693922e+00
6.906500000000000000e+04,2.514483854340528790e+00,8.561612357524072792e+00
6.906600000000000000e+04,2.493109449941792732e+00,8.533824237070181340e+00
6.906700000000000000e+04,2.474277237897801740e+00,8.507281683734110089e+00
6.906800000000000000e+04,2.453977393133190521e+00,8.479700357188342252e+00
6.906900000000000000e+04,2.436951384893045081e+00,8.449648752088030790e+00
6.907000000000000000e+04,2.418844233717471592e+00,8.418496995135420491e+00
6.907100000000000000e+04,2.400024302668304355e+00,8.385994446677386804e+00
6.907200000000000000e+04,2.381914384414519859e+00,8.351464032997391485e+00
6.907300000000000000e+04,2.364051833111864287e+00,8.321549306439226967e+00
6.907400000000000000e+04,2.345323877507652810e+00,8.291834077618588594e+00
6.907500000000000000e+04,2.328646917039405739e+00,8.257549678671974647e+00
6.907600000000000000e+04,2.309548625788939713e+00,8.227319529512438834e+00
6.907700000000000000e+04,2.291371780136263414e+00,8.192289463840673136e+00
6.907800000000000000e+04,2.273311611122449616e+00,8.159071508071715328e+00
6.907900000000000000e+04,2.254813633474237022e+00,8.123694305406054639e+00
6.908000000000000000e+04,2.238054985318928214e+00,8.087612403985808385e+00
6.908100000000000000e+04,2.218641729481898306e+00,8.051758777652292309e+00
6.908200000000000000e+04,2.200615504641036946e+00,8.014112448922922738e+00
6.908300000000000000e+04,2.180483143076835884e+00,7.974380023810034857e+00
6.908400000000000000e+04,2.162480417159337698e+00,7.927974537638409203e+00
6.908500000000000000e+04,2.141731376787454177e+00,7.884965883119527064e+00
6.908600000000000000e+04,2.121150876276490571e+00,7.845308693959239577e+00
6.908700000000000000e+04,2.107025367568859497e+00,7.803599072233705414e+00
6.908800000000000000e+04,2.100815554256636020e+00,7.751835778582030656e+00
6.908900000000000000e+04,2.084309069191765840e+00,7.717207182874229687e+00
6.909000000000000000e+04,2.059442550856746657e+00,7.703248394276176469e+00
6.909100000000000000e+04,2.062785675409781749e+00,7.646811284248745011e+00
6.909200000000000000e+04,2.025634438105168744e+00,7.645436730761577593e+00
6.909300000000000000e+04,2.033717416309787751e+00,7.584111129686927910e+00
6.909400000000000000e+04,2.027234508975872096e+00,7.559863566632618159e+00
6.909500000000000000e+04,2.012512722298286594e+00,7.515775300620557431e+00
6.909600000000000000e+04,2.003495693223566576e+00,7.531898548071882971e+00
6.909700000000000000e+04,1.981856040697513199e+00,7.448558443895407777e+00
6.909800000000000000e+04,1.964981573270887072e+00,7.460402882165340088e+00
6.909900000000000000e+04,1.949590065400335304e+00,7.435951764011786480e+00
6.910000000000000000e+04,1.934138434710962473e+00,7.400973674697073790e+00
6.910100000000000000e+04,1.911149693982055364e+00,7.366930960666156381e+00
6.910200000000000000e+04,1.897559637564746771e+00,7.334525210537240270e+00
6.910300000000000000e+04,1.883624772637343847e+00,7.301146243936830871e+00
6.910400000000000000e+04,1.871934949548930582e+00,7.272634699041901740e+00
6.910500000000000000e+04,1.850387508103875200e+00,7.236682211399863007e+00
6.910600000000000000e+04,1.836114511382478165e+00,7.211986946185167113e+00
6.910700000000000000e+04,1.820693780673285689e+00,7.151406675837677085e+00
6.910800000000000000e+04,1.801436433842149798e+00,7.149626425619810988e+00
6.910900000000000000e+04,1.731701550893324004e+00,7.228352776868096186e+00
6.911000000000000000e+04,1.754171814220218062e+00,7.151128199154495491e+00
6.911100000000000000e+04,1.737815627626142723e+00,7.111760363322371603e+00
6.911200000000000000e+04,1.711113139098368707e+00,7.104496554055380386e+00
6.911300000000000000e+04,1.635292885009657526e+00,7.092914497979361244e+00
6.911400000000000000e+04,1.676347800486053252e+00,7.019990756179289804e+00
6.911500000000000000e+04,1.572023819463017169e+00,7.210148959436601501e+00
6.911600000000000000e+04,1.584081320667579007e+00,7.150607086959084313e+00
6.911700000000000000e+04,1.571575753546773591e+00,7.102557648473847962e+00
6.911800000000000000e+04,1.555306705937211875e+00,7.079831382428064757e+00
6.911900000000000000e+04,1.550731493965537888e+00,7.038840028817180183e+00
6.912000000000000000e+04,1.544490513405933685e+00,6.991898321659594018e+00
6.912100000000000000e+04,1.539057102512976671e+00,6.948778599137931167e+00
6.912200000000000000e+04,1.528905700149668423e+00,6.921826595869870147e+00
6.912300000000000000e+04,1.513618227478402467e+00,6.884308175042619382e+00
6.912400000000000000e+04,1.498817082722720517e+00,6.844396181328097128e+00
6.912500000000000000e+04,1.487092851560379847e+00,6.806911392108247583e+00
6.912600000000000000e+04,1.466991626514710489e+00,6.772085832285604567e+00
6.912700000000000000e+04,1.453084896230989020e+00,6.729779029624907594e+00
6.912800000000000000e+04,1.444457453814155912e+00,6.704005435983990679e+00
6.912900000000000000e+04,1.430740013318541726e+00,6.675658604991337342e+00
6.913000000000000000e+04,1.415836702801665181e+00,6.617164691037761060e+00
6.913100000000000000e+04,1.401190744953994205e+00,6.590249760805406254e+00
6.913200000000000000e+04,1.391080599903994353e+00,6.555186167440869127e+00
6.913300000000000000e+04,1.378745328329584297e+00,6.532958690895441123e+00
6.913400000000000000e+04,1.358097387506132181e+00,6.473670604237636184e+00
6.913500000000000000e+04,1.355126132640159131e+00,6.472219353800738872e+00
6.913600000000000000e+04,1.337675288015894637e+00,6.424791218806646498e+00
6.913700000000000000e+04,1.318512811794033235e+00,6.365305161563629355e+00
6.913800000000000000e+04,1.311018846903132973e+00,6.324440055561922236e+00
6.913900000000000000e+04,1.292937441114698105e+00,6.290855700683675167e+00
6.914000000000000000e+04,1.281395853693332754e+00,6.251069408104552139e+00
6.914100000000000000e+04,1.273523735300106541e+00,6.194785521575425946e+00
6.914200000000000000e+04,1.261124495477847107e+00,6.155683211929751764e+00
6.914300000000000000e+04,1.248130960158037706e+00,6.109122827281055379e+00
6.914400000000000000e+04,1.235043541009766432e+00,6.069829852112519575e+00
6.914500000000000000e+04,1.221801133794032879e+00,6.031522884771348458e+00
6.914600000000000000e+04,1.205920076384078055e+00,5.994797282941771499e+00
6.914700000000000000e+04,1.194991228398613936e+00,5.969572146731088935e+00
6.914800000000000000e+04,1.183689217258746096e+00,5.909657231247614106e+00
6.914900000000000000e+04,1.169772321079076915e+00,5.860260013160939252e+00
6.915000000000000000e+04,1.155599768083073187e+00,5.845525259664370310e+00
6.915100000000000000e+04,1.145139683523255458e+00,5.810665479556277546e+00
6.915200000000000000e+04,1.135534593119680524e+00,5.788836575099171711e+00
6.915300000000000000e+04,1.123595711792117591e+00,5.766481023743345702e+00
6.915400000000000000e+04,1.115157528603605730e+00,5.732713543662676159e+00
6.915500000000000000e+04,1.103309854435825965e+00,5.699969417457559473e+00
6.915600000000000000e+04,1.093957008728994484e+00,5.669634869456512405e+00
6.915700000000000000e+04,1.084473780532761111e+00,5.642268610037135090e+00
6.915800000000000000e+04,1.071663608206966378e+00,5.615454864683098180e+00
6.915900000000000000e+04,1.063186952786570716e+00,5.593079451654791256e+00
6.916000000000000000e+04,1.055170914724727682e+00,5.579277784898554415e+00
6.916100000000000000e+04,1.049239077321640679e+00,5.544246402178078625e+00
6.916200000000000000e+04,1.035741063624734171e+00,5.528904090445255548e+00
6.916300000000000000e+04,1.031354575958862929e+00,5.524524738669565949e+00
6.916400000000000000e+04,1.018602992506149496e+00,5.487892078771483995e+00
6.916500000000000000e+04,1.003685363840788769e+00,5.417879192817252942e+00
6.916600000000000000e+04,9.991200763477743330e-01,5.390484758427842138e+00
6.916700000000000000e+04,1.001571153294497085e+00,5.406220883069217109e+00
6.916800000000000000e+04,9.798984610593658440e-01,5.368357368594129042e+00
6.916900000000000000e+04,9.694949513848167832e-01,5.331229412861780759e+00
6.917000000000000000e+04,9.669127014245567642e-01,5.297756222545377369e+00
6.917100000000000000e+04,9.531999754782753964e-01,5.291810756421366335e+00
6.917200000000000000e+04,9.444742303953229667e-01,5.264410493089513920e+00
6.917300000000000000e+04,9.398864516468367070e-01,5.236444322499341553e+00
6.917400000000000000e+04,9.335130216368355827e-01,5.212264247483169299e+00
6.917500000000000000e+04,9.262567532412739890e-01,5.161940960553128122e+00
6.917600000000000000e+04,9.140378355177518621e-01,5.128061296383439327e+00
6.917700000000000000e+04,9.071442395433261252e-01,5.107098992634291790e+00
6.917800000000000000e+04,8.924916291926450196e-01,5.097773624576927176e+00
6.917900000000000000e+04,8.823865564302469933e-01,5.069472877271085309e+00
6.918000000000000000e+04,8.749458258439428704e-01,5.025836323173745512e+00
6.918100000000000000e+04,8.885743464395675639e-01,5.025506020259918216e+00
6.918200000000000000e+04,8.822916950134116476e-01,5.029333869228874931e+00
6.918300000000000000e+04,9.334246760379095731e-01,5.077713838696951143e+00
6.918400000000000000e+04,9.353039756028519447e-01,5.106175250325996728e+00
6.918500000000000000e+04,9.669746797507586811e-01,5.160744519768865501e+00
6.918600000000000000e+04,9.841593536873254333e-01,5.223739596184696410e+00
6.918700000000000000e+04,9.864102560691642152e-01,5.317094410246866687e+00
6.918800000000000000e+04,9.704869866264148603e-01,5.317660999737821470e+00
6.918900000000000000e+04,1.003288752238427062e+00,5.175419156468269222e+00
6.919000000000000000e+04,9.492028841493838076e-01,4.978109302098719269e+00
6.919100000000000000e+04,8.530605592001599957e-01,4.799371757511817549e+00
6.919200000000000000e+04,7.174414067102128367e-01,4.567904005634577658e+00
6.919300000000000000e+04,6.029890669078233900e-01,4.320171557072143287e+00
6.919400000000000000e+04,4.425135880710788228e-01,4.081444918355067841e+00
6.919500000000000000e+04,2.691207790875599359e-01,3.972768820922794930e+00
6.919600000000000000e+04,3.185812816082833621e-01,3.244310938772947850e+00
6.919700000000000000e+04,3.393542828562405855e-01,2.584191048349573805e+00
6.919800000000000000e+04,3.394216737672826611e-01,2.273541113992486373e+00
6.919900000000000000e+04,3.537341187719055258e-01,2.177203386035571953e+00
6.920000000000000000e+04,4.602534840846975728e-01,2.668615350452988366e+00
6.920100000000000000e+04,5.200892259244521698e-01,2.849779961478454027e+00
6.920200000000000000e+04,5.178567370531698133e-01,2.851841706374230512e+00
6.920300000000000000e+04,5.255242132030020219e-01,2.819426760112598629e+00
6.920400000000000000e+04,5.188215535902207520e-01,2.750160366976508897e+00
6.920500000000000000e+04,5.053717685458373188e-01,2.688070167045093939e+00
6.920600000000000000e+04,5.002697617348890180e-01,2.726582734675641717e+00
6.920700000000000000e+04,5.405561395848972328e-01,2.853850357612724764e+00
6.920800000000000000e+04,5.529543010201285469e-01,2.856305714346696334e+00
6.920900000000000000e+04,5.906530031710548467e-01,2.881826510371194416e+00
6.921000000000000000e+04,6.016964583978544612e-01,3.049563793057611605e+00
6.921100000000000000e+04,6.359051369550732247e-01,3.069769996346320085e+00
6.921200000000000000e+04,6.421235375949031488e-01,2.995564116398167442e+00
6.921300000000000000e+04,6.296005531518293896e-01,2.917724683371801575e+00
6.921400000000000000e+04,6.258174012212970316e-01,2.831435293514296347e+00
6.921500000000000000e+04,6.192001513229524745e-01,2.752387422493285385e+00
6.921600000000000000e+04,6.318002762079285572e-01,2.728519014241790330e+00
6.921700000000000000e+04,6.469436038333045147e-01,2.718596383963603813e+00
6.921800000000000000e+04,6.538167680156592443e-01,2.701996064228435301e+00
6.921900000000000000e+04,6.446811236163023651e-01,2.664385128013670112e+00
6.922000000000000000e+04,6.523178862768301833e-01,2.625976177756264462e+00
6.922100000000000000e+04,6.623144037764798764e-01,2.617815783956420006e+00
6.922200000000000000e+04,6.718986951542597064e-01,2.577692554890226972e+00
6.922300000000000000e+04,6.829994026224264214e-01,2.565646770543022370e+00
6.922400000000000000e+04,6.817003213688960228e-01,2.540779687478071480e+00
6.922500000000000000e+04,6.810007788992074040e-01,2.506017407856212742e+00
6.922600000000000000e+04,6.862206133274978415e-01,2.488243630137255025e+00
6.922700000000000000e+04,6.872094017868163318e-01,2.455940055159000934e+00
6.922800000000000000e+04,6.979599672483446371e-01,2.436568819627584759e+00
6.922900000000000000e+04,7.012977459519514900e-01,2.409429301931037770e+00
6.923000000000000000e+04,7.075672083281027147e-01,2.393700892432342187e+00
6.923100000000000000e+04,7.236299260360200547e-01,2.372619226827492156e+00
6.923200000000000000e+04,7.273973919507066288e-01,2.350254384475999103e+00
6.923300000000000000e+04,7.345879090823329571e-01,2.331709247803956941e+00
6.923400000000000000e+04,7.386197002895877883e-01,2.306451888546781959e+00
6.923500000000000000e+04,7.430831238431724328e-01,2.273324174642727513e+00
6.923600000000000000e+04,7.506826882706058024e-01,2.241293617522039483e+00
6.923700000000000000e+04,7.586325657148681456e-01,2.213538364174883810e+00
6.923800000000000000e+04,7.631127034575563295e-01,2.195182510059559888e+00
6.923900000000000000e+04,7.653072275869509111e-01,2.177106667256769157e+00
6.924000000000000000e+04,7.678127419000914111e-01,2.145580982263407321e+00
6.924100000000000000e+04,7.737621058627004444e-01,2.110413839099905431e+00
6.924200000000000000e+04,7.817309551820696978e-01,2.106374926177601026e+00
6.924300000000000000e+04,7.874197299152472240e-01,2.081939249354768151e+00
6.924400000000000000e+04,7.907844546717275325e-01,2.050264809602964533e+00
6.924500000000000000e+04,1.111139020557184998e-02,6.926733049738231784e-02
6.924600000000000000e+04,1.258566397869901113e-02,7.023020490517239978e-02
6.924700000000000000e+04,1.836221259979648954e-02,1.132321422175124326e-01
6.924800000000000000e+04,1.701134919232554291e-02,6.452493121820168653e-02
6.924900000000000000e+04,2.104508168231739376e-02,5.941620318550633328e-02
6.925000000000000000e+04,1.823972459512166258e-02,5.032831869481313447e-02
6.925100000000000000e+04,1.946185833066527496e-02,5.485874876149310353e-02
6.925200000000000000e+04,1.788108203673469121e-02,4.880334326202628858e-02
6.925300000000000000e+04,1.794223547399864671e-02,5.349931875154112504e-02
6.925400000000000000e+04,1.716485888467585152e-02,5.573775069028386042e-02
6.925500000000000000e+04,2.408828563564946110e-02,5.566673413149203498e-02
6.925600000000000000e+04,2.039230790982762831e-02,4.716243398020480981e-02
6.925700000000000000e+04,1.004169057892850478e-02,3.999433635454607838e-02
6.925800000000000000e+04,1.814226150475455740e-02,3.846193979864764856e-02
6.925900000000000000e+04,1.763995808265886658e-02,4.005268053778010540e-02
6.926000000000000000e+04,2.307842108486086660e-02,4.971989430840295654e-02
6.926100000000000000e+04,2.085209438424511993e-02,4.316207394730042779e-02
6.926200000000000000e+04,1.696522585924349971e-02,3.135165627119818055e-02
6.926300000000000000e+04,1.632382063999818222e-02,4.885963931359427193e-02
6.926400000000000000e+04,1.183966058073455431e-02,7.068306754090869504e-02
6.926500000000000000e+04,9.811950899677665539e-03,5.605735724811466980e-02
6.926600000000000000e+04,1.627832059448717367e-02,4.096956208678648181e-02
6.926700000000000000e+04,1.394372302899148097e-02,7.618458137917372142e-02
6.926800000000000000e+04,1.441033258032158315e-01,1.578164290149075555e-02
6.926900000000000000e+04,4.475224775416151990e-02,1.321332747235004490e-02
6.927000000000000000e+04,2.918536027845638689e-02,3.926542287430834222e-02
6.927100000000000000e+04,8.843792731168302612e-02,1.826503682585212118e-02
6.927200000000000000e+04,6.710966708657067903e-02,2.030816017339276414e-02
6.927300000000000000e+04,4.489298462188758693e-02,1.477573779537166843e-02
6.927400000000000000e+04,1.372169286146284438e-02,2.723382793938355917e-03
6.927500000000000000e+04,1.252988127761746895e-01,1.892346696828539621e-02
6.927600000000000000e+04,5.598663528201455741e-02,1.028460993299162851e-02
6.927700000000000000e+04,3.672982076301210125e-02,3.180073520106674323e-02
6.927800000000000000e+04,8.245408076384082297e-02,1.439167854214318254e-02
6.927900000000000000e+04,2.736124894674155442e-02,9.073729242144779050e-02
6.928000000000000000e+04,1.103674436862729785e-01,8.852714602442546266e-02
6.928100000000000000e+04,1.064664847602653230e-01,7.607693311636154476e-02
6.928200000000000000e+04,9.331226733252520611e-02,6.641432079585030124e-02
6.928300000000000000e+04,2.255947580631509700e-02,1.170476941536762183e-01
6.928400000000000000e+04,1.105159308731499673e-01,6.522663085526403393e-02
6.928500000000000000e+04,1.199869313982982327e-01,2.506691288740370283e-02
6.928600000000000000e+04,1.161259077010674545e-01,1.260996388690571735e-02
6.928700000000000000e+04,1.165092779021190406e-01,1.282063951181200423e-02
6.928800000000000000e+04,1.041765083870604958e-01,3.821641027463584805e-02
6.928900000000000000e+04,3.727891466818238769e-02,1.038612573642829773e-01
6.929000000000000000e+04,1.108935146601385813e-01,8.836008140453976978e-02
6.929100000000000000e+04,1.153884089649604289e-01,6.507188092492732778e-02
6.929200000000000000e+04,1.133265558456989369e-01,4.885824467250898806e-02
6.929300000000000000e+04,1.149406978150969150e-01,3.077198151072657595e-02
6.929400000000000000e+04,1.164760562675719174e-01,2.355732239548657958e-02
6.929500000000000000e+04,7.468053344322486686e-02,6.899467389232327719e-02
6.929600000000000000e+04,1.082582777318865513e-01,9.328937053156849402e-03
6.929700000000000000e+04,1.044264000101598894e-01,7.365921794583840665e-03
6.929800000000000000e+04,1.017162859666513319e-01,3.629913925020744614e-02
6.929900000000000000e+04,1.016614595786019953e-01,4.137923579933122653e-02
6.930000000000000000e+04,9.884697376001747027e-02,4.046594923228319374e-02
6.930100000000000000e+04,7.773441693577515244e-02,1.009242014637479201e-02
6.930200000000000000e+04,7.478760586141737499e-02,3.010980122966522288e-02
6.930300000000000000e+04,8.006491578069256654e-02,2.032259758888699253e-02
6.930400000000000000e+04,2.018267058634082636e-03,1.092384320567418854e-02
6.930500000000000000e+04,1.003639481153465254e-02,7.032350422393918166e-03
6.930600000000000000e+04,4.646664227561572887e-03,2.547210999729720982e-02
6.930700000000000000e+04,8.283207638077520404e-03,2.278148142279867727e-02
6.930800000000000000e+04,4.235568886998065594e-03,1.838750063042837724e-02
6.930900000000000000e+04,2.020795336892084251e-03,4.030276588535919302e-02
6.931000000000000000e+04,1.587906400615667762e-02,5.908921407262468506e-02
6.931100000000000000e+04,1.486184346536822444e-02,8.518114886520677942e-02
6.931200000000000000e+04,5.484709710719120647e-03,4.721451355196570887e-02
6.931300000000000000e+04,2.090331270216807657e-03,3.786289069363135695e-02
6.931400000000000000e+04,1.433028404410218674e-03,3.205805882927492689e-02
6.931500000000000000e+04,8.141764297977726814e-03,3.226560261870048407e-02
6.931600000000000000e+04,2.634362916685537362e-02,4.062573258638302320e-02
6.931700000000000000e+04,2.175927228583092107e-02,4.795939383899394670e-02
6.931800000000000000e+04,3.206573826256788745e-02,3.694966995298898382e-02
6.931900000000000000e+04,1.880922610997308453e-02,5.012156268641376755e-03
6.932000000000000000e+04,1.988031124603182806e-02,1.047434496359045397e-02
6.932100000000000000e+04,2.050800197834039967e-02,2.049617502367695465e-02
6.932200000000000000e+04,1.400844979264827782e-02,3.101411780054519340e-02
6.932300000000000000e+04,2.625042955949314846e-02,4.852611422048624945e-03
6.932400000000000000e+04,2.038997295741960813e-02,5.364812148229702871e-04
6.932500000000000000e+04,1.802983177369468087e-02,5.822725632434355703e-03
6.932600000000000000e+04,2.033611743618420065e-02,3.982459486533151960e-02
6.932700000000000000e+04,2.578921934519198475e-02,1.119480536929806647e-02
6.932800000000000000e+04,3.621373224407503644e-02,3.895462874139177245e-02
6.932900000000000000e+04,4.626552945772507280e-02,6.157148817116819828e-02
6.933000000000000000e+04,4.112742832811371041e-02,6.190515974969201807e-02
6.933100000000000000e+04,3.816530868659410297e-02,3.419016835483468242e-02
6.933200000000000000e+04,5.101530093735694160e-02,5.521280713891130176e-02
6.933300000000000000e+04,4.624773763653860364e-02,2.184608474579619042e-02
6.933400000000000000e+04,4.966324273146881241e-02,1.372411469940360007e-02
6.933500000000000000e+04,4.162315020231276835e-02,4.674056873279397450e-02
6.933600000000000000e+04,3.762022957377667010e-02,6.515172515630673900e-02
6.933700000000000000e+04,4.921554842577919447e-02,9.930507765721152680e-02
6.933800000000000000e+04,4.279290253657962173e-02,8.010113224411874455e-02
6.933900000000000000e+04,4.171877612862099488e-02,6.268632287812359039e-02
6.934000000000000000e+04,3.828022795446271720e-02,5.452072607125124648e-02
6.934100000000000000e+04,4.084928426984065636e-02,6.280767758220129338e-02
6.934200000000000000e+04,3.688748885624743706e-02,6.922575239117456647e-02
6.934300000000000000e+04,3.576374166184467102e-02,6.687257216514197466e-02
6.934400000000000000e+04,3.275286779202785797e-02,6.036761892922726247e-02
6.934500000000000000e+04,2.225648192845229925e-02,3.842923528305952630e-02
6.934600000000000000e+04,2.263687609272024837e-02,3.520202912665126860e-02
6.934700000000000000e+04,1.978252053017891948e-02,3.488764273545008621e-02
6.934800000000000000e+04,1.935750129240630321e-02,3.220667409712163476e-02
6.934900000000000000e+04,1.356984155396766256e-02,1.910636262542197983e-02
6.935000000000000000e+04,1.252522193026479186e-02,1.699062510495785716e-02
6.935100000000000000e+04,1.211701476810017435e-02,1.431877026938010999e-02
6.935200000000000000e+04,1.154158434473042359e-02,1.607403363379411587e-02
6.935300000000000000e+04,1.646743265682344692e-02,1.637411232176511078e-02
6.935400000000000000e+04,1.489950564271989505e-02,2.463460670982264844e-02
6.935500000000000000e+04,9.388903305185575254e-03,3.606157286569811049e-02
6.935600000000000000e+04,9.036341650272982848e-03,3.379836106193678802e-02
6.935700000000000000e+04,8.565170913800101982e-03,3.076651289214638041e-02
6.935800000000000000e+04,8.990130080090362116e-03,8.733596691341105611e-03
6.935900000000000000e+04,6.609050954817951261e-03,6.037634843346850744e-03
6.936000000000000000e+04,1.000526945142508548e-02,8.431364923630724206e-03
6.936100000000000000e+04,6.096533027202858356e-03,6.735921278435696991e-03
6.936200000000000000e+04,7.773894990268401944e-03,5.735987198649539209e-03
6.936300000000000000e+04,5.321437372859731847e-03,5.675069376414043631e-03
6.936400000000000000e+04,1.636457256177341725e-03,4.759875259130907921e-03
6.936500000000000000e+04,6.751634377862920054e-03,7.483875430170705556e-03
6.936600000000000000e+04,7.474622196085476192e-03,3.795681011621532264e-03
6.936700000000000000e+04,3.730552667720673284e-03,2.526588665993756422e-03
6.936800000000000000e+04,5.849339149218241336e-03,1.630887994067453661e-02
6.936900000000000000e+04,8.470323555503441945e-03,5.203332504584601281e-02
6.937000000000000000e+04,1.079810354809271691e-02,4.375326799010892387e-02
6.937100000000000000e+04,9.420234501638610411e-03,2.520882052787509764e-02
6.937200000000000000e+04,6.321463390686978684e-03,1.341042968119499079e-02
6.937300000000000000e+04,1.999719797035192162e-02,5.718515818274516604e-02
6.937400000000000000e+04,1.392682862961814629e-02,4.368355677885604749e-02
6.937500000000000000e+04,1.603447695984573998e-02,1.202123182222214481e-02
6.937600000000000000e+04,1.639715256331975013e-02,4.020446327920357277e-02
6.937700000000000000e+04,1.527378648757899207e-02,3.870649933506176144e-02
6.937800000000000000e+04,8.736551327129495753e-03,5.425011597096163207e-02
6.937900000000000000e+04,5.896536376646505095e-02,3.560749304147661776e-02
6.938000000000000000e+04,5.091240158751884383e-03,1.629801411455655824e-02
6.938100000000000000e+04,1.148153827338617948e-02,8.008138725543734182e-03
6.938200000000000000e+04,7.156232927208674641e-03,5.979458963322192844e-03
6.938300000000000000e+04,4.951951407891353081e-03,2.004983085978961910e-03
6.938400000000000000e+04,6.433596978870181719e-03,1.784088200589062367e-03
6.938500000000000000e+04,1.292460704439681897e-02,2.363380736662978876e-03
6.938600000000000000e+04,4.112779118823579015e-03,2.694805820437395916e-02
6.938700000000000000e+04,8.936459612674287067e-03,4.114426036334406511e-02
6.938800000000000000e+04,1.761605584900573576e-02,1.164476799215541369e-02
6.938900000000000000e+04,1.661576910579800823e-02,3.766598606192550491e-03
6.939000000000000000e+04,1.278787400228577342e-02,2.264633680801519944e-02
6.939100000000000000e+04,9.679218380188011131e-03,7.161841598598983616e-02
6.939200000000000000e+04,9.261978404170801565e-03,6.147464783630574026e-02
6.939300000000000000e+04,6.469512083232562515e-03,4.960664206433401668e-02
6.939400000000000000e+04,1.017343918803088366e-02,4.131075790020899419e-02
6.939500000000000000e+04,1.043349708765122646e-02,3.499866009262175837e-02
6.939600000000000000e+04,1.049046648267576605e-02,3.340674215194296137e-02
6.939700000000000000e+04,4.636590267640495339e-02,1.467657741821454531e-01
6.939800000000000000e+04,1.066503079397881394e-02,6.944089839525360852e-02
6.939900000000000000e+04,5.189987698970093682e-03,1.665428116277764894e-02
6.940000000000000000e+04,3.935257819824763796e-03,1.310108048380682899e-02
6.940100000000000000e+04,2.975716358860887398e-03,1.443539271423412845e-02
6.940200000000000000e+04,3.858760842673649317e-03,1.790454628988894653e-02
6.940300000000000000e+04,5.388323699107216112e-03,1.530064058155514162e-02
6.940400000000000000e+04,6.360894473960414068e-03,1.465701471805771344e-02
6.940500000000000000e+04,8.017188126993380834e-03,1.040048737900756831e-02
6.940600000000000000e+04,7.361351560953513160e-03,9.232635060583298248e-03
6.940700000000000000e+04,5.853340384484280630e-03,1.016703988034189932e-02
6.940800000000000000e+04,5.014547931594291567e-03,1.009663971245274017e-02
6.940900000000000000e+04,5.126905894535997536e-03,1.064006578262063907e-02
6.941000000000000000e+04,3.662859022627699707e-03,1.318313157151338594e-02
6.941100000000000000e+04,5.220098369351714417e-03,1.548527739922537366e-02
6.941200000000000000e+04,5.446696252406758691e-03,1.599557547087147175e-02
6.941300000000000000e+04,5.820618367570584706e-03,1.358171223482745188e-02
6.941400000000000000e+04,7.338069000151601837e-03,1.383521426272023291e-02
6.941500000000000000e+04,6.660630253745136731e-03,1.607074526972757100e-02
6.941600000000000000e+04,7.635436526840646415e-03,1.817492252617371878e-02
6.941700000000000000e+04,7.638960553893540603e-03,1.756318908475288515e-02
6.941800000000000000e+04,7.513801978641737600e-03,1.652984069051965932e-02
6.941900000000000000e+04,7.905937710339335997e-03,1.722266161411758340e-02
