utc_sec,ecef_x,ecef_y,ecef_z
65380.000000000000,-741204.413818654837,-5462377.522464947775,3197933.934720370453
65381.000000000000,-741204.438825230696,-5462377.524872892536,3197934.003719421569
65382.000000000000,-741204.427906268975,-5462377.487587496638,3197933.997053979430
65383.000000000000,-741204.417972055846,-5462377.485804004595,3197934.000514762942
65384.000000000000,-741204.398195423768,-5462377.466798712499,3197933.999154934660
65385.000000000000,-741204.428537836182,-5462377.441138777882,3197933.995022599585
65386.000000000000,-741204.337076447788,-5462377.203959659673,3197933.976856442168
65387.000000000000,-741204.337044262909,-5462377.201639425009,3197933.976943039335
65388.000000000000,-741204.341960629681,-5462377.211565656587,3197933.980617023073
65389.000000000000,-741204.348935341346,-5462377.218507906422,3197933.980734433979
65390.000000000000,-741204.348489766475,-5462377.220345365815,3197933.984306240920
65391.000000000000,-741204.354507548967,-5462377.228236008435,3197933.984832301270
65392.000000000000,-741204.356009273091,-5462377.229990426451,3197933.984713122714
65393.000000000000,-741204.357195439981,-5462377.230400041677,3197933.986382205971
65394.000000000000,-741204.360655392171,-5462377.232824934646,3197933.985330049414
65395.000000000000,-741204.360049013165,-5462377.232201296836,3197933.985854705796
65396.000000000000,-741204.388007081929,-5462377.241075363010,3197933.979549993295
65397.000000000000,-741204.704038658645,-5462377.264800678939,3197933.853649663739
65398.000000000000,-741205.510073275771,-5462377.313664160669,3197933.538106529973
65399.000000000000,-741206.780900658807,-5462377.398819582537,3197933.037926677614
65400.000000000000,-741208.422259289189,-5462377.488194875419,3197932.378577480558
65401.000000000000,-741210.326804569107,-5462377.592736426741,3197931.578840308823
65402.000000000000,-741212.273762024706,-5462377.781315191649,3197930.636419196613
65403.000000000000,-741214.217994315200,-5462378.211611301638,3197929.299341545440
65404.000000000000,-741216.175436700927,-5462379.044293262996,3197927.291171114426
65405.000000000000,-741218.098472455051,-5462380.441787939519,3197924.250754573848
65406.000000000000,-741219.627492378466,-5462382.221838984638,3197920.703995414544
65407.000000000000,-741220.974687389797,-5462384.118679530919,3197916.968367475085
65408.000000000000,-741222.028429884580,-5462385.863528387621,3197913.632527038455
65409.000000000000,-741222.349468381377,-5462387.145301008597,3197911.324338783976
65410.000000000000,-741221.882236355566,-5462388.341538796201,3197909.442471389659
65411.000000000000,-741220.310998372734,-5462389.651500752196,3197907.625050747767
65412.000000000000,-741217.245942080859,-5462391.071691889316,3197906.154448415153
65413.000000000000,-741213.200355520123,-5462392.422367661260,3197905.126978601329
65414.000000000000,-741209.043143450166,-5462393.687867532484,3197904.299942364451
65415.000000000000,-741205.304951564409,-5462394.728963854723,3197903.731245066971
65416.000000000000,-741201.787209750037,-5462395.411944895983,3197903.723295200150
65417.000000000000,-741198.483998338692,-5462395.417522109114,3197904.749376950786
65418.000000000000,-741195.902953727520,-5462394.510317062959,3197907.122181581799
65419.000000000000,-741194.495617131237,-5462392.656175477430,3197910.826433190145
65420.000000000000,-741193.659943169681,-5462390.394578331150,3197915.075246636290
65421.000000000000,-741192.475478769979,-5462388.158787434921,3197919.352897229604
65422.000000000000,-741190.580202544574,-5462386.334287072532,3197923.145621381700
65423.000000000000,-741187.772722418420,-5462385.244362776168,3197925.914972660597
65424.000000000000,-741184.530291949282,-5462384.989782077260,3197927.504524587188
65425.000000000000,-741181.429557075258,-5462385.326888291165,3197928.133231068961
65426.000000000000,-741178.746164311888,-5462385.987466931343,3197928.068070239853
65427.000000000000,-741176.762421762687,-5462386.548137430102,3197927.832369176205
65428.000000000000,-741175.234139689011,-5462386.952115687542,3197927.630420359317
65429.000000000000,-741174.226756346296,-5462387.198289216496,3197927.494037192315
65430.000000000000,-741174.013036622084,-5462387.201295763254,3197927.472000141628
65431.000000000000,-741173.983299906948,-5462387.194815251045,3197927.461508050095
65432.000000000000,-741173.793877704185,-5462387.234818648547,3197927.426586481277
65433.000000000000,-741172.702207602211,-5462387.449327040464,3197927.228426190559
65434.000000000000,-741170.700655741268,-5462387.832190028392,3197926.945271048229
65435.000000000000,-741168.184482587269,-5462388.180202626623,3197926.942794268485
65436.000000000000,-741165.594457330299,-5462388.209344467148,3197927.561686402652
65437.000000000000,-741162.734403346200,-5462387.608310233802,3197929.246248548385
65438.000000000000,-741160.455789244035,-5462386.174417806789,3197931.916279057972
65439.000000000000,-741158.854821017128,-5462384.161252985708,3197935.417530298699
65440.000000000000,-741157.447692694725,-5462381.865497464314,3197939.319147437345
65441.000000000000,-741156.004823515541,-5462379.523727118038,3197943.216079089325
65442.000000000000,-741154.583259554580,-5462377.356284642592,3197946.901538003702
65443.000000000000,-741153.284186860896,-5462375.428070167080,3197950.074511359446
65444.000000000000,-741152.082570515224,-5462373.784367470071,3197952.829778736457
65445.000000000000,-741151.173070288380,-5462372.482318761759,3197955.015511789359
65446.000000000000,-741150.481173405424,-5462371.440223959275,3197956.739601237699
65447.000000000000,-741149.991822524462,-5462370.623666454107,3197958.070821994450
65448.000000000000,-741149.757389516919,-5462370.264614269137,3197958.678831391968
65449.000000000000,-741149.743924760260,-5462370.256733812392,3197958.729281756561
65450.000000000000,-741149.743969972827,-5462370.231591712683,3197958.723627854604
65451.000000000000,-741149.748050735332,-5462370.235699399374,3197958.724450128619
65452.000000000000,-741149.751704756171,-5462370.238951388747,3197958.723448751960
65453.000000000000,-741149.757744451403,-5462370.244734242558,3197958.720917726401
65454.000000000000,-741149.760302988230,-5462370.249076205306,3197958.721957802773
65455.000000000000,-741149.754451342858,-5462370.244329454377,3197958.722638958599
65456.000000000000,-741149.704569508322,-5462370.166353159584,3197958.852383800317
65457.000000000000,-741149.441696366412,-5462369.766212803312,3197959.541074794251
65458.000000000000,-741149.237783053890,-5462369.443510621786,3197960.102934005670
65459.000000000000,-741149.174132424872,-5462369.352208200842,3197960.253466756083
65460.000000000000,-741149.125486179488,-5462369.262953176163,3197960.369923791382
65461.000000000000,-741149.092694074498,-5462369.238312452100,3197960.398247137200
65462.000000000000,-741149.052817428601,-5462369.205189188011,3197960.380576082040
65463.000000000000,-741149.054913607077,-5462369.206083828583,3197960.381895827595
65464.000000000000,-741148.900102907792,-5462368.968717588112,3197960.761803975329
65465.000000000000,-741148.226696419879,-5462367.958106125705,3197962.491463509854
65466.000000000000,-741147.003185051261,-5462365.869537740014,3197965.954447511584
65467.000000000000,-741145.712695249822,-5462363.197056473233,3197970.354625117034
65468.000000000000,-741144.735756559996,-5462360.064201097004,3197975.563267782331
65469.000000000000,-741144.543968070881,-5462356.448615915142,3197981.293874661904
65470.000000000000,-741146.185550482827,-5462352.562152159400,3197986.817813587375
65471.000000000000,-741150.179721551482,-5462348.667624661699,3197991.522693851497
65472.000000000000,-741156.914572793408,-5462344.837536473759,3197995.248804273084
65473.000000000000,-741165.677520095953,-5462340.884366769344,3197998.659082253464
65474.000000000000,-741175.533905239427,-5462336.538608856499,3198002.431951937266
65475.000000000000,-741186.006641729968,-5462331.720314511098,3198006.963601673488
65476.000000000000,-741197.225696532289,-5462326.474429829977,3198012.013068304863
65477.000000000000,-741209.303365823464,-5462320.976111847907,3198017.570802746806
65478.000000000000,-741222.020807857974,-5462315.331107676961,3198023.570742945187
65479.000000000000,-741234.985389962327,-5462309.561578109860,3198029.666557704564
65480.000000000000,-741248.123919103644,-5462303.549676834606,3198035.824819508474
65481.000000000000,-741261.384030855726,-5462297.319262742065,3198042.039604855236
65482.000000000000,-741274.627880691667,-5462290.929190197960,3198048.199664884247
65483.000000000000,-741287.731249850942,-5462284.560024646111,3198054.265348458197
65484.000000000000,-741300.368709333590,-5462278.375629556365,3198060.082759148907
65485.000000000000,-741311.858186203521,-5462272.445301227272,3198065.560481447726
65486.000000000000,-741321.748801442678,-5462267.037636598572,3198070.753342361189
65487.000000000000,-741330.095160858356,-5462262.320539043285,3198075.671117792837
65488.000000000000,-741337.693458067835,-5462257.875967252068,3198080.687032865360
65489.000000000000,-741344.898132064496,-5462253.293662990443,3198086.369785315357
65490.000000000000,-741351.805003623944,-5462248.339599290863,3198093.120924235322
65491.000000000000,-741358.491536910064,-5462242.959470741451,3198100.722765911836
65492.000000000000,-741365.349328533281,-5462237.399816889316,3198108.870250928681
65493.000000000000,-741372.709172836505,-5462231.792494633235,3198117.303468454629
65494.000000000000,-741380.962506277487,-5462226.109505049884,3198125.610852874350
65495.000000000000,-741390.065659211832,-5462220.368269613013,3198133.842615359463
65496.000000000000,-741400.122718581581,-5462214.660938628018,3198141.714914020617
65497.000000000000,-741411.279159265338,-5462209.079778623767,3198148.977809915785
65498.000000000000,-741423.344527778332,-5462203.875535825267,3198155.501083575655
65499.000000000000,-741436.052471702569,-5462199.088860449381,3198161.010875492357
65500.000000000000,-741449.499757159152,-5462194.437036599033,3198165.827690677252
65501.000000000000,-741463.645692011807,-5462190.005311628804,3198169.972983946558
65502.000000000000,-741478.183744787122,-5462185.746439778246,3198173.491790304892
65503.000000000000,-741492.781335078878,-5462181.657399902120,3198176.547033548821
65504.000000000000,-741507.339832322905,-5462177.756580727175,3198179.105049021542
65505.000000000000,-741521.890491402010,-5462174.284701921046,3198180.903771243524
65506.000000000000,-741536.302831668640,-5462171.458876961842,3198181.927854019217
65507.000000000000,-741550.556213374832,-5462169.110235710628,3198182.162687494885
65508.000000000000,-741564.804903233307,-5462167.107182864100,3198181.602279066574
65509.000000000000,-741579.524747826275,-5462165.280065686442,3198180.458016907796
65510.000000000000,-741594.583443467156,-5462163.352682205848,3198179.074338296894
65511.000000000000,-741609.780389854102,-5462161.250274589285,3198177.660721608438
65512.000000000000,-741625.010285720811,-5462158.909620136954,3198175.969202353619
65513.000000000000,-741640.094015631126,-5462156.643398949876,3198174.228829991072
65514.000000000000,-741654.599158322089,-5462154.588640869595,3198172.501354990527
65515.000000000000,-741668.539252160583,-5462152.699044544250,3198170.887184313033
65516.000000000000,-741681.904328135890,-5462150.679964943789,3198169.947382320184
65517.000000000000,-741694.493456358090,-5462148.680957800709,3198169.635647408664
65518.000000000000,-741706.612764201593,-5462146.395508890040,3198170.064742582384
65519.000000000000,-741718.817767672008,-5462143.826052141376,3198170.991438673809
65520.000000000000,-741731.438671316253,-5462141.239426114596,3198172.078287777025
65521.000000000000,-741744.168042523321,-5462138.675943107344,3198173.146392288618
65522.000000000000,-741756.959307267331,-5462136.245456759818,3198174.131667877547
65523.000000000000,-741769.522101428825,-5462133.867596650496,3198175.119224946480
65524.000000000000,-741781.635205888189,-5462131.604003462940,3198176.089049996808
65525.000000000000,-741793.277940820437,-5462129.396018736064,3198177.014306020457
65526.000000000000,-741804.201366800815,-5462127.330539098009,3198177.903193507344
65527.000000000000,-741814.037640887778,-5462125.441905406304,3198178.750946739223
65528.000000000000,-741822.501670383848,-5462123.822967289016,3198179.562422424555
65529.000000000000,-741829.465943870484,-5462122.421131748706,3198180.287532384973
65530.000000000000,-741834.710997100454,-5462121.408883807249,3198180.822797650937
65531.000000000000,-741838.292368170456,-5462120.748415580019,3198181.144269226585
65532.000000000000,-741840.340407511685,-5462120.367310261354,3198181.318981928751
65533.000000000000,-741841.188723502913,-5462120.214509045705,3198181.394334281795
65534.000000000000,-741841.248525080853,-5462120.200395362452,3198181.397908536252
65535.000000000000,-741841.239324639202,-5462120.202549403533,3198181.401235105935
65536.000000000000,-741841.241497937706,-5462120.203365271911,3198181.400418100879
65537.000000000000,-741841.242194047663,-5462120.205049662851,3198181.400738473516
65538.000000000000,-741841.248426741338,-5462120.205161239021,3198181.400043902919
65539.000000000000,-741841.254399601487,-5462120.209580591880,3198181.399727852084
65540.000000000000,-741841.253138759872,-5462120.207818122581,3198181.398870333098
65541.000000000000,-741841.260810889304,-5462120.211804877967,3198181.399393830914
65542.000000000000,-741841.262570994208,-5462120.213619446382,3198181.401348792948
65543.000000000000,-741841.264770147391,-5462120.215959508903,3198181.401798083447
65544.000000000000,-741841.268303185469,-5462120.218276999891,3198181.403678669594
65545.000000000000,-741841.298976922059,-5462120.204116453417,3198181.404839035589
65546.000000000000,-741841.986863699625,-5462120.090704672039,3198181.465146451723
65547.000000000000,-741844.688713771990,-5462119.586314510554,3198181.724913545419
65548.000000000000,-741849.250114636379,-5462118.754234169610,3198182.199021010194
65549.000000000000,-741855.387541402364,-5462117.678423462436,3198182.884114470333
65550.000000000000,-741862.465947125456,-5462116.428207594901,3198183.598769635428
65551.000000000000,-741870.075656699017,-5462115.136280168779,3198184.209620042238
65552.000000000000,-741878.628578022821,-5462113.735357604921,3198184.865674085915
65553.000000000000,-741888.162215360790,-5462112.236656953581,3198185.564170723315
65554.000000000000,-741898.576456074021,-5462110.764109940268,3198186.385362525936
65555.000000000000,-741909.454928530497,-5462109.286447946914,3198187.328494488727
65556.000000000000,-741920.653242242173,-5462107.744308440946,3198188.343763749115
65557.000000000000,-741932.203498627874,-5462106.254402806982,3198189.275101280771
65558.000000000000,-741944.260283635114,-5462104.504182738252,3198190.188612925354
65559.000000000000,-741956.707282564719,-5462102.896456746385,3198191.032194008585
65560.000000000000,-741969.257069166168,-5462101.511329178698,3198191.670823814347
65561.000000000000,-741982.107098254957,-5462099.992921464145,3198192.368783792946
65562.000000000000,-741995.169259908842,-5462098.329715033062,3198193.242217155639
65563.000000000000,-742008.389390412602,-5462096.598235238343,3198194.287107160315
65564.000000000000,-742021.374531644396,-5462094.848850165494,3198195.390272837598
65565.000000000000,-742033.296007000376,-5462093.178317939863,3198196.643774917349
65566.000000000000,-742043.544870410347,-5462091.522005675361,3198198.098844086751
65567.000000000000,-742052.202311935602,-5462089.826200496405,3198199.709708629642
65568.000000000000,-742059.256352819852,-5462088.321863459423,3198201.285575446673
65569.000000000000,-742064.499881212949,-5462087.067312628031,3198202.754589594901
65570.000000000000,-742067.733418707969,-5462085.894637548365,3198204.371061966754
65571.000000000000,-742070.006998945028,-5462084.499232014641,3198206.434251609724
65572.000000000000,-742071.632490101969,-5462082.474987456575,3198209.851807060651
65573.000000000000,-742072.099282953073,-5462079.944790069945,3198214.357961273286
65574.000000000000,-742071.397105526761,-5462076.754189798608,3198219.847338699736
65575.000000000000,-742070.493394843768,-5462073.070770456456,3198226.212094247807
65576.000000000000,-742069.528761334252,-5462068.799227395095,3198233.659444233403
65577.000000000000,-742068.375310550793,-5462064.077797331847,3198242.008114858065
65578.000000000000,-742066.874453161843,-5462059.085615921766,3198250.747320575174
65579.000000000000,-742065.322812199127,-5462054.048032350838,3198259.899017363787
65580.000000000000,-742063.544091071351,-5462048.525409576483,3198269.317495122086
65581.000000000000,-742061.682374832220,-5462043.165614713915,3198279.239723519422
65582.000000000000,-742059.727881422499,-5462037.568605053239,3198289.562227942050
65583.000000000000,-742057.573703656672,-5462031.900570296682,3198300.086316903587
65584.000000000000,-742055.279681122396,-5462026.191811235622,3198310.797199411783
65585.000000000000,-742052.988614632864,-5462020.291007008404,3198321.717910410836
65586.000000000000,-742050.744366776431,-5462014.305676053278,3198332.900209684856
65587.000000000000,-742048.650018103537,-5462008.199921272695,3198344.240391935688
65588.000000000000,-742046.647695476189,-5462002.253954432905,3198355.409054578748
65589.000000000000,-742044.773706117645,-5461996.632902777754,3198365.919978332706
65590.000000000000,-742043.116218149313,-5461991.416351694614,3198375.586142036133
65591.000000000000,-742041.741468449822,-5461986.843704678118,3198383.969439125154
65592.000000000000,-742040.722386592184,-5461983.311493411660,3198390.437979902141
65593.000000000000,-742040.039460138301,-5461980.925153936259,3198394.771978757344
65594.000000000000,-742039.708002168103,-5461979.812303282320,3198396.751205986366
65595.000000000000,-742039.531652622041,-5461979.094759042375,3198398.160289939959
65596.000000000000,-742038.994682631106,-5461977.201477331109,3198401.424502608366
65597.000000000000,-742038.220867445227,-5461974.037306725979,3198406.739382969216
65598.000000000000,-742037.386371521279,-5461969.856932152063,3198413.579785665497
65599.000000000000,-742036.576831047889,-5461964.628224964254,3198421.723923231475
65600.000000000000,-742035.919783572317,-5461958.606044958346,3198431.101857427042
65601.000000000000,-742035.380105201271,-5461951.847869684920,3198441.493159040343
65602.000000000000,-742034.820351588191,-5461944.609251426533,3198452.606199243106
65603.000000000000,-742034.083753235987,-5461937.199762729928,3198464.035046149045
65604.000000000000,-742032.570340380422,-5461929.868140977807,3198475.469229384791
65605.000000000000,-742029.989141570986,-5461923.182783007622,3198486.435488316696
65606.000000000000,-742026.048139968421,-5461917.518487432040,3198496.409355054144
65607.000000000000,-742020.721669350751,-5461912.996584595181,3198504.982799439691
65608.000000000000,-742014.730166259920,-5461909.900216368958,3198511.850145651028
65609.000000000000,-742008.668419103487,-5461907.836726728827,3198517.080512733664
65610.000000000000,-742002.811926724273,-5461906.678184284829,3198520.726872132160
65611.000000000000,-741997.297244221903,-5461906.479752429761,3198522.518838300835
65612.000000000000,-741992.029769095476,-5461907.106449634768,3198522.574848060496
65613.000000000000,-741986.838158354862,-5461908.551633866504,3198520.970219277777
65614.000000000000,-741982.022096766043,-5461911.132802310400,3198517.063261383679
65615.000000000000,-741978.325474212761,-5461914.703765852377,3198511.131110849790
65616.000000000000,-741975.898170264554,-5461919.019894675352,3198503.538345103618
65617.000000000000,-741974.128034405410,-5461924.021222663112,3198494.623138305731
65618.000000000000,-741971.750037192833,-5461929.509783462621,3198484.936084187590
65619.000000000000,-741968.357951859245,-5461935.135504210368,3198475.261190099176
65620.000000000000,-741964.207782696933,-5461940.746897856705,3198465.825446000323
65621.000000000000,-741959.505490701762,-5461946.397825005464,3198456.793666996527
65622.000000000000,-741954.183102043928,-5461951.933740400709,3198448.251802103128
65623.000000000000,-741948.272340734140,-5461957.305669138208,3198440.232691337354
65624.000000000000,-741942.001507661073,-5461962.578481096774,3198432.475607660599
65625.000000000000,-741935.644950882648,-5461967.650497850962,3198425.092096501030
65626.000000000000,-741929.447422514320,-5461972.573426268063,3198417.982925206888
65627.000000000000,-741923.377716826973,-5461977.331510284916,3198411.064898646902
65628.000000000000,-741917.438260914176,-5461982.019771889783,3198404.304823494516
65629.000000000000,-741911.518953153631,-5461986.649374223314,3198397.642630220391
65630.000000000000,-741905.668468316202,-5461991.300269465894,3198390.911143727601
65631.000000000000,-741899.985762261320,-5461995.838721796870,3198384.323358738329
65632.000000000000,-741894.640417987830,-5462000.248829706572,3198377.916550473776
65633.000000000000,-741889.251069459831,-5462004.753631062806,3198371.343843103386
65634.000000000000,-741884.060396287241,-5462009.329487671144,3198364.511151335668
65635.000000000000,-741879.632014474599,-5462013.987837115303,3198357.434710431844
65636.000000000000,-741875.493236984941,-5462018.924498444423,3198349.892731870059
65637.000000000000,-741871.426549874945,-5462024.178433345631,3198341.715865581296
65638.000000000000,-741867.552782739047,-5462029.715890964493,3198332.946638321504
65639.000000000000,-741863.751313737244,-5462035.515856193379,3198323.678674687631
65640.000000000000,-741860.347507699509,-5462041.416528464295,3198314.263236961327
65641.000000000000,-741857.524953912827,-5462047.134521381930,3198304.945238392800
65642.000000000000,-741855.331158034969,-5462052.999995979480,3198295.293923871592
65643.000000000000,-741853.751909801038,-5462058.992523362860,3198285.253316151444
65644.000000000000,-741853.105723734130,-5462064.833740129136,3198275.183504101355
65645.000000000000,-741853.459822140052,-5462070.780768104829,3198264.683108974714
65646.000000000000,-741855.068375587696,-5462076.825082330965,3198253.826924981549
65647.000000000000,-741857.549269724987,-5462082.782156750560,3198242.966431439389
65648.000000000000,-741860.223433469539,-5462088.726077922620,3198232.047972983681
65649.000000000000,-741862.968086707173,-5462094.552131302655,3198221.285172444303
65650.000000000000,-741865.476656298968,-5462099.911386787891,3198211.446956667583
65651.000000000000,-741867.613311310997,-5462104.369599797763,3198203.350811288692
65652.000000000000,-741869.380116386339,-5462107.709257597104,3198197.207923503127
65653.000000000000,-741871.642203835188,-5462110.344685228541,3198192.174742665142
65654.000000000000,-741875.552355301217,-5462112.234880370088,3198188.059253235813
65655.000000000000,-741881.350558015518,-5462113.066746043041,3198185.464445131831
65656.000000000000,-741888.458229589043,-5462112.508367056958,3198185.147354298737
65657.000000000000,-741896.237958847545,-5462111.254518749192,3198185.978001165204
65658.000000000000,-741905.132784695248,-5462110.015645031817,3198186.781611273065
65659.000000000000,-741915.084424385219,-5462108.720626479946,3198187.548301513772
65660.000000000000,-741925.973307730164,-5462107.441883754916,3198188.090996100102
65661.000000000000,-741937.646116467658,-5462106.258579332381,3198188.356138769537
65662.000000000000,-741949.717095551779,-5462105.096219170839,3198188.607924869750
65663.000000000000,-741961.929873884423,-5462103.908365374431,3198189.006751282141
65664.000000000000,-741974.550713574281,-5462102.520810650662,3198189.527196915820
65665.000000000000,-741987.132764559006,-5462100.918468249962,3198190.142220725305
65666.000000000000,-741999.010792347137,-5462099.472626063973,3198190.865765940864
65667.000000000000,-742009.529415388359,-5462098.121822893620,3198191.638115406968
65668.000000000000,-742018.242628048756,-5462096.922264568508,3198192.330386649352
65669.000000000000,-742025.305781875504,-5462095.986436212435,3198192.882792237215
65670.000000000000,-742030.625871312572,-5462095.281296882778,3198193.316781119443
65671.000000000000,-742034.093171416433,-5462094.804866193794,3198193.687420672737
65672.000000000000,-742036.389299237984,-5462094.493499753065,3198193.908869473264
65673.000000000000,-742037.488883842481,-5462094.334965214133,3198193.998680957127
65674.000000000000,-742037.726572483196,-5462094.301861389540,3198194.022943243850
65675.000000000000,-742037.729651885689,-5462094.303423617966,3198194.024217883591
65676.000000000000,-742038.199809609330,-5462094.237972514704,3198194.072152730543
65677.000000000000,-742040.664318100084,-5462093.904699306004,3198194.314829802606
65678.000000000000,-742044.818774172105,-5462093.332694775425,3198194.728789872490
65679.000000000000,-742050.588254370843,-5462092.527817861177,3198195.315682194661
65680.000000000000,-742057.810639490723,-5462091.511192644015,3198196.026975935791
65681.000000000000,-742066.329539989354,-5462090.379557169974,3198196.874320548028
65682.000000000000,-742076.041260220343,-5462089.082099839114,3198197.828365138732
65683.000000000000,-742086.832057584310,-5462087.760041965172,3198198.821202543564
65684.000000000000,-742098.573659075657,-5462086.429744561203,3198199.934988358524
65685.000000000000,-742111.064806146780,-5462085.092024616897,3198201.205808801111
65686.000000000000,-742124.094218014274,-5462083.629522912204,3198202.347960483283
65687.000000000000,-742136.679239200428,-5462082.204857041128,3198203.639846281614
65688.000000000000,-742149.110066142050,-5462080.771139720455,3198204.990603214130
65689.000000000000,-742161.546252112836,-5462079.391503181309,3198206.369772220962
65690.000000000000,-742173.853532142472,-5462078.021766511723,3198207.589738596696
65691.000000000000,-742186.199605160509,-5462076.525713544339,3198208.914772142190
65692.000000000000,-742198.611776500125,-5462074.828637063503,3198210.182422647253
65693.000000000000,-742210.984315219102,-5462073.214154205285,3198211.449067884590
65694.000000000000,-742223.296942091663,-5462071.390506970696,3198212.692239528522
65695.000000000000,-742235.555463990662,-5462069.426127878949,3198213.861475326587
65696.000000000000,-742247.862203516648,-5462067.386596395634,3198214.915993470233
65697.000000000000,-742260.282240799628,-5462065.144540142268,3198215.771545255557
65698.000000000000,-742272.819761035265,-5462062.756805934012,3198216.513003595173
65699.000000000000,-742285.166863531573,-5462060.434633234516,3198217.286332630087
65700.000000000000,-742297.265697502764,-5462058.219760392793,3198218.149934276473
65701.000000000000,-742309.123039809871,-5462056.064397934824,3198218.957617018372
65702.000000000000,-742320.170404856326,-5462054.150127422996,3198219.679904458579
65703.000000000000,-742329.830864595249,-5462052.472512837499,3198220.333711160813
65704.000000000000,-742338.681889707455,-5462050.835213428363,3198220.867777206004
65705.000000000000,-742346.806122536538,-5462049.499215898104,3198221.496899690945
65706.000000000000,-742353.508983690757,-5462048.435554400086,3198222.031899399124
65707.000000000000,-742357.960568615235,-5462047.736708307639,3198222.407001089770
65708.000000000000,-742360.833828893490,-5462047.299244130030,3198222.631574131548
65709.000000000000,-742362.900856678840,-5462046.988216915168,3198222.829679322895
65710.000000000000,-742363.905337734963,-5462046.831958443858,3198222.930439115968
65711.000000000000,-742364.015521151247,-5462046.813542362303,3198222.937863523141
65712.000000000000,-742364.020719230524,-5462046.812377386726,3198222.937845402397
65713.000000000000,-742364.038502100040,-5462046.806377097033,3198222.945519982837
65714.000000000000,-742364.085527164163,-5462046.792701302096,3198222.948805479333
65715.000000000000,-742364.182630477822,-5462046.792975102551,3198222.955654575489
65716.000000000000,-742364.824900842737,-5462046.676629671827,3198223.003485944122
65717.000000000000,-742367.433769926312,-5462046.289803402498,3198223.247955421451
65718.000000000000,-742372.059916801983,-5462045.603138321079,3198223.654782522935
65719.000000000000,-742378.429895462934,-5462044.666979501024,3198224.202254287899
65720.000000000000,-742386.291437613429,-5462043.475902118720,3198224.966282829177
65721.000000000000,-742394.289435992483,-5462042.164075498469,3198225.857446771115
65722.000000000000,-742402.231071023038,-5462040.773798548616,3198226.993182898965
65723.000000000000,-742410.384063650388,-5462039.174410033040,3198228.242429016624
65724.000000000000,-742419.046647966839,-5462037.470582406037,3198229.391387173906
65725.000000000000,-742427.726081168861,-5462035.804012455977,3198230.462847494986
65726.000000000000,-742436.150120815611,-5462034.233194589615,3198231.399918759707
65727.000000000000,-742444.052949753939,-5462032.867665449157,3198232.175382838119
65728.000000000000,-742450.224962067092,-5462031.775251533836,3198232.769772226457
65729.000000000000,-742455.039629195118,-5462030.875108928420,3198233.306095624808
65730.000000000000,-742459.544430738548,-5462030.012904905714,3198233.767619345337
65731.000000000000,-742462.688411863055,-5462029.330779266544,3198234.081067634746
65732.000000000000,-742464.685349593638,-5462028.930963045917,3198234.277737142984
65733.000000000000,-742465.615900644101,-5462028.742228453048,3198234.373130246066
65734.000000000000,-742465.735273570288,-5462028.712939886376,3198234.384407136589
65735.000000000000,-742465.730139575433,-5462028.713567352854,3198234.375768450554
65736.000000000000,-742465.745452305768,-5462028.691433696076,3198234.375086784363
65737.000000000000,-742465.746106035309,-5462028.692804446444,3198234.380211015232
65738.000000000000,-742465.745281408890,-5462028.693909087218,3198234.381417247467
65739.000000000000,-742465.748673424823,-5462028.696151608601,3198234.382831383962
65740.000000000000,-742465.751316040056,-5462028.697319091298,3198234.379106509499
65741.000000000000,-742465.750109820045,-5462028.696665044874,3198234.380055973306
65742.000000000000,-742465.751666709315,-5462028.697086316533,3198234.379938896280
65743.000000000000,-742465.754300180357,-5462028.700129489414,3198234.378626069985
65744.000000000000,-742465.756874896470,-5462028.700851586647,3198234.380493960343
65745.000000000000,-742465.758972401731,-5462028.703617024235,3198234.382101006340
65746.000000000000,-742465.758500729571,-5462028.703988128342,3198234.382374599576
65747.000000000000,-742465.760563595803,-5462028.706767749041,3198234.383252457716
65748.000000000000,-742465.764082117123,-5462028.707455092110,3198234.383480831515
65749.000000000000,-742465.763908934547,-5462028.708215003833,3198234.383823709562
65750.000000000000,-742465.764413772384,-5462028.707652278244,3198234.381521440111
65751.000000000000,-742465.766342758434,-5462028.709465700202,3198234.381860321388
65752.000000000000,-742465.767204238451,-5462028.711081219837,3198234.382368914317
65753.000000000000,-742465.762282074429,-5462028.709739675745,3198234.384625775274
65754.000000000000,-742465.758810822153,-5462028.709946938790,3198234.387211963069
65755.000000000000,-742465.760440639104,-5462028.709150463343,3198234.386076154653
65756.000000000000,-742465.761354807066,-5462028.708731350489,3198234.387761166319
65757.000000000000,-742465.763405604754,-5462028.706837551668,3198234.389713315293
65758.000000000000,-742465.756554912892,-5462028.704512189142,3198234.392774692737
65759.000000000000,-742465.757333881105,-5462028.702834286727,3198234.396627145819
65760.000000000000,-742465.754055685597,-5462028.703270058148,3198234.397282073740
65761.000000000000,-742465.738433494465,-5462028.707544824108,3198234.394187786616
65762.000000000000,-742465.872621434042,-5462028.682874163613,3198234.406176781282
65763.000000000000,-742466.820685192128,-5462028.471896328032,3198234.506048835814
65764.000000000000,-742469.416026547435,-5462027.920273925178,3198234.770986236632
65765.000000000000,-742471.992569436319,-5462027.371431809850,3198235.029166877735
65766.000000000000,-742474.572492707986,-5462026.823708906770,3198235.272002161946
65767.000000000000,-742477.230063134106,-5462026.285273387097,3198235.511353611015
65768.000000000000,-742479.777257911861,-5462025.778623615392,3198235.739243804477
65769.000000000000,-742481.623342510313,-5462025.396292891353,3198235.909624901135
65770.000000000000,-742483.630027449457,-5462024.975903485902,3198236.087145940401
65771.000000000000,-742486.025021078531,-5462024.472029287368,3198236.289369420614
65772.000000000000,-742489.059702830622,-5462023.865338782780,3198236.519896486308
65773.000000000000,-742492.300636486267,-5462023.234724171460,3198236.719340659212
65774.000000000000,-742496.004482417484,-5462022.521260299720,3198236.881535940804
65775.000000000000,-742501.379957633675,-5462021.781691528857,3198236.503000951372
65776.000000000000,-742507.317578855669,-5462022.051875899546,3198234.501053954475
65777.000000000000,-742512.397390680388,-5462023.696673521772,3198230.563144379761
65778.000000000000,-742516.368166620727,-5462026.570664043538,3198224.684788900428
65779.000000000000,-742519.578464624239,-5462030.315720117651,3198217.324087211862
65780.000000000000,-742521.780826497474,-5462035.131741135381,3198208.486627929378
65781.000000000000,-742523.355922930292,-5462040.610829871148,3198198.470004095696
65782.000000000000,-742525.004208398634,-5462046.381543406285,3198187.988051921129
65783.000000000000,-742526.807549909805,-5462052.342666144483,3198177.248805918265
65784.000000000000,-742528.660929196631,-5462058.230311076157,3198166.637953826226
65785.000000000000,-742530.408937654807,-5462063.717453722842,3198156.261967896018
65786.000000000000,-742532.045547890360,-5462068.863696118817,3198146.694448665716
65787.000000000000,-742533.694611274172,-5462073.577995920554,3198138.153759961482
65788.000000000000,-742535.080083596637,-5462077.617268843576,3198130.817481982987
65789.000000000000,-742536.289134391118,-5462081.070557175204,3198124.507510476746
65790.000000000000,-742537.354910241207,-5462084.028301030397,3198119.096086828969
65791.000000000000,-742538.173366982955,-5462086.402934520505,3198114.728525377344
65792.000000000000,-742538.716350593721,-5462088.169306279160,3198111.353300285991
65793.000000000000,-742539.137720095343,-5462089.473164257593,3198108.983495626133
65794.000000000000,-742539.408578763017,-5462090.302104647271,3198107.482043468393
65795.000000000000,-742539.648424553918,-5462091.075450192206,3198106.084214068949
65796.000000000000,-742539.954891991569,-5462092.049964009784,3198104.310536704492
65797.000000000000,-742540.327350082109,-5462093.240688095801,3198102.162681827787
65798.000000000000,-742540.921337850858,-5462095.147711865604,3198098.667121931911
65799.000000000000,-742541.777998492937,-5462097.904671377502,3198093.691430285573
65800.000000000000,-742542.820521474816,-5462101.303494306281,3198087.640226922929
65801.000000000000,-742543.878654736211,-5462104.558294501156,3198081.801568420138
65802.000000000000,-742545.128219017293,-5462107.573234301992,3198076.339186238591
65803.000000000000,-742546.494497486041,-5462109.978170965798,3198071.858814755920
65804.000000000000,-742547.942324106465,-5462112.136311182752,3198067.766463803127
65805.000000000000,-742549.105110591510,-5462114.087465363555,3198064.106930430979
65806.000000000000,-742550.052235332900,-5462115.989702068269,3198060.519166113343
65807.000000000000,-742550.928590232041,-5462118.365918630734,3198056.236983707640
65808.000000000000,-742551.535759572056,-5462120.851838449948,3198051.799339659512
65809.000000000000,-742552.029921658221,-5462123.231825924478,3198047.598860658240
65810.000000000000,-742552.414574946044,-5462125.277443121187,3198043.962751569226
65811.000000000000,-742553.071516365395,-5462127.172410020605,3198040.386564920656
65812.000000000000,-742555.123147484846,-5462128.754271266982,3198037.083719248883
65813.000000000000,-742558.697904102388,-5462129.355751486495,3198035.091747707222
65814.000000000000,-742563.179559508688,-5462128.859041118063,3198034.887644536793
65815.000000000000,-742568.336603214266,-5462127.851841974072,3198035.452366892248
65816.000000000000,-742573.771733392961,-5462126.727028961293,3198035.991626679897
65817.000000000000,-742578.786167802988,-5462125.711988728493,3198036.472621363122
65818.000000000000,-742583.150030693389,-5462124.894501488656,3198036.883231275715
65819.000000000000,-742586.866641874774,-5462124.184733782895,3198037.237678041682
65820.000000000000,-742589.818375205388,-5462123.562911146320,3198037.555261718109
65821.000000000000,-742591.839875713806,-5462123.169152785093,3198037.782388088759
65822.000000000000,-742593.185385049437,-5462122.881486802362,3198037.870924725197
65823.000000000000,-742593.842620152049,-5462122.716040194966,3198037.910474089906
65824.000000000000,-742594.281648399890,-5462122.617657002993,3198037.933660544921
65825.000000000000,-742594.682436877163,-5462122.547482296824,3198037.966724944767
65826.000000000000,-742594.985158562544,-5462122.502064430155,3198037.993111208081
65827.000000000000,-742595.667854192201,-5462122.383789195679,3198038.044690832961
65828.000000000000,-742596.218826941098,-5462122.284959859215,3198038.095120246988
65829.000000000000,-742596.255514164222,-5462122.279816883616,3198038.096732904669
65830.000000000000,-742596.267684830120,-5462122.279061902314,3198038.098305324558
65831.000000000000,-742596.270043589873,-5462122.283788291737,3198038.098715881351
65832.000000000000,-742596.423861703486,-5462122.250492066145,3198038.112422105391
65833.000000000000,-742596.933505853987,-5462122.143079674803,3198038.159994804300
65834.000000000000,-742597.796859910013,-5462121.988101013005,3198038.202844136395
65835.000000000000,-742598.666751244804,-5462121.853282840922,3198038.262771346606
65836.000000000000,-742599.606173370848,-5462121.705245769583,3198038.337002175394
65837.000000000000,-742601.305064658751,-5462121.427892646752,3198038.442855690140
65838.000000000000,-742604.427616387606,-5462120.878773672506,3198038.677011984866
65839.000000000000,-742608.741689486313,-5462120.135427412577,3198039.013754198793
65840.000000000000,-742614.099375998136,-5462119.256557350978,3198039.383866163436
65841.000000000000,-742620.934048561146,-5462118.193060168065,3198039.803844820708
65842.000000000000,-742629.196921769762,-5462116.875945156440,3198040.138617764693
65843.000000000000,-742638.527210598229,-5462115.538090167567,3198040.396482871845
65844.000000000000,-742648.326720764046,-5462114.220955748111,3198040.625413960312
65845.000000000000,-742658.665216138237,-5462112.599704544991,3198040.932742900681
65846.000000000000,-742668.953886310454,-5462110.935017586686,3198041.452636790927
65847.000000000000,-742678.905974105932,-5462109.202973411418,3198042.174925856292
65848.000000000000,-742688.714585076086,-5462107.321507751942,3198043.286908189766
65849.000000000000,-742698.780696080299,-5462105.482565020211,3198044.130552303046
65850.000000000000,-742709.458979740390,-5462103.564543182030,3198044.726329421625
65851.000000000000,-742720.618686671718,-5462101.813566774130,3198045.415212713648
65852.000000000000,-742732.115148567944,-5462099.857857270166,3198046.118294833228
65853.000000000000,-742744.019386264845,-5462097.882221973501,3198046.827542013954
65854.000000000000,-742756.183527114452,-5462095.764377058484,3198047.666826000903
65855.000000000000,-742768.243885226548,-5462093.457805469632,3198048.804627363104
65856.000000000000,-742780.227819224587,-5462090.931430126540,3198050.370634372812
65857.000000000000,-742792.014968295116,-5462088.466371288523,3198052.052729405928
65858.000000000000,-742803.282849637209,-5462086.158275234513,3198053.479937422089
65859.000000000000,-742813.155653331196,-5462084.181648533791,3198054.546421411447
65860.000000000000,-742821.428129437845,-5462082.557609781623,3198055.370915474370
65861.000000000000,-742827.572855187813,-5462081.389964516275,3198055.824640180916
65862.000000000000,-742831.664713071892,-5462080.603737402707,3198056.225328873377
65863.000000000000,-742834.130608657026,-5462079.766859790310,3198057.128878265619
65864.000000000000,-742835.859297942137,-5462078.557483318262,3198058.899672447238
65865.000000000000,-742836.414170973469,-5462076.802328499965,3198061.995068618562
65866.000000000000,-742835.955149122165,-5462074.285990490578,3198066.326129246037
65867.000000000000,-742835.242175081279,-5462071.258863667026,3198071.791649031918
65868.000000000000,-742834.397762699868,-5462067.576277977787,3198078.458700185642
65869.000000000000,-742833.216649569338,-5462063.219972870313,3198086.162927300204
65870.000000000000,-742831.825191538432,-5462058.508033830673,3198094.703563020565
65871.000000000000,-742830.331615104224,-5462053.423602240160,3198103.842712042853
65872.000000000000,-742828.882231273805,-5462048.045661631972,3198113.528538215905
65873.000000000000,-742827.415880031534,-5462042.527639064938,3198123.463834156282
65874.000000000000,-742825.778087521088,-5462037.081334600225,3198133.406880014576
65875.000000000000,-742823.964654420502,-5462031.799605633132,3198142.669171299320
65876.000000000000,-742822.324912385084,-5462027.100086085498,3198151.154379046056
65877.000000000000,-742820.839869845891,-5462022.964963130653,3198158.687542010099
65878.000000000000,-742819.661700403085,-5462019.419691251591,3198165.074198359624
65879.000000000000,-742818.818557164283,-5462016.700465207919,3198169.984926564153
65880.000000000000,-742818.284570824006,-5462015.076732397079,3198172.959478082135
65881.000000000000,-742818.070638515987,-5462014.461152706295,3198174.085380422883
65882.000000000000,-742818.016799487290,-5462014.282677642070,3198174.286575599574
65883.000000000000,-742818.007536494406,-5462014.238893683068,3198174.335285838228
65884.000000000000,-742817.988199028769,-5462014.178293474950,3198174.448021222372
65885.000000000000,-742817.977207987569,-5462014.135929245502,3198174.527658247855
65886.000000000000,-742817.957720042439,-5462014.092414719053,3198174.611730706412
65887.000000000000,-742817.925424718880,-5462014.003186222166,3198174.797111297958
65888.000000000000,-742817.831114615547,-5462013.717697938904,3198175.289387888741
65889.000000000000,-742817.635716491030,-5462013.124905196950,3198176.371456038207
65890.000000000000,-742817.406374852988,-5462012.480138245039,3198177.593414457515
65891.000000000000,-742817.159332770156,-5462011.759853259660,3198178.873882764485
65892.000000000000,-742816.903139620088,-5462010.922094602138,3198180.383863125928
65893.000000000000,-742816.483277015854,-5462009.602554687299,3198182.818135206122
65894.000000000000,-742816.037495124270,-5462008.121993256733,3198185.526945861988
65895.000000000000,-742815.544622044079,-5462006.400974101387,3198188.626384263858
65896.000000000000,-742814.942890496925,-5462004.080452672206,3198192.683784781024
65897.000000000000,-742814.257406809716,-5462001.400487396866,3198197.492931974120
65898.000000000000,-742813.556069276528,-5461998.663051301613,3198202.330398506019
65899.000000000000,-742812.873149810010,-5461996.030714689754,3198207.085042576771
65900.000000000000,-742812.180665538530,-5461993.571429467760,3198211.552201191429
65901.000000000000,-742811.498838028288,-5461991.290242183022,3198215.638734270353
65902.000000000000,-742810.859922920470,-5461989.155279803090,3198219.470052510500
65903.000000000000,-742810.219705634750,-5461987.077428419143,3198223.223281830084
65904.000000000000,-742809.526673389599,-5461984.758477926254,3198227.377087858040
65905.000000000000,-742808.807320483262,-5461982.374198884703,3198231.709071801044
65906.000000000000,-742808.082102739136,-5461980.017251460813,3198235.911567497533
65907.000000000000,-742807.257855196134,-5461977.493116790429,3198240.497254111804
65908.000000000000,-742806.377804814372,-5461974.703292647377,3198245.555932532530
65909.000000000000,-742805.455780517892,-5461971.958924210630,3198250.583861609455
65910.000000000000,-742804.492955145310,-5461969.149439378642,3198255.609304429032
65911.000000000000,-742803.469101479859,-5461966.075446639210,3198261.094037215225
65912.000000000000,-742802.530486021191,-5461962.935165479779,3198266.690694871824
65913.000000000000,-742801.625553771271,-5461959.773497699760,3198272.281146107242
65914.000000000000,-742800.772438109503,-5461956.884916804731,3198277.459947257768
65915.000000000000,-742800.030832398799,-5461954.453989899717,3198281.852960976772
65916.000000000000,-742799.391104751150,-5461952.421520338394,3198285.537883326877
65917.000000000000,-742798.806925388984,-5461950.594921101816,3198288.830988200847
65918.000000000000,-742798.310044841841,-5461949.046780752949,3198291.631965436507
65919.000000000000,-742797.926123402198,-5461947.807316431776,3198293.850735728629
65920.000000000000,-742797.646953292890,-5461946.916981100105,3198295.427432648372
65921.000000000000,-742797.454915893148,-5461946.304306589998,3198296.536474532448
65922.000000000000,-742797.322875189013,-5461945.892686884850,3198297.288370190654
65923.000000000000,-742797.203474819195,-5461945.510611565784,3198297.973435576539
65924.000000000000,-742797.001759051345,-5461944.877471785992,3198299.103661864065
65925.000000000000,-742796.709451540490,-5461944.058985522948,3198300.599880082533
65926.000000000000,-742796.258126937319,-5461942.726139113307,3198303.015068489593
65927.000000000000,-742795.795448026038,-5461941.278274646029,3198305.656947507989
65928.000000000000,-742795.471109259990,-5461940.318426569924,3198307.354158161674
65929.000000000000,-742795.147264168365,-5461939.363757375628,3198309.071945971809
65930.000000000000,-742794.545829083305,-5461937.496286180802,3198312.444994879887
65931.000000000000,-742793.631558658555,-5461934.649562767707,3198317.639370925725
65932.000000000000,-742792.485787046142,-5461930.979329802096,3198324.309580298606
65933.000000000000,-742791.182321368949,-5461926.761603482068,3198332.193034446333
65934.000000000000,-742789.621250809287,-5461921.959518174641,3198340.926949050277
65935.000000000000,-742787.783907192177,-5461916.487141815014,3198350.478556873277
65936.000000000000,-742785.991739637335,-5461910.732989558019,3198360.880536918994
65937.000000000000,-742784.174173666048,-5461904.688731576316,3198371.781444416847
65938.000000000000,-742782.244406015263,-5461898.474582991563,3198382.965867620427
65939.000000000000,-742780.234581786324,-5461891.982391559519,3198394.532656062860
65940.000000000000,-742778.234773347736,-5461885.438200960867,3198406.346988060046
65941.000000000000,-742776.217191411182,-5461878.862851985730,3198418.189773517195
65942.000000000000,-742774.165341648739,-5461871.939265797846,3198430.264763757586
65943.000000000000,-742772.080932653975,-5461865.100132797845,3198442.319542732090
65944.000000000000,-742770.017799271620,-5461858.057000718080,3198454.338225706480
65945.000000000000,-742768.087987699895,-5461851.436034457758,3198466.349603688810
65946.000000000000,-742766.098241664935,-5461844.782476268709,3198478.154367016163
65947.000000000000,-742764.208832652541,-5461838.170967604034,3198489.726985814050
65948.000000000000,-742762.467098666821,-5461831.473663907498,3198501.184488959145
65949.000000000000,-742760.856031522388,-5461824.919482088648,3198512.446407978889
65950.000000000000,-742759.317427254631,-5461818.688208001666,3198523.142888407689
65951.000000000000,-742757.785506165586,-5461812.890627196059,3198533.108982471749
65952.000000000000,-742756.215331609477,-5461807.654402533546,3198542.257565047592
65953.000000000000,-742754.818773449748,-5461803.088044561446,3198550.292125851847
65954.000000000000,-742753.508555180277,-5461799.012219934724,3198557.335986976512
65955.000000000000,-742752.486135181156,-5461795.877592688426,3198562.747406701557
65956.000000000000,-742751.883698110003,-5461793.866524316370,3198566.285756581929
65957.000000000000,-742751.580986481276,-5461793.046589983627,3198567.767429720610
65958.000000000000,-742751.545908936067,-5461792.973539561965,3198567.846724154893
65959.000000000000,-742751.170569113689,-5461792.752796896733,3198567.599796101451
65960.000000000000,-742751.083277410944,-5461792.525290858001,3198567.993592571933
65961.000000000000,-742750.814907753840,-5461791.668441757560,3198569.432888393756
65962.000000000000,-742750.121595684672,-5461790.045324115083,3198572.185131920036
65963.000000000000,-742747.992981667863,-5461788.454607659020,3198575.309766001999
65964.000000000000,-742743.889886602643,-5461787.775623579510,3198577.542554412503
65965.000000000000,-742738.564228617121,-5461788.197604143992,3198578.265235089697
65966.000000000000,-742732.577016333584,-5461789.235399678349,3198578.181999538559
65967.000000000000,-742725.387876783614,-5461790.565944290720,3198577.801116747316
65968.000000000000,-742716.819602515316,-5461792.216516301967,3198577.182807378471
65969.000000000000,-742707.041251985123,-5461794.081912365742,3198576.270289177541
65970.000000000000,-742696.519049050403,-5461795.982623318210,3198575.346692312043
65971.000000000000,-742685.806919436087,-5461797.723559118807,3198574.524153910112
65972.000000000000,-742675.290013200254,-5461799.401905774139,3198573.817996002734
65973.000000000000,-742665.046163948369,-5461800.929412084632,3198573.214176366106
65974.000000000000,-742655.019999122946,-5461802.417869610712,3198572.613232996315
65975.000000000000,-742645.205442663631,-5461803.908383553848,3198571.971540822648
65976.000000000000,-742635.893511516857,-5461805.299450803548,3198571.350174296182
65977.000000000000,-742627.937945956946,-5461806.598212492652,3198570.723524742294
65978.000000000000,-742621.562168516801,-5461807.685668605380,3198569.949174724985
65979.000000000000,-742617.746584832668,-5461808.475853258744,3198569.421690884512
65980.000000000000,-742616.908060814138,-5461808.662454124540,3198569.261882627383
65981.000000000000,-742616.760029424913,-5461808.676360203885,3198569.213695894461
65982.000000000000,-742615.195116896066,-5461809.058496417478,3198568.863692357205
65983.000000000000,-742612.215057072346,-5461810.149390500039,3198567.642112218309
65984.000000000000,-742609.391653619823,-5461812.189720594324,3198564.850120767020
65985.000000000000,-742608.092419126187,-5461815.026521824300,3198560.538996680174
65986.000000000000,-742608.087694590213,-5461818.374068432488,3198554.992532692384
65987.000000000000,-742608.740113192820,-5461822.315100234002,3198548.475462877192
65988.000000000000,-742609.897199201514,-5461826.827485586517,3198540.882445469033
65989.000000000000,-742611.409844727139,-5461831.918061277829,3198532.267701840959
65990.000000000000,-742613.117100285715,-5461837.503750117496,3198522.623883014079
65991.000000000000,-742614.930270083365,-5461843.532021543011,3198512.439551794436
65992.000000000000,-742616.732041398645,-5461849.758105219342,3198501.907107279170
65993.000000000000,-742618.611548013054,-5461856.145092708990,3198491.166377671994
65994.000000000000,-742620.679611899192,-5461862.333542691544,3198480.697401368525
65995.000000000000,-742622.664234094787,-5461868.163330638781,3198470.495878074318
65996.000000000000,-742624.467637594906,-5461873.565572527237,3198460.625342819374
65997.000000000000,-742626.245828061248,-5461878.613491822034,3198451.052706243470
65998.000000000000,-742627.879484787583,-5461883.744284897111,3198441.999706306495
65999.000000000000,-742629.398252589162,-5461888.743691180833,3198433.108808858786
66000.000000000000,-742630.897585925413,-5461893.838567811996,3198424.015984151978
66001.000000000000,-742632.377403002582,-5461899.015541039407,3198414.888887075242
66002.000000000000,-742633.870506380918,-5461904.104482059367,3198405.711297564674
66003.000000000000,-742635.401718758163,-5461909.269269833341,3198396.458248721436
66004.000000000000,-742637.020893569337,-5461914.411808372475,3198387.239336996339
66005.000000000000,-742638.765685281949,-5461919.665328453295,3198377.899029987399
66006.000000000000,-742640.499002604512,-5461924.847276091576,3198368.678619357757
66007.000000000000,-742642.090525478008,-5461929.823043106124,3198359.830545554403
66008.000000000000,-742643.500442687538,-5461934.439761571586,3198351.516264568083
66009.000000000000,-742644.766840889468,-5461938.611723589711,3198344.121723767370
66010.000000000000,-742645.881962356390,-5461942.167711013928,3198337.748136258684
66011.000000000000,-742646.933507187641,-5461945.381188190542,3198332.006475137081
66012.000000000000,-742647.919586464879,-5461948.182222520001,3198326.984079415444
66013.000000000000,-742648.642036380363,-5461950.375841378234,3198323.064639213495
66014.000000000000,-742649.072648081696,-5461951.775188234635,3198320.585110601969
66015.000000000000,-742649.266227940912,-5461952.447464757599,3198319.375246221665
66016.000000000000,-742649.408351232647,-5461952.982192780823,3198318.401308372617
66017.000000000000,-742649.500574497855,-5461953.359144115821,3198317.700944309123
66018.000000000000,-742649.561207113438,-5461953.607101750560,3198317.258548803162
66019.000000000000,-742649.627218688955,-5461953.852938472293,3198316.830181627534
66020.000000000000,-742649.730284491437,-5461954.291090714745,3198316.068933730479
66021.000000000000,-742649.923319770605,-5461955.163471858948,3198314.553217278793
66022.000000000000,-742650.066787270014,-5461956.672144901007,3198311.976164611988
66023.000000000000,-742649.985507072066,-5461958.847725073807,3198308.244297235738
66024.000000000000,-742649.962498066714,-5461961.618270048872,3198303.376862930600
66025.000000000000,-742650.246257170686,-5461964.820025988854,3198297.737414761446
66026.000000000000,-742650.869231272954,-5461968.061190555803,3198292.051324272994
66027.000000000000,-742651.410475466168,-5461971.360438852571,3198286.276056961622
66028.000000000000,-742651.294315103791,-5461974.998166176490,3198280.018082820345
66029.000000000000,-742651.145565926912,-5461978.937498499639,3198273.250302609056
66030.000000000000,-742651.789399175788,-5461983.170168385841,3198265.771527162287
66031.000000000000,-742653.050547660328,-5461987.556218995713,3198257.938314234372
66032.000000000000,-742654.655254211393,-5461992.041577687487,3198249.891566993669
66033.000000000000,-742656.209364130977,-5461996.637237899937,3198242.017907691654
66034.000000000000,-742657.523923716624,-5462001.045566044748,3198234.169730107300
66035.000000000000,-742658.793941681972,-5462005.415474303998,3198226.505452448037
66036.000000000000,-742660.025175183895,-5462009.491635696031,3198219.328760133125
66037.000000000000,-742661.487178543815,-5462012.777696020901,3198212.763373814523
66038.000000000000,-742663.240941381315,-5462015.657343341038,3198207.551496585365
66039.000000000000,-742664.606209442602,-5462017.814908588305,3198203.596521703061
66040.000000000000,-742665.488823048887,-5462019.424115468748,3198200.660253199749
66041.000000000000,-742665.863750399905,-5462020.430730735883,3198198.836237476673
66042.000000000000,-742666.076056050835,-5462021.084573127329,3198197.671404422726
66043.000000000000,-742666.299973077141,-5462021.823856705800,3198196.223329287488
66044.000000000000,-742666.689257766237,-5462023.034184511751,3198194.058386647608
66045.000000000000,-742667.010043182410,-5462024.026628155261,3198192.353563488461
66046.000000000000,-742667.131624381756,-5462024.411437120289,3198191.675545160193
66047.000000000000,-742667.131975937635,-5462024.419799176976,3198191.663534584455
66048.000000000000,-742667.160665964126,-5462024.505544146523,3198191.476863368414
66049.000000000000,-742667.388763137744,-5462025.267862807959,3198190.119853464887
66050.000000000000,-742667.856344372383,-5462026.806003410369,3198187.408816044219
66051.000000000000,-742668.249036620022,-5462028.107446691021,3198185.180176247377
66052.000000000000,-742668.516983519075,-5462029.064673802815,3198183.512656948529
66053.000000000000,-742668.969387729652,-5462030.797352051362,3198180.330723503605
66054.000000000000,-742669.708397411508,-5462033.617923470214,3198175.236520091072
66055.000000000000,-742670.666639067465,-5462037.312137559056,3198168.513148771133
66056.000000000000,-742671.901826977730,-5462041.724538198672,3198160.490095594432
66057.000000000000,-742673.489853844279,-5462046.689103368670,3198151.497871845029
66058.000000000000,-742675.214041718398,-5462051.926264810376,3198141.954336958006
66059.000000000000,-742676.872463746462,-5462057.080753162503,3198132.585168569814
66060.000000000000,-742678.519196110428,-5462062.059150384739,3198123.478648785502
66061.000000000000,-742680.154369074968,-5462066.940682400949,3198114.552424505819
66062.000000000000,-742681.729632262955,-5462071.580184775405,3198106.060263013002
66063.000000000000,-742683.104672832997,-5462075.715696207248,3198098.457569123246
66064.000000000000,-742684.166474367375,-5462079.033770514652,3198092.426802156959
66065.000000000000,-742684.942384738242,-5462081.556230165064,3198087.867551323958
66066.000000000000,-742685.476075151237,-5462083.264909846708,3198084.764918459579
66067.000000000000,-742685.724357803585,-5462084.048878073692,3198083.336502916180
66068.000000000000,-742685.756391204894,-5462084.167077817023,3198083.111276014708
66069.000000000000,-742685.775878621032,-5462084.164177985862,3198083.096667035017
66070.000000000000,-742685.777399536804,-5462084.167890790850,3198083.093690902926
66071.000000000000,-742685.774642759585,-5462084.168024809100,3198083.096616591327
66072.000000000000,-742685.800642087474,-5462084.243823755533,3198082.969176484272
66073.000000000000,-742685.926729243365,-5462084.674993687309,3198082.187872332986
66074.000000000000,-742686.172786013107,-5462085.424195400439,3198080.831745554693
66075.000000000000,-742686.536916931625,-5462086.283773945644,3198080.115760052111
66076.000000000000,-742686.571771608200,-5462086.389052603394,3198079.951354292221
66077.000000000000,-742686.566341153230,-5462086.388378420845,3198079.953468118794
66078.000000000000,-742686.565847662394,-5462086.388012973592,3198079.954044097103
66079.000000000000,-742686.557329859585,-5462086.383799589239,3198079.952066766564
66080.000000000000,-742686.559669615701,-5462086.384861749597,3198079.953366855625
66081.000000000000,-742686.550743451109,-5462086.375577741303,3198079.954343131743
66082.000000000000,-742686.556172087556,-5462086.377980566584,3198079.952558437362
66083.000000000000,-742686.556559593068,-5462086.380048117600,3198079.948707233183
66084.000000000000,-742686.557462997152,-5462086.377970636822,3198079.951880237553
66085.000000000000,-742686.559742299491,-5462086.376070605591,3198079.956887720618
66086.000000000000,-742686.558882404235,-5462086.379381271079,3198079.955601894297
66087.000000000000,-742686.561211265158,-5462086.380901690573,3198079.954694769345
66088.000000000000,-742686.559843540657,-5462086.378509743139,3198079.954113294370
66089.000000000000,-742686.558525461587,-5462086.377969468944,3198079.953654137906
66090.000000000000,-742686.549558717525,-5462086.376948843710,3198079.955776235554
66091.000000000000,-742686.553162569180,-5462086.376653773710,3198079.940752089955
66092.000000000000,-742686.609092653496,-5462086.560495415702,3198079.600241478533
66093.000000000000,-742686.756852883031,-5462087.031099881977,3198078.760463202372
66094.000000000000,-742686.823142520036,-5462087.163641250692,3198078.535477732308
66095.000000000000,-742686.825322371675,-5462087.166747001931,3198078.532894609962
66096.000000000000,-742686.831036910764,-5462087.171627505682,3198078.532214109320
66097.000000000000,-742686.848507170333,-5462087.249771169387,3198078.546773176175
66098.000000000000,-742686.848039995064,-5462087.246273347177,3198078.550650222227
66099.000000000000,-742686.846869032481,-5462087.237223547883,3198078.545284371357
66100.000000000000,-742686.851193226059,-5462087.240690868348,3198078.545516045298
66101.000000000000,-742686.856411868590,-5462087.243629612029,3198078.547877448611
66102.000000000000,-742686.857137861662,-5462087.249867278151,3198078.549110612366
66103.000000000000,-742686.847905086121,-5462087.249223881401,3198078.547544431407
66104.000000000000,-742686.815372211509,-5462087.207509051077,3198078.542008443736
66105.000000000000,-742686.859767562011,-5462087.264256500639,3198078.552899952978
66106.000000000000,-742686.856655531912,-5462087.260875529610,3198078.554987408686
66107.000000000000,-742686.818280996522,-5462087.207877040841,3198078.539685144089
66108.000000000000,-742686.803779696813,-5462087.174212069251,3198078.526119252667
66109.000000000000,-742686.800700818188,-5462087.170416974463,3198078.521307776682
66110.000000000000,-742686.802516782540,-5462087.173241822980,3198078.521515077911
66111.000000000000,-742686.801928900648,-5462087.173641913570,3198078.523739009630
66112.000000000000,-742686.806721140048,-5462087.170014090836,3198078.523646777496
66113.000000000000,-742686.805020193919,-5462087.166080639698,3198078.521104247309
66114.000000000000,-742686.805135577684,-5462087.170675751753,3198078.523370688781
66115.000000000000,-742686.803253426217,-5462087.170414454304,3198078.523294594605
66116.000000000000,-742686.799227729090,-5462087.173159613274,3198078.525395975914
66117.000000000000,-742686.799717696500,-5462087.172637630254,3198078.522540625650
66118.000000000000,-742686.800379335531,-5462087.175438269041,3198078.518344438635
66119.000000000000,-742686.802521345788,-5462087.175341477618,3198078.517479968723
66120.000000000000,-742686.799979509902,-5462087.175068737008,3198078.521864174400
66121.000000000000,-742686.809515313827,-5462087.176880671643,3198078.523454714566
66122.000000000000,-742686.805949805537,-5462087.174131705426,3198078.521779720671
66123.000000000000,-742686.804423941881,-5462087.174454282038,3198078.518883187324
66124.000000000000,-742686.802891234518,-5462087.173976941034,3198078.520644115284
66125.000000000000,-742686.808489808813,-5462087.176387861371,3198078.516190824099
66126.000000000000,-742686.870608047466,-5462087.352681867778,3198078.194920932408
66127.000000000000,-742687.065041166265,-5462087.919790990651,3198077.154975616373
66128.000000000000,-742687.469036743511,-5462089.036400086246,3198075.074509046506
66129.000000000000,-742688.048990450683,-5462090.734576164745,3198072.054485960864
66130.000000000000,-742688.699734204216,-5462092.782029476017,3198068.389916638378
66131.000000000000,-742689.347451889305,-5462094.859831698239,3198064.608443411067
66132.000000000000,-742689.928265842260,-5462096.792126859538,3198061.174191793427
66133.000000000000,-742690.338356908062,-5462098.195078945719,3198058.544135350268
66134.000000000000,-742690.778237298597,-5462099.575861459598,3198056.093765505590
66135.000000000000,-742691.420769890188,-5462101.022659122013,3198053.497135237325
66136.000000000000,-742692.767575160018,-5462102.507556608878,3198050.736422623042
66137.000000000000,-742694.999310091254,-5462103.546258451417,3198048.396432586480
66138.000000000000,-742698.311997417361,-5462104.184791104868,3198046.534326482099
66139.000000000000,-742702.574080523336,-5462104.385257760063,3198045.268686802126
66140.000000000000,-742707.324699930032,-5462104.137002357282,3198044.697211360093
66141.000000000000,-742712.674055938609,-5462103.306311549619,3198044.783944719471
66142.000000000000,-742717.706203106558,-5462102.421219802462,3198045.185680437367
66143.000000000000,-742722.316774715669,-5462101.595638439991,3198045.511680671014
66144.000000000000,-742726.726683746325,-5462100.809733126312,3198045.865764299873
66145.000000000000,-742731.206033934955,-5462100.108090958558,3198046.101300396491
66146.000000000000,-742735.765373160597,-5462099.861260278150,3198045.481939077377
66147.000000000000,-742740.179910759558,-5462100.520680272020,3198043.255171879660
66148.000000000000,-742743.608878325787,-5462102.317696768790,3198039.365701666567
66149.000000000000,-742745.818299597129,-5462105.156384843402,3198034.108147305902
66150.000000000000,-742747.508131384733,-5462108.808865095489,3198027.621105443686
66151.000000000000,-742749.105337220943,-5462113.175421174616,3198019.859791089315
66152.000000000000,-742750.590694453684,-5462117.881832635030,3198011.614299579989
66153.000000000000,-742751.962581210886,-5462122.705652049743,3198003.187959701288
66154.000000000000,-742753.448583935271,-5462127.629192996770,3197994.543936804403
66155.000000000000,-742754.867199931294,-5462132.431233610027,3197986.107871033251
66156.000000000000,-742756.239335837075,-5462137.026810226031,3197978.229632448871
66157.000000000000,-742757.538524319767,-5462141.318555852398,3197970.651844300330
66158.000000000000,-742758.793867174536,-5462145.457199151628,3197963.685437210370
66159.000000000000,-742760.104758429574,-5462149.316676360555,3197956.929690023419
66160.000000000000,-742761.386513353675,-5462152.946983031929,3197950.556467608083
66161.000000000000,-742762.528313748189,-5462155.930826379918,3197945.297537485138
66162.000000000000,-742763.451036838698,-5462158.174002147280,3197941.385647997726
66163.000000000000,-742763.945475104847,-5462159.421024603769,3197939.168226468842
66164.000000000000,-742764.226771814283,-5462160.144454478286,3197937.772579187062
66165.000000000000,-742764.698834218085,-5462161.262145655230,3197936.031473919284
66166.000000000000,-742765.196850506123,-5462162.788664273918,3197932.937252841890
66167.000000000000,-742765.665171518922,-5462165.054439683445,3197928.644654490519
66168.000000000000,-742766.523056617356,-5462167.921845251694,3197923.447770378087
66169.000000000000,-742768.051182114519,-5462171.373174846172,3197917.190002061892
66170.000000000000,-742769.835393857560,-5462175.439733813517,3197909.715917775873
66171.000000000000,-742771.717553689145,-5462180.005569051951,3197901.340088622645
66172.000000000000,-742773.529277298483,-5462184.797837140039,3197892.686663971283
66173.000000000000,-742775.315481848549,-5462189.654856172390,3197883.892156640533
66174.000000000000,-742777.086689680698,-5462194.654980153777,3197874.893338119611
66175.000000000000,-742778.773093230790,-5462199.657604863867,3197866.106650136877
66176.000000000000,-742780.289076764020,-5462204.573202764615,3197857.211351654492
66177.000000000000,-742781.505580022582,-5462209.468646784313,3197848.668366524391
66178.000000000000,-742782.146164190141,-5462214.080323828384,3197840.585815786384
66179.000000000000,-742782.055451701744,-5462218.490718341433,3197833.138887182344
66180.000000000000,-742781.485530254780,-5462222.520207148045,3197826.367548173293
66181.000000000000,-742781.428631053423,-5462226.078345790505,3197820.176300056744
66182.000000000000,-742782.112970185000,-5462229.287275659852,3197814.638144032098
66183.000000000000,-742783.079897519783,-5462232.117193790153,3197809.479646674823
66184.000000000000,-742783.932321726927,-5462234.765555080958,3197804.796358880587
66185.000000000000,-742784.667536980822,-5462237.056249556132,3197800.723286292981
66186.000000000000,-742785.235901911277,-5462239.147464966401,3197796.955255765468
66187.000000000000,-742785.645350427483,-5462240.528108665720,3197794.559837829787
66188.000000000000,-742785.985118660959,-5462241.222536258399,3197793.661991590634
66189.000000000000,-742786.229970111512,-5462241.635561286472,3197792.888089206535
66190.000000000000,-742786.558282677084,-5462242.354560903274,3197791.524718412198
66191.000000000000,-742786.965481732390,-5462243.306411087513,3197789.939658727031
66192.000000000000,-742787.665644074441,-5462244.695648559369,3197787.485776561312
66193.000000000000,-742788.803534212871,-5462246.682726537809,3197783.512777874246
66194.000000000000,-742790.104843692854,-5462249.396132904105,3197778.131923880428
66195.000000000000,-742791.450752029778,-5462252.978679741733,3197771.345277737826
66196.000000000000,-742792.766491817310,-5462257.300331860781,3197763.224279430229
66197.000000000000,-742794.069666050724,-5462262.197188850492,3197754.289323881734
66198.000000000000,-742795.346466101124,-5462267.034018029459,3197745.230771810282
66199.000000000000,-742796.712239917368,-5462271.794664992951,3197736.336563221179
66200.000000000000,-742798.256852292805,-5462276.564681546763,3197727.300065865275
66201.000000000000,-742799.825881444151,-5462281.331534420140,3197718.298280120362
66202.000000000000,-742801.297645970946,-5462285.751025368460,3197710.036380030215
66203.000000000000,-742802.543827591697,-5462289.807475090958,3197702.393908821978
66204.000000000000,-742803.588623418356,-5462293.504614609294,3197695.407399020623
66205.000000000000,-742804.573028843966,-5462296.762318132445,3197689.485652503092
66206.000000000000,-742805.480762130115,-5462299.210274678655,3197684.954858077690
66207.000000000000,-742806.052386262803,-5462300.594321900979,3197682.406245835125
66208.000000000000,-742806.495885274140,-5462301.556455724873,3197680.588941095397
66209.000000000000,-742807.322045947425,-5462303.234384130687,3197677.438294998836
66210.000000000000,-742808.697578628897,-5462305.756685973145,3197672.488787009381
66211.000000000000,-742810.355491579510,-5462309.089569071308,3197666.063780172262
66212.000000000000,-742811.999172160635,-5462313.051448212005,3197658.169048939366
66213.000000000000,-742813.464507604600,-5462317.813905148767,3197649.323911788873
66214.000000000000,-742814.942823626101,-5462322.764449114911,3197639.855683073401
66215.000000000000,-742816.557757845032,-5462327.856023980305,3197630.087866653688
66216.000000000000,-742818.152663337416,-5462333.039897072129,3197620.167941325344
66217.000000000000,-742819.621330828988,-5462338.338473317213,3197610.022872647271
66218.000000000000,-742821.221907751169,-5462343.721892594360,3197599.870390995871
66219.000000000000,-742822.938711352414,-5462348.970094914548,3197589.757000928279
66220.000000000000,-742824.552724956651,-5462353.904784668237,3197580.109833541792
66221.000000000000,-742826.061613589642,-5462358.691234460101,3197570.980825301260
66222.000000000000,-742827.807715141331,-5462363.380986880511,3197562.360433936585
66223.000000000000,-742829.483671150869,-5462367.548233849928,3197554.278949395753
66224.000000000000,-742830.924508569879,-5462371.129379012622,3197547.377588108648
66225.000000000000,-742832.101767647895,-5462374.128338435665,3197541.612234689295
66226.000000000000,-742832.857222702121,-5462376.218503177166,3197537.584607852157
66227.000000000000,-742833.236025632126,-5462377.328728333116,3197535.478944029659
66228.000000000000,-742833.360382503946,-5462377.642341253348,3197534.954567871522
66229.000000000000,-742833.373949207482,-5462377.653274464421,3197534.976912539918
66230.000000000000,-742833.373319384758,-5462377.647659719922,3197534.979114163201
66231.000000000000,-742833.362979066325,-5462377.621981539764,3197534.986151348334
66232.000000000000,-742833.431617489434,-5462377.808014110662,3197534.555287067778
66233.000000000000,-742833.674560300191,-5462378.413946174085,3197533.342992332298
66234.000000000000,-742834.028381880838,-5462379.249958230183,3197531.661311398726
66235.000000000000,-742834.301183004281,-5462380.005106486380,3197530.141345907468
66236.000000000000,-742834.402790202992,-5462380.220044989139,3197529.619115671609
66237.000000000000,-742834.384769512923,-5462380.175984811038,3197529.612394143362
66238.000000000000,-742834.363402758376,-5462380.135861953720,3197529.601280283649
66239.000000000000,-742834.349928251351,-5462380.105660635978,3197529.594234609045
66240.000000000000,-742834.339452108368,-5462380.080532661639,3197529.588744376786
66241.000000000000,-742834.325548999012,-5462380.061691026203,3197529.598488909658
66242.000000000000,-742834.322794125415,-5462380.055764037184,3197529.599920080509
66243.000000000000,-742834.321141202585,-5462380.044447149150,3197529.597928520292
66244.000000000000,-742834.317995354882,-5462380.032715304755,3197529.601314278319
66245.000000000000,-742834.315317887813,-5462380.023803017102,3197529.605783198494
66246.000000000000,-742834.311273015104,-5462380.008375454694,3197529.607819732279
66247.000000000000,-742834.304681304493,-5462379.988282821141,3197529.612479455303
66248.000000000000,-742834.296381312772,-5462379.969160464592,3197529.617759676185
66249.000000000000,-742834.287445421563,-5462379.946097200736,3197529.620845231693
66250.000000000000,-742834.277673757286,-5462379.925519743934,3197529.621181010734
66251.000000000000,-742834.268348929239,-5462379.903913023882,3197529.619332855567
66252.000000000000,-742834.258814942208,-5462379.887590724044,3197529.620393890887
66253.000000000000,-742834.251481025829,-5462379.873391641304,3197529.621323476080
66254.000000000000,-742834.241566894460,-5462379.852468200028,3197529.620632451959
66255.000000000000,-742834.232096293708,-5462379.829263932072,3197529.616218212526
66256.000000000000,-742834.224155686796,-5462379.800285022706,3197529.611560862046
66257.000000000000,-742834.214058052283,-5462379.772222020663,3197529.605921957176
66258.000000000000,-742834.203707672423,-5462379.743080480956,3197529.600446958560
66259.000000000000,-742834.193301800638,-5462379.715106333606,3197529.595411206130
66260.000000000000,-742834.183029026957,-5462379.691935361363,3197529.592273551971
66261.000000000000,-742834.172444169759,-5462379.667450197041,3197529.587149596773
66262.000000000000,-742834.162476813770,-5462379.644237051718,3197529.584054370876
66263.000000000000,-742834.153347730055,-5462379.621107735671,3197529.580561961979
66264.000000000000,-742834.145784000517,-5462379.599987533875,3197529.572335687000
66265.000000000000,-742834.137334706727,-5462379.569191074930,3197529.562421962619
66266.000000000000,-742834.131812135456,-5462379.551086099818,3197529.554571185261
66267.000000000000,-742834.126232100301,-5462379.528552054428,3197529.547091821674
66268.000000000000,-742834.118107998045,-5462379.509938240983,3197529.545524658170
66269.000000000000,-742834.109447944327,-5462379.490640487522,3197529.543237491045
66270.000000000000,-742834.102279844927,-5462379.476873603649,3197529.545034472365
66271.000000000000,-742834.067098412546,-5462379.443389008753,3197529.522751818411
66272.000000000000,-742834.061484597507,-5462379.426060400903,3197529.520883467980
66273.000000000000,-742834.058186858892,-5462379.418980111368,3197529.529921807349
66274.000000000000,-742834.055965677719,-5462379.409465956502,3197529.532449299935
66275.000000000000,-742834.058282967657,-5462379.410594249144,3197529.534541661851
66276.000000000000,-742834.051076756208,-5462379.398440115154,3197529.542509341147
66277.000000000000,-742834.044504335616,-5462379.383873619139,3197529.543982415926
66278.000000000000,-742834.035692464211,-5462379.365780744702,3197529.542641579639
66279.000000000000,-742834.029044355499,-5462379.346134215593,3197529.543593341485
66280.000000000000,-742834.019584595342,-5462379.327346021309,3197529.547500792891
66281.000000000000,-742834.011399114854,-5462379.315253842622,3197529.549837457016
66282.000000000000,-742834.002390662092,-5462379.299658828415,3197529.551142724697
66283.000000000000,-742833.991808862193,-5462379.288509575650,3197529.556997766253
66284.000000000000,-742833.982015866553,-5462379.278446131386,3197529.561884324532
66285.000000000000,-742833.970677248668,-5462379.268082843162,3197529.567289421335
66286.000000000000,-742833.961865994032,-5462379.260001764633,3197529.574524102267
66287.000000000000,-742833.953771723201,-5462379.245667213574,3197529.575477358885
66288.000000000000,-742833.946936653694,-5462379.234540313482,3197529.576810671482
66289.000000000000,-742833.941583215608,-5462379.220124255866,3197529.577379662078
66290.000000000000,-742833.938543273602,-5462379.203445946798,3197529.576816096902
66291.000000000000,-742833.931415635976,-5462379.193180479109,3197529.575697103981
66292.000000000000,-742833.926778332796,-5462379.181484693661,3197529.575901079457
66293.000000000000,-742833.921303386101,-5462379.171176705509,3197529.575056124013
66294.000000000000,-742833.916588256252,-5462379.163085341454,3197529.575050058309
66295.000000000000,-742833.913523102645,-5462379.153725288808,3197529.575103529263
66296.000000000000,-742833.909988930449,-5462379.151475362480,3197529.576378504746
66297.000000000000,-742833.906968957628,-5462379.146793524735,3197529.579699200578
66298.000000000000,-742833.905393560417,-5462379.142779226415,3197529.583204133902
66299.000000000000,-742833.904014136875,-5462379.136229088530,3197529.585674461909
66300.000000000000,-742833.903147833887,-5462379.127849189565,3197529.586717229337
66301.000000000000,-742833.867293524672,-5462379.088734135032,3197529.580519950017
66302.000000000000,-742833.865294837626,-5462379.078054432757,3197529.582149165217
66303.000000000000,-742833.869513029465,-5462379.072976813652,3197529.580962572247
66304.000000000000,-742833.872917518485,-5462379.064589627087,3197529.581603338011
66305.000000000000,-742833.896233708598,-5462379.064874384552,3197529.586371039972
66306.000000000000,-742833.887391173746,-5462379.054943361320,3197529.587500404567
66307.000000000000,-742833.882381324307,-5462379.044597003609,3197529.588383214548
66308.000000000000,-742833.882450259058,-5462379.040555872023,3197529.570499098860
66309.000000000000,-742834.015440064017,-5462379.399807195179,3197528.886465842370
66310.000000000000,-742834.641512788949,-5462380.821069599129,3197526.173091980163
66311.000000000000,-742835.188995131291,-5462383.006399987265,3197522.249859902542
66312.000000000000,-742834.738551891991,-5462385.716381720267,3197517.723318725824
66313.000000000000,-742832.655082979705,-5462388.558986265212,3197513.120649759192
66314.000000000000,-742828.494318559882,-5462391.042532587424,3197509.185121489223
66315.000000000000,-742822.435812831973,-5462393.270891756751,3197506.303248845041
66316.000000000000,-742814.871386560262,-5462395.409370793961,3197504.062375009526
66317.000000000000,-742806.294338130974,-5462397.786788069643,3197501.590981069487
66318.000000000000,-742796.981440442265,-5462400.375160229392,3197498.955858414527
66319.000000000000,-742786.744535530685,-5462402.493344674818,3197495.738338016905
66320.000000000000,-742776.406017713249,-5462405.409155076370,3197492.650409591384
66321.000000000000,-742765.628459265805,-5462408.483153287321,3197489.390939013101
66322.000000000000,-742754.804758102749,-5462411.758564758115,3197486.070623835549
66323.000000000000,-742744.143401719048,-5462414.948889303021,3197482.946677829139
66324.000000000000,-742733.715225488413,-5462418.088744865730,3197479.781478154939
66325.000000000000,-742723.175722564571,-5462421.312028076500,3197476.610044013243
66326.000000000000,-742712.547386357561,-5462424.571175913326,3197473.354201186914
66327.000000000000,-742702.171918193577,-5462428.055846775882,3197470.289044237230
66328.000000000000,-742692.371076324256,-5462431.307871830650,3197467.387693482451
66329.000000000000,-742683.667985595763,-5462434.209912951104,3197464.802385164425
66330.000000000000,-742676.497677403037,-5462436.643980074674,3197462.746742677875
66331.000000000000,-742670.967958368594,-5462438.470709145069,3197461.203480227385
66332.000000000000,-742667.451025141869,-5462439.648312481120,3197460.220656575635
66333.000000000000,-742665.336981294211,-5462440.399108288810,3197459.637392524164
66334.000000000000,-742664.095189471729,-5462440.847627147101,3197459.281708057504
66335.000000000000,-742663.373344924650,-5462441.083604676649,3197459.071073032450
66336.000000000000,-742663.055142584024,-5462441.202690175734,3197458.981435992289
66337.000000000000,-742662.084920327645,-5462441.562361842953,3197458.707742942497
66338.000000000000,-742659.948137801024,-5462442.341667395085,3197458.080721945502
66339.000000000000,-742656.967074297019,-5462443.452472760342,3197457.211586594582
66340.000000000000,-742653.122604844626,-5462444.825095089152,3197456.112760832999
66341.000000000000,-742648.090764690307,-5462446.608324462548,3197454.731682868209
66342.000000000000,-742642.552262065466,-5462448.460557295009,3197453.261669034604
66343.000000000000,-742636.868612204911,-5462450.333052121103,3197451.825698178727
66344.000000000000,-742631.114549338701,-5462452.378243802115,3197450.108973988332
66345.000000000000,-742625.962927132496,-5462454.904332603328,3197447.475042218342
66346.000000000000,-742621.834721085499,-5462458.290805993602,3197443.128637007903
66347.000000000000,-742618.957512373454,-5462462.216414847411,3197437.410850439221
66348.000000000000,-742616.987898810534,-5462466.617720565759,3197430.722539087292
66349.000000000000,-742615.899634202593,-5462471.377900882624,3197423.048678828869
66350.000000000000,-742615.784438570729,-5462476.165998524055,3197414.805359464139
66351.000000000000,-742616.742549892631,-5462480.864147404209,3197406.408201345708
66352.000000000000,-742618.925661753281,-5462485.533704577014,3197397.852254742291
66353.000000000000,-742622.130853100913,-5462489.975023162551,3197389.280215492472
66354.000000000000,-742625.782368406304,-5462494.301934087649,3197380.666588512249
66355.000000000000,-742629.804988359800,-5462499.252890016884,3197371.867998887319
66356.000000000000,-742633.613122664625,-5462503.735152900219,3197363.013305742294
66357.000000000000,-742637.354707614519,-5462508.144958121702,3197354.327191951685
66358.000000000000,-742640.973821265157,-5462512.566869692877,3197345.743770691566
66359.000000000000,-742644.526993138948,-5462516.820563043468,3197337.240001296625
66360.000000000000,-742648.228712971555,-5462520.866106155328,3197328.976686763112
66361.000000000000,-742651.785707572941,-5462524.933567800559,3197320.952375988942
66362.000000000000,-742655.151451946236,-5462528.782998731360,3197313.223160985857
66363.000000000000,-742658.259735496715,-5462532.390790374018,3197306.004945660941
66364.000000000000,-742660.943921376718,-5462535.424945659004,3197299.849295987282
66365.000000000000,-742663.292414349853,-5462538.050827028230,3197294.441922248807
66366.000000000000,-742665.209557742928,-5462540.228475492448,3197289.999773959164
66367.000000000000,-742666.615503799520,-5462541.869219381362,3197286.665935850702
66368.000000000000,-742667.542618736275,-5462543.046064947732,3197284.384527696762
66369.000000000000,-742668.179398042965,-5462543.816960140131,3197282.827635470312
66370.000000000000,-742668.618428784306,-5462544.388507219031,3197281.653753265738
66371.000000000000,-742668.848185238196,-5462544.693699891679,3197281.136337273289
66372.000000000000,-742668.879407108878,-5462544.722772554494,3197281.072443971876
66373.000000000000,-742668.880513317999,-5462544.725496269763,3197281.073865153361
66374.000000000000,-742668.877969808877,-5462544.725307970308,3197281.073894998059
66375.000000000000,-742668.877943147556,-5462544.723044655286,3197281.073263685219
66376.000000000000,-742668.875994065427,-5462544.720264473930,3197281.073681719135
66377.000000000000,-742668.875657852972,-5462544.720010922290,3197281.072092427872
66378.000000000000,-742668.876717400970,-5462544.719990306534,3197281.072233564220
66379.000000000000,-742668.876274268609,-5462544.718030619435,3197281.073629232589
66380.000000000000,-742668.873967881547,-5462544.716206448153,3197281.072602823842
66381.000000000000,-742668.875461917603,-5462544.714160772972,3197281.072764588986
66382.000000000000,-742668.876367575023,-5462544.714453706518,3197281.073696698062
66383.000000000000,-742668.877704870421,-5462544.713622572832,3197281.071632360574
66384.000000000000,-742668.876596104354,-5462544.711732640862,3197281.071589593310
66385.000000000000,-742668.883950492600,-5462544.716880765744,3197281.052853628993
66386.000000000000,-742669.044518022449,-5462544.911121317185,3197280.665006691124
66387.000000000000,-742669.483541417867,-5462545.471936910413,3197279.537979335524
66388.000000000000,-742670.481800938840,-5462546.778619614430,3197276.997672929894
66389.000000000000,-742671.881994026597,-5462548.585052897222,3197273.425824692473
66390.000000000000,-742673.671839263290,-5462550.908523092978,3197268.868609726895
66391.000000000000,-742675.887525155325,-5462553.844985202886,3197263.348294322845
66392.000000000000,-742678.531508991378,-5462557.370566111058,3197256.615135032218
66393.000000000000,-742681.469619244686,-5462561.209010957740,3197249.029442854226
66394.000000000000,-742684.754537909757,-5462565.393673054874,3197240.800576969981
66395.000000000000,-742688.196632442297,-5462570.033242368139,3197231.751686092466
66396.000000000000,-742691.546595119056,-5462575.143466950394,3197221.933335602749
66397.000000000000,-742694.994007705012,-5462580.495254877955,3197211.611368529964
66398.000000000000,-742699.055485747987,-5462585.938151569106,3197201.155780240893
66399.000000000000,-742703.552137973951,-5462591.251823958009,3197190.958482922520
66400.000000000000,-742708.025520450785,-5462596.425787442364,3197181.059154870920
66401.000000000000,-742712.219556567259,-5462601.479061195627,3197171.500407416373
66402.000000000000,-742716.003292646259,-5462606.087101931684,3197162.574394901283
66403.000000000000,-742719.458293818287,-5462610.236326598562,3197154.631909768563
66404.000000000000,-742722.549939852790,-5462613.901409892365,3197147.546693901997
66405.000000000000,-742725.167278763605,-5462616.905244674534,3197141.841006007977
66406.000000000000,-742727.305086001637,-5462619.302418409847,3197137.219631810673
66407.000000000000,-742728.767922294210,-5462620.948847239837,3197134.180255697574
66408.000000000000,-742729.613872600021,-5462621.894188816659,3197132.402690125164
66409.000000000000,-742730.009976259666,-5462622.346147040837,3197131.498170015402
66410.000000000000,-742730.051978826406,-5462622.398766957223,3197131.408824445214
66411.000000000000,-742730.043593387818,-5462622.397625389509,3197131.414724533446
66412.000000000000,-742730.035281186807,-5462622.393394219689,3197131.418716797139
66413.000000000000,-742730.030234134407,-5462622.390157347545,3197131.421358981635
66414.000000000000,-742730.027571430081,-5462622.389689566568,3197131.422087400220
66415.000000000000,-742730.107538634446,-5462622.276340319775,3197131.260205598082
66416.000000000000,-742730.106656840886,-5462622.274978200905,3197131.259133636486
66417.000000000000,-742730.093986328691,-5462622.276202683337,3197131.259313649498
66418.000000000000,-742730.014372322359,-5462622.214313849807,3197131.230907866266
66419.000000000000,-742730.016138430918,-5462622.214739413932,3197131.230697477236
66420.000000000000,-742730.018621163210,-5462622.218429353088,3197131.234739579726
66421.000000000000,-742730.008970359457,-5462622.218471155502,3197131.232707085088
66422.000000000000,-742730.007105926401,-5462622.220337572508,3197131.231698181480
66423.000000000000,-742730.000790552585,-5462622.219117585570,3197131.232153602410
66424.000000000000,-742730.004079455743,-5462622.223278302699,3197131.232043206692
66425.000000000000,-742730.004976905184,-5462622.226526901126,3197131.235418000724
66426.000000000000,-742730.003812710056,-5462622.230758730322,3197131.235987241380
66427.000000000000,-742730.007458383800,-5462622.230227307416,3197131.236181871034
66428.000000000000,-742730.007355763461,-5462622.230429590680,3197131.236544452608
66429.000000000000,-742730.004242507275,-5462622.237764066085,3197131.236787208822
66430.000000000000,-742730.003257254371,-5462622.237448980100,3197131.236928176135
66431.000000000000,-742730.004773367313,-5462622.238333905116,3197131.238166928291
66432.000000000000,-742730.005494216341,-5462622.240051181056,3197131.237971492577
66433.000000000000,-742730.005805488327,-5462622.240832794458,3197131.239631552249
66434.000000000000,-742730.009754137485,-5462622.242285899818,3197131.241227357648
66435.000000000000,-742730.010585515527,-5462622.243557502516,3197131.242587399669
66436.000000000000,-742730.013202998554,-5462622.243838317692,3197131.243315616157
66437.000000000000,-742730.014305172488,-5462622.247008672915,3197131.243538193405
66438.000000000000,-742730.008907323005,-5462622.249689570628,3197131.244765012525
66439.000000000000,-742730.008798321942,-5462622.250732940622,3197131.245701072738
66440.000000000000,-742730.012255152571,-5462622.251660826616,3197131.247496787924
66441.000000000000,-742730.016120538814,-5462622.253277174197,3197131.248557164799
66442.000000000000,-742730.014390718075,-5462622.256997847930,3197131.247371478938
66443.000000000000,-742730.015047688736,-5462622.258055153303,3197131.250134018250
66444.000000000000,-742730.014925723313,-5462622.259326118045,3197131.252095741220
66445.000000000000,-742730.016449867748,-5462622.261683153920,3197131.253048846032
66446.000000000000,-742730.013798055239,-5462622.263227071613,3197131.254009185359
66447.000000000000,-742730.017674155883,-5462622.264475051314,3197131.254552924074
66448.000000000000,-742730.015214887331,-5462622.269051021896,3197131.257361737080
66449.000000000000,-742730.016418167041,-5462622.279803280719,3197131.260467840824
66450.000000000000,-742730.016540010227,-5462622.293366434053,3197131.264016566798
66451.000000000000,-742730.018293459783,-5462622.287564139813,3197131.265032736119
66452.000000000000,-742730.025542583200,-5462622.298042687587,3197131.268187898211
66453.000000000000,-742730.028200128116,-5462622.302265068516,3197131.270628535654
66454.000000000000,-742730.025164794293,-5462622.302603241988,3197131.270128636621
66455.000000000000,-742730.025171344983,-5462622.300955673680,3197131.268968546763
66456.000000000000,-742730.024462039815,-5462622.301961257122,3197131.268994480371
66457.000000000000,-742730.082750882488,-5462622.368829838932,3197131.140743220691
66458.000000000000,-742730.515705115395,-5462622.856295555830,3197130.182628569193
66459.000000000000,-742731.501172909397,-5462624.023945918307,3197127.873065559659
66460.000000000000,-742732.810743832495,-5462625.591847091913,3197124.858147004619
66461.000000000000,-742734.086410466000,-5462627.121743994765,3197121.900910733733
66462.000000000000,-742734.964893713826,-5462628.170242101885,3197119.861407762859
66463.000000000000,-742735.778508557123,-5462629.152193096466,3197117.925272852182
66464.000000000000,-742737.039574904717,-5462630.589106677100,3197115.137452958617
66465.000000000000,-742738.704370788182,-5462632.442829314619,3197111.598600095138
66466.000000000000,-742740.285715668928,-5462634.211014204659,3197108.148189848289
66467.000000000000,-742741.829194616061,-5462635.843761799857,3197104.945942385588
66468.000000000000,-742743.708978952025,-5462637.804416114464,3197101.040961111896
66469.000000000000,-742746.130002245773,-5462640.411800406873,3197095.911277899984
66470.000000000000,-742748.791892419336,-5462643.408164438792,3197090.229061866645
66471.000000000000,-742751.725038154749,-5462646.648623228073,3197083.950181052089
66472.000000000000,-742755.007377828355,-5462650.106230918318,3197076.887714360841
66473.000000000000,-742758.468874643557,-5462653.912759673782,3197069.078354157973
66474.000000000000,-742762.165774297551,-5462658.142807983793,3197060.711803745013
66475.000000000000,-742766.062741478789,-5462662.659650177695,3197051.630423770286
66476.000000000000,-742770.300997405895,-5462667.453705973923,3197042.040534021333
66477.000000000000,-742775.008752373862,-5462672.619934932329,3197032.171447583474
66478.000000000000,-742779.824543254566,-5462677.839858519845,3197021.932662624866
66479.000000000000,-742784.638927580439,-5462683.018127761781,3197011.689674038906
66480.000000000000,-742789.492278322927,-5462688.247115505859,3197001.384784163442
66481.000000000000,-742793.861901336117,-5462694.006172834896,3196990.834667301271
66482.000000000000,-742797.813995306147,-5462699.755313047208,3196980.517794104293
66483.000000000000,-742802.068309131660,-5462705.128805307671,3196970.450734596234
66484.000000000000,-742806.534015980898,-5462710.626932248473,3196959.854807175230
66485.000000000000,-742811.376891083084,-5462716.434078904800,3196949.280011389405
66486.000000000000,-742816.200859264820,-5462722.295097595081,3196938.637704514898
66487.000000000000,-742820.801545878407,-5462728.113553966396,3196928.175687425304
66488.000000000000,-742825.565979345934,-5462734.085266796872,3196917.627084202133
66489.000000000000,-742830.344961642055,-5462740.131730173714,3196907.022101704963
66490.000000000000,-742835.086804486928,-5462746.204355562106,3196896.325894634705
66491.000000000000,-742839.777444580337,-5462752.267744919285,3196885.647185929585
66492.000000000000,-742844.417753874674,-5462758.455752914771,3196875.079955649097
66493.000000000000,-742848.891799605568,-5462764.437955935486,3196864.824015579186
66494.000000000000,-742853.494100018288,-5462770.282984512858,3196854.849168010056
66495.000000000000,-742857.965794928605,-5462775.908528250642,3196845.103321998846
66496.000000000000,-742862.456894344999,-5462781.601279865019,3196835.329757137690
66497.000000000000,-742867.057506599696,-5462787.313917574473,3196825.490819717757
66498.000000000000,-742871.676745900768,-5462793.112656624056,3196815.605006422848
66499.000000000000,-742876.208576913457,-5462798.799125270918,3196805.859949208330
66500.000000000000,-742880.757954478613,-5462804.141696461476,3196796.136083074845
66501.000000000000,-742885.082442769199,-5462809.055073210038,3196786.388231757563
66502.000000000000,-742889.431562357116,-5462813.943929675967,3196776.533245603554
66503.000000000000,-742893.821487807319,-5462818.972904099151,3196766.646991180256
66504.000000000000,-742898.078520574025,-5462823.918050703593,3196756.892529868521
66505.000000000000,-742902.067159830942,-5462828.510659209453,3196747.852880686522
66506.000000000000,-742905.563084202236,-5462832.623872552067,3196739.493309086189
66507.000000000000,-742908.911521807779,-5462836.498611504212,3196731.683490869589
66508.000000000000,-742912.276936217793,-5462840.384065738879,3196724.080636147410
66509.000000000000,-742915.774841059581,-5462844.376702480018,3196716.143281131983
66510.000000000000,-742919.310679547023,-5462848.378147612326,3196708.309622842353
66511.000000000000,-742922.404159135651,-5462851.911768701859,3196701.359007840510
66512.000000000000,-742924.689229088137,-5462854.657095047645,3196695.659482653253
66513.000000000000,-742926.009634924820,-5462857.449989941902,3196690.562672602478
66514.000000000000,-742925.233796830871,-5462860.432597734034,3196685.780711495318
66515.000000000000,-742922.018531343085,-5462863.283817834221,3196681.793667676859
66516.000000000000,-742916.817953002988,-5462865.851591917686,3196678.777646564413
66517.000000000000,-742910.359578773146,-5462868.319067605771,3196676.325321941637
66518.000000000000,-742903.556775780395,-5462870.569506348111,3196674.321107821073
66519.000000000000,-742896.798988491297,-5462872.676457633264,3196672.451253446750
66520.000000000000,-742890.478408150026,-5462874.562451768667,3196670.749017375987
66521.000000000000,-742885.123579330626,-5462876.172392109409,3196669.247842154931
66522.000000000000,-742880.901220827946,-5462877.408105651848,3196668.075729541481
66523.000000000000,-742877.890235280036,-5462878.315832098015,3196667.168630291242
66524.000000000000,-742875.749855485046,-5462878.931918381713,3196666.523339162115
66525.000000000000,-742874.370450752671,-5462879.323497667909,3196666.122168064583
66526.000000000000,-742873.620999662555,-5462879.546180630103,3196665.887235984206
66527.000000000000,-742872.810111384024,-5462879.755278839730,3196665.631644595880
66528.000000000000,-742870.339977413299,-5462880.449280352332,3196664.863904681057
66529.000000000000,-742866.318481294555,-5462881.590902571566,3196663.639979737811
66530.000000000000,-742861.299833287369,-5462882.974055449478,3196662.116059684195
66531.000000000000,-742855.542971883900,-5462884.550472324714,3196660.310380327515
66532.000000000000,-742849.424420696800,-5462886.193612150848,3196658.330995301250
66533.000000000000,-742842.883395999786,-5462887.991233874112,3196656.213735090103
66534.000000000000,-742835.773760654032,-5462890.161714354530,3196654.140561072621
66535.000000000000,-742828.495218330063,-5462892.163372134790,3196651.794768626336
66536.000000000000,-742820.973598220735,-5462894.103583204560,3196649.246035271790
66537.000000000000,-742813.093433240661,-5462896.195388646796,3196646.789767412003
66538.000000000000,-742805.009130502003,-5462898.328488267958,3196644.280590945855
66539.000000000000,-742797.077610060689,-5462900.362134615891,3196641.822506624740
66540.000000000000,-742789.486130175181,-5462901.963422277942,3196639.222827157937
66541.000000000000,-742783.121738951188,-5462903.689546347596,3196637.148594296072
66542.000000000000,-742778.078501633019,-5462905.032767139375,3196635.545551490039
66543.000000000000,-742774.534252283629,-5462905.937870007008,3196634.462895432021
66544.000000000000,-742772.481487931684,-5462906.491828647442,3196633.830982843414
66545.000000000000,-742771.315991532756,-5462906.801070972346,3196633.465198412538
66546.000000000000,-742770.736419369234,-5462906.961534960195,3196633.287728386931
66547.000000000000,-742770.511408570455,-5462907.029961380176,3196633.222753825597
66548.000000000000,-742770.503887632862,-5462907.037176242098,3196633.219635503367
66549.000000000000,-742770.503444854985,-5462907.035950644873,3196633.220857226755
66550.000000000000,-742770.530687763123,-5462907.021223148331,3196633.201594416983
66551.000000000000,-742770.529694833560,-5462907.033815138042,3196633.204936657101
66552.000000000000,-742770.528886178276,-5462907.044516351074,3196633.206327715889
66553.000000000000,-742770.530466311495,-5462907.047117333859,3196633.208235262427
66554.000000000000,-742770.526277083554,-5462907.048263562843,3196633.208958418109
66555.000000000000,-742770.532224255032,-5462907.051415425725,3196633.205127118621
66556.000000000000,-742770.533753600903,-5462907.051364967600,3196633.205524381250
66557.000000000000,-742770.534338411409,-5462907.054159470834,3196633.206999526359
66558.000000000000,-742770.534961244324,-5462907.056723931804,3196633.209728508256
66559.000000000000,-742770.535494575859,-5462907.059366227128,3196633.212903817184
66560.000000000000,-742770.533317377442,-5462907.057389438152,3196633.209999512415
66561.000000000000,-742770.135682446067,-5462907.181984337047,3196633.088597084861
66562.000000000000,-742768.837553001591,-5462907.499082189985,3196632.671253741719
66563.000000000000,-742766.767805730458,-5462908.035248813219,3196632.034884941764
66564.000000000000,-742764.296160777798,-5462908.683467871509,3196631.289727638476
66565.000000000000,-742761.261849870207,-5462909.476118800230,3196630.351927371230
66566.000000000000,-742757.380072121392,-5462910.454262150452,3196629.083629264962
66567.000000000000,-742752.299801907386,-5462911.714458914474,3196627.595233436208
66568.000000000000,-742746.201641524560,-5462913.248843590729,3196625.720346509479
66569.000000000000,-742739.179368165554,-5462915.075463297777,3196623.609196372330
66570.000000000000,-742731.160083754221,-5462917.235093019903,3196621.331227656454
66571.000000000000,-742722.220321985544,-5462919.426077851094,3196618.695227413438
66572.000000000000,-742713.054706979077,-5462921.790372896008,3196615.863438542001
66573.000000000000,-742703.710686787497,-5462924.238003556617,3196612.993917565793
66574.000000000000,-742694.206547595677,-5462926.783112396486,3196610.049483327195
66575.000000000000,-742684.835632339120,-5462929.421629020013,3196607.098425081000
66576.000000000000,-742675.987980277045,-5462932.023843301460,3196604.140325886197
66577.000000000000,-742668.280308571178,-5462934.362911515869,3196601.564555261284
66578.000000000000,-742661.809335353901,-5462936.285152208991,3196599.490965544246
66579.000000000000,-742656.513150677318,-5462937.816568553448,3196597.863946708851
66580.000000000000,-742652.383344201138,-5462939.001028316095,3196596.662252503913
66581.000000000000,-742649.724107741495,-5462939.776098331437,3196595.905128089245
66582.000000000000,-742648.182339087361,-5462940.222997651435,3196595.477150160819
66583.000000000000,-742647.605300101917,-5462940.391696969979,3196595.303153918125
66584.000000000000,-742647.597810143256,-5462940.391232989728,3196595.296099649742
66585.000000000000,-742647.599394810037,-5462940.381835715845,3196595.285718248691
66586.000000000000,-742647.601120640757,-5462940.378584510647,3196595.277368037496
66587.000000000000,-742647.556019786396,-5462940.386283748783,3196595.266261972021
66588.000000000000,-742647.106842795270,-5462940.501862647012,3196595.137768074404
66589.000000000000,-742645.803101410391,-5462940.874387870543,3196594.751751341857
66590.000000000000,-742642.753915251000,-5462941.774453149177,3196593.824841789901
66591.000000000000,-742638.369544994668,-5462943.073367757723,3196592.474495927803
66592.000000000000,-742633.277068521711,-5462944.607289672829,3196590.895714571234
66593.000000000000,-742627.777536433539,-5462946.221273890696,3196589.260867303237
66594.000000000000,-742621.192050531507,-5462948.238560309634,3196587.374201680068
66595.000000000000,-742613.491255956120,-5462950.624435446225,3196585.174264174886
66596.000000000000,-742605.226401169552,-5462953.186823280528,3196582.762178572360
66597.000000000000,-742596.452591244830,-5462955.949174392037,3196580.163375059143
66598.000000000000,-742587.087708749576,-5462958.930049545132,3196577.618104876019
66599.000000000000,-742577.615129030542,-5462962.112904908136,3196575.168218346313
66600.000000000000,-742568.774522716762,-5462965.179112059996,3196572.905431757215
66601.000000000000,-742560.397363816388,-5462968.049609615467,3196570.802899436560
66602.000000000000,-742552.301574884681,-5462970.849982200190,3196568.779479452409
66603.000000000000,-742544.818175113876,-5462973.481618759222,3196566.805060999934
66604.000000000000,-742538.134401389980,-5462975.940009910613,3196564.934873703867
66605.000000000000,-742533.239267417113,-5462977.738064517267,3196563.647578597069
66606.000000000000,-742530.296460571582,-5462978.809728621505,3196562.877366769128
66607.000000000000,-742527.504515364533,-5462979.776496565901,3196562.235064890236
66608.000000000000,-742524.140907994821,-5462980.942747231573,3196561.415543554351
66609.000000000000,-742519.780404992984,-5462982.539911385626,3196560.279428364709
66610.000000000000,-742514.278806277551,-5462984.573190428317,3196558.843315613922
66611.000000000000,-742507.814246401307,-5462986.978339265101,3196557.161607570481
66612.000000000000,-742500.378604816855,-5462989.689825613052,3196555.257765003014
66613.000000000000,-742491.969324224978,-5462992.677348163910,3196553.140490089078
66614.000000000000,-742482.657258814899,-5462995.935130661353,3196550.792901717592
66615.000000000000,-742472.639624508913,-5462999.467133191414,3196548.198700064793
66616.000000000000,-742462.183580145356,-5463003.144727156498,3196545.474624094088
66617.000000000000,-742451.847647694172,-5463006.705872548744,3196542.723912165035
66618.000000000000,-742441.119541851687,-5463010.227337402292,3196539.880634482950
66619.000000000000,-742429.846448615193,-5463013.858030350879,3196536.777620459907
66620.000000000000,-742418.481534162187,-5463017.457712932490,3196533.566775773186
66621.000000000000,-742407.245804341626,-5463021.028001975268,3196530.435662752483
66622.000000000000,-742396.192462417181,-5463024.446816931479,3196527.320432316978
66623.000000000000,-742385.467476586578,-5463027.714981698431,3196524.191118124407
66624.000000000000,-742374.753422488924,-5463030.479360016994,3196520.787049234845
66625.000000000000,-742363.918579983874,-5463033.304014335386,3196517.453539081849
66626.000000000000,-742353.131433713832,-5463036.074459115975,3196514.122722339816
66627.000000000000,-742342.278375683818,-5463038.878388225101,3196510.797389870510
66628.000000000000,-742332.124629820115,-5463041.553646740504,3196507.668285550084
66629.000000000000,-742322.767413827241,-5463044.005601483397,3196504.753127286676
66630.000000000000,-742313.724310297985,-5463046.272204293869,3196501.991996131837
66631.000000000000,-742304.726708656293,-5463048.551436715759,3196499.190592508763
66632.000000000000,-742295.743821458309,-5463050.842367489822,3196496.184184167068
66633.000000000000,-742286.467803128646,-5463053.125587664545,3196493.094597990625
66634.000000000000,-742276.731257464737,-5463055.180936900899,3196489.735951025505
66635.000000000000,-742266.125281903544,-5463057.231195174158,3196486.180394282099
66636.000000000000,-742254.643108342658,-5463059.497736416757,3196482.380840531550
66637.000000000000,-742242.374158918974,-5463062.045024244115,3196478.365530265495
66638.000000000000,-742230.368076669634,-5463064.870237787254,3196474.558456678875
66639.000000000000,-742218.770699986140,-5463067.679090804420,3196470.838425122667
66640.000000000000,-742207.331137949484,-5463070.495716837235,3196467.205527167767
66641.000000000000,-742196.226121017593,-5463073.250975990668,3196463.743366645183
66642.000000000000,-742186.230067942175,-5463075.700295238756,3196460.688278215937
66643.000000000000,-742177.229894123855,-5463077.851969488896,3196457.777662125882
66644.000000000000,-742168.465845733881,-5463079.927082058974,3196454.993775531184
66645.000000000000,-742159.530503102462,-5463081.928635917604,3196452.097755791154
66646.000000000000,-742150.308771227603,-5463083.952162286267,3196449.032133880071
66647.000000000000,-742140.895955171785,-5463086.061261060648,3196445.794195208233
66648.000000000000,-742131.423639632296,-5463088.323856702074,3196442.399546302855
66649.000000000000,-742122.075611778186,-5463090.881037208252,3196438.856509916950
66650.000000000000,-742113.430742178112,-5463093.507633695379,3196435.412351435982
66651.000000000000,-742105.823890911415,-5463095.919355294667,3196432.463104635477
66652.000000000000,-742099.651543778717,-5463098.031700410880,3196430.049764947034
66653.000000000000,-742095.358167736209,-5463100.284044980071,3196427.276372795925
66654.000000000000,-742093.268595721922,-5463102.976584485732,3196423.281823324971
66655.000000000000,-742093.560462355614,-5463105.881618392654,3196418.355519323144
66656.000000000000,-742095.658951704158,-5463108.844927621074,3196412.823455361649
66657.000000000000,-742098.471651450265,-5463112.147426871583,3196406.615012843162
66658.000000000000,-742101.744770353311,-5463115.788125157356,3196399.541435970925
66659.000000000000,-742105.344139576307,-5463119.570201087743,3196392.219964400865
66660.000000000000,-742108.901839195401,-5463123.235724182799,3196385.073684314732
66661.000000000000,-742112.174221127643,-5463126.839691474102,3196378.128814347088
66662.000000000000,-742115.240404717275,-5463130.166484301910,3196371.681360466871
66663.000000000000,-742117.789397558896,-5463132.955649842508,3196366.251185419038
66664.000000000000,-742119.792342303088,-5463135.140833698213,3196362.020677585620
66665.000000000000,-742121.138423385681,-5463136.585195835680,3196359.208536736201
66666.000000000000,-742121.882963509182,-5463137.371089338325,3196357.666745134164
66667.000000000000,-742122.389021646697,-5463137.906942186877,3196356.625966934953
66668.000000000000,-742122.772838243167,-5463138.325936235487,3196355.849420840852
66669.000000000000,-742123.501015070709,-5463139.128314870410,3196354.336840356234
66670.000000000000,-742124.837110325345,-5463140.548654276878,3196351.710955603980
66671.000000000000,-742127.046141477767,-5463141.957722801715,3196348.907895592507
66672.000000000000,-742130.907411953551,-5463142.667934605852,3196347.020796527620
66673.000000000000,-742136.006293545826,-5463142.417648513801,3196346.960501081310
66674.000000000000,-742141.589467717800,-5463141.539267872460,3196348.311041930690
66675.000000000000,-742147.957954818732,-5463140.308708083816,3196350.315855233930
66676.000000000000,-742155.126493546530,-5463138.733564131893,3196352.967954563908
66677.000000000000,-742163.312806501635,-5463137.014181549661,3196355.860152542591
66678.000000000000,-742172.461132863187,-5463135.214948492125,3196358.891770355403
66679.000000000000,-742182.279454287956,-5463133.148095152341,3196361.983589180280
66680.000000000000,-742192.632154375198,-5463131.099049007520,3196365.401446624193
66681.000000000000,-742203.459357741755,-5463128.866253839806,3196369.126706582494
66682.000000000000,-742214.690629024175,-5463126.562721318565,3196372.914718511980
66683.000000000000,-742225.678394944407,-5463124.057063534856,3196376.442996874917
66684.000000000000,-742236.380489134695,-5463121.481239233166,3196379.645971270278
66685.000000000000,-742247.386507925112,-5463118.977832272649,3196382.500257398468
66686.000000000000,-742258.139583274955,-5463116.718277899548,3196384.991096128710
66687.000000000000,-742268.189378238982,-5463114.574887365103,3196387.290013964288
66688.000000000000,-742277.387903027586,-5463112.509597195312,3196389.615581405815
66689.000000000000,-742285.469781670603,-5463110.535202061757,3196391.952071478590
66690.000000000000,-742292.353226183448,-5463108.791703164577,3196394.110243860632
66691.000000000000,-742298.043860352598,-5463107.345514130779,3196395.876029243227
66692.000000000000,-742302.470965170069,-5463106.244785971940,3196397.318113456946
66693.000000000000,-742305.554313359782,-5463105.434726973996,3196398.356129967608
66694.000000000000,-742307.616041301051,-5463104.911406927742,3196399.048687759787
66695.000000000000,-742308.830723346910,-5463104.600353671238,3196399.465741917025
66696.000000000000,-742309.500896503334,-5463104.417357545346,3196399.698455057107
66697.000000000000,-742309.970727808191,-5463104.309679741971,3196399.869972797111
66698.000000000000,-742310.266571432003,-5463104.232860048302,3196399.956209471915
66699.000000000000,-742310.764314350905,-5463104.097890779376,3196400.128603238612
66700.000000000000,-742312.956683623372,-5463103.561562224291,3196400.841411042027
66701.000000000000,-742316.884342963691,-5463102.675702904351,3196402.136797210202
66702.000000000000,-742322.245294513647,-5463101.434963182546,3196403.849075501319
66703.000000000000,-742329.223545777029,-5463099.713955362327,3196405.939240510110
66704.000000000000,-742337.733570132987,-5463097.541705145501,3196408.505166649353
66705.000000000000,-742347.389265778242,-5463095.176334924065,3196411.665895771701
66706.000000000000,-742357.230212551425,-5463092.789173502475,3196414.915014325641
66707.000000000000,-742366.682736685267,-5463090.474440773949,3196417.945772083476
66708.000000000000,-742375.884814249584,-5463088.177206819877,3196420.769678146578
66709.000000000000,-742384.553173937602,-5463085.912582563236,3196423.410866472404
66710.000000000000,-742392.395632421365,-5463083.769885789603,3196425.798880039249
66711.000000000000,-742399.002113362774,-5463081.899236279540,3196427.742710961495
66712.000000000000,-742403.983638307545,-5463080.437011151575,3196429.156130306888
66713.000000000000,-742407.384584354586,-5463079.389142515138,3196430.108288259245
66714.000000000000,-742409.531815289985,-5463078.708727315068,3196430.707772446331
66715.000000000000,-742410.959515928291,-5463078.247291476466,3196431.108906623907
66716.000000000000,-742411.967688829638,-5463077.913559714332,3196431.394596932922
66717.000000000000,-742413.885808997205,-5463077.272431952879,3196431.946850828361
66718.000000000000,-742417.640360108460,-5463076.050079704262,3196433.020076838322
66719.000000000000,-742422.252667374676,-5463074.655822415836,3196434.353099444881
66720.000000000000,-742428.136871670489,-5463072.837854944170,3196435.942226142157
66721.000000000000,-742435.656509393360,-5463070.414443297312,3196437.811303074472
66722.000000000000,-742444.665941935265,-5463067.581488380209,3196440.306920045987
66723.000000000000,-742454.546918619657,-5463064.424615820870,3196443.149756967556
66724.000000000000,-742464.998685003142,-5463061.015955812298,3196446.095440167002
66725.000000000000,-742475.793726082775,-5463057.488621502183,3196449.051365593448
66726.000000000000,-742486.586512871552,-5463053.809802195989,3196451.933503936045
66727.000000000000,-742497.350582013722,-5463050.168527821079,3196454.767167387065
66728.000000000000,-742507.881294761784,-5463046.623720334843,3196457.484764546622
66729.000000000000,-742518.087773639825,-5463043.108771449886,3196460.157057994511
66730.000000000000,-742528.157263409928,-5463039.740664837882,3196462.825842431746
66731.000000000000,-742538.106950856862,-5463036.235842470080,3196465.334405525587
66732.000000000000,-742547.958383141086,-5463032.713751272298,3196467.795756382402
66733.000000000000,-742557.601578348200,-5463029.062202544883,3196470.138799136039
66734.000000000000,-742566.816617071745,-5463025.544553284533,3196472.349330796860
66735.000000000000,-742575.226185649633,-5463022.338742876425,3196474.340966523159
66736.000000000000,-742582.546971285366,-5463019.565536618233,3196476.075404908042
66737.000000000000,-742589.217065304751,-5463017.049658095464,3196477.798028533347
66738.000000000000,-742595.720132792485,-5463014.538927850313,3196479.620840330143
66739.000000000000,-742602.053442888893,-5463011.974853212945,3196481.883552449290
66740.000000000000,-742608.367425627774,-5463009.310722212307,3196484.516863396391
66741.000000000000,-742615.187127251294,-5463006.635432690382,3196487.158448669128
66742.000000000000,-742623.110078672529,-5463003.838876272552,3196489.981339643244
66743.000000000000,-742632.457630070974,-5463000.861599111930,3196492.309051725082
66744.000000000000,-742642.625856800936,-5462998.024399617687,3196494.909074254334
66745.000000000000,-742653.021802415489,-5462994.996492335573,3196497.581312040798
66746.000000000000,-742663.899421941140,-5462992.148680767044,3196500.043371558189
66747.000000000000,-742674.965937438305,-5462989.972617345862,3196503.143482595216
66748.000000000000,-742685.439496865030,-5462987.867979790084,3196506.940394691192
66749.000000000000,-742695.685950882384,-5462985.881729296409,3196510.295083439909
66750.000000000000,-742706.107508373680,-5462983.800641704351,3196513.624782583211
66751.000000000000,-742716.886249593808,-5462981.422004702501,3196517.010873480234
66752.000000000000,-742728.228696952458,-5462978.694507271051,3196520.485906006303
66753.000000000000,-742740.139241246041,-5462975.782653589733,3196523.962129700463
66754.000000000000,-742752.277962095686,-5462972.710979108699,3196527.525112394243
66755.000000000000,-742764.509205797687,-5462969.504696493968,3196531.100370395929
66756.000000000000,-742776.760264345328,-5462965.929584824480,3196534.961636710446
66757.000000000000,-742788.832754476811,-5462962.305544424802,3196538.534561750945
66758.000000000000,-742800.491466810810,-5462958.927218064666,3196542.043879209552
66759.000000000000,-742811.610299469554,-5462955.713866478764,3196545.516187299043
66760.000000000000,-742822.095201136544,-5462952.821725933813,3196548.717550793663
66761.000000000000,-742831.518918556743,-5462950.275515353307,3196551.555025639944
66762.000000000000,-742839.699774367618,-5462948.079411020502,3196554.004381778650
66763.000000000000,-742846.714144881233,-5462946.075109249912,3196556.097014128696
66764.000000000000,-742852.332445731503,-5462944.526537960395,3196557.786913954653
66765.000000000000,-742856.318254963262,-5462943.406539292075,3196559.001282752026
66766.000000000000,-742858.668140336871,-5462942.727909846231,3196559.722476966679
66767.000000000000,-742859.624104828923,-5462942.445392053574,3196560.034495848231
66768.000000000000,-742859.705703885527,-5462942.422066881321,3196560.064472228754
66769.000000000000,-742859.712288488052,-5462942.430025742389,3196560.062716203742
66770.000000000000,-742859.713930022204,-5462942.430572175421,3196560.060354275163
66771.000000000000,-742859.714257780230,-5462942.433066896163,3196560.063646786846
66772.000000000000,-742859.712477326393,-5462942.430951409973,3196560.061363196466
66773.000000000000,-742859.712797143846,-5462942.429475160316,3196560.060396182351
66774.000000000000,-742859.712943529128,-5462942.430263456888,3196560.062358494848
66775.000000000000,-742859.713708053227,-5462942.429695390165,3196560.061592553277
66776.000000000000,-742859.714091338334,-5462942.429879281670,3196560.061908845324
66777.000000000000,-742859.713183930260,-5462942.430834284052,3196560.060656430665
66778.000000000000,-742859.712167653255,-5462942.430110461079,3196560.060707273893
66779.000000000000,-742859.713078613626,-5462942.430138961412,3196560.059045276139
66780.000000000000,-742859.713626320357,-5462942.427819298580,3196560.058748939075
66781.000000000000,-742859.711699531996,-5462942.426619839855,3196560.067769725807
66782.000000000000,-742859.710605588509,-5462942.427952896804,3196560.067962355912
66783.000000000000,-742859.716372319614,-5462942.415590312332,3196560.066677344963
66784.000000000000,-742860.684461228666,-5462942.132204975933,3196560.377448824234
66785.000000000000,-742863.849610015517,-5462941.214026547037,3196561.364085277542
66786.000000000000,-742868.870209846762,-5462939.793447704986,3196562.842318980023
66787.000000000000,-742875.465590572916,-5462937.910441474058,3196564.847907734569
66788.000000000000,-742883.598122538999,-5462935.149520728737,3196567.104475646745
66789.000000000000,-742892.812236308120,-5462932.127567271702,3196569.779566457495
66790.000000000000,-742902.107639886905,-5462928.939951559529,3196572.503378220368
66791.000000000000,-742911.713813382317,-5462925.680275413208,3196575.223233680706
66792.000000000000,-742921.268861862132,-5462922.493493275717,3196577.879069956951
66793.000000000000,-742930.452257918427,-5462919.499452441931,3196580.316891281400
66794.000000000000,-742939.103922014590,-5462916.744709097780,3196582.451526684221
66795.000000000000,-742946.775075462996,-5462914.377126704901,3196584.161146258470
66796.000000000000,-742952.942313729203,-5462912.467892201617,3196585.477756310720
66797.000000000000,-742957.853532107431,-5462910.994611790404,3196586.440204654355
66798.000000000000,-742962.784886134788,-5462909.665659811348,3196587.116119306535
66799.000000000000,-742967.815725225606,-5462909.106123093516,3196586.658305526711
66800.000000000000,-742972.586359088076,-5462909.885017364286,3196584.153055799659
66801.000000000000,-742976.592583680060,-5462912.108441682532,3196579.269580968190
66802.000000000000,-742979.662008979591,-5462915.433279101737,3196572.750256268773
66803.000000000000,-742982.620778427576,-5462919.537893816829,3196564.926019156817
66804.000000000000,-742985.775844136835,-5462924.052449760959,3196556.382860712241
66805.000000000000,-742989.064839725732,-5462928.505487498827,3196547.842511235271
66806.000000000000,-742992.270626065205,-5462932.693224068731,3196539.814213361125
66807.000000000000,-742995.260463126702,-5462936.376508161426,3196532.738684090786
66808.000000000000,-742997.905153169413,-5462939.604641005397,3196526.546392151155
66809.000000000000,-743000.001167839975,-5462942.065105789341,3196521.808702879585
66810.000000000000,-743001.385216620634,-5462943.621795091778,3196518.808264867403
66811.000000000000,-743001.968602530775,-5462944.281200419180,3196517.579686336219
66812.000000000000,-743002.035898629227,-5462944.357237190008,3196517.447581291664
66813.000000000000,-743002.037701343070,-5462944.357605870813,3196517.449311678763
66814.000000000000,-743002.036913707852,-5462944.356823352166,3196517.449346103240
66815.000000000000,-743002.036454943591,-5462944.356620770879,3196517.450103804935
66816.000000000000,-743002.035613821005,-5462944.354995196685,3196517.448810790200
66817.000000000000,-743002.034975821269,-5462944.353300469927,3196517.449929196853
66818.000000000000,-743002.036426717648,-5462944.352920787409,3196517.449599320535
66819.000000000000,-743002.037194844102,-5462944.353492463939,3196517.449718188029
66820.000000000000,-743002.037110999576,-5462944.353714163415,3196517.450745622627
66821.000000000000,-743002.037247092230,-5462944.353842146695,3196517.450484870467
66822.000000000000,-743002.037110877223,-5462944.353454261087,3196517.451136785559
66823.000000000000,-743002.037484786822,-5462944.353987749666,3196517.450375758111
66824.000000000000,-743002.037566475919,-5462944.354123361409,3196517.450928286184
66825.000000000000,-743002.037314335699,-5462944.351977991872,3196517.451503820252
66826.000000000000,-743002.037765193614,-5462944.351013133302,3196517.450540796388
66827.000000000000,-743002.036375886993,-5462944.350291671231,3196517.449866026174
66828.000000000000,-743002.036876540049,-5462944.349667656235,3196517.450955924112
66829.000000000000,-743002.036883830908,-5462944.347815020010,3196517.449527099263
66830.000000000000,-743002.037302619894,-5462944.347765886225,3196517.451153363101
66831.000000000000,-743002.037862414028,-5462944.348589617759,3196517.450916487258
66832.000000000000,-743002.037882204633,-5462944.347567621619,3196517.451207395643
66833.000000000000,-743002.037240907899,-5462944.346575745381,3196517.451135694049
66834.000000000000,-743002.038761214586,-5462944.347651160322,3196517.450885235332
66835.000000000000,-743002.038245296222,-5462944.345812349580,3196517.453379862010
66836.000000000000,-743002.037219408434,-5462944.342825849541,3196517.452465695795
66837.000000000000,-743002.037922168849,-5462944.342541574501,3196517.452823380008
66838.000000000000,-743002.037515498465,-5462944.341166043654,3196517.453230245505
66839.000000000000,-743002.039192564785,-5462944.343376949430,3196517.451130302623
66840.000000000000,-743002.037789313355,-5462944.339554011822,3196517.452937640715
66841.000000000000,-743002.031524586724,-5462944.342468766496,3196517.448664546013
66842.000000000000,-743002.032312217867,-5462944.348304260522,3196517.449413265102
66843.000000000000,-743002.032382400241,-5462944.346999906003,3196517.449746285565
66844.000000000000,-743002.032757848385,-5462944.348124954849,3196517.449357001577
66845.000000000000,-743002.031247594394,-5462944.341704294086,3196517.448833141942
66846.000000000000,-743002.031196066528,-5462944.339692212641,3196517.448915643152
66847.000000000000,-743002.031312361243,-5462944.339427012950,3196517.448626962490
66848.000000000000,-743002.067573999637,-5462944.376021772623,3196517.372114527971
66849.000000000000,-743002.472413608106,-5462944.907931666821,3196516.363275018986
66850.000000000000,-743003.195374235045,-5462946.370550593361,3196513.736306041013
66851.000000000000,-743003.055452474509,-5462948.631488908082,3196510.052034587599
66852.000000000000,-743001.010491432040,-5462951.250238980167,3196506.287865394726
66853.000000000000,-742996.789879099349,-5462954.168724167161,3196502.931246609893
66854.000000000000,-742990.213479303755,-5462956.818042987958,3196500.525319088716
66855.000000000000,-742982.338346798904,-5462959.321058814414,3196498.627346430905
66856.000000000000,-742974.026350523927,-5462961.942370240577,3196496.558814819902
66857.000000000000,-742965.805316271028,-5462964.538337211125,3196494.256146334577
66858.000000000000,-742957.938484983402,-5462967.031321262941,3196491.993849457707
66859.000000000000,-742950.587317324476,-5462969.394925752655,3196489.829587118234
66860.000000000000,-742943.927174102981,-5462971.445236415602,3196487.915478684474
66861.000000000000,-742938.251067157835,-5462973.208774565719,3196486.290234354790
66862.000000000000,-742933.826583347283,-5462974.551146999933,3196485.039852038492
66863.000000000000,-742930.839637879049,-5462975.475321219303,3196484.156450391747
66864.000000000000,-742929.233731081593,-5462975.987390306778,3196483.676880028564
66865.000000000000,-742928.797239328153,-5462976.125769228674,3196483.549528408330
66866.000000000000,-742928.569804750616,-5462976.190376550891,3196483.479961174075
66867.000000000000,-742926.666157832020,-5462976.778235029429,3196482.900634696707
66868.000000000000,-742922.527467124397,-5462978.089363954030,3196481.658024042379
66869.000000000000,-742916.632454919047,-5462980.153302416205,3196479.842716511805
66870.000000000000,-742909.388637517695,-5462982.407374554314,3196477.583952714223
66871.000000000000,-742901.148867374752,-5462984.850634404458,3196475.209641397931
66872.000000000000,-742892.170115731773,-5462987.391292392276,3196472.720250847284
66873.000000000000,-742882.147478683153,-5462990.086650037207,3196469.763487099670
66874.000000000000,-742871.529244042002,-5462993.230358005501,3196466.099692453165
66875.000000000000,-742860.322122573736,-5462996.670008657500,3196461.895952727180
66876.000000000000,-742848.789271889022,-5463000.111339359544,3196457.625363844912
66877.000000000000,-742837.070962550817,-5463003.502123231068,3196453.543809430208
66878.000000000000,-742825.139670874574,-5463006.769138056785,3196449.540765669197
66879.000000000000,-742812.866833067732,-5463010.092016424984,3196445.809709260706
66880.000000000000,-742800.666099800495,-5463013.288582293317,3196441.936782690231
66881.000000000000,-742788.867196746171,-5463016.239872531034,3196438.187209313270
66882.000000000000,-742777.547582649160,-5463019.104877030477,3196434.528782065026
66883.000000000000,-742766.644337931764,-5463021.876706559211,3196430.914033216890
66884.000000000000,-742756.410851370310,-5463024.436427316628,3196427.531692393124
66885.000000000000,-742746.896093260963,-5463026.836162206717,3196424.373780766036
66886.000000000000,-742738.383975657634,-5463028.993548185565,3196421.547011228744
66887.000000000000,-742730.962868322269,-5463030.864847901277,3196419.078826582059
66888.000000000000,-742724.707573671709,-5463032.500494370237,3196416.941673208028
66889.000000000000,-742719.534695720533,-5463033.905937558040,3196415.157804204151
66890.000000000000,-742715.373956929776,-5463035.004984795116,3196413.795241019223
66891.000000000000,-742712.808884047088,-5463035.675454922952,3196413.020285047125
66892.000000000000,-742711.891573580331,-5463035.918186347000,3196412.745454793796
66893.000000000000,-742711.858974022791,-5463035.926169790328,3196412.726514594629
66894.000000000000,-742711.858095047064,-5463035.926955214702,3196412.732364061289
66895.000000000000,-742711.867385474383,-5463035.917671028525,3196412.743177445605
66896.000000000000,-742711.869765556999,-5463035.916653569788,3196412.741954637226
66897.000000000000,-742711.868556439062,-5463035.929539427161,3196412.745594312903
66898.000000000000,-742711.872343607130,-5463035.937927076593,3196412.743234161288
66899.000000000000,-742711.873844549642,-5463035.941530011594,3196412.746124787722
66900.000000000000,-742711.872348114732,-5463035.943182976916,3196412.751176557504
66901.000000000000,-742711.876856897026,-5463035.916248440742,3196412.740663268138
66902.000000000000,-742711.878547999542,-5463035.913102908060,3196412.741061119828
66903.000000000000,-742711.874482525513,-5463035.910999348387,3196412.740847602021
66904.000000000000,-742711.615409867023,-5463035.978556433693,3196412.656140584033
66905.000000000000,-742709.677088154014,-5463036.471810346469,3196412.082811207045
66906.000000000000,-742705.565714567318,-5463037.550920729525,3196410.887325546704
66907.000000000000,-742699.714752953383,-5463039.197777668945,3196409.149863298517
66908.000000000000,-742692.354090397363,-5463041.429520023055,3196406.989520764444
66909.000000000000,-742683.633102903957,-5463044.014184096828,3196404.377652186900
66910.000000000000,-742673.979756606976,-5463046.783417589031,3196401.487279435154
66911.000000000000,-742663.659278119565,-5463050.171415328048,3196398.733321401291
66912.000000000000,-742653.777813191758,-5463053.361496584490,3196395.966760686133
66913.000000000000,-742645.101468347944,-5463056.118416522630,3196393.297175068874
66914.000000000000,-742636.902402043226,-5463058.771777898073,3196390.887821118347
66915.000000000000,-742628.869854050688,-5463061.333197401837,3196388.653904506937
66916.000000000000,-742620.885100944201,-5463064.002888100222,3196386.583303305320
66917.000000000000,-742612.619816059130,-5463066.720930417068,3196384.350769994315
66918.000000000000,-742604.577658905066,-5463069.568665117025,3196381.954981047660
66919.000000000000,-742597.248370686895,-5463072.597806643695,3196379.323386529926
66920.000000000000,-742590.693941635080,-5463075.622025829740,3196376.675143698696
66921.000000000000,-742584.544853514526,-5463078.400291385129,3196374.523162284866
66922.000000000000,-742577.817981646978,-5463081.072852237150,3196372.594726125710
66923.000000000000,-742570.347719996818,-5463083.898200353608,3196370.805783369113
66924.000000000000,-742562.271701710764,-5463086.799758562818,3196368.744744298048
66925.000000000000,-742554.011264783563,-5463089.542368623428,3196366.546809080988
66926.000000000000,-742545.538947484689,-5463092.480384091847,3196364.476023971569
66927.000000000000,-742537.333066924359,-5463095.181423664093,3196362.308842772618
66928.000000000000,-742529.724597253371,-5463097.630985778756,3196360.264698684216
66929.000000000000,-742522.942533088382,-5463099.861882225610,3196358.362148033455
66930.000000000000,-742516.699679478188,-5463101.894320539199,3196356.621556774247
66931.000000000000,-742511.233729474247,-5463103.488538854755,3196355.021378716454
66932.000000000000,-742506.610778670874,-5463104.935419987887,3196353.712419228163
66933.000000000000,-742502.456696139881,-5463106.260025450028,3196352.430855791084
66934.000000000000,-742499.129522689036,-5463107.289905517362,3196351.445962097496
66935.000000000000,-742497.273521332769,-5463107.868486680090,3196350.901892622933
66936.000000000000,-742496.922477072338,-5463107.973937661387,3196350.794113592710
66937.000000000000,-742496.878116678330,-5463107.990218492225,3196350.805989520624
66938.000000000000,-742496.872116040904,-5463107.987207790837,3196350.787872133777
66939.000000000000,-742496.880760865402,-5463107.980835453607,3196350.800818766002
66940.000000000000,-742496.883567002951,-5463107.982995787635,3196350.803393740673
66941.000000000000,-742496.883153991541,-5463107.983747933991,3196350.803247730713
66942.000000000000,-742496.883023227565,-5463107.983519561589,3196350.802190557122
66943.000000000000,-742496.881903827889,-5463107.983705491759,3196350.802166417241
66944.000000000000,-742496.879832722945,-5463107.983624329790,3196350.799493721686
66945.000000000000,-742496.880689855316,-5463107.983797565103,3196350.798842535820
66946.000000000000,-742496.851460789330,-5463107.989423683845,3196350.797312420793
66947.000000000000,-742496.126163326669,-5463108.191884597763,3196350.618342716713
66948.000000000000,-742494.689547933522,-5463108.631583736278,3196350.245501894969
66949.000000000000,-742494.168494806741,-5463108.819133738056,3196350.106018492952
66950.000000000000,-742494.184644435998,-5463108.813310691155,3196350.110241090879
66951.000000000000,-742494.185302061494,-5463108.812567140907,3196350.100211193785
66952.000000000000,-742494.185800657957,-5463108.813907949254,3196350.098946915008
66953.000000000000,-742494.186672879965,-5463108.815369864926,3196350.096677669324
66954.000000000000,-742494.185215452337,-5463108.817108508199,3196350.093642946333
66955.000000000000,-742494.185607531224,-5463108.816631787457,3196350.093425008468
66956.000000000000,-742494.185749058612,-5463108.816933599301,3196350.093531799503
66957.000000000000,-742494.186110523646,-5463108.812709127553,3196350.095454280730
66958.000000000000,-742494.184710596805,-5463108.815696680918,3196350.093798928894
66959.000000000000,-742494.185833850992,-5463108.818036832847,3196350.095821353141
66960.000000000000,-742494.047384976409,-5463108.853641180322,3196350.059319927357
66961.000000000000,-742493.121545705479,-5463109.125103886239,3196349.835640401579
66962.000000000000,-742491.256729746237,-5463109.700793208554,3196349.339151796885
66963.000000000000,-742488.221758120344,-5463110.641759942286,3196348.577777316328
66964.000000000000,-742484.838658368448,-5463111.751619477756,3196347.502595823258
66965.000000000000,-742480.932433478418,-5463113.247372569516,3196345.885323663708
66966.000000000000,-742477.288080190774,-5463115.142440038733,3196343.417685365770
66967.000000000000,-742474.791912994348,-5463117.701389110647,3196339.334538653959
66968.000000000000,-742474.307678961777,-5463120.743596382439,3196334.065422668587
66969.000000000000,-742475.686236601672,-5463123.926171986386,3196327.877814652398
66970.000000000000,-742478.166587736690,-5463127.171443431638,3196321.009731682017
66971.000000000000,-742481.592262448277,-5463130.351220260374,3196313.515786846168
66972.000000000000,-742485.414398273453,-5463133.661884208210,3196306.364317998290
66973.000000000000,-742489.141498974408,-5463136.592892493121,3196300.079721287359
66974.000000000000,-742492.606045827852,-5463138.821067500859,3196294.623424275778
66975.000000000000,-742495.277207145584,-5463140.840749992058,3196290.330220542848
66976.000000000000,-742497.012542185723,-5463142.382499088533,3196287.170072815847
66977.000000000000,-742497.924720709678,-5463143.400625510141,3196285.182820793707
66978.000000000000,-742498.313853471307,-5463143.887030374259,3196284.262290319428
66979.000000000000,-742498.338433735538,-5463143.937034834176,3196284.161650369409
66980.000000000000,-742498.322445361642,-5463143.934263919480,3196284.177849426400
66981.000000000000,-742498.323977417545,-5463143.930799580179,3196284.174406928942
66982.000000000000,-742498.324563781032,-5463143.929507428780,3196284.175858279690
66983.000000000000,-742498.326269257814,-5463143.929922570474,3196284.175559955183
66984.000000000000,-742498.327443395159,-5463143.929969572462,3196284.174118333962
66985.000000000000,-742498.274779492756,-5463143.823853917420,3196284.131214969791
66986.000000000000,-742498.278648346779,-5463143.822713109665,3196284.132076245733
66987.000000000000,-742498.277283440577,-5463143.823626138270,3196284.133049414959
66988.000000000000,-742498.278247933486,-5463143.825970151462,3196284.133151040878
66989.000000000000,-742498.278837396298,-5463143.826661043800,3196284.134558036923
66990.000000000000,-742498.275891746976,-5463143.827180717140,3196284.137741497718
66991.000000000000,-742498.285801719874,-5463143.832288348116,3196284.134774839971
66992.000000000000,-742498.284548612661,-5463143.832841953263,3196284.135464253370
66993.000000000000,-742498.287396291504,-5463143.835995343514,3196284.137442424428
66994.000000000000,-742498.287861401099,-5463143.837422531098,3196284.135514102411
66995.000000000000,-742498.287203476648,-5463143.838433542289,3196284.137870831881
66996.000000000000,-742498.287983297836,-5463143.840163011104,3196284.137374737300
66997.000000000000,-742498.288977439050,-5463143.842377137393,3196284.138722777832
66998.000000000000,-742498.291807941976,-5463143.845767019317,3196284.138852633070
66999.000000000000,-742498.292375461082,-5463143.845672121271,3196284.137692654505
67000.000000000000,-742498.289549675421,-5463143.844554583542,3196284.141383617185
67001.000000000000,-742498.290855474188,-5463143.844774368219,3196284.142184591386
67002.000000000000,-742498.292129409499,-5463143.844578186050,3196284.140810672659
67003.000000000000,-742498.293252056348,-5463143.848169701174,3196284.141989793163
67004.000000000000,-742498.295862410334,-5463143.849003678188,3196284.141793113668
67005.000000000000,-742498.292175432318,-5463143.847075163387,3196284.142817292362
67006.000000000000,-742498.294313870370,-5463143.849351067096,3196284.144080616068
67007.000000000000,-742498.293934690068,-5463143.848764542490,3196284.142658237368
67008.000000000000,-742498.289410747588,-5463143.844733191654,3196284.144720513839
67009.000000000000,-742498.296106123598,-5463143.849067233503,3196284.144810935948
67010.000000000000,-742498.295633684960,-5463143.844849038869,3196284.145195615478
67011.000000000000,-742498.296949289273,-5463143.843396953307,3196284.146394058596
67012.000000000000,-742498.296432101051,-5463143.847083621658,3196284.148142775055
67013.000000000000,-742498.293432042003,-5463143.846234573983,3196284.149261788931
67014.000000000000,-742498.297443218180,-5463143.849681109190,3196284.149105109274
67015.000000000000,-742498.303324997658,-5463143.852352906018,3196284.148416159209
67016.000000000000,-742498.302002350916,-5463143.851073998027,3196284.150811010972
67017.000000000000,-742498.301979723386,-5463143.850187223405,3196284.149736839812
67018.000000000000,-742498.369992579217,-5463143.934928074479,3196284.050513135269
67019.000000000000,-742498.499202018371,-5463144.114948056638,3196283.719628242310
67020.000000000000,-742498.800082650152,-5463144.533322538249,3196282.894914868288
67021.000000000000,-742499.527068423922,-5463145.564307190478,3196280.950439809822
67022.000000000000,-742500.531216338859,-5463146.948145349510,3196278.320533750579
67023.000000000000,-742501.533523060498,-5463148.305658247322,3196275.759359732270
67024.000000000000,-742502.601246394799,-5463149.671073519625,3196273.151946263853
67025.000000000000,-742503.664894294459,-5463150.962570538744,3196270.662877459079
67026.000000000000,-742504.696262183832,-5463152.138723897748,3196268.326133897528
67027.000000000000,-742506.009374104207,-5463153.397597371601,3196265.828957525548
67028.000000000000,-742508.140170421801,-5463154.672698806040,3196263.325085266959
67029.000000000000,-742511.784412678215,-5463155.437912044115,3196261.583187900484
67030.000000000000,-742516.596609574626,-5463155.315785852261,3196261.145976187661
67031.000000000000,-742522.462588983122,-5463154.362425424159,3196261.823419183493
67032.000000000000,-742529.543606628431,-5463152.738021609373,3196263.383590186480
67033.000000000000,-742537.812938289600,-5463150.758172235452,3196265.192057293374
67034.000000000000,-742546.506530870101,-5463148.673313722946,3196266.918226023205
67035.000000000000,-742555.232011524728,-5463146.424783245660,3196268.796715275850
67036.000000000000,-742563.619815892424,-5463144.187165121548,3196270.802242632955
67037.000000000000,-742570.977135674562,-5463141.998266736977,3196272.636105280370
67038.000000000000,-742577.068623208441,-5463140.130289836787,3196274.119017438032
67039.000000000000,-742582.035431277822,-5463138.113896089606,3196274.662102502305
67040.000000000000,-742585.483322683256,-5463136.929884943180,3196275.671508605592
67041.000000000000,-742587.590475812322,-5463136.178296333179,3196276.249067711644
67042.000000000000,-742588.738105747034,-5463135.759094251320,3196276.585966586135
67043.000000000000,-742589.026366395992,-5463135.657122642733,3196276.700882100966
67044.000000000000,-742589.029887735145,-5463135.646663133055,3196276.668996696826
67045.000000000000,-742589.017648929264,-5463135.661956440657,3196276.673357276712
67046.000000000000,-742589.025031283149,-5463135.664234856144,3196276.666696059518
67047.000000000000,-742588.995409596828,-5463135.680662527680,3196276.711406427901
67048.000000000000,-742588.997687174240,-5463135.683401543647,3196276.711008276790
67049.000000000000,-742588.998584412737,-5463135.685152505524,3196276.711100312881
67050.000000000000,-742589.001688701683,-5463135.689179254696,3196276.709960371722
67051.000000000000,-742589.005533587653,-5463135.671899713576,3196276.703938439954
67052.000000000000,-742589.005594499991,-5463135.669499764219,3196276.702530598268
67053.000000000000,-742589.003711663419,-5463135.667537638918,3196276.701260537375
67054.000000000000,-742589.006041278248,-5463135.665706523694,3196276.703234950081
67055.000000000000,-742589.078867534758,-5463135.641524306498,3196276.718448328320
67056.000000000000,-742590.800029710052,-5463135.029155437835,3196277.259462120011
67057.000000000000,-742594.361983146751,-5463133.766191161238,3196278.320033843629
67058.000000000000,-742599.413935135235,-5463132.049357747659,3196279.807873468846
67059.000000000000,-742605.528809601441,-5463130.030505361967,3196281.537365097553
67060.000000000000,-742612.568267149152,-5463127.533804423176,3196283.322249636520
67061.000000000000,-742620.053126212209,-5463124.686123913154,3196285.295576401986
67062.000000000000,-742628.124532384565,-5463121.603419469669,3196287.445199145470
67063.000000000000,-742636.662958776928,-5463118.421003145166,3196289.633314678911
67064.000000000000,-742645.320848264499,-5463115.326192252338,3196291.905837810598
67065.000000000000,-742653.856808504905,-5463112.232631318271,3196294.271909826435
67066.000000000000,-742661.932346808142,-5463109.132152940147,3196296.888865466230
67067.000000000000,-742669.644495867309,-5463106.312117115594,3196299.686932201963
67068.000000000000,-742676.509691835614,-5463103.856704926118,3196302.149574964773
67069.000000000000,-742682.529552033637,-5463101.819490441121,3196304.074906190392
67070.000000000000,-742687.639120851178,-5463100.168085025623,3196305.689756357111
67071.000000000000,-742691.799924120423,-5463098.832727571018,3196306.955553552601
67072.000000000000,-742694.837337479345,-5463097.873345625587,3196307.832623148803
67073.000000000000,-742696.961113929283,-5463097.175725703128,3196308.471443549730
67074.000000000000,-742698.415191073203,-5463096.686436620541,3196308.943970382679
67075.000000000000,-742699.297572094132,-5463096.401510014199,3196309.179324823897
67076.000000000000,-742700.118379268795,-5463096.145484280773,3196309.430146696977
67077.000000000000,-742700.934157775017,-5463095.885280796327,3196309.702177097555
67078.000000000000,-742702.886889052810,-5463095.234233384952,3196310.267743046395
67079.000000000000,-742706.459989026538,-5463094.083909290843,3196311.251553817652
67080.000000000000,-742711.544438071316,-5463092.445548890159,3196312.727920592763
67081.000000000000,-742717.996799665736,-5463090.408555279486,3196314.797370274086
67082.000000000000,-742725.340849502827,-5463088.333759185858,3196317.115362251643
67083.000000000000,-742733.491658204817,-5463086.053846704774,3196319.385846333578
67084.000000000000,-742742.241375081358,-5463083.656147681177,3196321.736651500221
67085.000000000000,-742751.335457433364,-5463081.491750537418,3196324.353452875279
67086.000000000000,-742760.515622526873,-5463079.535871164873,3196327.466779843438
67087.000000000000,-742769.666392412619,-5463077.548724981956,3196330.614188174251
67088.000000000000,-742778.642543622060,-5463075.590444833972,3196333.689713953529
67089.000000000000,-742787.457202566206,-5463073.684953285381,3196336.718744677957
67090.000000000000,-742796.479135117726,-5463071.714181355201,3196339.809476106428
67091.000000000000,-742806.005186039605,-5463069.529075189494,3196343.022961694282
67092.000000000000,-742815.514762968756,-5463067.322070233524,3196346.095840359107
67093.000000000000,-742824.195776397828,-5463065.304247440770,3196348.747080048546
67094.000000000000,-742832.356962233549,-5463063.073589815758,3196351.206707397941
67095.000000000000,-742840.869264401845,-5463060.655863162130,3196353.748445845675
67096.000000000000,-742849.415977171971,-5463058.263754543848,3196356.000715054106
67097.000000000000,-742858.468733201153,-5463055.893380695954,3196357.890347769950
67098.000000000000,-742868.141762016108,-5463053.368055353872,3196359.856730159372
67099.000000000000,-742877.882914585294,-5463050.774058799259,3196362.005518433172
67100.000000000000,-742886.924729609513,-5463048.247724036686,3196364.315724943299
67101.000000000000,-742895.175068700104,-5463045.821039095521,3196366.533781010192
67102.000000000000,-742902.630581000121,-5463043.581008787267,3196368.588430845179
67103.000000000000,-742908.962469532853,-5463041.677475200035,3196370.412428202573
67104.000000000000,-742914.114655404817,-5463040.098102109507,3196371.902771016583
67105.000000000000,-742918.264278321643,-5463038.814622808248,3196373.101656362880
67106.000000000000,-742921.697600905201,-5463037.771091822535,3196374.139140979387
67107.000000000000,-742924.284385969746,-5463036.983398499899,3196374.922399400268
67108.000000000000,-742926.094243397471,-5463036.390905627050,3196375.459756074008
67109.000000000000,-742927.231229263009,-5463036.030543459579,3196375.797949021682
67110.000000000000,-742927.672423376353,-5463035.908817435615,3196375.944927196018
67111.000000000000,-742927.692444186774,-5463035.875991780311,3196375.909772307612
67112.000000000000,-742927.692929151235,-5463035.868422369473,3196375.901236777660
67113.000000000000,-742927.689029561821,-5463035.871152316220,3196375.903303802945
67114.000000000000,-742927.689496175852,-5463035.870592758060,3196375.902276474051
67115.000000000000,-742927.688244815567,-5463035.868800379336,3196375.900267745834
67116.000000000000,-742927.685434052255,-5463035.875945948996,3196375.904380115680
67117.000000000000,-742927.687938002637,-5463035.869619145989,3196375.901709149126
67118.000000000000,-742927.686693508876,-5463035.872803783044,3196375.903239759617
67119.000000000000,-742927.684792759945,-5463035.877020867541,3196375.906769149005
67120.000000000000,-742927.684567473014,-5463035.881244319491,3196375.908236052841
67121.000000000000,-742927.684982100967,-5463035.879502559081,3196375.907430222724
67122.000000000000,-742927.685828657937,-5463035.876755122095,3196375.906453433912
67123.000000000000,-742927.690621618298,-5463035.877553950064,3196375.910059553105
67124.000000000000,-742927.865851462819,-5463035.829235208221,3196375.965696265921
67125.000000000000,-742928.089636426885,-5463035.767725399695,3196376.047304915730
67126.000000000000,-742928.274813454715,-5463035.704859021120,3196376.096534106415
67127.000000000000,-742928.627203414682,-5463035.584185907617,3196376.210250636097
67128.000000000000,-742930.045755560626,-5463035.199619377963,3196376.668060674798
67129.000000000000,-742933.403059958830,-5463034.158488962799,3196377.641170571558
67130.000000000000,-742938.530151772080,-5463032.584231156856,3196378.998391855042
67131.000000000000,-742944.544974244782,-5463030.760431150906,3196380.652462600730
67132.000000000000,-742951.165466922568,-5463028.966407989152,3196382.582206985448
67133.000000000000,-742958.496382941026,-5463026.787912813947,3196384.756788099185
67134.000000000000,-742966.154710616102,-5463024.387033523060,3196386.992155965418
67135.000000000000,-742974.466356620076,-5463021.895914254710,3196389.573501106352
67136.000000000000,-742983.125264448463,-5463019.350693265907,3196392.266360710375
67137.000000000000,-742991.460272379452,-5463016.891065008938,3196394.831492695492
67138.000000000000,-742998.692651145975,-5463014.764468434267,3196396.967181839515
67139.000000000000,-743004.802637192537,-5463012.971703647636,3196398.750378088560
67140.000000000000,-743010.176647852873,-5463011.358515304513,3196400.301771349739
67141.000000000000,-743014.572691006470,-5463009.999669026583,3196401.628310504369
67142.000000000000,-743017.735619271290,-5463009.065018336289,3196402.548544012941
67143.000000000000,-743019.790293882950,-5463008.434652877040,3196403.147976877633
67144.000000000000,-743021.110694939736,-5463008.015374717303,3196403.551417960320
67145.000000000000,-743021.848318476696,-5463007.801654112525,3196403.794956482016
67146.000000000000,-743021.944234514958,-5463007.773768001236,3196403.843295741361
67147.000000000000,-743021.943251032848,-5463007.774698061869,3196403.838770329952
67148.000000000000,-743021.943376977113,-5463007.774848764762,3196403.838619903196
67149.000000000000,-743021.945353762945,-5463007.781632604077,3196403.839564793743
67150.000000000000,-743021.945618626662,-5463007.780705813318,3196403.836655917112
67151.000000000000,-743021.944673480466,-5463007.783405064605,3196403.837526881602
67152.000000000000,-743021.946431940189,-5463007.783195122145,3196403.838220120873
67153.000000000000,-743021.947584136855,-5463007.782069771551,3196403.836341217626
67154.000000000000,-743021.948145334143,-5463007.783238071017,3196403.837565832306
67155.000000000000,-743021.950166611234,-5463007.782830175012,3196403.832783978432
67156.000000000000,-743021.948328255676,-5463007.783708746545,3196403.833571909927
67157.000000000000,-743021.949514189735,-5463007.783546852879,3196403.833397259004
67158.000000000000,-743021.949267653283,-5463007.783506214619,3196403.833931855392
67159.000000000000,-743021.950075775734,-5463007.783063394018,3196403.833819200285
67160.000000000000,-743022.140136744943,-5463007.722742524929,3196403.893178267404
67161.000000000000,-743023.178013771074,-5463007.419685316272,3196404.208619017154
67162.000000000000,-743025.110827286262,-5463006.883258138783,3196404.699691294692
67163.000000000000,-743027.347680373932,-5463006.220944821835,3196405.300402097870
67164.000000000000,-743029.304005210754,-5463005.606887041591,3196405.880543278530
67165.000000000000,-743030.535930216429,-5463005.245101756416,3196406.245362306945
67166.000000000000,-743030.758418933139,-5463005.164639519528,3196406.318896163721
67167.000000000000,-743030.973072918714,-5463005.106301774271,3196406.375925857108
67168.000000000000,-743031.726725209621,-5463004.885662022047,3196406.605041415431
67169.000000000000,-743032.680807723082,-5463004.595501370728,3196406.886841783300
67170.000000000000,-743033.540205809986,-5463004.376540740952,3196407.119639598299
67171.000000000000,-743033.610209425096,-5463004.352608875372,3196407.131111184601
67172.000000000000,-743033.612277101609,-5463004.352314860560,3196407.130456817802
67173.000000000000,-743033.614746687817,-5463004.354648629203,3196407.137890419457
67174.000000000000,-743033.710667220992,-5463004.331779962406,3196407.142352201045
67175.000000000000,-743034.533038683818,-5463004.112912439741,3196407.348481249996
67176.000000000000,-743037.155866761226,-5463003.491710237227,3196407.869169827085
67177.000000000000,-743040.971721121925,-5463002.726882096380,3196408.394443877507
67178.000000000000,-743045.606951586902,-5463002.198652128689,3196408.110972656868
67179.000000000000,-743050.440814859583,-5463002.584245219827,3196406.007000204641
67180.000000000000,-743054.730310979532,-5463004.184970142320,3196401.631943841930
67181.000000000000,-743057.949934245436,-5463006.926764931530,3196395.039952083491
67182.000000000000,-743060.954870134476,-5463010.388489131816,3196386.747326265555
67183.000000000000,-743064.633946605260,-5463014.297852755524,3196377.209029238671
67184.000000000000,-743068.624901160249,-5463018.539140130393,3196367.065347611904
67185.000000000000,-743072.713524891064,-5463022.849848296493,3196357.039019902237
67186.000000000000,-743076.984936906956,-5463027.041239887476,3196347.844603382517
67187.000000000000,-743080.272227516049,-5463030.604054392315,3196339.725522588473
67188.000000000000,-743082.698858179036,-5463033.513508734293,3196333.236301047727
67189.000000000000,-743083.342525934684,-5463036.202268895693,3196327.936383946799
67190.000000000000,-743081.580852716463,-5463038.923931108788,3196323.263416004367
67191.000000000000,-743077.619935525698,-5463041.923300801776,3196319.672511671670
67192.000000000000,-743072.192581199808,-5463044.780034483410,3196316.900953435805
67193.000000000000,-743065.429067735095,-5463047.554784858599,3196314.694280629978
67194.000000000000,-743057.570509918616,-5463050.460696349852,3196312.441315270029
67195.000000000000,-743049.349101768690,-5463053.362709389068,3196310.084571119398
67196.000000000000,-743041.588202965329,-5463056.009986329824,3196307.901444188319
67197.000000000000,-743034.508240274386,-5463058.410736003891,3196305.959578228183
67198.000000000000,-743028.897494285251,-5463060.341805942357,3196304.290123309940
67199.000000000000,-743024.711016357411,-5463061.725149333477,3196303.059664741624
67200.000000000000,-743021.694017528207,-5463062.672571187839,3196302.189615262207
67201.000000000000,-743019.567985248286,-5463063.315429931507,3196301.583080165554
67202.000000000000,-743018.070857548504,-5463063.809471622109,3196301.133059626911
67203.000000000000,-743017.325916774920,-5463064.014836121351,3196300.902898907196
67204.000000000000,-743017.126231186790,-5463064.082567377947,3196300.848033635877
67205.000000000000,-743017.130701953778,-5463064.087688600644,3196300.853158094920
67206.000000000000,-743017.131888524513,-5463064.086489185691,3196300.854269587435
67207.000000000000,-743017.106579492218,-5463064.096652789973,3196300.845619651023
67208.000000000000,-743016.954561739578,-5463064.142067076638,3196300.811109170783
67209.000000000000,-743016.548788518994,-5463064.277534523979,3196300.691069752444
67210.000000000000,-743015.740030583576,-5463064.544825851917,3196300.449611604214
67211.000000000000,-743013.782915919437,-5463065.181658588350,3196299.878059778363
67212.000000000000,-743012.223898772965,-5463065.660706374794,3196299.413218367379
67213.000000000000,-743010.511744335643,-5463066.199063693173,3196298.943926498760
67214.000000000000,-743008.225131041720,-5463066.875835695304,3196298.285066423006
67215.000000000000,-743004.112406863715,-5463068.112690675072,3196297.154041897971
67216.000000000000,-742998.454512452590,-5463069.861766701564,3196295.778792074416
67217.000000000000,-742991.573737374740,-5463071.914978622459,3196294.048854448833
67218.000000000000,-742984.036671978422,-5463073.992075999267,3196291.922621360980
67219.000000000000,-742976.693684890168,-5463076.185898675583,3196289.779415461700
67220.000000000000,-742969.314449583064,-5463078.292143223807,3196287.476863863412
67221.000000000000,-742961.926852765959,-5463080.349696193822,3196285.184026452713
67222.000000000000,-742954.717486344744,-5463082.387646703050,3196282.950880020857
67223.000000000000,-742947.836777252262,-5463084.317687876523,3196280.825695331674
67224.000000000000,-742941.530419146642,-5463086.093012453988,3196278.861181106884
67225.000000000000,-742936.003507495276,-5463087.634931570850,3196277.099594720174
67226.000000000000,-742931.568844506051,-5463088.905032469891,3196275.779415035620
67227.000000000000,-742928.159840413136,-5463089.819001631811,3196274.778465047479
67228.000000000000,-742925.427066408331,-5463090.529506542720,3196273.931649716105
67229.000000000000,-742923.480486731976,-5463091.059990147129,3196273.320696612354
67230.000000000000,-742922.432433852926,-5463091.348794321530,3196272.998248509597
67231.000000000000,-742922.024243853753,-5463091.463355335407,3196272.865909558721
67232.000000000000,-742921.431797093013,-5463091.617638316937,3196272.686624915339
67233.000000000000,-742920.135104266461,-5463091.973117914051,3196272.278087951709
67234.000000000000,-742917.726785406121,-5463092.692681785673,3196271.514648312703
67235.000000000000,-742914.360612733872,-5463093.649217817932,3196270.415018082596
67236.000000000000,-742909.956090582302,-5463094.852468820289,3196269.014455376193
67237.000000000000,-742904.407744937809,-5463096.375410120934,3196267.326003826223
67238.000000000000,-742898.100654738955,-5463098.162561745383,3196265.399399064481
67239.000000000000,-742891.151452314574,-5463100.170914432965,3196263.300910582300
67240.000000000000,-742883.614544214797,-5463102.336072784849,3196260.940386960283
67241.000000000000,-742875.730514143244,-5463104.561436759308,3196258.577842549887
67242.000000000000,-742867.461451825569,-5463106.809009961784,3196256.016962547787
67243.000000000000,-742858.794099846040,-5463109.249335085042,3196253.324600435793
67244.000000000000,-742850.091457209899,-5463111.683246427216,3196250.609580440447
67245.000000000000,-742841.254964212188,-5463114.123858643696,3196247.944355362095
67246.000000000000,-742832.432089549256,-5463116.484124587849,3196245.333960579708
67247.000000000000,-742824.485664839507,-5463118.710576209240,3196243.013257218990
67248.000000000000,-742817.747337618493,-5463120.599374853075,3196240.945705689956
67249.000000000000,-742812.162028596387,-5463122.195029336028,3196239.269310845062
67250.000000000000,-742807.706494326587,-5463123.501573984511,3196237.925595713314
67251.000000000000,-742804.335466821212,-5463124.479904945008,3196236.911385742947
67252.000000000000,-742802.142618985032,-5463125.092376465909,3196236.233775192406
67253.000000000000,-742800.929999536020,-5463125.445247509517,3196235.860912570264
67254.000000000000,-742800.701964766835,-5463125.542238536291,3196235.787965994328
67255.000000000000,-742800.737424962805,-5463125.524317632429,3196235.798041974660
67256.000000000000,-742800.737631589407,-5463125.530842837878,3196235.807112203445
67257.000000000000,-742800.744431744097,-5463125.529863459989,3196235.816046789754
67258.000000000000,-742800.754445080413,-5463125.524642153643,3196235.824681093451
67259.000000000000,-742800.765583524131,-5463125.518973093480,3196235.837217952125
67260.000000000000,-742800.773883466260,-5463125.514958854765,3196235.847825237550
67261.000000000000,-742800.778831919655,-5463125.520920221694,3196235.857326473575
67262.000000000000,-742800.786715408904,-5463125.514840075746,3196235.866466883104
67263.000000000000,-742800.434581208974,-5463125.607080711052,3196235.761579731945
67264.000000000000,-742798.876962181064,-5463126.013990425505,3196235.269593209028
67265.000000000000,-742795.811217806069,-5463126.843298258260,3196234.309517161921
67266.000000000000,-742791.571194356889,-5463127.989450223744,3196232.994004328270
67267.000000000000,-742786.405769069912,-5463129.362358093262,3196231.444912539329
67268.000000000000,-742780.710476440378,-5463130.946091195568,3196229.718176728114
67269.000000000000,-742774.200943883276,-5463132.936022193171,3196227.860590614378
67270.000000000000,-742767.341591872042,-5463135.021818225272,3196225.835710770451
67271.000000000000,-742760.512356232852,-5463137.052574857138,3196223.741022779141
67272.000000000000,-742753.319639500929,-5463139.128919767216,3196221.720934763551
67273.000000000000,-742745.512782089296,-5463141.662829762325,3196219.733519586734
67274.000000000000,-742737.549384785001,-5463144.070656242780,3196217.629646247718
67275.000000000000,-742729.302756690187,-5463146.567617601715,3196215.373142493889
67276.000000000000,-742720.983853206504,-5463149.129962141626,3196213.094803358428
67277.000000000000,-742712.685583789251,-5463151.518481758423,3196210.802888444625
67278.000000000000,-742704.547117173322,-5463154.025165852159,3196208.634689548984
67279.000000000000,-742696.502759443130,-5463156.623148653656,3196206.472750963643
67280.000000000000,-742688.865326585132,-5463159.330505381338,3196204.507303789724
67281.000000000000,-742681.528619734338,-5463161.850450544618,3196202.609889910091
67282.000000000000,-742674.267110153916,-5463164.911925862543,3196200.668601153884
67283.000000000000,-742667.157896374469,-5463167.454776594415,3196198.600205439143
67284.000000000000,-742659.829222254688,-5463170.185286363587,3196196.578425349202
67285.000000000000,-742652.405757625587,-5463173.099417412654,3196194.550427914131
67286.000000000000,-742645.226696039201,-5463175.900643036701,3196192.733380345162
67287.000000000000,-742637.893030097359,-5463178.700721247122,3196190.800328777637
67288.000000000000,-742630.330853025662,-5463181.606750621460,3196188.828215012327
67289.000000000000,-742622.748405770864,-5463184.942441696301,3196187.036412243731
67290.000000000000,-742614.879403251340,-5463188.247868301347,3196184.825273142662
67291.000000000000,-742606.489812432323,-5463191.716472660191,3196182.225890384521
67292.000000000000,-742597.336865110323,-5463195.323976251297,3196179.385148544796
67293.000000000000,-742588.001651817118,-5463198.656670132652,3196176.426061820239
67294.000000000000,-742578.882390632061,-5463201.545505209826,3196173.750304093584
67295.000000000000,-742570.719815228367,-5463204.092526150867,3196170.955637989100
67296.000000000000,-742564.091179990908,-5463206.083781643771,3196168.659242189955
67297.000000000000,-742558.621131318505,-5463207.415252601728,3196166.657819811720
67298.000000000000,-742554.775055835838,-5463209.289846128784,3196163.398111032788
67299.000000000000,-742552.943130877567,-5463210.853439850733,3196157.774255179800
67300.000000000000,-742553.507381377509,-5463213.190996893682,3196151.865959379822
67301.000000000000,-742555.529094589059,-5463215.621418420225,3196145.183274040464
67302.000000000000,-742558.640312534757,-5463218.253036238253,3196137.577553563751
67303.000000000000,-742562.561288309167,-5463221.124674224295,3196129.227203461807
67304.000000000000,-742566.672317286488,-5463224.382988720201,3196120.542689998634
67305.000000000000,-742570.616887101904,-5463227.966297609732,3196111.883235972375
67306.000000000000,-742574.276244551525,-5463231.624846729450,3196103.751581709366
67307.000000000000,-742577.366969268653,-5463234.925925404765,3196096.756929866038
67308.000000000000,-742579.828829344013,-5463237.695615622215,3196090.953757565003
67309.000000000000,-742581.768496940495,-5463239.953657765873,3196086.347388578579
67310.000000000000,-742583.586596980575,-5463241.787090942264,3196082.750717235729
67311.000000000000,-742586.315062940004,-5463243.020682236180,3196079.939202706795
67312.000000000000,-742590.726339231245,-5463243.443311018869,3196078.168037150986
67313.000000000000,-742596.331647162442,-5463242.748720700853,3196078.165925401729
67314.000000000000,-742602.493771061767,-5463241.182320499793,3196079.503744773101
67315.000000000000,-742609.559924515896,-5463239.143507725559,3196081.414396555629
67316.000000000000,-742617.527483639424,-5463236.826748827472,3196083.618140861392
67317.000000000000,-742625.470592143130,-5463234.456370826811,3196085.832237016875
67318.000000000000,-742633.169051946606,-5463232.200604958460,3196088.019697338343
67319.000000000000,-742640.515851038392,-5463230.010210811161,3196090.150920447893
67320.000000000000,-742647.347669876879,-5463227.921976057813,3196092.167282353155
67321.000000000000,-742653.345829183818,-5463226.085105734877,3196093.926241683308
67322.000000000000,-742658.335436884663,-5463224.588831822388,3196095.314392349217
67323.000000000000,-742662.340072041843,-5463223.397792878561,3196096.384817048442
67324.000000000000,-742665.118603455368,-5463222.577982285060,3196097.149851199239
67325.000000000000,-742666.627696729032,-5463222.123157707974,3196097.585197605193
67326.000000000000,-742667.207504178863,-5463221.943751516752,3196097.730762478895
67327.000000000000,-742667.243995603756,-5463221.892254988663,3196097.701885056682
67328.000000000000,-742667.272366284858,-5463221.859201346524,3196097.682693686336
67329.000000000000,-742667.404471749789,-5463221.828107461333,3196097.681573772337
67330.000000000000,-742668.694762491970,-5463221.480416830629,3196097.992330251262
67331.000000000000,-742671.903430719743,-5463220.531182998791,3196098.846888962202
67332.000000000000,-742676.695149385720,-5463219.084658490494,3196100.188739963807
67333.000000000000,-742682.901313111768,-5463217.280688878149,3196101.915544266813
67334.000000000000,-742689.939683039207,-5463215.143290761858,3196103.935600413941
67335.000000000000,-742697.631892033503,-5463212.817671684548,3196106.155995197594
67336.000000000000,-742705.846438662498,-5463210.343751718290,3196108.466331749689
67337.000000000000,-742713.863821176463,-5463208.044991930947,3196110.692674908787
67338.000000000000,-742721.555289824028,-5463205.808333560824,3196112.835902481340
67339.000000000000,-742728.874907000689,-5463203.674539942294,3196114.872045174241
67340.000000000000,-742735.772637868416,-5463201.595037031919,3196116.805933180265
67341.000000000000,-742742.258235405665,-5463199.520641668700,3196118.690980526153
67342.000000000000,-742748.556622440228,-5463197.869480059482,3196120.585703674704
67343.000000000000,-742755.357858897420,-5463195.827694382519,3196122.668408846017
67344.000000000000,-742762.617897809716,-5463193.646718397737,3196124.888861724176
67345.000000000000,-742770.355444661574,-5463191.371443844400,3196127.219426173251
67346.000000000000,-742778.243843349861,-5463189.045348500833,3196129.568001604639
67347.000000000000,-742785.891531229136,-5463186.796885969117,3196131.808389875572
67348.000000000000,-742793.428762885858,-5463184.547595543787,3196134.045694270637
67349.000000000000,-742800.726606227690,-5463182.363910754211,3196136.236883058213
67350.000000000000,-742807.818232057150,-5463180.281561608426,3196138.309814470354
67351.000000000000,-742814.846405489487,-5463178.107297586277,3196140.320000528824
67352.000000000000,-742821.746739038848,-5463176.068372640759,3196142.406654428691
67353.000000000000,-742828.730224242550,-5463174.195393123664,3196144.637531696819
67354.000000000000,-742835.915659170598,-5463172.293686756864,3196146.906968526077
67355.000000000000,-742843.053684031242,-5463170.578308247961,3196149.192401817068
67356.000000000000,-742849.943595236400,-5463168.645423213951,3196151.255183742382
67357.000000000000,-742856.741997387959,-5463166.788153915666,3196153.150618605316
67358.000000000000,-742863.882931223605,-5463164.950254895724,3196154.926972580608
67359.000000000000,-742871.182177526294,-5463163.252313054167,3196156.500414073467
67360.000000000000,-742878.942957158317,-5463161.492032328621,3196158.096132741310
67361.000000000000,-742886.793257337529,-5463159.645630254410,3196159.859894513618
67362.000000000000,-742894.713299689000,-5463157.578848728910,3196161.899854184594
67363.000000000000,-742902.574771581218,-5463155.338147704490,3196164.036338073667
67364.000000000000,-742910.292612893623,-5463152.702908616513,3196166.166895040311
67365.000000000000,-742917.859769054456,-5463150.411271050572,3196168.300540934782
67366.000000000000,-742925.276618588134,-5463148.155094109476,3196170.517531510908
67367.000000000000,-742933.017788185040,-5463145.867610299028,3196172.729148652870
67368.000000000000,-742940.480226078536,-5463143.678197942674,3196174.935448085424
67369.000000000000,-742947.858500849339,-5463141.496474451385,3196177.206523293164
67370.000000000000,-742955.137489701970,-5463139.459072265774,3196179.378526579589
67371.000000000000,-742961.907440464362,-5463137.552467691712,3196181.416997458320
67372.000000000000,-742967.905005294364,-5463135.783721908927,3196183.169433854520
67373.000000000000,-742973.506177048082,-5463133.860033852048,3196184.848998790141
67374.000000000000,-742979.031513680704,-5463132.127091141418,3196186.452650532126
67375.000000000000,-742985.163422557875,-5463130.408228334039,3196188.188218928874
67376.000000000000,-742992.082641157554,-5463128.354491298087,3196190.214868043084
67377.000000000000,-742999.412630842067,-5463126.302079067566,3196192.594644221477
67378.000000000000,-743006.598266358720,-5463124.046694670804,3196194.854611965828
67379.000000000000,-743013.721034651622,-5463121.793032208458,3196196.979659127537
67380.000000000000,-743021.108757404028,-5463119.122862850316,3196198.732552935835
67381.000000000000,-743028.687055281596,-5463116.762167895213,3196200.904496196657
67382.000000000000,-743036.800379580935,-5463114.289100482129,3196203.121366939042
67383.000000000000,-743045.286392996204,-5463111.701233210042,3196205.443418899551
67384.000000000000,-743053.908414727426,-5463109.030523969792,3196207.836894351989
67385.000000000000,-743062.380143789342,-5463106.454923140816,3196210.354889316950
67386.000000000000,-743070.658648370649,-5463104.122526720166,3196212.793632378802
67387.000000000000,-743079.040157338255,-5463101.590834909119,3196215.159874757752
67388.000000000000,-743087.541474783560,-5463099.186920318753,3196217.220884948503
67389.000000000000,-743096.675365753239,-5463096.847580896690,3196218.894979748409
67390.000000000000,-743106.214556704392,-5463094.299555622041,3196220.689654042013
67391.000000000000,-743114.771564301103,-5463091.877343977802,3196222.457961329259
67392.000000000000,-743121.149978046073,-5463090.165583653376,3196223.449820149224
67393.000000000000,-743126.979181286879,-5463089.426694483496,3196222.596415854059
67394.000000000000,-743131.994249345153,-5463090.201655284502,3196219.637437548023
67395.000000000000,-743135.466167021659,-5463092.383955916390,3196214.854401235469
67396.000000000000,-743137.964287718525,-5463095.549548834562,3196208.458413035143
67397.000000000000,-743140.857445924892,-5463099.151032136753,3196201.208825733978
67398.000000000000,-743144.244695210014,-5463102.969470345415,3196193.409267014358
67399.000000000000,-743147.819544124184,-5463106.871473039500,3196185.457882230170
67400.000000000000,-743151.220341169043,-5463110.578247682191,3196177.540983093437
67401.000000000000,-743154.236414118437,-5463113.901405747049,3196170.576124900486
67402.000000000000,-743157.026421276503,-5463115.702282550745,3196164.112647324335
67403.000000000000,-743159.134974830667,-5463118.007087455131,3196159.429318895098
67404.000000000000,-743160.589791660081,-5463119.631975790486,3196156.148130040150
67405.000000000000,-743161.315021632239,-5463120.462773933075,3196154.449929125141
67406.000000000000,-743161.577450882643,-5463120.761015508324,3196153.846419221256
67407.000000000000,-743161.590286775259,-5463120.774906206876,3196153.817604774144
67408.000000000000,-743161.594359557959,-5463120.776272335090,3196153.812236228958
67409.000000000000,-743161.597116164980,-5463120.775301086716,3196153.808646461461
67410.000000000000,-743161.598830796196,-5463120.772665978409,3196153.810248273425
67411.000000000000,-743161.600496546947,-5463120.772803260945,3196153.812461734749
67412.000000000000,-743161.599196799914,-5463120.772901330143,3196153.814621632919
67413.000000000000,-743161.600536890212,-5463120.772572352551,3196153.811965149362
67414.000000000000,-743161.599621913163,-5463120.773132878356,3196153.811847413424
67415.000000000000,-743161.598528462113,-5463120.773037129082,3196153.811806076206
67416.000000000000,-743161.667483734433,-5463120.842580700293,3196153.650747248437
67417.000000000000,-743162.242443785770,-5463121.499620953575,3196152.323440762237
67418.000000000000,-743163.127363746637,-5463122.960774073377,3196149.392894943245
67419.000000000000,-743163.075918765506,-5463125.155756632797,3196145.389395595528
67420.000000000000,-743160.960123922676,-5463127.894605871290,3196141.076567332260
67421.000000000000,-743156.337663034326,-5463130.702758829109,3196137.832028808072
67422.000000000000,-743149.774414588464,-5463133.067896845751,3196135.714421537239
67423.000000000000,-743141.895711245947,-5463135.602666111663,3196133.457090740092
67424.000000000000,-743133.292012914899,-5463138.567303430289,3196130.399742593523
67425.000000000000,-743124.720662185922,-5463141.803375050426,3196127.110774482135
67426.000000000000,-743116.115250790841,-5463144.906518161297,3196124.089939189143
67427.000000000000,-743107.982805081760,-5463147.694989471696,3196121.483156889677
67428.000000000000,-743101.381834962172,-5463149.867908689193,3196119.502392411232
67429.000000000000,-743096.536095845746,-5463151.430498069152,3196118.104895404074
67430.000000000000,-743093.183458649088,-5463152.501393019222,3196117.146883955691
67431.000000000000,-743091.144162143697,-5463153.136370512657,3196116.558946410660
67432.000000000000,-743090.123387834989,-5463153.400491872802,3196116.268073817249
67433.000000000000,-743090.021553553175,-5463153.411354875192,3196116.227556593250
67434.000000000000,-743090.027628054726,-5463153.401828969829,3196116.223265741952
67435.000000000000,-743090.026868326473,-5463153.401666163467,3196116.221475246828
67436.000000000000,-743090.026040059165,-5463153.400507576764,3196116.220085301902
67437.000000000000,-743090.026200724766,-5463153.400178737007,3196116.217617141083
67438.000000000000,-743090.022517277743,-5463153.399490266107,3196116.216533314902
67439.000000000000,-743090.021863151342,-5463153.398602597415,3196116.215284210630
67440.000000000000,-743090.019442452816,-5463153.397814304568,3196116.213085272349
67441.000000000000,-743090.015738005633,-5463153.397081264295,3196116.210962711368
67442.000000000000,-743090.009280911530,-5463153.395943398587,3196116.211659098510
67443.000000000000,-743090.002763208468,-5463153.394980636425,3196116.211634545587
67444.000000000000,-743089.997229370056,-5463153.394318670966,3196116.211951805279
67445.000000000000,-743089.990560365026,-5463153.394150890410,3196116.211359322071
67446.000000000000,-743089.983634121600,-5463153.393675509840,3196116.211582654156
67447.000000000000,-743089.981773836538,-5463153.393110546283,3196116.211494371295
67448.000000000000,-743089.976846802980,-5463153.392131051049,3196116.211670404300
67449.000000000000,-743089.971901173820,-5463153.391335071996,3196116.212145143654
67450.000000000000,-743089.965420399909,-5463153.391253815033,3196116.211224858183
67451.000000000000,-743089.959361313726,-5463153.390144336969,3196116.211194625590
67452.000000000000,-743089.955291321850,-5463153.389422326349,3196116.211011409760
67453.000000000000,-743089.950708609889,-5463153.388546404429,3196116.210766769014
67454.000000000000,-743089.943751229555,-5463153.386997696944,3196116.211808972992
67455.000000000000,-743089.937645072117,-5463153.385629106313,3196116.210509529803
67456.000000000000,-743089.936005916563,-5463153.385545977391,3196116.210794307757
67457.000000000000,-743089.930894860881,-5463153.384586867876,3196116.210486757569
67458.000000000000,-743089.926743924851,-5463153.384357795119,3196116.209310922772
67459.000000000000,-743089.555371347466,-5463153.484187295660,3196116.100282458588
67460.000000000000,-743087.482826898107,-5463154.126715021208,3196115.500341210049
67461.000000000000,-743083.608611934585,-5463155.322489910759,3196114.353323810734
67462.000000000000,-743077.987674008356,-5463157.140789741650,3196112.716537508648
67463.000000000000,-743070.808209603303,-5463159.382041398436,3196110.578275358770
67464.000000000000,-743062.229032052215,-5463161.959378546104,3196108.101007432211
67465.000000000000,-743052.426477483707,-5463165.094067587517,3196105.496040927246
67466.000000000000,-743041.987565902295,-5463168.345091467723,3196102.658278306015
67467.000000000000,-743031.461879791110,-5463171.645833324641,3196099.823321717326
67468.000000000000,-743021.599350326229,-5463174.725737455301,3196097.186991297174
67469.000000000000,-743012.798568193335,-5463177.578958122060,3196094.776926894207
67470.000000000000,-743004.454534137272,-5463180.296845374629,3196092.407661176287
67471.000000000000,-742996.374091278878,-5463182.962411540560,3196090.112030007876
67472.000000000000,-742988.494902789593,-5463185.528303200379,3196087.833532662597
67473.000000000000,-742980.774164391798,-5463187.998152231798,3196085.617903384380
67474.000000000000,-742972.883784430567,-5463190.474758881144,3196083.315120527055
67475.000000000000,-742964.546589084901,-5463192.999185295776,3196080.820863891859
67476.000000000000,-742956.320274097612,-5463195.507357189432,3196078.377442070283
67477.000000000000,-742948.342680595699,-5463197.924724524841,3196075.994128059130
67478.000000000000,-742940.351441303850,-5463200.284149968997,3196073.582688152790
67479.000000000000,-742932.402231395710,-5463202.618760086596,3196071.201032195240
67480.000000000000,-742924.459380939137,-5463204.959256378002,3196068.861756660044
67481.000000000000,-742916.849901637528,-5463207.209269251674,3196066.622359563131
67482.000000000000,-742910.017430006526,-5463209.213573172688,3196064.607634936459
67483.000000000000,-742904.212741657626,-5463210.916919208132,3196062.897818612400
67484.000000000000,-742899.151633755537,-5463212.389826210216,3196061.418370530475
67485.000000000000,-742894.619617660181,-5463213.683709422126,3196060.105824815109
67486.000000000000,-742890.680709091364,-5463214.827166307718,3196058.963644542731
67487.000000000000,-742886.688808578881,-5463215.926762550138,3196057.811528908554
67488.000000000000,-742881.691915576230,-5463217.325223162770,3196056.373124510050
67489.000000000000,-742875.608723690500,-5463219.018402497284,3196054.590584123973
67490.000000000000,-742868.432132367510,-5463221.041128466837,3196052.464498653077
67491.000000000000,-742860.393504720065,-5463223.402354596183,3196050.110324808862
67492.000000000000,-742851.862712238100,-5463226.231125188060,3196047.664841256104
67493.000000000000,-742843.091921664076,-5463228.991890376434,3196045.014555651695
67494.000000000000,-742834.148271872895,-5463231.795926330611,3196042.341225860175
67495.000000000000,-742824.918629621388,-5463234.784175521694,3196039.650678724051
67496.000000000000,-742815.253296985407,-5463237.768282611854,3196036.902768400498
67497.000000000000,-742805.401115059620,-5463240.722202309407,3196034.087825970259
67498.000000000000,-742795.233712921268,-5463243.720372433774,3196031.172748852056
67499.000000000000,-742784.583478763001,-5463246.726655525155,3196028.162633176893
67500.000000000000,-742773.694192878203,-5463249.893025995232,3196025.102305114269
67501.000000000000,-742762.784501258517,-5463253.123642557301,3196022.009061102755
67502.000000000000,-742752.006521698437,-5463256.361853179522,3196018.899888939224
67503.000000000000,-742741.305563797592,-5463259.603249539621,3196015.472294472158
67504.000000000000,-742730.436213940498,-5463262.942224471830,3196012.111235516146
67505.000000000000,-742719.418944282690,-5463266.304454784840,3196008.877793869004
67506.000000000000,-742708.251039757743,-5463269.755886591040,3196005.698844187893
67507.000000000000,-742697.024832816212,-5463273.360193784349,3196002.629084003624
67508.000000000000,-742685.707255076501,-5463276.955124076456,3195999.485757708549
67509.000000000000,-742674.485143897822,-5463280.496699689887,3195996.402824391611
67510.000000000000,-742663.017319291248,-5463283.638128012419,3195992.740621984936
67511.000000000000,-742651.372995026060,-5463287.287790218368,3195989.356076779310
67512.000000000000,-742639.477752056555,-5463290.902839249000,3195985.855118755251
67513.000000000000,-742627.544173767790,-5463294.537635337561,3195982.368794932961
67514.000000000000,-742615.480517723132,-5463298.040872881189,3195978.866767314263
67515.000000000000,-742603.236073529930,-5463301.517599990591,3195975.356465556193
67516.000000000000,-742590.989170231973,-5463305.153194625862,3195971.854598436039
67517.000000000000,-742579.174511788180,-5463308.664176322520,3195968.499772991985
67518.000000000000,-742567.684003685135,-5463312.085419829004,3195965.194773735013
67519.000000000000,-742556.143518335768,-5463315.344855817035,3195961.933632059954
67520.000000000000,-742544.275688697584,-5463318.768573274836,3195958.481844529510
67521.000000000000,-742531.852035298594,-5463321.986266729422,3195954.737357493490
67522.000000000000,-742519.486707587494,-5463325.512534230016,3195950.823224009946
67523.000000000000,-742507.526412377367,-5463329.082179759629,3195946.706124066841
67524.000000000000,-742495.797181027126,-5463332.747741895728,3195942.518434740137
67525.000000000000,-742483.843775414512,-5463336.317227798514,3195938.494405055419
67526.000000000000,-742471.809333556565,-5463339.772919032723,3195934.653551405296
67527.000000000000,-742459.532631777227,-5463343.090473976918,3195931.042455560528
67528.000000000000,-742446.919301372487,-5463346.339031222276,3195927.799317775760
67529.000000000000,-742434.370421562926,-5463349.472121119499,3195924.868725203909
67530.000000000000,-742421.864806264872,-5463352.559017290361,3195921.969276978169
67531.000000000000,-742409.743777124910,-5463355.806506331079,3195918.827076085377
67532.000000000000,-742397.872260192526,-5463359.191442392766,3195915.670772624202
67533.000000000000,-742386.356748588616,-5463363.496434591711,3195912.909203073941
67534.000000000000,-742375.465283821803,-5463366.634226541035,3195909.689081610180
67535.000000000000,-742365.120101669570,-5463369.648582743481,3195906.502577528358
67536.000000000000,-742355.788819496054,-5463372.365508615039,3195903.738228625618
67537.000000000000,-742347.897215640871,-5463374.660206288099,3195901.390572587959
67538.000000000000,-742341.682683543768,-5463376.603336854838,3195899.265300734434
67539.000000000000,-742336.912390973652,-5463378.244130923413,3195897.395391684026
67540.000000000000,-742332.946194606950,-5463380.164262349717,3195894.864174423739
67541.000000000000,-742330.890769985854,-5463382.636318841949,3195890.868261686992
67542.000000000000,-742331.317520606099,-5463385.197582215071,3195885.950837919023
67543.000000000000,-742333.460452671978,-5463388.052559932694,3195880.233594695572
67544.000000000000,-742336.517675446114,-5463391.298962870613,3195873.572662894614
67545.000000000000,-742340.090829683118,-5463395.021688403562,3195865.859082721174
67546.000000000000,-742344.106270491960,-5463399.225443718024,3195857.198112526443
67547.000000000000,-742348.294351506163,-5463403.963321686722,3195847.953260545153
67548.000000000000,-742352.339010864613,-5463408.521249340847,3195838.831373336259
67549.000000000000,-742355.920826288289,-5463412.626280740835,3195830.608952477109
67550.000000000000,-742358.905387828243,-5463416.026726009324,3195823.818333938718
67551.000000000000,-742361.107393511687,-5463418.485175364651,3195818.981425591744
67552.000000000000,-742362.484871957800,-5463419.897058948874,3195816.131475260016
67553.000000000000,-742363.724757725140,-5463420.908714636229,3195814.050185589585
67554.000000000000,-742365.682625826565,-5463421.755216061138,3195812.112131127622
67555.000000000000,-742368.922990536084,-5463422.081378457136,3195810.744310873561
67556.000000000000,-742373.338287369814,-5463421.469395346008,3195810.857947316486
67557.000000000000,-742378.457729643327,-5463420.058279078454,3195812.100027801469
67558.000000000000,-742384.201481197379,-5463418.365340163931,3195813.785704825539
67559.000000000000,-742391.093452437897,-5463416.385279377922,3195815.755535627715
67560.000000000000,-742399.030312923715,-5463414.103872775100,3195818.015992737841
67561.000000000000,-742407.539427507087,-5463411.647862602025,3195820.481187771074
67562.000000000000,-742416.117592175840,-5463409.160691930912,3195822.963109901175
67563.000000000000,-742424.588171881973,-5463406.752049263567,3195825.332298108842
67564.000000000000,-742432.350693572895,-5463404.546128587797,3195827.511277524289
67565.000000000000,-742438.680301688844,-5463402.716007133015,3195829.329238301143
67566.000000000000,-742443.344676487846,-5463401.331234254874,3195830.681900815573
67567.000000000000,-742446.100038912846,-5463400.506582903676,3195831.509012141265
67568.000000000000,-742448.089976492105,-5463399.896996513009,3195832.114601969253
67569.000000000000,-742451.500759423128,-5463398.833028643392,3195833.175669000484
67570.000000000000,-742456.444890116574,-5463397.327620595694,3195834.785769365728
67571.000000000000,-742462.776590191992,-5463395.445959560573,3195836.727840429638
67572.000000000000,-742470.232882278971,-5463393.312852749601,3195838.990061988588
67573.000000000000,-742478.338620199123,-5463390.619666323066,3195841.552916442510
67574.000000000000,-742487.213749090792,-5463388.132916351780,3195844.003622971941
67575.000000000000,-742496.320207059267,-5463385.543765520677,3195846.545058252756
67576.000000000000,-742505.262557951850,-5463382.970514870249,3195849.158869275823
67577.000000000000,-742513.836116041639,-5463380.441456314176,3195851.707472417038
67578.000000000000,-742521.955155988224,-5463378.044559076428,3195854.135685917456
67579.000000000000,-742529.672373152454,-5463375.819773552939,3195856.358892940450
67580.000000000000,-742536.671119809733,-5463373.775943140499,3195858.516536280047
67581.000000000000,-742542.839312760625,-5463371.979197704233,3195860.404100731481
67582.000000000000,-742547.651160670561,-5463370.646446280181,3195861.764442394953
67583.000000000000,-742550.828368917224,-5463369.793281331658,3195862.618780121673
67584.000000000000,-742552.522982995841,-5463369.323265346698,3195863.114438673481
67585.000000000000,-742553.257720467402,-5463369.081217858009,3195863.318896656390
67586.000000000000,-742554.133953524753,-5463368.800601345487,3195863.550732064992
67587.000000000000,-742556.942073536804,-5463368.002256301232,3195864.275944122113
67588.000000000000,-742561.648693605443,-5463366.687714608386,3195865.441005278844
67589.000000000000,-742567.941086595180,-5463365.029287124984,3195866.929412174970
67590.000000000000,-742575.675651777186,-5463363.047751555219,3195868.565109989606
67591.000000000000,-742584.776290634647,-5463360.799635149539,3195870.521340169944
67592.000000000000,-742594.814595882432,-5463358.267244760878,3195872.646620256361
67593.000000000000,-742604.984791136929,-5463355.617139970884,3195875.038938049227
67594.000000000000,-742614.732744942070,-5463352.748198769987,3195877.963304295205
67595.000000000000,-742624.215273113572,-5463350.042713501491,3195880.807891608682
67596.000000000000,-742632.554228536668,-5463347.706965641119,3195882.933853977360
67597.000000000000,-742639.180024356814,-5463345.862074372359,3195884.667293365113
67598.000000000000,-742644.438276851200,-5463344.315554737113,3195886.158169542905
67599.000000000000,-742648.136600654339,-5463343.235809557140,3195887.238135025371
67600.000000000000,-742650.276328292792,-5463342.605742988177,3195887.852933710907
67601.000000000000,-742651.453002139111,-5463342.263504149392,3195888.168711550999
67602.000000000000,-742652.135259330855,-5463342.062272737734,3195888.357227258850
67603.000000000000,-742652.749386694981,-5463341.878398400731,3195888.548526484519
67604.000000000000,-742653.965470840223,-5463341.506962561980,3195888.873272700235
67605.000000000000,-742656.752568216412,-5463340.688040607609,3195889.747341888025
67606.000000000000,-742661.193625299959,-5463339.419248687103,3195890.988235098310
67607.000000000000,-742667.390174343134,-5463337.665450035594,3195892.687946022023
67608.000000000000,-742674.684581274283,-5463335.389071403071,3195894.736576914322
67609.000000000000,-742682.801319958526,-5463333.036141520366,3195897.097222694196
67610.000000000000,-742691.190466159605,-5463330.516871827655,3195899.630937304813
67611.000000000000,-742699.828055400169,-5463327.799992648885,3195902.320881863125
67612.000000000000,-742708.735453841975,-5463325.131853754632,3195904.977140921634
67613.000000000000,-742717.505226614885,-5463322.575840448029,3195907.352623043116
67614.000000000000,-742725.731339268037,-5463320.142552129924,3195909.647106779274
67615.000000000000,-742732.920755039551,-5463318.045077142306,3195911.796321386471
67616.000000000000,-742738.998591830605,-5463316.224538479000,3195913.496019124519
67617.000000000000,-742743.586229004199,-5463314.715934377164,3195914.804886250757
67618.000000000000,-742746.644558389089,-5463313.764086383395,3195915.727508240845
67619.000000000000,-742748.206698920578,-5463313.262937389314,3195916.205231395084
67620.000000000000,-742748.497582430486,-5463313.171189764515,3195916.290181868710
67621.000000000000,-742748.493555582594,-5463313.189510406926,3195916.277345106937
67622.000000000000,-742748.484096355038,-5463313.191991543397,3195916.284604533110
67623.000000000000,-742748.487072606687,-5463313.198342125863,3195916.284762961324
67624.000000000000,-742748.485867732554,-5463313.203612127341,3195916.289153833408
67625.000000000000,-742748.486623920966,-5463313.204753688537,3195916.288141786121
67626.000000000000,-742748.487231542240,-5463313.206790577620,3195916.287567267194
67627.000000000000,-742748.485971531249,-5463313.207172924653,3195916.288444528822
67628.000000000000,-742748.486761312583,-5463313.209246431477,3195916.289293726441
67629.000000000000,-742748.488483591238,-5463313.208091051318,3195916.287885757629
67630.000000000000,-742748.488975973683,-5463313.206865369342,3195916.290034031495
67631.000000000000,-742748.492093916284,-5463313.204214749858,3195916.287324177101
67632.000000000000,-742748.492201894172,-5463313.207278443500,3195916.292383202352
67633.000000000000,-742748.493156511220,-5463313.207714761607,3195916.291300223209
67634.000000000000,-742748.493948458578,-5463313.206047254615,3195916.289535275660
67635.000000000000,-742748.493188011926,-5463313.207629992627,3195916.291933249217
67636.000000000000,-742748.493984773057,-5463313.204226397909,3195916.289670308586
67637.000000000000,-742748.556552984403,-5463313.185089001432,3195916.310796300881
67638.000000000000,-742749.529358594446,-5463312.856306078844,3195916.637383959722
67639.000000000000,-742752.042104195803,-5463312.003230928443,3195917.508554832544
67640.000000000000,-742755.792673852644,-5463310.763773022220,3195918.808583557140
67641.000000000000,-742760.546026749536,-5463309.248660892248,3195920.352896959521
67642.000000000000,-742765.789076748886,-5463307.597936698236,3195921.949904834386
67643.000000000000,-742771.357817412703,-5463305.800103770569,3195923.771808211226
67644.000000000000,-742777.549524814938,-5463303.765254187398,3195925.896875537001
67645.000000000000,-742784.355303785414,-5463301.468923092820,3195928.302506033797
67646.000000000000,-742791.649587149150,-5463298.973099238239,3195930.911724979524
67647.000000000000,-742799.184713282972,-5463296.473745445721,3195933.426465558354
67648.000000000000,-742806.556777114049,-5463294.135395214893,3195935.752544246148
67649.000000000000,-742814.011189789744,-5463291.911082192324,3195937.864823333453
67650.000000000000,-742821.710757653695,-5463289.882822090760,3195939.609779749997
67651.000000000000,-742829.324394546449,-5463287.979824029841,3195941.174859637860
67652.000000000000,-742836.812880897196,-5463285.944854717702,3195942.893361530267
67653.000000000000,-742843.852123686578,-5463283.613291104324,3195945.214885731228
67654.000000000000,-742850.145605216734,-5463281.206456296146,3195947.914587349631
67655.000000000000,-742855.559203622863,-5463278.987554159947,3195950.449737257790
67656.000000000000,-742860.146303441492,-5463277.253442903049,3195952.313838812057
67657.000000000000,-742863.396453824360,-5463276.253570602275,3195953.323047813959
67658.000000000000,-742865.142776492750,-5463275.784816563129,3195953.799315311946
67659.000000000000,-742866.090712467558,-5463275.512756889686,3195954.061434702948
67660.000000000000,-742866.253038039082,-5463275.463399222121,3195954.110303943977
67661.000000000000,-742866.238551103976,-5463275.467954627238,3195954.107254499570
67662.000000000000,-742866.243468428729,-5463275.467672430910,3195954.107710663229
67663.000000000000,-742866.253558428376,-5463275.464509900659,3195954.105666832533
67664.000000000000,-742866.784520281595,-5463275.310966657475,3195954.248721979558
67665.000000000000,-742869.065304944757,-5463274.639480412006,3195954.894187176600
67666.000000000000,-742873.025770809851,-5463273.503252106719,3195955.961582663935
67667.000000000000,-742878.516638009343,-5463271.937628396787,3195957.451678915415
67668.000000000000,-742885.431508273701,-5463270.235690179281,3195959.047594386619
67669.000000000000,-742893.508955462370,-5463267.947240983136,3195961.050472662318
67670.000000000000,-742901.805677780998,-5463265.503528355621,3195963.090979272034
67671.000000000000,-742910.098595871823,-5463263.091328450479,3195965.194739267696
67672.000000000000,-742918.793190596509,-5463260.638299646787,3195967.332801307552
67673.000000000000,-742927.807991272304,-5463258.242116974667,3195969.299993076827
67674.000000000000,-742936.600096030044,-5463256.064518736675,3195970.990186489187
67675.000000000000,-742945.356694986811,-5463253.991006644443,3195972.489736839198
67676.000000000000,-742954.012466555112,-5463251.896901294589,3195974.032107681967
67677.000000000000,-742962.188089811825,-5463249.632102459669,3195975.991658260580
67678.000000000000,-742969.760928301606,-5463247.321844516322,3195978.181180285290
67679.000000000000,-742976.789454670274,-5463245.128914652392,3195980.193375404458
67680.000000000000,-742983.277840833529,-5463243.121066295542,3195982.044551125262
67681.000000000000,-742988.822660945705,-5463241.396259611472,3195983.667966895271
67682.000000000000,-742993.090370191843,-5463240.064808494411,3195984.913080167957
67683.000000000000,-742995.856586141861,-5463239.174271171913,3195985.723537920043
67684.000000000000,-742997.179785629385,-5463238.763591417111,3195986.098913765512
67685.000000000000,-742997.430905851303,-5463238.686547018588,3195986.168973346706
67686.000000000000,-742997.434321278823,-5463238.689376005903,3195986.170336146373
67687.000000000000,-742997.435404837597,-5463238.705380745232,3195986.141144999769
67688.000000000000,-742997.437076967210,-5463238.706172944047,3195986.140981968492
67689.000000000000,-742997.433001403813,-5463238.708425428718,3195986.141824733932
67690.000000000000,-742997.432605595794,-5463238.710093816742,3195986.143153057899
67691.000000000000,-742997.432782890159,-5463238.709887770936,3195986.143891464919
67692.000000000000,-742997.435798562365,-5463238.711796907708,3195986.144949193578
67693.000000000000,-742997.437456081039,-5463238.714054754935,3195986.146504635457
67694.000000000000,-742997.437347026891,-5463238.714822289534,3195986.148181561381
67695.000000000000,-742997.512667405535,-5463238.688672171906,3195986.170155037194
67696.000000000000,-742998.663870187476,-5463238.305062594824,3195986.494072287809
67697.000000000000,-743001.757701945957,-5463237.389159530401,3195987.292852479033
67698.000000000000,-743006.488572669448,-5463235.932382519357,3195988.621325559448
67699.000000000000,-743012.608612046228,-5463234.007020690478,3195990.437677090522
67700.000000000000,-743019.852341209422,-5463231.726902365685,3195992.559384936001
67701.000000000000,-743027.384565021377,-5463229.408359035850,3195994.819360552356
67702.000000000000,-743034.958920267527,-5463227.065970168449,3195997.151179125998
67703.000000000000,-743042.587040821323,-5463224.577538365498,3195999.373196282890
67704.000000000000,-743049.939458278124,-5463222.290622435510,3196001.401656799950
67705.000000000000,-743056.990373989684,-5463220.138312853873,3196003.302223272156
67706.000000000000,-743063.413386369706,-5463218.171124989167,3196005.086229983252
67707.000000000000,-743069.347900524968,-5463216.322188504972,3196006.783894948196
67708.000000000000,-743074.689339163015,-5463214.598879158497,3196008.361717257183
67709.000000000000,-743079.313130669412,-5463213.071267492138,3196009.804269302171
67710.000000000000,-743083.171622388414,-5463211.861220173538,3196010.893929203507
67711.000000000000,-743086.147164133145,-5463210.972413186915,3196011.676491032355
67712.000000000000,-743088.241338044405,-5463210.328374334611,3196012.292568032164
67713.000000000000,-743089.341143412283,-5463209.984101101756,3196012.620923832059
67714.000000000000,-743089.461428288021,-5463209.947460162453,3196012.655808823183
67715.000000000000,-743089.461299519753,-5463209.947818617336,3196012.655466171913
67716.000000000000,-743089.462726871599,-5463209.946992326528,3196012.655375016853
67717.000000000000,-743089.460891097551,-5463209.947980081663,3196012.656646483578
67718.000000000000,-743089.462796018110,-5463209.947786393575,3196012.657284128945
67719.000000000000,-743089.464011038770,-5463209.945585154928,3196012.658133090939
67720.000000000000,-743089.463494402589,-5463209.944362546317,3196012.660010581370
67721.000000000000,-743089.466102585546,-5463209.945018905215,3196012.661120067351
67722.000000000000,-743089.463551868335,-5463209.943330598995,3196012.661501002498
67723.000000000000,-743089.542646786780,-5463209.912113799714,3196012.683567726053
67724.000000000000,-743090.960035240394,-5463209.479335050099,3196013.071025195066
67725.000000000000,-743094.296592548490,-5463208.451513693668,3196014.017633420881
67726.000000000000,-743099.243993925629,-5463206.845891412348,3196015.464739948511
67727.000000000000,-743105.200831770315,-5463205.000893888995,3196017.221134301741
67728.000000000000,-743111.267224103794,-5463203.157350472175,3196018.940351458732
67729.000000000000,-743117.522044123383,-5463201.242369786836,3196020.652837072033
67730.000000000000,-743124.301297655329,-5463199.120454266667,3196022.538617842831
67731.000000000000,-743131.341843884089,-5463196.900077818893,3196024.440342927817
67732.000000000000,-743138.943584352615,-5463194.570383746177,3196026.555513624102
67733.000000000000,-743147.033801986719,-5463192.073022883385,3196028.788517716806
67734.000000000000,-743155.131818389869,-5463189.538551395759,3196031.093673374038
67735.000000000000,-743162.766461402061,-5463187.130179291591,3196033.283376677893
67736.000000000000,-743169.820705063059,-5463184.964151212014,3196035.287206859328
67737.000000000000,-743176.124518534634,-5463183.031742572784,3196037.010336675216
67738.000000000000,-743181.382636218914,-5463181.380279235542,3196038.545852595940
67739.000000000000,-743185.569384525996,-5463180.067860103212,3196039.748144552112
67740.000000000000,-743188.753703250783,-5463179.049431357533,3196040.659337322693
67741.000000000000,-743190.880153592210,-5463178.425691151060,3196041.250898158643
67742.000000000000,-743192.114445547923,-5463178.025269964710,3196041.656422283035
67743.000000000000,-743192.376607057289,-5463177.940957687795,3196041.738964343444
67744.000000000000,-743192.372505715350,-5463177.945853195153,3196041.733499316964
67745.000000000000,-743192.370705055189,-5463177.953134017065,3196041.742262117099
67746.000000000000,-743192.300819907570,-5463177.979346899316,3196041.738351708278
67747.000000000000,-743192.286777034751,-5463177.980512890033,3196041.734403363429
67748.000000000000,-743192.285478795529,-5463177.980471611023,3196041.735562427435
67749.000000000000,-743192.285461870721,-5463177.976523010060,3196041.734837757424
67750.000000000000,-743192.283503359649,-5463177.975967448205,3196041.735576664098
67751.000000000000,-743192.282192539424,-5463177.973508392461,3196041.733979535755
67752.000000000000,-743192.280258909101,-5463177.972528606653,3196041.732478206977
67753.000000000000,-743192.280236257357,-5463177.971407303587,3196041.734903014265
67754.000000000000,-743192.278344717808,-5463177.970696612261,3196041.734982950613
67755.000000000000,-743192.275827513309,-5463177.969456721097,3196041.734006022569
67756.000000000000,-743192.273762559169,-5463177.968956538476,3196041.732720499858
67757.000000000000,-743192.270703134476,-5463177.964815202169,3196041.732217881363
67758.000000000000,-743192.265482498799,-5463177.965373644605,3196041.729057508521
67759.000000000000,-743192.267378958524,-5463177.961991674267,3196041.731629888527
67760.000000000000,-743192.264382940950,-5463177.960208836012,3196041.728669826873
67761.000000000000,-743192.351286436315,-5463177.937369583175,3196041.747942757327
67762.000000000000,-743192.856553824153,-5463177.756396056153,3196041.897607231978
67763.000000000000,-743194.237445540028,-5463177.289387964644,3196042.294912169222
67764.000000000000,-743196.509501047316,-5463176.596619579010,3196042.963335244451
67765.000000000000,-743199.615825596033,-5463175.566011104733,3196043.949554905295
67766.000000000000,-743203.802004408324,-5463174.152044923045,3196045.372172582895
67767.000000000000,-743208.732288918225,-5463172.387181782164,3196047.293407954741
67768.000000000000,-743214.294483939884,-5463170.198533454910,3196049.824267039075
67769.000000000000,-743220.254854161642,-5463167.921905725263,3196052.651545588858
67770.000000000000,-743226.654022211442,-5463165.707008801401,3196054.894397614524
67771.000000000000,-743234.081085264334,-5463163.334012837149,3196057.023420762271
67772.000000000000,-743242.247388446005,-5463160.950781916268,3196059.121549000964
67773.000000000000,-743251.030169289093,-5463158.391800093465,3196061.391541066114
67774.000000000000,-743260.022504268913,-5463155.639633130282,3196063.864634058438
67775.000000000000,-743268.781840158976,-5463152.907624200918,3196066.344883046579
67776.000000000000,-743276.712800531066,-5463150.336557954550,3196068.630142455921
67777.000000000000,-743283.499453208758,-5463148.066909112036,3196070.696277235169
67778.000000000000,-743288.927185973735,-5463146.310103652067,3196072.367749739904
67779.000000000000,-743292.998766555218,-5463144.987314895727,3196073.576887712814
67780.000000000000,-743295.534445858677,-5463144.167457442731,3196074.306633862201
67781.000000000000,-743297.498285768786,-5463143.526874717325,3196074.847888255492
67782.000000000000,-743299.316407949082,-5463142.874352738261,3196075.317103107460
67783.000000000000,-743301.320098489989,-5463142.254226692952,3196075.831836762838
67784.000000000000,-743303.445032732096,-5463141.646406214684,3196076.383170818910
67785.000000000000,-743305.591204559198,-5463140.982945759781,3196076.956467772368
67786.000000000000,-743308.021226340556,-5463140.244086815044,3196077.604277610313
67787.000000000000,-743310.620743682375,-5463139.429004180245,3196078.290217465721
67788.000000000000,-743313.379766841768,-5463138.543101610616,3196079.010295098182
67789.000000000000,-743317.353747088346,-5463137.355722828768,3196080.030979077332
67790.000000000000,-743322.845830101171,-5463135.615339032374,3196081.504267222714
67791.000000000000,-743329.902098974911,-5463133.317864482291,3196083.455926249269
67792.000000000000,-743338.398759714793,-5463130.524386242032,3196085.867042515427
67793.000000000000,-743347.671837293427,-5463127.516557969153,3196088.545675163157
67794.000000000000,-743356.991362377303,-5463124.359437166713,3196091.193164624274
67795.000000000000,-743366.110847590724,-5463121.456320704892,3196093.873686856125
67796.000000000000,-743375.025889626006,-5463118.669529665262,3196096.365973012522
67797.000000000000,-743383.269139111624,-5463116.078097872436,3196098.635610078461
67798.000000000000,-743390.144773526234,-5463113.848090825602,3196100.667608560994
67799.000000000000,-743395.574104707455,-5463112.037199105136,3196102.329570425674
67800.000000000000,-743399.067347631557,-5463110.867651955225,3196103.417148941197
67801.000000000000,-743401.029544006335,-5463110.196391664445,3196104.027770162560
67802.000000000000,-743403.626345477882,-5463109.498995225877,3196104.554013444576
67803.000000000000,-743407.582422079169,-5463108.916375861503,3196104.479551258497
67804.000000000000,-743412.286967352848,-5463109.317027029581,3196102.913450490218
67805.000000000000,-743416.538297431893,-5463110.814192792401,3196099.338341485243
67806.000000000000,-743419.757152454462,-5463113.587273119949,3196094.003884215374
67807.000000000000,-743422.992796774604,-5463117.111824730411,3196087.733118030243
67808.000000000000,-743426.303709872649,-5463121.130842922255,3196080.674058355391
67809.000000000000,-743429.662303243065,-5463125.493561476469,3196072.983270733152
67810.000000000000,-743432.996958539588,-5463129.868258566596,3196064.992820218671
67811.000000000000,-743436.374555895221,-5463134.244986869395,3196057.084017805755
67812.000000000000,-743439.754327586852,-5463138.423722888343,3196049.547684705816
67813.000000000000,-743442.928132502246,-5463142.152380552143,3196042.806009207387
67814.000000000000,-743445.341620370513,-5463145.116013112478,3196037.449884809554
67815.000000000000,-743447.026077045128,-5463147.234314826317,3196033.668627613224
67816.000000000000,-743447.974461692153,-5463148.406366016716,3196031.532327805180
67817.000000000000,-743448.348604258383,-5463148.861393732019,3196030.769590724260
67818.000000000000,-743448.680113377981,-5463149.281633110717,3196030.058794340584
67819.000000000000,-743448.893078328110,-5463149.545521381311,3196029.585537067149
67820.000000000000,-743449.073591673514,-5463149.773049072362,3196029.154124047607
67821.000000000000,-743449.519263745868,-5463150.400023328140,3196027.908662773669
67822.000000000000,-743450.026395071647,-5463151.687474597245,3196025.650680332445
67823.000000000000,-743450.163557751337,-5463153.349646659568,3196022.869944377337
67824.000000000000,-743449.528027340770,-5463155.126092484221,3196020.046649853699
67825.000000000000,-743447.594352218555,-5463156.848371805623,3196017.600942260120
67826.000000000000,-743443.944762260886,-5463158.374990056269,3196015.943862380460
67827.000000000000,-743438.662027091137,-5463160.024158033542,3196014.450213636737
67828.000000000000,-743432.251800818369,-5463162.076147852466,3196012.594479188789
67829.000000000000,-743424.978365025832,-5463164.527005039155,3196010.339386909269
67830.000000000000,-743416.988575170515,-5463167.192763147876,3196007.900582356378
67831.000000000000,-743408.663793749292,-5463169.861484117806,3196005.501599760260
67832.000000000000,-743400.415460081887,-5463172.456175223924,3196003.208258956205
67833.000000000000,-743392.396617883234,-5463175.015530285425,3196000.964870636351
67834.000000000000,-743385.034653934883,-5463177.316835515201,3195998.879785494879
67835.000000000000,-743378.648289687000,-5463179.269086522982,3195997.172836078331
67836.000000000000,-743373.413924621185,-5463180.888901525177,3195995.734874466434
67837.000000000000,-743369.737250998034,-5463182.086537797004,3195994.669991162606
67838.000000000000,-743367.259624423459,-5463182.883972446434,3195993.898297293577
67839.000000000000,-743363.554456526530,-5463183.967527367175,3195992.834694215562
67840.000000000000,-743358.096586775850,-5463185.680263294838,3195991.131203504279
67841.000000000000,-743351.068712612381,-5463187.654692663811,3195989.003520971630
67842.000000000000,-743343.268428677577,-5463190.670535091311,3195987.364259198774
67843.000000000000,-743334.420608067536,-5463193.345547322184,3195985.073353196029
67844.000000000000,-743325.090224215644,-5463196.242733122781,3195982.489667346235
67845.000000000000,-743315.452135865693,-5463199.254056571983,3195979.723799667321
67846.000000000000,-743306.016486714361,-5463202.255407814868,3195976.971971535590
67847.000000000000,-743297.003739834297,-5463205.096906508319,3195974.276506568305
67848.000000000000,-743288.426616278710,-5463207.674148245715,3195971.599706285633
67849.000000000000,-743280.117735823034,-5463209.783804434352,3195968.706976710353
67850.000000000000,-743271.189673777786,-5463212.527890297584,3195966.024087603670
67851.000000000000,-743261.751054171356,-5463215.675494379364,3195962.935364039149
67852.000000000000,-743251.759410881554,-5463219.090678348206,3195959.559660536703
67853.000000000000,-743241.449889171985,-5463222.473055544309,3195956.100355817005
67854.000000000000,-743231.002122925478,-5463225.798380678520,3195952.764025639277
67855.000000000000,-743220.932730208035,-5463229.009254651144,3195949.576295164879
67856.000000000000,-743211.236146122450,-5463232.000564270653,3195946.658408688381
67857.000000000000,-743202.160345497308,-5463234.702139598317,3195944.107971276622
67858.000000000000,-743193.957865036442,-5463237.151781433262,3195941.872104395181
67859.000000000000,-743186.768557027564,-5463239.253313484602,3195939.849883245304
67860.000000000000,-743181.066043563420,-5463240.972775031812,3195938.200005008839
67861.000000000000,-743177.182210518746,-5463242.182684082538,3195937.078072891571
67862.000000000000,-743175.037970894016,-5463242.871906205080,3195936.418959185481
67863.000000000000,-743174.027964728535,-5463243.192398630083,3195936.098984192591
67864.000000000000,-743173.570321633946,-5463243.322193081491,3195935.950972732157
67865.000000000000,-743173.565444393549,-5463243.316094856709,3195935.943504993804
67866.000000000000,-743173.565342743066,-5463243.314861496910,3195935.943406785373
67867.000000000000,-743173.565269744140,-5463243.312556429766,3195935.943756345194
67868.000000000000,-743173.793678742368,-5463243.544275180437,3195936.054052885156
67869.000000000000,-743173.798482326209,-5463243.545831535943,3195936.070412122644
67870.000000000000,-743173.805083735613,-5463243.552755601704,3195936.069486907218
67871.000000000000,-743173.803186801146,-5463243.555025804788,3195936.076027349103
67872.000000000000,-743173.801570247626,-5463243.547845399939,3195936.064544812776
67873.000000000000,-743173.800544348196,-5463243.546710880473,3195936.062737613916
67874.000000000000,-743173.796337500913,-5463243.549711945467,3195936.057068795897
67875.000000000000,-743173.792293722974,-5463243.549493630417,3195936.059718590695
67876.000000000000,-743173.795306791901,-5463243.550642117858,3195936.066355135292
67877.000000000000,-743173.800287790713,-5463243.553777750582,3195936.071175248828
67878.000000000000,-743173.798556091730,-5463243.551884754561,3195936.068930438720
67879.000000000000,-743173.800963854999,-5463243.547781372443,3195936.069569240324
67880.000000000000,-743173.797858875478,-5463243.550777551718,3195936.072417573538
67881.000000000000,-743173.796969072544,-5463243.549487819895,3195936.073431659956
67882.000000000000,-743173.800814057351,-5463243.549773415551,3195936.072279345244
67883.000000000000,-743173.821672654245,-5463243.560407702811,3195936.039127073251
67884.000000000000,-743173.816614890820,-5463243.556505539455,3195936.047656915151
67885.000000000000,-743173.830295729451,-5463243.567157398909,3195936.041972141247
67886.000000000000,-743173.845463458099,-5463243.571525911801,3195936.036789413542
67887.000000000000,-743173.844680129667,-5463243.577123571187,3195936.040122854989
67888.000000000000,-743173.836904959404,-5463243.565799949691,3195936.033453276847
67889.000000000000,-743173.829497984028,-5463243.566042533144,3195936.042194384150
67890.000000000000,-743173.835916722775,-5463243.562796527520,3195936.042094817851
67891.000000000000,-743173.788683575112,-5463243.532761598937,3195936.030566358939
67892.000000000000,-743173.767965350184,-5463243.519208966754,3195936.047068560962
67893.000000000000,-743173.777878085151,-5463243.510761696845,3195936.031252436806
67894.000000000000,-743173.778554019984,-5463243.515815762803,3195936.041010497604
67895.000000000000,-743173.792705965927,-5463243.522501959465,3195936.034450196661
67896.000000000000,-743173.808840557467,-5463243.523068171926,3195936.025465843268
67897.000000000000,-743173.828841957031,-5463243.529256920330,3195936.019109306391
67898.000000000000,-743173.818977674586,-5463243.540785489604,3195936.001569438726
67899.000000000000,-743173.381968123140,-5463243.692110068165,3195935.879885652103
67900.000000000000,-743171.447992653935,-5463244.303268534131,3195935.293778004125
67901.000000000000,-743168.081017722492,-5463245.341253711842,3195934.342789906077
67902.000000000000,-743163.860842141206,-5463246.637285090052,3195933.186234096996
67903.000000000000,-743159.441937039373,-5463247.927496124059,3195932.089301498141
67904.000000000000,-743154.723540136474,-5463249.236849792302,3195931.125069343019
67905.000000000000,-743149.623388245120,-5463250.645092627965,3195929.926947701257
67906.000000000000,-743144.428397419397,-5463252.092074420303,3195928.740239873528
67907.000000000000,-743139.432953926269,-5463253.222494652495,3195927.612209212035
67908.000000000000,-743134.866570723825,-5463254.411392371170,3195926.586948467884
67909.000000000000,-743130.519967889297,-5463255.575271852314,3195925.632060021162
67910.000000000000,-743126.369012078736,-5463256.737793218344,3195924.616023931652
67911.000000000000,-743122.312819628278,-5463257.902667459100,3195923.565103957895
67912.000000000000,-743117.977091665030,-5463259.199896569364,3195922.356307486538
67913.000000000000,-743112.838852835004,-5463260.737905152142,3195920.915873622056
67914.000000000000,-743107.142059770180,-5463262.448824710213,3195919.293743013870
67915.000000000000,-743101.386836731806,-5463264.212841606699,3195917.612113846932
67916.000000000000,-743095.743025196134,-5463265.905050763860,3195916.019444835372
67917.000000000000,-743090.655207061209,-5463267.459962994792,3195914.551777841989
67918.000000000000,-743086.723174181418,-5463268.717491463758,3195913.307095162570
67919.000000000000,-743083.643139015068,-5463269.701569291763,3195912.337074927520
67920.000000000000,-743081.252429157728,-5463270.452985390089,3195911.592782336753
67921.000000000000,-743080.092664322932,-5463270.828266512603,3195911.226878256071
67922.000000000000,-743079.803196637891,-5463270.917312213220,3195911.146589638200
67923.000000000000,-743079.813436839264,-5463270.908894831315,3195911.142984367441
67924.000000000000,-743079.814733161824,-5463270.907401876524,3195911.145520489663
67925.000000000000,-743079.814843648579,-5463270.904674857855,3195911.146468834952
67926.000000000000,-743079.814161517890,-5463270.902116380632,3195911.147858536802
67927.000000000000,-743079.815757527016,-5463270.899585189298,3195911.147385705728
67928.000000000000,-743079.816638371674,-5463270.898914476857,3195911.149858499877
67929.000000000000,-743079.817832407891,-5463270.894271260127,3195911.153252248652
67930.000000000000,-743079.817267633625,-5463270.891609979793,3195911.157860539854
67931.000000000000,-743079.816302263760,-5463270.890419437550,3195911.159832602832
67932.000000000000,-743079.815745703643,-5463270.888619219884,3195911.162141773384
67933.000000000000,-743079.809121712460,-5463270.893021274358,3195911.159308334347
67934.000000000000,-743079.698075211840,-5463270.936063438654,3195911.128266571090
67935.000000000000,-743079.122778162477,-5463271.110401337966,3195910.968371913303
67936.000000000000,-743077.814150378807,-5463271.512462476268,3195910.579126111232
67937.000000000000,-743076.092204825836,-5463272.034133440815,3195910.074729254469
67938.000000000000,-743073.574915894773,-5463272.813694076613,3195909.330768276006
67939.000000000000,-743070.547934139962,-5463273.773596392013,3195908.435051900800
67940.000000000000,-743067.854266217677,-5463274.593111939728,3195907.665756838396
67941.000000000000,-743064.982573607820,-5463275.472484010272,3195906.871998262592
67942.000000000000,-743063.173363303882,-5463276.043039310724,3195906.362692582421
67943.000000000000,-743062.421000508359,-5463276.282435121946,3195906.144447143190
67944.000000000000,-743061.954336551833,-5463276.386636125855,3195905.999969251454
67945.000000000000,-743061.254621398286,-5463276.617531635799,3195905.784066406544
67946.000000000000,-743060.312245773734,-5463276.890209588222,3195905.493501814548
67947.000000000000,-743058.373231064412,-5463277.371512013488,3195904.910515968222
67948.000000000000,-743054.915882457863,-5463278.503028197214,3195903.930747364182
67949.000000000000,-743051.452135559754,-5463279.459768883884,3195902.919451753143
67950.000000000000,-743048.431092494866,-5463280.323960265145,3195902.099537457339
67951.000000000000,-743044.968623815104,-5463281.248928803951,3195901.240377556067
67952.000000000000,-743040.238547824672,-5463282.600630686618,3195900.169756452553
67953.000000000000,-743034.683759588865,-5463284.265563558787,3195898.697973366361
67954.000000000000,-743028.701033537393,-5463286.114244664088,3195896.988428964745
67955.000000000000,-743022.195235247025,-5463288.129132914357,3195895.121132095810
67956.000000000000,-743015.395752542419,-5463290.254266750999,3195893.183622058481
67957.000000000000,-743008.787923268974,-5463292.292410320602,3195891.272250785027
67958.000000000000,-743002.693333558622,-5463294.128501570784,3195889.374396787025
67959.000000000000,-742996.873048513778,-5463295.969399292022,3195887.608156050555
67960.000000000000,-742991.228007677244,-5463297.809642811306,3195885.888186695520
67961.000000000000,-742985.649840193451,-5463299.509068747051,3195884.295374093577
67962.000000000000,-742980.235917705810,-5463301.115451373160,3195882.832622312009
67963.000000000000,-742975.166311115376,-5463302.584472807124,3195881.516967855394
67964.000000000000,-742970.822568904608,-5463303.910520186648,3195880.280735134613
67965.000000000000,-742967.218627389055,-5463305.019480528310,3195879.236502491869
67966.000000000000,-742964.597222144832,-5463305.857459074818,3195878.413128841203
67967.000000000000,-742962.694762401748,-5463306.479425755329,3195877.781908970326
67968.000000000000,-742961.506572814425,-5463306.847668007016,3195877.417496595532
67969.000000000000,-742961.349266181584,-5463306.888652902097,3195877.377349543385
67970.000000000000,-742961.406163992477,-5463306.475373975933,3195877.057583876420
67971.000000000000,-742961.406821057899,-5463306.478247873485,3195877.058515982702
67972.000000000000,-742961.407737878384,-5463306.479416408576,3195877.057670007460
67973.000000000000,-742961.413803706761,-5463306.476535238326,3195877.060768164229
67974.000000000000,-742961.414923195378,-5463306.476160996594,3195877.061398045626
67975.000000000000,-742961.413699317607,-5463306.473441738635,3195877.061074867379
67976.000000000000,-742961.412748944596,-5463306.467559072189,3195877.061582136899
67977.000000000000,-742961.414267088752,-5463306.475439189002,3195877.060731380712
67978.000000000000,-742961.413588208263,-5463306.472048738040,3195877.063407451380
67979.000000000000,-742961.414602157311,-5463306.474216218106,3195877.062524846755
67980.000000000000,-742961.416508221184,-5463306.477161653340,3195877.063664557412
67981.000000000000,-742961.412444193498,-5463306.471072171815,3195877.056092821062
67982.000000000000,-742961.407706605387,-5463306.465024082921,3195877.048396103550
67983.000000000000,-742961.396428821608,-5463306.469824111089,3195877.053258123342
67984.000000000000,-742961.398782177246,-5463306.469737395644,3195877.052661077119
67985.000000000000,-742961.400760828285,-5463306.473122789524,3195877.053323360626
67986.000000000000,-742961.401513107587,-5463306.472109068185,3195877.053469039500
67987.000000000000,-742961.403443966177,-5463306.465625034645,3195877.048448637128
67988.000000000000,-742961.403700610390,-5463306.465467466973,3195877.050905073062
67989.000000000000,-742961.403039262979,-5463306.465976766311,3195877.051650756970
67990.000000000000,-742961.401820970001,-5463306.467579990625,3195877.055643582717
67991.000000000000,-742961.400297418702,-5463306.467439654283,3195877.055112027563
67992.000000000000,-742961.395739944768,-5463306.466966523789,3195877.051818366162
67993.000000000000,-742961.394964242354,-5463306.467571375892,3195877.051598821767
67994.000000000000,-742961.393765920191,-5463306.468457914889,3195877.052755727898
67995.000000000000,-742961.394331254065,-5463306.466967548244,3195877.051473348401
67996.000000000000,-742961.391827441636,-5463306.463465404697,3195877.050229556859
67997.000000000000,-742961.394717618590,-5463306.464867539704,3195877.050810291898
67998.000000000000,-742961.395834847470,-5463306.464857072569,3195877.051366900560
67999.000000000000,-742961.417591425939,-5463306.477563803084,3195877.063420949038
68000.000000000000,-742961.416569051566,-5463306.479140348732,3195877.062537509017
68001.000000000000,-742961.417490208638,-5463306.478805522434,3195877.063272770960
68002.000000000000,-742961.394623768050,-5463306.464317022823,3195877.054417513311
68003.000000000000,-742961.402898670756,-5463306.470342187211,3195877.055801502429
68004.000000000000,-742961.416611092631,-5463306.478273442015,3195877.063819362782
68005.000000000000,-742961.416504394147,-5463306.480860385112,3195877.063871530350
68006.000000000000,-742961.415180955199,-5463306.479026306421,3195877.064670176245
68007.000000000000,-742961.399735021638,-5463306.466750892811,3195877.055418627337
68008.000000000000,-742961.413639887469,-5463306.477775284089,3195877.061159169767
68009.000000000000,-742961.416712992010,-5463306.484502553940,3195877.067656265106
68010.000000000000,-742961.417267644079,-5463306.490187016316,3195877.071227194276
68011.000000000000,-742961.408657444525,-5463306.486234006472,3195877.065466966014
68012.000000000000,-742961.383691225899,-5463306.479129049927,3195877.047395301051
68013.000000000000,-742961.387877746951,-5463306.479506641626,3195877.046409024391
68014.000000000000,-742961.404023084440,-5463306.501370949671,3195877.059840707108
68015.000000000000,-742961.414508217014,-5463306.522793713957,3195877.068344798405
68016.000000000000,-742961.409212810569,-5463306.519928335212,3195877.065027457662
68017.000000000000,-742961.373048502137,-5463306.503058605827,3195877.046511034947
68018.000000000000,-742961.355547170853,-5463306.518387142569,3195877.040651790332
68019.000000000000,-742961.355074266205,-5463306.536348011345,3195877.047769536264
68020.000000000000,-742961.355546717299,-5463306.546925341710,3195877.052387759555
68021.000000000000,-742961.359055121196,-5463306.545937989838,3195877.051252180245
68022.000000000000,-742961.334420982515,-5463306.516732931137,3195877.035849246196
68023.000000000000,-742961.342740087188,-5463306.526352066547,3195877.039468745701
68024.000000000000,-742961.359276053379,-5463306.553908409551,3195877.053887093905
68025.000000000000,-742961.359020148404,-5463306.560423301533,3195877.058788376395
68026.000000000000,-742961.361717369291,-5463306.560871992260,3195877.056705766823
68027.000000000000,-742961.333911116119,-5463306.521195826121,3195877.038424640428
68028.000000000000,-742961.335637524724,-5463306.522523730993,3195877.039689344354
68029.000000000000,-742961.350645693019,-5463306.537150220014,3195877.049442938995
68030.000000000000,-742961.351784294588,-5463306.571581022814,3195877.060788810719
68031.000000000000,-742961.070603462169,-5463306.666674342938,3195876.964843316935
68032.000000000000,-742960.325551302754,-5463306.837493180297,3195876.718257991597
68033.000000000000,-742959.830752622918,-5463306.993240302429,3195876.559725844767
68034.000000000000,-742959.251734963153,-5463307.254601976834,3195876.391077362001
68035.000000000000,-742958.637095614104,-5463307.461078999564,3195876.195854132529
68036.000000000000,-742957.905716973124,-5463307.698011980392,3195875.956662194338
68037.000000000000,-742956.943323786254,-5463308.015169195831,3195875.667355466634
68038.000000000000,-742955.729668406071,-5463308.395028220490,3195875.340306503698
68039.000000000000,-742953.957153032185,-5463308.948493221775,3195874.808794816956
68040.000000000000,-742951.544428818161,-5463309.706425429322,3195874.071408774704
68041.000000000000,-742949.356293795398,-5463310.392463785596,3195873.403200037777
68042.000000000000,-742948.173221873585,-5463310.762787460350,3195873.019222243689
68043.000000000000,-742947.212999221520,-5463311.085423579440,3195872.742919968907
68044.000000000000,-742946.162851899746,-5463311.439955099486,3195872.442980413791
68045.000000000000,-742944.139628095436,-5463311.959176852368,3195871.998370939400
68046.000000000000,-742940.418984254124,-5463312.838534909301,3195871.373917224817
68047.000000000000,-742935.800104283029,-5463314.105361856520,3195870.674188773613
68048.000000000000,-742930.558770392323,-5463315.649200607091,3195869.512423400767
68049.000000000000,-742924.588231727947,-5463317.291042204015,3195868.096105547622
68050.000000000000,-742917.974500345415,-5463319.038041175343,3195866.456693178508
68051.000000000000,-742910.970206637634,-5463320.987884344533,3195864.626973208971
68052.000000000000,-742903.599484949140,-5463323.228895409964,3195862.447582880501
68053.000000000000,-742895.914118871442,-5463325.754599023610,3195859.858388275839
68054.000000000000,-742887.940540945157,-5463328.370515210554,3195857.161676190794
68055.000000000000,-742879.777954997960,-5463331.112087382935,3195854.362074349541
68056.000000000000,-742871.895517464960,-5463333.752187513746,3195851.613799464423
68057.000000000000,-742864.184751821915,-5463336.175762676634,3195849.077486190014
68058.000000000000,-742856.869794564904,-5463338.503889997490,3195846.831653110683
68059.000000000000,-742849.950601555523,-5463340.637399421073,3195844.819258143194
68060.000000000000,-742843.833755342988,-5463342.492146168835,3195843.100281868596
68061.000000000000,-742838.529373810277,-5463344.176671626978,3195841.631245929282
68062.000000000000,-742833.887455453631,-5463345.574188894592,3195840.347421549726
68063.000000000000,-742830.189961498952,-5463346.677405969240,3195839.352449390572
68064.000000000000,-742827.714898745413,-5463347.437943936326,3195838.649066189304
68065.000000000000,-742825.993511881912,-5463347.984408137389,3195838.138934384566
68066.000000000000,-742825.144254420069,-5463348.302591023967,3195837.893898551818
68067.000000000000,-742824.935105631361,-5463348.414357035421,3195837.847100092564
68068.000000000000,-742824.703789701336,-5463348.551424343139,3195837.783555275761
68069.000000000000,-742823.528041396406,-5463348.962059462443,3195837.465569928288
68070.000000000000,-742821.808145188144,-5463349.511032166891,3195836.993034224957
68071.000000000000,-742820.251552483649,-5463349.988945238292,3195836.554082325660
68072.000000000000,-742819.327391773229,-5463350.297227364033,3195836.290965717286
68073.000000000000,-742818.900736561976,-5463350.449163630605,3195836.169387392700
68074.000000000000,-742818.886459366069,-5463350.488620095886,3195836.172748258803
68075.000000000000,-742818.880614849040,-5463350.540497679263,3195836.190703480970
68076.000000000000,-742818.868141178740,-5463350.593259813264,3195836.209094655700
68077.000000000000,-742818.861676326487,-5463350.654252842069,3195836.243370889220
68078.000000000000,-742818.858713279595,-5463350.707369144075,3195836.272574831266
68079.000000000000,-742818.849175025593,-5463350.732666403055,3195836.284285224043
68080.000000000000,-742818.841813701089,-5463350.743693116121,3195836.287584767211
68081.000000000000,-742818.834110167460,-5463350.750051584095,3195836.289470795076
68082.000000000000,-742818.824372724979,-5463350.757241611369,3195836.289835216012
68083.000000000000,-742818.808636309463,-5463350.774582548998,3195836.294162676670
68084.000000000000,-742818.773184541613,-5463350.972825190984,3195836.371631808113
68085.000000000000,-742818.761783935362,-5463350.984449205920,3195836.370527634397
68086.000000000000,-742818.649366357247,-5463351.051202123985,3195836.356246227864
68087.000000000000,-742817.843965450302,-5463351.303339420818,3195836.151566043962
68088.000000000000,-742815.506586935138,-5463351.986832401715,3195835.457269734703
68089.000000000000,-742811.736572952475,-5463353.127889573574,3195834.440177399199
68090.000000000000,-742806.915489428211,-5463355.576255215332,3195833.588094470557
68091.000000000000,-742801.240345918806,-5463357.517894871533,3195832.018215867691
68092.000000000000,-742794.723844474764,-5463359.602124102414,3195830.298860834446
68093.000000000000,-742787.439419670380,-5463362.021142400801,3195828.275298437569
68094.000000000000,-742779.373985656770,-5463364.651896414347,3195826.136544106528
68095.000000000000,-742771.150071416167,-5463367.404483125545,3195823.747090407647
68096.000000000000,-742763.168576510041,-5463370.092551279813,3195821.336042838637
68097.000000000000,-742755.228689929005,-5463372.730560441501,3195818.977192847989
68098.000000000000,-742747.623712114990,-5463375.268946002237,3195816.658329236321
68099.000000000000,-742740.306966486271,-5463377.683327365667,3195814.445410116576
68100.000000000000,-742733.443781116861,-5463379.909855651669,3195812.444445618428
68101.000000000000,-742727.082800218486,-5463381.818892511539,3195810.724711523391
68102.000000000000,-742722.064810219686,-5463383.250757784583,3195809.402965387795
68103.000000000000,-742718.823729262338,-5463384.164842170663,3195808.497539327946
68104.000000000000,-742717.121187747922,-5463384.617937579751,3195808.013268509880
68105.000000000000,-742715.808798486134,-5463384.942734761164,3195807.645337380003
68106.000000000000,-742713.928331752191,-5463385.501069708727,3195807.037002018653
68107.000000000000,-742711.671335603460,-5463386.519956943579,3195805.768849721178
68108.000000000000,-742709.799121913500,-5463387.965764768422,3195803.515708224848
68109.000000000000,-742708.993813604233,-5463390.035489142872,3195800.007803203072
68110.000000000000,-742709.474716086756,-5463392.182680023834,3195795.398627730086
68111.000000000000,-742711.160788614536,-5463394.713067433797,3195790.157417770009
68112.000000000000,-742713.429232331924,-5463397.447513621300,3195784.717367597390
68113.000000000000,-742715.576757850475,-5463400.276890132576,3195779.464282388799
68114.000000000000,-742717.871680432116,-5463403.290165800601,3195773.881877379492
68115.000000000000,-742720.371993850218,-5463406.287580700591,3195768.113578482531
68116.000000000000,-742723.173260741634,-5463409.114510549232,3195762.446953652427
68117.000000000000,-742726.192900457769,-5463411.713673490100,3195757.176327729598
68118.000000000000,-742728.901995574939,-5463414.134944749065,3195752.453900609165
68119.000000000000,-742731.173090403667,-5463416.277881787159,3195748.283313363325
68120.000000000000,-742732.868403955828,-5463418.002888121642,3195744.910891287494
68121.000000000000,-742733.972134718206,-5463419.241941050626,3195742.513764198869
68122.000000000000,-742734.723701370880,-5463420.152278378606,3195740.779498916119
68123.000000000000,-742735.084975600243,-5463420.586791574024,3195739.946299172472
68124.000000000000,-742735.101840470568,-5463420.611342804506,3195739.907683188096
68125.000000000000,-742735.101899118745,-5463420.611419672146,3195739.917014032137
68126.000000000000,-742735.101106155664,-5463420.611587587744,3195739.918664981145
68127.000000000000,-742735.099129663664,-5463420.600578918122,3195739.928334539756
68128.000000000000,-742735.099673409481,-5463420.588266056031,3195739.930860743392
68129.000000000000,-742735.198942705989,-5463420.689708995633,3195739.708030200563
68130.000000000000,-742735.586649156641,-5463421.176424104720,3195738.791550413705
68131.000000000000,-742736.321800849983,-5463422.108251750469,3195737.016843765043
68132.000000000000,-742737.407321757637,-5463423.503374836408,3195734.447326889262
68133.000000000000,-742738.725055556162,-5463425.065599751659,3195731.380850848742
68134.000000000000,-742739.988042453770,-5463426.635481519625,3195728.402877124492
68135.000000000000,-742741.375604365137,-5463428.292895777151,3195725.235046829097
68136.000000000000,-742742.907083293772,-5463429.742968086153,3195722.270794437267
68137.000000000000,-742744.958987018792,-5463430.954323698767,3195719.657040938269
68138.000000000000,-742747.632257885067,-5463431.852347783744,3195717.502567527816
68139.000000000000,-742751.356639904669,-5463432.254893184640,3195715.954567515757
68140.000000000000,-742755.792845183401,-5463431.777652004734,3195715.732088549063
68141.000000000000,-742760.489848697092,-5463430.666946281679,3195716.609759560786
68142.000000000000,-742765.826770573971,-5463429.138008967973,3195718.095441187266
68143.000000000000,-742771.676516228239,-5463427.377982543781,3195719.850314653479
68144.000000000000,-742777.704549481627,-5463425.571720824577,3195721.660206497647
68145.000000000000,-742784.107982748537,-5463423.671742949635,3195723.507679543924
68146.000000000000,-742790.452883726568,-5463421.816599275917,3195725.322523852810
68147.000000000000,-742796.612695578136,-5463420.029186975211,3195727.014831373934
68148.000000000000,-742802.392786283046,-5463418.364804806188,3195728.650151664391
68149.000000000000,-742807.723672710592,-5463416.801434842870,3195730.181778380182
68150.000000000000,-742812.420586721506,-5463415.362820971757,3195731.616708262824
68151.000000000000,-742816.659326530178,-5463414.085127053782,3195732.867160492111
68152.000000000000,-742820.216333134100,-5463413.028389608487,3195733.881083611865
68153.000000000000,-742822.609983027680,-5463412.341341176070,3195734.541984483134
68154.000000000000,-742823.965843630140,-5463411.938782167621,3195734.917735774536
68155.000000000000,-742825.060564442887,-5463411.591984912753,3195735.212561688386
68156.000000000000,-742826.312609821907,-5463411.148711731657,3195735.609457283281
68157.000000000000,-742827.675950672128,-5463410.657410601154,3195736.033438937273
68158.000000000000,-742828.931971211103,-5463410.322727754712,3195736.386665462982
68159.000000000000,-742829.674985155929,-5463410.058919236995,3195736.599596498068
68160.000000000000,-742829.978150063544,-5463409.936439353041,3195736.708183725365
68161.000000000000,-742829.985924363369,-5463409.930585182272,3195736.710866604000
68162.000000000000,-742829.992550853174,-5463409.923584986478,3195736.720706462394
68163.000000000000,-742830.003078472684,-5463409.919620366767,3195736.735838678665
68164.000000000000,-742830.018982875859,-5463409.918298555538,3195736.752170052379
68165.000000000000,-742830.027341283974,-5463409.923069069162,3195736.763033790514
68166.000000000000,-742830.042395460070,-5463409.925827890635,3195736.773824696429
68167.000000000000,-742830.059468264692,-5463409.924950652756,3195736.785426016897
68168.000000000000,-742830.078561480739,-5463409.926680568606,3195736.793658984825
68169.000000000000,-742830.097376843332,-5463409.929232357070,3195736.802758207545
68170.000000000000,-742830.116354001104,-5463409.928736861795,3195736.811510506086
68171.000000000000,-742830.138158756658,-5463409.927495329641,3195736.815031383652
68172.000000000000,-742830.158811753266,-5463409.925947864540,3195736.818518575747
68173.000000000000,-742830.176782305934,-5463409.918441410176,3195736.820541142020
68174.000000000000,-742830.194863717770,-5463409.906909740530,3195736.819919749629
68175.000000000000,-742830.347490413813,-5463409.862622215413,3195736.864366652910
68176.000000000000,-742831.711994232261,-5463409.444295359775,3195737.275271658320
68177.000000000000,-742834.917745531187,-5463408.411242762581,3195738.153810231481
68178.000000000000,-742839.903560230858,-5463406.835006069392,3195739.644129524473
68179.000000000000,-742846.525060511311,-5463404.865120911971,3195741.639087323565
68180.000000000000,-742854.082095498801,-5463402.408256628551,3195743.745642245747
68181.000000000000,-742862.000209276914,-5463400.070433667861,3195745.875845085829
68182.000000000000,-742870.431536747958,-5463397.496486552060,3195748.271826345474
68183.000000000000,-742879.097769054002,-5463394.654990924522,3195751.006994104013
68184.000000000000,-742887.772639711853,-5463391.969342966564,3195753.515928418376
68185.000000000000,-742896.569595500478,-5463389.391184456646,3195755.713293510489
68186.000000000000,-742905.222065302311,-5463386.870366107672,3195757.945087323431
68187.000000000000,-742913.390504824114,-5463384.377700275742,3195760.248888448346
68188.000000000000,-742920.950834489195,-5463382.004911480471,3195762.460229891818
68189.000000000000,-742927.367285604589,-5463379.993545948528,3195764.374825629871
68190.000000000000,-742932.508406837936,-5463378.368567866273,3195765.888427540660
68191.000000000000,-742937.013408790110,-5463376.975517718121,3195767.113556963857
68192.000000000000,-742941.394714626833,-5463375.602919336408,3195768.465913529042
68193.000000000000,-742946.750933891395,-5463374.106342902407,3195770.175572240259
68194.000000000000,-742952.730708980467,-5463372.293523439206,3195772.132649959531
68195.000000000000,-742958.954648881452,-5463370.295273082331,3195774.216036007740
68196.000000000000,-742965.398663168889,-5463368.337415394373,3195776.332881733309
68197.000000000000,-742971.729683481855,-5463366.394588762894,3195778.280634428840
68198.000000000000,-742977.770684557036,-5463364.453267661855,3195779.888675270136
68199.000000000000,-742983.758888676995,-5463362.654994445853,3195781.368017344270
68200.000000000000,-742989.860311113880,-5463360.934257972986,3195782.759865891654
68201.000000000000,-742996.615788760362,-5463358.942489163019,3195784.422960737254
68202.000000000000,-743003.930933621014,-5463356.711166406982,3195786.494330888614
68203.000000000000,-743011.792707686895,-5463354.148454778828,3195788.757890337612
68204.000000000000,-743019.854444638593,-5463351.668659873307,3195791.199811697006
68205.000000000000,-743027.760609159130,-5463349.185515209101,3195793.593111851718
68206.000000000000,-743035.322035806952,-5463346.880671714433,3195795.877295545302
68207.000000000000,-743042.410849289619,-5463344.624253260903,3195797.909468990285
68208.000000000000,-743048.721860063262,-5463342.744186956435,3195799.767473399173
68209.000000000000,-743054.121045992943,-5463341.052930246107,3195801.361547518522
68210.000000000000,-743058.554986711591,-5463339.331531045027,3195802.661540393252
68211.000000000000,-743062.119584525353,-5463338.190518299118,3195803.694122296758
68212.000000000000,-743064.962391224341,-5463337.351005199365,3195804.549439622555
68213.000000000000,-743067.602660103235,-5463336.533256187104,3195805.343421908561
68214.000000000000,-743071.060842366656,-5463335.441351344809,3195806.404615344480
68215.000000000000,-743075.647459971602,-5463333.952901314944,3195807.828791925684
68216.000000000000,-743080.955079416977,-5463332.210962909274,3195809.599761237390
68217.000000000000,-743086.986398384091,-5463330.119561996311,3195811.600465282332
68218.000000000000,-743093.902499545948,-5463328.192700442858,3195813.613599600270
68219.000000000000,-743100.937912454596,-5463325.932984313928,3195815.606488366146
68220.000000000000,-743108.351308935438,-5463323.868943183683,3195817.688278269023
68221.000000000000,-743115.946816436830,-5463321.680296151899,3195819.602140495088
68222.000000000000,-743123.652499997290,-5463319.078343137167,3195821.842215068638
68223.000000000000,-743131.407761176233,-5463316.780393570662,3195823.893517402001
68224.000000000000,-743138.607628643163,-5463314.678445499390,3195825.746889778879
68225.000000000000,-743145.128687208286,-5463312.569823004305,3195827.609819144942
68226.000000000000,-743151.204903928796,-5463310.596036975272,3195829.351542437449
68227.000000000000,-743156.449926213594,-5463308.721079668961,3195830.743736545090
68228.000000000000,-743160.679799376172,-5463307.240094700828,3195831.921580850612
68229.000000000000,-743163.862324431655,-5463306.145812970586,3195832.831416687462
68230.000000000000,-743165.678516391665,-5463305.549909872003,3195833.274164905772
68231.000000000000,-743166.785075576045,-5463305.154848836362,3195833.517104259692
68232.000000000000,-743167.541343213408,-5463304.951892650686,3195833.694205642212
68233.000000000000,-743167.875438783783,-5463304.836399492808,3195833.714431805536
68234.000000000000,-743167.889452532283,-5463304.831108182669,3195833.682160035707
68235.000000000000,-743167.903840328567,-5463304.810269157402,3195833.658897328191
68236.000000000000,-743167.906452375348,-5463304.776179607958,3195833.624513097573
68237.000000000000,-743167.904365898110,-5463304.751695862971,3195833.599246023223
68238.000000000000,-743167.896339282161,-5463304.717027263716,3195833.571834018454
68239.000000000000,-743167.887984891422,-5463304.682396207936,3195833.544180803467
68240.000000000000,-743167.920732462197,-5463304.647582519799,3195833.514982928522
68241.000000000000,-743168.101487177424,-5463304.522041627206,3195833.511655032169
68242.000000000000,-743168.566234472790,-5463304.321283590049,3195833.606058965903
68243.000000000000,-743169.985405741725,-5463303.834843157791,3195834.003770806827
68244.000000000000,-743171.708449657774,-5463303.243327729404,3195834.479496093933
68245.000000000000,-743174.406210389221,-5463302.310790366493,3195835.248394646216
68246.000000000000,-743178.422575649805,-5463300.987588162534,3195836.504451875109
68247.000000000000,-743183.438611355145,-5463299.436492301524,3195838.149653347209
68248.000000000000,-743188.526350012398,-5463297.799545797519,3195839.572871121112
68249.000000000000,-743193.907256165403,-5463296.221018970013,3195841.039929065388
68250.000000000000,-743199.691461633658,-5463294.393593588844,3195842.495500847232
68251.000000000000,-743205.844149364508,-5463292.749176477082,3195844.084023886826
68252.000000000000,-743212.091001572669,-5463291.203082645312,3195845.698119356297
68253.000000000000,-743218.374566073180,-5463289.359356881119,3195847.465222335886
68254.000000000000,-743224.887893932173,-5463287.352046445012,3195849.323612861801
68255.000000000000,-743231.551753388369,-5463285.332514390349,3195851.268542310689
68256.000000000000,-743238.284151896718,-5463283.249224117957,3195853.243347966112
68257.000000000000,-743244.250491606188,-5463281.367305767722,3195855.058860541321
68258.000000000000,-743249.562980595510,-5463279.648786564358,3195856.763926113024
68259.000000000000,-743254.466394658084,-5463278.124442770146,3195858.228006018326
68260.000000000000,-743258.565689566312,-5463276.741557317786,3195859.540478307754
68261.000000000000,-743261.973135409760,-5463275.313193421811,3195861.073056292720
68262.000000000000,-743264.669359001215,-5463273.977405294776,3195862.655012693722
68263.000000000000,-743266.772216620739,-5463272.952947305515,3195863.837113548070
68264.000000000000,-743268.355762582156,-5463272.368560560979,3195864.460088297259
68265.000000000000,-743269.120845180820,-5463272.186172880232,3195864.636229329742
68266.000000000000,-743269.202489435091,-5463272.169057697989,3195864.659418489784
68267.000000000000,-743269.196765920264,-5463272.159515673295,3195864.649940367788
68268.000000000000,-743269.195316426223,-5463272.144273110665,3195864.629052320961
68269.000000000000,-743269.187419123598,-5463272.119627813809,3195864.590691355988
68270.000000000000,-743269.175404079841,-5463272.082130560651,3195864.535165893845
68271.000000000000,-743269.161098866374,-5463272.039117412642,3195864.469638482668
68272.000000000000,-743269.146278372151,-5463271.991378227249,3195864.396008265205
68273.000000000000,-743269.130293945316,-5463271.946095581166,3195864.321225248743
68274.000000000000,-743269.115664430894,-5463271.899475665763,3195864.253553658258
68275.000000000000,-743269.102458620910,-5463271.854188919999,3195864.190176680684
68276.000000000000,-743269.092759324587,-5463271.815498199314,3195864.137434074190
68277.000000000000,-743269.068411845830,-5463271.761434728280,3195864.062203741167
68278.000000000000,-743269.046139728162,-5463271.712794181891,3195863.993311418686
68279.000000000000,-743269.026140160393,-5463271.670617963187,3195863.934128328227
68280.000000000000,-743269.005257626413,-5463271.629894009791,3195863.876458209474
68281.000000000000,-743268.980959896813,-5463271.593012145720,3195863.807173802983
68282.000000000000,-743268.964818833396,-5463271.547199162655,3195863.737512771506
68283.000000000000,-743268.949094907613,-5463271.501027747989,3195863.672438160051
68284.000000000000,-743268.938809493440,-5463271.458248873241,3195863.621268095449
68285.000000000000,-743268.923650352750,-5463271.424116509967,3195863.572688845452
68286.000000000000,-743268.911135029281,-5463271.393661299720,3195863.528965868521
68287.000000000000,-743268.901838318561,-5463271.365879523568,3195863.488257162273
68288.000000000000,-743268.897730099969,-5463271.340234315954,3195863.453491314314
68289.000000000000,-743268.892257854110,-5463271.316145441495,3195863.418886212632
68290.000000000000,-743268.878189038136,-5463271.273320627399,3195863.365553897340
68291.000000000000,-743268.872125239577,-5463271.240341735072,3195863.328646038659
68292.000000000000,-743268.937649919419,-5463271.197603241540,3195863.320481386036
68293.000000000000,-743269.888784651062,-5463270.887035145424,3195863.582533328794
68294.000000000000,-743272.408422859153,-5463270.114399594255,3195864.287188690156
68295.000000000000,-743276.050288187223,-5463268.983747732826,3195865.301811122335
68296.000000000000,-743280.713345609838,-5463267.610634416342,3195866.609519457445
68297.000000000000,-743286.201262256713,-5463266.069637733512,3195868.205112093128
68298.000000000000,-743292.436337317107,-5463264.590695233084,3195869.751588466577
68299.000000000000,-743299.130343689700,-5463262.723844119348,3195871.269706992898
68300.000000000000,-743305.652992556337,-5463260.973158218898,3195872.813016841654
68301.000000000000,-743311.364976490615,-5463259.377756411210,3195874.068942399230
68302.000000000000,-743315.806170485914,-5463258.149460470304,3195875.145801802631
68303.000000000000,-743318.730769018643,-5463257.339813046157,3195875.904899111949
68304.000000000000,-743320.676459372393,-5463256.724097913131,3195876.421931748278
68305.000000000000,-743321.647225869820,-5463256.370181970298,3195876.666994022671
68306.000000000000,-743321.954286912805,-5463256.225580291823,3195876.712390413973
68307.000000000000,-743321.945214663865,-5463256.225004563108,3195876.688964281231
68308.000000000000,-743321.948596200673,-5463256.226943103597,3195876.670407389291
68309.000000000000,-743321.952310302760,-5463256.236795436591,3195876.654835049994
68310.000000000000,-743321.992211082485,-5463256.239794356748,3195876.648832631763
68311.000000000000,-743322.275715671130,-5463256.170310079120,3195876.759215499740
68312.000000000000,-743322.761914859526,-5463256.025606219657,3195876.892823677044
68313.000000000000,-743323.678232059348,-5463255.766851547174,3195877.156974316575
68314.000000000000,-743325.811626167037,-5463255.116420116276,3195877.739817949943
68315.000000000000,-743329.506978882942,-5463254.063834331930,3195878.618200402707
68316.000000000000,-743334.029921785230,-5463252.724872115068,3195879.748530999292
68317.000000000000,-743337.506308490527,-5463251.648793777451,3195880.756252813153
68318.000000000000,-743340.389858508832,-5463250.814026788808,3195881.501712298486
68319.000000000000,-743344.317309254897,-5463249.641228276305,3195882.558134768158
68320.000000000000,-743349.269159187446,-5463247.987360673957,3195884.141163674649
68321.000000000000,-743354.202820638311,-5463246.399475412443,3195885.674944285303
68322.000000000000,-743358.658721512882,-5463244.925429861993,3195887.012704478111
68323.000000000000,-743362.378709062003,-5463243.707921897992,3195888.093731715810
68324.000000000000,-743365.218208848732,-5463242.805005312897,3195888.912939341739
68325.000000000000,-743367.050289309234,-5463242.220039696433,3195889.461463200394
68326.000000000000,-743368.054061179399,-5463241.922098672017,3195889.739819875918
68327.000000000000,-743368.803594670608,-5463241.690929024480,3195889.956739804707
68328.000000000000,-743368.970346648246,-5463241.623976184987,3195890.011471023783
68329.000000000000,-743368.968026244547,-5463241.625407825224,3195890.012984007131
68330.000000000000,-743368.970104594016,-5463241.625971372239,3195890.014308783691
68331.000000000000,-743368.969480453408,-5463241.625394209288,3195890.013514041435
68332.000000000000,-743368.968983640429,-5463241.623828570358,3195890.012251276523
68333.000000000000,-743368.966506821802,-5463241.623315440491,3195890.012865290977
68334.000000000000,-743368.965516704600,-5463241.623204338364,3195890.012552937027
68335.000000000000,-743368.964229172328,-5463241.622706074268,3195890.012607031036
68336.000000000000,-743368.962485092808,-5463241.622087643482,3195890.013210987207
68337.000000000000,-743368.960720204865,-5463241.621092969552,3195890.012628110126
68338.000000000000,-743368.957598469337,-5463241.620732480660,3195890.013135659974
68339.000000000000,-743368.956260683597,-5463241.621301285923,3195890.012490774505
68340.000000000000,-743368.955294009182,-5463241.621185597032,3195890.011325706728
68341.000000000000,-743368.963536676718,-5463241.620542279445,3195890.019526418298
68342.000000000000,-743369.161779748625,-5463241.555301369168,3195890.103021603543
68343.000000000000,-743369.678574497462,-5463241.378884905949,3195890.280224922579
68344.000000000000,-743371.156478108373,-5463240.913511584513,3195890.708980633877
68345.000000000000,-743373.838803694700,-5463240.094801723957,3195891.459779629484
68346.000000000000,-743376.624715933460,-5463239.235898412764,3195892.228532637935
68347.000000000000,-743379.154479520395,-5463238.443597526290,3195892.920254212338
68348.000000000000,-743382.208363525104,-5463237.453171580099,3195893.779493753798
68349.000000000000,-743386.382019290235,-5463235.992302012630,3195895.114296318032
68350.000000000000,-743391.234278461430,-5463234.364435203373,3195896.823073920794
68351.000000000000,-743396.950206248555,-5463232.535075664520,3195898.556740994565
68352.000000000000,-743403.263066930813,-5463230.645590228960,3195900.181590514723
68353.000000000000,-743409.930002242094,-5463228.707186073065,3195901.952302651014
68354.000000000000,-743416.558695097105,-5463226.662841270678,3195903.594361864962
68355.000000000000,-743423.087925099069,-5463224.596791763790,3195905.339278374799
68356.000000000000,-743429.189135528984,-5463222.670244050212,3195907.062239644583
68357.000000000000,-743434.514663810027,-5463221.010193758644,3195908.585912692826
68358.000000000000,-743439.265925322776,-5463219.526235437021,3195909.945701547898
68359.000000000000,-743443.575844111736,-5463218.189610388130,3195911.106747535523
68360.000000000000,-743447.349656331935,-5463217.007931500673,3195912.124832455069
68361.000000000000,-743450.597213536617,-5463216.003510940820,3195913.023860229179
68362.000000000000,-743453.636685774894,-5463215.106162412092,3195913.780321984086
68363.000000000000,-743456.082959048566,-5463214.402062808163,3195914.385432470590
68364.000000000000,-743458.014659525594,-5463213.808633864857,3195914.845765580889
68365.000000000000,-743459.554019554984,-5463213.353702148423,3195915.225569785573
68366.000000000000,-743460.901752404869,-5463212.944005401805,3195915.561149838846
68367.000000000000,-743462.007517483900,-5463212.605612053536,3195915.846891534049
68368.000000000000,-743462.878573694034,-5463212.326567400247,3195916.071596364956
68369.000000000000,-743463.481314157718,-5463212.118716035038,3195916.214020769112
68370.000000000000,-743463.821785540436,-5463211.993590444326,3195916.289193321485
68371.000000000000,-743464.738797297818,-5463211.675895182416,3195916.530555219389
68372.000000000000,-743466.843737464980,-5463211.008750967681,3195917.048021197319
68373.000000000000,-743469.138609826332,-5463210.292375125922,3195917.643652391154
68374.000000000000,-743471.423805397353,-5463209.570960835554,3195918.197266852017
68375.000000000000,-743473.673295282177,-5463208.879313213751,3195918.770465224981
68376.000000000000,-743475.931629897328,-5463208.179871879518,3195919.370370479766
68377.000000000000,-743478.513332429691,-5463207.429403511807,3195920.076066639740
68378.000000000000,-743480.159869915107,-5463206.963299502619,3195920.542474656366
68379.000000000000,-743480.589960421785,-5463206.891802167520,3195920.680303118192
68380.000000000000,-743480.531201614300,-5463206.956722919829,3195920.689078598749
68381.000000000000,-743480.495367916650,-5463207.029314990155,3195920.706292909570
68382.000000000000,-743480.439798451611,-5463207.110280302353,3195920.715376110747
68383.000000000000,-743480.381858896115,-5463207.182141290978,3195920.732713333797
68384.000000000000,-743480.523657722864,-5463207.165646739304,3195920.649261973333
68385.000000000000,-743481.202446080511,-5463206.902801690623,3195920.880839600693
68386.000000000000,-743482.965593205648,-5463206.357513247989,3195921.249094095547
68387.000000000000,-743486.210526991636,-5463205.404417602345,3195921.966204629745
68388.000000000000,-743491.076934231445,-5463203.919517617673,3195923.129968490452
68389.000000000000,-743497.340674009640,-5463201.903273168020,3195924.716703311540
68390.000000000000,-743504.165577030624,-5463199.613994522020,3195926.632994870655
68391.000000000000,-743511.113922560471,-5463197.443075481802,3195928.836318331305
68392.000000000000,-743517.961255278322,-5463195.334800074808,3195930.953798376024
68393.000000000000,-743524.733682946302,-5463193.178858499974,3195933.015667981934
68394.000000000000,-743531.960603109794,-5463191.259593341500,3195935.012738868594
68395.000000000000,-743539.805464611389,-5463189.136128856800,3195937.180933292955
68396.000000000000,-743548.097026540083,-5463186.546862898394,3195939.785560422111
68397.000000000000,-743556.698319194722,-5463183.184416835196,3195942.602079459932
68398.000000000000,-743565.618074835162,-5463180.424318592995,3195945.302255676128
68399.000000000000,-743575.086358516593,-5463177.775831623003,3195948.058379788883
68400.000000000000,-743585.047296358389,-5463174.679569438100,3195951.048066912219
68401.000000000000,-743595.693451360334,-5463171.435795522295,3195954.153323809616
68402.000000000000,-743606.662211895338,-5463167.998164894059,3195957.160929821432
68403.000000000000,-743617.824273900827,-5463164.725150829181,3195960.313680422027
68404.000000000000,-743628.449615011923,-5463161.691227483563,3195963.367689797655
68405.000000000000,-743638.119979524869,-5463158.917967146263,3195966.262402602006
68406.000000000000,-743647.021908052266,-5463156.566000316292,3195968.597428036854
68407.000000000000,-743655.380368262995,-5463155.174477888271,3195969.397128215060
68408.000000000000,-743663.081944252830,-5463154.372079952620,3195968.957078985870
68409.000000000000,-743669.975139343762,-5463153.331686861813,3195968.925526621286
68410.000000000000,-743676.189800786320,-5463151.779370330274,3195969.794549669605
68411.000000000000,-743681.507729747565,-5463150.024059332907,3195971.311415816657
68412.000000000000,-743685.689171241014,-5463148.493469559588,3195972.722146112472
68413.000000000000,-743688.463117091800,-5463147.493340829387,3195973.585286256857
68414.000000000000,-743690.177238199161,-5463146.851339139976,3195974.090575923678
68415.000000000000,-743690.123045807006,-5463145.408381156623,3195973.987322913017
68416.000000000000,-743690.144630289520,-5463145.397090741433,3195973.987524594180
68417.000000000000,-743690.217171985772,-5463145.373998718336,3195973.984027247876
68418.000000000000,-743690.723450506339,-5463145.198151480407,3195974.143266932573
68419.000000000000,-743692.385192058980,-5463144.682092600502,3195974.564839021768
68420.000000000000,-743694.983074226067,-5463144.072219053283,3195974.977431771811
68421.000000000000,-743698.159382156795,-5463143.731368910521,3195974.705106446985
68422.000000000000,-743701.423110548640,-5463144.027708426118,3195973.273851842619
68423.000000000000,-743704.452062910073,-5463145.077363472432,3195970.472479162272
68424.000000000000,-743707.139204269508,-5463146.835387089290,3195966.661392691080
68425.000000000000,-743709.134559134487,-5463148.973676881753,3195962.413207584526
68426.000000000000,-743710.735654661548,-5463151.381697960198,3195957.833091749810
68427.000000000000,-743712.273583733477,-5463153.875567669980,3195952.988802280277
68428.000000000000,-743713.817376607563,-5463156.286482522264,3195948.308913351968
68429.000000000000,-743715.287659538328,-5463158.358978656121,3195943.851524367463
68430.000000000000,-743716.738114941050,-5463160.243101866916,3195939.828832176514
68431.000000000000,-743717.882014703355,-5463161.691692016087,3195936.704826378729
68432.000000000000,-743718.873234519851,-5463162.904822985642,3195934.013272395823
68433.000000000000,-743719.696399274166,-5463163.945057519712,3195931.690394577570
68434.000000000000,-743720.283527893363,-5463164.679461166263,3195929.915579070337
68435.000000000000,-743720.685897668125,-5463165.163850113750,3195928.790810495615
68436.000000000000,-743720.884166765143,-5463165.389199540019,3195928.308031939901
68437.000000000000,-743720.889834020054,-5463165.397962164134,3195928.284736845177
68438.000000000000,-743720.890377450734,-5463165.398872116581,3195928.286078391597
68439.000000000000,-743720.888986774371,-5463165.397548445500,3195928.281736192293
68440.000000000000,-743720.889531634282,-5463165.397984471172,3195928.279559655115
68441.000000000000,-743720.890345213586,-5463165.397653466091,3195928.277635252569
68442.000000000000,-743720.892115297727,-5463165.398716535419,3195928.276856533717
68443.000000000000,-743720.892940513557,-5463165.397739927284,3195928.279132460710
68444.000000000000,-743720.892488922691,-5463165.397865260951,3195928.278053100221
68445.000000000000,-743720.892216169625,-5463165.397721800022,3195928.275960716885
68446.000000000000,-743720.892655483680,-5463165.397218449973,3195928.275075201876
68447.000000000000,-743720.893248028820,-5463165.396904914640,3195928.277127161622
68448.000000000000,-743720.892685378902,-5463165.397513798438,3195928.280268042348
68449.000000000000,-743720.914642544580,-5463165.423384233378,3195928.211453588679
68450.000000000000,-743721.186854339903,-5463165.722330017015,3195927.509485751856
68451.000000000000,-743721.397375541506,-5463165.953984476626,3195926.982591611799
68452.000000000000,-743721.485671743285,-5463166.049092440866,3195926.757535336539
68453.000000000000,-743721.496222522925,-5463166.057411134243,3195926.738802075386
68454.000000000000,-743721.496403084602,-5463166.057730489410,3195926.738092755433
68455.000000000000,-743721.496879704995,-5463166.058503609151,3195926.736518559977
68456.000000000000,-743721.497455030913,-5463166.057956086472,3195926.738820017315
68457.000000000000,-743721.499237219570,-5463166.057896312326,3195926.737317363266
68458.000000000000,-743721.499272075715,-5463166.057482344098,3195926.735465451609
68459.000000000000,-743721.497893408523,-5463166.057456816547,3195926.737006814685
68460.000000000000,-743721.498093982460,-5463166.057954975404,3195926.734662435483
68461.000000000000,-743721.496432875399,-5463166.058705915697,3195926.733581161126
68462.000000000000,-743721.495347740129,-5463166.059532476589,3195926.734224113636
68463.000000000000,-743721.494539234904,-5463166.058185553178,3195926.734773355536
68464.000000000000,-743721.493883729912,-5463166.058039827272,3195926.737367038149
68465.000000000000,-743721.543437828077,-5463166.108465160243,3195926.615311028901
68466.000000000000,-743721.672321690479,-5463166.263319140300,3195926.263675513677
68467.000000000000,-743721.719413146260,-5463166.306833921000,3195926.155251337215
68468.000000000000,-743721.725460322690,-5463166.307534740306,3195926.155827596318
68469.000000000000,-743721.725710244384,-5463166.305749086663,3195926.157923964318
68470.000000000000,-743721.722802475793,-5463166.304409981705,3195926.157825001050
68471.000000000000,-743721.724893334671,-5463166.305401384830,3195926.157240029890
68472.000000000000,-743721.723360658740,-5463166.305818316527,3195926.157528810669
68473.000000000000,-743721.724507052917,-5463166.306668180041,3195926.154275695793
68474.000000000000,-743721.725119261188,-5463166.306037792005,3195926.156700973865
68475.000000000000,-743721.723725582473,-5463166.306018943898,3195926.158974054735
68476.000000000000,-743721.724636383587,-5463166.307301648892,3195926.159460528288
68477.000000000000,-743721.724557271460,-5463166.306105236523,3195926.158611354418
68478.000000000000,-743721.724749127985,-5463166.305976849981,3195926.157656271011
68479.000000000000,-743721.724551085732,-5463166.305021754466,3195926.158227462322
68480.000000000000,-743721.725661388482,-5463166.305505528115,3195926.158069347031
68481.000000000000,-743721.725613785442,-5463166.305013935082,3195926.159886468202
68482.000000000000,-743721.725796265644,-5463166.305291491561,3195926.158745790832
68483.000000000000,-743721.724053579033,-5463166.304990453646,3195926.159628394525
68484.000000000000,-743721.724472324830,-5463166.304618094116,3195926.160925383680
68485.000000000000,-743721.794532210450,-5463166.379134399816,3195925.985188097227
68486.000000000000,-743722.019079157268,-5463166.631775184534,3195925.403987297788
68487.000000000000,-743722.319733402343,-5463166.960382158868,3195924.676353062037
68488.000000000000,-743722.544824376237,-5463167.208615631796,3195924.117765952833
68489.000000000000,-743722.652485499159,-5463167.332956700586,3195923.834915270098
68490.000000000000,-743722.729213336832,-5463167.419210613705,3195923.645088659599
68491.000000000000,-743722.720863827388,-5463167.417491781525,3195923.640803989489
68492.000000000000,-743722.715581612429,-5463167.409886402078,3195923.641107329633
68493.000000000000,-743722.715467345319,-5463167.412647205405,3195923.645623324439
68494.000000000000,-743722.717783549335,-5463167.415264024399,3195923.646567407995
68495.000000000000,-743722.718033352634,-5463167.414763793349,3195923.645910360385
68496.000000000000,-743722.730749367154,-5463167.432212680578,3195923.604642595630
68497.000000000000,-743722.793779453961,-5463167.497520519421,3195923.448828764260
68498.000000000000,-743722.811837458634,-5463167.516713283025,3195923.403220663778
68499.000000000000,-743722.813120785286,-5463167.521137150005,3195923.403256880585
68500.000000000000,-743722.814071827917,-5463167.522587987594,3195923.400204749778
68501.000000000000,-743722.813425511122,-5463167.523213627748,3195923.399119487498
68502.000000000000,-743722.814767021453,-5463167.523069437593,3195923.399154195096
68503.000000000000,-743722.815158539568,-5463167.523499857634,3195923.398727292661
68504.000000000000,-743722.814832364093,-5463167.524594713934,3195923.398811715189
68505.000000000000,-743722.814771358389,-5463167.524512541480,3195923.396419198718
68506.000000000000,-743722.815359377186,-5463167.524459614418,3195923.396326070651
68507.000000000000,-743722.815246476908,-5463167.524807756767,3195923.396865043323
68508.000000000000,-743722.814408143982,-5463167.524710223079,3195923.397451519966
68509.000000000000,-743722.814492251957,-5463167.525226716883,3195923.396932164207
68510.000000000000,-743722.814366160077,-5463167.524547357112,3195923.398507287726
68511.000000000000,-743722.814787359559,-5463167.525037642568,3195923.397338245995
68512.000000000000,-743722.816547341878,-5463167.524810491130,3195923.396868200973
68513.000000000000,-743722.816415948095,-5463167.524382481351,3195923.398937039543
68514.000000000000,-743722.816091706627,-5463167.524467907846,3195923.398024334107
68515.000000000000,-743722.814733581268,-5463167.524059679359,3195923.397626745049
68516.000000000000,-743722.817631523591,-5463167.524071089923,3195923.395304243080
68517.000000000000,-743722.818115153117,-5463167.523372570984,3195923.392671351787
68518.000000000000,-743722.886205269024,-5463167.592246482149,3195923.237098742276
68519.000000000000,-743723.094128226978,-5463167.816931275651,3195922.731950905174
68520.000000000000,-743723.766899061506,-5463168.547444655560,3195921.124010971747
68521.000000000000,-743724.760126149980,-5463169.633869314566,3195918.757304674480
68522.000000000000,-743725.840299699805,-5463170.857892424800,3195916.206098182127
68523.000000000000,-743726.938136199256,-5463172.135216346942,3195913.702282364946
68524.000000000000,-743727.674558284227,-5463172.978021675721,3195912.047083034646
68525.000000000000,-743728.130080619827,-5463173.485848867334,3195911.027727234643
68526.000000000000,-743728.701262800954,-5463174.133392612450,3195909.754065005109
68527.000000000000,-743729.440847056336,-5463175.094227832742,3195907.880015632603
68528.000000000000,-743730.055254622479,-5463176.588807033375,3195905.164017684292
68529.000000000000,-743730.173597997054,-5463178.405365705490,3195902.355644589756
68530.000000000000,-743729.445187702077,-5463180.520990924910,3195899.170762949158
68531.000000000000,-743727.076585495612,-5463183.004091178067,3195895.486061947886
68532.000000000000,-743722.286586700124,-5463185.756304022856,3195891.757858316880
68533.000000000000,-743715.084330100217,-5463188.550900912844,3195888.524785791058
68534.000000000000,-743705.932546065655,-5463191.313857007772,3195885.840411804151
68535.000000000000,-743695.564366966952,-5463194.455987103283,3195882.819874895737
68536.000000000000,-743684.429329075268,-5463197.916773640551,3195879.358331427909
68537.000000000000,-743673.271805645782,-5463201.415957593359,3195875.695089685731
68538.000000000000,-743662.164045965881,-5463204.976345553994,3195872.067336834967
68539.000000000000,-743650.933244941523,-5463208.417297418229,3195868.703853632323
68540.000000000000,-743639.537536430988,-5463211.829599793069,3195865.576352013275
68541.000000000000,-743627.847467308631,-5463215.336401653476,3195862.375403745100
68542.000000000000,-743615.787750890478,-5463219.018967493437,3195858.867985183839
68543.000000000000,-743603.270915655768,-5463223.008320455439,3195855.198636298534
68544.000000000000,-743590.317145582754,-5463227.175265016034,3195851.328168614302
68545.000000000000,-743577.054283718113,-5463231.507787197828,3195847.243689203169
68546.000000000000,-743563.744984438177,-5463235.906429415569,3195843.037461704109
68547.000000000000,-743550.600854836754,-5463240.272666920908,3195838.782217969652
68548.000000000000,-743537.791565794265,-5463244.563728832640,3195834.570373922121
68549.000000000000,-743525.398937162361,-5463248.671064507216,3195830.651512486394
68550.000000000000,-743513.529874667525,-5463252.584801977500,3195827.047329329886
68551.000000000000,-743502.272812889889,-5463256.229334988631,3195823.743413886987
68552.000000000000,-743491.831042542006,-5463259.667213462293,3195820.795424316078
68553.000000000000,-743482.501973145525,-5463262.706951616332,3195818.229656035546
68554.000000000000,-743474.207337355358,-5463265.380256570876,3195815.969052047003
68555.000000000000,-743467.000905215275,-5463267.703290036879,3195813.965462035034
68556.000000000000,-743460.928135413677,-5463269.676519147120,3195812.232369332109
68557.000000000000,-743456.244897313649,-5463271.245018176734,3195810.821740597952
68558.000000000000,-743453.210746031953,-5463272.274996714666,3195809.860322636552
68559.000000000000,-743451.644704903127,-5463272.796173171140,3195809.357277908828
68560.000000000000,-743451.226877945592,-5463272.937030890025,3195809.228098206222
68561.000000000000,-743451.233738626353,-5463272.925007656217,3195809.229099395219
68562.000000000000,-743451.231116163894,-5463272.920767459087,3195809.230201720726
68563.000000000000,-743451.232314719353,-5463272.922254717909,3195809.229733664542
68564.000000000000,-743451.235008623567,-5463272.918083931319,3195809.223745183554
68565.000000000000,-743451.238881698810,-5463272.918321792036,3195809.224256260786
68566.000000000000,-743451.242946371203,-5463272.920276471414,3195809.222113573458
68567.000000000000,-743451.241204480175,-5463272.915693411604,3195809.223436660599
68568.000000000000,-743451.226100938278,-5463272.916493760422,3195809.215232764371
68569.000000000000,-743450.664440302528,-5463273.101271594875,3195809.033005360980
68570.000000000000,-743448.496342720697,-5463273.843951621093,3195808.378054291010
68571.000000000000,-743444.790280595771,-5463275.112236465327,3195807.240189505275
68572.000000000000,-743439.476967088645,-5463276.862673392519,3195805.581887211185
68573.000000000000,-743432.929140712484,-5463279.131398958154,3195803.462482104078
68574.000000000000,-743425.960600093007,-5463281.628446727991,3195801.078742062207
68575.000000000000,-743418.464186583995,-5463284.383170285262,3195798.394121510442
68576.000000000000,-743410.649989969097,-5463287.192474987358,3195795.653446405195
68577.000000000000,-743403.077596180723,-5463289.875310886651,3195792.996602077037
68578.000000000000,-743395.289783979300,-5463292.568529583514,3195790.347931201104
68579.000000000000,-743386.911961993552,-5463295.467505180277,3195787.516996006016
68580.000000000000,-743378.224297858309,-5463298.311256947927,3195784.771347016562
68581.000000000000,-743369.323058197042,-5463301.102426492609,3195782.027518373914
68582.000000000000,-743360.434893546393,-5463303.920050402172,3195779.331010268070
68583.000000000000,-743351.512344620540,-5463306.766600098461,3195776.653396313544
68584.000000000000,-743342.519267080468,-5463309.558576204814,3195774.062947155442
68585.000000000000,-743333.573104880634,-5463312.305450035259,3195771.627704902086
68586.000000000000,-743324.631537145004,-5463315.032778106630,3195769.272880275268
68587.000000000000,-743315.585762347910,-5463317.773689245805,3195766.879370053299
68588.000000000000,-743306.073362620315,-5463320.611988737248,3195764.406039766967
68589.000000000000,-743296.226607663790,-5463323.544317511842,3195761.852670913097
68590.000000000000,-743286.485477132257,-5463326.444447950460,3195759.328792628832
68591.000000000000,-743276.881205988582,-5463329.219038982876,3195756.952202815097
68592.000000000000,-743267.313629286014,-5463332.070983039215,3195754.318346074782
68593.000000000000,-743257.411093255039,-5463335.027731841430,3195751.579275155440
68594.000000000000,-743247.139955562307,-5463338.031678916886,3195748.784003877547
68595.000000000000,-743236.550265092636,-5463341.117655022070,3195745.984368016478
68596.000000000000,-743225.837931130198,-5463344.310599762946,3195743.203911721706
68597.000000000000,-743214.910476877587,-5463347.658085519448,3195740.371220834553
68598.000000000000,-743203.576675714925,-5463351.237854121253,3195737.463994750287
68599.000000000000,-743191.596099579707,-5463354.880067151040,3195734.416876225267
68600.000000000000,-743178.946577337105,-5463358.771218254231,3195731.096456794534
68601.000000000000,-743166.080466771731,-5463362.818342405371,3195727.558066088706
68602.000000000000,-743153.244995130226,-5463366.821532008238,3195724.004369659349
68603.000000000000,-743140.414132004604,-5463370.810568054207,3195720.469694184605
68604.000000000000,-743127.528913465794,-5463374.810612862930,3195716.851035808679
68605.000000000000,-743114.843975779135,-5463378.893341301940,3195713.220344369300
68606.000000000000,-743103.078264421201,-5463382.579673189670,3195709.696687947027
68607.000000000000,-743093.016119133914,-5463385.773475513794,3195706.821364868432
68608.000000000000,-743084.938457146171,-5463388.276401718147,3195704.594149444718
68609.000000000000,-743078.130419521476,-5463390.354388352484,3195702.797494562343
68610.000000000000,-743072.471315641887,-5463392.086169779301,3195701.379745140206
68611.000000000000,-743067.081378849689,-5463393.476646061055,3195700.123496199492
68612.000000000000,-743061.053333503893,-5463395.120085086673,3195699.085830674041
68613.000000000000,-743054.881613318226,-5463396.682877091691,3195698.000103624072
68614.000000000000,-743049.275836235611,-5463398.227815857157,3195696.808169015683
68615.000000000000,-743044.861435746541,-5463399.552195410244,3195695.682513151318
68616.000000000000,-743041.554978326312,-5463400.594364933670,3195694.748958851676
68617.000000000000,-743039.643677116488,-5463401.194342236035,3195694.181929289363
68618.000000000000,-743039.107207700261,-5463401.375034079887,3195694.015080018435
68619.000000000000,-743039.115183871822,-5463401.367352684960,3195694.019193300512
68620.000000000000,-743039.113529931987,-5463401.365381754935,3195694.017598419450
68621.000000000000,-743039.113571028691,-5463401.363114641048,3195694.019227954559
68622.000000000000,-743039.115690071019,-5463401.363376042806,3195694.019793654326
68623.000000000000,-743039.114154788200,-5463401.361724128947,3195694.017750594299
68624.000000000000,-743039.115175170009,-5463401.359242992476,3195694.019170635846
68625.000000000000,-743039.113873453229,-5463401.358478521928,3195694.015536844730
68626.000000000000,-743039.111711593461,-5463401.355963556096,3195694.014514558483
68627.000000000000,-743039.012789543951,-5463401.388072091155,3195693.980426681694
68628.000000000000,-743037.822904637433,-5463401.744630079716,3195693.623123409692
68629.000000000000,-743034.653209644603,-5463402.718070177361,3195692.709751163609
68630.000000000000,-743029.781564396224,-5463404.164199381135,3195691.352178514469
68631.000000000000,-743023.240685988334,-5463406.037328451872,3195689.644692224916
68632.000000000000,-743015.331105135381,-5463408.317208904773,3195687.766568929423
68633.000000000000,-743006.984561625170,-5463410.841398535296,3195685.758020358160
68634.000000000000,-742998.026099868817,-5463413.342991273850,3195683.306860175915
68635.000000000000,-742988.107849182794,-5463416.237943690270,3195680.498767236713
68636.000000000000,-742977.471291807014,-5463419.389977484010,3195677.524193098303
68637.000000000000,-742966.294672818156,-5463422.765060059726,3195674.307853734586
68638.000000000000,-742954.618551147985,-5463426.330831109546,3195670.946344639175
68639.000000000000,-742943.164502123836,-5463429.761567884125,3195667.612046782393
68640.000000000000,-742932.535651585902,-5463433.032421049662,3195664.597885224503
68641.000000000000,-742923.169733511633,-5463436.007811687887,3195661.875593089033
68642.000000000000,-742915.394695163239,-5463438.439104597084,3195659.595955494326
68643.000000000000,-742909.273334111553,-5463440.293788446113,3195657.827560803387
68644.000000000000,-742904.671178898541,-5463441.697536243126,3195656.472022159491
68645.000000000000,-742901.582874504966,-5463442.286999685690,3195655.503688098397
68646.000000000000,-742900.402843876393,-5463442.628209785558,3195655.175501334015
68647.000000000000,-742900.359695063089,-5463442.639898100868,3195655.157323057298
68648.000000000000,-742900.359617412789,-5463442.630792515352,3195655.155210583005
68649.000000000000,-742900.360222077114,-5463442.627491539344,3195655.151998325251
68650.000000000000,-742900.359048466897,-5463442.626389538869,3195655.152645275462
68651.000000000000,-742900.360489183804,-5463442.627499023452,3195655.149812089279
68652.000000000000,-742900.359684105730,-5463442.625715287402,3195655.150706181768
68653.000000000000,-742900.361597881769,-5463442.627593131736,3195655.151927754749
68654.000000000000,-742900.362514585606,-5463442.626538314857,3195655.152925128583
68655.000000000000,-742900.363596508978,-5463442.628581536934,3195655.156187625136
68656.000000000000,-742900.364713058923,-5463442.630419683643,3195655.156986990012
68657.000000000000,-742900.362074792851,-5463442.628111168742,3195655.156889309641
68658.000000000000,-742900.363907599589,-5463442.626588524319,3195655.156746535562
68659.000000000000,-742900.177495752811,-5463442.673447645269,3195655.100835290737
68660.000000000000,-742898.623306974769,-5463443.160526946187,3195654.665653027594
68661.000000000000,-742895.430540055153,-5463444.199461353011,3195653.689728836063
68662.000000000000,-742891.246644035447,-5463445.316286435351,3195652.736624715850
68663.000000000000,-742886.754052053788,-5463446.018433088437,3195652.604717898648
68664.000000000000,-742882.193362907390,-5463445.890289042145,3195653.868264850229
68665.000000000000,-742878.121521692956,-5463444.523287818767,3195657.118914875202
68666.000000000000,-742875.332595271990,-5463442.054061046802,3195662.079591497779
68667.000000000000,-742872.725934408954,-5463439.066642885096,3195668.053900141269
68668.000000000000,-742870.049662962323,-5463435.622626352124,3195674.849639803171
68669.000000000000,-742867.636436298490,-5463431.827276316471,3195682.215597048402
68670.000000000000,-742865.088466976536,-5463428.002462331206,3195689.798233597539
68671.000000000000,-742862.029367700452,-5463423.910638374276,3195697.920950099360
68672.000000000000,-742858.512104317779,-5463419.390823767520,3195706.863445054740
68673.000000000000,-742854.564582630061,-5463414.635027838871,3195716.412223590072
68674.000000000000,-742850.246545433183,-5463409.677974809892,3195726.331554365810
68675.000000000000,-742845.643290934619,-5463404.540546477772,3195736.645917055197
68676.000000000000,-742840.821732137701,-5463399.082901637070,3195747.293543635402
68677.000000000000,-742835.865291932016,-5463393.487939451821,3195758.261442737654
68678.000000000000,-742830.871510688914,-5463387.820523045026,3195769.460019666236
68679.000000000000,-742826.018869664054,-5463382.207046420313,3195780.794707857538
68680.000000000000,-742821.462681462755,-5463376.768148233183,3195791.832677654456
68681.000000000000,-742816.822937679244,-5463371.274012494832,3195802.598176203668
68682.000000000000,-742812.281014913809,-5463366.042087784037,3195813.023332993966
68683.000000000000,-742807.889916181914,-5463360.933790174313,3195823.078146198764
68684.000000000000,-742803.296529092593,-5463356.160122326575,3195832.722933689132
68685.000000000000,-742798.847958338447,-5463351.353250420652,3195842.396146643441
68686.000000000000,-742794.319829142070,-5463346.571721311659,3195852.187912989873
68687.000000000000,-742789.859057142632,-5463341.561653650366,3195862.239500663709
68688.000000000000,-742785.575983805116,-5463336.324357408099,3195872.552715312224
68689.000000000000,-742781.430770947598,-5463330.940642635338,3195883.445440021809
68690.000000000000,-742776.985442126053,-5463325.580922755413,3195894.320480855182
68691.000000000000,-742772.497646533418,-5463320.491214626469,3195904.786243856419
68692.000000000000,-742767.776074228925,-5463315.588776904158,3195914.769835949875
68693.000000000000,-742762.519020366715,-5463310.912784390152,3195924.534312294796
68694.000000000000,-742758.310522263171,-5463304.943716370501,3195933.981348895468
68695.000000000000,-742753.989314437960,-5463299.884556489997,3195943.598326746374
68696.000000000000,-742749.798857143265,-5463295.006002479233,3195952.875715577975
68697.000000000000,-742745.994923014543,-5463290.487695597112,3195961.744206355885
68698.000000000000,-742742.485981802340,-5463286.149922761135,3195970.075272468384
68699.000000000000,-742739.278814823716,-5463282.318674926646,3195977.597665335983
68700.000000000000,-742736.526547344052,-5463278.726952913217,3195984.186785315163
68701.000000000000,-742734.260340098524,-5463275.956541098654,3195989.514900281094
68702.000000000000,-742732.669951740187,-5463273.977884136140,3195993.278118133079
68703.000000000000,-742731.670031590736,-5463272.788547853008,3195995.442488288507
68704.000000000000,-742731.004944342421,-5463272.013863937929,3195996.873643121216
68705.000000000000,-742729.781929910067,-5463270.684194403701,3195999.413123204373
68706.000000000000,-742727.758319940651,-5463268.464670267887,3196003.850447535049
68707.000000000000,-742725.118108483846,-5463265.682708051056,3196009.660222822335
68708.000000000000,-742722.127856941079,-5463262.243160491809,3196016.202130271122
68709.000000000000,-742718.842050260049,-5463258.451076622121,3196023.250702925958
68710.000000000000,-742715.475114084780,-5463254.587539154105,3196030.699756182730
68711.000000000000,-742712.227729435195,-5463250.776927592233,3196038.011828694958
68712.000000000000,-742709.146332302946,-5463247.185662105680,3196044.934685269371
68713.000000000000,-742706.262716683326,-5463243.926991115324,3196051.286045782734
68714.000000000000,-742703.784378072945,-5463241.183119333349,3196056.575721890666
68715.000000000000,-742702.128769989242,-5463239.376140669920,3196060.107451156247
68716.000000000000,-742701.372925065691,-5463238.524604005739,3196061.693526880350
68717.000000000000,-742701.149525526445,-5463238.292100143619,3196062.162903526798
68718.000000000000,-742701.132058570278,-5463238.304548513144,3196062.138737797737
68719.000000000000,-742701.110536855529,-5463238.299223937094,3196062.117572625168
68720.000000000000,-742701.092165034614,-5463238.284132745117,3196062.103063956369
68721.000000000000,-742701.072102915728,-5463238.275110577233,3196062.093062970322
68722.000000000000,-742701.051203409443,-5463238.261988906190,3196062.084710194729
68723.000000000000,-742701.033183341264,-5463238.257389317267,3196062.073446321767
68724.000000000000,-742701.015899763792,-5463238.261933150701,3196062.065304311458
68725.000000000000,-742701.005420945003,-5463238.271532732062,3196062.063001899049
68726.000000000000,-742700.992587404442,-5463238.286146994680,3196062.057096683420
68727.000000000000,-742700.981031194446,-5463238.301881424151,3196062.053470435552
68728.000000000000,-742700.969190245611,-5463238.315004603937,3196062.048543028999
68729.000000000000,-742700.923996927333,-5463238.286154141650,3196062.111258525867
68730.000000000000,-742700.585885832785,-5463237.921412327327,3196062.830474944785
68731.000000000000,-742699.893744382192,-5463237.112914876081,3196064.376405679621
68732.000000000000,-742699.179546463420,-5463236.191281942651,3196066.027269610669
68733.000000000000,-742698.519671233022,-5463235.423768495210,3196067.480585810728
68734.000000000000,-742698.011826566304,-5463234.847307185642,3196068.635701008607
68735.000000000000,-742697.678165778983,-5463234.441833687015,3196069.407527023926
68736.000000000000,-742697.538558366592,-5463234.244549738243,3196069.736344091129
68737.000000000000,-742697.415145366220,-5463234.078680842184,3196070.010078049265
68738.000000000000,-742697.235755018890,-5463233.856415617280,3196070.429645642638
68739.000000000000,-742696.973217107705,-5463233.519557280466,3196071.028718686663
68740.000000000000,-742696.272076080553,-5463232.675982098095,3196072.638696830720
68741.000000000000,-742694.998679979588,-5463231.180685058236,3196075.624904393684
68742.000000000000,-742693.201439325814,-5463229.101929607801,3196079.734181229956
68743.000000000000,-742691.046432260075,-5463226.628496007062,3196084.514739030972
68744.000000000000,-742688.579725279007,-5463223.853749261238,3196089.919214542489
68745.000000000000,-742686.004474594607,-5463220.845165799372,3196095.838159767445
68746.000000000000,-742683.571141185006,-5463217.938217897899,3196101.577423510142
68747.000000000000,-742681.369518469670,-5463215.252272824757,3196106.786389935762
68748.000000000000,-742679.289604223450,-5463212.657754166983,3196111.728248932399
68749.000000000000,-742677.367551947478,-5463210.129252078012,3196116.556198068429
68750.000000000000,-742675.604821884772,-5463207.364876845852,3196121.884889393114
68751.000000000000,-742673.894755358924,-5463204.275622209534,3196127.798326833639
68752.000000000000,-742671.799235148705,-5463200.981757340021,3196134.228008442093
68753.000000000000,-742669.432218487840,-5463197.884179964662,3196140.413267853204
68754.000000000000,-742667.438411886455,-5463195.522002944723,3196145.265544026624
68755.000000000000,-742666.221414684667,-5463194.117179173976,3196148.167154426221
68756.000000000000,-742665.608259412344,-5463193.440170166083,3196149.690488975029
68757.000000000000,-742665.050497615943,-5463192.879260177724,3196150.945866782218
68758.000000000000,-742664.061046289629,-5463191.980398761109,3196152.963553854730
68759.000000000000,-742662.794869812671,-5463190.887616412714,3196155.458401668351
68760.000000000000,-742661.333174546715,-5463189.483701372519,3196158.695822237991
68761.000000000000,-742659.594351158943,-5463187.626801324077,3196162.968466129154
68762.000000000000,-742657.364590624464,-5463185.430151511915,3196168.128516014665
68763.000000000000,-742654.889554084395,-5463182.950281221420,3196173.930116949603
68764.000000000000,-742652.585989192710,-5463180.446163769811,3196179.742446765769
68765.000000000000,-742650.022412302322,-5463177.726370748132,3196186.061976171099
68766.000000000000,-742647.141805638210,-5463174.757022933103,3196192.894950198475
68767.000000000000,-742644.177243523067,-5463171.447153214365,3196200.275256646331
68768.000000000000,-742641.259833214921,-5463167.800064590760,3196207.917764028534
68769.000000000000,-742638.099322363501,-5463163.825517805293,3196215.606439705472
68770.000000000000,-742634.640319454949,-5463159.922397615388,3196223.472237968352
68771.000000000000,-742631.295575713622,-5463156.368484240957,3196230.871431778185
68772.000000000000,-742628.187815241865,-5463152.976992946118,3196237.892756602261
68773.000000000000,-742625.373732969514,-5463149.699263393879,3196244.477542882785
68774.000000000000,-742622.787309719133,-5463146.714055982418,3196250.535897769500
68775.000000000000,-742620.380264943582,-5463143.946779934689,3196256.029764843173
68776.000000000000,-742618.367434207816,-5463141.649869346991,3196260.624392757658
68777.000000000000,-742616.766407766845,-5463139.847388979048,3196264.261495622806
68778.000000000000,-742615.517458414426,-5463138.487039876170,3196267.005949298386
68779.000000000000,-742614.644726765924,-5463137.461346273310,3196268.973733517341
68780.000000000000,-742614.058204751811,-5463136.761617390439,3196270.316588571761
68781.000000000000,-742613.748353507603,-5463136.390447630547,3196271.022913961671
68782.000000000000,-742613.656927714939,-5463136.273820451461,3196271.234017185867
68783.000000000000,-742613.655548127135,-5463136.278274760582,3196271.224002889358
68784.000000000000,-742613.654352476238,-5463136.280742701143,3196271.223229089752
68785.000000000000,-742613.653419613023,-5463136.280152681284,3196271.225023102947
68786.000000000000,-742613.653505119379,-5463136.281371105462,3196271.225306856912
68787.000000000000,-742613.646094048396,-5463136.279842319898,3196271.225279483479
68788.000000000000,-742613.631830283557,-5463136.271667769179,3196271.223967824597
68789.000000000000,-742613.616910704644,-5463136.258154610172,3196271.225312307477
68790.000000000000,-742613.602781198220,-5463136.242218378931,3196271.224981657695
68791.000000000000,-742613.585615861928,-5463136.221728751436,3196271.223877662793
68792.000000000000,-742613.571937972796,-5463136.204044890590,3196271.227668908425
68793.000000000000,-742613.566467562923,-5463136.194549649954,3196271.225921408273
68794.000000000000,-742613.550402251771,-5463136.179626315832,3196271.228701672982
68795.000000000000,-742613.546501320088,-5463136.176275660284,3196271.231254830491
68796.000000000000,-742613.548100490356,-5463136.179472207092,3196271.230468989816
68797.000000000000,-742613.550664306385,-5463136.185153858736,3196271.231747078709
68798.000000000000,-742613.551387013867,-5463136.197929431684,3196271.232269819826
68799.000000000000,-742613.553716009133,-5463136.210082654841,3196271.232308866922
68800.000000000000,-742613.553347861045,-5463136.211882383563,3196271.233329012990
68801.000000000000,-742613.554775739438,-5463136.212835701182,3196271.228878560010
68802.000000000000,-742613.553620860446,-5463136.214675297961,3196271.227844697423
68803.000000000000,-742613.554082204821,-5463136.215061174706,3196271.227969121654
68804.000000000000,-742613.554864700185,-5463136.214338013902,3196271.226613708772
68805.000000000000,-742613.553070677444,-5463136.214451291598,3196271.228149926290
68806.000000000000,-742613.553077979595,-5463136.212990145199,3196271.227264627349
68807.000000000000,-742613.552673788043,-5463136.211988735944,3196271.228189584799
68808.000000000000,-742613.554867714760,-5463136.212292649783,3196271.227518083528
68809.000000000000,-742613.557195495581,-5463136.210402517579,3196271.228502691723
68810.000000000000,-742613.558552344795,-5463136.207601519302,3196271.232803541236
68811.000000000000,-742613.559796072426,-5463136.208123396151,3196271.230907953344
68812.000000000000,-742613.559421692626,-5463136.208892435767,3196271.229661989491
68813.000000000000,-742613.560634655878,-5463136.209724147804,3196271.231307036243
68814.000000000000,-742613.564293392352,-5463136.208548008464,3196271.230669869110
68815.000000000000,-742613.565200832323,-5463136.207589195110,3196271.234056689776
68816.000000000000,-742613.567339884932,-5463136.209450176917,3196271.233140966389
68817.000000000000,-742613.571115427651,-5463136.213476342149,3196271.233690727968
68818.000000000000,-742613.573857677286,-5463136.213820438832,3196271.235267489217
68819.000000000000,-742613.577942898031,-5463136.218332317658,3196271.234519637655
68820.000000000000,-742613.577114780084,-5463136.221466538496,3196271.236446915660
68821.000000000000,-742613.575977931614,-5463136.223370657302,3196271.233771806583
68822.000000000000,-742613.581970733590,-5463136.225762383081,3196271.234247979242
68823.000000000000,-742613.583513266640,-5463136.227081111632,3196271.238718150649
68824.000000000000,-742613.506326613948,-5463136.133907632902,3196271.406703356653
68825.000000000000,-742612.884642442106,-5463135.389974059537,3196272.878880627453
68826.000000000000,-742611.604245234514,-5463133.840223851614,3196275.930738821626
68827.000000000000,-742609.704124183860,-5463131.672539028339,3196280.468653098214
68828.000000000000,-742607.161545643234,-5463128.865417340770,3196286.294437186327
68829.000000000000,-742604.566060828045,-5463125.974314261228,3196292.286013577133
68830.000000000000,-742602.022096139262,-5463123.192378761247,3196298.004124239087
68831.000000000000,-742599.481605474721,-5463120.269601137377,3196303.677531074267
68832.000000000000,-742597.048786814557,-5463117.593367516063,3196309.088989195414
68833.000000000000,-742594.738627418876,-5463115.023488706909,3196314.233581312466
68834.000000000000,-742592.587146627367,-5463112.538141612895,3196319.183725997806
68835.000000000000,-742590.553530757083,-5463110.156225319020,3196323.922430160455
68836.000000000000,-742588.613622782752,-5463107.874112520367,3196328.403480449226
68837.000000000000,-742586.794581438764,-5463105.791638283059,3196332.561492562760
68838.000000000000,-742585.213537181029,-5463103.981708876789,3196336.192938807420
68839.000000000000,-742583.884739997215,-5463102.462179209106,3196339.180934054311
68840.000000000000,-742582.960788524942,-5463101.432934400626,3196341.267780459020
68841.000000000000,-742582.199234357104,-5463100.607762425207,3196342.871330455411
68842.000000000000,-742581.568124141078,-5463099.914075046778,3196344.282362530008
68843.000000000000,-742580.927768067690,-5463099.195848812349,3196345.702060971875
68844.000000000000,-742580.291527006542,-5463098.463797844946,3196347.104897927959
68845.000000000000,-742579.384658588213,-5463097.415422492661,3196349.146096794866
68846.000000000000,-742577.923568497878,-5463095.687545558438,3196352.513025726192
68847.000000000000,-742575.980104352231,-5463093.372756237164,3196357.079667398240
68848.000000000000,-742573.583846295369,-5463090.518704191782,3196362.546478212811
68849.000000000000,-742570.529867147561,-5463087.168467250653,3196369.065458155703
68850.000000000000,-742567.283899546368,-5463083.260839629918,3196376.627020824701
68851.000000000000,-742563.534172037966,-5463079.153006066568,3196384.664686762262
68852.000000000000,-742559.226170075475,-5463075.647624929436,3196392.559859940317
68853.000000000000,-742554.910723845009,-5463072.229199380614,3196400.531611491460
68854.000000000000,-742550.874024817022,-5463068.220822846517,3196409.093017934822
68855.000000000000,-742546.798016495421,-5463064.022850834765,3196418.511275668163
68856.000000000000,-742542.402179158409,-5463059.201357259415,3196428.506204482168
68857.000000000000,-742538.025999637437,-5463054.435970060527,3196438.122689866927
68858.000000000000,-742533.782081183977,-5463049.782214225270,3196447.494207088836
68859.000000000000,-742529.505312722176,-5463045.018166443333,3196457.037778208964
68860.000000000000,-742525.199557250249,-5463040.272178452462,3196466.518411015160
68861.000000000000,-742520.833426455734,-5463035.384007880464,3196475.874084056355
68862.000000000000,-742516.546745489235,-5463030.380347893573,3196485.185243045911
68863.000000000000,-742512.331305228523,-5463025.447111788206,3196494.378346538637
68864.000000000000,-742508.286045891815,-5463020.794306109659,3196503.284817374777
68865.000000000000,-742504.510540329851,-5463016.515375308692,3196511.584694998804
68866.000000000000,-742501.189466303564,-5463012.848773653619,3196518.997813140508
68867.000000000000,-742498.502058907878,-5463009.863352400251,3196525.063136790413
68868.000000000000,-742496.214711467153,-5463007.364639671519,3196530.188986632973
68869.000000000000,-742494.154977026512,-5463005.200980450027,3196534.727659107652
68870.000000000000,-742492.333041631500,-5463003.489886035211,3196538.383835722227
68871.000000000000,-742490.788090349874,-5463002.145386272110,3196541.158184460364
68872.000000000000,-742489.430898569757,-5463001.025681500323,3196543.411448114086
68873.000000000000,-742488.420379615854,-5463000.261829751544,3196544.988539693877
68874.000000000000,-742487.719528535381,-5462999.799960845150,3196545.956607206259
68875.000000000000,-742487.073902938282,-5462999.490358293988,3196546.758603764232
68876.000000000000,-742486.308597535128,-5462999.208706457168,3196547.545475068036
68877.000000000000,-742484.153613381786,-5462998.894639484584,3196548.884594182950
68878.000000000000,-742479.936210468179,-5462999.320949440822,3196549.787563213613
68879.000000000000,-742473.929262287915,-5463000.777891548350,3196549.485900492873
68880.000000000000,-742466.529568896280,-5463003.172739913687,3196547.932468850166
68881.000000000000,-742457.949980105623,-5463006.172457891516,3196545.696237344760
68882.000000000000,-742447.960560462205,-5463009.518604791723,3196543.030187550001
68883.000000000000,-742436.519692431670,-5463013.284406450577,3196539.902461215854
68884.000000000000,-742424.577024453320,-5463016.985678702593,3196536.667210628279
68885.000000000000,-742412.859711758560,-5463020.628842564300,3196533.499150317628
68886.000000000000,-742400.853022999829,-5463024.361559583806,3196530.113506752998
68887.000000000000,-742388.923844234436,-5463028.021877376363,3196526.692216669675
68888.000000000000,-742376.971037928131,-5463031.189383852296,3196523.069802267943
68889.000000000000,-742364.830098672304,-5463033.991832615808,3196519.934823851101
68890.000000000000,-742352.569346541888,-5463036.679831584916,3196517.030394983012
68891.000000000000,-742340.703541194787,-5463039.428278694861,3196514.011358046904
68892.000000000000,-742329.630566634936,-5463042.166345048696,3196510.937455095351
68893.000000000000,-742319.516760128550,-5463044.619778060354,3196508.038760606200
68894.000000000000,-742310.911486118566,-5463046.749654769897,3196505.492317978293
68895.000000000000,-742304.024557304219,-5463048.493008230813,3196503.374708542600
68896.000000000000,-742298.386162029579,-5463049.761054518633,3196501.837301686872
68897.000000000000,-742292.768827621709,-5463050.371283586137,3196501.523346582428
68898.000000000000,-742287.216823065770,-5463049.847245804034,3196503.269717950840
68899.000000000000,-742282.194468315458,-5463048.105061697774,3196507.213162041735
68900.000000000000,-742277.960403901641,-5463045.307332922705,3196512.924135412090
68901.000000000000,-742274.080214371788,-5463041.441150688566,3196520.004497096408
68902.000000000000,-742270.276064256206,-5463036.828598726541,3196528.237410509959
68903.000000000000,-742266.408882927499,-5463031.750993894413,3196537.068062342238
68904.000000000000,-742262.689753929386,-5463026.455728306435,3196546.066347463522
68905.000000000000,-742259.024495512946,-5463021.129597407766,3196555.248890820425
68906.000000000000,-742255.573449064163,-5463015.969147021882,3196564.167736750096
68907.000000000000,-742252.396580321249,-5463011.399073595181,3196572.197651979979
68908.000000000000,-742249.500187425874,-5463007.638250628486,3196579.053604469169
68909.000000000000,-742246.974393838085,-5463004.607778120786,3196584.720824697521
68910.000000000000,-742245.061869720113,-5463002.371819412336,3196588.765674930532
68911.000000000000,-742244.104246372823,-5463001.270248802379,3196590.851855396759
68912.000000000000,-742243.519715075614,-5463000.494323995896,3196591.789038618095
68913.000000000000,-742242.270358986105,-5462999.166579841636,3196594.486141806468
68914.000000000000,-742240.184614933096,-5462996.890723695979,3196599.152339151129
68915.000000000000,-742237.541282502352,-5462994.257164357230,3196605.267394908704
68916.000000000000,-742234.444521882222,-5462990.790700242855,3196612.634045235813
68917.000000000000,-742231.015084224287,-5462986.930896434002,3196621.044807437807
68918.000000000000,-742227.315248305094,-5462982.854562804103,3196630.061502176803
68919.000000000000,-742223.319859489216,-5462978.370407393202,3196639.633701398503
68920.000000000000,-742218.911920849816,-5462973.357743742876,3196649.777321056463
68921.000000000000,-742214.351950642420,-5462967.864228561521,3196660.088753351942
68922.000000000000,-742209.578623943613,-5462961.866960532963,3196670.568056409713
68923.000000000000,-742204.344173993915,-5462955.314512479119,3196681.409062878229
68924.000000000000,-742198.728194593103,-5462948.426116477698,3196692.334349064622
68925.000000000000,-742192.888597511919,-5462941.202844181098,3196703.441336665303
68926.000000000000,-742187.103314371780,-5462933.822179212235,3196714.952834056690
68927.000000000000,-742181.471128109610,-5462926.156141915359,3196726.888126102276
68928.000000000000,-742175.707854715758,-5462918.314952120185,3196739.102811934892
68929.000000000000,-742169.962304941611,-5462910.533463454805,3196751.449708634987
68930.000000000000,-742164.275125541259,-5462903.148863473907,3196763.546986224595
68931.000000000000,-742158.779616770451,-5462896.083813069388,3196775.394443004392
68932.000000000000,-742153.573526955326,-5462889.438344930299,3196786.884305506479
68933.000000000000,-742148.426524087787,-5462883.308794424869,3196797.853148982860
68934.000000000000,-742143.709033725318,-5462877.619652381167,3196808.138781738002
68935.000000000000,-742139.327073758584,-5462872.195784364827,3196817.862531337421
68936.000000000000,-742135.405327882036,-5462867.257284369320,3196826.711603642441
68937.000000000000,-742131.982820440666,-5462862.989867405966,3196834.551108982880
68938.000000000000,-742128.893844260252,-5462859.270129609853,3196841.379797138739
68939.000000000000,-742126.292048991774,-5462856.213100441732,3196847.006202639081
68940.000000000000,-742124.297488749027,-5462853.779069211334,3196851.501008491032
68941.000000000000,-742122.833947368897,-5462852.026705302298,3196854.795186310541
68942.000000000000,-742122.059565626667,-5462851.121173461899,3196856.505641766824
68943.000000000000,-742121.839587882860,-5462850.861594042741,3196856.988210597076
68944.000000000000,-742121.841031494783,-5462850.861470595002,3196856.984600064345
68945.000000000000,-742121.847452390706,-5462850.843316159211,3196856.977011315525
68946.000000000000,-742121.848212703480,-5462850.844990239479,3196856.977004094515
68947.000000000000,-742121.862046870519,-5462850.871806052513,3196856.989929847419
68948.000000000000,-742121.870536506176,-5462850.840977759100,3196856.978648509365
68949.000000000000,-742121.862669182010,-5462850.859020206146,3196856.976901433431
68950.000000000000,-742121.863784807269,-5462850.861202879809,3196856.976678670850
68951.000000000000,-742121.856208840851,-5462850.865054649301,3196856.976976022590
68952.000000000000,-742121.858092692448,-5462850.866100985557,3196856.977895330172
68953.000000000000,-742121.859532396193,-5462850.867659082636,3196856.977548168041
68954.000000000000,-742121.859791193507,-5462850.868603629060,3196856.978487288114
68955.000000000000,-742121.854084071470,-5462850.878749704920,3196856.986868794542
68956.000000000000,-742121.855043132440,-5462850.885255285539,3196856.990628089756
68957.000000000000,-742121.863094460219,-5462850.881515910849,3196856.984358895104
68958.000000000000,-742121.858939054655,-5462850.879586350173,3196856.986858746968
68959.000000000000,-742121.858352044015,-5462850.878300331533,3196856.985574387480
68960.000000000000,-742121.858666066197,-5462850.877729995176,3196856.986697969027
68961.000000000000,-742121.818192097358,-5462850.855201689526,3196857.064797751606
68962.000000000000,-742121.816072821384,-5462850.835202464834,3196857.084546528757
68963.000000000000,-742121.811509624124,-5462850.832974030636,3196857.088747010566
68964.000000000000,-742121.811552688945,-5462850.834300193004,3196857.087181384675
68965.000000000000,-742121.810214756872,-5462850.834007767029,3196857.087628432084
68966.000000000000,-742121.811125722248,-5462850.835175826214,3196857.087323701009
68967.000000000000,-742121.809839999652,-5462850.833979967982,3196857.096147829667
68968.000000000000,-742121.805998414638,-5462850.827222063206,3196857.090034475550
68969.000000000000,-742121.797671200940,-5462850.832968623377,3196857.088259974495
68970.000000000000,-742121.784507011180,-5462850.819346805103,3196857.112171868328
68971.000000000000,-742121.643352393876,-5462850.640571880154,3196857.444771321025
68972.000000000000,-742121.077006236184,-5462849.938440367579,3196858.783924438991
68973.000000000000,-742119.947027265560,-5462848.538547320291,3196861.429003719706
68974.000000000000,-742118.211572803673,-5462846.393951358274,3196865.482697561849
68975.000000000000,-742115.911061716732,-5462843.669083115645,3196870.696467015892
68976.000000000000,-742112.981701003271,-5462840.471347858198,3196876.873168546706
68977.000000000000,-742109.659193081781,-5462837.032020814717,3196883.721811171155
68978.000000000000,-742106.452821074403,-5462833.334730008617,3196891.036893676501
68979.000000000000,-742102.876512016170,-5462829.014620360918,3196899.057653713971
68980.000000000000,-742098.831192313461,-5462824.055900335312,3196907.988041107077
68981.000000000000,-742094.438450113870,-5462818.707250164822,3196917.894996914081
68982.000000000000,-742089.786600531661,-5462813.070142270066,3196928.385965996422
68983.000000000000,-742085.086866154918,-5462807.331342842430,3196939.093848173507
68984.000000000000,-742080.516490607872,-5462801.850774574094,3196949.673478544690
68985.000000000000,-742076.008473226451,-5462796.507827906869,3196959.956246071961
68986.000000000000,-742071.493310397607,-5462791.466668802314,3196970.325978116132
68987.000000000000,-742066.871630727197,-5462786.268562920392,3196980.647108035162
68988.000000000000,-742062.266866821679,-5462781.011166751385,3196990.740178688895
68989.000000000000,-742057.642812769860,-5462775.789288992994,3197001.080903427210
68990.000000000000,-742053.153845715104,-5462770.557122252882,3197011.403064061422
68991.000000000000,-742048.985718087759,-5462765.769385257736,3197021.070382895414
68992.000000000000,-742045.118803478079,-5462761.497008678503,3197029.896241028793
68993.000000000000,-742041.723099120078,-5462757.834685229696,3197037.583975199144
68994.000000000000,-742038.596216518199,-5462754.513245313428,3197044.437644624617
68995.000000000000,-742035.436545770848,-5462751.165167566389,3197051.419882413931
68996.000000000000,-742032.073540807236,-5462747.537005791441,3197058.841027240735
68997.000000000000,-742028.259123294731,-5462743.518086762168,3197066.888260495383
68998.000000000000,-742023.947284608497,-5462739.277139061131,3197075.523678818252
68999.000000000000,-742019.475096247974,-5462735.150420526974,3197084.463223950006
69000.000000000000,-742014.798087104107,-5462730.916045607068,3197093.383868685458
69001.000000000000,-742010.074755710084,-5462726.142305986956,3197102.313202728983
69002.000000000000,-742005.482605266385,-5462721.206237720326,3197111.626239962876
69003.000000000000,-742001.004227648489,-5462716.330927013420,3197121.054123168346
69004.000000000000,-741996.670086772763,-5462711.522676015273,3197129.995466846973
69005.000000000000,-741992.347789497697,-5462706.710749975406,3197138.822601648513
69006.000000000000,-741987.689149543759,-5462701.728992793709,3197147.800887019839
69007.000000000000,-741982.713407515897,-5462697.147738178261,3197156.438498320058
69008.000000000000,-741977.699811188271,-5462693.104304272681,3197164.262532993685
69009.000000000000,-741973.200711447746,-5462689.546065994538,3197171.064199395943
69010.000000000000,-741969.223558747559,-5462686.489655701444,3197177.067145467736
69011.000000000000,-741965.686687192880,-5462683.723503331654,3197182.482602894306
69012.000000000000,-741962.643314663204,-5462681.103708394803,3197187.436156163923
69013.000000000000,-741960.133596668951,-5462678.657979836687,3197191.939833165146
69014.000000000000,-741958.116420748527,-5462676.575832123868,3197195.921018279623
69015.000000000000,-741956.602407834260,-5462674.891326318495,3197199.283963408321
69016.000000000000,-741955.424711084110,-5462673.506808993407,3197201.957646995317
69017.000000000000,-741954.633709306945,-5462672.538183009252,3197203.803194663487
69018.000000000000,-741953.862073192257,-5462671.342902928591,3197204.761085388251
69019.000000000000,-741953.504949045018,-5462670.916515216231,3197205.502579911612
69020.000000000000,-741953.340702449554,-5462670.707665177993,3197205.909369945060
69021.000000000000,-741953.256364108995,-5462670.607353693806,3197206.120031906758
69022.000000000000,-741953.256448795204,-5462670.604794111103,3197206.123522918671
69023.000000000000,-741953.258908502641,-5462670.596920341253,3197206.121286518872
69024.000000000000,-741953.257937508053,-5462670.594361601397,3197206.118608828168
69025.000000000000,-741953.258658308070,-5462670.593247232027,3197206.119479442015
69026.000000000000,-741953.254131887225,-5462670.585445022210,3197206.123538500164
69027.000000000000,-741953.254848090350,-5462670.582874955609,3197206.122646323405
69028.000000000000,-741953.255948433653,-5462670.582064597867,3197206.120839201845
69029.000000000000,-741953.244725432363,-5462670.600090601481,3197206.120819436852
69030.000000000000,-741953.247422310524,-5462670.596141487360,3197206.117183112539
69031.000000000000,-741953.248780389666,-5462670.602403028868,3197206.111975695007
69032.000000000000,-741953.246864825254,-5462670.601894316263,3197206.115253336728
69033.000000000000,-741953.245467636269,-5462670.605717994273,3197206.115228683688
69034.000000000000,-741953.243298426969,-5462670.606492517516,3197206.118215761147
69035.000000000000,-741953.243995547062,-5462670.603998048231,3197206.121043764520
69036.000000000000,-741953.243854380213,-5462670.601117906161,3197206.117655954324
69037.000000000000,-741953.245244221529,-5462670.598929636180,3197206.116909601726
69038.000000000000,-741953.248256472405,-5462670.594626354985,3197206.119071280584
69039.000000000000,-741953.249302561162,-5462670.597983866930,3197206.116895971354
69040.000000000000,-741953.248916613287,-5462670.595662754960,3197206.117735284846
69041.000000000000,-741953.247065300355,-5462670.573731928132,3197206.124456125777
69042.000000000000,-741953.247967144591,-5462670.577533415519,3197206.122797439806
69043.000000000000,-741953.253504127963,-5462670.570362546481,3197206.125707608182
69044.000000000000,-741953.254112385679,-5462670.576985601336,3197206.121400442906
69045.000000000000,-741953.251657399698,-5462670.576371051371,3197206.122642784845
69046.000000000000,-741953.252939339029,-5462670.576736251824,3197206.122719332576
69047.000000000000,-741953.252687695203,-5462670.576931656338,3197206.121834819205
69048.000000000000,-741953.252359861392,-5462670.572686383501,3197206.122508324683
69049.000000000000,-741953.235776761314,-5462670.586901141331,3197206.104190920014
69050.000000000000,-741953.235675329110,-5462670.587505985051,3197206.102337897755
69051.000000000000,-741953.236010325258,-5462670.582629551180,3197206.103942533489
69052.000000000000,-741953.236051887507,-5462670.577753943391,3197206.105398229789
69053.000000000000,-741953.238528908230,-5462670.575078148395,3197206.105329185259
69054.000000000000,-741953.233674845076,-5462670.578914422542,3197206.099933912512
69055.000000000000,-741953.234805011773,-5462670.577618297189,3197206.101688689087
69056.000000000000,-741953.236064294353,-5462670.574828839861,3197206.104693369940
69057.000000000000,-741953.236306038336,-5462670.572552216239,3197206.103238315787
69058.000000000000,-741953.236763403635,-5462670.570828133263,3197206.102731476072
69059.000000000000,-741953.234910889063,-5462670.573640741408,3197206.100842691492
69060.000000000000,-741953.236413343111,-5462670.574063464999,3197206.100296489429
69061.000000000000,-741953.236294135335,-5462670.571851084009,3197206.107701373752
69062.000000000000,-741953.236552359303,-5462670.565702950582,3197206.114680832718
69063.000000000000,-741953.236308617052,-5462670.569322734140,3197206.113518876955
69064.000000000000,-741953.235786184086,-5462670.570614895783,3197206.109414898325
69065.000000000000,-741953.234907358536,-5462670.571821403690,3197206.108919541351
69066.000000000000,-741953.236632536864,-5462670.558119846508,3197206.111792112235
69067.000000000000,-741953.238591749687,-5462670.560139265843,3197206.109001777600
69068.000000000000,-741953.238999422756,-5462670.562418589368,3197206.107226813212
69069.000000000000,-741953.239524915698,-5462670.563420787454,3197206.107109652366
69070.000000000000,-741953.234584922204,-5462670.551931843162,3197206.098051198758
69071.000000000000,-741953.234842808568,-5462670.546785606071,3197206.101382702123
69072.000000000000,-741953.235474076588,-5462670.546050496399,3197206.102451381274
69073.000000000000,-741953.237944469322,-5462670.543567119166,3197206.103375002742
69074.000000000000,-741953.237853538245,-5462670.547467794269,3197206.103740937077
69075.000000000000,-741953.232743227156,-5462670.536858903244,3197206.099548186641
69076.000000000000,-741953.233221975621,-5462670.541293749586,3197206.097427090164
69077.000000000000,-741953.232759665349,-5462670.543426455930,3197206.099119560793
69078.000000000000,-741953.234099176829,-5462670.542698078789,3197206.098701506853
69079.000000000000,-741953.233787119505,-5462670.542156036943,3197206.098902605474
69080.000000000000,-741953.232508010115,-5462670.541464934126,3197206.098322714679
69081.000000000000,-741953.232596774818,-5462670.542290702462,3197206.097694112454
69082.000000000000,-741953.235345987254,-5462670.538061810657,3197206.097892428748
69083.000000000000,-741953.196827774169,-5462670.483347498812,3197206.185257968027
69084.000000000000,-741953.016305961297,-5462670.270979203284,3197206.608936049044
69085.000000000000,-741952.658475385164,-5462669.861694449559,3197207.410606078338
69086.000000000000,-741952.320424886188,-5462669.481961444952,3197208.130606250837
69087.000000000000,-741951.886097929440,-5462668.970234056003,3197209.110033847392
69088.000000000000,-741950.854008756578,-5462667.737763534300,3197211.419237467926
69089.000000000000,-741949.271917533479,-5462665.834566800855,3197214.875577321742
69090.000000000000,-741947.380165311741,-5462663.563749455847,3197219.259440624155
69091.000000000000,-741945.190222892212,-5462660.973970185034,3197224.345313554630
69092.000000000000,-741942.907743171556,-5462658.375110167079,3197229.576496180613
69093.000000000000,-741940.528538055019,-5462655.630950173363,3197234.812680413947
69094.000000000000,-741938.010781254736,-5462652.583178555593,3197240.651841600426
69095.000000000000,-741935.268798689474,-5462649.295755142346,3197247.115688037127
69096.000000000000,-741932.203895326238,-5462645.345518265851,3197254.252588679083
69097.000000000000,-741929.014731868287,-5462641.617069086991,3197261.990217334125
69098.000000000000,-741925.695542454836,-5462637.633517401293,3197270.113081280142
69099.000000000000,-741922.171845320961,-5462633.517103461549,3197278.574011237361
69100.000000000000,-741918.308185239206,-5462629.277144161053,3197287.105762085877
69101.000000000000,-741914.119955504430,-5462625.325579120778,3197295.231711253058
69102.000000000000,-741909.059788176673,-5462622.133361429907,3197302.402664291672
69103.000000000000,-741902.938051172066,-5462619.657186820172,3197308.427270046435
69104.000000000000,-741895.930954318959,-5462617.556692663580,3197313.969547096174
69105.000000000000,-741888.300489484333,-5462615.596337058581,3197319.526445061900
69106.000000000000,-741880.046491053072,-5462613.859401737340,3197324.822469757870
69107.000000000000,-741871.455044708680,-5462612.311231049709,3197330.012206738815
69108.000000000000,-741862.938890396734,-5462610.580734350719,3197335.497472235933
69109.000000000000,-741854.779224165133,-5462608.495067062788,3197341.519469661172
69110.000000000000,-741846.881914372556,-5462606.212657601573,3197347.596962760203
69111.000000000000,-741839.654929251643,-5462603.709588824771,3197353.898077535909
69112.000000000000,-741833.242914988892,-5462601.021608696319,3197360.275287883356
69113.000000000000,-741827.312069557374,-5462597.840333461761,3197366.464170402382
69114.000000000000,-741822.098328322289,-5462594.753252481110,3197372.833178007975
69115.000000000000,-741817.487073400291,-5462591.525040599518,3197379.143997266423
69116.000000000000,-741813.490052856971,-5462588.280957322568,3197385.376001033001
69117.000000000000,-741810.052017640788,-5462585.158991032280,3197391.405208393466
69118.000000000000,-741807.415309522767,-5462582.402575574815,3197396.554357879329
69119.000000000000,-741805.748830209253,-5462580.476928931661,3197400.108488462865
69120.000000000000,-741804.836642230861,-5462579.340891091153,3197402.042371348012
69121.000000000000,-741803.808673672960,-5462578.022232812829,3197404.492779252119
69122.000000000000,-741802.201509518083,-5462575.833200518042,3197408.570155847818
69123.000000000000,-741800.240287814173,-5462572.759291069582,3197414.136158071458
69124.000000000000,-741798.433047086117,-5462569.133807596751,3197420.497830434237
69125.000000000000,-741797.111228305381,-5462565.155211432837,3197427.377355157398
69126.000000000000,-741796.417492936831,-5462560.864595242776,3197434.557941769250
69127.000000000000,-741796.482533366303,-5462556.364506918937,3197441.957234347705
69128.000000000000,-741797.645372301806,-5462551.557916386984,3197449.595258322544
69129.000000000000,-741798.885749206296,-5462546.620581861585,3197457.452252573334
69130.000000000000,-741800.264901583316,-5462541.607242476195,3197465.455113241449
69131.000000000000,-741801.829450721270,-5462536.704430703074,3197473.290138522163
69132.000000000000,-741803.591450553038,-5462531.795691701584,3197481.046394580510
69133.000000000000,-741805.743202989106,-5462526.933414318599,3197488.526278624777
69134.000000000000,-741808.201989215100,-5462522.441300449893,3197495.453469864558
69135.000000000000,-741810.853727306239,-5462518.384466240183,3197501.619941322133
69136.000000000000,-741813.555997581570,-5462514.631676560268,3197507.253881234676
69137.000000000000,-741816.086951693171,-5462511.455335015431,3197511.971765944269
69138.000000000000,-741818.399296303629,-5462508.754072641954,3197515.969368227292
69139.000000000000,-741820.611543020816,-5462506.347521152347,3197519.532925517764
69140.000000000000,-741822.528886475717,-5462504.232247972861,3197522.449010162149
69141.000000000000,-741824.154629565892,-5462502.565848869272,3197524.823275349569
69142.000000000000,-741825.304201746709,-5462501.397021527402,3197526.457939441316
69143.000000000000,-741826.065467673121,-5462500.580922229216,3197527.575136709027
69144.000000000000,-741826.857411253266,-5462499.766874358058,3197528.751319291536
69145.000000000000,-741827.805024748435,-5462498.822954043746,3197530.149810237810
69146.000000000000,-741828.919038986904,-5462497.744050942361,3197531.665960392449
69147.000000000000,-741830.022846186417,-5462496.654346102849,3197533.215620822739
69148.000000000000,-741831.095147700747,-5462495.613721835427,3197534.722184868064
69149.000000000000,-741832.023001390742,-5462494.722138759680,3197536.001818134915
69150.000000000000,-741832.774144929950,-5462494.007452282123,3197537.028791811783
69151.000000000000,-741833.438407982350,-5462493.358003087342,3197537.956385252066
69152.000000000000,-741834.032517189626,-5462492.807535734959,3197538.759868516587
69153.000000000000,-741834.368983436259,-5462492.501060388051,3197539.208142793737
69154.000000000000,-741834.510715099168,-5462492.370159021579,3197539.396012681536
69155.000000000000,-741834.522533230716,-5462492.357944167219,3197539.412391501013
69156.000000000000,-741834.559713418479,-5462492.324522891082,3197539.460514623206
69157.000000000000,-741834.700356706860,-5462492.188017514534,3197539.649007276166
69158.000000000000,-741834.794128512265,-5462492.093838566914,3197539.768013329711
69159.000000000000,-741834.921244886471,-5462491.974345072173,3197539.925439447630
69160.000000000000,-741835.045560325729,-5462491.862838555127,3197540.079373021144
69161.000000000000,-741835.206670477171,-5462491.702647670172,3197540.294035553467
69162.000000000000,-741835.568318483187,-5462491.367097817361,3197540.778222113848
69163.000000000000,-741836.330954814912,-5462490.642825129442,3197541.800765879918
69164.000000000000,-741837.200270903995,-5462489.794757929631,3197543.025566678029
69165.000000000000,-741838.098957371432,-5462488.896949823946,3197544.335988017265
69166.000000000000,-741838.999463654007,-5462487.960621424019,3197545.699609194882
69167.000000000000,-741840.016437816434,-5462486.867928435095,3197547.340333002154
69168.000000000000,-741841.099343917216,-5462485.638960325159,3197549.143021586817
69169.000000000000,-741842.119833602337,-5462484.422008953057,3197550.940598477144
69170.000000000000,-741843.023992245086,-5462483.290159233846,3197552.668291739654
69171.000000000000,-741843.692293702625,-5462482.423351527192,3197553.969095777255
69172.000000000000,-741843.960142692435,-5462482.056328329258,3197554.538444336969
69173.000000000000,-741843.980744395638,-5462482.019814252853,3197554.585729701910
69174.000000000000,-741843.991481053410,-5462482.000571671873,3197554.604382437188
69175.000000000000,-741844.152512108441,-5462481.807300922461,3197554.924420773517
69176.000000000000,-741844.488335021422,-5462481.331413438544,3197555.565405797679
69177.000000000000,-741844.956211876124,-5462480.703380398452,3197556.563914543483
69178.000000000000,-741845.642967872554,-5462479.787195813842,3197557.955751785543
69179.000000000000,-741846.427914876258,-5462478.716595593840,3197559.634100213181
69180.000000000000,-741847.215388190118,-5462477.617597308010,3197561.359196663834
69181.000000000000,-741848.112601920962,-5462476.366352161393,3197563.307865660638
69182.000000000000,-741849.125959800673,-5462475.011404144578,3197565.369814143516
69183.000000000000,-741850.022979349247,-5462473.707294220105,3197567.349372803234
69184.000000000000,-741850.817863985081,-5462472.443473408930,3197569.363102103118
69185.000000000000,-741851.764149270370,-5462470.803095799871,3197571.932604345959
69186.000000000000,-741852.611110564321,-5462469.194918628782,3197574.503020911478
69187.000000000000,-741853.133529319777,-5462468.093335805461,3197576.212658768520
69188.000000000000,-741853.475587184075,-5462467.294654180296,3197577.415979876183
69189.000000000000,-741854.033472685958,-5462466.012467062101,3197579.425751121715
69190.000000000000,-741854.927273345063,-5462464.060801798478,3197582.561913978308
69191.000000000000,-741856.076115328004,-5462461.379437701777,3197586.917941852938
69192.000000000000,-741857.182683385909,-5462458.324761514552,3197592.018130412325
69193.000000000000,-741858.226625716430,-5462454.716834467836,3197597.635613370221
69194.000000000000,-741858.681736053783,-5462451.091738900170,3197603.833655984607
69195.000000000000,-741858.403849853319,-5462447.402729592286,3197610.444688539952
69196.000000000000,-741857.616729173576,-5462443.465361009352,3197617.527992675547
69197.000000000000,-741856.558041650103,-5462439.434436766431,3197624.650332856458
69198.000000000000,-741855.146164950216,-5462435.712694630958,3197631.266237429809
69199.000000000000,-741853.719388832571,-5462432.338788555935,3197637.402194020338
69200.000000000000,-741852.391283349018,-5462429.485320885666,3197642.678501080256
69201.000000000000,-741851.137725431123,-5462427.250046686269,3197647.611196317244
69202.000000000000,-741849.875708535779,-5462424.845245444216,3197652.344117080793
69203.000000000000,-741848.436680263490,-5462422.193346938118,3197657.463670703117
69204.000000000000,-741846.830998996738,-5462419.277515757829,3197663.039668761659
69205.000000000000,-741845.165298734210,-5462416.307722869329,3197668.722359746695
69206.000000000000,-741843.396274058032,-5462413.170274934731,3197674.703148238361
69207.000000000000,-741841.519654050237,-5462409.976620939560,3197680.863913760986
69208.000000000000,-741839.711167076719,-5462406.874735656194,3197686.785868275445
69209.000000000000,-741837.976351590129,-5462403.854388752021,3197692.696380454581
69210.000000000000,-741836.311684674583,-5462400.964493100531,3197698.326119543053
69211.000000000000,-741834.789629306062,-5462398.325233788230,3197703.481310028583
69212.000000000000,-741833.600478016539,-5462396.075779291801,3197707.638354360592
69213.000000000000,-741832.577598291216,-5462394.538176996633,3197710.591731554363
69214.000000000000,-741831.854339382611,-5462393.385980231687,3197712.832355121616
69215.000000000000,-741831.201203811215,-5462392.355354784057,3197714.804144996684
69216.000000000000,-741830.530275633442,-5462391.268689906225,3197716.898223146331
69217.000000000000,-741829.522276781150,-5462389.948338940740,3197719.549074342474
69218.000000000000,-741828.381259265123,-5462388.578504665755,3197722.199748713057
69219.000000000000,-741827.061908037867,-5462387.063086498529,3197725.166599266697
69220.000000000000,-741825.676288695657,-5462385.488794350997,3197728.314671468921
69221.000000000000,-741824.357431973331,-5462383.911418697797,3197731.457899095025
69222.000000000000,-741823.211726894951,-5462382.446145864204,3197734.183509976137
69223.000000000000,-741822.422969458275,-5462381.420293785632,3197736.413620078005
69224.000000000000,-741821.805816388922,-5462380.564522576518,3197738.123647129163
69225.000000000000,-741821.339474921580,-5462379.901851542294,3197739.397655069362
69226.000000000000,-741821.031233218033,-5462379.457965251058,3197740.281909879297
69227.000000000000,-741820.834497677162,-5462379.176930223592,3197740.823620915413
69228.000000000000,-741820.613986643148,-5462378.853142828681,3197741.459824423306
69229.000000000000,-741820.299429256120,-5462378.365201397799,3197742.388424536679
69230.000000000000,-741819.801901480765,-5462377.584047066048,3197743.904560639989
69231.000000000000,-741819.335076675634,-5462376.789971494116,3197745.441906833090
69232.000000000000,-741818.961210809299,-5462376.163361219689,3197746.647413274739
69233.000000000000,-741818.675807419582,-5462375.762103731744,3197747.421948079485
69234.000000000000,-741818.542964590713,-5462375.506105669774,3197748.033859072253
69235.000000000000,-741818.401443354320,-5462375.264066400006,3197748.511146010365
69236.000000000000,-741818.245422117878,-5462375.000392346643,3197749.033423361368
69237.000000000000,-741818.084712786600,-5462374.726667094976,3197749.611548677087
69238.000000000000,-741817.904560728231,-5462374.433368163183,3197750.206338154618
69239.000000000000,-741817.671302934294,-5462374.038064771332,3197750.975362114608
69240.000000000000,-741817.184390031733,-5462373.137469602749,3197752.545173043851
69241.000000000000,-741816.495209877612,-5462371.973112948239,3197754.757739413064
69242.000000000000,-741815.876598254661,-5462370.937157749198,3197756.775262658484
69243.000000000000,-741815.411189159495,-5462370.136588581838,3197758.313710201532
69244.000000000000,-741815.095967545640,-5462369.608840752393,3197759.343440849334
69245.000000000000,-741814.888165135402,-5462369.571559199132,3197759.435436970089
69246.000000000000,-741814.838766106870,-5462369.633366021328,3197759.363094998524
69247.000000000000,-741814.655768443947,-5462369.316126205027,3197760.025974174496
69248.000000000000,-741814.181319056195,-5462368.401651390828,3197761.787330927327
69249.000000000000,-741813.645071831415,-5462367.423288040794,3197763.654049789067
69250.000000000000,-741813.227885886445,-5462366.514249346219,3197765.361519416794
69251.000000000000,-741812.793664871831,-5462365.527175447904,3197767.217520132195
69252.000000000000,-741812.346402701573,-5462364.318438502960,3197769.442666260060
69253.000000000000,-741811.990580392419,-5462363.547504677437,3197770.903535137884
69254.000000000000,-741811.575874114991,-5462362.722100645304,3197772.484123157337
69255.000000000000,-741811.138976895832,-5462361.877318629995,3197774.074553398415
69256.000000000000,-741810.927324528107,-5462361.547863959335,3197774.733795265201
69257.000000000000,-741810.803398847813,-5462361.339313023724,3197775.122387943324
69258.000000000000,-741810.277813211782,-5462360.652992835268,3197776.456790571567
69259.000000000000,-741808.737301557674,-5462359.474371962249,3197778.893129382282
69260.000000000000,-741805.522116471082,-5462358.432742355391,3197781.455592296086
69261.000000000000,-741800.982414471102,-5462358.221328187734,3197782.893732794560
69262.000000000000,-741796.069010649109,-5462358.719717607833,3197783.463984865230
69263.000000000000,-741791.031938264961,-5462359.427309049293,3197783.527926252224
69264.000000000000,-741786.121743144118,-5462360.274184806272,3197783.408056894783
69265.000000000000,-741781.294587447657,-5462361.184834910557,3197783.229592101183
69266.000000000000,-741775.712849368574,-5462362.282885598019,3197782.964268150739
69267.000000000000,-741769.461548455060,-5462363.461406770162,3197782.632041979581
69268.000000000000,-741762.562018920900,-5462364.680830620229,3197782.277670672163
69269.000000000000,-741755.007940325537,-5462366.071205611341,3197781.848022366874
69270.000000000000,-741747.465549826156,-5462367.486279521137,3197781.315716613550
69271.000000000000,-741739.829524968402,-5462369.016410022974,3197780.644961333368
69272.000000000000,-741731.691634541494,-5462370.584285296500,3197779.973370242864
69273.000000000000,-741723.259389154846,-5462372.234346266836,3197779.365868499037
69274.000000000000,-741714.670182962436,-5462373.916836181656,3197778.744363754988
69275.000000000000,-741706.143511611270,-5462375.512645278126,3197778.207263281103
69276.000000000000,-741697.548720189719,-5462377.126729191281,3197777.630717431195
69277.000000000000,-741688.941941552563,-5462378.863213949837,3197777.036703635473
69278.000000000000,-741680.119739987305,-5462380.798996467143,3197776.361916181631
69279.000000000000,-741671.028906827094,-5462382.827726730146,3197775.624194756616
69280.000000000000,-741662.115653855493,-5462384.927757372148,3197774.856874883641
69281.000000000000,-741653.060967520229,-5462387.040497055277,3197774.204131925479
69282.000000000000,-741643.746816286468,-5462389.255550393835,3197773.569229600485
69283.000000000000,-741634.314054734306,-5462391.560732188635,3197772.853343306575
69284.000000000000,-741624.894815261243,-5462393.865250883624,3197772.309310343582
69285.000000000000,-741615.590041566640,-5462396.014027824625,3197772.113601122051
69286.000000000000,-741606.080704817083,-5462398.314426644705,3197771.889900031965
69287.000000000000,-741596.158493724070,-5462400.830972323194,3197771.599650354125
69288.000000000000,-741586.022855932824,-5462403.545295338146,3197771.365865585860
69289.000000000000,-741576.222656825674,-5462406.434540259652,3197771.341963834595
69290.000000000000,-741567.350816954160,-5462408.871189644560,3197771.294566028751
69291.000000000000,-741559.759943158482,-5462410.729254062288,3197771.053522424772
69292.000000000000,-741553.641989223775,-5462412.454243584536,3197770.902321934234
69293.000000000000,-741549.103943152004,-5462413.745237655006,3197770.775600966066
69294.000000000000,-741545.843057079823,-5462414.653284683824,3197770.586398215964
69295.000000000000,-741543.493209893466,-5462415.298233294860,3197770.401704340708
69296.000000000000,-741540.313149136258,-5462416.000824111514,3197770.425322059542
69297.000000000000,-741535.842877401737,-5462416.244039114565,3197771.424917490222
69298.000000000000,-741530.495193082490,-5462415.314864415675,3197774.227657985408
69299.000000000000,-741525.127219752292,-5462412.890811913647,3197779.208666769322
69300.000000000000,-741520.376651664032,-5462408.957894146442,3197786.196338527836
69301.000000000000,-741515.991566762445,-5462403.746112125926,3197794.858694200870
69302.000000000000,-741511.569470179384,-5462397.681439294480,3197804.839924348984
69303.000000000000,-741506.731631149421,-5462390.910202923231,3197815.945730480831
69304.000000000000,-741501.679637341993,-5462383.484411556274,3197828.018103979994
69305.000000000000,-741496.528977509239,-5462375.581575892866,3197840.857809556182
69306.000000000000,-741491.374228543136,-5462367.506355918944,3197854.205973591190
69307.000000000000,-741486.169682756881,-5462359.801559034735,3197867.755065954756
69308.000000000000,-741480.946451383759,-5462352.687816250138,3197881.011255545542
69309.000000000000,-741476.219167495845,-5462346.465021082200,3197893.045334899332
69310.000000000000,-741471.952695782180,-5462340.876499581151,3197904.113470556214
69311.000000000000,-741467.967450240394,-5462335.609752891585,3197914.602692144457
69312.000000000000,-741464.281295770896,-5462330.703649419360,3197924.320443831384
69313.000000000000,-741460.829758459586,-5462326.047094656155,3197933.427859363612
69314.000000000000,-741457.542038165266,-5462321.520646674559,3197942.082474394236
69315.000000000000,-741454.348343142075,-5462317.105675342493,3197950.375467626844
69316.000000000000,-741451.188298179419,-5462312.587255887687,3197958.786434318405
69317.000000000000,-741447.961390414857,-5462308.062147252262,3197967.201212331653
69318.000000000000,-741444.842381834751,-5462303.622226201929,3197975.350940809585
69319.000000000000,-741441.820571379387,-5462299.344158467837,3197983.163835926913
69320.000000000000,-741438.842775818892,-5462295.219725238159,3197990.687201528810
69321.000000000000,-741435.758492155583,-5462291.328651149757,3197997.871198061388
69322.000000000000,-741432.586661681300,-5462287.665822123177,3198004.775211798027
69323.000000000000,-741429.067680223379,-5462284.176375049166,3198011.411518697627
69324.000000000000,-741424.731979892938,-5462280.954207550734,3198018.060001816135
69325.000000000000,-741419.735056089237,-5462278.091149596497,3198024.313379707281
69326.000000000000,-741414.368606919190,-5462275.722073419020,3198030.071734501980
69327.000000000000,-741408.635759078781,-5462273.494533176534,3198035.454047473613
69328.000000000000,-741402.783684482565,-5462271.481144186109,3198040.366354234517
69329.000000000000,-741397.049862700980,-5462269.739781897515,3198044.829621769954
69330.000000000000,-741391.640620931867,-5462268.223658992909,3198048.829224884510
69331.000000000000,-741386.478741067578,-5462266.829174829647,3198052.437736825552
69332.000000000000,-741381.220858109649,-5462265.610924812034,3198055.871392575558
69333.000000000000,-741376.039640150848,-5462264.406185071915,3198059.172184381168
69334.000000000000,-741370.991974169272,-5462263.386048024520,3198062.328301646281
69335.000000000000,-741366.164194298210,-5462262.587433375418,3198064.859828619286
69336.000000000000,-741362.014774235315,-5462262.404562586918,3198066.310651988257
69337.000000000000,-741358.287464516587,-5462262.716771407984,3198066.855427989736
69338.000000000000,-741355.254526117351,-5462263.197799268179,3198066.986067512073
69339.000000000000,-741353.356245866395,-5462263.575027718209,3198066.980020993389
69340.000000000000,-741352.829123035539,-5462263.657017297111,3198066.931912302040
69341.000000000000,-741352.824395693024,-5462263.642226295546,3198066.924843680114
69342.000000000000,-741352.823835012154,-5462263.628493918106,3198066.916636979673
69343.000000000000,-741352.825721867732,-5462263.619858419523,3198066.912615899928
69344.000000000000,-741352.828000256908,-5462263.617820047773,3198066.910474237520
69345.000000000000,-741352.829100238509,-5462263.608145272359,3198066.907136176713
69346.000000000000,-741352.831744123716,-5462263.605019853450,3198066.903908509295
69347.000000000000,-741352.832578626345,-5462263.606241865084,3198066.901752256323
69348.000000000000,-741352.832166417851,-5462263.602565173991,3198066.898770014755
69349.000000000000,-741352.829912567511,-5462263.599580701441,3198066.897444096394
69350.000000000000,-741352.833146968856,-5462263.594710525125,3198066.896721628029
69351.000000000000,-741352.838556086645,-5462263.591966981068,3198066.894121408928
69352.000000000000,-741352.837985510705,-5462263.591192736290,3198066.892747548874
69353.000000000000,-741352.770348538295,-5462263.598295880482,3198066.882229146548
69354.000000000000,-741351.509631523397,-5462263.876149816439,3198066.788409282453
69355.000000000000,-741348.326429352164,-5462264.732992487028,3198066.378170274198
69356.000000000000,-741343.653572182870,-5462266.233601422049,3198065.365906667430
69357.000000000000,-741337.642547731288,-5462268.163116838783,3198063.468227373436
69358.000000000000,-741330.648841000511,-5462271.010367608629,3198060.841794415377
69359.000000000000,-741322.754772425978,-5462274.722465790808,3198057.300640629139
69360.000000000000,-741313.996929598390,-5462279.174355942756,3198053.257965046912
69361.000000000000,-741304.323463804321,-5462284.038877962157,3198048.774357642978
69362.000000000000,-741293.701058492064,-5462289.239921567030,3198043.879851335660
69363.000000000000,-741282.221242079395,-5462294.760344310664,3198038.682006116491
69364.000000000000,-741270.325287027983,-5462300.502188955434,3198033.320577150211
69365.000000000000,-741258.215962478891,-5462306.624254446477,3198027.970530509483
69366.000000000000,-741245.851505595841,-5462312.220423647203,3198022.324835985899
69367.000000000000,-741233.515068852343,-5462317.696886782534,3198016.563324784860
69368.000000000000,-741221.574332965538,-5462323.115735367872,3198010.651274312753
69369.000000000000,-741210.429294979665,-5462328.692405117676,3198004.630356843583
69370.000000000000,-741199.985005065566,-5462334.351673903875,3197998.611213505268
69371.000000000000,-741189.976235677139,-5462339.893633424304,3197992.897303417325
69372.000000000000,-741180.208467165474,-5462344.908944444731,3197988.140360575169
69373.000000000000,-741171.063956382801,-5462349.188380433246,3197984.396898636129
69374.000000000000,-741163.514767967514,-5462352.594577677548,3197981.506709934678
69375.000000000000,-741157.808053405839,-5462355.223511748016,3197979.110206706449
69376.000000000000,-741153.359506829060,-5462357.898793447763,3197976.394328963943
69377.000000000000,-741150.867810077150,-5462360.803999167867,3197972.591820235364
69378.000000000000,-741150.827349114814,-5462364.065501229838,3197967.778587496839
69379.000000000000,-741152.686462478712,-5462367.352752152830,3197962.553623141721
69380.000000000000,-741155.233875597711,-5462371.049116900191,3197956.566701869946
69381.000000000000,-741158.081367708161,-5462375.056641727686,3197949.754397031385
69382.000000000000,-741160.718825877295,-5462379.117134611122,3197943.037359368987
69383.000000000000,-741163.152680658852,-5462382.685954493470,3197936.871416393667
69384.000000000000,-741165.543390579754,-5462385.205541202798,3197932.390869656112
69385.000000000000,-741168.082990451250,-5462386.442482066341,3197929.782655885443
69386.000000000000,-741170.696123486385,-5462386.992758682929,3197928.343263386749
69387.000000000000,-741173.374395661638,-5462387.103634868748,3197927.808561141603
69388.000000000000,-741176.217126197065,-5462386.672876183875,3197927.742900464218
69389.000000000000,-741179.130608136882,-5462385.824819666333,3197928.081296694465
69390.000000000000,-741182.288504324853,-5462384.695165487006,3197928.755839470308
69391.000000000000,-741185.716855131323,-5462383.278263706714,3197929.865907077678
69392.000000000000,-741189.129395110416,-5462381.534663562663,3197931.558139687870
69393.000000000000,-741192.409222477581,-5462379.722105528228,3197933.482567932457
69394.000000000000,-741195.718141739722,-5462378.257230857387,3197934.878269095439
69395.000000000000,-741198.941581806750,-5462377.372988481075,3197935.414509061724
69396.000000000000,-741201.746929604909,-5462377.067141967826,3197935.101497237105
69397.000000000000,-741203.653327055043,-5462377.151154661551,3197934.387298495043
69398.000000000000,-741204.524734646780,-5462377.220851165242,3197933.996627756860
69399.000000000000,-741204.763827604474,-5462377.228456721641,3197933.900829530321
69400.000000000000,-741204.877196439658,-5462377.217102355324,3197933.848279750906
69401.000000000000,-741204.881176503026,-5462377.220381460153,3197933.848163054790
69402.000000000000,-741204.882096423069,-5462377.223242064007,3197933.847974474076
69403.000000000000,-741204.881919219508,-5462377.226557154208,3197933.848341323901
69404.000000000000,-741204.873053974472,-5462377.227776086889,3197933.854018957820
69405.000000000000,-741204.882183596492,-5462377.231298936531,3197933.848140827380
69406.000000000000,-741204.882131527527,-5462377.231742604636,3197933.848343213554
69407.000000000000,-741204.881941892439,-5462377.232761548832,3197933.849578631576
69408.000000000000,-741204.882369776722,-5462377.232853814028,3197933.850854862947
69409.000000000000,-741204.868759669713,-5462377.234862225130,3197933.855870805215
69410.000000000000,-741204.875887871720,-5462377.236697427928,3197933.851306734607
69411.000000000000,-741204.896762080956,-5462377.239307795651,3197933.844000854064
69412.000000000000,-741204.914971884573,-5462377.241492457688,3197933.843741059303
69413.000000000000,-741204.918066373211,-5462377.244603770785,3197933.846620511729
69414.000000000000,-741204.903757514548,-5462377.251151418313,3197933.851755045820
69415.000000000000,-741204.904554434819,-5462377.254788169637,3197933.852248181589
69416.000000000000,-741204.904060914763,-5462377.257187945768,3197933.851476747077
69417.000000000000,-741204.906225441606,-5462377.254916885868,3197933.849065776449
69418.000000000000,-741204.907062743674,-5462377.254745189101,3197933.849399397150
69419.000000000000,-741204.907013145159,-5462377.251743988134,3197933.848003339488
