utc_sec,hor_err_m(nan=no solution),ver_err_m
6.538000000000000000e+04,3.057507079834069774e-01,2.091282906263454144e-01
6.538100000000000000e+04,2.578404049329185432e-01,2.479798242063473990e-01
6.538200000000000000e+04,2.435036337028806119e-01,2.109004468649448016e-01
6.538300000000000000e+04,2.460550586299418974e-01,2.049029488156002554e-01
6.538400000000000000e+04,2.490183125352064819e-01,1.908825556535183599e-01
6.538500000000000000e+04,2.670678883060295661e-01,1.773327570474133863e-01
6.538600000000000000e+04,1.458446469435763504e-01,4.881942603590676277e-02
6.538700000000000000e+04,1.156802184842639081e-01,8.695755451666141445e-03
6.538800000000000000e+04,1.031359793970700878e-01,6.712828293429136135e-04
6.538900000000000000e+04,1.022859643159640258e-01,6.029103908746775813e-03
6.539000000000000000e+04,1.131254897362431455e-01,4.731067077055526281e-04
6.539100000000000000e+04,1.081224968608464898e-01,2.719476164646924751e-03
6.539200000000000000e+04,1.094043105330877869e-01,2.297021596207517603e-04
6.539300000000000000e+04,1.098118200820960011e-01,7.277833841366088824e-04
6.539400000000000000e+04,1.152045157817932625e-01,2.157020087517962873e-03
6.539500000000000000e+04,1.203992064558059988e-01,4.939390222021382282e-03
6.539600000000000000e+04,1.194184714764531391e-01,2.136411817041624847e-03
6.539700000000000000e+04,1.190946715438433862e-01,2.660266135222112693e-04
6.539800000000000000e+04,1.205243005002795409e-01,5.704382390039439144e-03
6.539900000000000000e+04,1.302566964424127782e-01,5.407545932525903432e-05
6.540000000000000000e+04,1.337942437168021803e-01,1.777286996526850071e-03
6.540100000000000000e+04,3.280516757891544649e-02,1.391641525963491222e-02
6.540200000000000000e+04,2.247480663575009835e-02,1.350380449050758713e-02
6.540300000000000000e+04,2.272898605673640340e-02,4.914308180483883959e-03
6.540400000000000000e+04,2.880352432313885644e-02,3.025778110717969316e-03
6.540500000000000000e+04,1.718161652953932236e-02,1.519027007816642350e-02
6.540600000000000000e+04,9.871741994846292001e-03,1.397379605525994606e-02
6.540700000000000000e+04,1.055647511003383193e-02,7.140086516735921762e-03
6.540800000000000000e+04,9.947902708131116031e-03,7.775360437943246161e-03
6.540900000000000000e+04,1.106455424540253758e-02,6.248900244949173732e-03
6.541000000000000000e+04,1.050059163509226186e-02,1.535486369061045409e-02
6.541100000000000000e+04,1.313204850264971905e-02,6.229032946549528660e-03
6.541200000000000000e+04,1.063891648127796886e-02,2.020556876843560001e-02
6.541300000000000000e+04,1.350948756328956661e-02,2.569690292316750835e-02
6.541400000000000000e+04,1.430581477394923112e-02,1.279032842864319397e-02
6.541500000000000000e+04,1.672586867645672881e-02,2.178084479110334315e-02
6.541600000000000000e+04,1.839989276594099568e-02,7.838639231915710270e-03
6.541700000000000000e+04,1.279031597639746637e-02,3.581136079650079629e-02
6.541800000000000000e+04,2.537759586916099250e-02,2.132678832609841146e-02
6.541900000000000000e+04,5.854313371264013854e-02,1.838316644458687366e-02
6.542000000000000000e+04,4.098222293079271938e-02,5.398993485397518555e-03
6.542100000000000000e+04,5.754875708029328490e-02,3.711427541846079592e-02
6.542200000000000000e+04,5.784575516280718310e-02,3.081734270774294515e-02
6.542300000000000000e+04,4.632462101339619720e-02,6.700971818866308105e-03
6.542400000000000000e+04,4.637207495607612029e-02,4.774712242909595616e-03
6.542500000000000000e+04,3.356682343142074199e-02,4.919014836006985192e-03
6.542600000000000000e+04,3.606481398309827752e-02,1.756506183037798152e-02
6.542700000000000000e+04,3.333698130709131235e-02,2.249422008047829991e-02
6.542800000000000000e+04,2.837937212423125022e-02,2.358554479552776861e-02
6.542900000000000000e+04,2.037148038199418712e-02,2.051130792164790329e-02
6.543000000000000000e+04,2.147745515186644596e-02,3.364910901259476894e-02
6.543100000000000000e+04,4.479370338066630992e-03,9.246249934555805794e-03
6.543200000000000000e+04,2.658264641531777814e-03,6.964078981311905281e-03
6.543300000000000000e+04,2.446667621906415714e-03,1.152162583657978523e-02
6.543400000000000000e+04,4.776700683763075717e-03,1.833168320210387670e-02
6.543500000000000000e+04,5.085825471167693818e-03,2.093217835428706763e-03
6.543600000000000000e+04,7.192421850764822364e-03,2.341514238326980468e-02
6.543700000000000000e+04,9.627764733626548860e-03,3.222407450174213928e-02
6.543800000000000000e+04,5.195850870633912308e-03,7.059730547381182220e-03
6.543900000000000000e+04,2.772834275216667227e-03,1.983635403408623432e-03
6.544000000000000000e+04,4.014849528819332096e-03,1.767556765975730748e-02
6.544100000000000000e+04,3.113088998456824998e-04,1.629029654296232366e-03
6.544200000000000000e+04,9.065687361726915573e-04,2.942253872450462104e-02
6.544300000000000000e+04,4.306665558266574781e-03,1.235894583857499729e-02
6.544400000000000000e+04,6.368731016526908619e-04,9.606619592615606162e-03
6.544500000000000000e+04,3.005051289766748693e-03,1.299346766183895330e-02
6.544600000000000000e+04,1.130611445902054285e-02,2.791353192914711179e-02
6.544700000000000000e+04,6.939545266178041502e-03,2.170517572198626954e-02
6.544800000000000000e+04,9.433443129424873286e-03,1.739707757526454124e-02
6.544900000000000000e+04,1.924560062793388357e-02,1.515208766961984033e-02
6.545000000000000000e+04,1.393295022191640316e-02,9.248743193008529540e-03
6.545100000000000000e+04,1.456812753818314751e-02,5.157873219601205594e-03
6.545200000000000000e+04,1.539202451281874648e-02,5.044402883632892465e-03
6.545300000000000000e+04,1.372945921889429446e-02,2.687479324813113468e-03
6.545400000000000000e+04,1.329035222809769358e-02,3.705255753372910243e-03
6.545500000000000000e+04,1.423394928557462913e-02,5.942743306171227591e-05
6.545600000000000000e+04,1.897995788621673063e-02,9.005305643083411082e-03
6.545700000000000000e+04,1.622641329436379926e-02,2.733016931915174808e-03
6.545800000000000000e+04,1.538326177166820033e-02,1.335414013986380675e-02
6.545900000000000000e+04,1.553688124662976587e-02,1.830904177871211375e-02
6.546000000000000000e+04,9.814910263406364035e-03,2.386922507502852765e-03
6.546100000000000000e+04,5.640399298811180594e-03,3.311697272813234408e-03
6.546200000000000000e+04,4.775454907303693271e-03,2.258928489045910429e-03
6.546300000000000000e+04,3.817140390211968323e-03,5.179006420670052499e-03
6.546400000000000000e+04,7.197843751814473300e-03,3.092564123344243576e-05
6.546500000000000000e+04,5.724359770781565354e-03,6.705330774716772302e-03
6.546600000000000000e+04,1.638475637504513719e-03,5.306927675805372946e-03
6.546700000000000000e+04,7.939358062816226705e-03,1.249449064967445011e-02
6.546800000000000000e+04,6.389635355915909004e-03,2.565982312618286798e-03
6.546900000000000000e+04,8.009991605800202696e-03,7.372054878337364059e-03
6.547000000000000000e+04,7.118777155384115908e-03,1.566329450018777436e-02
6.547100000000000000e+04,7.052163586409229516e-03,1.271105896731672402e-02
6.547200000000000000e+04,1.229805632919142577e-02,1.214454867754977130e-02
6.547300000000000000e+04,1.072160864565878564e-02,1.532846746069882471e-02
6.547400000000000000e+04,1.398979180911774645e-02,1.309137468348975375e-02
6.547500000000000000e+04,1.774642242368843848e-03,3.753745547690900963e-02
6.547600000000000000e+04,1.391351401917291508e-02,8.394211812589702504e-03
6.547700000000000000e+04,1.528790567555319418e-02,8.003210599833110450e-03
6.547800000000000000e+04,1.631359397566563979e-02,1.503389885527184333e-02
6.547900000000000000e+04,1.626492578057379609e-02,1.829581489385212478e-02
6.548000000000000000e+04,1.591277260958188708e-02,1.748734378301808334e-02
6.548100000000000000e+04,1.928869602525157267e-02,1.763953624511049867e-02
6.548200000000000000e+04,1.489891566149338480e-02,7.816262043847999053e-03
6.548300000000000000e+04,1.790760202070517185e-02,1.381588382746379295e-02
6.548400000000000000e+04,1.667378967770768994e-02,1.058201683375692426e-02
6.548500000000000000e+04,1.580063525067994940e-02,1.700844230961706671e-02
6.548600000000000000e+04,1.193944374973866795e-02,2.808881349425540463e-02
6.548700000000000000e+04,7.032626963868114818e-03,2.505222678160201610e-02
6.548800000000000000e+04,1.425075564891085077e-02,2.097035376664102557e-02
6.548900000000000000e+04,2.042311610764203228e-02,4.150572808093500043e-03
6.549000000000000000e+04,9.137226953584008660e-03,1.587514856082705705e-02
6.549100000000000000e+04,8.743704638901330858e-03,3.425874319015953517e-02
6.549200000000000000e+04,7.746972474461445365e-03,1.210985981693291080e-02
6.549300000000000000e+04,4.387097042563457491e-03,2.453419681131130403e-02
6.549400000000000000e+04,6.584892965859954692e-03,1.926266081533256624e-02
6.549500000000000000e+04,2.269717912528831233e-03,2.361213480252288832e-02
6.549600000000000000e+04,4.018833421306823930e-03,2.566772770762604239e-02
6.549700000000000000e+04,8.504966756317686519e-03,2.120175739156948680e-02
6.549800000000000000e+04,7.332932321046810135e-03,3.384858743999963338e-02
6.549900000000000000e+04,6.063811063676635693e-03,3.801004663106333226e-02
6.550000000000000000e+04,5.575143200596812884e-03,3.120292830567805709e-02
6.550100000000000000e+04,1.027239170081089767e-02,3.985423317213765415e-02
6.550200000000000000e+04,9.853161846471593377e-03,3.610539566344428408e-02
6.550300000000000000e+04,1.223140792643431091e-02,4.236344766545485641e-02
6.550400000000000000e+04,1.066048715537159554e-02,3.830803857050213423e-02
6.550500000000000000e+04,6.938807711122992050e-03,2.332714392712276208e-02
6.550600000000000000e+04,6.635816136629535053e-03,3.040917284742938875e-02
6.550700000000000000e+04,7.951718544805832373e-03,5.580299849669856371e-02
6.550800000000000000e+04,8.987777074770999033e-03,4.572538838273487727e-02
6.550900000000000000e+04,1.014783460600010394e-02,5.188922977602494768e-02
6.551000000000000000e+04,1.304541793077823413e-02,5.067665371946361574e-02
6.551100000000000000e+04,1.498766687118897878e-02,5.231205567398689027e-02
6.551200000000000000e+04,2.154323115396380994e-02,5.016081663617377728e-02
6.551300000000000000e+04,2.877213325840362670e-02,4.019195445199841288e-02
6.551400000000000000e+04,1.362524043156098687e-02,3.165536560946335953e-02
6.551500000000000000e+04,5.989480919492316639e-03,7.344693874415497703e-02
6.551600000000000000e+04,3.756018376795432386e-03,5.614738218631387667e-02
6.551700000000000000e+04,1.752526903340759570e-02,2.876512922874496780e-03
6.551800000000000000e+04,1.585855915588675960e-02,1.965092389988853938e-02
6.551900000000000000e+04,8.264988113980230658e-03,1.384527689291559227e-02
6.552000000000000000e+04,1.663046963556141095e-02,7.321691551886999605e-03
6.552100000000000000e+04,3.839519788277061686e-03,2.831244990025538755e-02
6.552200000000000000e+04,7.366936588362097034e-03,3.762999017554946590e-02
6.552300000000000000e+04,3.710002721656988078e-03,2.561325770220079789e-02
6.552400000000000000e+04,6.252819567264466909e-03,2.614742370387190817e-02
6.552500000000000000e+04,8.513898693013279353e-03,2.181984118821489460e-02
6.552600000000000000e+04,1.223968041249793443e-02,3.195045376768490542e-02
6.552700000000000000e+04,1.014100005935663663e-02,2.882156514457179242e-02
6.552800000000000000e+04,1.102185353131284427e-02,3.952420534313816347e-02
6.552900000000000000e+04,1.134309100353236149e-02,2.868010502803031159e-02
6.553000000000000000e+04,7.947956819914168622e-03,2.812985328558781362e-02
6.553100000000000000e+04,8.941878757577742184e-03,3.250193966365344522e-02
6.553200000000000000e+04,9.605565573821842409e-03,2.834179674429648799e-02
6.553300000000000000e+04,9.902507349443626442e-03,3.067535963917933373e-02
6.553400000000000000e+04,1.081601942727493035e-02,3.580156010361790209e-02
6.553500000000000000e+04,1.180145254550966916e-02,3.692792619290230505e-02
6.553600000000000000e+04,1.333013661467591718e-02,3.781500273056437322e-02
6.553700000000000000e+04,1.550808401672307095e-02,4.000721586632494109e-02
6.553800000000000000e+04,1.669156052443817803e-02,3.833264572549666127e-02
6.553900000000000000e+04,1.857359408827670422e-02,3.819112280998382403e-02
6.554000000000000000e+04,1.952414284297082289e-02,3.664018535886626182e-02
6.554100000000000000e+04,1.984158732543488471e-02,3.620032367939884921e-02
6.554200000000000000e+04,2.331806305861030409e-02,3.692399157290893186e-02
6.554300000000000000e+04,2.107740592450867492e-02,3.433799848654217612e-02
6.554400000000000000e+04,1.917096751372232219e-02,3.069080016263470156e-02
6.554500000000000000e+04,2.007084630568681943e-02,3.345441216666245055e-02
6.554600000000000000e+04,2.059263543370818197e-02,3.220474117705762751e-02
6.554700000000000000e+04,2.561988771572603144e-02,2.057484654294938764e-02
6.554800000000000000e+04,3.602823217876342105e-02,2.942640450716638156e-02
6.554900000000000000e+04,4.567391220187495826e-02,4.406953066467522717e-02
6.555000000000000000e+04,3.834617809614406653e-02,5.462277702478957053e-02
6.555100000000000000e+04,1.189042622505881615e-02,3.438852505006195770e-02
6.555200000000000000e+04,1.087326491792832417e-02,3.521617795235343351e-02
6.555300000000000000e+04,1.185248054847706789e-02,2.084038499362250718e-02
6.555400000000000000e+04,9.531150756907564789e-03,2.205675152600150568e-02
6.555500000000000000e+04,1.494810229214319115e-02,3.987870567322460147e-02
6.555600000000000000e+04,2.454027130597655204e-02,6.026093305030499891e-02
6.555700000000000000e+04,6.551113425787712108e-02,1.223430176289213023e-01
6.555800000000000000e+04,1.269773949902447754e-02,6.163396751571070808e-03
6.555900000000000000e+04,3.175942490987038180e-02,2.737332943923576067e-02
6.556000000000000000e+04,6.992696999285504672e-03,1.296346909645507139e-02
6.556100000000000000e+04,3.643407592225424846e-02,1.425634672466458142e-02
6.556200000000000000e+04,4.372693031340277314e-02,5.080648475550120224e-02
6.556300000000000000e+04,1.009065039332230317e-02,3.932906759232501770e-02
6.556400000000000000e+04,4.697306638669728265e-03,2.863568287320816808e-02
6.556500000000000000e+04,2.114879120090239900e-02,4.727698759978871124e-02
6.556600000000000000e+04,2.070395714365645679e-02,5.506034542579918423e-02
6.556700000000000000e+04,5.654654822577693737e-03,4.151284419631373623e-02
6.556800000000000000e+04,1.256095029003068304e-02,4.372573547928304549e-02
6.556900000000000000e+04,4.196298763060464856e-03,6.610243288815098595e-03
6.557000000000000000e+04,1.339317950728739770e-02,3.166425494974589583e-03
6.557100000000000000e+04,1.214293941761210825e-02,1.138122190743828810e-02
6.557200000000000000e+04,2.094616936000178592e-02,5.674815710184688555e-03
6.557300000000000000e+04,2.011311311471060750e-02,2.760123635450639767e-03
6.557400000000000000e+04,2.359322619480919148e-02,4.111435908835936459e-02
6.557500000000000000e+04,1.159580874807690509e-02,2.937220696984432777e-02
6.557600000000000000e+04,1.013427108927241610e-02,4.845777307108534160e-02
6.557700000000000000e+04,3.423146543268493908e-02,7.233060951580227993e-02
6.557800000000000000e+04,1.255794127802403216e-02,3.978691708318748965e-02
6.557900000000000000e+04,1.210235548315726807e-02,6.398879911252208785e-03
6.558000000000000000e+04,9.017450209656482918e-03,2.812674691823424666e-02
6.558100000000000000e+04,8.075130007332790433e-03,2.329417021607937954e-03
6.558200000000000000e+04,9.388370927451438613e-03,4.705206807919637413e-03
6.558300000000000000e+04,1.066982151047870565e-03,5.137498265652240548e-03
6.558400000000000000e+04,1.635130656378080841e-03,1.531763425345111784e-02
6.558500000000000000e+04,4.490360190294699801e-03,1.475517767375933431e-02
6.558600000000000000e+04,5.909223337984351350e-03,1.652085938951763922e-02
6.558700000000000000e+04,1.798299296627253741e-03,9.147081232189435696e-03
6.558800000000000000e+04,2.649531321886141114e-03,1.606289691980578027e-02
6.558900000000000000e+04,1.802235761351752771e-02,6.375960701205585224e-02
6.559000000000000000e+04,1.648710381871261108e-02,3.714301622004789749e-02
6.559100000000000000e+04,1.242231218036541143e-02,2.645673338456511203e-02
6.559200000000000000e+04,1.388331395605328644e-02,2.979847344912478491e-02
6.559300000000000000e+04,1.498761143393747587e-02,2.325394522211432502e-02
6.559400000000000000e+04,9.172401453024793191e-03,1.667903834737316515e-02
6.559500000000000000e+04,2.619351948817060655e-02,5.374678136947608209e-02
6.559600000000000000e+04,2.162591004500087968e-02,4.649817168235159670e-02
6.559700000000000000e+04,4.090956375416474750e-02,1.073422231890042156e-02
6.559800000000000000e+04,1.018025016323186906e-02,1.658657778016880968e-02
6.559900000000000000e+04,9.149668968814670539e-03,4.115562210357026629e-03
6.560000000000000000e+04,2.197630092188978049e-02,4.534302712373872168e-03
6.560100000000000000e+04,1.033613441737908124e-02,6.710681757711611795e-03
6.560200000000000000e+04,1.590886227161899397e-02,3.319008410086077276e-02
6.560300000000000000e+04,3.581773232457270001e-02,6.295852051572481400e-02
6.560400000000000000e+04,8.797481360654554189e-03,6.151111404827425133e-02
6.560500000000000000e+04,2.100249229978436161e-02,4.768154362201748597e-02
6.560600000000000000e+04,4.068909281108470249e-02,5.252608104657063848e-02
6.560700000000000000e+04,4.416138062267577907e-02,6.130259371229662690e-02
6.560800000000000000e+04,5.374583047751285009e-02,9.383742099126379799e-02
6.560900000000000000e+04,5.447005300622921597e-02,1.043304172488159764e-01
6.561000000000000000e+04,3.612785647448651244e-02,6.949141620332532909e-02
6.561100000000000000e+04,5.215769812771244712e-03,4.775894056770901841e-02
6.561200000000000000e+04,4.182499366713941444e-03,4.099671225966083909e-02
6.561300000000000000e+04,9.398729424603700922e-03,3.621881656023440144e-02
6.561400000000000000e+04,1.795884847611551238e-03,1.886267910864347641e-02
6.561500000000000000e+04,3.725518275450038792e-03,2.509011685539164205e-02
6.561600000000000000e+04,5.344425004314438434e-03,3.078738438786920995e-02
6.561700000000000000e+04,2.375816074987984351e-03,2.160565259963398432e-02
6.561800000000000000e+04,5.608349318939738438e-04,2.374426624417935727e-02
6.561900000000000000e+04,2.252037981976005420e-03,2.396544293812397086e-02
6.562000000000000000e+04,6.284495794945376421e-04,2.427026352266636877e-02
6.562100000000000000e+04,1.229697892801236148e-02,4.797323309158585403e-02
6.562200000000000000e+04,4.558302214462233576e-02,9.792916255921468860e-02
6.562300000000000000e+04,1.186123794987815894e-01,1.608181071144443308e-01
6.562400000000000000e+04,1.623731202228705442e-02,4.603683523583157466e-02
6.562500000000000000e+04,1.950974868606998244e-02,5.636928344044633832e-02
6.562600000000000000e+04,1.656565774345047232e-02,5.234461520118571798e-02
6.562700000000000000e+04,1.953777322414956830e-02,3.134329136043945141e-02
6.562800000000000000e+04,2.390223203769223370e-02,2.857490827474151729e-02
6.562900000000000000e+04,1.831380354497320201e-02,3.582709748781454095e-02
6.563000000000000000e+04,1.925740841421386129e-02,3.163436079904613507e-02
6.563100000000000000e+04,1.557809470433105595e-02,3.043817148640215464e-02
6.563200000000000000e+04,1.405807659294908488e-02,4.043175337627502586e-02
6.563300000000000000e+04,1.737890540890769941e-02,4.315025642747372103e-02
6.563400000000000000e+04,1.620552736448239300e-02,1.961449534744375001e-02
6.563500000000000000e+04,1.595704888431088292e-02,2.435963423321751975e-02
6.563600000000000000e+04,1.691097060349915429e-02,4.541439225303989247e-02
6.563700000000000000e+04,1.634396803897502498e-02,3.972955912660225408e-02
6.563800000000000000e+04,1.242679502196932483e-02,3.898256824383494745e-02
6.563900000000000000e+04,1.131927611572637778e-02,3.897380875005040934e-02
6.564000000000000000e+04,1.742300464980480953e-02,4.046096530922227430e-02
6.564100000000000000e+04,4.048878707663390239e-03,3.492308344890915350e-02
6.564200000000000000e+04,1.177137272754633784e-02,2.987784897688072761e-02
6.564300000000000000e+04,5.811553198320240123e-03,3.148692312400314108e-02
6.564400000000000000e+04,1.214788941712552361e-02,3.134820111901603923e-02
6.564500000000000000e+04,1.400767724489582894e-02,3.089241641963980101e-02
6.564600000000000000e+04,1.695645022749674505e-02,3.883102286089723520e-02
6.564700000000000000e+04,1.723948702321854293e-02,2.542407781130506805e-02
6.564800000000000000e+04,1.601164889807504127e-02,2.706660412494699131e-02
6.564900000000000000e+04,1.920156094284459700e-02,2.182865940111256009e-02
6.565000000000000000e+04,1.498603105592885391e-02,3.305339373898164013e-02
6.565100000000000000e+04,1.000295838449101991e-02,3.280230565458808201e-02
6.565200000000000000e+04,6.083793372324251825e-03,3.650131992387173341e-02
6.565300000000000000e+04,1.203382494486647525e-02,3.662262049687114995e-02
6.565400000000000000e+04,6.884213089965975779e-03,4.139795483498787121e-02
6.565500000000000000e+04,4.883896753991675936e-03,5.753294537938558051e-02
6.565600000000000000e+04,1.500695206638468122e-02,4.911863934281157640e-02
6.565700000000000000e+04,2.339320619227096450e-04,3.412887816039500422e-02
6.565800000000000000e+04,4.189221389231683260e-03,3.513903279439389848e-02
6.565900000000000000e+04,2.208766142735704360e-03,5.569592946348578266e-02
6.566000000000000000e+04,1.483890214684086169e-02,4.979522322533469492e-02
6.566100000000000000e+04,1.460536039778846489e-02,2.467767167745194001e-02
6.566200000000000000e+04,4.786260832894885520e-02,9.220183049067287584e-02
6.566300000000000000e+04,8.838703027637259679e-02,1.446733545339142779e-01
6.566400000000000000e+04,1.263658943708702576e-01,2.401473894427077482e-01
6.566500000000000000e+04,2.035339867457301721e-01,3.448081475595685674e-01
6.566600000000000000e+04,2.562461919225066387e-01,4.212553321972016818e-01
6.566700000000000000e+04,2.413497654842664819e-01,4.683965170059387617e-01
6.566800000000000000e+04,1.832181476756714888e-01,4.836568699502219459e-01
6.566900000000000000e+04,2.017809404299339970e-01,5.001206784301679420e-01
6.567000000000000000e+04,1.780762909037138797e-01,5.187655613841872793e-01
6.567100000000000000e+04,1.202126937470191816e-02,2.828480736044447497e-02
6.567200000000000000e+04,6.727106115052595980e-03,2.528899297273667912e-02
6.567300000000000000e+04,1.465513743718510793e-02,6.426024579035072293e-03
6.567400000000000000e+04,1.163949448653641555e-02,6.155965875155544609e-03
6.567500000000000000e+04,1.238519732772495191e-02,8.923751229028553666e-03
6.567600000000000000e+04,6.204739744558350652e-03,1.093781691876749562e-02
6.567700000000000000e+04,6.754092887791689724e-03,1.279393273519069396e-02
6.567800000000000000e+04,8.646109127929903562e-03,1.864043509846169400e-02
6.567900000000000000e+04,1.139881303371227325e-02,2.134752603440048802e-02
6.568000000000000000e+04,1.232802952380450574e-02,1.904399726030447937e-02
6.568100000000000000e+04,1.642464748244840816e-02,1.836385297144182971e-02
6.568200000000000000e+04,2.481415712410313043e-02,3.194141912755910084e-03
6.568300000000000000e+04,1.119242192220577976e-02,9.505093489220683978e-03
6.568400000000000000e+04,1.221997226768633052e-02,2.324151874876001500e-02
6.568500000000000000e+04,1.872603135056516779e-02,1.701920746985052801e-02
6.568600000000000000e+04,2.729799808675949235e-02,2.620971875279565211e-02
6.568700000000000000e+04,4.216423257181279444e-02,5.610921025491322212e-02
6.568800000000000000e+04,3.583060304102885646e-02,4.797667552569517824e-02
6.568900000000000000e+04,2.884234338743918782e-02,2.173470159063484175e-02
6.569000000000000000e+04,2.749372128091195910e-02,3.696469862626550196e-02
6.569100000000000000e+04,3.224875861614445033e-02,3.061165379197205993e-02
6.569200000000000000e+04,1.975785186428547988e-02,1.641327754712751386e-02
6.569300000000000000e+04,2.734266814440914489e-02,1.975664713809965889e-02
6.569400000000000000e+04,2.746143740579507636e-02,1.756092548281351640e-03
6.569500000000000000e+04,2.752448072179381616e-02,7.468485767994526014e-03
6.569600000000000000e+04,3.000762999779148579e-02,7.560346752283120253e-03
6.569700000000000000e+04,2.894554242100658495e-02,8.548382440891622025e-04
6.569800000000000000e+04,3.610449153648172954e-02,1.536773110123235142e-03
6.569900000000000000e+04,3.021991322191732929e-02,7.699437987389146087e-03
6.570000000000000000e+04,2.628503039645045322e-02,4.059655408752860239e-03
6.570100000000000000e+04,1.093702132921432618e-01,8.079218114826192121e-02
6.570200000000000000e+04,6.632079716341005016e-02,2.941398737997147350e-02
6.570300000000000000e+04,5.871455465873378493e-02,1.852924132069500018e-03
6.570400000000000000e+04,1.778298675716322511e-02,3.120466814911049269e-02
6.570500000000000000e+04,1.088179479319704643e-02,2.822954878297334602e-02
6.570600000000000000e+04,3.728039628686991187e-03,1.949091113230538852e-02
6.570700000000000000e+04,1.128288478305799689e-02,2.054966115261480653e-02
6.570800000000000000e+04,8.069048370308602031e-03,1.344759909338621995e-02
6.570900000000000000e+04,4.017822575556190268e-03,1.414950967334016596e-02
6.571000000000000000e+04,1.003063280286997302e-02,2.148401814229083939e-02
6.571100000000000000e+04,2.600609341394524016e-03,1.388078551792659709e-02
6.571200000000000000e+04,4.896596530943968933e-03,9.419934823461595386e-03
6.571300000000000000e+04,9.274654790376661920e-03,9.529028823003216075e-03
6.571400000000000000e+04,1.450428894124933255e-02,1.001006026927875325e-02
6.571500000000000000e+04,8.463221317849092470e-03,1.159862537927569548e-02
6.571600000000000000e+04,7.216612477365397064e-03,3.332955434213413781e-03
6.571700000000000000e+04,6.973461036603417589e-03,9.845036184317645933e-03
6.571800000000000000e+04,1.195947042230459043e-02,1.795402825113567857e-02
6.571900000000000000e+04,8.640930366249854888e-03,1.633273682103109081e-02
6.572000000000000000e+04,7.855948198898376686e-03,1.834003941471817889e-02
6.572100000000000000e+04,1.001556875752878349e-02,1.471214879736981729e-02
6.572200000000000000e+04,7.618294653071571061e-03,1.874518782107248427e-02
6.572300000000000000e+04,7.544898730844819094e-03,1.106277739108207925e-02
6.572400000000000000e+04,1.004667561829841564e-02,1.322665187321014901e-02
6.572500000000000000e+04,1.006570272274320138e-02,2.022547238956029503e-02
6.572600000000000000e+04,2.809449651304830181e-02,1.038959034156372585e-02
6.572700000000000000e+04,1.158708931845676623e-02,2.537393046731739599e-02
6.572800000000000000e+04,2.268398113742300937e-02,7.093231038493075236e-03
6.572900000000000000e+04,1.958660807436647666e-02,7.694322159417704698e-02
6.573000000000000000e+04,3.506095370352042828e-02,9.346745687760010801e-02
6.573100000000000000e+04,2.013991533124205591e-02,4.382665651399103579e-02
6.573200000000000000e+04,7.943135286995124320e-03,3.333503857449260366e-02
6.573300000000000000e+04,2.790265346399204219e-02,2.518566751981810015e-02
6.573400000000000000e+04,3.249365386880709999e-02,1.884165878265425809e-02
6.573500000000000000e+04,3.588639364553684874e-02,2.387763458281721984e-02
6.573600000000000000e+04,2.182847730660095881e-02,2.053533474238061762e-02
6.573700000000000000e+04,3.623608372109134168e-02,1.719890183365918590e-02
6.573800000000000000e+04,3.629076581902181825e-02,4.282998038480201330e-03
6.573900000000000000e+04,3.783851041826908485e-02,3.824748757271234645e-03
6.574000000000000000e+04,1.607025976960562916e-02,1.452412564065208578e-02
6.574100000000000000e+04,1.632183241938335236e-02,1.793237897496752220e-02
6.574200000000000000e+04,1.343204900561632657e-02,2.119164983390853241e-02
6.574300000000000000e+04,2.605134134267916499e-02,2.623833611373233010e-02
6.574400000000000000e+04,2.927709652218669911e-02,1.788805752268901594e-02
6.574500000000000000e+04,3.304536647529944526e-02,1.792279370447591447e-02
6.574600000000000000e+04,3.415225489892703692e-02,1.829517474433883795e-02
6.574700000000000000e+04,2.219997966434199971e-02,3.553496506484143946e-02
6.574800000000000000e+04,2.252216069743106716e-02,3.833119894437519992e-02
6.574900000000000000e+04,2.877988022851119335e-02,3.982114479711051924e-02
6.575000000000000000e+04,3.858037329026126755e-02,2.614242644693581807e-02
6.575100000000000000e+04,4.221635678712787332e-02,2.431922432273470047e-02
6.575200000000000000e+04,3.767626250026792634e-02,2.895478820730684744e-02
6.575300000000000000e+04,4.315485879448531514e-02,2.335235291053849860e-02
6.575400000000000000e+04,4.611085522214031923e-02,3.433515396201697323e-02
6.575500000000000000e+04,4.285066678437091103e-02,3.496187736107692068e-02
6.575600000000000000e+04,4.580760022481596833e-02,2.867572501169046717e-02
6.575700000000000000e+04,4.553905873742776500e-02,3.051947221224926565e-02
6.575800000000000000e+04,7.398181502909569052e-02,4.991746516291584168e-02
6.575900000000000000e+04,6.960520465174867277e-02,4.860776288471457818e-02
6.576000000000000000e+04,7.151401297942620860e-02,4.476608414465954588e-02
6.576100000000000000e+04,2.670954124196352197e-02,3.455769496353799930e-02
6.576200000000000000e+04,2.174906300593323558e-02,3.092856648851693979e-02
6.576300000000000000e+04,2.685122077346313585e-02,2.708320531375058016e-02
6.576400000000000000e+04,6.251418579689924093e-02,2.209330553037575084e-02
6.576500000000000000e+04,4.721386173353444432e-02,6.832026494960230512e-03
6.576600000000000000e+04,3.760795027512246064e-02,1.412442077554398878e-02
6.576700000000000000e+04,1.603105872046161132e-02,7.415697359113293530e-03
6.576800000000000000e+04,1.351615513247251751e-02,1.522898695571772709e-02
6.576900000000000000e+04,1.699869183864035141e-02,2.190185388377907660e-02
6.577000000000000000e+04,1.805369497051245373e-02,1.462993219503350151e-02
6.577100000000000000e+04,2.534163242315778594e-02,1.760853570230991316e-02
6.577200000000000000e+04,3.129478451979907094e-02,2.244860530643044694e-02
6.577300000000000000e+04,3.115722705446456395e-02,3.364472248868843884e-02
6.577400000000000000e+04,3.986696176375641859e-02,2.726347502298254177e-02
6.577500000000000000e+04,4.129929314051390687e-02,3.268092348481754783e-02
6.577600000000000000e+04,5.859958640963007503e-02,9.433034665431883070e-02
6.577700000000000000e+04,4.483987282923682788e-02,7.781917399617932496e-02
6.577800000000000000e+04,3.493303412528989821e-02,6.634124252726913973e-02
6.577900000000000000e+04,4.927256518728925783e-02,1.290766058195291777e-01
6.578000000000000000e+04,4.121473703700254121e-02,6.589461199692192572e-02
6.578100000000000000e+04,9.752090714177681988e-03,2.897449490472348010e-02
6.578200000000000000e+04,1.039910034045629650e-02,5.078244583414148750e-02
6.578300000000000000e+04,1.083756245314756311e-02,4.757817969989552864e-02
6.578400000000000000e+04,1.568671100575728602e-02,2.937936441363309115e-02
6.578500000000000000e+04,1.429366267199723602e-02,3.503732840059647913e-02
6.578600000000000000e+04,3.780584042072582251e-02,2.347180912150070853e-02
6.578700000000000000e+04,1.801469305953919131e-02,1.174910854104815883e-02
6.578800000000000000e+04,4.824161352090255983e-02,6.337961902947597537e-02
6.578900000000000000e+04,4.775415813183851721e-02,7.014009463766601726e-02
6.579000000000000000e+04,4.861890640249832973e-02,6.931871055968930051e-02
6.579100000000000000e+04,5.273021588681391786e-02,7.433851225136400842e-02
6.579200000000000000e+04,1.832322437591515267e-03,4.004685977173849665e-03
6.579300000000000000e+04,8.322014075134241684e-03,1.316738706333620001e-02
6.579400000000000000e+04,1.056771902411961228e-02,2.611013012914487064e-02
6.579500000000000000e+04,4.274176759373082835e-03,3.850266656915035668e-02
6.579600000000000000e+04,4.782904198930956058e-03,3.066368380220385603e-02
6.579700000000000000e+04,8.851160211873026346e-03,4.065492458136166221e-02
6.579800000000000000e+04,6.849602703758774988e-03,2.003754350097253223e-02
6.579900000000000000e+04,1.309562296649374562e-02,8.936373832622024338e-03
6.580000000000000000e+04,1.629781208542308013e-02,1.737279059389118530e-02
6.580100000000000000e+04,1.674321392098487848e-02,1.875795056763340796e-02
6.580200000000000000e+04,2.703106841733167454e-02,3.196630107786413433e-02
6.580300000000000000e+04,1.489002559485004540e-02,2.884635217354292180e-02
6.580400000000000000e+04,9.059844076170156177e-03,1.245121687864392257e-02
6.580500000000000000e+04,1.423695412675453180e-02,1.248183849789530342e-02
6.580600000000000000e+04,1.100038750996673587e-02,2.143988046761036159e-02
6.580700000000000000e+04,1.374466244509521887e-02,2.381689908867512528e-02
6.580800000000000000e+04,3.039877444290924394e-02,6.490228028758027179e-02
6.580900000000000000e+04,2.784941281609031732e-02,2.021015632505029913e-02
6.581000000000000000e+04,2.093292792699391960e-02,2.581323025455883879e-03
6.581100000000000000e+04,2.352014252218473031e-02,6.530667834572678743e-03
6.581200000000000000e+04,1.452852376545199498e-02,4.962411061577576277e-03
6.581300000000000000e+04,1.968423933543890503e-02,2.781104131077682950e-05
6.581400000000000000e+04,7.559580755559494082e-03,3.081838671755043890e-03
6.581500000000000000e+04,1.061681804938507598e-02,9.162149623029858247e-03
6.581600000000000000e+04,3.025565496565411905e-02,1.818559283119247638e-02
6.581700000000000000e+04,3.308334812421392934e-02,8.937638771718603437e-03
6.581800000000000000e+04,3.854612925560037956e-02,7.161628783678564147e-02
6.581900000000000000e+04,3.938424281873274813e-02,7.454151790432295144e-02
6.582000000000000000e+04,2.753861037749484597e-02,5.640089635832712389e-02
6.582100000000000000e+04,1.884834101620659619e-02,9.711199685403570925e-03
6.582200000000000000e+04,1.993094932398630642e-02,1.151653377436367975e-02
6.582300000000000000e+04,1.765909865986919208e-02,2.337092789557360106e-02
6.582400000000000000e+04,2.261437927650947893e-02,4.362318716041801991e-02
6.582500000000000000e+04,2.155597402331340534e-02,4.148791004102125868e-02
6.582600000000000000e+04,2.457102829098377697e-02,3.118951781862566719e-02
6.582700000000000000e+04,3.106787063507589902e-02,2.754205236554785330e-02
6.582800000000000000e+04,3.689140767107733365e-02,3.019205924529444474e-02
6.582900000000000000e+04,3.997562257454829321e-02,3.560250820959698359e-02
6.583000000000000000e+04,4.305780754379324310e-02,3.881726113288763713e-02
6.583100000000000000e+04,4.655944509220333316e-02,3.872505994470909485e-02
6.583200000000000000e+04,4.510980052469288487e-02,4.075980672015067086e-02
6.583300000000000000e+04,4.583376686346134904e-02,5.355596626408942740e-02
6.583400000000000000e+04,4.760571394945514734e-02,3.288291385237851472e-02
6.583500000000000000e+04,4.380750026431485394e-02,2.415542704888373748e-02
6.583600000000000000e+04,4.141924411362564451e-02,1.586975954466840477e-02
6.583700000000000000e+04,4.788395302621956812e-02,6.697846407067054031e-03
6.583800000000000000e+04,2.692021719274088204e-02,7.246409041228751846e-03
6.583900000000000000e+04,3.139578947238432644e-02,2.025925062175248925e-02
6.584000000000000000e+04,2.200712943334953361e-02,2.775280006069547056e-02
6.584100000000000000e+04,2.370757575155480606e-02,9.961630702212787014e-03
6.584200000000000000e+04,3.456192183372435583e-02,2.043582885784589465e-02
6.584300000000000000e+04,1.270293729867476643e-02,2.690564307319620596e-02
6.584400000000000000e+04,7.726225220578046560e-02,8.633538946394203606e-02
6.584500000000000000e+04,4.220729682561728119e-02,5.270641293749100953e-03
6.584600000000000000e+04,4.427284042402232500e-02,1.365917786279879920e-02
6.584700000000000000e+04,4.335846430115897904e-02,2.128261723534752292e-02
6.584800000000000000e+04,3.676128405099270829e-02,2.034652746121512479e-02
6.584900000000000000e+04,3.463999393577955888e-02,1.591562596037965349e-02
6.585000000000000000e+04,4.852172689681024526e-02,3.216360960346165143e-02
6.585100000000000000e+04,1.826441664419993852e-02,8.712653688140115094e-03
6.585200000000000000e+04,2.132114164808650986e-02,2.474146088490991602e-02
6.585300000000000000e+04,8.319777543827089686e-03,2.925100685876058648e-02
6.585400000000000000e+04,1.756594673423071684e-02,4.465555251643316126e-02
6.585500000000000000e+04,2.411436006120053557e-02,6.287722641176429761e-02
6.585600000000000000e+04,4.952299253277808733e-02,3.695379408127363874e-02
6.585700000000000000e+04,6.921181878919492603e-02,1.412162193466444116e-01
6.585800000000000000e+04,5.032718909000132718e-02,1.310273409486555352e-01
6.585900000000000000e+04,4.848716205440137955e-02,8.314152170213429116e-02
6.586000000000000000e+04,3.073248064741673780e-02,5.584423224335521851e-02
6.586100000000000000e+04,2.627234542118010371e-02,3.124545521648425250e-03
6.586200000000000000e+04,2.140693592742121468e-02,3.450177244971541768e-03
6.586300000000000000e+04,3.109382958141438877e-02,4.475224450636527962e-03
6.586400000000000000e+04,2.592554142945013851e-02,1.350603321377041866e-02
6.586500000000000000e+04,5.662210560134026821e-02,4.936044194862976298e-02
6.586600000000000000e+04,6.513515297462162124e-02,5.818526723058425887e-02
6.586700000000000000e+04,1.045029827751906351e-02,3.039072094880168606e-02
6.586800000000000000e+04,4.246022330601433720e-02,8.059049440409271625e-02
6.586900000000000000e+04,2.089770675864895122e-02,1.090193573240405556e-02
6.587000000000000000e+04,2.488262837735041866e-02,5.116493206922312353e-02
6.587100000000000000e+04,2.521483635135689932e-02,6.533454681671768682e-02
6.587200000000000000e+04,4.286295344155466314e-02,1.118911604059893428e-01
6.587300000000000000e+04,2.831691211534383135e-02,9.165160815329143063e-02
6.587400000000000000e+04,6.522513234399908433e-02,1.310177693794667420e-01
6.587500000000000000e+04,2.156496466355082436e-02,3.080456969218614560e-02
6.587600000000000000e+04,1.269519372891640165e-02,1.683193609163513571e-02
6.587700000000000000e+04,1.884103588301816457e-02,4.519863819506220182e-02
6.587800000000000000e+04,2.127931625871215537e-02,5.258375370288836947e-02
6.587900000000000000e+04,2.217240464518137333e-02,6.541949690039228216e-02
6.588000000000000000e+04,2.790751678977120356e-02,6.697116240086531391e-02
6.588100000000000000e+04,4.140641083242765225e-02,7.425173155410069725e-02
6.588200000000000000e+04,2.119752687643070357e-02,2.214444102383605895e-02
6.588300000000000000e+04,1.483431817334715172e-02,1.196145546388605041e-02
6.588400000000000000e+04,1.732818317708571462e-02,1.426493608277246139e-02
6.588500000000000000e+04,1.484624026145506086e-02,1.839275843837562263e-02
6.588600000000000000e+04,1.647794551850901082e-02,2.177986054230274249e-02
6.588700000000000000e+04,1.498382054717366414e-02,2.920324757408243599e-02
6.588800000000000000e+04,1.332665671094869671e-02,2.035494434529860897e-02
6.588900000000000000e+04,1.061196881602323276e-02,1.807646180382116441e-02
6.589000000000000000e+04,1.499974762643789539e-02,3.272324274194615690e-02
6.589100000000000000e+04,9.128946608862225157e-03,2.724333905890796714e-02
6.589200000000000000e+04,2.173296586765237001e-03,1.861869792639958554e-02
6.589300000000000000e+04,8.600078726368526674e-03,3.808777105919514128e-02
6.589400000000000000e+04,9.302660306334642470e-03,4.533747398827570052e-02
6.589500000000000000e+04,7.660168694823404727e-03,4.282531570875769411e-02
6.589600000000000000e+04,4.766547525350304376e-03,1.672058338067539118e-02
6.589700000000000000e+04,8.467752725070195122e-03,1.838623040628895033e-02
6.589800000000000000e+04,7.257656246439884475e-03,2.111213950429724484e-02
6.589900000000000000e+04,1.043551653903524584e-02,1.615249888055592109e-02
6.590000000000000000e+04,5.092109230333387825e-03,2.995032615956172428e-02
6.590100000000000000e+04,1.569626131890916251e-02,5.128546260468569429e-02
6.590200000000000000e+04,4.700079138225201486e-03,3.087696530679684415e-02
6.590300000000000000e+04,2.173696072991067318e-03,2.931969287695612714e-02
6.590400000000000000e+04,2.452365245925391783e-03,1.829586304020591747e-02
6.590500000000000000e+04,1.090820532474668508e-02,2.282871899434057994e-02
6.590600000000000000e+04,3.343923049098159513e-03,5.706738312338521801e-02
6.590700000000000000e+04,8.145821823236941428e-03,6.626519414905285288e-02
6.590800000000000000e+04,3.449691970432333665e-02,6.748088467642898713e-02
6.590900000000000000e+04,1.035948028019512829e-02,9.714170226768703564e-02
6.591000000000000000e+04,1.151628972083305197e-02,8.716891433905549214e-02
6.591100000000000000e+04,1.265180578544106670e-02,3.704748988017048106e-02
6.591200000000000000e+04,9.496210441908443586e-03,3.482054828909575406e-02
6.591300000000000000e+04,4.272499301694144408e-03,9.554391310015342142e-03
6.591400000000000000e+04,1.081972052467790844e-02,2.359200833920471752e-02
6.591500000000000000e+04,1.200013245845196752e-02,3.460982229758347017e-02
6.591600000000000000e+04,1.230803633333442566e-02,3.144976484308625864e-02
6.591700000000000000e+04,9.331979552518052806e-03,2.412966229301494181e-02
6.591800000000000000e+04,1.339819165240214473e-02,2.693618079138082599e-02
6.591900000000000000e+04,9.952024106738073528e-03,2.830228196458073331e-02
6.592000000000000000e+04,7.998441007593462548e-03,2.091338751191118561e-02
6.592100000000000000e+04,1.074726602986249453e-02,3.207196747254481561e-02
6.592200000000000000e+04,1.382696020032844753e-02,4.122962804746377330e-02
6.592300000000000000e+04,1.022073057249556043e-02,3.575832337640705294e-02
6.592400000000000000e+04,1.315010310120268665e-02,2.500520834261754644e-02
6.592500000000000000e+04,1.868134610048846969e-02,3.666940393084017202e-02
6.592600000000000000e+04,2.069258614163311041e-02,4.433055044089606600e-02
6.592700000000000000e+04,1.101050135162190760e-02,5.149608431155539012e-02
6.592800000000000000e+04,1.161467725848156114e-02,4.003687465795313649e-02
6.592900000000000000e+04,7.249209941428007113e-03,3.122915876876963814e-02
6.593000000000000000e+04,1.541653684191440429e-02,2.624982335731529393e-02
6.593100000000000000e+04,2.187077378277917442e-02,2.487658343693277541e-02
6.593200000000000000e+04,2.957370473806363032e-02,1.986800078087602728e-03
6.593300000000000000e+04,6.881162784228905815e-02,9.829035865449553544e-02
6.593400000000000000e+04,1.468980600281724440e-02,5.709621069714831965e-02
6.593500000000000000e+04,5.710051027417869032e-03,5.055122282947055457e-02
6.593600000000000000e+04,2.202298137940356115e-02,8.395878757713792773e-02
6.593700000000000000e+04,5.903309253422944769e-02,1.183686848095507615e-01
6.593800000000000000e+04,8.854600122470360213e-02,1.345333023759554825e-01
6.593900000000000000e+04,1.543299726427886098e-01,1.314825125885648871e-01
6.594000000000000000e+04,1.851612280288657264e-01,1.663771529314574948e-01
6.594100000000000000e+04,2.247190867340574105e-01,2.532230007963234830e-01
6.594200000000000000e+04,2.924935254048501854e-01,3.961420797081560002e-02
6.594300000000000000e+04,8.647242740882880863e-02,2.455674814178349930e-01
6.594400000000000000e+04,1.410277628852031895e-01,1.142029302309699179e-01
6.594500000000000000e+04,6.813653301183315858e-02,3.831122943694132976e-01
6.594600000000000000e+04,1.889021197130193452e-01,4.350950373655159686e-01
6.594700000000000000e+04,2.736010125964554174e-01,4.493145775386352958e-01
6.594800000000000000e+04,3.392353146766909355e-01,4.383578765180272674e-01
6.594900000000000000e+04,3.150678725708851990e-01,4.049593786113158123e-01
6.595000000000000000e+04,3.567625484491945831e-01,3.564701269720492727e-01
6.595100000000000000e+04,3.409988243697366084e-01,3.118819885621831878e-01
6.595200000000000000e+04,2.859933858710015375e-01,3.356470349427342903e-01
6.595300000000000000e+04,3.063422754837150097e-01,3.500460312496609383e-01
6.595400000000000000e+04,3.020746031909786744e-01,3.289151793797681078e-01
6.595500000000000000e+04,3.452738942124204957e-01,2.947443266711388121e-01
6.595600000000000000e+04,4.058725510183437968e-01,3.302662904986130021e-01
6.595700000000000000e+04,3.964820455547374833e-01,3.619647279632299819e-01
6.595800000000000000e+04,3.861520978014176819e-01,3.345232292605785362e-01
6.595900000000000000e+04,5.370356928521825141e-03,4.390168038083741564e-02
6.596000000000000000e+04,6.563832863834496469e-03,5.238198013755757110e-02
6.596100000000000000e+04,1.827376523520616788e-02,2.943858340041272115e-02
6.596200000000000000e+04,1.008803098493977514e-02,2.725581637728047291e-02
6.596300000000000000e+04,1.232077189067075536e-02,1.733707518116012203e-02
6.596400000000000000e+04,3.062574785709644420e-02,5.689109278536941261e-03
6.596500000000000000e+04,2.033112738003510153e-02,1.591279246502064204e-02
6.596600000000000000e+04,1.075698522065945961e-02,4.816564262764011506e-02
6.596700000000000000e+04,8.396363252465110019e-03,3.399836335139283516e-02
6.596800000000000000e+04,1.118281607682918705e-02,2.550350145797741774e-03
6.596900000000000000e+04,1.500616348015612611e-02,2.712985591620253878e-03
6.597000000000000000e+04,1.771502773015857374e-02,1.369353770088099775e-02
6.597100000000000000e+04,5.364958784039859478e-03,1.345845071913887026e-02
6.597200000000000000e+04,7.666437676382761336e-03,4.856166275732487492e-03
6.597300000000000000e+04,7.244998306992232739e-03,8.084262591890434280e-03
6.597400000000000000e+04,7.056535049304982904e-03,1.152876054745455292e-02
6.597500000000000000e+04,5.190609702925455364e-03,1.013765729577209562e-02
6.597600000000000000e+04,1.539237924834805857e-02,1.664594167448596451e-02
6.597700000000000000e+04,2.275736116680745005e-02,3.832659193621834604e-02
6.597800000000000000e+04,1.696099235043276726e-02,1.883029322738405398e-02
6.597900000000000000e+04,4.547296147126321519e-02,1.353010087834993769e-02
6.598000000000000000e+04,4.802561576265718633e-03,2.210023367725577614e-02
6.598100000000000000e+04,2.495745304996492553e-02,4.838746459322695870e-03
6.598200000000000000e+04,2.040075453876573353e-02,1.387878945183462776e-02
6.598300000000000000e+04,2.627775211146749987e-02,4.727031902351086501e-02
6.598400000000000000e+04,1.430091607124815700e-02,7.543099668596209284e-02
6.598500000000000000e+04,1.157223912304017333e-02,1.198683012192001129e-01
6.598600000000000000e+04,4.155958032454040718e-02,4.127752440086407404e-02
6.598700000000000000e+04,5.007282197196835649e-02,4.190228284952501880e-02
6.598800000000000000e+04,5.216832573335487833e-02,2.705058513961566824e-02
6.598900000000000000e+04,2.363477740540196118e-02,4.436684595720907787e-02
6.599000000000000000e+04,1.077072953145920137e-01,4.200893751676826327e-02
6.599100000000000000e+04,1.409318800235928593e-01,2.187167705907957505e-01
6.599200000000000000e+04,2.167391332300933893e-01,3.602130817870099477e-01
6.599300000000000000e+04,2.377584570189879842e-01,4.121230387977543597e-01
6.599400000000000000e+04,2.463025291637699621e-01,4.816280848007650217e-01
6.599500000000000000e+04,2.661864828683801476e-01,4.055962094622482805e-01
6.599600000000000000e+04,2.624059293102216639e-01,4.197350523744917128e-01
6.599700000000000000e+04,2.459831218202938041e-01,4.333135825499193627e-01
6.599800000000000000e+04,2.646213706462981485e-01,3.867822254205370847e-01
6.599900000000000000e+04,2.365424617890832804e-01,3.861404892747648532e-01
6.600000000000000000e+04,2.106489512126110963e-01,4.184191706526679821e-01
6.600100000000000000e+04,2.271396887471459902e-01,4.589965629119705515e-01
6.600200000000000000e+04,2.432352253228209638e-01,4.958959216246198176e-01
6.600300000000000000e+04,2.320261398661264685e-01,4.898395089422526993e-01
6.600400000000000000e+04,2.407999026119378438e-01,5.091106477140019404e-01
6.600500000000000000e+04,2.368917751590614851e-01,4.954029714250436367e-01
6.600600000000000000e+04,2.455855056931857405e-01,4.778100258490491914e-01
6.600700000000000000e+04,2.350726521535160263e-01,4.546060815114372211e-01
6.600800000000000000e+04,2.463491035441673638e-01,4.563822822344618668e-01
6.600900000000000000e+04,2.367444054073586657e-01,4.657792033771765983e-01
6.601000000000000000e+04,2.302976508119230770e-01,4.611633207832268599e-01
6.601100000000000000e+04,2.366115125245670525e-01,4.638221039383407795e-01
6.601200000000000000e+04,2.412366956942478269e-01,4.543892055818667952e-01
6.601300000000000000e+04,2.271258552328996594e-01,4.274006179180731557e-01
6.601400000000000000e+04,2.230986286944340036e-01,4.072584453000169802e-01
6.601500000000000000e+04,2.211002654914230037e-01,4.094053551031517912e-01
6.601600000000000000e+04,2.160597497895946351e-01,4.151827800638274724e-01
6.601700000000000000e+04,2.204172469080223351e-01,4.215919652663371320e-01
6.601800000000000000e+04,2.192352945385643848e-01,4.319864112110549659e-01
6.601900000000000000e+04,2.109632711900902846e-01,4.283464366489064812e-01
6.602000000000000000e+04,2.112998508161408884e-01,4.213446420811211013e-01
6.602100000000000000e+04,2.047928152562829007e-01,4.168992365597403715e-01
6.602200000000000000e+04,2.174160007862416255e-02,5.958068776913405529e-03
6.602300000000000000e+04,1.642466389035369956e-02,2.799303076919690270e-02
6.602400000000000000e+04,1.704214198674691705e-02,3.947437381291307723e-02
6.602500000000000000e+04,1.288604851033752462e-02,3.242765194837637921e-02
6.602600000000000000e+04,1.272027109487897621e-02,4.452924572178540430e-02
6.602700000000000000e+04,1.331007400730049514e-02,5.501933106172884891e-02
6.602800000000000000e+04,1.909895467182969736e-02,2.209888682961191897e-02
6.602900000000000000e+04,6.120685384214180277e-03,1.944095883003438274e-02
6.603000000000000000e+04,2.015886154637450481e-02,5.344274300219131746e-02
6.603100000000000000e+04,5.759251169249674646e-02,3.251225164918780663e-02
6.603200000000000000e+04,9.984925998981604434e-02,7.837181503551837736e-02
6.603300000000000000e+04,4.294474331192496552e-02,1.862008244141297730e-01
6.603400000000000000e+04,1.100284333202224824e-02,2.185511556380672626e-01
6.603500000000000000e+04,5.157348093079990037e-02,2.649284507178286674e-01
6.603600000000000000e+04,8.773271653669005576e-02,3.238635984121993605e-01
6.603700000000000000e+04,2.592444014018099874e-02,4.226300673293481580e-02
6.603800000000000000e+04,3.958287961348998935e-02,4.397674058559486454e-02
6.603900000000000000e+04,8.926454494921795546e-02,1.047204117450837302e-01
6.604000000000000000e+04,5.660827775939105549e-02,8.322107877944562304e-02
6.604100000000000000e+04,5.117988915843350167e-02,7.411968040216621034e-02
6.604200000000000000e+04,5.694948361934717984e-02,7.402285431155863904e-02
6.604300000000000000e+04,4.906263401685256875e-02,4.352106662422183803e-02
6.604400000000000000e+04,4.423104891396088117e-02,3.106544553893497707e-02
6.604500000000000000e+04,4.133076667756201139e-02,2.638855255972716307e-02
6.604600000000000000e+04,3.839522035880255785e-02,3.801861855024712966e-02
6.604700000000000000e+04,2.978416461910126864e-02,4.673814734563386253e-02
6.604800000000000000e+04,1.076788265040763345e-02,4.063148181557219019e-02
6.604900000000000000e+04,1.414253742081495943e-02,5.353864165810851006e-02
6.605000000000000000e+04,1.538226830302412418e-02,6.587988435467639903e-02
6.605100000000000000e+04,2.422261935087833412e-02,4.504594983361798199e-02
6.605200000000000000e+04,1.739941370929096870e-02,3.589747038150647995e-02
6.605300000000000000e+04,1.914927426737589311e-02,1.586489639345201041e-02
6.605400000000000000e+04,3.076961840162112383e-02,1.966348666987505212e-02
6.605500000000000000e+04,3.287642906846723750e-02,3.136295816157375071e-02
6.605600000000000000e+04,1.450016386455750712e-02,7.609208130880995569e-02
6.605700000000000000e+04,3.171064762345673915e-02,4.313245728546721836e-02
6.605800000000000000e+04,4.357689228333481990e-02,3.970072268511648517e-02
6.605900000000000000e+04,4.568944776769896798e-02,4.226894260513569535e-02
6.606000000000000000e+04,4.528166361679981933e-02,4.129802661152259802e-02
6.606100000000000000e+04,4.029445885697120061e-02,5.359614896305986420e-02
6.606200000000000000e+04,4.174225799688017352e-02,5.932866652999280177e-02
6.606300000000000000e+04,4.739440678802127327e-02,9.001126042315421572e-02
6.606400000000000000e+04,4.510201975790854856e-02,1.101299642532840295e-01
6.606500000000000000e+04,5.154841569628541842e-02,1.241473292668779926e-01
6.606600000000000000e+04,4.500127774169416367e-02,1.259955752013524055e-01
6.606700000000000000e+04,7.243579159851490368e-02,1.170980683900615382e-01
6.606800000000000000e+04,8.435054547033241090e-02,1.001090611235593286e-01
6.606900000000000000e+04,8.402008270707900239e-02,1.026920885533928463e-01
6.607000000000000000e+04,5.049083288042064549e-02,1.181965687376642649e-01
6.607100000000000000e+04,2.206264585644811954e-02,1.210505146818916522e-01
6.607200000000000000e+04,4.908060870096440931e-02,1.237915101230000481e-01
6.607300000000000000e+04,6.076275222493958406e-02,1.144038749498603735e-01
6.607400000000000000e+04,6.166299861066663890e-02,1.111863335302953892e-01
6.607500000000000000e+04,7.008063368255114389e-02,7.295412950799562424e-02
6.607600000000000000e+04,7.971097307149661859e-02,7.166791591811971784e-02
6.607700000000000000e+04,8.174532435640974315e-02,7.450717790976213450e-02
6.607800000000000000e+04,8.760461352956551428e-02,7.220302314123960841e-02
6.607900000000000000e+04,9.582927190011712726e-02,6.680159780663430524e-02
6.608000000000000000e+04,9.498702841946371489e-02,7.205582620046646625e-02
6.608100000000000000e+04,1.023141888124118326e-01,6.169027469662724528e-02
6.608200000000000000e+04,9.408130487484447912e-02,6.832001129025755404e-02
6.608300000000000000e+04,8.897824002756549167e-02,7.373266358035879264e-02
6.608400000000000000e+04,7.811070038119838355e-02,8.452776659941241277e-02
6.608500000000000000e+04,6.993151943833170181e-02,9.252411654304593114e-02
6.608600000000000000e+04,6.627488303674546055e-02,1.013688645253769671e-01
6.608700000000000000e+04,5.934471631067898822e-02,1.078118578234494862e-01
6.608800000000000000e+04,5.805287107472074243e-02,1.088790847657534755e-01
6.608900000000000000e+04,5.640283291717735487e-02,1.107981979065626454e-01
6.609000000000000000e+04,6.316186001018532503e-02,1.140727679388864324e-01
6.609100000000000000e+04,4.573616151074496455e-02,1.213266488549535893e-01
6.609200000000000000e+04,3.241915332010884832e-02,1.462277447411555187e-01
6.609300000000000000e+04,3.845317010396401280e-02,1.821823894607343952e-01
6.609400000000000000e+04,2.744289094779139501e-02,1.902515517279392832e-01
6.609500000000000000e+04,1.854054316689956322e-02,1.930074316761181130e-01
6.609600000000000000e+04,1.074002649439262901e-02,1.959046729073627979e-01
6.609700000000000000e+04,4.021618778171770492e-02,1.709018641652497728e-01
6.609800000000000000e+04,4.478777584639168086e-02,1.567508505323784718e-01
6.609900000000000000e+04,5.411065123783688480e-02,1.286431924970679042e-01
6.610000000000000000e+04,5.386160500578097282e-02,1.196194630777429602e-01
6.610100000000000000e+04,6.131046620571471706e-02,1.138745899278381657e-01
6.610200000000000000e+04,5.938669567003922178e-02,1.188757644791094137e-01
6.610300000000000000e+04,6.399704079662675571e-02,1.019251512984391539e-01
6.610400000000000000e+04,7.697174053538706484e-02,8.113991207951132267e-02
6.610500000000000000e+04,7.972930355579073425e-02,7.153799842372965401e-02
6.610600000000000000e+04,7.745084648860051102e-02,7.265845631919276570e-02
6.610700000000000000e+04,7.954350733720939870e-02,6.578864681813589854e-02
6.610800000000000000e+04,7.485167581613760834e-02,6.433314932455846957e-02
6.610900000000000000e+04,7.521206462440423179e-02,6.221651267467498414e-02
6.611000000000000000e+04,7.010772978508626740e-02,6.487189370680024325e-02
6.611100000000000000e+04,6.889712360315233819e-02,6.446340959348040300e-02
6.611200000000000000e+04,6.352770951730379867e-02,6.389687748420280755e-02
6.611300000000000000e+04,6.236258429125100117e-02,5.986080891636280654e-02
6.611400000000000000e+04,6.139428467042028215e-02,6.442471476232736194e-02
6.611500000000000000e+04,6.001296240754139255e-02,6.245823820567419915e-02
6.611600000000000000e+04,6.458161382633834102e-02,6.884562223758994293e-02
6.611700000000000000e+04,6.474608331720788090e-02,6.575066333678147856e-02
6.611800000000000000e+04,6.656357702235075890e-02,6.976568702350327555e-02
6.611900000000000000e+04,6.722936403060050803e-02,7.251871545917909501e-02
6.612000000000000000e+04,5.993152007679707766e-02,6.924366636801870811e-02
6.612100000000000000e+04,5.317674921950660966e-02,7.502638535105710105e-02
6.612200000000000000e+04,5.521678872240071145e-02,6.809375650680182801e-02
6.612300000000000000e+04,5.750917781724555061e-02,6.754966741901968774e-02
6.612400000000000000e+04,6.004684648950026765e-02,6.824844134770469140e-02
6.612500000000000000e+04,5.367410943428389120e-02,7.048452594392085047e-02
6.612600000000000000e+04,4.263057281508421392e-02,6.379520541350380824e-02
6.612700000000000000e+04,4.260355793541276137e-02,5.557347946788837589e-02
6.612800000000000000e+04,3.246976366904585215e-02,2.766728244368543699e-02
6.612900000000000000e+04,4.398743286728022672e-02,3.922454494702165562e-02
6.613000000000000000e+04,6.017063827510202995e-02,5.636530044235898984e-02
6.613100000000000000e+04,5.785166259478505268e-02,5.258884625792603629e-02
6.613200000000000000e+04,4.649694139889977429e-02,7.388380090366908348e-02
6.613300000000000000e+04,4.788980336522349196e-02,2.069456602897101760e-02
6.613400000000000000e+04,4.293431125482328331e-02,2.283322187759262434e-02
6.613500000000000000e+04,3.450716518106303199e-02,5.251478868124204169e-02
6.613600000000000000e+04,2.112732075195648818e-02,1.239181377181344246e-01
6.613700000000000000e+04,4.962475413836441723e-02,1.401980608059587574e-01
6.613800000000000000e+04,4.217344484078547340e-02,1.142083575224410730e-01
6.613900000000000000e+04,4.692927934556763436e-02,1.301104903529166634e-01
6.614000000000000000e+04,4.100975703294235108e-02,1.637224955367835300e-01
6.614100000000000000e+04,3.397621773046057697e-02,7.893244928972054097e-02
6.614200000000000000e+04,2.318286401450983178e-02,5.693088436848059430e-02
6.614300000000000000e+04,3.420078580606697449e-02,4.711200298564888200e-02
6.614400000000000000e+04,7.342260523703535158e-02,8.559999210103441669e-02
6.614500000000000000e+04,6.239271781633584646e-02,1.381263669471639588e-01
6.614600000000000000e+04,3.994404182243474488e-02,1.477280143552825997e-01
6.614700000000000000e+04,4.502917700345385882e-02,1.029120473961397941e-01
6.614800000000000000e+04,1.171904180256671257e-01,1.252203436156018590e-01
6.614900000000000000e+04,1.912476551229529143e-01,1.922812550678445476e-01
6.615000000000000000e+04,3.006597471552014955e-01,2.762700536808071483e-01
6.615100000000000000e+04,2.791027995818872731e-01,3.504078802884973420e-01
6.615200000000000000e+04,3.843816558535194106e-01,4.511154889607871254e-01
6.615300000000000000e+04,4.167601939620206308e-01,5.738461264992471556e-01
6.615400000000000000e+04,3.973504503971326263e-01,6.735260018715618635e-01
6.615500000000000000e+04,3.570376152179445817e-01,7.452879061701316310e-01
6.615600000000000000e+04,3.585311226693639330e-01,9.211361088159741861e-01
6.615700000000000000e+04,3.302139406609876371e-01,9.776555143969325457e-01
6.615800000000000000e+04,3.241549817355837693e-01,1.219809008647016579e+00
6.615900000000000000e+04,3.517963665763160219e-01,1.333252757271066624e+00
6.616000000000000000e+04,4.095584976116748988e-01,1.422923707461440479e+00
6.616100000000000000e+04,4.359429582163446559e-01,1.489769993624248112e+00
6.616200000000000000e+04,4.911385307329864669e-01,1.553669312711956518e+00
6.616300000000000000e+04,4.791772603638919104e-01,1.601972107241603105e+00
6.616400000000000000e+04,4.640709374263643494e-01,1.570286796579265953e+00
6.616500000000000000e+04,5.266270856112821308e-01,1.685931513207323373e+00
6.616600000000000000e+04,5.017891039404578368e-01,1.423216618970818192e+00
6.616700000000000000e+04,4.771945264392103425e-01,1.371590794753980713e+00
6.616800000000000000e+04,4.270218411992117713e-01,1.233795659254287358e+00
6.616900000000000000e+04,4.281135371045733939e-01,1.278285292272928864e+00
6.617000000000000000e+04,4.419172706279471119e-01,1.310213430020922054e+00
6.617100000000000000e+04,4.681557405537667416e-01,1.343269087909197967e+00
6.617200000000000000e+04,4.975861597876117259e-01,1.387502029887267785e+00
6.617300000000000000e+04,5.012079678953295092e-01,1.433882725777176237e+00
6.617400000000000000e+04,5.129575517094666637e-01,1.496520793357053680e+00
6.617500000000000000e+04,4.873141384454438563e-01,1.616496410298258635e+00
6.617600000000000000e+04,5.551359339090390366e-01,1.628600790739815452e+00
6.617700000000000000e+04,5.421327901841761499e-01,1.727543058417538191e+00
6.617800000000000000e+04,5.477406155725773607e-01,1.753746694382226412e+00
6.617900000000000000e+04,5.485460427725412647e-01,1.820343131074493304e+00
6.618000000000000000e+04,5.472152976148413339e-01,1.838841075311661299e+00
6.618100000000000000e+04,6.268066686921482944e-01,1.839514981655151260e+00
6.618200000000000000e+04,6.737515234276211240e-01,1.932199664435787945e+00
6.618300000000000000e+04,6.884298990792956374e-01,1.917316373308341593e+00
6.618400000000000000e+04,7.238607385961988161e-01,1.982051311226387114e+00
6.618500000000000000e+04,7.545804602681963624e-01,2.034116666584699917e+00
6.618600000000000000e+04,7.763657850507609259e-01,2.064428699179025273e+00
6.618700000000000000e+04,8.316549751535821100e-01,2.136944985679654962e+00
6.618800000000000000e+04,9.417360226938016332e-01,2.306156320573983454e+00
6.618900000000000000e+04,1.024867485783024224e+00,2.307669813404932047e+00
6.619000000000000000e+04,1.106530936016977495e+00,2.213149149372060975e+00
6.619100000000000000e+04,1.128459775863846160e+00,2.300275867749100200e+00
6.619200000000000000e+04,1.101342316688855849e+00,2.344345102553950344e+00
6.619300000000000000e+04,1.052858425959072752e+00,2.283809554103173767e+00
6.619400000000000000e+04,1.032478305231127713e+00,2.218390880041585689e+00
6.619500000000000000e+04,1.030484928392347399e+00,2.257766864867632783e+00
6.619600000000000000e+04,1.020233086126431932e+00,2.269190476099935516e+00
6.619700000000000000e+04,1.008443658689495592e+00,2.320227889208229755e+00
6.619800000000000000e+04,9.764264796616584086e-01,2.299787879524280321e+00
6.619900000000000000e+04,9.412713151754439345e-01,2.286333328606667159e+00
6.620000000000000000e+04,9.352258877184927988e-01,2.269162928165481041e+00
6.620100000000000000e+04,9.782262765133999949e-01,2.241859451534025993e+00
6.620200000000000000e+04,9.868379325882176145e-01,2.246725544872517411e+00
6.620300000000000000e+04,1.008551352451735550e+00,2.194515446179949869e+00
6.620400000000000000e+04,1.017311079656264772e+00,2.148558159952750124e+00
6.620500000000000000e+04,1.039014696252310577e+00,2.220993773809294858e+00
6.620600000000000000e+04,1.068599212426303513e+00,2.236741355507341211e+00
6.620700000000000000e+04,1.089990208918144798e+00,2.267673645316127029e+00
6.620800000000000000e+04,1.065703562813043570e+00,2.264673888985490713e+00
6.620900000000000000e+04,1.035770081555692279e+00,2.281292845852732398e+00
6.621000000000000000e+04,1.032409499814109788e+00,2.250510574480384385e+00
6.621100000000000000e+04,9.791976565861226778e-01,2.270409818517486578e+00
6.621200000000000000e+04,1.092467855565740553e+00,2.173292266638060966e+00
6.621300000000000000e+04,1.122584185875687979e+00,2.218385694388604001e+00
6.621400000000000000e+04,1.124658755665713494e+00,2.191582916223815403e+00
6.621500000000000000e+04,1.129884741275636095e+00,2.217728744484507075e+00
6.621600000000000000e+04,1.135850387752771917e+00,2.160197531702083396e+00
6.621700000000000000e+04,1.063708415143631125e+00,2.043933364989404922e+00
6.621800000000000000e+04,1.012564469927518918e+00,1.910445551350811400e+00
6.621900000000000000e+04,1.022824133668304381e+00,1.918799234726343172e+00
6.622000000000000000e+04,1.034596333980688065e+00,1.962601019322514517e+00
6.622100000000000000e+04,1.033629803361321597e+00,1.949426942890472247e+00
6.622200000000000000e+04,1.025851169493614545e+00,1.949101119251032799e+00
6.622300000000000000e+04,1.014445546374961538e+00,1.938171466459031933e+00
6.622400000000000000e+04,1.023530857320681609e+00,1.947729715501642644e+00
6.622500000000000000e+04,1.008581081282973413e+00,1.914413949240863388e+00
6.622600000000000000e+04,9.927240544359662300e-01,1.921944143589813692e+00
6.622700000000000000e+04,9.791085160069111781e-01,1.917186575754135092e+00
6.622800000000000000e+04,9.935169520096240880e-01,1.960392940520698346e+00
6.622900000000000000e+04,9.987711443361180219e-01,1.987410483793041749e+00
6.623000000000000000e+04,9.995599822573213444e-01,1.989963602061118664e+00
6.623100000000000000e+04,9.747911836179757872e-01,1.980069104218745935e+00
6.623200000000000000e+04,9.603846424235267243e-01,1.956511179476091655e+00
6.623300000000000000e+04,9.519353142125629441e-01,1.941505673852475411e+00
6.623400000000000000e+04,9.353148661558433608e-01,1.918150285207500971e+00
6.623500000000000000e+04,9.035836344642497187e-01,1.880172939158843093e+00
6.623600000000000000e+04,8.952119011968817652e-01,1.828925627179270208e+00
6.623700000000000000e+04,8.780636404970972864e-01,1.788658724687810064e+00
6.623800000000000000e+04,8.605881899335002805e-01,1.749088395401562579e+00
6.623900000000000000e+04,8.482733892792211350e-01,1.721443460229673761e+00
6.624000000000000000e+04,8.381749718384048364e-01,1.698764052541081426e+00
6.624100000000000000e+04,8.328441298533042492e-01,1.699929121220693062e+00
6.624200000000000000e+04,8.083626334536965219e-01,1.691492049652344676e+00
6.624300000000000000e+04,8.025501323489127037e-01,1.691683856068721070e+00
6.624400000000000000e+04,7.934609134219287041e-01,1.689942214993342517e+00
6.624500000000000000e+04,7.878964248535555992e-01,1.688438013994860043e+00
6.624600000000000000e+04,7.800463368518482099e-01,1.679418068536177699e+00
6.624700000000000000e+04,7.674051944512902956e-01,1.665815291876317161e+00
6.624800000000000000e+04,7.529392670606773752e-01,1.654181275455563593e+00
6.624900000000000000e+04,7.385346508554407885e-01,1.637768939375311206e+00
6.625000000000000000e+04,7.265159149643914960e-01,1.621282540908186576e+00
6.625100000000000000e+04,7.154386921308799607e-01,1.601935171456879914e+00
6.625200000000000000e+04,7.045970450670213658e-01,1.588363850462878091e+00
6.625300000000000000e+04,6.952430100643139932e-01,1.576662857721935040e+00
6.625400000000000000e+04,6.832264134841634640e-01,1.558192822855440696e+00
6.625500000000000000e+04,6.736320901385151050e-01,1.536768727352150421e+00
6.625600000000000000e+04,6.627772922128492006e-01,1.510142286005102363e+00
6.625700000000000000e+04,6.506986324946715250e-01,1.483373521480304547e+00
6.625800000000000000e+04,6.377817430090741979e-01,1.454957472425579823e+00
6.625900000000000000e+04,6.251163593112322170e-01,1.428167473308551649e+00
6.626000000000000000e+04,6.132540764161830138e-01,1.406373074509170706e+00
6.626100000000000000e+04,6.023750938558716239e-01,1.381804466564940270e+00
6.626200000000000000e+04,5.908074974617272268e-01,1.358884469108071258e+00
6.626300000000000000e+04,5.799656162380810720e-01,1.335567685743871635e+00
6.626400000000000000e+04,5.740507052426908619e-01,1.311660576757480712e+00
6.626500000000000000e+04,5.656405432241963238e-01,1.278545688790392987e+00
6.626600000000000000e+04,5.620954057134530668e-01,1.258292593733214559e+00
6.626700000000000000e+04,5.571226961217168316e-01,1.234914271605559222e+00
6.626800000000000000e+04,5.480210468949821001e-01,1.217113255856437704e+00
6.626900000000000000e+04,5.384392211294811714e-01,1.198661233291385741e+00
6.627000000000000000e+04,5.285691393920639580e-01,1.187427989767876113e+00
6.627100000000000000e+04,5.175651535219842891e-01,1.147087922476154986e+00
6.627200000000000000e+04,5.127161616042560377e-01,1.133603221771943836e+00
6.627300000000000000e+04,5.011942511857414573e-01,1.129699219980885516e+00
6.627400000000000000e+04,4.906491032944815256e-01,1.126961734953695782e+00
6.627500000000000000e+04,4.789315099476896820e-01,1.111917741981448771e+00
6.627600000000000000e+04,4.680029141671163129e-01,1.104879732836126394e+00
6.627700000000000000e+04,4.588734551012838558e-01,1.093220071807348148e+00
6.627800000000000000e+04,4.491872624979431072e-01,1.076435784620162650e+00
6.627900000000000000e+04,4.389497282227259323e-01,1.060348206173971519e+00
6.628000000000000000e+04,4.262128546756390746e-01,1.046366715885598708e+00
6.628100000000000000e+04,4.168110197844965281e-01,1.037918332256587917e+00
6.628200000000000000e+04,4.062036840358606571e-01,1.024683890463611746e+00
6.628300000000000000e+04,3.930799181520442942e-01,1.016819637161479051e+00
6.628400000000000000e+04,3.815672360448184031e-01,1.010172071993666876e+00
6.628500000000000000e+04,3.683578477285276986e-01,1.003102549504047758e+00
6.628600000000000000e+04,3.557234941217900515e-01,9.986700515134216971e-01
6.628700000000000000e+04,3.458404540338873567e-01,9.860617080455558181e-01
6.628800000000000000e+04,3.379667184625772536e-01,9.773649538874149556e-01
6.628900000000000000e+04,3.301943249525038371e-01,9.659566224633788778e-01
6.629000000000000000e+04,3.241965674444217127e-01,9.521188252009764597e-01
6.629100000000000000e+04,3.167077589974301999e-01,9.430570040745251958e-01
6.629200000000000000e+04,3.092488771746820797e-01,9.335000569992839559e-01
6.629300000000000000e+04,3.027698625945713928e-01,9.248399160556601828e-01
6.629400000000000000e+04,2.975042416424250047e-01,9.185848825782638727e-01
6.629500000000000000e+04,2.933777494609736691e-01,9.112225883756668310e-01
6.629600000000000000e+04,2.897176641636183825e-01,9.100528017930660241e-01
6.629700000000000000e+04,2.839914038354499071e-01,9.079489079219591474e-01
6.629800000000000000e+04,2.792764995610981238e-01,9.070656198742401699e-01
6.629900000000000000e+04,2.740569236645019613e-01,9.029356338107987767e-01
6.630000000000000000e+04,2.698989487749874905e-01,8.971366309430095498e-01
6.630100000000000000e+04,2.710976931343500040e-01,9.010768485206526179e-01
6.630200000000000000e+04,2.723359027022310141e-01,9.055993826733956809e-01
6.630300000000000000e+04,2.654011787393190103e-01,8.625447109684021285e-01
6.630400000000000000e+04,2.599541521796130406e-01,8.600775065036483369e-01
6.630500000000000000e+04,2.561382037947156909e-01,8.497073632459208881e-01
6.630600000000000000e+04,2.507593910237961854e-01,8.433935301192789780e-01
6.630700000000000000e+04,2.450305593993861719e-01,8.370124082676522193e-01
6.630800000000000000e+04,2.349894475216445511e-01,8.295647548333509036e-01
6.630900000000000000e+04,1.952335182211511755e-01,8.370209036469322683e-01
6.631000000000000000e+04,2.350598663898990359e-01,8.147658937154869108e-01
6.631100000000000000e+04,2.189926255481877693e-01,7.942755355472623791e-01
6.631200000000000000e+04,2.174388714453710514e-01,7.868912933222613759e-01
6.631300000000000000e+04,2.200807622651942963e-01,7.777285847219150838e-01
6.631400000000000000e+04,2.197849202243856992e-01,7.625233255859775738e-01
6.631500000000000000e+04,2.227976593650327630e-01,7.620729232400265118e-01
6.631600000000000000e+04,2.147742716663336160e-01,7.566957712676352088e-01
6.631700000000000000e+04,2.227221535421848864e-01,7.432173933109176289e-01
6.631800000000000000e+04,2.170561860418274980e-01,7.365471860510623969e-01
6.631900000000000000e+04,2.176170917917039926e-01,7.241493076001308538e-01
6.632000000000000000e+04,1.582034093850930370e-02,3.907444047506913876e-02
6.632100000000000000e+04,7.680732316941511241e-03,1.534688548512974648e-02
6.632200000000000000e+04,3.233431105545729600e-02,2.667308156576453371e-02
6.632300000000000000e+04,1.225032244771066987e-02,7.714768026364282605e-03
6.632400000000000000e+04,1.438611655777210195e-02,7.882856437280594264e-03
6.632500000000000000e+04,1.485534214377383713e-02,1.215494830045216190e-02
6.632600000000000000e+04,1.495713079173948204e-02,4.398183881679784690e-02
6.632700000000000000e+04,2.598357111733950661e-02,7.864200221292350079e-02
6.632800000000000000e+04,8.708250063905600274e-03,8.350118817315888009e-02
6.632900000000000000e+04,1.466280129717506021e-02,4.719467335775462402e-02
6.633000000000000000e+04,2.978364729781371456e-02,1.790204654979632437e-02
6.633100000000000000e+04,2.921706767914281078e-02,1.719712723603628035e-02
6.633200000000000000e+04,2.432168340083937924e-02,1.511118703056624213e-02
6.633300000000000000e+04,2.346677936589250391e-02,2.180803019670740639e-02
6.633400000000000000e+04,2.195581080523950970e-02,1.139080151053128986e-02
6.633500000000000000e+04,2.659941210271482212e-02,5.403990518857426650e-04
6.633600000000000000e+04,2.833475207640570245e-02,1.178877460522897991e-02
6.633700000000000000e+04,2.186864659392642046e-02,4.555019951164140934e-03
6.633800000000000000e+04,2.602747579304096753e-02,7.501314052738905502e-03
6.633900000000000000e+04,2.298964731878072251e-02,1.720617298209781154e-02
6.634000000000000000e+04,2.575364988382755974e-02,2.245366473808019236e-02
6.634100000000000000e+04,3.605173558855565008e-02,3.268452539743371688e-02
6.634200000000000000e+04,2.097798663496977870e-02,2.617017301368740334e-02
6.634300000000000000e+04,1.919844037696497030e-02,2.745608650606712331e-02
6.634400000000000000e+04,3.414951335519728765e-02,5.099509553195957778e-02
6.634500000000000000e+04,2.512589251466826670e-02,4.599693318684217047e-02
6.634600000000000000e+04,1.318470481995359482e-02,4.875640329186659017e-02
6.634700000000000000e+04,1.840554556726137561e-02,5.983609691419822241e-02
6.634800000000000000e+04,2.818275383693461325e-02,4.799135360472739364e-02
6.634900000000000000e+04,1.827288614137444200e-02,6.529481622611932323e-02
6.635000000000000000e+04,1.719740784934912017e-02,6.488906715575559758e-02
6.635100000000000000e+04,1.515613567266626584e-02,6.898622030712253661e-02
6.635200000000000000e+04,3.687725433522246604e-02,7.136270827358259794e-02
6.635300000000000000e+04,3.295847299217630894e-02,9.866374522923671009e-02
6.635400000000000000e+04,3.017582415598083975e-02,1.054323622727988408e-01
6.635500000000000000e+04,2.477653007379002417e-02,5.432288051856914990e-02
6.635600000000000000e+04,3.175920138455261971e-02,8.317970552133679973e-02
6.635700000000000000e+04,5.777503116425727892e-02,6.676472878993244819e-02
6.635800000000000000e+04,4.706075484882227267e-02,4.625704432322486070e-02
6.635900000000000000e+04,2.155357506685686916e-02,7.283747530425621619e-02
6.636000000000000000e+04,3.456330131573452646e-02,5.339013001843717632e-02
6.636100000000000000e+04,3.919208296594126062e-02,3.935700024188903967e-02
6.636200000000000000e+04,4.532923274126738483e-02,1.341722177014936790e-02
6.636300000000000000e+04,4.308282307624712593e-02,1.526750692062961434e-02
6.636400000000000000e+04,4.524243735708972924e-02,2.335455002662101265e-02
6.636500000000000000e+04,4.872620550207260731e-02,2.475448276148384252e-02
6.636600000000000000e+04,5.091849037547512696e-02,2.288109726357845375e-02
6.636700000000000000e+04,4.183235388777970659e-02,3.282532881593169805e-02
6.636800000000000000e+04,3.613310467244428698e-02,4.311929054250285276e-02
6.636900000000000000e+04,3.601722538548194491e-02,4.620404589163840114e-02
6.637000000000000000e+04,4.012430757867311432e-02,5.293860344461265299e-02
6.637100000000000000e+04,3.540577941184736704e-02,4.849219652267677816e-02
6.637200000000000000e+04,3.590092445031595192e-02,3.976370223998415554e-02
6.637300000000000000e+04,3.496471248528805476e-02,4.130266726173559277e-02
6.637400000000000000e+04,3.601441595865959022e-02,3.951711586939055110e-02
6.637500000000000000e+04,3.522262256496789395e-02,4.081170038598358474e-02
6.637600000000000000e+04,3.370045989978696227e-02,4.029155031163611511e-02
6.637700000000000000e+04,3.414527314419096155e-02,4.070764780101043812e-02
6.637800000000000000e+04,3.399557821368841964e-02,4.009495491313685989e-02
6.637900000000000000e+04,3.224945191341106049e-02,4.147082555607894960e-02
6.638000000000000000e+04,3.163692108266382558e-02,4.097624271071609314e-02
6.638100000000000000e+04,3.008412073796457031e-02,4.305441400679299591e-02
6.638200000000000000e+04,2.806945735787303234e-02,4.172446899445603208e-02
6.638300000000000000e+04,2.795932825615443651e-02,4.214892294604766221e-02
6.638400000000000000e+04,2.602187388612083041e-02,4.131696942911844417e-02
6.638500000000000000e+04,2.266717177367068986e-02,4.194969143746263285e-02
6.638600000000000000e+04,2.161843874752121877e-02,4.136312813361442409e-02
6.638700000000000000e+04,2.186224698468728148e-02,3.759259131593140069e-02
6.638800000000000000e+04,3.230430361942911166e-02,4.300110583448457646e-02
6.638900000000000000e+04,2.788353760195919420e-02,3.465419940521030640e-02
6.639000000000000000e+04,2.319868284044403900e-02,4.098208320253604597e-02
6.639100000000000000e+04,1.951179608328340587e-02,3.879246498858890391e-02
6.639200000000000000e+04,1.893571902292168554e-02,3.946071585008681382e-02
6.639300000000000000e+04,1.618693811303178673e-02,4.029448763842680137e-02
6.639400000000000000e+04,2.447460287651387345e-02,3.855377936096004987e-02
6.639500000000000000e+04,1.919701061773154693e-02,3.563008220775643053e-02
6.639600000000000000e+04,4.024091317035541349e-02,5.554814463913260170e-03
6.639700000000000000e+04,6.841467339228245181e-02,4.850232322933223372e-02
6.639800000000000000e+04,6.604133614252440110e-02,3.473688903469351885e-02
6.639900000000000000e+04,1.971440712152203872e-02,1.561964294383990648e-01
6.640000000000000000e+04,2.366940823430651111e-02,2.064085290803383543e-01
6.640100000000000000e+04,2.433526883679927241e-02,2.498080371844011438e-01
6.640200000000000000e+04,5.014773199801330489e-02,2.681203474066435888e-01
6.640300000000000000e+04,2.004166760403386649e-01,2.943116621864056981e-01
6.640400000000000000e+04,1.269166339759807138e-01,3.582904675660145699e-01
6.640500000000000000e+04,1.444790303942577459e-01,3.836274607471565901e-01
6.640600000000000000e+04,3.070360808184046525e-02,4.443892725263118848e-01
6.640700000000000000e+04,2.215534890993947625e-02,4.304988419729198768e-01
6.640800000000000000e+04,1.857735990013435062e-02,4.215960697009073499e-01
6.640900000000000000e+04,1.672353488619242670e-02,4.301357129648941680e-01
6.641000000000000000e+04,4.081382758144196099e-02,4.159389554581132131e-01
6.641100000000000000e+04,4.039623360562316634e-02,4.093064138991948653e-01
6.641200000000000000e+04,3.243219872874909121e-02,4.123884866607419042e-01
6.641300000000000000e+04,2.645510760022814004e-02,4.181702590441886969e-01
6.641400000000000000e+04,2.401898821972097559e-02,4.244122366796041490e-01
6.641500000000000000e+04,2.266143168467326177e-02,4.275127310731434704e-01
6.641600000000000000e+04,2.349417110327750233e-02,4.280704146331792970e-01
6.641700000000000000e+04,2.586694755215709907e-02,4.271537717566964432e-01
6.641800000000000000e+04,2.329326975056886587e-02,1.106086984947722840e-01
6.641900000000000000e+04,1.613127639743017205e-02,9.209345759574105728e-02
6.642000000000000000e+04,5.905067097826038024e-03,4.444099807727752705e-02
6.642100000000000000e+04,6.975068523544408414e-03,4.519001645319420390e-02
6.642200000000000000e+04,9.029436820340181261e-03,4.540560071241728224e-02
6.642300000000000000e+04,9.197679457471063039e-03,4.236388145304914588e-02
6.642400000000000000e+04,6.693342910613672703e-03,4.118141560889299058e-02
6.642500000000000000e+04,7.654856143717071043e-03,3.890641326004029565e-02
6.642600000000000000e+04,6.555280567696396103e-03,3.796832246296233393e-02
6.642700000000000000e+04,3.276066273273493899e-03,3.768918354040806662e-02
6.642800000000000000e+04,4.009603516598104177e-03,3.666901004092792959e-02
6.642900000000000000e+04,7.399440669804483763e-03,3.195881271968659121e-02
6.643000000000000000e+04,7.422211818574359944e-03,2.882741698184787538e-02
6.643100000000000000e+04,7.068719511948686786e-03,2.535427982519777856e-02
6.643200000000000000e+04,7.034812499612081403e-03,2.211404561995067297e-02
6.643300000000000000e+04,6.992051973891297463e-03,1.875638292571579768e-02
6.643400000000000000e+04,5.022890135751082591e-03,1.426636464971764440e-02
6.643500000000000000e+04,6.335118809086619576e-03,1.186910580321409725e-02
6.643600000000000000e+04,4.797868159721313704e-03,9.408651269826151520e-03
6.643700000000000000e+04,5.655444062987573413e-03,5.042335687406307443e-03
6.643800000000000000e+04,9.345052131084996550e-03,3.948897622692015830e-04
6.643900000000000000e+04,1.082585212946020163e-02,2.761286846670429895e-03
6.644000000000000000e+04,1.031832552500433486e-02,7.143447154945192779e-03
6.644100000000000000e+04,8.844886096354550795e-03,8.446999521940057321e-03
6.644200000000000000e+04,1.187045684298766376e-02,1.077922131830177932e-02
6.644300000000000000e+04,1.313097563249136096e-02,1.948667294368888747e-02
6.644400000000000000e+04,1.329401346442767029e-02,2.847498593737896044e-02
6.644500000000000000e+04,1.049514155732352537e-02,3.213560809436799559e-02
6.644600000000000000e+04,1.026342485367189375e-02,3.225516374702763756e-02
6.644700000000000000e+04,1.155839886228719401e-02,3.525877395781762402e-02
6.644800000000000000e+04,6.281791499359068096e-03,3.265060979580880485e-02
6.644900000000000000e+04,7.226035061234968061e-03,2.844608680367244347e-02
6.645000000000000000e+04,8.372630277118478168e-03,2.775155832750542118e-02
6.645100000000000000e+04,1.437347883265222177e-02,2.122898245546167573e-02
6.645200000000000000e+04,1.247141000724493777e-02,2.072194729846899008e-02
6.645300000000000000e+04,1.000383277891296434e-02,1.929013326989448274e-02
6.645400000000000000e+04,1.060641139270656653e-02,1.759201584951242125e-02
6.645500000000000000e+04,8.702270125440563983e-03,1.534630223098076840e-02
6.645600000000000000e+04,7.648758790680940285e-03,1.380619337624011678e-02
6.645700000000000000e+04,6.162533023538947080e-02,1.587118633208817187e-02
6.645800000000000000e+04,9.200149198430639108e-02,1.842815135131559146e-02
6.645900000000000000e+04,2.595283850556145619e-02,8.451947841074058942e-03
6.646000000000000000e+04,3.847735346780399579e-02,2.650554063305676777e-02
6.646100000000000000e+04,5.924510885015750461e-02,4.250686456068208940e-02
6.646200000000000000e+04,6.089389950259440493e-02,5.480379562455794940e-02
6.646300000000000000e+04,9.413711380046504984e-02,7.219298058628353942e-02
6.646400000000000000e+04,3.866259291979645685e-02,9.753508845298597407e-02
6.646500000000000000e+04,7.924299167646162156e-02,1.128769186607279096e-01
6.646600000000000000e+04,9.435281559192772172e-02,1.257315078492133864e-01
6.646700000000000000e+04,1.323318505798601330e-01,1.429490582561996348e-01
6.646800000000000000e+04,1.796232256667313898e-01,1.604479647686538613e-01
6.646900000000000000e+04,2.244800296750844582e-01,1.994229083392156099e-01
6.647000000000000000e+04,2.732275253625145450e-01,2.202186328339053034e-01
6.647100000000000000e+04,3.315525761547817862e-01,2.361568739808532769e-01
6.647200000000000000e+04,4.200163765088297252e-01,2.751769484537263111e-01
6.647300000000000000e+04,5.014504528188047372e-01,3.295250301600667342e-01
6.647400000000000000e+04,5.863670146676529527e-01,3.765826894660797564e-01
6.647500000000000000e+04,5.781587050335138533e-01,4.848670300498767460e-01
6.647600000000000000e+04,6.012344171758962075e-01,5.746071957088965121e-01
6.647700000000000000e+04,9.138670850389015721e-01,3.554727623974116568e-01
6.647800000000000000e+04,1.070435233585818047e+00,3.620087673676728457e-01
6.647900000000000000e+04,1.237534398430855553e+00,3.861780094333333579e-01
6.648000000000000000e+04,1.389058591319171310e+00,4.215326346479599806e-01
6.648100000000000000e+04,1.030925966840783747e+00,3.446885914673387674e-01
6.648200000000000000e+04,4.710304831056847386e-01,1.666142132578229962e-01
6.648300000000000000e+04,3.986778246839107198e-01,1.149642633579439632e-01
6.648400000000000000e+04,2.624774121254872528e-01,3.451214164491744896e-01
6.648500000000000000e+04,6.129804574830644004e-02,4.761157350314704217e-02
6.648600000000000000e+04,6.935515793408948693e-02,8.283618828919259158e-04
6.648700000000000000e+04,8.306984166731966324e-02,1.977753983606334032e-02
6.648800000000000000e+04,5.757082600772918390e-02,3.393183285605516630e-02
6.648900000000000000e+04,3.923231085027188703e-02,4.256039366499209109e-02
6.649000000000000000e+04,2.393415989686319134e-02,3.953932504861867869e-02
6.649100000000000000e+04,2.513723440017912036e-02,1.753549625414407842e-02
6.649200000000000000e+04,9.517209708350404807e-03,3.288134274799503487e-02
6.649300000000000000e+04,1.090604126508483082e-02,4.267543340028012722e-02
6.649400000000000000e+04,1.464403261745875900e-02,2.191681657253496951e-02
6.649500000000000000e+04,2.649608869134539163e-02,8.221940016934325968e-03
6.649600000000000000e+04,4.146318630836431929e-02,1.428180467203432613e-02
6.649700000000000000e+04,2.062315787794703065e-02,2.996993407228032424e-03
6.649800000000000000e+04,2.255233093547741666e-02,2.159003494016431546e-02
6.649900000000000000e+04,2.463789134565028474e-02,5.078605685809201020e-02
6.650000000000000000e+04,3.333266836080416712e-02,3.837623645007148809e-02
6.650100000000000000e+04,2.530606237844368334e-02,3.249511668022897481e-02
6.650200000000000000e+04,2.544368810555944910e-02,3.423681020083613191e-02
6.650300000000000000e+04,3.975473223681418727e-02,2.965933011564025890e-02
6.650400000000000000e+04,4.930662115637405446e-02,1.487301075792579752e-02
6.650500000000000000e+04,5.694272250250773798e-02,8.276444242293479192e-02
6.650600000000000000e+04,3.639970009272977536e-02,4.928122903858778159e-02
6.650700000000000000e+04,5.468368610692558168e-02,6.510977442743026700e-02
6.650800000000000000e+04,6.121407085214119331e-02,6.807784266397831630e-02
6.650900000000000000e+04,3.086991453281471079e-02,4.596395197350133799e-02
6.651000000000000000e+04,2.835032640431528472e-02,3.641926889321212002e-02
6.651100000000000000e+04,1.999567831571415558e-02,6.682445644987211608e-03
6.651200000000000000e+04,2.619386893971480113e-02,1.304991004263911236e-02
6.651300000000000000e+04,2.499440337738106574e-02,3.063964105603389498e-03
6.651400000000000000e+04,2.522581252219134942e-02,3.239149235823646222e-02
6.651500000000000000e+04,2.860840137570546185e-02,1.754783269281290359e-02
6.651600000000000000e+04,2.033831926252947786e-02,1.937862556297176297e-02
6.651700000000000000e+04,1.279405524380056343e-02,3.862431146043121544e-03
6.651800000000000000e+04,6.087676674804626438e-03,1.388947162176634720e-02
6.651900000000000000e+04,1.110277624712099204e-02,3.271084155728587461e-02
6.652000000000000000e+04,9.275714628284059335e-03,4.273386505808218772e-03
6.652100000000000000e+04,1.983344323390445751e-02,4.892853662273211057e-03
6.652200000000000000e+04,2.158967123129155313e-02,8.901502355076473805e-03
6.652300000000000000e+04,1.584549442744631262e-02,8.527282465703223124e-03
6.652400000000000000e+04,1.088087055142733517e-02,8.783202934434797271e-03
6.652500000000000000e+04,1.689721120091378787e-02,1.159633334291854112e-02
6.652600000000000000e+04,1.377012909673612853e-02,1.448378542966821669e-02
6.652700000000000000e+04,1.756455030231889730e-02,9.754183100447733068e-03
6.652800000000000000e+04,1.220236500554739908e-02,5.494093473703998143e-03
6.652900000000000000e+04,1.337396051489329191e-02,1.372417991380814328e-02
6.653000000000000000e+04,1.617800118526764239e-02,1.229721963317942368e-02
6.653100000000000000e+04,1.296201806884804755e-02,2.025789765927044073e-03
6.653200000000000000e+04,7.343434847145680240e-03,3.546250391551097891e-03
6.653300000000000000e+04,1.548926469266583873e-02,2.611898889952612990e-03
6.653400000000000000e+04,1.718099685004387256e-02,1.411113484185833045e-02
6.653500000000000000e+04,2.269099923617111034e-02,4.501703955732239137e-03
6.653600000000000000e+04,3.485214106743354801e-02,2.020093223048036180e-02
6.653700000000000000e+04,6.278078049660121285e-02,1.447741516886935642e-02
6.653800000000000000e+04,6.523551769437069270e-02,3.922562319780098505e-02
6.653900000000000000e+04,7.101071594778099461e-02,1.937746922635597002e-02
6.654000000000000000e+04,6.537278792924200443e-02,1.987433286121742526e-02
6.654100000000000000e+04,5.090207236821427811e-02,3.714566095504068244e-02
6.654200000000000000e+04,4.539475499784617618e-02,9.806754820591123689e-03
6.654300000000000000e+04,2.185932924805812638e-02,1.377258920810220388e-02
6.654400000000000000e+04,3.140869157009854029e-02,1.287973359917771177e-02
6.654500000000000000e+04,2.608689124396850606e-02,8.417860960463485753e-03
6.654600000000000000e+04,7.943827213377082155e-03,4.987265326213119465e-02
6.654700000000000000e+04,2.059663978048555111e-02,5.040106619081186068e-02
6.654800000000000000e+04,2.491049280273856942e-02,5.098466557274861088e-02
6.654900000000000000e+04,2.161865791687019381e-02,5.022582431527311542e-02
6.655000000000000000e+04,2.176099911203817003e-02,4.895839525242706713e-02
6.655100000000000000e+04,2.229044061123646933e-02,4.822209967897350680e-02
6.655200000000000000e+04,2.193293331323194900e-02,4.752533469700281898e-02
6.655300000000000000e+04,2.048432833107187781e-02,4.569891768487366335e-02
6.655400000000000000e+04,1.350202543052369392e-02,4.874816845077489802e-02
6.655500000000000000e+04,1.256853921217112799e-02,4.491820716549099757e-02
6.655600000000000000e+04,1.127507225073198435e-02,4.497707826137187226e-02
6.655700000000000000e+04,1.287226927969972561e-02,4.208358416548563241e-02
6.655800000000000000e+04,1.401329513522713184e-02,4.596543615256010185e-02
6.655900000000000000e+04,1.663890765857732948e-02,4.172735822725570642e-02
6.656000000000000000e+04,2.130061067904620228e-02,3.869984265671888579e-02
6.656100000000000000e+04,2.625966325561399084e-02,6.539812733892702568e-02
6.656200000000000000e+04,2.506680088588027211e-02,3.613230230226704975e-02
6.656300000000000000e+04,8.948250985720242884e-03,9.741005754936082894e-03
6.656400000000000000e+04,3.315833997004446337e-02,4.096656042964852418e-02
6.656500000000000000e+04,3.496819382221786482e-02,6.434101586562590569e-02
6.656600000000000000e+04,9.556717971583392202e-02,2.840799932412707562e-02
6.656700000000000000e+04,8.103728905395631010e-02,5.709586577802738816e-02
6.656800000000000000e+04,1.167400784521282070e-01,7.506634479223350809e-02
6.656900000000000000e+04,1.458004318261185428e-01,8.583305476930647160e-02
6.657000000000000000e+04,1.824115863013448316e-02,5.406459364617433039e-02
6.657100000000000000e+04,1.383010447215664469e-02,3.129727399103998664e-02
6.657200000000000000e+04,1.326240228376977803e-02,2.519251025151447720e-02
6.657300000000000000e+04,1.422875079187450008e-02,2.473131259104022206e-02
6.657400000000000000e+04,1.359926506296081118e-02,2.396913933597843993e-02
6.657500000000000000e+04,1.406761496741192052e-02,3.128795392366612305e-02
6.657600000000000000e+04,1.683306007188951903e-02,2.850053203530222845e-02
6.657700000000000000e+04,1.469461407600420461e-02,4.036900130324738711e-02
6.657800000000000000e+04,1.626995131664698765e-02,4.232920165961573389e-02
6.657900000000000000e+04,1.583980185855023148e-02,3.293926014814729797e-02
6.658000000000000000e+04,1.124110206487527290e-02,3.399139771298820278e-02
6.658100000000000000e+04,5.199424502786394349e-03,5.122342877261587546e-02
6.658200000000000000e+04,1.623491452339356766e-02,5.841852425855620368e-02
6.658300000000000000e+04,9.939563912696148043e-03,5.046877766935153886e-02
6.658400000000000000e+04,1.099985741818885164e-02,4.310301029927998684e-02
6.658500000000000000e+04,1.043927808891810874e-02,3.649988982121499248e-02
6.658600000000000000e+04,1.001550481641515743e-02,3.558374454246759910e-02
6.658700000000000000e+04,1.372016628954332053e-02,3.673793907430678018e-02
6.658800000000000000e+04,1.539188988409337724e-02,3.264123502151150547e-02
6.658900000000000000e+04,9.292976590742900445e-03,2.208037186360556348e-02
6.659000000000000000e+04,8.402059357242350202e-03,3.562622577592833295e-02
6.659100000000000000e+04,1.448229028651295928e-02,3.277629114537816690e-02
6.659200000000000000e+04,8.733515230832862228e-03,2.986999520535960073e-02
6.659300000000000000e+04,1.995122902155012021e-02,2.218494051107811060e-02
6.659400000000000000e+04,2.335581846499892866e-02,1.983143241422880010e-02
6.659500000000000000e+04,1.905832727680078012e-02,1.642534108389170910e-02
6.659600000000000000e+04,1.867771076714067058e-02,2.407917179690244325e-02
6.659700000000000000e+04,2.419794191336674741e-02,3.268604728781099311e-02
6.659800000000000000e+04,2.252260244007027110e-02,2.463076145829035113e-02
6.659900000000000000e+04,2.269905261735723906e-02,1.857520569667769905e-02
6.660000000000000000e+04,2.300826919660357156e-02,3.333291463376752972e-02
6.660100000000000000e+04,1.424510427642504927e-02,2.381315736957034801e-02
6.660200000000000000e+04,2.153302072109472554e-02,3.627380138364344475e-02
6.660300000000000000e+04,1.770583486454834279e-02,2.720894279653762737e-02
6.660400000000000000e+04,1.113718618199885900e-02,1.717121376514896269e-02
6.660500000000000000e+04,5.837426393267897140e-03,3.321732401250443445e-02
6.660600000000000000e+04,2.042284949371237293e-02,1.476984906227585270e-02
6.660700000000000000e+04,1.314337052886736107e-02,2.068081273431943146e-02
6.660800000000000000e+04,1.172393788113959383e-02,1.343648921105611294e-02
6.660900000000000000e+04,1.202650410814490485e-02,2.419009648806635937e-02
6.661000000000000000e+04,9.970806295721817286e-03,3.635887518561986553e-02
6.661100000000000000e+04,1.055495364463545499e-02,3.354354906876721998e-02
6.661200000000000000e+04,3.560908652321913715e-03,3.253345311939170870e-02
6.661300000000000000e+04,1.043522407058132496e-03,2.732795579035141031e-02
6.661400000000000000e+04,1.090593037598649832e-02,3.747445019876138872e-02
6.661500000000000000e+04,2.324028185210829864e-03,2.751009349840671803e-02
6.661600000000000000e+04,1.064468741233367405e-02,1.968799268589194185e-02
6.661700000000000000e+04,1.234064708289073567e-02,2.005108378034492489e-02
6.661800000000000000e+04,4.255738610833740589e-03,2.134705091421196244e-02
6.661900000000000000e+04,8.156296516862964266e-03,2.877229593886099224e-02
6.662000000000000000e+04,5.498013276869981314e-03,2.429220207358184780e-02
6.662100000000000000e+04,6.298879813730375032e-03,2.197494463856841662e-02
6.662200000000000000e+04,5.610373996988310581e-03,1.272099465430542864e-02
6.662300000000000000e+04,7.855592783356575570e-03,1.042936590479115466e-02
6.662400000000000000e+04,1.293891759891217276e-02,1.098435905979044946e-02
6.662500000000000000e+04,8.665304131887641842e-03,8.465225214720817348e-03
6.662600000000000000e+04,1.263513149253474299e-02,7.670094738561061831e-03
6.662700000000000000e+04,9.694778886475428903e-03,8.347156081292439467e-03
6.662800000000000000e+04,1.393708206905039772e-03,2.801011173793810372e-02
6.662900000000000000e+04,8.756172244418665429e-03,1.175883373721831049e-02
6.663000000000000000e+04,4.614884257424631611e-03,1.311152711912200175e-02
6.663100000000000000e+04,2.296103309272371634e-02,1.252868681784491400e-02
6.663200000000000000e+04,2.216136062705056572e-02,2.122618981003299155e-02
6.663300000000000000e+04,2.869160490044569273e-02,2.346149152452881026e-02
6.663400000000000000e+04,2.557606474392917079e-02,3.169848036638711619e-02
6.663500000000000000e+04,3.480682441901043755e-02,5.999557836990021542e-03
6.663600000000000000e+04,2.877812012862296029e-02,3.600802289399851475e-02
6.663700000000000000e+04,4.990887661597117470e-02,3.727563904002906270e-02
6.663800000000000000e+04,3.137498474854287511e-02,8.815516584398608302e-03
6.663900000000000000e+04,2.132807656821067432e-02,3.241961807038507004e-03
6.664000000000000000e+04,2.542472105194838045e-02,6.413521691886359122e-03
6.664100000000000000e+04,1.814824884814953201e-02,5.180516198297624442e-03
6.664200000000000000e+04,2.113780082614648628e-02,1.621453185423149534e-02
6.664300000000000000e+04,1.055931837610698913e-02,3.089630887259886549e-03
6.664400000000000000e+04,1.047597458348632597e-02,1.058533302617092886e-02
6.664500000000000000e+04,1.346917799181521908e-02,7.929161743909673987e-03
6.664600000000000000e+04,2.400051681159158512e-02,2.225374987848738328e-02
6.664700000000000000e+04,3.209000622797803653e-02,3.228315899603018124e-02
6.664800000000000000e+04,4.483073028626394924e-02,5.914375573320285184e-02
6.664900000000000000e+04,5.118430807712812808e-02,8.349743728928160635e-02
6.665000000000000000e+04,5.923115026137164979e-02,9.362666644891959322e-02
6.665100000000000000e+04,6.839830259241401478e-02,9.230476207976323622e-02
6.665200000000000000e+04,7.565370885484387631e-02,9.624484201654581739e-02
6.665300000000000000e+04,6.628822447860618916e-02,8.629646514785349609e-02
6.665400000000000000e+04,6.463313265049515366e-02,7.674231061481151528e-02
6.665500000000000000e+04,4.727656063317413337e-02,3.218064696019951043e-02
6.665600000000000000e+04,3.657810607706807327e-02,9.098958954815827838e-03
6.665700000000000000e+04,2.531160971014391470e-02,4.426885665641577816e-02
6.665800000000000000e+04,1.519062229080687249e-02,2.503024913050921896e-02
6.665900000000000000e+04,1.355023758403762872e-02,3.342519319566861213e-03
6.666000000000000000e+04,6.352312937593873783e-03,1.609775628594434238e-02
6.666100000000000000e+04,2.077547923868773919e-02,3.139156647185359361e-02
6.666200000000000000e+04,1.867745027324568818e-02,2.226323244659766942e-02
6.666300000000000000e+04,1.260454123104404363e-02,1.094396004852882243e-02
6.666400000000000000e+04,1.290394709507515156e-02,1.508139340652547844e-02
6.666500000000000000e+04,1.312829945149585412e-02,1.018022230422133134e-02
6.666600000000000000e+04,9.925811435013082509e-03,3.353291566234872789e-03
6.666700000000000000e+04,8.590723299569176519e-03,7.406691113153840433e-03
6.666800000000000000e+04,5.211537156481984082e-03,5.850997730071583192e-03
6.666900000000000000e+04,7.946601569492490677e-03,1.250801772733467487e-02
6.667000000000000000e+04,1.527913007779394330e-02,5.266955020715613500e-03
6.667100000000000000e+04,1.827182137001920337e-02,2.220554756036108301e-03
6.667200000000000000e+04,1.618636319698543713e-02,1.115118808597514999e-02
6.667300000000000000e+04,2.291893830885856700e-02,1.451365058312603651e-02
6.667400000000000000e+04,1.497421875024788560e-02,2.732772976749231475e-03
6.667500000000000000e+04,1.540661435761230512e-02,1.917656672851819621e-03
6.667600000000000000e+04,5.082485932340023022e-02,3.700423199970259702e-02
6.667700000000000000e+04,1.392778959523574278e-01,4.249840222702516712e-02
6.667800000000000000e+04,5.363700797340551114e-03,8.712314727972625406e-03
6.667900000000000000e+04,6.395196571713779310e-03,2.046942158243325594e-02
6.668000000000000000e+04,1.035807209588188518e-02,1.509990339076239252e-02
6.668100000000000000e+04,9.742114800979908770e-03,1.187587901219444575e-02
6.668200000000000000e+04,8.455013525368525532e-03,1.564608572369863282e-02
6.668300000000000000e+04,5.271685069053910072e-03,2.854425845362484893e-02
6.668400000000000000e+04,6.476398142597495841e-03,1.810619721166517593e-02
6.668500000000000000e+04,7.517585231548769981e-03,1.595252298099225641e-02
6.668600000000000000e+04,8.227571347784451775e-03,2.136942468143132601e-02
6.668700000000000000e+04,6.788891504567166717e-03,2.639982924539197029e-02
6.668800000000000000e+04,3.602977981411987856e-04,7.037847225486615343e-03
6.668900000000000000e+04,3.294439453378745272e-03,1.891312424296032191e-02
6.669000000000000000e+04,1.149310321265865648e-03,1.265219950423457362e-02
6.669100000000000000e+04,1.525531033350212805e-02,2.028235836628411448e-02
6.669200000000000000e+04,2.279608247588857037e-02,1.771391274132483318e-02
6.669300000000000000e+04,3.933222270520538716e-02,1.007472363903261225e-02
6.669400000000000000e+04,2.174455118499839940e-02,2.707902529054706520e-02
6.669500000000000000e+04,2.358638197995074556e-02,1.567599277917608447e-02
6.669600000000000000e+04,2.899507983808219391e-02,1.724385566874531150e-02
6.669700000000000000e+04,2.065191915651691523e-02,1.817718445524718618e-02
6.669800000000000000e+04,2.113768424817437375e-02,1.335578906795120702e-02
6.669900000000000000e+04,2.828265551450449139e-02,1.356026731323467516e-02
6.670000000000000000e+04,2.308467417829553753e-02,1.451572458631744666e-02
6.670100000000000000e+04,1.565088684381415324e-02,1.982502027976096315e-02
6.670200000000000000e+04,2.108790461876658071e-02,1.544208692804716065e-02
6.670300000000000000e+04,1.878617047054713732e-02,1.503147761815881722e-02
6.670400000000000000e+04,1.221462207095919301e-02,1.493343897442755974e-02
6.670500000000000000e+04,1.030588004027632731e-02,8.512577193101833473e-03
6.670600000000000000e+04,1.068314689730543235e-02,8.041506471066384165e-03
6.670700000000000000e+04,9.588590652582371088e-03,6.581000054239893871e-03
6.670800000000000000e+04,1.009820188488744219e-02,1.216889177738522676e-02
6.670900000000000000e+04,7.392355966460411459e-03,4.875471642915130133e-03
6.671000000000000000e+04,1.103583463537142519e-02,6.298699840741051048e-04
6.671100000000000000e+04,1.285542836070032585e-02,5.579097841749813824e-03
6.671200000000000000e+04,1.259531262565183503e-02,2.639761630263137704e-03
6.671300000000000000e+04,1.116996377147049489e-02,6.124234539086614859e-04
6.671400000000000000e+04,9.517163408457249285e-03,1.615022708183033728e-03
6.671500000000000000e+04,1.664198799591549982e-02,4.664168214553399139e-03
6.671600000000000000e+04,1.334774182648995437e-02,1.471636475672610800e-02
6.671700000000000000e+04,3.225751069884062738e-03,9.417255763811027691e-03
6.671800000000000000e+04,3.904952345771444192e-03,3.409349509425396718e-03
6.671900000000000000e+04,5.078947476166915248e-03,8.299350686741036043e-03
6.672000000000000000e+04,6.291194234743234352e-03,6.562034032192798350e-03
6.672100000000000000e+04,2.350652115443682341e-02,4.396066532923015302e-03
6.672200000000000000e+04,1.326738020398902929e-02,3.732059157005807037e-03
6.672300000000000000e+04,1.555738786320353187e-02,9.201919356549126405e-03
6.672400000000000000e+04,1.234986768565858421e-02,1.900613553814523016e-02
6.672500000000000000e+04,1.804101596423171930e-02,2.231385497712068400e-03
6.672600000000000000e+04,2.320713239137237385e-02,2.030086325384772294e-02
6.672700000000000000e+04,2.335177198680707389e-02,1.671603395949006199e-02
6.672800000000000000e+04,1.967717578839861189e-02,1.466836929338910522e-02
6.672900000000000000e+04,1.912759367880172146e-02,2.168425650324934395e-02
6.673000000000000000e+04,2.135375177573642022e-02,3.314869739596559839e-02
6.673100000000000000e+04,1.580925862560756540e-02,1.674906021273159240e-02
6.673200000000000000e+04,2.418939240206519417e-02,4.962719161188289263e-03
6.673300000000000000e+04,2.592146320119618000e-02,2.643388362336906994e-02
6.673400000000000000e+04,2.152175899069211362e-02,1.160036324572644162e-02
6.673500000000000000e+04,1.974074853426807316e-02,5.687286610633890405e-03
6.673600000000000000e+04,2.507663758645202814e-02,1.317360637601083795e-02
6.673700000000000000e+04,1.782840358942096998e-02,7.148708613549104030e-04
6.673800000000000000e+04,1.094753491327998818e-02,1.430678501090909549e-02
6.673900000000000000e+04,1.495420989262126639e-02,1.467235339022110452e-02
6.674000000000000000e+04,2.870812112120810222e-02,2.449335901293636653e-02
6.674100000000000000e+04,2.332026214802930542e-02,2.682945116531598728e-02
6.674200000000000000e+04,3.047259755988183938e-02,5.441473789420925300e-02
6.674300000000000000e+04,7.595599228076235776e-02,3.118317242751800222e-03
6.674400000000000000e+04,3.268800996896805561e-02,1.431091604619183499e-02
6.674500000000000000e+04,3.455354781153380239e-02,2.832903760541682914e-03
6.674600000000000000e+04,3.879374295894778141e-02,1.507661802498105885e-02
6.674700000000000000e+04,3.309492112250392998e-02,4.828709331125224935e-03
6.674800000000000000e+04,2.397834229484678559e-02,1.127198451110089650e-02
6.674900000000000000e+04,1.462672757390124506e-02,2.639948952758430778e-03
6.675000000000000000e+04,5.910575068985419317e-03,4.898831844322160123e-04
6.675100000000000000e+04,1.145010894587165408e-02,5.391775690384292830e-04
6.675200000000000000e+04,8.887043354736137019e-03,1.210734037541172370e-02
6.675300000000000000e+04,3.304866395805401008e-02,4.711434460148211656e-02
6.675400000000000000e+04,4.728758430949367431e-02,4.662445988934038610e-02
6.675500000000000000e+04,5.580771087538831388e-02,5.911072992524779579e-02
6.675600000000000000e+04,3.786412087274914490e-02,4.492745566671985102e-02
6.675700000000000000e+04,5.177164021491074269e-02,3.077903596433628763e-02
6.675800000000000000e+04,7.383939467712460902e-02,2.283065596795808005e-03
6.675900000000000000e+04,5.625931609103203973e-02,1.028119958028383962e-02
6.676000000000000000e+04,6.196589387194111759e-02,5.461941475574505489e-02
6.676100000000000000e+04,9.963293462293434932e-02,8.631201290107171076e-02
6.676200000000000000e+04,1.819651163630015278e-01,1.260950314897826274e-01
6.676300000000000000e+04,2.715456717591255634e-02,8.305093231474103277e-03
6.676400000000000000e+04,2.765321967438201176e-02,6.506964757377886599e-03
6.676500000000000000e+04,2.863011270371852712e-02,7.467423643024773128e-03
6.676600000000000000e+04,2.895906699291059608e-02,1.055418751998971061e-02
6.676700000000000000e+04,2.699200484808020675e-02,1.496828797511184916e-02
6.676800000000000000e+04,2.606815048873754870e-02,1.225348258522629408e-02
6.676900000000000000e+04,2.545771686176011989e-02,4.825188309744987691e-03
6.677000000000000000e+04,2.679375994694735766e-02,6.417384113110102817e-03
6.677100000000000000e+04,2.644769463670650772e-02,3.026487651485609831e-03
6.677200000000000000e+04,2.846268974594724430e-02,4.862311609993952288e-03
6.677300000000000000e+04,2.819721162083312083e-02,6.650763109945501128e-03
6.677400000000000000e+04,2.667642368918594215e-02,4.337553592804965774e-03
6.677500000000000000e+04,2.596718768078898690e-02,4.195579943427674152e-03
6.677600000000000000e+04,2.443627632692057725e-02,4.021308563654457657e-03
6.677700000000000000e+04,2.554673800118259508e-02,2.491983609086645401e-03
6.677800000000000000e+04,2.514264161855524898e-02,3.480312488854053754e-03
6.677900000000000000e+04,2.425851180949191443e-02,1.797290634890202909e-03
6.678000000000000000e+04,2.462936950280019202e-02,5.745854562327679105e-03
6.678100000000000000e+04,1.874308433140782146e-02,3.645472575247055147e-03
6.678200000000000000e+04,1.851715265256298829e-02,4.217011028636363790e-03
6.678300000000000000e+04,2.491498929638919987e-02,1.017562936648630512e-02
6.678400000000000000e+04,1.937628127139383663e-02,1.254134991897259965e-02
6.678500000000000000e+04,1.393216476163546685e-02,8.940389209243448931e-03
6.678600000000000000e+04,1.403819292709304611e-02,1.525012788185620138e-02
6.678700000000000000e+04,9.404899660388526400e-03,8.312866009212882545e-03
6.678800000000000000e+04,1.791262343776135746e-02,1.889191870077056024e-02
6.678900000000000000e+04,8.498174837116749883e-03,2.562664541869708046e-03
6.679000000000000000e+04,1.338808611889916525e-02,2.514784362650246408e-02
6.679100000000000000e+04,1.702528667578066465e-02,2.787044130636573414e-02
6.679200000000000000e+04,8.357426426413549700e-03,7.940375597971893740e-03
6.679300000000000000e+04,1.351864373000941262e-02,9.446739025161576819e-03
6.679400000000000000e+04,9.976552932628326639e-03,1.015384612243863671e-02
6.679500000000000000e+04,1.252699970326926621e-02,1.134945206558057862e-02
6.679600000000000000e+04,1.280400708876948575e-02,1.020302988182564263e-02
6.679700000000000000e+04,2.452196852805905644e-02,2.698964086288668796e-03
6.679800000000000000e+04,1.531881666587424536e-02,1.683513636428912719e-02
6.679900000000000000e+04,2.024845388101419522e-02,1.680360309633144311e-02
6.680000000000000000e+04,1.702994821523556856e-02,1.066277830722128783e-02
6.680100000000000000e+04,1.470553051465310970e-02,2.240171163023774170e-04
6.680200000000000000e+04,1.572358518019469076e-02,5.820251368184869989e-04
6.680300000000000000e+04,1.180929937474158552e-02,2.060318078211054171e-03
6.680400000000000000e+04,6.173987581022711418e-03,3.734021442021173698e-03
6.680500000000000000e+04,1.205628000032846897e-02,1.765824317353192896e-02
6.680600000000000000e+04,5.977171942523729943e-03,1.214438208328161295e-02
6.680700000000000000e+04,7.127929172229149207e-03,1.208696567756462059e-02
6.680800000000000000e+04,5.834595711418599090e-03,2.020489092220856264e-03
6.680900000000000000e+04,1.870672295803887117e-03,6.285871287349920067e-03
6.681000000000000000e+04,9.363913180390018645e-03,1.687096498805118472e-02
6.681100000000000000e+04,5.032602902443169407e-03,5.714095662966656164e-03
6.681200000000000000e+04,5.788249499051168097e-03,1.273393795116817273e-03
6.681300000000000000e+04,3.208221753936506358e-03,2.031015834738525427e-03
6.681400000000000000e+04,3.364256618345775988e-03,2.350141245845094318e-03
6.681500000000000000e+04,2.981577162643209676e-03,3.240384115958505618e-03
6.681600000000000000e+04,3.631953347520824882e-03,5.689782481283600646e-03
6.681700000000000000e+04,4.048806912735110862e-03,5.462487256835402150e-03
6.681800000000000000e+04,2.042779203467744165e-03,5.562572751994565579e-03
6.681900000000000000e+04,8.983535472032173723e-04,3.271537215447040126e-03
6.682000000000000000e+04,1.446229205786658378e-03,1.461003316663322948e-03
6.682100000000000000e+04,1.580583735600838476e-03,2.103003519735580085e-04
6.682200000000000000e+04,1.419745650591065647e-03,2.662178773285006628e-04
6.682300000000000000e+04,1.121568570428817984e-03,8.882529984894915742e-04
6.682400000000000000e+04,1.557642796438441814e-03,1.646473099317091737e-03
6.682500000000000000e+04,2.015922743967291271e-03,2.500818405483329343e-03
6.682600000000000000e+04,2.189512651447936189e-03,3.822963532879697368e-03
6.682700000000000000e+04,9.231534081097118394e-04,4.074295337268551975e-03
6.682800000000000000e+04,1.902355676390025258e-03,2.230344025100805538e-03
6.682900000000000000e+04,1.928041194147383413e-03,3.513734552740288564e-03
6.683000000000000000e+04,1.939509674710687562e-03,1.830870498491066201e-03
6.683100000000000000e+04,1.325082246771710917e-03,5.432430939968924122e-04
6.683200000000000000e+04,1.893007013347377176e-03,1.607618715301128987e-03
6.683300000000000000e+04,2.011334000603062777e-03,2.670041350054219720e-03
6.683400000000000000e+04,3.968244866405217647e-03,4.213490094123528706e-03
6.683500000000000000e+04,3.209944559398401030e-03,4.109849381897845433e-03
6.683600000000000000e+04,4.424055060087100748e-03,2.401860102096975425e-03
6.683700000000000000e+04,4.795458328642490664e-03,4.234467506861960828e-03
6.683800000000000000e+04,4.584110474073173694e-03,3.546055847934326266e-03
6.683900000000000000e+04,6.134423968108887286e-03,2.813027248986799123e-03
6.684000000000000000e+04,6.560347275324765817e-03,2.041818651253635153e-03
6.684100000000000000e+04,2.590118260413186435e-03,1.706940363487063905e-03
6.684200000000000000e+04,2.531766876967636495e-03,1.687900704478551006e-03
6.684300000000000000e+04,2.978558885801078394e-03,1.867873385990037605e-04
6.684400000000000000e+04,3.559365972314835948e-03,1.423651691645488881e-04
6.684500000000000000e+04,5.681544198009090205e-03,4.222554944171008628e-03
6.684600000000000000e+04,6.332733088845501380e-03,5.653965708344088625e-03
6.684700000000000000e+04,6.076029003633067090e-03,5.913467047289344691e-03
6.684800000000000000e+04,8.372768909607902071e-03,5.151667351881883405e-03
6.684900000000000000e+04,6.377320335965535464e-03,7.301116492111958678e-03
6.685000000000000000e+04,6.663023848125056853e-03,1.522816720015640612e-02
6.685100000000000000e+04,7.849322038865283110e-03,6.426980205855414852e-03
6.685200000000000000e+04,1.438583921263212814e-02,1.619313477071671059e-03
6.685300000000000000e+04,8.448298597508797567e-03,2.722665728079221026e-03
6.685400000000000000e+04,1.016825241185274030e-02,1.868044746860775263e-02
6.685500000000000000e+04,1.277360720702332489e-02,2.360697255291199781e-02
6.685600000000000000e+04,8.208068097305253486e-04,1.315639318493566634e-02
6.685700000000000000e+04,7.702754386159132473e-03,9.816028353874628465e-03
6.685800000000000000e+04,7.677029507235071798e-03,8.851353275595386094e-03
6.685900000000000000e+04,4.453418082371247630e-03,1.476460005765289907e-03
6.686000000000000000e+04,1.472080090144548860e-02,5.526794334386408991e-03
6.686100000000000000e+04,4.538795442945195262e-03,2.688349221639185771e-03
6.686200000000000000e+04,6.572837769283221970e-03,1.433752856807757325e-02
6.686300000000000000e+04,3.577044716161324397e-03,7.366009845476639839e-03
6.686400000000000000e+04,1.258535046013690116e-02,5.653940619364306031e-03
6.686500000000000000e+04,1.738688190492201566e-02,1.606433483163982601e-02
6.686600000000000000e+04,3.176699589683652791e-02,2.799202975525005854e-02
6.686700000000000000e+04,1.924204496527102612e-02,1.094875027138542123e-02
6.686800000000000000e+04,1.397278000502723445e-02,6.321826036774780277e-04
6.686900000000000000e+04,5.751530261195179558e-03,1.147485491139477176e-02
6.687000000000000000e+04,1.333484514891072892e-02,3.756179551690053131e-02
6.687100000000000000e+04,1.137965891392931847e-02,2.023595460483562647e-02
6.687200000000000000e+04,1.520189257887807031e-02,3.377381323810624281e-02
6.687300000000000000e+04,2.053014247454267721e-02,3.604738582604483099e-02
6.687400000000000000e+04,1.442351504787090129e-02,2.304607073423525776e-02
6.687500000000000000e+04,8.299566421466677071e-03,6.979955716683861056e-03
6.687600000000000000e+04,3.907495920359656955e-02,1.653220022792112331e-03
6.687700000000000000e+04,4.740712756301600911e-02,6.121115500121732111e-04
6.687800000000000000e+04,5.872646885072450862e-02,7.485567572974360928e-03
6.687900000000000000e+04,1.059504521629780482e-01,3.190767025695251391e-02
6.688000000000000000e+04,2.541532203146667016e-02,5.360967935971316933e-02
6.688100000000000000e+04,4.060765885276795828e-02,4.717837130085200670e-02
6.688200000000000000e+04,3.814157383101121623e-02,4.855054016352511326e-02
6.688300000000000000e+04,1.950722891412169299e-02,3.780971218255402277e-02
6.688400000000000000e+04,3.104955997837332421e-02,3.524705995713617313e-02
6.688500000000000000e+04,4.078214242537070433e-02,4.861801645631658175e-02
6.688600000000000000e+04,3.711508541342625755e-02,6.809414430863114376e-02
6.688700000000000000e+04,3.388723959943058112e-02,6.924564810471878218e-02
6.688800000000000000e+04,3.166036781148584556e-02,4.558907043178805907e-02
6.688900000000000000e+04,3.733902643396359855e-02,5.080940477403927957e-02
6.689000000000000000e+04,5.380839247043990581e-02,4.533007036743796903e-02
6.689100000000000000e+04,5.691490147976314973e-02,5.986491425543505329e-02
6.689200000000000000e+04,5.544991628862105948e-02,5.249847016752795525e-02
6.689300000000000000e+04,5.603477203084324815e-02,3.171449414914206955e-02
6.689400000000000000e+04,6.043001481109080281e-02,3.455102751603078559e-02
6.689500000000000000e+04,5.264679177116518560e-02,3.964788733797774967e-02
6.689600000000000000e+04,4.385974821024495734e-02,4.170940219110974567e-02
6.689700000000000000e+04,3.591959972741578383e-02,4.535940968901996939e-02
6.689800000000000000e+04,3.081009614157676976e-02,4.350432057624686877e-02
6.689900000000000000e+04,3.019304914946166485e-02,4.673010485184292406e-02
6.690000000000000000e+04,3.262764290222032459e-02,5.050571003440396112e-02
6.690100000000000000e+04,3.236178971932434506e-02,2.199014309923086330e-02
6.690200000000000000e+04,3.368867850786905205e-02,1.710623788934384493e-02
6.690300000000000000e+04,3.396067736551580674e-02,1.470603015973281913e-02
6.690400000000000000e+04,3.422154881952409883e-02,2.590714489564049927e-02
6.690500000000000000e+04,3.004941802692824571e-02,3.709712639579976212e-03
6.690600000000000000e+04,2.425925522761792838e-02,1.527509132193927144e-02
6.690700000000000000e+04,1.373368369977917471e-03,3.058981039599117935e-02
6.690800000000000000e+04,6.064259444886541464e-03,1.670996493887599854e-02
6.690900000000000000e+04,2.238565291305983848e-02,1.183149155162155353e-02
6.691000000000000000e+04,3.239598376621972281e-02,7.057878470899225931e-03
6.691100000000000000e+04,1.849039894278567409e-02,3.174031024149925884e-02
6.691200000000000000e+04,3.728429232195031029e-02,3.181411264086619894e-02
6.691300000000000000e+04,1.069906050273552317e-01,9.160954714477398397e-02
6.691400000000000000e+04,9.729552855484767393e-02,9.221045657359283609e-02
6.691500000000000000e+04,1.103068825372564427e-01,9.582322591349523577e-02
6.691600000000000000e+04,2.636616318197309780e-02,7.347374437607356867e-03
6.691700000000000000e+04,5.164638446276298422e-02,9.915270488789929004e-03
6.691800000000000000e+04,1.050402293482455424e-01,6.085893425721167205e-02
6.691900000000000000e+04,1.676235824219233020e-02,5.739752258658725736e-02
6.692000000000000000e+04,6.593089027215229096e-03,8.395496245561062665e-02
6.692100000000000000e+04,5.084954892492755257e-02,4.946947901083476040e-02
6.692200000000000000e+04,1.999982400704489877e-02,6.922126248665705361e-02
6.692300000000000000e+04,4.057677417397431707e-02,6.641879930370464535e-03
6.692400000000000000e+04,5.556503256673833713e-02,8.024932989570743302e-03
6.692500000000000000e+04,2.001158911890863965e-02,9.484766825653068167e-02
6.692600000000000000e+04,5.488092451681927941e-02,1.423036623660820510e-01
6.692700000000000000e+04,9.256017940300406699e-02,1.749802956297479284e-01
6.692800000000000000e+04,7.363305326362278025e-02,1.321630114294300995e-01
6.692900000000000000e+04,1.021908002383796477e-01,1.559027485211501585e-01
6.693000000000000000e+04,1.205507657274235284e-01,1.712222708576192076e-01
6.693100000000000000e+04,3.768645124997047763e-02,1.960931313646341323e-02
6.693200000000000000e+04,5.063173289534152882e-02,3.436751474770005643e-02
6.693300000000000000e+04,3.927380467386412666e-02,3.945616655351003033e-02
6.693400000000000000e+04,1.978947264502466455e-02,2.250674262334939613e-03
6.693500000000000000e+04,1.585628748949278674e-02,6.934535151223997218e-04
6.693600000000000000e+04,2.572258762904960916e-02,3.221077256615245687e-03
6.693700000000000000e+04,2.372424304295268210e-02,1.224061757787353599e-02
6.693800000000000000e+04,2.055558716795822735e-02,1.251156178550871800e-03
6.693900000000000000e+04,2.639241114759078785e-02,4.241176080395092640e-03
6.694000000000000000e+04,2.904278612846185673e-02,6.334140191359693972e-03
6.694100000000000000e+04,3.171753717457487243e-02,1.009021222153094755e-02
6.694200000000000000e+04,3.213116865013893042e-02,1.472250288160026344e-02
6.694300000000000000e+04,3.395506201732977070e-02,1.747624449351548037e-02
6.694400000000000000e+04,3.656646794797406563e-02,2.040958387361158088e-02
6.694500000000000000e+04,3.693095803597872678e-02,2.172993151315694149e-02
6.694600000000000000e+04,3.675528314561883614e-02,1.871175312124861989e-02
6.694700000000000000e+04,3.300284150756886692e-02,7.680881286248109063e-03
6.694800000000000000e+04,2.445173630645276763e-02,1.288338486177309505e-02
6.694900000000000000e+04,3.043389869678387802e-02,1.212985832719226664e-02
6.695000000000000000e+04,1.705911399920873386e-02,1.570895418395323873e-02
6.695100000000000000e+04,1.879843188423802741e-02,1.342828863832679076e-02
6.695200000000000000e+04,1.897357077468222325e-02,1.623026201555077819e-02
6.695300000000000000e+04,2.078355087553547531e-02,1.805148630383612840e-02
6.695400000000000000e+04,2.418175237044431145e-02,1.703166159873248375e-02
6.695500000000000000e+04,2.368207011913557244e-02,1.566433539580103229e-02
6.695600000000000000e+04,2.391673380549350775e-02,1.451604468040912366e-02
6.695700000000000000e+04,2.174228118504909629e-02,1.036681066242906013e-02
6.695800000000000000e+04,2.735849794070067953e-02,9.622895775954987130e-03
6.695900000000000000e+04,2.999386551484766253e-02,1.015635612121812414e-02
6.696000000000000000e+04,3.193237746894654616e-02,4.654990376042889011e-03
6.696100000000000000e+04,1.356742313342688445e-02,6.580780354674686805e-04
6.696200000000000000e+04,3.476082938910992487e-02,1.283451654536804654e-04
6.696300000000000000e+04,6.446174230116542836e-03,2.695183156596314689e-02
6.696400000000000000e+04,6.653888682785933859e-03,3.424546130020900137e-02
6.696500000000000000e+04,9.286665265394008356e-03,3.374314137667511204e-02
6.696600000000000000e+04,3.057117603816782853e-02,4.002746682450109006e-02
6.696700000000000000e+04,2.166090944561968948e-02,3.524407365935644521e-02
6.696800000000000000e+04,4.062585623149367331e-02,1.135871273069426479e-01
6.696900000000000000e+04,1.067597751656175487e-01,1.953127770902689520e-01
6.697000000000000000e+04,2.107724245533781210e-02,6.094088556265830903e-02
6.697100000000000000e+04,3.447919105493864322e-02,1.170829880533723610e-01
6.697200000000000000e+04,6.592067935631153175e-02,2.173475447097494850e-01
6.697300000000000000e+04,5.305992943630995218e-02,9.745685841469509114e-03
6.697400000000000000e+04,5.848259322008648314e-02,2.449102557504900801e-02
6.697500000000000000e+04,6.359667328330799452e-02,1.815825974015083943e-02
6.697600000000000000e+04,4.374309993598748253e-02,1.751199474831111047e-02
6.697700000000000000e+04,3.900481528247486812e-02,3.410535260199054619e-02
6.697800000000000000e+04,5.744975882258106931e-02,4.613623926357846017e-02
6.697900000000000000e+04,6.685532516273960668e-02,6.510585056748396937e-03
6.698000000000000000e+04,7.523725057131142036e-02,1.056119336804428599e-02
6.698100000000000000e+04,8.353819241701125609e-02,2.237585855753110309e-02
6.698200000000000000e+04,8.004905281464465283e-02,1.862011209344771601e-02
6.698300000000000000e+04,7.875432322504657967e-02,1.530108619558845362e-02
6.698400000000000000e+04,7.593541742483364554e-02,1.552629172459418783e-02
6.698500000000000000e+04,7.144890163991016174e-02,9.272779169631206742e-03
6.698600000000000000e+04,6.748361515774595198e-02,7.816285003126921538e-03
6.698700000000000000e+04,6.492586800046268314e-02,7.711096298930186776e-03
6.698800000000000000e+04,6.482755118176738995e-02,4.988449605587419455e-03
6.698900000000000000e+04,6.382663836073003416e-02,3.875343757449911664e-03
6.699000000000000000e+04,6.224736861294750956e-02,2.514366805126400095e-03
6.699100000000000000e+04,5.559981781339902451e-02,1.177085119956799986e-02
6.699200000000000000e+04,5.217261281523932065e-02,1.690103453891822483e-02
6.699300000000000000e+04,5.197496416241913220e-02,1.664011032475087859e-02
6.699400000000000000e+04,5.324155352273281933e-02,2.033788773037414899e-02
6.699500000000000000e+04,5.580696121070220783e-02,2.236496790211361940e-02
6.699600000000000000e+04,5.983922482935712800e-02,2.579948953893307362e-02
6.699700000000000000e+04,5.583445615261400236e-02,2.513739244714940924e-02
6.699800000000000000e+04,5.769053143307213694e-02,2.380908567848649682e-02
6.699900000000000000e+04,5.794839353253554426e-02,2.423572616481450837e-02
6.700000000000000000e+04,5.873225076957470231e-02,2.222290598101750447e-02
6.700100000000000000e+04,6.375470291077130203e-02,2.305446313889447651e-02
6.700200000000000000e+04,5.894038003473306420e-02,2.448271442291982680e-02
6.700300000000000000e+04,6.266759256904264053e-02,2.109228883584179925e-02
6.700400000000000000e+04,6.462009672561150331e-02,2.114243615056921044e-02
6.700500000000000000e+04,6.295841191155107652e-02,2.181642500648450778e-02
6.700600000000000000e+04,6.396942464691580954e-02,2.562493855069192250e-02
6.700700000000000000e+04,5.891130742349366678e-02,2.488635940014560788e-02
6.700800000000000000e+04,6.256806986418272931e-02,2.147619900215502753e-02
6.700900000000000000e+04,6.224032537578985669e-02,2.177515019075215719e-02
6.701000000000000000e+04,6.241126475524566564e-02,1.927549477329293381e-02
6.701100000000000000e+04,6.262292969990435054e-02,2.057270439215130864e-02
6.701200000000000000e+04,5.751960469237461099e-02,1.658192442299366576e-02
6.701300000000000000e+04,6.148393146226765332e-02,1.693821965195851931e-02
6.701400000000000000e+04,6.080930521405394223e-02,1.700698824570778811e-02
6.701500000000000000e+04,6.412107832280845854e-02,1.817676470955120749e-02
6.701600000000000000e+04,6.661036862971039807e-02,1.702660515263332286e-02
6.701700000000000000e+04,6.640535540794018088e-02,1.844897860492622499e-02
6.701800000000000000e+04,6.649274672966590249e-02,1.160951361630324641e-02
6.701900000000000000e+04,8.348484247051210505e-02,3.694258800171468238e-02
6.702000000000000000e+04,2.078363638661860982e-02,2.344162368894586734e-02
6.702100000000000000e+04,2.857419528116582341e-02,1.747467272570091268e-02
6.702200000000000000e+04,2.541315772202899781e-02,1.183973959138029386e-02
6.702300000000000000e+04,3.195544898412015777e-02,2.550614548636076506e-02
6.702400000000000000e+04,3.277199724436210410e-02,2.939290471131883464e-02
6.702500000000000000e+04,3.417615337530348352e-02,1.571672063810680697e-02
6.702600000000000000e+04,3.081114487667850621e-02,2.277102661067331724e-02
6.702700000000000000e+04,3.268701363872529575e-02,5.539049937099349563e-02
6.702800000000000000e+04,6.200617752649210251e-02,3.827938782096751424e-02
6.702900000000000000e+04,5.224835284010812680e-02,9.754602026884384713e-03
6.703000000000000000e+04,6.586007833421576863e-02,7.571058946786024535e-02
6.703100000000000000e+04,1.138554687589364706e-01,1.782483460635226891e-01
6.703200000000000000e+04,1.610689179900712253e-01,2.343548993409250158e-01
6.703300000000000000e+04,1.645664994933794534e-01,2.877176560535907868e-01
6.703400000000000000e+04,1.657623989562980737e-01,3.497447058691633970e-01
6.703500000000000000e+04,3.175952029993765469e-01,4.149792792045623457e-01
6.703600000000000000e+04,4.640159898494420343e-01,6.175814818125360262e-01
6.703700000000000000e+04,5.343641763017341617e-01,7.323462363643962192e-01
6.703800000000000000e+04,5.520152473055968123e-01,7.963255158117164001e-01
6.703900000000000000e+04,5.550382516502946340e-01,8.365100588782325985e-01
6.704000000000000000e+04,5.886374085911498799e-01,8.979353682615283105e-01
6.704100000000000000e+04,5.084981886946436935e-01,8.350958874013123534e-01
6.704200000000000000e+04,4.793061147448230419e-01,7.926266885861075195e-01
6.704300000000000000e+04,4.130003233324403000e-01,7.304510145928873044e-01
6.704400000000000000e+04,3.974680336747251630e-01,7.228713146200824724e-01
6.704500000000000000e+04,3.807910910837081775e-01,7.169683424331658728e-01
6.704600000000000000e+04,3.584527888961962505e-01,7.133827476275271806e-01
6.704700000000000000e+04,3.312110063317289521e-01,7.054780521581029973e-01
6.704800000000000000e+04,3.026124450227635210e-01,6.920544036039437685e-01
6.704900000000000000e+04,2.779668727067073908e-01,6.859300762698197218e-01
6.705000000000000000e+04,2.535730719543204947e-01,6.834497150682459221e-01
6.705100000000000000e+04,2.499277900830505217e-01,6.808841935684277757e-01
6.705200000000000000e+04,1.987500078383293012e-01,6.851836147321606063e-01
6.705300000000000000e+04,1.792874429492606891e-01,6.810480851102695965e-01
6.705400000000000000e+04,1.632085228613648908e-01,6.787758248376363213e-01
6.705500000000000000e+04,1.476023128394067518e-01,6.808580373629951055e-01
6.705600000000000000e+04,1.255809792396787028e-01,7.038607314574854001e-01
6.705700000000000000e+04,9.290744440098815116e-02,7.006595994494517754e-01
6.705800000000000000e+04,8.133038260359656824e-02,6.765453731241635182e-01
6.705900000000000000e+04,9.534920414311601200e-02,6.767703149784694006e-01
6.706000000000000000e+04,1.159697430493566717e-01,7.306379256518376053e-01
6.706100000000000000e+04,1.341743315334906483e-01,7.391548414509792053e-01
6.706200000000000000e+04,1.592978692165378241e-01,7.582344244706611391e-01
6.706300000000000000e+04,1.876739204836436747e-01,7.546878005935013789e-01
6.706400000000000000e+04,2.051413269904756864e-01,7.635149055395835660e-01
6.706500000000000000e+04,3.257524186969747437e-01,1.308338053256306921e+00
6.706600000000000000e+04,3.528994103669336746e-01,1.371289370179983536e+00
6.706700000000000000e+04,4.560511955327272715e-01,1.326037046900996330e+00
6.706800000000000000e+04,4.965905338865915786e-01,1.347350331484861385e+00
6.706900000000000000e+04,5.408211274742277253e-01,1.373583258744634605e+00
6.707000000000000000e+04,7.407678002874799050e-01,1.383222746569554573e+00
6.707100000000000000e+04,7.577979486086626748e-01,1.405671486358304634e+00
6.707200000000000000e+04,7.383335326342005400e-01,1.376077049099784233e+00
6.707300000000000000e+04,7.136774799434547623e-01,1.464297198018783774e+00
6.707400000000000000e+04,7.035569567934206736e-01,1.492886262046511092e+00
6.707500000000000000e+04,6.941130431342508178e-01,1.535726221492858201e+00
6.707600000000000000e+04,6.867829594942682636e-01,1.538725420198332472e+00
6.707700000000000000e+04,6.830651066761981305e-01,1.557357642475384552e+00
6.707800000000000000e+04,6.950206575802994058e-01,1.571685255974362150e+00
6.707900000000000000e+04,6.924686824606413049e-01,1.620271408969941263e+00
6.708000000000000000e+04,6.891193807649087510e-01,1.595835053071091636e+00
6.708100000000000000e+04,6.661572624571264756e-01,1.718261263858668286e+00
6.708200000000000000e+04,5.845137363452466150e-01,1.750630271410855698e+00
6.708300000000000000e+04,6.247778698769973493e-01,1.822357755269543134e+00
6.708400000000000000e+04,6.996183941437582599e-01,1.866016790317882368e+00
6.708500000000000000e+04,6.610780179874259366e-01,1.872310205904827995e+00
6.708600000000000000e+04,6.501431596647578859e-01,1.868137526684641614e+00
6.708700000000000000e+04,5.865327177569940043e-01,1.586228795059639651e+00
6.708800000000000000e+04,5.749979832952452075e-01,1.546437833312900523e+00
6.708900000000000000e+04,5.988560416198712710e-01,1.525259674630241591e+00
6.709000000000000000e+04,6.247163966962741011e-01,1.528516830533639848e+00
6.709100000000000000e+04,7.306507984206064288e-01,1.577399160786818300e+00
6.709200000000000000e+04,8.285997273728591406e-01,1.487458970684006232e+00
6.709300000000000000e+04,6.617734929440586278e-01,1.506440038781210689e+00
6.709400000000000000e+04,6.217241468716981911e-01,1.416674870102120565e+00
6.709500000000000000e+04,6.209956741935328539e-01,1.365304856991475191e+00
6.709600000000000000e+04,6.626723978282953453e-01,1.458764174104565825e+00
6.709700000000000000e+04,6.793734166477309877e-01,1.443276748342647409e+00
6.709800000000000000e+04,6.659441016652895007e-01,1.415084937903959172e+00
6.709900000000000000e+04,6.643253947392583347e-01,1.455770134003035565e+00
6.710000000000000000e+04,6.164933688935158029e-01,1.445813129532716346e+00
6.710100000000000000e+04,6.282709407448906491e-01,1.403119172437282458e+00
6.710200000000000000e+04,6.377309216774496026e-01,1.357817223368570581e+00
6.710300000000000000e+04,6.312985636133398026e-01,1.359517177003041866e+00
6.710400000000000000e+04,6.282583675470343465e-01,1.391177935093949714e+00
6.710500000000000000e+04,6.254739270522189365e-01,1.413212264600321788e+00
6.710600000000000000e+04,6.783567827389079818e-01,1.400591391019478493e+00
6.710700000000000000e+04,6.542513403932427307e-01,1.457335123756010375e+00
6.710800000000000000e+04,6.516635686031423402e-01,1.478465554330867349e+00
6.710900000000000000e+04,6.497406780339444188e-01,1.479383579341043031e+00
6.711000000000000000e+04,6.561813380105742111e-01,1.506540346120758045e+00
6.711100000000000000e+04,6.384381977483724047e-01,1.469584966187291286e+00
6.711200000000000000e+04,6.346759149728380400e-01,1.465181861895345605e+00
6.711300000000000000e+04,6.398922743564616766e-01,1.466087247531913107e+00
6.711400000000000000e+04,6.409410350687654301e-01,1.470894710813379191e+00
6.711500000000000000e+04,6.419172657154162964e-01,1.469516455604747307e+00
6.711600000000000000e+04,6.440793931255891502e-01,1.474956752366630042e+00
6.711700000000000000e+04,6.455389814929126668e-01,1.475012612553804559e+00
6.711800000000000000e+04,6.464203495755417306e-01,1.476746686486567484e+00
6.711900000000000000e+04,6.462787434685888233e-01,1.478307337347253281e+00
6.712000000000000000e+04,6.461810720933139907e-01,1.482807814349708764e+00
6.712100000000000000e+04,6.470071243066293221e-01,1.485265305000446290e+00
6.712200000000000000e+04,6.486052022000770023e-01,1.486086989270237524e+00
6.712300000000000000e+04,6.494891210291444672e-01,1.486742946190609871e+00
6.712400000000000000e+04,6.439755121801343796e-01,1.486218631381731825e+00
6.712500000000000000e+04,6.472808469043718205e-01,1.499069279247233766e+00
6.712600000000000000e+04,6.535987022516404066e-01,1.494010175652324079e+00
6.712700000000000000e+04,6.612965205223522158e-01,1.490445907351929833e+00
6.712800000000000000e+04,6.479883560755821392e-01,1.489896269262043660e+00
6.712900000000000000e+04,6.532708837642208222e-01,1.503334701547281327e+00
6.713000000000000000e+04,6.507754630420297115e-01,1.507112618110674873e+00
6.713100000000000000e+04,6.527039942444035070e-01,1.511022463567709195e+00
6.713200000000000000e+04,6.510987098907711212e-01,1.516169872938846197e+00
6.713300000000000000e+04,6.597689001443398649e-01,1.529797860169921364e+00
6.713400000000000000e+04,7.813361921923460685e-01,1.565124545671910283e+00
6.713500000000000000e+04,6.242501800577567872e-01,1.477432176970957300e+00
6.713600000000000000e+04,6.218427359103299024e-01,1.472116594579617299e+00
6.713700000000000000e+04,6.245981254030009699e-01,1.464252540364036292e+00
6.713800000000000000e+04,6.279712708071495397e-01,1.524062968051929090e+00
6.713900000000000000e+04,6.732488287085616196e-01,1.616416633957683757e+00
6.714000000000000000e+04,6.895625445790100061e-01,1.638548891105862992e+00
6.714100000000000000e+04,7.222211901941575363e-01,1.576194264677678092e+00
6.714200000000000000e+04,7.088353165504468478e-01,1.567531517731925561e+00
6.714300000000000000e+04,6.845994200821161613e-01,1.555793789918020309e+00
6.714400000000000000e+04,6.806247204130499995e-01,1.530181203712686511e+00
6.714500000000000000e+04,6.801886960082647038e-01,1.545799072697892740e+00
6.714600000000000000e+04,6.930692009717833724e-01,1.567711395239157923e+00
6.714700000000000000e+04,6.860284818273528762e-01,1.557983626749123829e+00
6.714800000000000000e+04,6.846740190544614579e-01,1.554500679243133732e+00
6.714900000000000000e+04,6.809976174827125917e-01,1.558682122185533814e+00
6.715000000000000000e+04,6.791957335819852615e-01,1.557680028067263578e+00
6.715100000000000000e+04,6.814401992520624507e-01,1.558669088095459898e+00
6.715200000000000000e+04,6.820400106760888814e-01,1.556290109181514225e+00
6.715300000000000000e+04,6.817777597633196685e-01,1.552765437089789202e+00
6.715400000000000000e+04,6.835198334588230562e-01,1.554333970175740376e+00
6.715500000000000000e+04,6.832773974857097032e-01,1.553764770124622885e+00
6.715600000000000000e+04,6.862351561443205128e-01,1.555188557648044423e+00
6.715700000000000000e+04,6.869205975029518685e-01,1.556418263016251302e+00
6.715800000000000000e+04,6.878580608687825393e-01,1.558221786183388247e+00
6.715900000000000000e+04,6.880017502600457302e-01,1.559720728012536028e+00
6.716000000000000000e+04,6.817642062501588773e-01,1.560587765610652156e+00
6.716100000000000000e+04,7.068782019394366234e-01,1.590277891621546758e+00
6.716200000000000000e+04,6.223246535089870246e-01,1.821789742700712367e+00
6.716300000000000000e+04,6.424228208272968477e-01,1.815794037775553704e+00
6.716400000000000000e+04,6.612686880390942212e-01,1.822022622360663036e+00
6.716500000000000000e+04,6.725621621799042771e-01,1.851115409577801074e+00
6.716600000000000000e+04,6.639595059828570234e-01,1.821032027695348887e+00
6.716700000000000000e+04,6.545816414471929967e-01,1.808975713138320174e+00
6.716800000000000000e+04,6.748873291980869160e-01,1.822878140216317888e+00
6.716900000000000000e+04,6.584316843671730313e-01,1.805704478265226953e+00
6.717000000000000000e+04,6.545848795303947920e-01,1.815255368704310257e+00
6.717100000000000000e+04,6.552513014487715282e-01,1.807445689209224327e+00
6.717200000000000000e+04,6.624996078620254414e-01,1.804822726606502670e+00
6.717300000000000000e+04,6.740329867452593549e-01,1.816517980563254753e+00
6.717400000000000000e+04,6.754654548629057675e-01,1.825718708684036073e+00
6.717500000000000000e+04,6.714509782849846786e-01,1.806278603099624291e+00
6.717600000000000000e+04,6.740157272265963062e-01,1.794594895568454973e+00
6.717700000000000000e+04,6.569899513081732811e-01,1.787017994763981932e+00
6.717800000000000000e+04,6.476369855796021424e-01,1.784704953357863388e+00
6.717900000000000000e+04,6.194524705020097999e-01,1.814100834054958256e+00
6.718000000000000000e+04,7.521747927436708281e-01,1.966260216606631417e+00
6.718100000000000000e+04,5.694759289800893631e-01,1.813278083850512701e+00
6.718200000000000000e+04,5.200982392568054280e-01,1.885561895052461523e+00
6.718300000000000000e+04,5.414311990631963667e-01,1.984534180190109964e+00
6.718400000000000000e+04,5.744962981762165022e-01,2.153892768515618172e+00
6.718500000000000000e+04,6.344829475783934081e-01,2.306056589763329612e+00
6.718600000000000000e+04,5.432508730477800807e-01,2.379568844053551402e+00
6.718700000000000000e+04,5.226092679208387271e-01,2.472907207263361329e+00
6.718800000000000000e+04,4.734685989228025194e-01,2.526238113369036142e+00
6.718900000000000000e+04,4.364464830843223231e-01,2.564958272499801240e+00
6.719000000000000000e+04,4.782020497623415967e-01,2.525807297350041836e+00
6.719100000000000000e+04,4.652437060124754442e-01,2.523915040467471727e+00
6.719200000000000000e+04,4.634405662229779121e-01,2.487496261924889041e+00
6.719300000000000000e+04,4.414703570783205522e-01,2.492955278772917893e+00
6.719400000000000000e+04,4.376232551399609760e-01,2.519389295882991320e+00
6.719500000000000000e+04,4.304378717870908644e-01,2.529306007998133765e+00
6.719600000000000000e+04,2.296660398209215137e-01,3.032169398102045221e+00
6.719700000000000000e+04,2.503271547796194207e-01,3.045651932709422027e+00
6.719800000000000000e+04,2.123537804096718717e-01,3.057746673292164985e+00
6.719900000000000000e+04,2.259730352663792408e-01,3.032703953468892877e+00
6.720000000000000000e+04,2.458959755772208156e-01,3.000831858380990980e+00
6.720100000000000000e+04,2.204819268127967968e-01,3.178843900830614189e+00
6.720200000000000000e+04,1.767527338383492741e-01,3.259240134198797989e+00
6.720300000000000000e+04,1.565043151924692122e-01,3.301651503880744798e+00
6.720400000000000000e+04,1.522792894760263971e-01,3.311036957284066773e+00
6.720500000000000000e+04,1.591628305731258020e-01,3.308842106355832868e+00
6.720600000000000000e+04,1.551426357576451420e-01,3.321503645622343015e+00
6.720700000000000000e+04,1.567970510322660160e-01,3.311230821138103408e+00
6.720800000000000000e+04,1.688038826116755042e-01,3.306661349364414804e+00
6.720900000000000000e+04,1.839439474254440376e-01,3.302032967323256685e+00
6.721000000000000000e+04,1.691713973690694151e-01,3.304375082539515063e+00
6.721100000000000000e+04,1.364321527613494844e-01,3.382270537233306840e+00
6.721200000000000000e+04,1.284272833761947730e-01,3.374465336412985295e+00
6.721300000000000000e+04,1.518239773047069252e-01,3.401058679394939332e+00
6.721400000000000000e+04,1.562520678137345742e-01,3.409016506553019354e+00
6.721500000000000000e+04,1.549180041058120516e-01,3.440054116472481383e+00
6.721600000000000000e+04,1.566264353421720490e-01,3.495113701875155243e+00
6.721700000000000000e+04,1.357394195237444368e-01,3.543516728647556846e+00
6.721800000000000000e+04,1.434760810084880489e-01,3.572896861779938149e+00
6.721900000000000000e+04,1.211344410586930459e-01,3.660049554160448082e+00
6.722000000000000000e+04,1.477304059602712605e-01,3.719100159632244385e+00
6.722100000000000000e+04,2.366575016329823256e-01,3.725371507791912506e+00
6.722200000000000000e+04,2.741877423715248230e-01,3.749641820155510175e+00
6.722300000000000000e+04,1.977279770162810313e-01,3.430626851498743690e+00
6.722400000000000000e+04,2.022991866236142355e-01,3.425247264152229576e+00
6.722500000000000000e+04,1.570725723116814798e-01,3.399018723882701210e+00
6.722600000000000000e+04,1.529042058094136902e-01,3.439337898814088135e+00
6.722700000000000000e+04,1.796072561964290604e-01,3.418569213081312341e+00
6.722800000000000000e+04,1.804365996890776869e-01,3.388185412377705319e+00
6.722900000000000000e+04,1.795045912554907863e-01,3.376695685028444416e+00
6.723000000000000000e+04,1.803350907045963847e-01,3.376164377192051091e+00
6.723100000000000000e+04,1.778034701623338043e-01,3.373590076891023415e+00
6.723200000000000000e+04,1.756901963533236688e-01,3.361686684749617626e+00
6.723300000000000000e+04,1.770797544138820734e-01,3.358444450777373191e+00
6.723400000000000000e+04,1.625520041024672846e-01,3.388792847118466511e+00
6.723500000000000000e+04,2.513103713455028809e-01,3.252310686917471827e+00
6.723600000000000000e+04,2.836801836944867761e-01,3.255819425327100447e+00
6.723700000000000000e+04,3.200260392396520048e-01,3.246391178704300273e+00
6.723800000000000000e+04,3.444508824919650936e-01,3.228037148305659798e+00
6.723900000000000000e+04,3.863378181957831670e-01,3.218111104108317022e+00
6.724000000000000000e+04,3.546816953409713813e-01,3.187576180181348917e+00
6.724100000000000000e+04,3.511224109880098365e-01,3.202524761329105019e+00
6.724200000000000000e+04,3.720604953963886907e-01,3.181098528371958167e+00
6.724300000000000000e+04,4.076427539118693821e-01,3.209867321618084191e+00
6.724400000000000000e+04,4.366681256553272550e-01,3.214752071887303941e+00
6.724500000000000000e+04,4.503626857954795004e-01,3.210468562285576866e+00
6.724600000000000000e+04,4.918710681356359693e-01,3.200732842769653530e+00
6.724700000000000000e+04,5.274797244204562086e-01,3.212152588345261961e+00
6.724800000000000000e+04,5.115432285772096854e-01,3.208801041526605502e+00
6.724900000000000000e+04,5.286253829705881424e-01,3.206848595394120593e+00
6.725000000000000000e+04,5.394519237008434942e-01,3.229288959813899851e+00
6.725100000000000000e+04,5.591084233228033051e-01,3.243519450191499232e+00
6.725200000000000000e+04,5.726231944486955827e-01,3.256831087570947858e+00
6.725300000000000000e+04,5.694114260826045326e-01,3.289651073878918197e+00
6.725400000000000000e+04,5.744208922438460707e-01,3.309808575993876900e+00
6.725500000000000000e+04,5.808349453056892431e-01,3.308203423650649455e+00
6.725600000000000000e+04,5.893413991136815522e-01,3.322088774987896898e+00
6.725700000000000000e+04,5.992015097214975494e-01,3.331058069440931746e+00
6.725800000000000000e+04,6.098876151792084199e-01,3.334532524764032502e+00
6.725900000000000000e+04,6.187512611847139077e-01,3.328206341654144751e+00
6.726000000000000000e+04,6.278860779600613506e-01,3.319537693315812277e+00
6.726100000000000000e+04,6.285086179312249222e-01,3.323997830661586050e+00
6.726200000000000000e+04,6.311698674171721812e-01,3.317402284111640398e+00
6.726300000000000000e+04,6.397916831182993702e-01,3.309790228302038173e+00
6.726400000000000000e+04,6.374152422801225848e-01,3.279200400398249116e+00
6.726500000000000000e+04,6.244723082873199216e-01,3.268938116867495580e+00
6.726600000000000000e+04,6.150266219927839062e-01,3.264211087367833386e+00
6.726700000000000000e+04,6.542730219071548614e-01,3.286805695238619762e+00
6.726800000000000000e+04,6.896729131325549655e-01,3.220490616276126872e+00
6.726900000000000000e+04,7.377398960330309174e-01,3.195649668740529137e+00
6.727000000000000000e+04,7.632864236263942059e-01,3.173201740934278092e+00
6.727100000000000000e+04,7.487058310026950547e-01,3.229104199755088445e+00
6.727200000000000000e+04,7.782277719872123800e-01,3.261945696822824203e+00
6.727300000000000000e+04,8.831272234702317592e-01,3.407985417293620145e+00
6.727400000000000000e+04,9.559234419794755411e-01,3.437168942866527743e+00
6.727500000000000000e+04,1.016640895066753814e+00,3.443500753960154981e+00
6.727600000000000000e+04,1.084672272447517516e+00,3.486400699627527189e+00
6.727700000000000000e+04,1.158309719495698609e+00,3.391822635580322043e+00
6.727800000000000000e+04,1.205995598623689435e+00,3.358931431558108471e+00
6.727900000000000000e+04,1.282394246787130099e+00,3.314512718535617353e+00
6.728000000000000000e+04,1.279481101747737881e+00,3.469480299230639275e+00
6.728100000000000000e+04,1.325432617491477894e+00,3.489070655066363713e+00
6.728200000000000000e+04,1.015638921609356871e+00,3.955401715267992557e+00
6.728300000000000000e+04,8.159519231854241994e-01,3.856697640801737492e+00
6.728400000000000000e+04,7.368936103142386118e-01,3.893364991299424815e+00
6.728500000000000000e+04,6.514814942485173122e-01,3.937120793623563486e+00
6.728600000000000000e+04,6.186796001671309719e-01,4.199214045907840642e+00
6.728700000000000000e+04,5.870517742322295396e-01,4.356674959929318192e+00
6.728800000000000000e+04,5.970403475675366556e-01,4.627661989839424450e+00
6.728900000000000000e+04,7.107273082187149926e-01,5.267757353944414689e+00
6.729000000000000000e+04,8.306103930175323669e-01,5.656694062173087900e+00
6.729100000000000000e+04,8.977105691247839747e-01,5.670453424175502022e+00
6.729200000000000000e+04,9.549837645159111599e-01,5.770523158148581189e+00
6.729300000000000000e+04,1.006554068231477084e+00,5.723499053831627492e+00
6.729400000000000000e+04,1.073589464841890662e+00,5.540631600852446326e+00
6.729500000000000000e+04,9.091403134938276231e-01,5.300857388224496702e+00
6.729600000000000000e+04,6.653532937047033080e-01,5.129173435784355917e+00
6.729700000000000000e+04,1.311714349410958658e+00,4.796891628319343681e+00
6.729800000000000000e+04,1.171149803307901749e+00,3.910983588523563981e+00
6.729900000000000000e+04,1.213020405192299034e+00,3.613165575863714452e+00
6.730000000000000000e+04,1.219396344031802082e+00,3.410806502932032913e+00
6.730100000000000000e+04,1.228129081111473342e+00,3.371463521774526129e+00
6.730200000000000000e+04,1.217734578212815943e+00,3.335371346162023798e+00
6.730300000000000000e+04,1.184421947896395988e+00,3.291078506730244158e+00
6.730400000000000000e+04,1.148292142089764933e+00,3.283695173650865939e+00
6.730500000000000000e+04,1.101718889092126563e+00,3.218638377252222682e+00
6.730600000000000000e+04,1.069865562095371425e+00,3.140556960095810979e+00
6.730700000000000000e+04,1.061334572472495186e+00,3.112405656746673799e+00
6.730800000000000000e+04,1.053537661474076570e+00,3.071158317488844602e+00
6.730900000000000000e+04,1.039347973588516272e+00,3.063404626346247994e+00
6.731000000000000000e+04,1.016761657960400633e+00,3.017141547885735520e+00
6.731100000000000000e+04,9.747631514518192430e-01,2.882932490981829687e+00
6.731200000000000000e+04,9.310522986055778105e-01,2.752063965913926324e+00
6.731300000000000000e+04,9.255874577333176312e-01,2.736046499488978156e+00
6.731400000000000000e+04,9.160250113567366403e-01,2.726153925450056192e+00
6.731500000000000000e+04,9.033179605013956781e-01,2.660044097082966630e+00
6.731600000000000000e+04,8.712021017637125997e-01,2.607986238988601713e+00
6.731700000000000000e+04,8.510867453637773750e-01,2.530986124077912791e+00
6.731800000000000000e+04,8.479244646285996057e-01,2.514499866916438009e+00
6.731900000000000000e+04,8.416273881698013160e-01,2.488620306704270035e+00
6.732000000000000000e+04,8.351215572583677860e-01,2.445864406236957223e+00
6.732100000000000000e+04,8.348284676362383028e-01,2.384211202294387988e+00
6.732200000000000000e+04,8.240589298670287777e-01,2.346433122367230339e+00
6.732300000000000000e+04,8.117266653860581993e-01,2.294590590186807333e+00
6.732400000000000000e+04,8.098438162242868055e-01,2.284326015883920036e+00
6.732500000000000000e+04,8.229542412247963235e-01,2.263340244737925389e+00
6.732600000000000000e+04,7.968231610171093715e-01,2.220761884311080792e+00
6.732700000000000000e+04,7.566688387786606462e-01,2.142202418374147044e+00
6.732800000000000000e+04,7.197046895692738033e-01,2.078601832055817056e+00
6.732900000000000000e+04,6.819313757526352937e-01,2.057147725319545373e+00
6.733000000000000000e+04,6.522769491754663029e-01,2.031121411554224210e+00
6.733100000000000000e+04,6.368433656887128036e-01,2.018534443907540776e+00
6.733200000000000000e+04,5.922951778870670925e-01,1.918512145499896349e+00
6.733300000000000000e+04,5.749526465443645096e-01,1.853961439858615279e+00
6.733400000000000000e+04,5.646554429967332034e-01,1.817692835381294003e+00
6.733500000000000000e+04,5.628293703392592828e-01,1.774938558695929203e+00
6.733600000000000000e+04,5.738422067157069595e-01,1.711792464623897558e+00
6.733700000000000000e+04,5.517835213512387593e-01,1.679090243679517869e+00
6.733800000000000000e+04,5.382605369425961239e-01,1.692635354350095156e+00
6.733900000000000000e+04,5.203534282148671863e-01,1.657362305508314648e+00
6.734000000000000000e+04,4.663011442644680038e-01,1.606164913879460698e+00
6.734100000000000000e+04,4.090146114967850854e-01,1.453259127808252060e+00
6.734200000000000000e+04,5.061502781271262075e-01,1.631101724471648140e+00
6.734300000000000000e+04,4.814072371560693120e-01,1.609805969960717675e+00
6.734400000000000000e+04,5.079608494500358340e-01,1.623133997108780591e+00
6.734500000000000000e+04,5.397571711678631479e-01,1.640617735018857104e+00
6.734600000000000000e+04,5.346787864105922994e-01,1.625937928800333054e+00
6.734700000000000000e+04,5.905814013592345368e-01,1.642765910048936462e+00
6.734800000000000000e+04,6.011562766198772501e-01,1.652303847344168020e+00
6.734900000000000000e+04,6.046102001724448227e-01,1.658225211330446314e+00
6.735000000000000000e+04,5.582480450112946579e-01,1.639646900871213120e+00
6.735100000000000000e+04,4.620953527424155327e-01,1.684670699246169079e+00
6.735200000000000000e+04,5.291407240062706574e-01,1.799573402023572299e+00
6.735300000000000000e+04,5.835019111460225671e-01,1.981709472159863594e+00
6.735400000000000000e+04,6.286654700183786915e-01,2.257957112999317673e+00
6.735500000000000000e+04,6.197882486131871538e-01,2.609024607034552190e+00
6.735600000000000000e+04,5.521354738276503804e-01,2.703914785033170176e+00
6.735700000000000000e+04,5.332992251162930186e-01,2.770987579166074966e+00
6.735800000000000000e+04,4.682796875158602434e-01,2.835443233661933959e+00
6.735900000000000000e+04,4.780467242277417483e-01,2.935368201376896025e+00
6.736000000000000000e+04,5.043172130926854013e-01,3.046332304186041284e+00
6.736100000000000000e+04,5.185680853622056663e-01,3.174189278890771959e+00
6.736200000000000000e+04,5.127001781160765992e-01,3.275634532392249554e+00
6.736300000000000000e+04,4.388392162052723311e-01,3.266045054370287914e+00
6.736400000000000000e+04,4.030398449645267722e-01,2.934330047389433815e+00
6.736500000000000000e+04,3.438588406988384305e-01,2.885388946268747645e+00
6.736600000000000000e+04,3.597454179550751974e-01,2.902856408477148875e+00
6.736700000000000000e+04,3.180732087067489888e-01,2.909245993394812047e+00
6.736800000000000000e+04,3.228703900783556069e-01,2.961668840239379819e+00
6.736900000000000000e+04,3.263144382608788030e-01,3.103163532434965788e+00
6.737000000000000000e+04,3.489020917387545273e-01,3.200242220928970482e+00
6.737100000000000000e+04,3.157581481566740789e-01,3.329480846593636301e+00
6.737200000000000000e+04,2.675244407313990269e-01,3.376552075778914030e+00
6.737300000000000000e+04,2.838791299406499546e-01,3.208535563281543546e+00
6.737400000000000000e+04,3.009151488124228724e-01,3.151287335910613052e+00
6.737500000000000000e+04,2.780392587801839288e-01,3.231218957363488187e+00
6.737600000000000000e+04,2.958732301467327241e-01,3.273851727326206884e+00
6.737700000000000000e+04,4.573869034764408426e-01,3.623700828970562782e+00
6.737800000000000000e+04,3.886346149171863718e-01,2.897617432944635141e+00
6.737900000000000000e+04,4.344952934177393478e-01,2.874750994145355065e+00
6.738000000000000000e+04,4.307682455440604019e-01,2.795715721466695669e+00
6.738100000000000000e+04,4.201729390890203697e-01,2.732780649069258772e+00
6.738200000000000000e+04,4.245401123796953557e-01,2.716072184328318428e+00
6.738300000000000000e+04,4.174175287426559744e-01,2.657666392763193386e+00
6.738400000000000000e+04,3.901913979944864885e-01,2.537772262601233564e+00
6.738500000000000000e+04,4.517623360703285074e-01,2.594995777707470808e+00
6.738600000000000000e+04,6.456461516405488377e-01,2.808554988020215859e+00
6.738700000000000000e+04,6.828822218728732851e-01,2.845857774563882003e+00
6.738800000000000000e+04,6.577463898805763209e-01,2.914038050152957027e+00
6.738900000000000000e+04,6.259195023766914723e-01,2.950186167974553797e+00
6.739000000000000000e+04,5.625253394252016648e-01,2.993856962288919732e+00
6.739100000000000000e+04,4.992548544832098867e-01,3.009242665292426011e+00
6.739200000000000000e+04,4.455997658306103948e-01,2.965490110692456938e+00
6.739300000000000000e+04,4.176967592669733054e-01,2.988522320304966229e+00
6.739400000000000000e+04,3.506187642055330622e-01,2.607759529655325537e+00
6.739500000000000000e+04,3.156938587335366142e-01,2.585185581276327582e+00
6.739600000000000000e+04,2.330842802073153086e-01,2.548002275749823298e+00
6.739700000000000000e+04,1.825031172760635811e-01,2.526838857038779196e+00
6.739800000000000000e+04,1.479619097191886556e-01,2.467679379371144677e+00
6.739900000000000000e+04,1.180398203474406493e-01,2.474384020019826380e+00
6.740000000000000000e+04,1.148163129821855033e-01,2.450616272872785828e+00
6.740100000000000000e+04,1.097477401504696609e-01,2.400669806574519782e+00
6.740200000000000000e+04,1.012877317463899418e-01,2.353879235595272235e+00
6.740300000000000000e+04,8.391521994026210352e-02,2.328825425123312698e+00
6.740400000000000000e+04,1.036070968387603625e-01,2.304680018003168129e+00
6.740500000000000000e+04,7.970167266058850175e-02,2.288138750031741608e+00
6.740600000000000000e+04,6.975927826792599484e-02,2.282707402747469416e+00
6.740700000000000000e+04,6.840792931250030962e-02,2.278268627348573716e+00
6.740800000000000000e+04,7.448460839163863201e-02,2.260009377794922614e+00
6.740900000000000000e+04,8.111289302671048640e-02,2.243404931783970824e+00
6.741000000000000000e+04,8.610206135610640188e-02,2.226569541414875175e+00
6.741100000000000000e+04,9.318220556820458467e-02,2.224861430226198422e+00
6.741200000000000000e+04,9.423926724081815864e-02,2.232269202916228323e+00
6.741300000000000000e+04,1.051822677037391046e-01,2.230005991518162034e+00
6.741400000000000000e+04,1.105985671986522145e-01,2.233549766597029418e+00
6.741500000000000000e+04,1.172180365450193607e-01,2.237099939095045897e+00
6.741600000000000000e+04,1.214805755901094686e-01,2.233577069202908660e+00
6.741700000000000000e+04,1.231270439632854430e-01,2.227738771637596926e+00
6.741800000000000000e+04,1.348564566808758969e-01,2.208492369364819297e+00
6.741900000000000000e+04,1.552118852513949265e-01,2.239549160622999580e+00
6.742000000000000000e+04,1.781177886097223828e-01,2.240750861937719662e+00
6.742100000000000000e+04,1.912590502955411331e-01,2.218937971953693022e+00
6.742200000000000000e+04,2.479598448540216715e-01,2.284629119098582350e+00
6.742300000000000000e+04,3.117013188862033379e-01,2.385447034608908723e+00
6.742400000000000000e+04,3.339023051865481206e-01,2.486979788244738643e+00
6.742500000000000000e+04,2.974863290191214760e-01,2.565056523242418507e+00
6.742600000000000000e+04,2.694861236423173323e-01,2.659277045720074284e+00
6.742700000000000000e+04,2.660628379789208298e-01,2.759451916840852448e+00
6.742800000000000000e+04,2.639757061136831506e-01,2.838930477934525243e+00
6.742900000000000000e+04,2.625885639962167173e-01,2.894925164664414297e+00
6.743000000000000000e+04,2.606819111649513188e-01,2.933589310182519228e+00
6.743100000000000000e+04,2.573578629226653258e-01,2.943694571841902530e+00
6.743200000000000000e+04,2.553763048607482489e-01,2.919531362758320370e+00
6.743300000000000000e+04,2.524445699100579810e-01,2.894664518134931086e+00
6.743400000000000000e+04,2.541168707681924488e-01,2.883740736857262732e+00
6.743500000000000000e+04,2.557801680946285572e-01,2.882436121217189395e+00
6.743600000000000000e+04,2.578181876521506433e-01,2.879722938576662727e+00
6.743700000000000000e+04,2.613593097131782228e-01,2.877552451362753061e+00
6.743800000000000000e+04,2.620440813978122674e-01,2.875254537229828600e+00
6.743900000000000000e+04,2.641994828343504631e-01,2.873133545977552217e+00
6.744000000000000000e+04,2.620091569017138911e-01,2.869420036120303052e+00
6.744100000000000000e+04,2.596015536010710667e-01,2.865342894214663261e+00
6.744200000000000000e+04,2.561975454079501446e-01,2.862751871977138762e+00
6.744300000000000000e+04,2.543026543567233899e-01,2.860377522308787945e+00
6.744400000000000000e+04,2.520768921718186117e-01,2.859242843622894270e+00
6.744500000000000000e+04,2.501459291660255158e-01,2.857633108137889622e+00
6.744600000000000000e+04,2.471938552520462073e-01,2.856248301369767262e+00
6.744700000000000000e+04,2.454497279587564418e-01,2.855620451895063638e+00
6.744800000000000000e+04,2.425326770519394270e-01,2.853994846312048139e+00
6.744900000000000000e+04,2.395534980348548726e-01,2.853268918475038163e+00
6.745000000000000000e+04,2.380532692309250409e-01,2.851469664657486192e+00
6.745100000000000000e+04,2.363057303673533616e-01,2.849281621429440747e+00
6.745200000000000000e+04,2.357684960586466649e-01,2.847282406817384981e+00
6.745300000000000000e+04,2.359953124614389275e-01,2.845630100062940926e+00
6.745400000000000000e+04,2.349373390487143054e-01,2.842479649361990823e+00
6.745500000000000000e+04,2.371832575934111065e-01,2.835320243494464876e+00
6.745600000000000000e+04,2.410997045407360928e-01,2.829225603990913385e+00
6.745700000000000000e+04,2.441390998937510992e-01,2.820725805206357961e+00
6.745800000000000000e+04,2.503620326370335492e-01,2.811627094952385164e+00
6.745900000000000000e+04,2.547701113381510285e-01,2.796204271927223317e+00
6.746000000000000000e+04,2.549153319557295183e-01,2.807817667581083754e+00
6.746100000000000000e+04,2.250884250868091518e-01,2.790926296822561881e+00
6.746200000000000000e+04,1.937498986056013228e-01,2.758434235505269783e+00
6.746300000000000000e+04,2.176774057066804269e-01,2.768839475549278006e+00
6.746400000000000000e+04,2.201407881007901024e-01,2.795559179991066401e+00
6.746500000000000000e+04,2.184468173175693473e-01,2.852017567566150547e+00
6.746600000000000000e+04,1.773768563848309721e-01,2.774788020832438917e+00
6.746700000000000000e+04,1.590982760934972484e-01,2.790304922065448778e+00
6.746800000000000000e+04,1.629592614273552564e-01,2.811290046506744744e+00
6.746900000000000000e+04,1.565701366444032794e-01,2.839223511847738024e+00
6.747000000000000000e+04,1.555939381716382186e-01,2.819330378555083172e+00
6.747100000000000000e+04,1.697620175423872335e-01,2.836510679040706862e+00
6.747200000000000000e+04,1.773789552455934115e-01,2.876281643969388568e+00
6.747300000000000000e+04,1.989458198859438143e-01,2.892461105130280430e+00
6.747400000000000000e+04,1.989689311485464684e-01,2.859238002732833905e+00
6.747500000000000000e+04,1.892202776036469025e-01,2.871910243023812370e+00
6.747600000000000000e+04,1.931069430703509782e-01,2.877790139318225471e+00
6.747700000000000000e+04,1.921490403316215012e-01,2.861591668414543932e+00
6.747800000000000000e+04,1.879245656549070054e-01,2.866448023580463911e+00
6.747900000000000000e+04,1.966730684340735336e-01,2.862766869609775000e+00
6.748000000000000000e+04,2.024292908520718692e-01,2.870602970354216410e+00
6.748100000000000000e+04,2.004083957379745873e-01,2.901873252638505818e+00
6.748200000000000000e+04,1.929259922891657375e-01,2.896009190106287434e+00
6.748300000000000000e+04,1.800169703242482655e-01,2.878147517641838959e+00
6.748400000000000000e+04,1.764259482164135251e-01,2.875163942238422976e+00
6.748500000000000000e+04,1.756470793085520843e-01,2.867893415684694247e+00
6.748600000000000000e+04,1.754976208531001669e-01,2.878454637481741685e+00
6.748700000000000000e+04,1.664765798127291752e-01,2.851694000920399930e+00
6.748800000000000000e+04,1.553392218955051973e-01,2.843793391410628146e+00
6.748900000000000000e+04,1.474690958717595202e-01,2.839076032990483611e+00
6.749000000000000000e+04,1.457042253253860442e-01,2.832505499506815738e+00
6.749100000000000000e+04,1.508542262533582312e-01,2.843585555795407060e+00
6.749200000000000000e+04,1.664679677218792175e-01,2.851301307314514588e+00
6.749300000000000000e+04,1.693760834343820409e-01,2.859287825247250225e+00
6.749400000000000000e+04,1.770948500068496578e-01,2.868167811462036809e+00
6.749500000000000000e+04,1.862869369523856566e-01,2.826587185353098164e+00
6.749600000000000000e+04,7.222552630879539026e-02,3.142969262640594508e+00
6.749700000000000000e+04,1.556335141230806018e-01,3.172492502860233543e+00
6.749800000000000000e+04,8.724773635586816067e-02,3.185391184011013621e+00
6.749900000000000000e+04,1.009568183363361293e-01,3.178837527991717593e+00
6.750000000000000000e+04,9.645122800035035859e-02,3.099630750225578879e+00
6.750100000000000000e+04,1.401491276597525981e-01,3.168305788827595393e+00
6.750200000000000000e+04,7.484270169502729719e-02,3.226030424218393478e+00
6.750300000000000000e+04,3.056918521918413050e-03,3.273826819034816538e+00
6.750400000000000000e+04,6.906526797909511017e-02,3.143937869763085757e+00
6.750500000000000000e+04,7.713029866135802382e-02,3.159879439877286700e+00
6.750600000000000000e+04,8.145819031191743609e-02,3.169384683336595288e+00
6.750700000000000000e+04,9.058065924672352442e-02,3.220323330665650019e+00
6.750800000000000000e+04,8.156558400761979022e-02,3.240492147210865426e+00
6.750900000000000000e+04,4.132094079804266018e-02,3.280249947886851203e+00
6.751000000000000000e+04,4.715953193526692400e-02,3.320495519433741549e+00
6.751100000000000000e+04,4.999799364417841646e-02,3.341831506445114286e+00
6.751200000000000000e+04,3.090980418208171335e-02,3.324812902314889129e+00
6.751300000000000000e+04,4.604627077670244567e-02,3.382751461268998838e+00
6.751400000000000000e+04,1.001208046536090773e-01,3.256630139114207623e+00
6.751500000000000000e+04,9.926867387500391826e-02,3.176014920968945887e+00
6.751600000000000000e+04,1.028678771828725469e-01,3.085800353381983996e+00
6.751700000000000000e+04,7.636501932955613858e-02,3.101615922731781438e+00
6.751800000000000000e+04,7.024073873975462956e-02,3.078952246090750577e+00
6.751900000000000000e+04,9.854253563172706010e-02,3.041197026182530294e+00
6.752000000000000000e+04,1.189631961118056552e-01,3.046568289349224301e+00
6.752100000000000000e+04,1.126245145769026179e-01,3.051611785499581231e+00
6.752200000000000000e+04,1.313105466297812274e-01,3.054227661463471577e+00
6.752300000000000000e+04,2.264833049641697127e-01,2.878048640672204783e+00
6.752400000000000000e+04,2.390954884271688508e-01,2.829012889760818439e+00
6.752500000000000000e+04,2.165509108136335348e-01,2.816588355465469817e+00
6.752600000000000000e+04,2.266544118474416725e-01,2.801063363005049212e+00
6.752700000000000000e+04,1.330022991195986826e-01,2.955682430291936669e+00
6.752800000000000000e+04,1.550088801993849408e-01,3.055495668462043568e+00
6.752900000000000000e+04,1.953414389539822604e-01,3.150450026286691241e+00
6.753000000000000000e+04,1.167600840624076902e-01,3.128074310533854430e+00
6.753100000000000000e+04,1.399900819894509818e-01,3.216573441075048834e+00
6.753200000000000000e+04,3.215707586750343044e-02,3.294035278496870944e+00
6.753300000000000000e+04,3.998222372233063010e-02,3.442524200865342721e+00
6.753400000000000000e+04,4.332904485401897765e-02,3.405708493441004237e+00
6.753500000000000000e+04,7.977161742813095036e-02,3.208192593139195026e+00
6.753600000000000000e+04,8.663958333265148193e-02,3.249455803305323798e+00
6.753700000000000000e+04,8.298265522003282768e-02,2.984591604255477648e+00
6.753800000000000000e+04,5.500228594002832400e-02,2.956533701839582307e+00
6.753900000000000000e+04,7.835120985765849089e-02,2.972604447880300427e+00
6.754000000000000000e+04,6.780357716364557308e-02,2.965794006896658175e+00
6.754100000000000000e+04,5.230699852463022159e-02,2.960673820736644757e+00
6.754200000000000000e+04,7.091173250552409990e-02,2.959684637979449917e+00
6.754300000000000000e+04,4.956806612747061830e-02,2.975821901895386645e+00
6.754400000000000000e+04,8.903744821245015983e-02,3.108451342241778548e+00
6.754500000000000000e+04,9.745602050957181961e-02,3.138748961099800283e+00
6.754600000000000000e+04,7.428724244744361327e-02,3.134509544667224645e+00
6.754700000000000000e+04,9.747984484324478949e-02,3.264908826203722469e+00
6.754800000000000000e+04,8.282153296567917877e-02,3.287866714818250102e+00
6.754900000000000000e+04,5.368640835649467896e-02,3.366770522057663584e+00
6.755000000000000000e+04,6.632288686120324517e-02,3.333172424700158842e+00
6.755100000000000000e+04,8.706291754355126311e-02,3.299898101092999525e+00
6.755200000000000000e+04,1.076644442417484943e-01,3.204367173339313979e+00
6.755300000000000000e+04,1.090312090073486673e-01,3.181030320075201701e+00
6.755400000000000000e+04,1.056461143961222315e-01,3.158142431334148625e+00
6.755500000000000000e+04,6.614118034377436395e-02,3.251206911026848445e+00
6.755600000000000000e+04,3.390224125887793261e-02,3.264647750602989618e+00
6.755700000000000000e+04,5.266922253392809783e-02,3.254059488971790870e+00
6.755800000000000000e+04,7.035012222260064729e-02,3.211008284804556467e+00
6.755900000000000000e+04,1.162104484469608512e-01,3.186973527334707512e+00
6.756000000000000000e+04,2.123751112441258151e-02,3.187247991812128589e+00
6.756100000000000000e+04,5.833597462362216657e-02,3.215980025973394163e+00
6.756200000000000000e+04,7.931996539172393723e-02,3.256571880790176010e+00
6.756300000000000000e+04,9.738215962856014429e-02,3.303438315836224604e+00
6.756400000000000000e+04,1.363706075417526198e-01,3.341896774966436112e+00
6.756500000000000000e+04,1.730934118043959968e-01,3.362116539754644862e+00
6.756600000000000000e+04,2.256668624707496573e-01,3.354595618718484218e+00
6.756700000000000000e+04,2.653444345894380163e-01,3.360492328257585370e+00
6.756800000000000000e+04,2.656555672736504170e-01,3.371076494265146550e+00
6.756900000000000000e+04,2.687310665232191531e-01,3.374704426695970483e+00
6.757000000000000000e+04,2.799134404104263729e-01,3.388996818629379959e+00
6.757100000000000000e+04,3.007642892659433964e-01,3.398576029479457361e+00
6.757200000000000000e+04,3.372817263793999598e-01,3.429360868815706453e+00
6.757300000000000000e+04,2.383097258072895408e-01,3.485037608967743950e+00
6.757400000000000000e+04,1.857287002614496918e-01,3.300865766657864242e+00
6.757500000000000000e+04,1.843581943273568946e-01,3.227949874960984289e+00
6.757600000000000000e+04,2.063351180594316103e-01,3.245572316875403374e+00
6.757700000000000000e+04,2.111721023186005908e-01,3.247321069921561332e+00
6.757800000000000000e+04,2.024458774896372437e-01,3.263849684415021102e+00
6.757900000000000000e+04,1.975249153639243860e-01,3.282741051272175525e+00
6.758000000000000000e+04,2.144766136103119503e-01,3.258951837617416913e+00
6.758100000000000000e+04,2.029802628842539425e-01,3.258007299980327787e+00
6.758200000000000000e+04,1.897119920357105138e-01,3.269297735950758010e+00
6.758300000000000000e+04,1.906298330837183364e-01,3.263339986648894353e+00
6.758400000000000000e+04,2.025301675108119870e-01,3.255462741572571872e+00
6.758500000000000000e+04,1.906184238412549636e-01,3.233759891847441281e+00
6.758600000000000000e+04,1.895320765035655997e-01,3.237560998562415193e+00
6.758700000000000000e+04,1.731045328378009729e-01,3.242339448457684625e+00
6.758800000000000000e+04,1.720120391202649424e-01,3.220021326370641646e+00
6.758900000000000000e+04,1.871155872180721158e-01,3.208628166276255911e+00
6.759000000000000000e+04,1.650074556559987526e-01,3.219748812456145970e+00
6.759100000000000000e+04,1.658385135672342803e-01,3.197415267697756747e+00
6.759200000000000000e+04,1.936909329377621003e-01,3.115662466408082309e+00
6.759300000000000000e+04,2.024398500044821414e-01,3.109940130648524814e+00
6.759400000000000000e+04,1.887893358043661873e-01,3.127206280256388027e+00
6.759500000000000000e+04,1.990938387331987469e-01,3.189160270042449952e+00
6.759600000000000000e+04,2.008635623262420566e-01,3.138077649459852125e+00
6.759700000000000000e+04,1.883677464937860146e-01,3.115008858782992718e+00
6.759800000000000000e+04,1.739839939219587628e-01,3.079575956191320074e+00
6.759900000000000000e+04,1.736307852645967986e-01,3.062001123700724747e+00
6.760000000000000000e+04,3.615562895610787697e-01,2.697030101786189960e+00
6.760100000000000000e+04,3.695405913590212310e-01,2.705900451256731287e+00
6.760200000000000000e+04,3.630786961534812063e-01,2.704692473480328374e+00
6.760300000000000000e+04,3.470216385512107093e-01,2.691907111497265248e+00
6.760400000000000000e+04,3.174898686129225545e-01,2.672899851495614598e+00
6.760500000000000000e+04,3.462820782115897389e-01,2.644178640659760049e+00
6.760600000000000000e+04,3.513554158722872467e-01,2.652247119209611981e+00
6.760700000000000000e+04,3.720255796846195229e-01,2.677233544696854040e+00
6.760800000000000000e+04,3.477821401176255378e-01,2.639327723896137456e+00
6.760900000000000000e+04,3.457736162940145963e-01,2.614216584729888382e+00
6.761000000000000000e+04,3.962104197757758683e-01,2.791533789465901805e+00
6.761100000000000000e+04,3.702322985385677612e-01,2.849978660433869493e+00
6.761200000000000000e+04,3.721000895179579770e-01,2.594309761633475375e+00
6.761300000000000000e+04,3.917072648861846251e-01,2.544366327206695644e+00
6.761400000000000000e+04,3.211721442805428595e-01,2.756934293981650796e+00
6.761500000000000000e+04,2.859260533563101614e-01,2.692994251482112134e+00
6.761600000000000000e+04,2.555661649371535060e-01,2.704087804442885101e+00
6.761700000000000000e+04,2.662077043783583896e-01,2.706929263873441016e+00
6.761800000000000000e+04,2.811345149070064720e-01,2.713536734675464857e+00
6.761900000000000000e+04,3.000833157691978337e-01,2.711109150085945885e+00
6.762000000000000000e+04,2.803820617938505566e-01,2.717947325572893646e+00
6.762100000000000000e+04,2.484729247396309237e-01,2.725617956984912382e+00
6.762200000000000000e+04,3.065758733648358270e-01,2.707810940846556491e+00
6.762300000000000000e+04,3.626536736332547917e-01,2.648888632345531846e+00
6.762400000000000000e+04,3.820047201671152304e-01,2.649442512769063285e+00
6.762500000000000000e+04,3.697047604347141747e-01,2.635491012383852194e+00
6.762600000000000000e+04,3.739479643191443436e-01,2.639898185581529333e+00
6.762700000000000000e+04,3.754170258707408836e-01,2.637700858093822376e+00
6.762800000000000000e+04,3.748984523477811304e-01,2.639600567908608753e+00
6.762900000000000000e+04,3.743855116310089715e-01,2.637570981111039714e+00
6.763000000000000000e+04,3.752041757272982503e-01,2.636741572119255750e+00
6.763100000000000000e+04,3.759881887455622795e-01,2.632399983276073385e+00
6.763200000000000000e+04,3.761406564542406072e-01,2.627212723141937545e+00
6.763300000000000000e+04,3.753840185765121573e-01,2.631103325307655894e+00
6.763400000000000000e+04,3.725286607663507166e-01,2.628190552679633640e+00
6.763500000000000000e+04,3.720996157787114789e-01,2.635689249849100690e+00
6.763600000000000000e+04,3.736742947703080020e-01,2.633613760633473078e+00
6.763700000000000000e+04,3.687837252668006993e-01,2.639702206750534685e+00
6.763800000000000000e+04,3.641089394075460728e-01,2.639925443409993022e+00
6.763900000000000000e+04,3.594060005419619230e-01,2.624067160272190335e+00
6.764000000000000000e+04,3.790442454503718528e-01,2.625397701663139571e+00
6.764100000000000000e+04,3.833008347786616143e-01,2.661715632770714990e+00
6.764200000000000000e+04,3.734568130698238120e-01,2.623045263842186614e+00
6.764300000000000000e+04,3.824640723888065308e-01,2.603646529374046281e+00
6.764400000000000000e+04,4.093669966517717862e-01,2.590243834288969538e+00
6.764500000000000000e+04,3.610599982351788140e-01,2.641985127631414798e+00
6.764600000000000000e+04,3.659573095060401626e-01,2.647513535072967272e+00
6.764700000000000000e+04,3.723141099663738185e-01,2.662870986599116918e+00
6.764800000000000000e+04,3.742319257145099165e-01,2.692493669243930299e+00
6.764900000000000000e+04,3.831596060243600554e-01,2.682871993731026805e+00
6.765000000000000000e+04,3.813386440200834948e-01,2.696534231068504539e+00
6.765100000000000000e+04,3.915159267241702379e-01,2.714562638999623800e+00
6.765200000000000000e+04,4.055297879816784357e-01,2.688170700352067399e+00
6.765300000000000000e+04,4.275644197769489785e-01,2.648110334709258495e+00
6.765400000000000000e+04,4.478429190815734762e-01,2.659325939773275138e+00
6.765500000000000000e+04,4.637425689563999254e-01,2.672078301604138062e+00
6.765600000000000000e+04,4.891237870896095741e-01,2.664232871053329177e+00
6.765700000000000000e+04,5.288648227295915660e-01,2.657726322965196175e+00
6.765800000000000000e+04,5.406292113463213589e-01,2.663365043357565298e+00
6.765900000000000000e+04,5.811444519945969667e-01,2.656914536295438722e+00
6.766000000000000000e+04,5.564292471586205213e-01,2.653314061087719722e+00
6.766100000000000000e+04,5.447305501130057515e-01,2.651268099601637118e+00
6.766200000000000000e+04,5.485292728624832082e-01,2.649278010512347237e+00
6.766300000000000000e+04,5.476212133586411124e-01,2.644930636817029779e+00
6.766400000000000000e+04,5.363193820353175933e-01,2.636647306536637814e+00
6.766500000000000000e+04,5.224053686862292212e-01,2.631214998643919500e+00
6.766600000000000000e+04,5.023579523827230719e-01,2.621911913845416109e+00
6.766700000000000000e+04,4.875778447119941683e-01,2.605814355158287299e+00
6.766800000000000000e+04,6.379280830475816400e-01,2.763292558621330386e+00
6.766900000000000000e+04,6.382511400644044208e-01,2.752267522692427804e+00
6.767000000000000000e+04,6.543859880559212971e-01,2.749560224845595258e+00
6.767100000000000000e+04,6.615078483724313729e-01,2.788835395462001543e+00
6.767200000000000000e+04,6.503312318591708552e-01,2.800601298497710445e+00
6.767300000000000000e+04,6.538699748752037078e-01,2.782656690636230223e+00
6.767400000000000000e+04,6.452240899070611491e-01,2.765945168191137782e+00
6.767500000000000000e+04,6.384040175339728007e-01,2.731381898322702284e+00
6.767600000000000000e+04,6.409344540611862096e-01,2.739297138011849597e+00
6.767700000000000000e+04,7.588393998872038360e-01,2.616689379396831328e+00
6.767800000000000000e+04,7.971148091114038658e-01,2.537725671559059037e+00
6.767900000000000000e+04,8.332203315985966530e-01,2.528225938780302329e+00
6.768000000000000000e+04,8.672040127537006260e-01,2.587481657054702566e+00
6.768100000000000000e+04,8.223562628071486857e-01,2.624932330912407963e+00
6.768200000000000000e+04,8.387373423243426052e-01,2.641458772776793751e+00
6.768300000000000000e+04,8.413262751830388186e-01,2.632795430863247077e+00
6.768400000000000000e+04,8.513840436313417914e-01,2.644748421065820310e+00
6.768500000000000000e+04,8.528268945627112130e-01,2.649965228812725115e+00
6.768600000000000000e+04,8.531256941403898564e-01,2.653217306015747567e+00
6.768700000000000000e+04,7.913712470222680206e-01,2.680216634973774603e+00
6.768800000000000000e+04,8.001360756344968461e-01,2.705764345815168781e+00
6.768900000000000000e+04,8.150244742537670062e-01,2.706675839872090705e+00
6.769000000000000000e+04,8.194044996501043121e-01,2.667213989250704742e+00
6.769100000000000000e+04,8.188731452649344877e-01,2.658789177267109949e+00
6.769200000000000000e+04,8.045070145409636275e-01,2.631478858991101788e+00
6.769300000000000000e+04,8.114646472390818488e-01,2.623023036298803845e+00
6.769400000000000000e+04,8.066689722266473517e-01,2.617211054988779040e+00
6.769500000000000000e+04,7.706722931779697028e-01,2.574300527387521242e+00
6.769600000000000000e+04,7.415938697632046273e-01,2.552741168950163342e+00
6.769700000000000000e+04,7.473007694892670472e-01,2.557748197409409840e+00
6.769800000000000000e+04,7.685922097673690834e-01,2.541073770470731574e+00
6.769900000000000000e+04,7.885448653566996535e-01,2.501148089472202685e+00
6.770000000000000000e+04,7.952113311287887232e-01,2.500478179536010259e+00
6.770100000000000000e+04,7.543289597338490582e-01,2.528179212427275502e+00
6.770200000000000000e+04,6.376299449395328445e-01,2.435678556656903027e+00
6.770300000000000000e+04,5.386673066345105676e-01,2.538380186536997485e+00
6.770400000000000000e+04,5.913383947833866783e-01,2.411133527190003178e+00
6.770500000000000000e+04,6.769859742665359503e-01,2.383316401750654734e+00
6.770600000000000000e+04,6.290223177086844419e-01,2.410235679185092295e+00
6.770700000000000000e+04,6.498685445190077736e-01,2.554347577125540170e+00
6.770800000000000000e+04,6.627558161523025015e-01,2.588798340726292224e+00
6.770900000000000000e+04,6.429270056857459004e-01,2.612154906496179763e+00
6.771000000000000000e+04,6.340330265498395068e-01,2.616954514303728274e+00
6.771100000000000000e+04,6.118416743690004989e-01,2.603534363751293768e+00
6.771200000000000000e+04,6.224318594810032135e-01,2.592020225990530946e+00
6.771300000000000000e+04,6.250698054074677046e-01,2.590509082908596383e+00
6.771400000000000000e+04,6.235452789490527614e-01,2.585182684205129533e+00
6.771500000000000000e+04,6.240639792123264806e-01,2.581841579553724841e+00
6.771600000000000000e+04,6.280538654078242633e-01,2.580054821624855776e+00
6.771700000000000000e+04,6.271527803467962237e-01,2.574237479302674103e+00
6.771800000000000000e+04,6.232077654987524529e-01,2.566556499225086441e+00
6.771900000000000000e+04,6.235480993361095514e-01,2.567523042453011328e+00
6.772000000000000000e+04,6.221527439848025809e-01,2.561760599752695100e+00
6.772100000000000000e+04,6.225705010687728747e-01,2.557127389428345055e+00
6.772200000000000000e+04,6.202888889852837817e-01,2.553589626550518688e+00
6.772300000000000000e+04,6.144695291969575202e-01,2.539533126666896123e+00
6.772400000000000000e+04,6.178065715167542216e-01,2.535574635357171758e+00
6.772500000000000000e+04,6.040220177616413277e-01,2.528157042559470824e+00
6.772600000000000000e+04,5.520996099319251949e-01,2.481756031176495014e+00
6.772700000000000000e+04,5.818431529810882408e-01,2.302462455484636905e+00
6.772800000000000000e+04,5.923181064028648635e-01,2.287183918802078608e+00
6.772900000000000000e+04,5.851908041111653080e-01,2.353407162300889865e+00
6.773000000000000000e+04,5.891531828902828449e-01,2.365217675919026874e+00
6.773100000000000000e+04,6.025189079060015995e-01,2.346168232828958367e+00
6.773200000000000000e+04,6.005342823516499617e-01,2.325823301731482218e+00
6.773300000000000000e+04,6.060470081045479240e-01,2.315324882441650800e+00
6.773400000000000000e+04,6.649988007659706213e-01,2.297795291653606853e+00
6.773500000000000000e+04,7.069953288787117485e-01,2.287425709765756210e+00
6.773600000000000000e+04,7.621099417223120565e-01,2.281685389709373624e+00
6.773700000000000000e+04,7.923747912235390434e-01,2.280646677871757788e+00
6.773800000000000000e+04,8.214111006361501932e-01,2.288827404207694372e+00
6.773900000000000000e+04,8.501900644294083653e-01,2.288472525309593664e+00
6.774000000000000000e+04,8.991755357424289219e-01,2.261035468083754552e+00
6.774100000000000000e+04,9.295083178737293395e-01,2.285817126878313843e+00
6.774200000000000000e+04,9.443708383043115662e-01,2.275427991608118816e+00
6.774300000000000000e+04,9.305141413708580833e-01,2.276696443795067637e+00
6.774400000000000000e+04,9.219491575864142696e-01,2.276395644323798706e+00
6.774500000000000000e+04,9.216937037769216134e-01,2.286190705703994297e+00
6.774600000000000000e+04,9.217164663870329733e-01,2.288174915214412408e+00
6.774700000000000000e+04,9.193475301148741341e-01,2.289738983192691535e+00
6.774800000000000000e+04,9.149758974361947850e-01,2.290887682591176144e+00
6.774900000000000000e+04,9.116366272162179651e-01,2.291670013168271680e+00
6.775000000000000000e+04,9.101459985339072079e-01,2.290593332955829453e+00
6.775100000000000000e+04,9.055530071975486095e-01,2.289176861986973677e+00
6.775200000000000000e+04,9.040326479852727193e-01,2.287888786218694293e+00
6.775300000000000000e+04,9.053073733839731574e-01,2.288077386202324703e+00
6.775400000000000000e+04,9.064802022072446785e-01,2.288541317013724097e+00
6.775500000000000000e+04,9.070167485510468586e-01,2.289342643376990338e+00
6.775600000000000000e+04,8.133827844146891417e-01,2.355380056565998359e+00
6.775700000000000000e+04,8.122726158303279487e-01,2.354375914312257123e+00
6.775800000000000000e+04,8.038428854665707890e-01,2.355420701597289224e+00
6.775900000000000000e+04,8.059703297620430806e-01,2.351100023936197658e+00
6.776000000000000000e+04,8.015147749666583499e-01,2.344305861146310122e+00
6.776100000000000000e+04,8.007427597146482556e-01,2.343084215235087697e+00
6.776200000000000000e+04,7.829711461352297786e-01,2.317586248083799205e+00
6.776300000000000000e+04,7.804798268871243616e-01,2.300067185127126379e+00
6.776400000000000000e+04,7.801120510328762858e-01,2.328832103398163156e+00
6.776500000000000000e+04,7.971075007474578422e-01,2.323839891367953214e+00
6.776600000000000000e+04,8.137340713507266177e-01,2.332882393098081764e+00
6.776700000000000000e+04,8.027253638089845156e-01,2.346481149448443659e+00
6.776800000000000000e+04,7.602157707871435299e-01,2.333597355765022030e+00
6.776900000000000000e+04,7.492459536724325186e-01,2.356641959926548680e+00
6.777000000000000000e+04,7.514990113715678266e-01,2.306932555844461774e+00
6.777100000000000000e+04,7.664215058257473068e-01,2.345398890694987415e+00
6.777200000000000000e+04,7.952274229781858272e-01,2.403408157311396565e+00
6.777300000000000000e+04,7.991469173282774729e-01,2.425840647956803764e+00
6.777400000000000000e+04,8.129147902503817136e-01,2.444592487075013310e+00
6.777500000000000000e+04,8.472023463861110271e-01,2.506728265621610774e+00
6.777600000000000000e+04,8.462171732659818923e-01,2.438469847938847579e+00
6.777700000000000000e+04,8.372820255515420751e-01,2.444168881486483258e+00
6.777800000000000000e+04,8.246929657061323748e-01,2.452853724019206538e+00
6.777900000000000000e+04,8.180848521598679257e-01,2.420229560925669432e+00
6.778000000000000000e+04,8.325083304228013681e-01,2.408476555820044496e+00
6.778100000000000000e+04,8.147307923433029231e-01,2.422582427402929284e+00
6.778200000000000000e+04,8.043857543204322447e-01,2.421127962942904333e+00
6.778300000000000000e+04,7.651646300259685729e-01,2.430326278663116568e+00
6.778400000000000000e+04,7.858679026931456590e-01,2.348680742350516937e+00
6.778500000000000000e+04,7.914393716966359182e-01,2.332785203959545584e+00
6.778600000000000000e+04,7.907135759623503679e-01,2.309673268246427824e+00
6.778700000000000000e+04,8.000240738211014113e-01,2.328663236877559939e+00
6.778800000000000000e+04,7.958039606637301588e-01,2.321857229659762822e+00
6.778900000000000000e+04,7.855821336249352305e-01,2.330011321735717900e+00
6.779000000000000000e+04,7.982886652908781633e-01,2.298124829006816583e+00
6.779100000000000000e+04,7.870871649802596570e-01,2.334314258108982187e+00
6.779200000000000000e+04,7.869612654229709570e-01,2.358063484698682544e+00
6.779300000000000000e+04,7.958567193665169182e-01,2.372802271475094926e+00
6.779400000000000000e+04,7.851341438861130229e-01,2.367615362212760033e+00
6.779500000000000000e+04,7.778516639762509399e-01,2.391447774489037670e+00
6.779600000000000000e+04,7.944486220173805346e-01,2.375615877511471297e+00
6.779700000000000000e+04,7.842138204440899374e-01,2.400274056066656669e+00
6.779800000000000000e+04,7.819882057049500901e-01,2.415126557081620717e+00
6.779900000000000000e+04,7.852651327242896606e-01,2.420003684811391054e+00
6.780000000000000000e+04,7.852396279696823855e-01,2.422694649908997633e+00
6.780100000000000000e+04,7.892006595475816733e-01,2.471522445511141086e+00
6.780200000000000000e+04,7.845048584897525989e-01,2.476479071384197539e+00
6.780300000000000000e+04,8.231852445046833333e-01,2.478990717934877352e+00
6.780400000000000000e+04,8.503512946295176400e-01,2.503814235004711009e+00
6.780500000000000000e+04,8.321819878239624657e-01,2.512518718075185120e+00
6.780600000000000000e+04,8.232371868622755384e-01,2.537872968211544844e+00
6.780700000000000000e+04,8.219515148879616984e-01,2.586931663857676256e+00
6.780800000000000000e+04,9.047823870141105118e-01,2.680996305167262506e+00
6.780900000000000000e+04,9.214078038040544039e-01,2.710506891379729666e+00
6.781000000000000000e+04,8.465710690729008059e-01,2.834707765565099180e+00
6.781100000000000000e+04,8.206379538778018068e-01,2.921342280335146313e+00
6.781200000000000000e+04,8.207507795415932561e-01,3.014517071355719224e+00
6.781300000000000000e+04,8.359450182907981475e-01,3.098288710631656784e+00
6.781400000000000000e+04,8.028311768890431521e-01,3.150627050605990576e+00
6.781500000000000000e+04,7.906979648678510442e-01,3.195064821929754828e+00
6.781600000000000000e+04,7.704486424228766950e-01,3.207767728823391451e+00
6.781700000000000000e+04,7.689266700152594947e-01,3.238527167578105548e+00
6.781800000000000000e+04,7.614200131010304684e-01,3.258758644135646421e+00
6.781900000000000000e+04,7.561539768130552952e-01,3.266372428638035785e+00
6.782000000000000000e+04,7.332354897654892456e-01,3.215138594727982024e+00
6.782100000000000000e+04,7.305440652588059969e-01,3.119256421536434232e+00
6.782200000000000000e+04,7.420257135581931340e-01,3.117426857870583490e+00
6.782300000000000000e+04,7.448948064473162045e-01,3.147472418725143939e+00
6.782400000000000000e+04,7.502383297823390640e-01,3.171759544072884296e+00
6.782500000000000000e+04,7.385081518437981440e-01,3.198821375992920935e+00
6.782600000000000000e+04,7.492596146855066142e-01,3.295008054452381430e+00
6.782700000000000000e+04,7.742074622115812099e-01,3.402125941933576314e+00
6.782800000000000000e+04,7.908748741343296640e-01,3.482248091868974882e+00
6.782900000000000000e+04,8.074192874738824743e-01,3.589171052356078917e+00
6.783000000000000000e+04,7.982649170754420043e-01,3.682926926142698676e+00
6.783100000000000000e+04,7.947115331343328481e-01,3.766842927356911730e+00
6.783200000000000000e+04,8.023072650062228472e-01,3.862361767147717728e+00
6.783300000000000000e+04,7.705530495777593858e-01,3.926991141107500027e+00
6.783400000000000000e+04,6.883581008938725043e-01,3.952377662429078953e+00
6.783500000000000000e+04,6.403481718699962633e-01,4.014473463380461737e+00
6.783600000000000000e+04,6.161053286993716238e-01,4.059439436534177048e+00
6.783700000000000000e+04,5.578712133485491664e-01,4.096550148639444444e+00
6.783800000000000000e+04,4.968506863381766392e-01,4.059254291855737051e+00
6.783900000000000000e+04,5.146107455875249537e-01,3.968164678903320919e+00
6.784000000000000000e+04,4.634954391630154991e-01,3.876606599220302485e+00
6.784100000000000000e+04,4.294554616857937934e-01,3.629715335508876706e+00
6.784200000000000000e+04,4.168818689522107435e-01,3.530696574815515021e+00
6.784300000000000000e+04,4.521741625950737031e-01,3.497942779689395820e+00
6.784400000000000000e+04,4.808046365110035802e-01,3.503485795063888020e+00
6.784500000000000000e+04,4.787296611265215995e-01,3.502221565634044964e+00
6.784600000000000000e+04,4.887621557942938844e-01,3.466508741804091187e+00
6.784700000000000000e+04,4.902874894837251363e-01,3.439804440759587578e+00
6.784800000000000000e+04,4.664297099341586650e-01,3.390536148660139304e+00
6.784900000000000000e+04,4.707134372468212424e-01,3.321339640840754726e+00
6.785000000000000000e+04,5.235578580727876519e-01,3.325549850988174683e+00
6.785100000000000000e+04,5.862404294955537720e-01,3.323280501656448394e+00
6.785200000000000000e+04,5.901993509730577570e-01,3.310782916663569608e+00
6.785300000000000000e+04,5.841029383017464216e-01,3.275680940480235392e+00
6.785400000000000000e+04,5.730839670794454221e-01,3.262732893540650991e+00
6.785500000000000000e+04,5.641336535772589755e-01,3.255129409829692122e+00
6.785600000000000000e+04,5.362845648372325247e-01,3.238866574518567631e+00
6.785700000000000000e+04,5.146132742148155081e-01,3.216801554508101901e+00
6.785800000000000000e+04,5.408178866292453479e-01,3.221191957166183784e+00
6.785900000000000000e+04,4.203685588333445078e-01,3.157636316638651408e+00
6.786000000000000000e+04,3.476945609142182425e-01,3.133492719720408104e+00
6.786100000000000000e+04,3.256956663378346994e-01,3.150501846569007114e+00
6.786200000000000000e+04,2.942115545262674603e-01,3.158122777608511456e+00
6.786300000000000000e+04,2.723067078516906991e-01,3.149896279444895697e+00
6.786400000000000000e+04,2.746042615729104575e-01,3.122321244650017036e+00
6.786500000000000000e+04,2.960809983088406594e-01,3.104005436263470585e+00
6.786600000000000000e+04,3.141057701134246094e-01,3.092808979475329068e+00
6.786700000000000000e+04,3.247700342977344334e-01,3.082879543749484696e+00
6.786800000000000000e+04,3.318052870487220862e-01,3.071603224741849658e+00
6.786900000000000000e+04,3.387318504222495696e-01,3.059611189749340099e+00
6.787000000000000000e+04,3.435112455640856322e-01,3.046419989695344555e+00
6.787100000000000000e+04,8.226897420417950135e-02,3.228685709137558035e+00
6.787200000000000000e+04,6.150395592997916216e-02,3.217994512910053118e+00
6.787300000000000000e+04,6.770655682686001209e-02,3.216167824955341814e+00
6.787400000000000000e+04,6.645915858270666499e-02,3.217333417252312699e+00
6.787500000000000000e+04,7.540434037123172617e-02,3.217518387153809556e+00
6.787600000000000000e+04,7.685671189942107351e-02,3.205297440309081480e+00
6.787700000000000000e+04,7.543390825916698739e-02,3.206244242754564766e+00
6.787800000000000000e+04,7.291931625846173604e-02,3.207675296218575056e+00
6.787900000000000000e+04,7.108320006873387886e-02,3.203027410423914034e+00
6.788000000000000000e+04,7.385979466402885218e-02,3.203229954387403211e+00
6.788100000000000000e+04,7.116402159435863961e-02,3.200331390961103750e+00
6.788200000000000000e+04,7.120801528144905801e-02,3.195595028143387140e+00
6.788300000000000000e+04,7.362928737898433162e-02,3.189369536863068788e+00
6.788400000000000000e+04,6.275192328466910885e-02,3.184715046169635855e+00
6.788500000000000000e+04,6.566387221526898132e-02,3.190483216494378382e+00
6.788600000000000000e+04,6.206847460460985372e-02,3.182084641035622496e+00
6.788700000000000000e+04,6.368567613091932755e-02,3.178026004815926342e+00
6.788800000000000000e+04,5.555893927759687767e-02,3.165824658743069620e+00
6.788900000000000000e+04,5.215980906282352558e-02,3.161984182676320643e+00
6.789000000000000000e+04,5.173456571123279807e-02,3.163226614069571951e+00
6.789100000000000000e+04,7.226268108235413268e-02,3.208135452820577882e+00
6.789200000000000000e+04,7.246787478121755055e-02,3.214186255152881699e+00
6.789300000000000000e+04,6.450937257389126323e-02,3.208496144382756654e+00
6.789400000000000000e+04,5.348967545879947105e-02,3.196861065936595026e+00
6.789500000000000000e+04,4.188907160725621054e-02,3.178973621012602280e+00
6.789600000000000000e+04,3.659398465270904954e-02,3.183666318266851647e+00
6.789700000000000000e+04,2.894607398974594764e-02,3.182916694302058147e+00
6.789800000000000000e+04,1.804924889752508241e-02,3.192185741249367936e+00
6.789900000000000000e+04,1.041381117909262986e-02,3.207935496292364519e+00
6.790000000000000000e+04,2.038456068279015029e-02,3.194901561319959171e+00
6.790100000000000000e+04,4.680575578676256926e-02,3.186091930680163387e+00
6.790200000000000000e+04,4.558773581100410144e-02,3.193331942817138724e+00
6.790300000000000000e+04,5.480467967046601802e-02,3.187843151829007127e+00
6.790400000000000000e+04,1.649084015417146554e-01,3.388781094663549709e+00
6.790500000000000000e+04,1.508102908194022818e-01,3.406205777792180811e+00
6.790600000000000000e+04,1.539869111554308112e-01,3.405829662474552322e+00
6.790700000000000000e+04,1.564631975713282885e-01,3.438707822351922516e+00
6.790800000000000000e+04,1.662385438727012332e-01,3.459382509467047839e+00
6.790900000000000000e+04,1.796936167822087982e-01,3.482548818646236555e+00
6.791000000000000000e+04,1.925979507284271974e-01,3.497977886274775017e+00
6.791100000000000000e+04,1.843630633861865209e-01,3.519485744786528869e+00
6.791200000000000000e+04,1.704034678836602867e-01,3.540446200871357973e+00
6.791300000000000000e+04,1.708509506528202715e-01,3.552022862830625627e+00
6.791400000000000000e+04,1.853579353960686793e-01,3.562121332109924765e+00
6.791500000000000000e+04,1.911140887540260791e-01,3.585325353082865263e+00
6.791600000000000000e+04,2.217797145764160982e-01,3.598193080611125083e+00
6.791700000000000000e+04,2.123520999461804837e-01,3.622489211861172009e+00
6.791800000000000000e+04,2.230885364098433021e-01,3.632247211450902569e+00
6.791900000000000000e+04,2.264738745248023599e-01,3.629563197011592024e+00
6.792000000000000000e+04,2.667014655890029284e-01,3.618128901748484338e+00
6.792100000000000000e+04,2.881843208659478073e-01,3.620411207276177379e+00
6.792200000000000000e+04,2.904161114240071395e-01,3.621976245124621130e+00
6.792300000000000000e+04,2.835726265974080063e-01,3.611888733133852725e+00
6.792400000000000000e+04,2.835126963499661201e-01,3.609865193746934153e+00
6.792500000000000000e+04,2.836697722919666598e-01,3.604606951764374401e+00
6.792600000000000000e+04,2.839321314141696195e-01,3.597198523953437643e+00
6.792700000000000000e+04,2.822124308497679368e-01,3.589798578930896156e+00
6.792800000000000000e+04,2.821052934943064083e-01,3.585781949218457498e+00
6.792900000000000000e+04,2.806403604305240385e-01,3.576566392103003977e+00
6.793000000000000000e+04,2.809634032704920736e-01,3.569053123887172774e+00
6.793100000000000000e+04,3.183630157935287697e-01,3.873573070081867797e+00
6.793200000000000000e+04,3.157369541232833976e-01,3.887742388541973071e+00
6.793300000000000000e+04,2.960845404502706057e-01,3.866364966171630613e+00
6.793400000000000000e+04,2.886525674355326920e-01,3.915028136132733039e+00
6.793500000000000000e+04,3.116122182861769674e-01,3.888109005255515171e+00
6.793600000000000000e+04,3.265662753366187498e-01,3.894652878119913453e+00
6.793700000000000000e+04,3.407950205597068405e-01,3.901696422101849748e+00
6.793800000000000000e+04,3.402201835791233142e-01,3.916771740142138469e+00
6.793900000000000000e+04,3.283249238878708787e-01,3.943694659799007241e+00
6.794000000000000000e+04,3.143741565284714490e-01,3.961616874943359790e+00
6.794100000000000000e+04,3.188413564787210830e-01,3.981715775209465846e+00
6.794200000000000000e+04,3.555889073298317271e-01,3.998865298484339803e+00
6.794300000000000000e+04,3.600050127860093818e-01,4.000839435473430683e+00
6.794400000000000000e+04,3.692971596672012802e-01,3.974852662937813363e+00
6.794500000000000000e+04,3.705229532629104594e-01,3.979242503091931837e+00
6.794600000000000000e+04,3.791709848027741692e-01,3.944119283074947191e+00
6.794700000000000000e+04,4.131760923230345939e-01,3.907710938989666261e+00
6.794800000000000000e+04,4.386209381670142515e-01,3.940675206851388168e+00
6.794900000000000000e+04,4.609073174128365258e-01,3.903763164390404938e+00
6.795000000000000000e+04,4.553200539175571993e-01,3.870837295510177967e+00
6.795100000000000000e+04,4.529118014564733063e-01,3.870728551553874297e+00
6.795200000000000000e+04,4.717326711935115879e-01,3.937866951768192791e+00
6.795300000000000000e+04,4.847034168614522964e-01,3.969833688710693309e+00
6.795400000000000000e+04,4.941502197483788050e-01,4.013051202480419022e+00
6.795500000000000000e+04,5.244442737538876909e-01,4.053616314367054940e+00
6.795600000000000000e+04,5.169752687861547402e-01,4.117799741904448751e+00
6.795700000000000000e+04,5.684661030718812791e-01,4.131669113643447133e+00
6.795800000000000000e+04,4.918125640321584502e-01,3.927832442221088627e+00
6.795900000000000000e+04,4.367177764867584688e-01,3.915395959209341470e+00
6.796000000000000000e+04,3.922888763205292229e-01,3.937226016692811470e+00
6.796100000000000000e+04,3.973157403552897149e-01,3.921572456871402323e+00
6.796200000000000000e+04,3.895448787524291578e-01,3.921853578708848431e+00
6.796300000000000000e+04,4.313535372225831277e-01,3.903334976949992097e+00
6.796400000000000000e+04,3.285944032557057137e-01,3.895236250563364422e+00
6.796500000000000000e+04,3.176301897514592909e-01,3.880855745671858870e+00
6.796600000000000000e+04,3.134747408453940620e-01,3.877067597744826344e+00
6.796700000000000000e+04,2.965232813802467504e-01,3.848265887462744672e+00
6.796800000000000000e+04,2.882260048626232307e-01,3.838683319822465023e+00
6.796900000000000000e+04,2.759343874995333623e-01,3.829733245143650322e+00
6.797000000000000000e+04,2.781708601844574136e-01,3.825335027830824686e+00
6.797100000000000000e+04,2.799873730916229153e-01,3.819162167149784182e+00
6.797200000000000000e+04,2.788957110090998226e-01,3.815046543309073002e+00
6.797300000000000000e+04,2.738326230599823496e-01,3.811558807317226183e+00
6.797400000000000000e+04,2.732433211589445077e-01,3.808236112400962270e+00
6.797500000000000000e+04,2.729772951146490212e-01,3.802732685291871917e+00
6.797600000000000000e+04,2.732738799185919221e-01,3.795555255338371126e+00
6.797700000000000000e+04,2.723544825775224831e-01,3.791679746984200960e+00
6.797800000000000000e+04,2.708490608765166119e-01,3.786705811733163785e+00
6.797900000000000000e+04,2.676255108210802702e-01,3.781575697650858103e+00
6.798000000000000000e+04,2.627624797656139544e-01,3.780027024746573261e+00
6.798100000000000000e+04,2.609058982089338397e-01,3.773192400402876956e+00
6.798200000000000000e+04,2.648206388412344681e-01,3.762536322578604597e+00
6.798300000000000000e+04,2.590693390982525823e-01,3.767152669449515656e+00
6.798400000000000000e+04,2.504940839252151608e-01,3.767629891578600621e+00
6.798500000000000000e+04,2.417401036218786992e-01,3.770194619557507565e+00
6.798600000000000000e+04,2.349590832641748062e-01,3.773024987006131425e+00
6.798700000000000000e+04,2.286660745880917112e-01,3.774423674932904760e+00
6.798800000000000000e+04,2.228798238714271296e-01,3.777686394785263246e+00
6.798900000000000000e+04,2.218293267985865513e-01,3.779675495660761442e+00
6.799000000000000000e+04,2.198523079758164245e-01,3.782564118997427727e+00
6.799100000000000000e+04,2.191949145669976617e-01,3.780991067834698072e+00
6.799200000000000000e+04,2.175855453655050897e-01,3.781909270338971396e+00
6.799300000000000000e+04,2.137630550078336023e-01,3.776693978535590190e+00
6.799400000000000000e+04,2.098217916408544326e-01,3.774327792460681508e+00
6.799500000000000000e+04,2.047585537528557043e-01,3.768022255173320900e+00
6.799600000000000000e+04,2.012483899048442826e-01,3.760788777230096969e+00
6.799700000000000000e+04,1.964865411377940130e-01,3.755823225189331538e+00
6.799800000000000000e+04,1.940805283686046490e-01,3.746076678357241008e+00
6.799900000000000000e+04,1.894106530816475065e-01,3.737516367863719324e+00
6.800000000000000000e+04,1.890941583053469544e-01,3.730905503925420419e+00
6.800100000000000000e+04,1.877376989148659414e-01,3.728958184878059967e+00
6.800200000000000000e+04,1.881136269008936990e-01,3.723698856537296820e+00
6.800300000000000000e+04,2.713778431680838876e-01,3.085215232232442872e+00
6.800400000000000000e+04,2.708261177215522952e-01,3.087611055953011885e+00
6.800500000000000000e+04,2.698819154892847516e-01,3.085217144845834980e+00
6.800600000000000000e+04,2.659741114106581317e-01,3.088146834508862071e+00
6.800700000000000000e+04,2.671094795387320420e-01,3.088572948342182656e+00
6.800800000000000000e+04,2.638102275928531082e-01,3.088661536505476590e+00
6.800900000000000000e+04,2.662865409795248106e-01,3.083358501201082902e+00
6.801000000000000000e+04,2.689088424518502052e-01,3.063948674339563638e+00
6.801100000000000000e+04,2.735121546741535181e-01,3.051181570129536169e+00
6.801200000000000000e+04,2.727930881873070756e-01,3.042628872466103473e+00
6.801300000000000000e+04,2.723435377746720731e-01,3.034644800400151610e+00
6.801400000000000000e+04,2.724667952926485559e-01,3.025611199197456358e+00
6.801500000000000000e+04,2.713813404468580770e-01,3.017697098109323406e+00
6.801600000000000000e+04,2.690775303296640275e-01,3.010141933433153838e+00
6.801700000000000000e+04,2.675151253973620524e-01,2.990896502800360679e+00
6.801800000000000000e+04,2.648549864271154686e-01,2.988076312054268158e+00
6.801900000000000000e+04,2.652835068776585592e-01,2.988947864721019698e+00
6.802000000000000000e+04,2.629238637154585612e-01,2.988280394036770815e+00
6.802100000000000000e+04,2.611625257375742026e-01,2.993013699725693755e+00
6.802200000000000000e+04,2.636037186788761644e-01,2.998214023009587947e+00
6.802300000000000000e+04,2.622428805337261304e-01,2.997623671611165719e+00
6.802400000000000000e+04,2.639200467379027026e-01,2.992852248306199670e+00
6.802500000000000000e+04,2.664440794409133617e-01,2.996969746123035350e+00
6.802600000000000000e+04,2.667018208488592390e-01,2.998481240029164496e+00
6.802700000000000000e+04,2.657178005311344182e-01,2.997664973796780430e+00
6.802800000000000000e+04,2.646886999005850782e-01,2.999124860175832907e+00
6.802900000000000000e+04,2.653202441492328312e-01,2.997443568726751550e+00
6.803000000000000000e+04,2.628673186549518315e-01,2.990068640325134197e+00
6.803100000000000000e+04,2.627736084434458275e-01,2.982410898159059798e+00
6.803200000000000000e+04,2.606351910104380276e-01,2.985231977643401535e+00
6.803300000000000000e+04,2.621089288470868084e-01,3.000875302871065742e+00
6.803400000000000000e+04,2.540562504230819418e-01,3.045211397844553858e+00
6.803500000000000000e+04,2.577232884788950851e-01,3.045219850738320133e+00
6.803600000000000000e+04,2.605601152654125063e-01,3.040728956250546844e+00
6.803700000000000000e+04,2.642436592998348432e-01,3.081943229608455681e+00
6.803800000000000000e+04,2.618253000934580577e-01,3.050074476841480475e+00
6.803900000000000000e+04,2.520264957435711106e-01,3.075688444566090141e+00
6.804000000000000000e+04,2.582890474956430205e-01,3.049680302715337632e+00
6.804100000000000000e+04,2.987894667908153057e-01,3.023229217549719294e+00
6.804200000000000000e+04,3.225507108874281492e-01,3.018368225980879060e+00
6.804300000000000000e+04,3.028611257528726619e-01,3.036054374993781835e+00
6.804400000000000000e+04,2.783204810522892925e-01,3.053458546811157248e+00
6.804500000000000000e+04,2.730140421693408315e-01,3.045111382102433595e+00
6.804600000000000000e+04,2.954425035676151445e-01,3.059479801475305294e+00
6.804700000000000000e+04,3.108906436245421068e-01,3.029909794641085341e+00
6.804800000000000000e+04,3.076279057632590463e-01,2.997513446027845418e+00
6.804900000000000000e+04,3.202192328681872091e-01,2.903448306460234107e+00
6.805000000000000000e+04,3.318717262826668124e-01,2.801595537708898576e+00
6.805100000000000000e+04,3.335214704646203843e-01,2.591564321638685442e+00
6.805200000000000000e+04,3.973861160644683865e-01,2.468787074698255424e+00
6.805300000000000000e+04,4.712775962328996648e-01,2.318018239591523866e+00
6.805400000000000000e+04,5.400885025335923073e-01,2.149358993895013725e+00
6.805500000000000000e+04,6.231373378999865986e-01,1.998761678522754437e+00
6.805600000000000000e+04,6.324010619312637749e-01,1.886811149828261591e+00
6.805700000000000000e+04,7.382179255032327303e-01,1.728130775009113052e+00
6.805800000000000000e+04,8.231513643429626548e-01,1.592500500362845628e+00
6.805900000000000000e+04,8.828593551340437884e-01,1.488394556985397799e+00
6.806000000000000000e+04,9.290660300642519243e-01,1.392498144923571601e+00
6.806100000000000000e+04,9.618614470165981478e-01,1.345026085169394037e+00
6.806200000000000000e+04,1.000221179434803043e+00,1.257187826744448955e+00
6.806300000000000000e+04,1.014371936291494691e+00,1.186993990834416479e+00
6.806400000000000000e+04,9.917199126744050686e-01,1.147070271138744602e+00
6.806500000000000000e+04,1.042296886707726689e+00,1.096904406848999258e+00
6.806600000000000000e+04,1.057165432865613486e+00,1.105782623256736485e+00
6.806700000000000000e+04,1.086054875447088897e+00,1.118856651965337790e+00
6.806800000000000000e+04,1.075205034644198587e+00,1.135133155386192527e+00
6.806900000000000000e+04,1.090889861863139298e+00,1.135023928828367445e+00
6.807000000000000000e+04,1.139982325371371452e+00,1.116609945098261392e+00
6.807100000000000000e+04,1.153897468747066890e+00,1.091010904054222408e+00
6.807200000000000000e+04,1.173865851479339195e+00,1.081375913138643341e+00
6.807300000000000000e+04,1.195499446475828620e+00,1.080357938349543190e+00
6.807400000000000000e+04,1.219165584830957494e+00,1.089320461527407247e+00
6.807500000000000000e+04,1.236882729682256432e+00,1.096089210074879361e+00
6.807600000000000000e+04,1.245376223171810848e+00,1.101064205961691300e+00
6.807700000000000000e+04,1.252516637556818635e+00,1.108013404128897150e+00
6.807800000000000000e+04,1.257171351969646134e+00,1.109322397250515735e+00
6.807900000000000000e+04,1.261323324098318599e+00,1.111361365488754416e+00
6.808000000000000000e+04,1.268301819752386095e+00,1.115107971713698021e+00
6.808100000000000000e+04,1.275922171823778761e+00,1.116047574393434161e+00
6.808200000000000000e+04,1.282987874460415956e+00,1.114982656510171921e+00
6.808300000000000000e+04,1.297329036954116166e+00,1.123358153896255374e+00
6.808400000000000000e+04,1.306549593925321995e+00,1.126700382465877226e+00
6.808500000000000000e+04,1.314610333493629435e+00,1.129789235041450013e+00
6.808600000000000000e+04,1.320613249948603185e+00,1.135166786050085364e+00
6.808700000000000000e+04,1.317009736625232463e+00,1.128848028822218907e+00
6.808800000000000000e+04,1.329080473967778397e+00,1.120275538451707575e+00
6.808900000000000000e+04,1.349884703322233870e+00,1.056598339727464975e+00
6.809000000000000000e+04,1.295796851236203917e+00,1.312780903097753082e+00
6.809100000000000000e+04,1.260363013216351913e+00,1.381556574410481630e+00
6.809200000000000000e+04,1.230064384344681905e+00,1.429126929730628603e+00
6.809300000000000000e+04,1.173011233948725529e+00,1.438958921020613957e+00
6.809400000000000000e+04,1.163809925341655171e+00,1.476488369764069830e+00
6.809500000000000000e+04,1.111410209007584360e+00,1.512209119591084061e+00
6.809600000000000000e+04,9.924921221878633126e-01,1.537317972333440252e+00
6.809700000000000000e+04,1.012366391391633424e+00,1.566744605330221418e+00
6.809800000000000000e+04,9.868711895458747163e-01,1.612561323541186198e+00
6.809900000000000000e+04,1.004512668197955483e+00,1.616163355624600229e+00
6.810000000000000000e+04,1.063338119599245069e+00,1.606335051114719192e+00
6.810100000000000000e+04,1.073938083255981057e+00,1.604741038395459896e+00
6.810200000000000000e+04,1.097339054812242143e+00,1.590329268000665763e+00
6.810300000000000000e+04,1.098419638812407007e+00,1.558833190191009521e+00
6.810400000000000000e+04,1.085466748602483822e+00,1.546516867519812877e+00
6.810500000000000000e+04,1.065329267872814123e+00,1.532100243150388508e+00
6.810600000000000000e+04,1.056973477189677491e+00,1.511372871307969490e+00
6.810700000000000000e+04,1.075450471539559416e+00,1.541956077091469979e+00
6.810800000000000000e+04,1.107840869351874868e+00,1.859742048632540445e+00
6.810900000000000000e+04,1.133320520565836986e+00,2.277045948197176983e+00
6.811000000000000000e+04,1.150925089581715133e+00,2.220518377392338039e+00
6.811100000000000000e+04,1.013669066427656196e+00,2.061920733489337465e+00
6.811200000000000000e+04,9.563388035928764852e-01,1.927831866548942230e+00
6.811300000000000000e+04,9.695312003278472313e-01,1.941442909402390171e+00
6.811400000000000000e+04,9.420939765089051399e-01,2.019573300686900552e+00
6.811500000000000000e+04,9.097172830032725921e-01,2.049309978659053399e+00
6.811600000000000000e+04,8.899943265331705655e-01,2.049295145298707155e+00
6.811700000000000000e+04,8.741550601171722557e-01,2.062938807699786992e+00
6.811800000000000000e+04,8.604605703396824845e-01,2.076226188765062375e+00
6.811900000000000000e+04,8.316820441434268352e-01,2.102454067855482833e+00
6.812000000000000000e+04,8.240396084795557075e-01,2.097828307749061594e+00
6.812100000000000000e+04,8.179936735627250100e-01,2.102462358554241462e+00
6.812200000000000000e+04,7.926931878061739267e-01,2.108241440446519732e+00
6.812300000000000000e+04,7.717689379530230376e-01,2.109420232134084472e+00
6.812400000000000000e+04,7.678800297971684063e-01,2.115933794327673922e+00
6.812500000000000000e+04,7.623657204379841179e-01,2.118333842860614880e+00
6.812600000000000000e+04,7.562654271697225594e-01,2.116058214432776197e+00
6.812700000000000000e+04,7.472110004337604305e-01,2.113924407586672771e+00
6.812800000000000000e+04,7.402648838251566499e-01,2.110222521376094562e+00
6.812900000000000000e+04,7.290063329549684168e-01,2.100114823273621312e+00
6.813000000000000000e+04,7.280292867001160184e-01,2.105182757371167668e+00
6.813100000000000000e+04,7.304418250586131034e-01,2.109027293284896132e+00
6.813200000000000000e+04,7.294354448964247561e-01,2.143725073158627481e+00
6.813300000000000000e+04,7.170795808849678155e-01,2.094841201384589624e+00
6.813400000000000000e+04,7.364979788699309582e-01,2.132532210195918765e+00
6.813500000000000000e+04,7.347801598359627873e-01,2.150235279928814691e+00
6.813600000000000000e+04,7.404424484694708264e-01,2.137110962325955654e+00
6.813700000000000000e+04,7.355538394667127111e-01,2.141176732576418829e+00
6.813800000000000000e+04,7.463420099564652688e-01,2.152823862469368521e+00
6.813900000000000000e+04,7.534610620037702766e-01,2.166617955438745469e+00
6.814000000000000000e+04,7.462750021519019006e-01,2.167790087676685573e+00
6.814100000000000000e+04,7.904600576770073328e-01,2.208601427609316659e+00
6.814200000000000000e+04,8.193034490539918835e-01,2.245708052409419508e+00
6.814300000000000000e+04,8.320069125326052806e-01,2.277776556783109640e+00
6.814400000000000000e+04,8.687728781257091359e-01,2.326152986864272521e+00
6.814500000000000000e+04,8.247769327958576202e-01,2.348258887814729690e+00
6.814600000000000000e+04,8.170862248255262861e-01,2.383948680545550758e+00
6.814700000000000000e+04,7.996170714823689352e-01,2.411579100052151148e+00
6.814800000000000000e+04,7.587540314504057637e-01,2.452365175768939309e+00
6.814900000000000000e+04,6.339034664123699425e-01,2.477259832080939361e+00
6.815000000000000000e+04,6.291704662545304361e-01,2.519855383124962600e+00
6.815100000000000000e+04,6.075617497923027077e-01,2.559345459096554976e+00
6.815200000000000000e+04,5.595656880541121092e-01,2.583743845661970795e+00
6.815300000000000000e+04,5.198097039449028900e-01,2.600979034064323514e+00
6.815400000000000000e+04,5.112090213068065658e-01,2.593162027154811256e+00
6.815500000000000000e+04,4.992988084245966185e-01,2.570694497981129700e+00
6.815600000000000000e+04,4.564488542763289192e-01,2.547152032767009189e+00
6.815700000000000000e+04,4.327969777988291411e-01,2.516866453816973603e+00
6.815800000000000000e+04,4.504321584347756313e-01,2.561675128348426256e+00
6.815900000000000000e+04,4.378243501229281409e-01,2.531830125274765919e+00
6.816000000000000000e+04,4.352628937395295328e-01,2.532177785423556315e+00
6.816100000000000000e+04,4.184149291952195537e-01,2.532908717959365674e+00
6.816200000000000000e+04,4.082348337204302902e-01,2.536905199367062380e+00
6.816300000000000000e+04,3.957754782898204593e-01,2.550078809914886335e+00
6.816400000000000000e+04,3.878779474844175623e-01,2.564957490381530647e+00
6.816500000000000000e+04,3.700381637552074277e-01,2.582852751358828414e+00
6.816600000000000000e+04,3.553842587405913744e-01,2.600278204250052738e+00
6.816700000000000000e+04,3.374533640300586002e-01,2.613308418378480269e+00
6.816800000000000000e+04,3.192026531444796533e-01,2.626509445232173334e+00
6.816900000000000000e+04,3.011091976288299832e-01,2.642373612634685287e+00
6.817000000000000000e+04,2.825378364199107040e-01,2.655754162456069878e+00
6.817100000000000000e+04,2.643806243627347397e-01,2.665844168309156714e+00
6.817200000000000000e+04,2.477858205098678046e-01,2.675474794024374603e+00
6.817300000000000000e+04,2.329656942815078735e-01,2.679307523532237667e+00
6.817400000000000000e+04,2.191304003731611438e-01,2.678165309298265129e+00
6.817500000000000000e+04,2.557196528847808792e-01,2.691529649751373654e+00
6.817600000000000000e+04,2.063800543390128250e-01,2.724266769461671345e+00
6.817700000000000000e+04,2.236755139646093016e-01,2.716516080048741344e+00
6.817800000000000000e+04,2.086945962643531605e-01,2.762611696902112612e+00
6.817900000000000000e+04,1.988421138980270564e-01,2.700998626547431058e+00
6.818000000000000000e+04,1.818992857105893868e-01,2.713409317685787414e+00
6.818100000000000000e+04,1.573783343885170050e-01,2.737179907274139623e+00
6.818200000000000000e+04,9.616291100078007414e-02,2.768701822606040253e+00
6.818300000000000000e+04,1.457262547905104344e-01,2.770312577898792483e+00
6.818400000000000000e+04,1.800646555917546354e-01,2.782832749871694489e+00
6.818500000000000000e+04,1.300662159016331976e-01,2.778744030853552260e+00
6.818600000000000000e+04,9.790782369713819933e-02,2.784819942083530009e+00
6.818700000000000000e+04,8.018148394600696505e-02,2.786459688419398617e+00
6.818800000000000000e+04,3.828740930439203383e-02,2.758732407961076660e+00
6.818900000000000000e+04,3.478679694144926060e-02,2.772405511123217536e+00
6.819000000000000000e+04,5.546141004018126375e-02,2.776773242248673057e+00
6.819100000000000000e+04,1.143263631284329451e-01,2.758496454250739305e+00
6.819200000000000000e+04,1.640325005057965690e-01,2.809103474666585498e+00
6.819300000000000000e+04,2.854978222786212494e-01,2.932602431200933779e+00
6.819400000000000000e+04,3.041262863834211516e-01,2.945794251519323836e+00
6.819500000000000000e+04,2.651779499979320387e-01,2.941301260317395361e+00
6.819600000000000000e+04,2.513601047694927759e-01,2.915462665532949416e+00
6.819700000000000000e+04,2.925555005581628176e-01,2.909257633620349282e+00
6.819800000000000000e+04,3.309584403033558053e-01,2.884976708226737685e+00
6.819900000000000000e+04,3.699787991531781617e-01,2.899305886213575434e+00
6.820000000000000000e+04,3.801801263857467195e-01,2.923845523729916351e+00
6.820100000000000000e+04,4.196027555744371029e-01,2.945708078908417349e+00
6.820200000000000000e+04,4.296349980302101024e-01,2.964920056853287633e+00
6.820300000000000000e+04,4.926474537754005345e-01,2.878503770786522864e+00
6.820400000000000000e+04,5.260981419924151137e-01,2.907696167673144316e+00
6.820500000000000000e+04,5.593355234855010849e-01,2.952695542185189481e+00
6.820600000000000000e+04,5.931368267515261250e-01,2.980418627023155409e+00
6.820700000000000000e+04,6.851427999428433280e-01,2.831489234036688174e+00
6.820800000000000000e+04,6.918614867412781200e-01,2.849222448653392803e+00
6.820900000000000000e+04,6.716871532707976433e-01,2.834184995602882395e+00
6.821000000000000000e+04,8.288720679969499017e-01,2.548840728192267591e+00
6.821100000000000000e+04,8.432018525624813687e-01,2.503310645884262442e+00
6.821200000000000000e+04,8.475428427534464904e-01,2.550906477759170343e+00
6.821300000000000000e+04,8.397282091056526010e-01,2.563433343373560547e+00
6.821400000000000000e+04,8.528146883763381148e-01,2.554871881423196101e+00
6.821500000000000000e+04,8.662981732535059987e-01,2.512361995494039490e+00
6.821600000000000000e+04,8.570999606257839742e-01,2.518221825877724029e+00
6.821700000000000000e+04,8.433982891683773353e-01,2.529981441855468915e+00
6.821800000000000000e+04,6.012958104596004549e-01,2.658144308367759834e+00
6.821900000000000000e+04,7.299346975027155571e-01,2.573877829025853714e+00
6.822000000000000000e+04,8.212545222072080708e-01,2.758006973478998702e+00
6.822100000000000000e+04,8.525171641572151238e-01,2.849748884443592090e+00
6.822200000000000000e+04,1.146920904148237774e+00,2.802362158458038266e+00
6.822300000000000000e+04,1.077727233693305919e+00,2.656128488782755426e+00
6.822400000000000000e+04,1.041284278808065622e+00,2.744748287176378199e+00
6.822500000000000000e+04,1.066029738396266913e+00,2.766451193819726484e+00
6.822600000000000000e+04,1.112969881615957446e+00,2.790558039109534150e+00
6.822700000000000000e+04,1.118394599112906951e+00,2.606837178827632329e+00
6.822800000000000000e+04,1.106047374646997650e+00,2.500283274568843694e+00
6.822900000000000000e+04,1.145061891931121512e+00,2.470624759104929069e+00
6.823000000000000000e+04,1.091395891066091695e+00,2.437330297700860626e+00
6.823100000000000000e+04,1.038702797953134693e+00,2.384577466585341199e+00
6.823200000000000000e+04,1.000381018149151480e+00,2.415759814226277058e+00
6.823300000000000000e+04,9.478182955988530001e-01,2.405214608316860847e+00
6.823400000000000000e+04,9.125779408466683229e-01,2.409063296252952568e+00
6.823500000000000000e+04,8.753968254355352085e-01,2.383106669174978265e+00
6.823600000000000000e+04,8.368985289197566901e-01,2.340706849481868801e+00
6.823700000000000000e+04,8.186419141674001754e-01,2.334305274666370167e+00
6.823800000000000000e+04,8.162697615722455113e-01,2.330717906919360871e+00
6.823900000000000000e+04,8.265852989645542381e-01,2.330984103524187390e+00
6.824000000000000000e+04,8.075970459536853108e-01,2.314315967314335865e+00
6.824100000000000000e+04,7.941562625355862437e-01,2.243171642517943098e+00
6.824200000000000000e+04,7.758108393041096562e-01,2.194470565151164010e+00
6.824300000000000000e+04,7.697525387162724719e-01,2.167959825533280593e+00
6.824400000000000000e+04,7.501049234017437284e-01,2.135515111570185809e+00
6.824500000000000000e+04,7.401643735327603224e-01,2.062063421718278278e+00
6.824600000000000000e+04,7.490448808790521884e-01,2.075052478794901845e+00
6.824700000000000000e+04,7.718695713973456884e-01,2.195508376071458656e+00
6.824800000000000000e+04,7.629056091243773263e-01,2.190503562192155584e+00
6.824900000000000000e+04,7.652415290205444309e-01,2.160606298138020520e+00
6.825000000000000000e+04,7.524482126908909052e-01,2.162800659837387229e+00
6.825100000000000000e+04,7.369288773413127380e-01,2.224047411053334145e+00
6.825200000000000000e+04,6.824017694253508015e-01,2.354811361578271089e+00
6.825300000000000000e+04,6.725762568444777489e-01,2.240774850384170236e+00
6.825400000000000000e+04,6.425639818929084202e-01,2.209767962609333836e+00
6.825500000000000000e+04,6.402502734898386505e-01,2.211558023448148447e+00
6.825600000000000000e+04,6.466032757992526969e-01,2.176984146423166067e+00
6.825700000000000000e+04,7.221660468923861709e-01,2.127494575117090392e+00
6.825800000000000000e+04,7.490509328653713883e-01,2.092606555193704310e+00
6.825900000000000000e+04,7.711462954368205613e-01,2.062935517143955622e+00
6.826000000000000000e+04,7.876045683699888222e-01,2.026956369767340504e+00
6.826100000000000000e+04,8.222521585450052184e-01,2.013893911236557699e+00
6.826200000000000000e+04,8.528582397818529337e-01,2.037841765095230073e+00
6.826300000000000000e+04,8.806448401148775362e-01,2.049100663787683629e+00
6.826400000000000000e+04,9.277080579809875438e-01,2.068650865757923896e+00
6.826500000000000000e+04,9.333576595859573999e-01,2.098815634214439285e+00
6.826600000000000000e+04,9.389868133151607621e-01,2.110065473465397190e+00
6.826700000000000000e+04,9.329643010068829900e-01,2.100163642929722130e+00
6.826800000000000000e+04,9.292153839096449763e-01,2.080642331656875399e+00
6.826900000000000000e+04,9.169455219650829436e-01,2.044213733115903153e+00
6.827000000000000000e+04,8.996489524668142002e-01,1.985730461386637558e+00
6.827100000000000000e+04,8.799262890690968675e-01,1.916879344409991859e+00
6.827200000000000000e+04,8.593410916199268890e-01,1.840629796436147103e+00
6.827300000000000000e+04,8.377505579369037836e-01,1.765792501336690634e+00
6.827400000000000000e+04,8.204670125457269592e-01,1.693800366058034967e+00
6.827500000000000000e+04,8.054591342701137302e-01,1.625527225654600727e+00
6.827600000000000000e+04,7.954181802227144882e-01,1.569020780585042019e+00
6.827700000000000000e+04,7.733711639249654102e-01,1.487156210357845509e+00
6.827800000000000000e+04,7.542652661109500167e-01,1.412255450818577174e+00
6.827900000000000000e+04,7.380384708424632123e-01,1.348207570834965452e+00
6.828000000000000000e+04,7.214641307526872271e-01,1.286931568137276827e+00
6.828100000000000000e+04,7.019398677956067978e-01,1.222994550030350069e+00
6.828200000000000000e+04,6.937649228668920642e-01,1.152199281140518394e+00
6.828300000000000000e+04,6.860007308480031707e-01,1.082692204523759472e+00
6.828400000000000000e+04,6.814628052749871490e-01,1.022375302680480047e+00
6.828500000000000000e+04,6.715124548783321101e-01,9.697051811217392014e-01
6.828600000000000000e+04,6.626450537207486668e-01,9.230932132868758799e-01
6.828700000000000000e+04,6.543943987583489275e-01,8.800893971839087726e-01
6.828800000000000000e+04,6.492622089208734959e-01,8.400423288801803778e-01
6.828900000000000000e+04,6.416292690769594964e-01,7.995719613993585995e-01
6.829000000000000000e+04,6.294963317055912722e-01,7.357939228051009195e-01
6.829100000000000000e+04,6.253743693405745541e-01,6.902438767264982289e-01
6.829200000000000000e+04,6.149350608122446937e-01,6.638213156333847564e-01
6.829300000000000000e+04,5.974254774951797131e-01,6.500363160494018189e-01
6.829400000000000000e+04,5.939727528208214036e-01,6.514910565307161505e-01
6.829500000000000000e+04,5.867806678194686931e-01,6.754876621849561502e-01
6.829600000000000000e+04,5.530812995642250263e-01,7.480047034969032893e-01
6.829700000000000000e+04,5.567994576142265561e-01,8.721375077726563063e-01
6.829800000000000000e+04,5.763718878325250206e-01,9.845552104313739505e-01
6.829900000000000000e+04,6.147905562325000073e-01,1.049389672639300386e+00
6.830000000000000000e+04,6.560562456135318188e-01,1.095017170186636690e+00
6.830100000000000000e+04,6.456289850133337671e-01,1.090579871175869187e+00
6.830200000000000000e+04,6.277919450655222722e-01,1.149282109870284785e+00
6.830300000000000000e+04,6.364365219576849642e-01,1.178786457496691753e+00
6.830400000000000000e+04,6.467390075175388775e-01,1.183563630999749705e+00
6.830500000000000000e+04,5.991668330935893128e-01,1.139372950910058080e+00
6.830600000000000000e+04,5.611056178804723071e-01,1.084086107863328152e+00
6.830700000000000000e+04,5.504290183004528769e-01,1.074426893814525386e+00
6.830800000000000000e+04,5.508454839023553262e-01,1.074377202695387723e+00
6.830900000000000000e+04,5.502962316348420924e-01,1.081619453957664234e+00
6.831000000000000000e+04,5.541262881855665290e-01,1.094042528831508321e+00
6.831100000000000000e+04,5.352489866472505131e-01,1.130433220655831406e+00
6.831200000000000000e+04,5.263646606933390926e-01,1.136301451156548126e+00
6.831300000000000000e+04,5.367676207334003413e-01,1.164244856855781052e+00
6.831400000000000000e+04,5.130556252308469123e-01,1.162138482578065179e+00
6.831500000000000000e+04,5.252581226471794151e-01,1.153898338651266897e+00
6.831600000000000000e+04,5.316592681051692804e-01,1.119883725802829133e+00
6.831700000000000000e+04,5.383896200538677013e-01,1.125077530628615818e+00
6.831800000000000000e+04,5.007047138192392000e-01,1.145645769941239678e+00
6.831900000000000000e+04,4.739543431702453180e-01,1.156824145154523364e+00
6.832000000000000000e+04,5.156762978039909351e-01,1.135376686065761476e+00
6.832100000000000000e+04,4.974013917091881787e-01,1.175962725667190512e+00
6.832200000000000000e+04,5.075054935052892846e-01,1.154272990600844651e+00
6.832300000000000000e+04,5.028529733044480032e-01,1.138471940240613378e+00
6.832400000000000000e+04,4.809883838695430680e-01,1.124685052263743046e+00
6.832500000000000000e+04,4.633274183517969713e-01,1.121401664928825426e+00
6.832600000000000000e+04,4.716868348607410888e-01,1.135072192107607236e+00
6.832700000000000000e+04,4.768453850673946559e-01,1.140416927401894043e+00
6.832800000000000000e+04,4.590992133863260882e-01,1.134183317149883408e+00
6.832900000000000000e+04,4.575362330521201559e-01,1.142197653786070077e+00
6.833000000000000000e+04,4.593394652923373789e-01,1.153273486098683520e+00
6.833100000000000000e+04,4.581428936729144419e-01,1.161833904316324606e+00
6.833200000000000000e+04,4.570324896555117422e-01,1.168210609499212183e+00
6.833300000000000000e+04,4.542915137176873341e-01,1.175620721928922308e+00
6.833400000000000000e+04,4.543174859195246995e-01,1.181524002882284208e+00
6.833500000000000000e+04,4.545072303675982139e-01,1.183709968463006135e+00
6.833600000000000000e+04,4.532486322073715490e-01,1.184073437872065426e+00
6.833700000000000000e+04,4.524904953298772847e-01,1.183511288313795262e+00
6.833800000000000000e+04,4.513410661167179261e-01,1.183886692082978698e+00
6.833900000000000000e+04,4.509181795458299669e-01,1.185071505029867467e+00
6.834000000000000000e+04,4.510878275673340099e-01,1.185986018411995246e+00
6.834100000000000000e+04,3.990239064879831377e-01,1.191656693867798822e+00
6.834200000000000000e+04,3.466082999534305098e-01,1.201593503487593750e+00
6.834300000000000000e+04,3.739463601257860259e-01,1.201166108280766309e+00
6.834400000000000000e+04,3.780791873170523676e-01,1.189575351122257985e+00
6.834500000000000000e+04,3.775041161446939797e-01,1.185118325055398714e+00
6.834600000000000000e+04,3.853712479192524243e-01,1.173414994758353203e+00
6.834700000000000000e+04,3.515832306452567058e-01,1.166651056427959077e+00
6.834800000000000000e+04,3.328472592898074622e-01,1.157918889963553966e+00
6.834900000000000000e+04,3.072883740621573101e-01,1.158717033459311097e+00
6.835000000000000000e+04,3.054900034232703732e-01,1.163554949210350742e+00
6.835100000000000000e+04,3.554654080743326339e-01,1.166422362407601554e+00
6.835200000000000000e+04,3.348748286010542197e-01,1.170491098012703901e+00
6.835300000000000000e+04,3.610999224952491926e-01,1.181754831488568414e+00
6.835400000000000000e+04,3.271115633839682957e-01,1.148789382655564850e+00
6.835500000000000000e+04,3.528881629989573110e-01,1.090639253453772994e+00
6.835600000000000000e+04,3.866178241873962085e-01,1.056341808868438648e+00
6.835700000000000000e+04,4.005413704490837778e-01,1.060759637818939893e+00
6.835800000000000000e+04,3.725393294715002024e-01,1.074033681458736567e+00
6.835900000000000000e+04,3.897422073170723200e-01,1.069667817521413156e+00
6.836000000000000000e+04,4.350495670098583623e-01,1.059471474520066181e+00
6.836100000000000000e+04,4.438996023335050611e-01,1.068438126908276331e+00
6.836200000000000000e+04,4.891763413350634360e-01,1.065058340110361712e+00
6.836300000000000000e+04,4.649746923572974922e-01,1.077933567331704978e+00
6.836400000000000000e+04,5.295640598799550292e-01,1.048390716702812142e+00
6.836500000000000000e+04,5.445043960906419400e-01,1.050953460618913482e+00
6.836600000000000000e+04,5.572639518722772856e-01,1.044674649466784899e+00
6.836700000000000000e+04,5.637169807310770109e-01,1.042611111208543662e+00
6.836800000000000000e+04,5.626831481016172365e-01,1.033460775737715664e+00
6.836900000000000000e+04,5.858319112291179298e-01,1.006197009399592446e+00
6.837000000000000000e+04,5.738606828926018366e-01,9.854938481905364256e-01
6.837100000000000000e+04,5.480196107386331450e-01,9.579266711601945872e-01
6.837200000000000000e+04,5.691168003633817474e-01,9.194823986915849900e-01
6.837300000000000000e+04,5.793430794092637726e-01,9.064845229681637306e-01
6.837400000000000000e+04,6.099907699094738733e-01,8.664055304527238377e-01
6.837500000000000000e+04,6.397515080058848724e-01,8.566466769370251200e-01
6.837600000000000000e+04,6.240126094970789294e-01,8.537175381740169655e-01
6.837700000000000000e+04,5.945967134829582834e-01,8.962292021719875379e-01
6.837800000000000000e+04,5.806867145929870411e-01,9.449131488306434790e-01
6.837900000000000000e+04,5.529616052390835534e-01,1.013589192110920578e+00
6.838000000000000000e+04,5.324713164369444529e-01,1.070698882785201533e+00
6.838100000000000000e+04,5.250650501551676896e-01,1.140447693708956933e+00
6.838200000000000000e+04,5.252280571650402852e-01,1.210106721384562434e+00
6.838300000000000000e+04,5.242920015985619298e-01,1.274060535578122710e+00
6.838400000000000000e+04,6.457096625465151840e-01,1.232159603331069775e+00
6.838500000000000000e+04,6.012613393609977930e-01,1.200249894159476582e+00
6.838600000000000000e+04,6.812195372080824818e-01,1.137486673843142171e+00
6.838700000000000000e+04,8.004595170725989917e-01,1.089716775665351634e+00
6.838800000000000000e+04,9.594635448673823896e-01,1.016367153183118432e+00
6.838900000000000000e+04,1.035997218589511881e+00,9.088496009533457709e-01
6.839000000000000000e+04,9.713488153948210968e-01,7.345550623021921410e-01
6.839100000000000000e+04,8.535894786411171165e-01,8.092265010206602938e-01
6.839200000000000000e+04,7.847966050377706004e-01,8.632542338506397073e-01
6.839300000000000000e+04,7.309128068151355961e-01,7.989822422243406663e-01
6.839400000000000000e+04,7.232758312436923243e-01,9.431008349368426025e-01
6.839500000000000000e+04,8.107779055067463325e-01,1.072135431399530603e+00
6.839600000000000000e+04,8.601581830829482245e-01,1.104181090831836798e+00
6.839700000000000000e+04,6.188740060193692605e-01,5.995213948840003582e-01
6.839800000000000000e+04,6.605308647142026368e-01,7.067598046977110471e-01
6.839900000000000000e+04,7.909400374989256077e-01,1.002091746662287619e+00
6.840000000000000000e+04,8.029090620613769103e-01,1.088919904358149893e+00
6.840100000000000000e+04,8.522177461952962219e-01,1.179005512924867105e+00
6.840200000000000000e+04,7.698628103765605690e-01,1.074368894134117625e+00
6.840300000000000000e+04,7.448310533827799951e-01,1.100659986864521045e+00
6.840400000000000000e+04,7.373560044967198968e-01,1.098506803681992494e+00
6.840500000000000000e+04,7.132937132672899638e-01,1.127583490624573415e+00
6.840600000000000000e+04,7.070789484150472592e-01,1.150596680289105223e+00
6.840700000000000000e+04,7.078383592227712739e-01,1.218420289207031715e+00
6.840800000000000000e+04,7.075103910131484986e-01,1.236992709958599335e+00
6.840900000000000000e+04,6.765463955187598355e-01,1.232263495026892031e+00
6.841000000000000000e+04,6.491944206295943154e-01,1.217332986790943039e+00
6.841100000000000000e+04,6.349098522607816708e-01,1.226756973912777937e+00
6.841200000000000000e+04,6.125093725706737269e-01,1.264290795041745241e+00
6.841300000000000000e+04,6.150891926610576599e-01,1.257942399463523486e+00
6.841400000000000000e+04,5.973259528028181942e-01,1.227038282581553119e+00
6.841500000000000000e+04,2.366855184530583869e-02,9.710296690024478039e-02
6.841600000000000000e+04,2.681952318743406963e-02,1.041078805492361425e-01
6.841700000000000000e+04,1.025262950042548672e-02,9.762281058466726336e-02
6.841800000000000000e+04,3.016928209434672006e-02,8.317669063165311627e-02
6.841900000000000000e+04,2.026746243573774101e-02,6.742904691146378582e-02
6.842000000000000000e+04,1.507421226004215797e-02,5.334279253418117150e-02
6.842100000000000000e+04,5.679609471329482781e-03,1.961705323126494704e-02
6.842200000000000000e+04,1.346196709176800815e-02,7.123870640000973253e-03
6.842300000000000000e+04,5.189101301504847781e-03,2.469131169130633907e-02
6.842400000000000000e+04,1.457291236587422711e-02,1.098388181503651140e-02
6.842500000000000000e+04,3.098886113953482763e-02,1.456128012262780658e-02
6.842600000000000000e+04,3.334961882506573549e-02,3.510457637423769484e-02
6.842700000000000000e+04,4.395498470198484775e-02,1.118212463470769080e-02
6.842800000000000000e+04,8.572329711643551786e-02,1.545273239939604082e-02
6.842900000000000000e+04,6.773145670622622572e-02,9.230730089006300432e-02
6.843000000000000000e+04,6.605513809732574404e-02,9.071038884365378863e-02
6.843100000000000000e+04,4.002727161210112988e-02,3.493688739046518776e-02
6.843200000000000000e+04,4.741315150761003794e-02,3.092940157130641410e-02
6.843300000000000000e+04,3.642302341710155350e-02,9.573181795239804615e-03
6.843400000000000000e+04,4.080006815189097386e-02,8.197903131872408267e-03
6.843500000000000000e+04,3.824516108735182690e-02,1.276357600360711331e-03
6.843600000000000000e+04,2.387018319964273605e-02,1.785772529465390335e-02
6.843700000000000000e+04,2.954747484493740195e-02,1.560856881732775037e-02
6.843800000000000000e+04,3.122436637506859416e-02,1.660279800771746750e-02
6.843900000000000000e+04,3.407950155218097271e-02,1.211343681701748665e-02
6.844000000000000000e+04,3.485705156069339450e-02,1.018339109747046223e-02
6.844100000000000000e+04,3.528977111574337772e-02,8.135587999667848180e-03
6.844200000000000000e+04,3.449657581463442396e-02,9.349474304336524710e-03
6.844300000000000000e+04,3.148731867628559028e-02,1.157225488137214597e-02
6.844400000000000000e+04,3.077347148096251650e-02,1.381185880246960096e-02
6.844500000000000000e+04,2.962978602101955933e-02,1.698642793376592408e-02
6.844600000000000000e+04,2.690487147140408625e-02,2.149126538163415034e-02
6.844700000000000000e+04,2.217015368499225536e-02,2.734216346841833456e-02
6.844800000000000000e+04,1.673371734219300175e-02,3.467579387123009838e-02
6.844900000000000000e+04,1.601364048545474497e-02,3.774641913083343070e-02
6.845000000000000000e+04,3.589506917077440323e-02,4.059181237581555024e-02
6.845100000000000000e+04,1.679562191536536353e-02,5.364834852591826575e-02
6.845200000000000000e+04,2.004706140148382679e-02,5.571634407935732725e-02
6.845300000000000000e+04,2.504972206770329085e-02,5.687520174551252694e-02
6.845400000000000000e+04,2.621772703327989590e-02,5.666687492643518453e-02
6.845500000000000000e+04,2.934141313120692401e-02,5.704536907472146368e-02
6.845600000000000000e+04,3.376740589690386402e-02,5.902747690326037855e-02
6.845700000000000000e+04,4.019099500434652333e-02,6.035209191533397188e-02
6.845800000000000000e+04,4.378912802683979782e-02,6.045918911352288205e-02
6.845900000000000000e+04,4.458897614043386831e-02,6.208114539164455437e-02
6.846000000000000000e+04,4.514747336125775334e-02,6.267559137332767705e-02
6.846100000000000000e+04,4.336296571155355550e-02,6.581277338132451860e-02
6.846200000000000000e+04,4.377431515162533149e-02,6.889669047487245734e-02
6.846300000000000000e+04,4.301928923103816305e-02,6.900371863272170003e-02
6.846400000000000000e+04,4.157138112732526591e-02,7.074602809459662467e-02
6.846500000000000000e+04,4.364146183212663094e-02,7.110704778835952311e-02
6.846600000000000000e+04,4.168674948705222011e-02,7.671618884570818864e-02
6.846700000000000000e+04,4.315042277401944654e-02,7.437255386832930526e-02
6.846800000000000000e+04,4.499676070885609558e-02,7.473290474863603094e-02
6.846900000000000000e+04,4.242186179373843430e-02,7.269151692750597249e-02
6.847000000000000000e+04,3.674541209512846573e-02,7.024058324734738790e-02
6.847100000000000000e+04,3.686333194432411808e-02,7.004745820126601075e-02
6.847200000000000000e+04,3.345335951165744753e-02,6.827105192829918678e-02
6.847300000000000000e+04,3.348176329602028239e-02,6.486842281506710606e-02
6.847400000000000000e+04,3.279577961681584553e-02,6.384956218080617418e-02
6.847500000000000000e+04,3.074424180528790781e-02,6.477336619099816062e-02
6.847600000000000000e+04,3.148593085673673242e-02,6.697477505167626077e-02
6.847700000000000000e+04,3.302457628300452946e-02,6.714176198801169448e-02
6.847800000000000000e+04,3.544874917546787102e-02,6.929393548230677879e-02
6.847900000000000000e+04,3.579803501201746230e-02,7.109010768269286018e-02
6.848000000000000000e+04,3.747778087075635117e-02,7.397535635391250253e-02
6.848100000000000000e+04,3.905502575401377519e-02,7.749494147497415497e-02
6.848200000000000000e+04,4.025929098183486654e-02,8.084739366601212396e-02
6.848300000000000000e+04,3.769988274845899323e-02,8.407083731442810404e-02
6.848400000000000000e+04,3.683312145916877584e-02,8.597436302144245701e-02
6.848500000000000000e+04,3.858497469172822436e-02,8.483869739477256644e-02
6.848600000000000000e+04,3.401323511593319637e-02,8.385694463738957438e-02
6.848700000000000000e+04,3.304585231034001813e-02,8.744051839347832811e-02
6.848800000000000000e+04,3.441709662738162007e-02,8.545903160400314391e-02
6.848900000000000000e+04,3.087361255917114855e-02,8.126438312278594367e-02
6.849000000000000000e+04,3.248394524924163446e-02,7.973217967530388250e-02
6.849100000000000000e+04,2.346439432847084033e-02,7.057535678006843227e-02
6.849200000000000000e+04,2.424033146358876498e-02,6.233847846287687844e-02
6.849300000000000000e+04,2.615423811207802721e-02,6.580489471100747778e-02
6.849400000000000000e+04,2.948422063861927747e-02,7.111320547893740240e-02
6.849500000000000000e+04,3.094224190456708670e-02,7.067674038475502130e-02
6.849600000000000000e+04,2.755098171207212218e-02,6.860789859955218617e-02
6.849700000000000000e+04,2.899635855046112792e-02,6.481959425899219696e-02
6.849800000000000000e+04,2.806647482910345701e-02,6.344453616357981218e-02
6.849900000000000000e+04,2.649510425910625924e-02,6.642616948798973908e-02
6.850000000000000000e+04,2.435870051970417949e-02,6.487675540988391276e-02
6.850100000000000000e+04,2.061671605220992756e-02,6.356332803103725837e-02
6.850200000000000000e+04,1.965781955117094568e-02,6.253564896963581532e-02
6.850300000000000000e+04,1.774439952569598425e-02,6.144233128716081183e-02
6.850400000000000000e+04,1.488138379000045544e-02,6.083117514179292584e-02
6.850500000000000000e+04,1.329045055742687775e-02,5.872641821114399363e-02
6.850600000000000000e+04,1.349409955336071214e-02,5.809178188746955129e-02
6.850700000000000000e+04,1.403544274141937942e-02,5.844279511060079813e-02
6.850800000000000000e+04,1.345135118749290169e-02,5.903591080021897142e-02
6.850900000000000000e+04,1.239322238775359721e-02,5.934029460494372188e-02
6.851000000000000000e+04,9.834713370576933858e-03,5.935245823435053580e-02
6.851100000000000000e+04,1.105354937919803687e-02,5.866571767579387142e-02
6.851200000000000000e+04,1.226049709499772884e-02,5.714970441895417252e-02
6.851300000000000000e+04,9.876139961662380728e-03,5.630704493923133214e-02
6.851400000000000000e+04,9.584403632585610650e-03,5.378326948827805154e-02
6.851500000000000000e+04,8.963790033354427852e-03,5.136644413500590645e-02
6.851600000000000000e+04,1.128622287213578920e-02,4.962506094992846783e-02
6.851700000000000000e+04,1.210170086168086724e-02,4.678241281769146553e-02
6.851800000000000000e+04,1.560206408784945570e-02,4.384997262013001773e-02
6.851900000000000000e+04,1.326802621283299649e-02,4.072094330350495284e-02
6.852000000000000000e+04,1.596595723603476055e-02,4.222084426522343392e-02
6.852100000000000000e+04,8.524996816408496325e-03,5.346293700696236328e-02
6.852200000000000000e+04,3.881127829308032157e-02,8.004773741935622411e-02
6.852300000000000000e+04,1.956363829102345311e-02,1.110329700221655003e-01
6.852400000000000000e+04,6.612615379913640984e-03,1.275220858744319230e-01
6.852500000000000000e+04,1.477001857852827324e-02,1.309452305025047281e-01
6.852600000000000000e+04,1.013730617096573680e-02,1.425220724800553285e-01
6.852700000000000000e+04,8.471633724703078044e-03,6.102202315819482692e-02
6.852800000000000000e+04,2.017749741935613572e-02,2.840006128848671096e-02
6.852900000000000000e+04,3.071530978060733885e-02,1.723746835252626397e-02
6.853000000000000000e+04,2.020215847844121851e-02,3.214436706668521992e-02
6.853100000000000000e+04,8.452127201265997175e-03,2.914332679209508115e-02
6.853200000000000000e+04,1.456293155467002116e-02,2.049412945517303797e-02
6.853300000000000000e+04,5.285029829865474198e-03,2.117239678569404759e-02
6.853400000000000000e+04,1.179812564335050440e-02,4.368329746178289952e-03
6.853500000000000000e+04,6.831563787003199287e-03,1.768012579560718223e-02
6.853600000000000000e+04,1.838235117869517661e-03,3.192689417576843880e-02
6.853700000000000000e+04,6.161859026634896978e-03,2.288147055786282635e-02
6.853800000000000000e+04,1.219409045812084105e-02,3.343627388006353840e-02
6.853900000000000000e+04,1.569281483668576865e-02,1.542804528802577124e-02
6.854000000000000000e+04,1.399566379428138913e-02,1.678385889626810012e-02
6.854100000000000000e+04,1.121788331620822247e-02,2.194403403805011976e-02
6.854200000000000000e+04,1.424060314360928517e-02,1.828070716749152780e-02
6.854300000000000000e+04,1.108523074863440941e-02,2.175903078461516316e-02
6.854400000000000000e+04,1.371834052338793269e-02,1.535197413568312186e-02
6.854500000000000000e+04,1.502818257571908109e-02,1.342478180231410079e-02
6.854600000000000000e+04,1.347972522460308062e-02,1.388029765648468583e-02
6.854700000000000000e+04,1.594968816265733211e-02,1.305433869659822221e-02
6.854800000000000000e+04,1.070101910266411070e-02,1.847720687025855568e-02
6.854900000000000000e+04,1.394880079958693044e-02,1.658103424892232169e-02
6.855000000000000000e+04,1.100350899556118943e-02,1.529241505574674420e-02
6.855100000000000000e+04,1.635636831553347048e-02,6.444289787026491467e-04
6.855200000000000000e+04,2.349054843977068166e-02,3.413177727722427335e-04
6.855300000000000000e+04,2.518879212379361229e-02,4.000031477104926125e-04
6.855400000000000000e+04,2.396247957178644986e-02,5.391749218219388240e-03
6.855500000000000000e+04,2.655642515148258498e-02,2.641445303481759765e-03
6.855600000000000000e+04,2.933142454866719678e-02,2.900335741401249834e-03
6.855700000000000000e+04,3.650157100682652200e-02,2.544839912729912612e-03
6.855800000000000000e+04,1.720200199134879621e-02,1.265768512287479552e-02
6.855900000000000000e+04,1.678268298489882931e-02,4.631423341038498620e-03
6.856000000000000000e+04,2.197172193706270135e-02,7.652705755063493598e-03
6.856100000000000000e+04,2.399854356279266729e-02,4.211818872249750711e-03
6.856200000000000000e+04,2.579377910354343009e-02,1.292005579799138104e-03
6.856300000000000000e+04,2.426611702006500892e-02,7.225493258289361620e-05
6.856400000000000000e+04,1.948205841557843626e-02,6.814234209436165202e-03
6.856500000000000000e+04,1.598304966034177002e-02,9.757676406536575087e-04
6.856600000000000000e+04,1.673618987292398164e-02,1.994988509473216709e-03
6.856700000000000000e+04,1.775661801722046296e-02,4.788149785383666313e-03
6.856800000000000000e+04,1.518742961711227850e-02,1.004981680144823031e-02
6.856900000000000000e+04,1.815045775231157246e-02,1.557948086567506607e-02
6.857000000000000000e+04,1.533562476778183720e-02,1.507010196355196285e-02
6.857100000000000000e+04,1.315076480153589376e-02,2.082440416450737075e-02
6.857200000000000000e+04,2.522650962023985019e-02,1.725472926332827228e-02
6.857300000000000000e+04,3.796928119162385623e-02,4.614400848446109649e-03
6.857400000000000000e+04,3.344351701473850802e-02,2.636996336133279328e-02
6.857500000000000000e+04,3.029359120102370628e-02,3.681298087590079149e-02
6.857600000000000000e+04,3.267639714538748963e-02,4.207592042408947464e-02
6.857700000000000000e+04,1.901811365703615433e-02,6.966127919618969599e-02
6.857800000000000000e+04,5.146877137836935318e-02,4.764847072257794025e-02
6.857900000000000000e+04,6.792134630010095153e-02,5.361090830086112646e-02
6.858000000000000000e+04,4.491161153418061353e-02,5.415893618096845330e-02
6.858100000000000000e+04,8.340327076648243118e-03,2.266062346350850021e-03
6.858200000000000000e+04,1.385695483001702852e-02,1.674625694063536230e-02
6.858300000000000000e+04,2.092289796506785482e-02,2.031799029688130531e-02
6.858400000000000000e+04,2.105431797882295966e-02,2.240515317833313702e-02
6.858500000000000000e+04,1.108713119469464763e-02,2.513230610568228940e-02
6.858600000000000000e+04,4.570852073461771636e-03,2.396070419791840322e-02
6.858700000000000000e+04,5.681148326066105120e-03,1.997768517883713457e-02
6.858800000000000000e+04,9.890331644222845678e-03,8.486403285495214277e-03
6.858900000000000000e+04,2.048384473715977525e-02,5.496881676022269403e-02
6.859000000000000000e+04,4.572185970613553557e-02,9.709620180842648551e-03
6.859100000000000000e+04,3.756250973209553784e-02,1.917907771632343383e-02
6.859200000000000000e+04,1.224066659245157292e-02,2.539562391234539973e-02
6.859300000000000000e+04,6.360257688764929876e-03,5.624715949529957015e-03
6.859400000000000000e+04,6.196847140121947151e-03,1.694598389524060167e-02
6.859500000000000000e+04,3.577759276063530777e-03,7.694482532194513169e-03
6.859600000000000000e+04,2.849131705797046214e-03,1.194213537822008675e-02
6.859700000000000000e+04,8.272311464676208176e-03,2.730222022961470429e-02
6.859800000000000000e+04,9.322815548946920827e-03,3.010833689516800860e-02
6.859900000000000000e+04,1.267436612516722669e-02,3.588812366376714635e-02
6.860000000000000000e+04,5.635873917460082309e-03,9.509496897592839559e-03
6.860100000000000000e+04,2.342651316000900902e-02,1.923687794430151143e-02
6.860200000000000000e+04,2.432084585423761880e-02,2.723453382460405692e-02
6.860300000000000000e+04,1.189808700526124967e-02,2.337422559698865143e-02
6.860400000000000000e+04,3.334951355794143341e-02,2.990231930418474349e-03
6.860500000000000000e+04,4.467325844144677538e-02,3.464290831607286236e-02
6.860600000000000000e+04,9.079725043106307014e-03,4.319397156650950365e-02
6.860700000000000000e+04,2.176686029439086310e-03,4.115135578383899428e-02
6.860800000000000000e+04,1.198539856362056989e-02,3.883660790162934973e-02
6.860900000000000000e+04,5.549504171277718813e-03,4.232527904480321013e-02
6.861000000000000000e+04,5.242554500386542062e-03,4.699579057328406861e-02
6.861100000000000000e+04,1.315753485470937817e-02,5.934782191813781083e-02
6.861200000000000000e+04,9.351525368075987513e-03,9.538205973491642453e-03
6.861300000000000000e+04,1.179673906766549180e-02,1.725534094456548928e-02
6.861400000000000000e+04,1.115748365609119108e-02,2.654723146569892833e-03
6.861500000000000000e+04,8.030593165020874502e-03,2.141265285949600639e-03
6.861600000000000000e+04,9.275947004800774026e-03,4.367680260834561068e-03
6.861700000000000000e+04,1.531401581338686854e-02,1.900016893515044103e-03
6.861800000000000000e+04,5.739477063042790379e-03,1.057904648761365252e-02
6.861900000000000000e+04,5.011318931197192121e-03,8.847237992959833264e-03
6.862000000000000000e+04,5.774297048320106880e-03,7.657397821162703622e-03
6.862100000000000000e+04,5.244686455333632050e-03,8.170443587424358611e-03
6.862200000000000000e+04,1.262592322854542244e-03,1.083920135823746023e-02
6.862300000000000000e+04,3.019780951369370123e-03,8.121162280161797753e-03
6.862400000000000000e+04,5.478851524732113740e-04,6.955096982323993871e-03
6.862500000000000000e+04,2.416328992486531033e-03,4.782504063527426297e-03
6.862600000000000000e+04,3.136739586717267585e-03,4.763444473354638831e-05
6.862700000000000000e+04,4.117013205834543950e-03,2.208673414791917367e-03
6.862800000000000000e+04,6.779930984398694488e-03,1.619290690314301173e-02
6.862900000000000000e+04,1.263621112719796880e-02,5.683708244390572872e-03
6.863000000000000000e+04,1.097868804147158345e-02,6.457256143896472622e-03
6.863100000000000000e+04,3.282899006103702499e-02,1.984350099858289695e-02
6.863200000000000000e+04,2.818475670940281952e-02,1.068346222251648214e-02
6.863300000000000000e+04,2.629972521241458541e-02,2.482442891817981945e-04
6.863400000000000000e+04,2.710639829742585161e-02,5.919521484301526471e-03
6.863500000000000000e+04,3.706388650070740337e-02,1.385255354029624186e-02
6.863600000000000000e+04,2.777849285564635770e-02,7.454591853630176956e-03
6.863700000000000000e+04,3.357354938388046328e-02,4.218430946723117358e-02
6.863800000000000000e+04,2.087968773645849582e-02,2.632775746526760940e-03
6.863900000000000000e+04,3.216879216216022436e-02,2.690236074716523262e-02
6.864000000000000000e+04,2.447669142647681748e-02,1.331424132584189124e-01
6.864100000000000000e+04,7.880478468823946814e-02,2.497704503870608050e-01
6.864200000000000000e+04,1.286504239595080146e-01,2.979002788917242128e-01
6.864300000000000000e+04,7.487719246098206716e-02,3.054179777255399131e-01
6.864400000000000000e+04,8.646710670131649290e-02,2.962104848481814656e-01
6.864500000000000000e+04,3.226316811529431755e-02,6.490625847114017688e-02
6.864600000000000000e+04,4.607754497641809027e-02,7.739213395559119135e-02
6.864700000000000000e+04,7.011040634715744180e-02,8.915532032751372071e-02
6.864800000000000000e+04,8.691833404450596823e-02,9.680400156272384038e-02
6.864900000000000000e+04,1.005949515538865774e-01,1.070402165563635322e-01
6.865000000000000000e+04,1.091459347302812244e-01,1.135068609304852316e-01
6.865100000000000000e+04,1.199264024690881170e-01,1.227974308852282093e-01
6.865200000000000000e+04,1.475021871548688190e-01,1.308170909623669331e-01
6.865300000000000000e+04,1.868714954393012051e-01,1.294274746159018719e-01
6.865400000000000000e+04,1.853261394292835817e-01,1.285400323144898493e-01
6.865500000000000000e+04,1.849236627774450692e-01,1.156058427974357983e-01
6.865600000000000000e+04,1.854445046846140144e-01,1.021838124856344621e-01
6.865700000000000000e+04,1.807490047747327133e-01,1.043807466087969260e-01
6.865800000000000000e+04,1.792227322313997839e-01,1.053067037104469250e-01
6.865900000000000000e+04,1.752995108331711627e-01,1.121920466433863339e-01
6.866000000000000000e+04,1.697107759762841728e-01,9.724755436890575311e-02
6.866100000000000000e+04,1.694006903301273903e-01,8.261916559721527165e-02
6.866200000000000000e+04,1.713579959773758321e-01,8.003367821591922393e-02
6.866300000000000000e+04,1.720306126581573058e-01,4.368203031807382786e-02
6.866400000000000000e+04,1.754069335090577553e-01,3.306003800376089430e-02
6.866500000000000000e+04,2.027923526886563077e-01,1.759081561596076426e-02
6.866600000000000000e+04,2.101544048638781526e-01,1.309252291326004070e-01
6.866700000000000000e+04,2.562730455510794925e-01,2.137942582661906954e-01
6.866800000000000000e+04,2.520005978397703572e-01,3.025283089955976834e-01
6.866900000000000000e+04,1.880058746231632605e-01,3.951499974132559601e-01
6.867000000000000000e+04,1.995431430131619777e-01,4.994466766121234969e-01
6.867100000000000000e+04,1.997069585500473032e-01,6.147195054577991868e-01
6.867200000000000000e+04,1.672474525179327987e-01,7.334534015250753214e-01
6.867300000000000000e+04,1.882290547845079653e-01,8.899228020407505824e-01
6.867400000000000000e+04,1.741099437892499324e-01,1.054721100131651212e+00
6.867500000000000000e+04,2.158211635087992908e-01,1.225498529607627063e+00
6.867600000000000000e+04,1.823368376480598296e-01,1.311320799765269385e+00
6.867700000000000000e+04,3.008036111612523156e-01,1.397498950289815411e+00
6.867800000000000000e+04,3.692108919439478498e-01,1.537712135368280997e+00
6.867900000000000000e+04,2.928772317706824224e-01,1.767532228881371736e+00
6.868000000000000000e+04,3.040268235515805051e-01,2.048133692028841324e+00
6.868100000000000000e+04,2.968287993112795897e-01,2.181547689460089146e+00
6.868200000000000000e+04,3.714926388929600809e-01,2.353651939376753432e+00
6.868300000000000000e+04,3.831837912459006845e-01,2.466734014949395259e+00
6.868400000000000000e+04,4.119448887361628620e-01,2.577564259233135147e+00
6.868500000000000000e+04,4.204948775769537517e-01,2.720768305201296755e+00
6.868600000000000000e+04,4.504827353293907044e-01,2.889719777221444019e+00
6.868700000000000000e+04,4.834908864949418184e-01,3.035973766919362049e+00
6.868800000000000000e+04,7.796356489347954222e-01,3.144113143169406044e+00
6.868900000000000000e+04,9.782333946905439337e-01,3.277161170298654724e+00
6.869000000000000000e+04,1.485394189323971492e+00,3.453356320060450457e+00
6.869100000000000000e+04,1.628338033479655556e+00,3.592515344229113339e+00
6.869200000000000000e+04,1.421878493946261868e+00,3.670657402485815624e+00
6.869300000000000000e+04,9.552966941366795028e-01,3.835625274400307205e+00
6.869400000000000000e+04,8.891864948244679878e-01,2.877790614235983924e+00
6.869500000000000000e+04,7.734533529958254050e-01,2.761146079823312505e+00
6.869600000000000000e+04,7.065445424217875470e-01,2.553894092150358119e+00
6.869700000000000000e+04,6.791525615945909200e-01,2.563729389530507774e+00
6.869800000000000000e+04,6.225014477061245888e-01,2.529807733599945152e+00
6.869900000000000000e+04,6.184254305263939822e-01,2.543804859494407822e+00
6.870000000000000000e+04,5.834529560893407796e-01,2.581073250960194798e+00
6.870100000000000000e+04,6.438044234703419466e-01,2.296194032479469627e+00
6.870200000000000000e+04,6.233364197223519865e-01,2.252080020419732875e+00
6.870300000000000000e+04,6.082301964401520822e-01,2.235870717976517597e+00
6.870400000000000000e+04,6.167936681395855825e-01,2.164547698316525270e+00
6.870500000000000000e+04,6.040568692009141705e-01,2.084895152750441127e+00
6.870600000000000000e+04,5.901802679403130858e-01,2.094048161375759776e+00
6.870700000000000000e+04,5.924823438868459524e-01,2.114593170450802972e+00
6.870800000000000000e+04,5.864436824758797462e-01,2.150552977024027257e+00
6.870900000000000000e+04,5.787590855026869541e-01,2.162573376059278019e+00
6.871000000000000000e+04,5.787450773443857388e-01,2.147080904262445245e+00
6.871100000000000000e+04,5.628029693424541069e-01,2.110964840942216370e+00
6.871200000000000000e+04,5.447710275272111824e-01,2.096104746669901431e+00
6.871300000000000000e+04,5.065777557025069600e-01,2.097850497836098782e+00
6.871400000000000000e+04,4.874887071445371256e-01,2.069861825971472058e+00
6.871500000000000000e+04,4.699364213127737999e-01,2.053823291912088678e+00
6.871600000000000000e+04,4.592733339097371803e-01,2.012041198158797783e+00
6.871700000000000000e+04,4.541091115901097486e-01,2.020497624669893355e+00
6.871800000000000000e+04,4.445476562016174582e-01,2.013197042473962028e+00
6.871900000000000000e+04,4.350007625143678114e-01,1.992370358638304140e+00
6.872000000000000000e+04,4.238430836727704598e-01,1.966377709652611827e+00
6.872100000000000000e+04,4.108491510427285109e-01,1.949030851344041082e+00
6.872200000000000000e+04,3.958434397893291212e-01,1.929419281699637168e+00
6.872300000000000000e+04,3.874229114336957269e-01,1.915141344857190120e+00
6.872400000000000000e+04,3.803240701023682391e-01,1.913009433508221946e+00
6.872500000000000000e+04,3.761578214655424413e-01,1.920478303440873447e+00
6.872600000000000000e+04,3.749910777554077979e-01,1.929329894483529984e+00
6.872700000000000000e+04,3.738223311900842338e-01,1.938762333652043424e+00
6.872800000000000000e+04,3.733265769541466161e-01,1.945470342735035274e+00
6.872900000000000000e+04,3.734100960818901860e-01,1.945848915086607178e+00
6.873000000000000000e+04,3.767590446183372022e-01,1.942915056718902633e+00
6.873100000000000000e+04,3.745242993269543019e-01,1.917310941041350247e+00
6.873200000000000000e+04,3.764256710848803422e-01,1.861504791066913356e+00
6.873300000000000000e+04,3.725850196976167594e-01,1.823595946237354326e+00
6.873400000000000000e+04,3.505162390358813607e-01,1.824500385050413342e+00
6.873500000000000000e+04,3.367038159972988165e-01,1.811169399941441327e+00
6.873600000000000000e+04,3.237412553887208944e-01,1.786065450335300397e+00
6.873700000000000000e+04,3.151792092815107194e-01,1.761699528424287564e+00
6.873800000000000000e+04,3.096247075288712236e-01,1.755344469024443299e+00
6.873900000000000000e+04,3.067163001404150102e-01,1.725658276227640897e+00
6.874000000000000000e+04,2.970473890007027662e-01,1.704488395283412672e+00
6.874100000000000000e+04,2.975369273326767261e-01,1.719805942829637502e+00
6.874200000000000000e+04,2.956887647386771678e-01,1.735049518926338408e+00
6.874300000000000000e+04,2.748555395708705551e-01,1.718264284998028302e+00
6.874400000000000000e+04,2.630511169508115699e-01,1.715618859323399192e+00
6.874500000000000000e+04,2.622590765898001886e-01,1.744066574062678399e+00
6.874600000000000000e+04,2.557222008237419741e-01,1.760376987086253564e+00
6.874700000000000000e+04,2.529237915876577092e-01,1.721325808299745574e+00
6.874800000000000000e+04,2.583286668414050413e-01,1.666075706522839539e+00
6.874900000000000000e+04,2.481884620118498530e-01,1.638477414565684853e+00
6.875000000000000000e+04,2.588953313682177959e-01,1.606571637730390023e+00
6.875100000000000000e+04,2.563831318838252771e-01,1.571464725227734505e+00
6.875200000000000000e+04,2.512209015525267430e-01,1.554127559536546244e+00
6.875300000000000000e+04,2.511123858376275164e-01,1.518245650697252813e+00
6.875400000000000000e+04,2.492513472784368966e-01,1.482634151095243880e+00
6.875500000000000000e+04,2.553396579682806200e-01,1.461766350309112283e+00
6.875600000000000000e+04,2.808918443002741405e-01,1.474787077725654427e+00
6.875700000000000000e+04,3.007185929374285860e-01,1.472817487260495994e+00
6.875800000000000000e+04,2.722785293207073409e-01,1.441893740662695933e+00
6.875900000000000000e+04,2.165836957111626770e-01,1.434567567089761297e+00
6.876000000000000000e+04,2.679157079529949081e-01,1.428169424107657903e+00
6.876100000000000000e+04,2.897640547627133856e-01,1.474603411234905792e+00
6.876200000000000000e+04,3.025320064119073615e-01,1.495590726481868415e+00
6.876300000000000000e+04,3.049834536917132577e-01,1.502222338349017861e+00
6.876400000000000000e+04,3.097302305897532415e-01,1.521578046495484671e+00
6.876500000000000000e+04,3.136064571838683701e-01,1.536016783568296518e+00
6.876600000000000000e+04,3.162853761391425933e-01,1.504883081215719898e+00
6.876700000000000000e+04,2.926280957801052351e-01,1.509511893709351682e+00
6.876800000000000000e+04,2.888980912274693447e-01,1.504316491248452792e+00
6.876900000000000000e+04,2.897431291275479048e-01,1.504345959257353371e+00
6.877000000000000000e+04,1.681848007869818085e-01,1.540733435019845388e+00
6.877100000000000000e+04,1.156877989112521515e-01,1.549203227049186893e+00
6.877200000000000000e+04,1.004218739592906834e-01,1.562515286913285451e+00
6.877300000000000000e+04,9.546097889888313648e-02,1.579636635249112686e+00
6.877400000000000000e+04,6.799436613717546596e-02,1.633482842372629307e+00
6.877500000000000000e+04,1.232566497936938149e-01,1.632556014058152982e+00
6.877600000000000000e+04,1.553178643544507465e-01,1.649404390210509774e+00
6.877700000000000000e+04,1.511150048021987213e-01,1.663158617975753373e+00
6.877800000000000000e+04,1.322854241501445482e-01,1.667556739671542942e+00
6.877900000000000000e+04,1.749574632885447234e-01,1.645003893430406094e+00
6.878000000000000000e+04,1.724208569165236182e-01,1.643568653061311835e+00
6.878100000000000000e+04,1.616893774340429912e-01,1.643668863468182195e+00
6.878200000000000000e+04,1.597265317738230384e-01,1.639096598111741798e+00
6.878300000000000000e+04,1.530837475524303437e-01,1.637466144395041567e+00
6.878400000000000000e+04,1.500695882107152546e-01,1.638517483663346042e+00
6.878500000000000000e+04,1.518938483635327019e-01,1.638534860633519941e+00
6.878600000000000000e+04,1.521098319889545025e-01,1.639202107704726075e+00
6.878700000000000000e+04,1.547680290159715866e-01,1.636695053843681080e+00
6.878800000000000000e+04,1.609389522085331314e-01,1.626738246472825722e+00
6.878900000000000000e+04,1.746327001455216243e-01,1.610688114076172184e+00
6.879000000000000000e+04,1.889686657633669331e-01,1.592448143443789377e+00
6.879100000000000000e+04,2.073778266661764069e-01,1.569049051243371906e+00
6.879200000000000000e+04,2.252243115104686777e-01,1.553578016967662734e+00
6.879300000000000000e+04,2.308938513036945250e-01,1.543338353007655428e+00
6.879400000000000000e+04,2.468201918351607682e-01,1.528819798898311433e+00
6.879500000000000000e+04,2.517838202512460155e-01,1.526110019442061372e+00
6.879600000000000000e+04,2.504001422249053643e-01,1.528522432188236024e+00
6.879700000000000000e+04,2.502211409281986376e-01,1.533390747534713938e+00
6.879800000000000000e+04,2.461898083817567751e-01,1.543908989397980491e+00
6.879900000000000000e+04,2.395890519338381430e-01,1.556474795509895870e+00
6.880000000000000000e+04,2.394959143986868377e-01,1.558718674039706542e+00
6.880100000000000000e+04,2.335588594193327705e-01,1.557916884196895779e+00
6.880200000000000000e+04,2.319512145346048215e-01,1.558511658887365314e+00
6.880300000000000000e+04,2.316522905000060473e-01,1.558080657419562698e+00
6.880400000000000000e+04,2.301366268379443081e-01,1.556122525051655714e+00
6.880500000000000000e+04,2.322484745952292928e-01,1.556597883761032364e+00
6.880600000000000000e+04,2.321402365992494554e-01,1.554776347983487739e+00
6.880700000000000000e+04,2.333185027953467161e-01,1.554790780987090670e+00
6.880800000000000000e+04,2.310163137380507048e-01,1.555567102587605888e+00
6.880900000000000000e+04,2.304198626261946825e-01,1.555437502834408292e+00
6.881000000000000000e+04,2.338084538168355708e-01,1.556741576661718085e+00
6.881100000000000000e+04,2.312279860774291707e-01,1.557612195512060538e+00
6.881200000000000000e+04,2.295734931579310467e-01,1.559036026418333165e+00
6.881300000000000000e+04,2.298922821754723067e-01,1.561590723541627312e+00
6.881400000000000000e+04,2.284344957833772671e-01,1.560944720369935368e+00
6.881500000000000000e+04,2.309626694776719391e-01,1.561861524998708006e+00
6.881600000000000000e+04,2.278416988898401274e-01,1.562972316281033613e+00
6.881700000000000000e+04,2.247288770655987700e-01,1.567310001791149432e+00
6.881800000000000000e+04,2.244348788498283231e-01,1.569119611398814840e+00
6.881900000000000000e+04,2.205402603901928937e-01,1.573779719310852698e+00
6.882000000000000000e+04,2.212175601927014457e-01,1.578025401502973324e+00
6.882100000000000000e+04,2.186441429455898422e-01,1.578084203782012196e+00
6.882200000000000000e+04,2.150313130734103906e-01,1.580590195769769224e+00
6.882300000000000000e+04,2.166158023494767215e-01,1.583780037609283653e+00
6.882400000000000000e+04,2.036411682513942778e-01,1.581248224265824120e+00
6.882500000000000000e+04,2.034607657895014798e-01,1.584654224821758106e+00
6.882600000000000000e+04,2.164938327942403651e-01,1.576022055186818704e+00
6.882700000000000000e+04,2.200551944347262645e-01,1.687815016130382872e+00
6.882800000000000000e+04,2.256034952876644351e-01,1.742475029992913704e+00
6.882900000000000000e+04,2.196998080548875909e-01,1.805718762120687160e+00
6.883000000000000000e+04,2.036870148093317401e-01,1.856372842163573011e+00
6.883100000000000000e+04,2.233939327140282149e-01,1.743059153625928559e+00
6.883200000000000000e+04,2.140676942495597923e-01,1.780139312240660132e+00
6.883300000000000000e+04,2.040158455223890499e-01,1.816778974796665835e+00
6.883400000000000000e+04,2.137033792324125048e-01,1.849193837253032768e+00
6.883500000000000000e+04,2.424192572456620454e-01,1.873644009174856961e+00
6.883600000000000000e+04,2.739462623191919466e-01,1.892183080521995464e+00
6.883700000000000000e+04,2.715344935795702130e-01,1.915789787186355397e+00
6.883800000000000000e+04,2.871542180240871933e-01,1.932917445327433370e+00
6.883900000000000000e+04,3.510134743026274706e-01,1.931899649090794924e+00
6.884000000000000000e+04,3.295232466081231548e-01,1.962003064618677683e+00
6.884100000000000000e+04,4.019306436158546769e-01,1.948429192219919059e+00
6.884200000000000000e+04,3.453298856975982600e-01,1.984701047622110082e+00
6.884300000000000000e+04,3.514135930033585042e-01,1.989073252441322381e+00
6.884400000000000000e+04,3.651577060215889237e-01,1.990657310078027820e+00
6.884500000000000000e+04,3.657055320792564346e-01,1.990213243067884719e+00
6.884600000000000000e+04,3.553693466465240314e-01,2.003346618318751382e+00
6.884700000000000000e+04,3.468210261939556616e-01,2.016292894472073272e+00
6.884800000000000000e+04,3.662083960072265443e-01,2.025924319850481936e+00
6.884900000000000000e+04,3.579315253493638438e-01,1.972313093536989470e+00
6.885000000000000000e+04,3.613212582249902272e-01,1.958211654919637112e+00
6.885100000000000000e+04,3.452866133203415511e-01,1.777187839855880469e+00
6.885200000000000000e+04,3.387466206024985493e-01,1.734507841318272625e+00
6.885300000000000000e+04,3.187960734549343811e-01,1.726875119267518244e+00
6.885400000000000000e+04,3.227026770738741779e-01,1.731759290253013006e+00
6.885500000000000000e+04,3.117869536663736008e-01,1.849373882240087141e+00
6.885600000000000000e+04,3.054782952464327739e-01,1.852230425964137339e+00
6.885700000000000000e+04,2.934980533114030510e-01,1.871834507664971170e+00
6.885800000000000000e+04,2.762704618337612494e-01,1.884704178907465888e+00
6.885900000000000000e+04,2.715572316988099089e-01,1.877151627269693535e+00
6.886000000000000000e+04,2.657689315519979889e-01,1.900554896142338634e+00
6.886100000000000000e+04,2.600948196376970389e-01,1.909207523773325477e+00
6.886200000000000000e+04,2.596159029343864666e-01,1.951130768684514294e+00
6.886300000000000000e+04,2.522114422942773881e-01,1.970115630019439124e+00
6.886400000000000000e+04,2.532798476480356276e-01,2.008919979032480541e+00
6.886500000000000000e+04,2.440635367527052568e-01,2.024122115084448836e+00
6.886600000000000000e+04,2.329374243338591111e-01,2.023207383407132909e+00
6.886700000000000000e+04,2.237953028166228542e-01,2.026342184686228620e+00
6.886800000000000000e+04,2.126548097999474418e-01,2.024363551126953098e+00
6.886900000000000000e+04,1.823184968476558032e-01,2.049278440778117272e+00
6.887000000000000000e+04,1.762145148858388910e-01,2.070761264025232862e+00
6.887100000000000000e+04,1.756342281162446006e-01,2.061890882254679980e+00
6.887200000000000000e+04,1.702138082489747795e-01,2.045589814087286129e+00
6.887300000000000000e+04,1.651669311832630604e-01,2.036801745071503689e+00
6.887400000000000000e+04,1.575178471108788780e-01,2.026946916786432240e+00
6.887500000000000000e+04,1.518072792307579022e-01,2.046471063150892888e+00
6.887600000000000000e+04,1.406553307803576069e-01,2.057870682837627641e+00
6.887700000000000000e+04,1.536030465533363421e-01,2.047065533424394346e+00
6.887800000000000000e+04,1.577090096217840520e-01,2.082867058184771025e+00
6.887900000000000000e+04,1.635055167310310587e-01,2.112480406461060056e+00
6.888000000000000000e+04,1.587685061178398804e-01,2.093047750794589490e+00
6.888100000000000000e+04,1.728264924027383409e-01,2.098695945379908778e+00
6.888200000000000000e+04,1.888833603988423482e-01,2.107481041383728382e+00
6.888300000000000000e+04,1.658704204768406687e-01,2.088411668017723599e+00
6.888400000000000000e+04,1.733161560099692466e-01,2.068472870437757294e+00
6.888500000000000000e+04,1.805679765378211399e-01,2.035059446050658138e+00
6.888600000000000000e+04,1.779233266065125829e-01,2.007211297918139792e+00
6.888700000000000000e+04,1.516728547101972580e-01,1.982819969459947984e+00
6.888800000000000000e+04,1.557949865114409138e-01,1.941023031630317419e+00
6.888900000000000000e+04,1.552770672780680872e-01,1.939604651037754479e+00
6.889000000000000000e+04,1.436944263574456149e-01,1.906052119089221009e+00
6.889100000000000000e+04,1.426120892246930949e-01,1.899971238429692733e+00
6.889200000000000000e+04,1.413537739759775369e-01,1.889653398988123456e+00
6.889300000000000000e+04,1.521682502775051071e-01,1.867520744202391114e+00
6.889400000000000000e+04,1.512370036990654532e-01,1.856951029762139882e+00
6.889500000000000000e+04,1.399169977125006015e-01,1.854518745293585624e+00
6.889600000000000000e+04,1.589157516209408760e-01,1.856129565937362003e+00
6.889700000000000000e+04,1.460986848470394450e-01,1.838684089295270496e+00
6.889800000000000000e+04,1.434828760101289069e-01,1.819779728415042541e+00
6.889900000000000000e+04,1.289601378180941504e-01,1.829498089829183272e+00
6.890000000000000000e+04,1.341577275916870648e-01,1.842857242654122985e+00
6.890100000000000000e+04,1.350350842122140516e-01,1.786356699169907358e+00
6.890200000000000000e+04,1.224978171880147931e-01,1.792003694111247825e+00
6.890300000000000000e+04,1.164149494112484279e-01,1.763548518515399621e+00
6.890400000000000000e+04,1.166939054249839375e-01,1.750708566257543453e+00
6.890500000000000000e+04,1.134395516521692210e-01,1.757359651473468176e+00
6.890600000000000000e+04,1.144349158896250246e-01,1.762818761339040918e+00
6.890700000000000000e+04,1.088149672067750817e-01,1.764617711106922116e+00
6.890800000000000000e+04,9.370547842056417553e-02,1.816829160781459507e+00
6.890900000000000000e+04,7.125041844190906082e-02,1.813375244105124295e+00
6.891000000000000000e+04,8.017040149903030544e-02,1.825166455393571141e+00
6.891100000000000000e+04,9.363179976227900547e-02,1.801759591002362271e+00
6.891200000000000000e+04,7.905612691125966929e-02,1.793038741643123046e+00
6.891300000000000000e+04,7.002187592670160166e-02,1.779236808343803489e+00
6.891400000000000000e+04,1.184664768810027857e-01,1.759681021943354295e+00
6.891500000000000000e+04,5.856765858929366408e-02,1.803090554985590899e+00
6.891600000000000000e+04,4.241185973969150563e-02,1.784834469922440547e+00
6.891700000000000000e+04,5.804694736607974442e-02,1.783240274073286002e+00
6.891800000000000000e+04,4.044403778563569751e-02,1.745153594580322931e+00
6.891900000000000000e+04,4.735660448376262377e-02,1.734532200489976361e+00
6.892000000000000000e+04,4.930852834930015555e-02,1.720604889234039092e+00
6.892100000000000000e+04,4.496096089495723452e-02,1.708915746171967953e+00
6.892200000000000000e+04,3.662170464311878537e-02,1.709518781093844808e+00
6.892300000000000000e+04,3.142694539680680743e-02,1.704099146712081847e+00
6.892400000000000000e+04,3.695804348660993582e-02,1.671004178929262451e+00
6.892500000000000000e+04,3.178710820707428969e-02,1.661014681120185799e+00
6.892600000000000000e+04,3.089735070381700865e-02,1.643025236203175865e+00
6.892700000000000000e+04,3.144725433654668029e-02,1.632068756619812433e+00
6.892800000000000000e+04,2.859661892850253254e-02,1.637179443509477750e+00
6.892900000000000000e+04,2.240542793764419699e-02,1.622654934178392239e+00
6.893000000000000000e+04,2.579525201470867640e-02,1.573415373383770799e+00
6.893100000000000000e+04,3.335637144705794199e-02,1.540795897954353677e+00
6.893200000000000000e+04,3.210564416081903433e-02,1.512651220307386524e+00
6.893300000000000000e+04,3.158273751351705488e-02,1.502809421326158912e+00
6.893400000000000000e+04,3.272351381702399975e-02,1.503472077904717707e+00
6.893500000000000000e+04,2.927083445020465732e-02,1.485770870960948287e+00
6.893600000000000000e+04,2.652999901149113646e-02,1.492073503231324594e+00
6.893700000000000000e+04,2.247968858249436291e-02,1.498817548286062618e+00
6.893800000000000000e+04,2.776356347194107455e-02,1.485205402881280889e+00
6.893900000000000000e+04,3.512623110986455577e-02,1.495591768068845084e+00
6.894000000000000000e+04,3.684480597168253435e-02,1.493422595815768972e+00
6.894100000000000000e+04,3.288794717327215428e-02,1.483848607919608042e+00
6.894200000000000000e+04,2.733513939084844177e-02,1.477248077349582189e+00
6.894300000000000000e+04,4.191310030785588142e-02,1.470410782469357969e+00
6.894400000000000000e+04,5.314908660497474208e-02,1.473381906200415870e+00
6.894500000000000000e+04,6.157184785245134462e-02,1.478546442912907821e+00
6.894600000000000000e+04,7.187879865943393176e-02,1.490163027958075759e+00
6.894700000000000000e+04,7.813322323804587632e-02,1.504110045952753438e+00
6.894800000000000000e+04,8.594781152867467244e-02,1.517880249724861130e+00
6.894900000000000000e+04,9.256619902409986278e-02,1.533932404490006007e+00
6.895000000000000000e+04,9.713696017715657549e-02,1.549623107526116428e+00
6.895100000000000000e+04,1.037729148262847567e-01,1.560796993541099908e+00
6.895200000000000000e+04,1.102195597577265568e-01,1.572556650551586443e+00
6.895300000000000000e+04,1.137821654683595779e-01,1.582547744627003539e+00
6.895400000000000000e+04,1.157110462393002026e-01,1.591488325339948773e+00
6.895500000000000000e+04,1.176987268096086336e-01,1.598110293303818707e+00
6.895600000000000000e+04,1.211475171585435773e-01,1.602970801378535981e+00
6.895700000000000000e+04,1.223398840181190439e-01,1.605597102035208223e+00
6.895800000000000000e+04,1.263059977642354836e-01,1.610704390404016806e+00
6.895900000000000000e+04,1.313690126408706693e-01,1.622143314611541598e+00
6.896000000000000000e+04,1.367330667793013044e-01,1.634358106473378314e+00
6.896100000000000000e+04,1.411973593448765107e-01,1.644806198488598881e+00
6.896200000000000000e+04,1.443509935571899716e-01,1.655642578697484879e+00
6.896300000000000000e+04,1.511753819989408443e-01,1.666230612399637323e+00
6.896400000000000000e+04,1.582871890598261111e-01,1.675339669308378632e+00
6.896500000000000000e+04,1.638602882281916528e-01,1.683250733917621034e+00
6.896600000000000000e+04,1.707420817609517361e-01,1.690756810045556335e+00
6.896700000000000000e+04,1.774419012740583168e-01,1.696656538333655817e+00
6.896800000000000000e+04,1.823697020288751747e-01,1.703485976340314068e+00
6.896900000000000000e+04,1.858088985747453903e-01,1.711691503665736747e+00
6.897000000000000000e+04,1.898216112299747904e-01,1.720636240241148585e+00
6.897100000000000000e+04,1.988639149315573063e-01,1.717833426860291723e+00
6.897200000000000000e+04,1.906864602918232066e-01,1.715565660093421485e+00
6.897300000000000000e+04,2.013449664804705663e-01,1.718599734109844235e+00
6.897400000000000000e+04,2.012842675688060745e-01,1.724069983651379090e+00
6.897500000000000000e+04,2.005861322054436346e-01,1.755921734556480374e+00
6.897600000000000000e+04,1.971303401247514742e-01,1.713474700954826346e+00
6.897700000000000000e+04,1.917926763651402744e-01,1.647198979469965963e+00
6.897800000000000000e+04,1.961041055381418652e-01,1.633381062270679251e+00
6.897900000000000000e+04,1.926035349247166850e-01,1.619781357020215751e+00
6.898000000000000000e+04,1.926124674330769448e-01,1.603212157774496660e+00
6.898100000000000000e+04,1.962175808490240203e-01,1.582019379467084264e+00
6.898200000000000000e+04,2.236365240490406636e-01,1.594915142481315939e+00
6.898300000000000000e+04,2.082571042848028742e-01,1.592906878097679169e+00
6.898400000000000000e+04,2.057101162145332784e-01,1.645074526264419745e+00
6.898500000000000000e+04,1.905418175623120880e-01,1.726826307445350039e+00
6.898600000000000000e+04,1.799004650754106871e-01,1.791949328136933417e+00
6.898700000000000000e+04,1.623286518582733318e-01,1.829041044638682223e+00
6.898800000000000000e+04,1.735975560799189743e-01,1.878868135809117490e+00
6.898900000000000000e+04,1.821211058666302729e-01,1.942208977605563547e+00
6.899000000000000000e+04,1.641801222946411842e-01,1.969143790771770597e+00
6.899100000000000000e+04,1.449653941657119693e-01,2.046993418551878108e+00
6.899200000000000000e+04,1.420409779821410201e-01,2.097900540666657321e+00
6.899300000000000000e+04,1.301841642769267504e-01,2.154289940098390588e+00
6.899400000000000000e+04,1.176584202093039627e-01,2.167249195794408223e+00
6.899500000000000000e+04,1.159707370618013739e-01,2.246774772641828122e+00
6.899600000000000000e+04,1.057737743376771372e-01,2.308755336278469628e+00
6.899700000000000000e+04,9.939191778051317816e-02,2.385120473134421104e+00
6.899800000000000000e+04,8.984030041026037916e-02,2.483173814344414865e+00
6.899900000000000000e+04,8.670398327438853803e-02,2.660290991228247748e+00
6.900000000000000000e+04,8.348244116907803380e-02,2.789795260567565549e+00
6.900100000000000000e+04,1.137476252285343770e-01,2.200425001846845419e+00
6.900200000000000000e+04,1.272038447014286755e-01,2.034575784908252416e+00
6.900300000000000000e+04,1.231943700351970511e-01,2.077219060466671152e+00
6.900400000000000000e+04,1.239660743172836255e-01,2.059870228806992998e+00
6.900500000000000000e+04,1.270482054915535730e-01,2.045516571048615617e+00
6.900600000000000000e+04,1.207875991979812935e-01,2.039566763360909363e+00
6.900700000000000000e+04,1.249236219223528871e-01,2.002974311698054066e+00
6.900800000000000000e+04,1.282599420412603719e-01,1.949093541470343638e+00
6.900900000000000000e+04,1.244712294850783552e-01,1.920559570844520891e+00
6.901000000000000000e+04,1.177278858699575548e-01,1.918355001121337722e+00
6.901100000000000000e+04,1.242336073618733050e-01,1.901206103975336958e+00
6.901200000000000000e+04,1.150204080423672115e-01,1.877078672394990377e+00
6.901300000000000000e+04,9.981058660173053321e-02,1.814836992069061239e+00
6.901400000000000000e+04,9.056459335421165879e-02,1.769702027686193446e+00
6.901500000000000000e+04,1.025474012466722623e-01,1.806477732565312522e+00
6.901600000000000000e+04,9.941529928581424591e-02,1.789481125145048424e+00
6.901700000000000000e+04,9.771050582783566418e-02,1.769669068873817253e+00
6.901800000000000000e+04,9.823902754331306775e-02,1.740126335295197890e+00
6.901900000000000000e+04,9.777935196337213253e-02,1.726441655238399875e+00
6.902000000000000000e+04,9.819481474226654516e-02,1.717587919479001357e+00
6.902100000000000000e+04,9.614411477854958865e-02,1.714742902896411181e+00
6.902200000000000000e+04,9.668921062516390441e-02,1.703645728580458041e+00
6.902300000000000000e+04,9.972397204511618263e-02,1.692652245034352632e+00
6.902400000000000000e+04,1.038557005925270366e-01,1.688675115910150737e+00
6.902500000000000000e+04,1.051524720442361949e-01,1.685378965617243097e+00
6.902600000000000000e+04,1.069261094595261447e-01,1.682939979335280611e+00
6.902700000000000000e+04,1.090997137150908902e-01,1.676574737875295540e+00
6.902800000000000000e+04,1.125253659270396001e-01,1.669593831587583566e+00
6.902900000000000000e+04,1.194838409085706293e-01,1.666118994511872842e+00
6.903000000000000000e+04,1.202505356830250172e-01,1.654384559153385226e+00
6.903100000000000000e+04,1.211507988537186553e-01,1.647808970026055420e+00
6.903200000000000000e+04,1.205054766130459060e-01,1.637964693392230942e+00
6.903300000000000000e+04,1.227267226372189962e-01,1.623211100220164127e+00
6.903400000000000000e+04,1.247991933018710448e-01,1.611902920713870202e+00
6.903500000000000000e+04,1.251553287236541745e-01,1.596294091262745241e+00
6.903600000000000000e+04,1.289896199696231871e-01,1.578984443652529990e+00
6.903700000000000000e+04,1.296150284801355634e-01,1.563034685716623073e+00
6.903800000000000000e+04,1.314821673914029487e-01,1.547037337702708015e+00
6.903900000000000000e+04,1.318360732099937982e-01,1.525792482969308139e+00
6.904000000000000000e+04,1.314167982442645821e-01,1.509987055989860494e+00
6.904100000000000000e+04,1.317511198762715274e-01,1.490716533523730902e+00
6.904200000000000000e+04,1.334190610525970988e-01,1.475703365848787030e+00
6.904300000000000000e+04,1.339051575192699295e-01,1.457299953835018869e+00
6.904400000000000000e+04,1.392003975628300638e-01,1.444741877784004203e+00
6.904500000000000000e+04,1.372582550996819528e-01,1.429036161405662142e+00
6.904600000000000000e+04,1.391007546209503676e-01,1.414744909042781273e+00
6.904700000000000000e+04,1.407605771082863222e-01,1.401217635801682349e+00
6.904800000000000000e+04,1.414340764970580810e-01,1.383005284137041713e+00
6.904900000000000000e+04,1.448480002958500157e-01,1.373178173096242460e+00
6.905000000000000000e+04,1.452581751765870122e-01,1.359500521039919363e+00
6.905100000000000000e+04,1.449727347866325566e-01,1.344206918837834053e+00
6.905200000000000000e+04,1.432283456953456768e-01,1.332787674090244678e+00
6.905300000000000000e+04,1.423591531779608288e-01,1.324657999975922706e+00
6.905400000000000000e+04,1.463169302901429769e-01,1.319579013081675356e+00
6.905500000000000000e+04,1.446300668930614042e-01,1.312924103932743947e+00
6.905600000000000000e+04,1.419782257156634586e-01,1.302248214635305601e+00
6.905700000000000000e+04,1.411790049881607723e-01,1.290590832220171791e+00
6.905800000000000000e+04,1.412204028404172029e-01,1.279422706637927121e+00
6.905900000000000000e+04,1.440474378852497350e-01,1.270765485694870023e+00
6.906000000000000000e+04,1.435784852316003002e-01,1.257483354455349200e+00
6.906100000000000000e+04,1.260508214986378051e-01,1.247063810426123354e+00
6.906200000000000000e+04,1.286084395916520517e-01,1.231962351799431588e+00
6.906300000000000000e+04,1.288248733897236209e-01,1.219515440114356863e+00
6.906400000000000000e+04,1.331208288192692324e-01,1.203013530873732861e+00
6.906500000000000000e+04,1.354869773104329100e-01,1.188061513003479064e+00
6.906600000000000000e+04,1.346859909456157023e-01,1.172673165467244871e+00
6.906700000000000000e+04,1.352089106594021317e-01,1.155931878457224116e+00
6.906800000000000000e+04,1.376665816758308458e-01,1.140107752277003783e+00
6.906900000000000000e+04,1.401848468331059749e-01,1.123483644435474105e+00
6.907000000000000000e+04,1.422560592416046155e-01,1.102252160186676377e+00
6.907100000000000000e+04,1.412393445579153139e-01,1.084944126052121760e+00
6.907200000000000000e+04,1.421462297666823138e-01,1.067228864451713832e+00
6.907300000000000000e+04,1.452252706622444989e-01,1.052649769545279668e+00
6.907400000000000000e+04,1.466828786240392257e-01,1.041634773222277488e+00
6.907500000000000000e+04,1.487259826729152024e-01,1.028327436076057921e+00
6.907600000000000000e+04,1.468471835562023819e-01,1.013058216104830933e+00
6.907700000000000000e+04,1.472527055943044505e-01,9.982208491942472506e-01
6.907800000000000000e+04,1.486790070973159905e-01,9.826947780163095558e-01
6.907900000000000000e+04,1.490945090399694584e-01,9.723810227698166386e-01
6.908000000000000000e+04,1.503037330815936157e-01,9.575445363535521892e-01
6.908100000000000000e+04,1.497477627563006675e-01,9.404947969465027313e-01
6.908200000000000000e+04,1.490964148812839452e-01,9.235770847206055123e-01
6.908300000000000000e+04,1.520237267396901404e-01,8.998453711054494875e-01
6.908400000000000000e+04,1.485660498028457122e-01,8.903098290969957418e-01
6.908500000000000000e+04,1.520013307239540812e-01,8.717560411267974985e-01
6.908600000000000000e+04,1.512141426586600945e-01,8.539081431157029556e-01
6.908700000000000000e+04,1.520753462744487972e-01,8.341450049796286237e-01
6.908800000000000000e+04,1.520904395676218601e-01,8.113735212540440500e-01
6.908900000000000000e+04,1.523108886855049082e-01,7.959313809975974152e-01
6.909000000000000000e+04,1.532965791401107170e-01,7.992096447481848998e-01
6.909100000000000000e+04,1.371023987751205653e-01,7.818154514492761109e-01
6.909200000000000000e+04,1.432481419014362267e-01,7.766074722836506794e-01
6.909300000000000000e+04,1.410700826543311026e-01,7.463841128861687935e-01
6.909400000000000000e+04,1.471062328799519758e-01,7.152918912721091260e-01
6.909500000000000000e+04,1.481998767518734050e-01,7.279930917760104592e-01
6.909600000000000000e+04,1.453516090744841616e-01,7.156771804049633090e-01
6.909700000000000000e+04,1.515470365754242321e-01,7.063010246710490492e-01
6.909800000000000000e+04,1.477642890657519248e-01,7.047405855375465933e-01
6.909900000000000000e+04,1.548783835551598709e-01,6.912534125334062196e-01
6.910000000000000000e+04,1.537984953066944549e-01,6.949907281510405710e-01
6.910100000000000000e+04,1.612955295137697698e-01,6.989445664585218765e-01
6.910200000000000000e+04,1.633988281305646662e-01,6.937940334664887132e-01
6.910300000000000000e+04,1.659844149526474300e-01,6.839938204048010562e-01
6.910400000000000000e+04,1.666376391029837922e-01,6.600687999099612568e-01
6.910500000000000000e+04,1.616620913430591999e-01,6.447407672725518069e-01
6.910600000000000000e+04,1.703315963197907235e-01,6.507500068695790674e-01
6.910700000000000000e+04,1.729834229178880689e-01,6.315437581825484870e-01
6.910800000000000000e+04,1.729644482669803196e-01,6.310993029687779199e-01
6.910900000000000000e+04,1.777965981812849594e-01,6.024757786810468474e-01
6.911000000000000000e+04,1.789059532156956067e-01,5.877949689512433906e-01
6.911100000000000000e+04,1.786110435053167855e-01,5.739690433207549347e-01
6.911200000000000000e+04,5.089233312494866046e-02,1.134165249013108223e-02
6.911300000000000000e+04,2.453970032130891460e-02,1.630509343211983264e-02
6.911400000000000000e+04,1.372938877698118461e-02,1.629456366886827823e-02
6.911500000000000000e+04,6.193402330270286749e-02,3.886777179966571794e-02
6.911600000000000000e+04,7.913986465313552210e-02,4.479722025597610013e-02
6.911700000000000000e+04,7.502842857954568345e-02,6.943470890342595681e-02
6.911800000000000000e+04,6.908204961297569058e-02,6.770327254203323264e-02
6.911900000000000000e+04,5.918739400136200507e-02,5.997808577047081258e-02
6.912000000000000000e+04,7.925448981041868790e-02,4.868731057659658745e-02
6.912100000000000000e+04,1.360477640304851542e-02,2.696895358327466852e-02
6.912200000000000000e+04,9.637155608524740694e-03,2.783782665578371507e-02
6.912300000000000000e+04,1.255623422505656485e-02,1.909092780523735655e-02
6.912400000000000000e+04,1.723329236908609924e-02,1.621804611825083953e-02
6.912500000000000000e+04,1.132611074823371144e-02,9.823346887184669640e-03
6.912600000000000000e+04,8.531525959823822725e-03,2.338055387053117329e-03
6.912700000000000000e+04,1.294151767364809004e-02,8.134193795669375504e-03
6.912800000000000000e+04,1.343653088840745559e-02,1.726388322470384651e-02
6.912900000000000000e+04,1.354379218968457255e-02,1.295808113322749477e-02
6.913000000000000000e+04,1.249019999552618797e-02,1.823159425414644375e-02
6.913100000000000000e+04,1.229767841897266671e-02,7.643720946440168973e-03
6.913200000000000000e+04,1.413189281394569390e-02,4.788697467546398912e-03
6.913300000000000000e+04,1.664469059455290362e-02,4.647228822133087078e-03
6.913400000000000000e+04,9.884802941186900810e-03,2.338248110831386839e-04
6.913500000000000000e+04,1.859786009779249016e-02,1.114404510962074824e-02
6.913600000000000000e+04,1.946702759384707701e-02,3.639634187422302602e-02
6.913700000000000000e+04,1.117954076746153179e-02,1.459965106478477992e-02
6.913800000000000000e+04,1.800166211849894143e-02,1.080387427831652758e-02
6.913900000000000000e+04,1.440457063938388287e-02,2.429717790972674152e-02
6.914000000000000000e+04,1.410431709935407521e-02,2.669411552702882773e-02
6.914100000000000000e+04,1.798539884456760302e-02,1.015483890530077815e-02
6.914200000000000000e+04,2.123211357122523069e-02,1.765740640849600140e-02
6.914300000000000000e+04,2.083833357487200472e-02,1.247768632127943533e-02
6.914400000000000000e+04,2.029871386435356737e-02,9.619620574923715139e-03
6.914500000000000000e+04,2.311779496162814571e-02,1.375410641458429950e-02
6.914600000000000000e+04,2.431848215492626863e-02,9.402738339833405234e-03
6.914700000000000000e+04,2.050205347366560252e-02,1.244593564891971482e-02
6.914800000000000000e+04,1.946430685036285024e-02,1.320594855532775114e-02
6.914900000000000000e+04,1.824853715495423218e-02,1.278240556865384292e-02
6.915000000000000000e+04,1.605188151206073804e-02,1.356655595478528653e-02
6.915100000000000000e+04,1.012132404082654062e-03,2.616023357889218914e-02
6.915200000000000000e+04,2.587511357580180981e-03,2.949195554549177700e-02
6.915300000000000000e+04,3.060197513029616796e-03,2.929729569685690649e-02
6.915400000000000000e+04,4.328461147841639566e-03,2.102062639258761578e-02
6.915500000000000000e+04,6.578754673994754998e-03,1.529967952692246058e-02
6.915600000000000000e+04,7.204919323892844570e-03,8.814246320891783171e-03
6.915700000000000000e+04,9.643203346076425694e-03,8.935641997581456053e-03
6.915800000000000000e+04,9.370911312082910727e-03,3.990113891877200558e-03
6.915900000000000000e+04,1.043530702617264175e-02,2.439109142997608615e-03
6.916000000000000000e+04,1.178968381127790468e-02,2.144714732832397885e-03
6.916100000000000000e+04,9.349993405434230478e-03,1.335784281746299484e-03
6.916200000000000000e+04,8.029666725180914857e-03,7.773776670493504071e-03
6.916300000000000000e+04,1.462957652885840676e-02,5.968949179173677067e-03
6.916400000000000000e+04,1.506974722304769282e-02,5.366136657130482490e-03
6.916500000000000000e+04,1.808697076749100213e-02,1.166940020423723468e-02
6.916600000000000000e+04,1.727536749541185024e-02,1.007405323151999710e-02
6.916700000000000000e+04,1.067078480213662882e-02,3.671924327360187590e-03
6.916800000000000000e+04,9.642619285620945141e-03,2.570130161583250583e-03
6.916900000000000000e+04,1.803308118015108097e-02,4.063557265389761142e-03
6.917000000000000000e+04,1.974489061276494054e-02,1.405484461375650085e-02
6.917100000000000000e+04,1.263882835263136981e-02,4.063237179039447255e-04
6.917200000000000000e+04,6.893453662132951673e-03,4.596742460343250514e-04
6.917300000000000000e+04,9.604500792710902318e-03,6.681589430527878903e-03
6.917400000000000000e+04,1.594662271562555592e-02,1.219603069786145966e-02
6.917500000000000000e+04,3.618464604527736606e-02,2.951541859702899728e-02
6.917600000000000000e+04,3.931866639418765685e-02,1.438468112518265229e-02
6.917700000000000000e+04,2.729869927275488731e-02,3.719444527220616692e-03
6.917800000000000000e+04,6.377238326401891109e-03,2.964428496662918633e-02
6.917900000000000000e+04,1.280016307023169007e-02,3.995561720479656742e-02
6.918000000000000000e+04,4.623289726934900340e-02,6.198362521130817981e-02
6.918100000000000000e+04,6.965292716983565065e-03,9.636207620314252154e-03
6.918200000000000000e+04,5.398668246628653827e-03,5.716251087616086579e-03
6.918300000000000000e+04,3.706709525812295920e-03,3.175030269957801465e-03
6.918400000000000000e+04,8.269231301205395845e-03,8.893544085527338439e-03
6.918500000000000000e+04,1.190087036551351445e-02,2.074326425105255112e-02
6.918600000000000000e+04,1.668758498640455709e-02,4.148139362694891474e-02
6.918700000000000000e+04,1.739764191008334737e-02,1.744263388018651995e-02
6.918800000000000000e+04,1.676624148756848676e-02,4.123579693076351305e-02
6.918900000000000000e+04,2.038567856944864531e-02,5.283731666605717692e-02
6.919000000000000000e+04,1.580918196499445788e-02,3.018061661389026540e-02
6.919100000000000000e+04,1.489412945852330167e-02,4.395311730630879765e-02
6.919200000000000000e+04,1.670132949103777381e-02,2.526002096360713267e-02
6.919300000000000000e+04,4.816212960576400637e-02,6.705314387647831609e-02
6.919400000000000000e+04,5.981356519804333777e-02,8.946943536670914909e-02
6.919500000000000000e+04,6.564038957894267889e-02,9.504959427761150437e-02
6.919600000000000000e+04,6.684972332567830355e-02,1.594478806700116991e-01
6.919700000000000000e+04,1.196417256652069876e-02,2.369892855914912388e-01
6.919800000000000000e+04,9.885055181515792211e-02,4.684930154405186897e-01
6.919900000000000000e+04,8.507771007154285581e-02,5.133613544018515995e-01
6.920000000000000000e+04,9.017960202942347514e-02,4.587427006236772797e-01
6.920100000000000000e+04,8.726236455105000622e-02,4.966290476733767889e-01
6.920200000000000000e+04,8.888322496010228613e-02,5.312858548816983273e-01
6.920300000000000000e+04,9.611100833650242092e-02,5.733743988071999809e-01
6.920400000000000000e+04,1.045076667043051410e-01,6.098800704153042318e-01
6.920500000000000000e+04,9.138101039675945725e-02,6.219284790379830952e-01
6.920600000000000000e+04,3.247936577823819226e-02,4.883788971069122908e-01
6.920700000000000000e+04,9.610507285591135540e-02,6.306477585849492584e-01
6.920800000000000000e+04,9.163791822157738021e-02,5.603862891578081928e-01
6.920900000000000000e+04,8.698117405322318418e-02,6.074910930685355481e-01
6.921000000000000000e+04,1.031069508037223276e-01,6.699974890226414459e-01
6.921100000000000000e+04,1.273554149090066479e-01,7.065689059365745095e-01
6.921200000000000000e+04,2.899369892625494952e-03,4.820941407377432597e-03
6.921300000000000000e+04,1.389781406804962115e-02,2.007561855177897314e-02
6.921400000000000000e+04,4.188127271413825264e-03,7.763645593371393261e-03
6.921500000000000000e+04,1.166785479549537798e-02,2.206260826385531004e-02
6.921600000000000000e+04,7.137796029451866364e-03,2.950969834039796069e-02
6.921700000000000000e+04,6.401790530052982493e-03,7.019895906140050101e-03
6.921800000000000000e+04,5.702725800646853138e-03,7.181436894651227476e-03
6.921900000000000000e+04,1.539955764228408998e-02,1.092301762668057563e-02
6.922000000000000000e+04,2.015253982424061729e-02,1.992674373434155655e-02
6.922100000000000000e+04,1.195601445883413654e-02,2.091169755875554870e-02
6.922200000000000000e+04,1.269414451709406644e-02,1.006742844502639400e-02
6.922300000000000000e+04,7.886478402640957836e-04,2.354559302930780973e-02
6.922400000000000000e+04,5.679499351175389295e-03,2.549271604915759326e-02
6.922500000000000000e+04,1.406409649576375112e-02,2.373244677286479032e-02
6.922600000000000000e+04,9.709244693337129584e-03,3.554008970429123337e-02
6.922700000000000000e+04,2.149750812226923144e-02,3.976328933599404536e-02
6.922800000000000000e+04,1.845134377896870403e-02,4.541832870913609099e-02
6.922900000000000000e+04,1.120089061571765028e-02,5.070362681584583697e-02
6.923000000000000000e+04,1.351515074285694444e-02,4.577415516319049971e-02
6.923100000000000000e+04,8.458021087359402293e-03,4.185862128515438485e-02
6.923200000000000000e+04,1.558140606067911528e-02,4.718110240015960244e-02
6.923300000000000000e+04,2.573171837365011844e-02,3.693133840293683079e-02
6.923400000000000000e+04,2.405093625657842016e-02,4.210013644685162149e-02
6.923500000000000000e+04,2.063729279037380265e-02,4.885019010431790321e-02
6.923600000000000000e+04,1.682311769122836823e-02,5.905471013543817094e-02
6.923700000000000000e+04,1.344796576963486028e-02,7.039388717950956220e-02
6.923800000000000000e+04,1.972292562679579461e-02,9.778630676073163386e-02
6.923900000000000000e+04,2.041732656159407633e-02,1.209238387466875508e-01
6.924000000000000000e+04,2.175787886346758349e-02,1.110020606770625307e-01
6.924100000000000000e+04,6.662488348065489022e-03,2.394308543107115383e-02
6.924200000000000000e+04,5.712178303831597082e-03,1.724409469460397304e-02
6.924300000000000000e+04,8.987356593669611898e-03,1.735583083864611353e-02
6.924400000000000000e+04,1.106122393676776602e-02,2.242594765648320276e-02
6.924500000000000000e+04,1.681338904900726849e-01,1.107585315686776539e-02
6.924600000000000000e+04,3.215771490187703807e-01,2.607374244488624981e-02
6.924700000000000000e+04,9.377098567984755093e-03,1.805111388338076495e-02
6.924800000000000000e+04,2.567118116888780950e-03,2.179906446139057152e-02
6.924900000000000000e+04,6.123808309121473760e-03,2.967714202839388804e-02
6.925000000000000000e+04,1.327605538052916735e-02,2.261564705069574188e-02
6.925100000000000000e+04,6.491376388102251815e-03,2.911447982303627668e-02
6.925200000000000000e+04,5.162556113566176864e-03,2.625277486331967225e-02
6.925300000000000000e+04,1.471022340323328674e-02,3.399817258099702144e-02
6.925400000000000000e+04,8.650449418300213203e-03,3.921922202558292270e-02
6.925500000000000000e+04,4.786561213190672522e-03,4.082298576771137277e-02
6.925600000000000000e+04,1.142462404696266941e-02,3.415993147766371862e-02
6.925700000000000000e+04,1.638331868635488353e-02,2.820409973736914822e-02
6.925800000000000000e+04,1.245673893607980413e-02,2.015517704855440684e-02
6.925900000000000000e+04,8.647470910532639721e-03,2.726617513507179069e-02
6.926000000000000000e+04,9.559093493128854868e-03,3.399810231569588836e-02
6.926100000000000000e+04,2.247054400391381573e-02,3.316676830874953907e-02
6.926200000000000000e+04,2.646392098402424245e-02,1.871866878608585694e-02
6.926300000000000000e+04,1.275104879947309804e-02,3.171779111274375396e-02
6.926400000000000000e+04,2.192630802284581751e-02,5.939222650442488316e-02
6.926500000000000000e+04,3.828868072003079742e-02,5.949225064288299336e-02
6.926600000000000000e+04,1.352771529622577400e-02,1.630975392316713624e-02
6.926700000000000000e+04,2.398724362903553731e-02,7.126613474540377524e-02
6.926800000000000000e+04,2.707823694699348221e-02,1.236074581248800541e-01
6.926900000000000000e+04,3.069593750082848932e-02,1.400808486458444690e-01
6.927000000000000000e+04,2.384012651816520834e-02,1.173208516915842381e-01
6.927100000000000000e+04,8.341672292173803877e-03,3.254884455008522082e-02
6.927200000000000000e+04,1.666600718004748391e-02,3.849302906702334326e-02
6.927300000000000000e+04,7.955144994030650257e-03,1.210298942105936248e-02
6.927400000000000000e+04,1.927751669046526848e-03,3.052056607462105831e-03
6.927500000000000000e+04,3.831762545531713395e-03,6.169531979814735223e-03
6.927600000000000000e+04,5.535193385960110977e-03,1.212914853968882767e-02
6.927700000000000000e+04,1.601579756772680482e-02,1.893578048630928379e-02
6.927800000000000000e+04,1.787326119278747141e-02,4.115847349977386216e-02
6.927900000000000000e+04,1.533389115856839333e-02,2.894096108313704008e-02
6.928000000000000000e+04,1.383211892603100623e-02,1.473280206133509296e-02
6.928100000000000000e+04,1.414951655408882257e-02,1.170278525307821837e-02
6.928200000000000000e+04,1.877410311866883896e-02,1.085644013268094454e-02
6.928300000000000000e+04,2.377267840202848190e-02,2.900583193937933402e-02
6.928400000000000000e+04,2.711714642888300372e-02,3.280153977528144082e-02
6.928500000000000000e+04,2.141577743860172828e-02,3.056214581436478284e-02
6.928600000000000000e+04,2.982865862590690018e-02,2.044192890571849830e-02
6.928700000000000000e+04,2.917680778257725899e-02,2.625177825090574402e-02
6.928800000000000000e+04,3.363202975932268191e-02,3.393166348837617363e-02
6.928900000000000000e+04,3.757331905933384425e-02,3.224354100444770665e-02
6.929000000000000000e+04,1.844969352754590591e-02,7.263997546155565033e-02
6.929100000000000000e+04,2.746841856087015726e-02,2.216040456352352805e-02
6.929200000000000000e+04,2.800066891669803631e-02,2.936488652381008535e-02
6.929300000000000000e+04,2.760876769192320904e-02,3.279532026333598083e-02
6.929400000000000000e+04,2.347157069800410306e-02,3.267482824701239963e-02
6.929500000000000000e+04,2.289963806341018329e-02,3.027360041017068681e-02
6.929600000000000000e+04,1.920235171367773094e-02,1.031160738374659047e-02
6.929700000000000000e+04,1.835402005449834895e-02,1.268276723678241069e-03
6.929800000000000000e+04,2.273227010714097551e-02,2.272438189267944608e-02
6.929900000000000000e+04,2.514191060662311281e-02,2.551945424201740309e-02
6.930000000000000000e+04,2.744852438637332415e-02,1.726286482090522156e-02
6.930100000000000000e+04,2.525722790931978867e-04,1.618956858625431039e-02
6.930200000000000000e+04,7.030269555720117941e-03,1.601006218670519843e-02
6.930300000000000000e+04,6.452933290603893486e-03,3.106013391145623359e-02
6.930400000000000000e+04,6.169000589800893893e-03,4.122808941705535801e-02
6.930500000000000000e+04,8.479853307360198794e-03,2.307165441829539532e-02
6.930600000000000000e+04,9.144216002844174698e-03,1.549399677647755880e-02
6.930700000000000000e+04,7.498973923784220917e-03,1.013239785162944884e-02
6.930800000000000000e+04,3.756383706360505101e-03,1.460561804183413415e-03
6.930900000000000000e+04,6.840204900503770412e-03,2.669133006614998749e-02
6.931000000000000000e+04,3.099524809759160535e-03,1.194163801472036823e-02
6.931100000000000000e+04,1.743516067717630971e-02,2.226297732679682895e-02
6.931200000000000000e+04,3.832488172454674453e-03,3.559279779711843616e-02
6.931300000000000000e+04,3.750484665883753194e-03,3.652239673571955336e-02
6.931400000000000000e+04,8.260281272625050533e-03,5.173703981883726044e-02
6.931500000000000000e+04,1.617581273761687505e-02,6.694597018752546091e-02
6.931600000000000000e+04,1.978844241499677636e-02,2.236982679717236522e-02
6.931700000000000000e+04,3.477840071013003215e-02,2.045927037953276795e-02
6.931800000000000000e+04,7.774944611848913500e-02,1.602309046177978757e-01
6.931900000000000000e+04,4.889271280165381761e-02,1.595153097431278866e-02
6.932000000000000000e+04,5.433355242005044605e-02,1.168108325912520229e-02
6.932100000000000000e+04,3.112832439985322580e-02,3.675976003560066374e-02
6.932200000000000000e+04,1.756381974083000633e-02,4.531648676180033419e-02
6.932300000000000000e+04,1.443605222375675574e-02,5.764727975410721683e-02
6.932400000000000000e+04,2.564078883498089115e-02,7.163276792975992180e-02
6.932500000000000000e+04,2.754365229689066316e-02,9.987782263043420983e-02
6.932600000000000000e+04,3.893235299608503036e-02,1.150455330944488708e-01
6.932700000000000000e+04,4.497342711104357349e-02,8.918268414664964894e-02
6.932800000000000000e+04,3.675327057542651654e-02,8.963882038264436858e-02
6.932900000000000000e+04,3.417785042673261026e-02,8.487257936028314020e-02
6.933000000000000000e+04,2.843287243775176679e-02,7.665187484587221434e-02
6.933100000000000000e+04,1.100160303438428924e-02,3.668616297761495559e-02
6.933200000000000000e+04,9.957088888430389376e-03,1.154797368869964203e-02
6.933300000000000000e+04,6.555790324855715820e-03,3.119178983699555374e-02
6.933400000000000000e+04,1.646864474885347332e-02,4.408814720553166921e-02
6.933500000000000000e+04,9.280958154630467027e-03,1.317931550593343104e-03
6.933600000000000000e+04,4.810913001083599351e-03,1.579170218431791284e-02
6.933700000000000000e+04,5.086675275970155286e-03,2.319331868296004018e-02
6.933800000000000000e+04,5.180053858318166976e-03,1.122442246539456789e-02
6.933900000000000000e+04,7.933886842116362123e-03,6.213125067963787274e-03
6.934000000000000000e+04,1.403292203020503962e-02,2.888759694609888129e-03
6.934100000000000000e+04,1.301416015162374339e-02,8.498639795590179347e-03
6.934200000000000000e+04,1.618350527222845239e-02,6.818544843843810099e-03
6.934300000000000000e+04,1.094892478658447514e-02,5.319002880572298864e-03
6.934400000000000000e+04,1.125417751373308968e-02,3.890362948895997874e-03
6.934500000000000000e+04,9.771539126421696989e-03,4.662036338398678481e-04
6.934600000000000000e+04,9.224891785054581059e-03,1.344065649089287717e-04
6.934700000000000000e+04,8.538507776719267764e-03,5.262593842122242904e-03
6.934800000000000000e+04,7.899337521845808952e-03,6.979724211790383492e-03
6.934900000000000000e+04,7.674185330398017139e-03,1.389312995395108885e-02
6.935000000000000000e+04,7.354276626729418231e-03,1.767341400902999737e-02
6.935100000000000000e+04,7.458770966204370835e-03,1.903534274123153125e-02
6.935200000000000000e+04,6.472429333501427892e-03,1.991800431482459999e-02
6.935300000000000000e+04,5.926166727551938039e-03,1.796292000444488224e-02
6.935400000000000000e+04,2.944998925026214368e-02,7.390828144508532205e-03
6.935500000000000000e+04,3.883718095376403369e-03,8.130616531525802770e-03
6.935600000000000000e+04,9.027873771325878663e-03,9.259448961707050785e-03
6.935700000000000000e+04,1.391808333385855315e-02,2.970217787694906519e-03
6.935800000000000000e+04,1.191348769940766411e-02,1.376948593502724805e-02
6.935900000000000000e+04,9.058886527583024512e-03,3.507329934586778108e-02
6.936000000000000000e+04,2.064451666886416362e-02,3.818675899948331676e-03
6.936100000000000000e+04,9.273953728474839189e-03,1.003093642054331269e-02
6.936200000000000000e+04,1.068114272585578978e-02,5.745469014840409727e-03
6.936300000000000000e+04,8.265835656980649593e-03,5.529592765661561771e-03
6.936400000000000000e+04,5.916609503628318494e-03,6.050121808859998396e-03
6.936500000000000000e+04,8.149143120061394172e-03,4.530452744347712724e-03
6.936600000000000000e+04,8.736519154397838147e-03,2.585673508627372996e-03
6.936700000000000000e+04,7.546105578677863440e-03,4.032743441321429145e-03
6.936800000000000000e+04,9.186506105274898706e-03,9.926125117322825986e-03
6.936900000000000000e+04,5.402660026539767880e-03,1.418500213718232317e-02
6.937000000000000000e+04,1.184625375607152586e-02,1.560822088026370125e-02
6.937100000000000000e+04,1.478014269018428778e-02,7.662338726311279657e-03
6.937200000000000000e+04,1.355939327750390125e-02,1.396760465984936417e-02
6.937300000000000000e+04,1.189439596803599543e-02,6.717161029827778407e-03
6.937400000000000000e+04,6.570313827480484675e-03,7.420426917007505452e-03
6.937500000000000000e+04,2.412478306538072288e-03,3.204591425997094234e-02
6.937600000000000000e+04,9.517596907398218758e-03,2.201668435615600217e-02
6.937700000000000000e+04,1.320325572263812350e-02,1.518787386457287614e-02
6.937800000000000000e+04,1.323335408877118931e-02,7.165687055490865820e-03
6.937900000000000000e+04,3.278795062175613589e-02,7.998890399202401857e-02
6.938000000000000000e+04,3.224029148827390473e-02,7.244017696107429849e-02
6.938100000000000000e+04,3.116432675316913731e-02,4.089936916168024350e-02
6.938200000000000000e+04,2.625173392945799600e-02,4.255573702693915550e-02
6.938300000000000000e+04,2.594427570088365942e-02,2.563622685311206517e-02
6.938400000000000000e+04,2.742332533522631732e-02,4.065907375558075465e-02
6.938500000000000000e+04,3.146822149296038540e-02,3.890419261119304473e-02
6.938600000000000000e+04,2.660648711112513151e-02,2.933434453737504555e-02
6.938700000000000000e+04,2.536946721722614650e-02,3.365089602558013482e-02
6.938800000000000000e+04,3.549254955672652423e-02,2.662146297641565518e-02
6.938900000000000000e+04,2.851677654342744603e-02,2.003562508376655060e-02
6.939000000000000000e+04,2.492682605530648771e-02,1.675553209999169901e-02
6.939100000000000000e+04,7.461797166923940430e-04,1.408494928608405861e-02
6.939200000000000000e+04,2.960179508896156400e-03,1.252217338937056113e-02
6.939300000000000000e+04,2.151410953394280925e-03,1.768785370053188588e-02
6.939400000000000000e+04,4.956418322901808352e-03,2.855899395793454199e-02
6.939500000000000000e+04,9.346375120434570818e-03,2.826988534785884744e-02
6.939600000000000000e+04,5.643444542773583088e-03,2.558456206104874758e-02
6.939700000000000000e+04,4.910935652518885232e-03,3.293380146147385085e-02
6.939800000000000000e+04,6.704480510457897814e-03,2.181913980776318401e-02
6.939900000000000000e+04,7.415116354841928652e-03,1.959699727438433611e-02
6.940000000000000000e+04,8.961236399794115376e-03,2.366165963494142044e-02
6.940100000000000000e+04,1.560331586698065695e-02,1.850948973408201442e-02
6.940200000000000000e+04,1.633834061563547296e-02,1.613785239264999005e-02
6.940300000000000000e+04,1.737366466365993303e-02,1.295845596444751557e-02
6.940400000000000000e+04,1.776593166204236060e-02,1.236832188721945225e-02
6.940500000000000000e+04,1.920594260571919024e-02,9.338138400681830764e-03
6.940600000000000000e+04,1.910636381667973546e-02,6.101195799684801246e-03
6.940700000000000000e+04,1.838651752160440703e-02,4.257578365155091638e-03
6.940800000000000000e+04,1.720780921235613020e-02,7.934064262915888066e-04
6.940900000000000000e+04,1.767497856620018140e-02,1.696857966815186469e-03
6.941000000000000000e+04,1.523468409240549305e-02,2.608594301349229094e-03
6.941100000000000000e+04,1.605246508559097715e-02,7.536732618551891111e-03
6.941200000000000000e+04,1.598606657080976073e-02,1.365281518453389034e-02
6.941300000000000000e+04,1.583240121148768095e-02,1.995395701799193219e-02
6.941400000000000000e+04,1.783727903554547037e-02,2.522481121079731686e-02
6.941500000000000000e+04,1.604932853872080567e-02,2.704685856203441208e-02
6.941600000000000000e+04,1.762090510222504014e-02,2.890293292874391434e-02
6.941700000000000000e+04,1.783899898225813421e-02,3.104394040387502968e-02
6.941800000000000000e+04,1.747603866453716071e-02,3.632695326453844881e-02
6.941900000000000000e+04,1.845413379172971408e-02,3.783682589129962193e-02
