utc_sec,hor_err_m(nan=no solution),ver_err_m
6.538000000000000000e+04,3.057465308594402020e-01,2.091269118440550190e-01
6.538100000000000000e+04,2.578399896670218183e-01,2.479796531547769634e-01
6.538200000000000000e+04,2.435029285151030232e-01,2.109001131020722952e-01
6.538300000000000000e+04,2.787230944036498403e-01,1.929233403357631382e-01
6.538400000000000000e+04,2.549294253552777390e-01,1.759934304860896470e-01
6.538500000000000000e+04,2.571631409804140400e-01,1.739316730821988122e-01
6.538600000000000000e+04,1.401169141772414251e-01,5.125197518836219907e-02
6.538700000000000000e+04,1.070640174614607559e-01,5.687091556622711486e-03
6.538800000000000000e+04,1.064266968888054610e-01,3.061240678523354918e-03
6.538900000000000000e+04,1.087580146927314140e-01,2.409378856198587937e-03
6.539000000000000000e+04,1.082645646602576756e-01,3.134538710321851766e-04
6.539100000000000000e+04,1.100546511429278396e-01,2.101965415706901104e-03
6.539200000000000000e+04,1.106309315826257550e-01,2.134295030921198356e-03
6.539300000000000000e+04,1.111280459210269717e-01,2.675876456145901208e-04
6.539400000000000000e+04,1.139902509026411298e-01,1.294791551865260085e-04
6.539500000000000000e+04,1.182109857582394064e-01,1.720148012933168653e-04
6.539600000000000000e+04,1.155074677582907383e-01,3.652146363389534170e-04
6.539700000000000000e+04,1.165411938342966053e-01,4.106596121542297612e-03
6.539800000000000000e+04,1.186994830651428440e-01,5.949241155961168537e-03
6.539900000000000000e+04,1.259394808963031631e-01,1.906363291982196562e-03
6.540000000000000000e+04,1.422329351066395076e-01,4.310918816574971224e-03
6.540100000000000000e+04,1.809180254129895762e-02,1.046883266247308764e-02
6.540200000000000000e+04,1.006194128834496382e-02,1.186970055574249061e-02
6.540300000000000000e+04,1.191092380811692095e-02,2.575664044814846010e-02
6.540400000000000000e+04,1.637135188217749004e-02,2.043588197452272937e-02
6.540500000000000000e+04,2.184733551089959938e-02,3.169247312520151461e-02
6.540600000000000000e+04,1.154271171282270948e-02,2.761237995115706223e-02
6.540700000000000000e+04,1.773418604445725980e-02,3.467433193231905797e-02
6.540800000000000000e+04,1.873570620691254393e-02,4.109464673439866544e-02
6.540900000000000000e+04,3.560419702729344937e-02,3.223812043100771074e-02
6.541000000000000000e+04,6.396518612992913022e-02,3.882745657445763054e-02
6.541100000000000000e+04,5.153830554958663962e-02,4.203451658774259858e-02
6.541200000000000000e+04,5.941752322156910321e-02,2.720735823336195569e-02
6.541300000000000000e+04,5.867969401720935646e-02,2.340886314370005383e-02
6.541400000000000000e+04,5.881967155551543619e-02,2.611063973455735043e-02
6.541500000000000000e+04,4.865110571213459439e-02,2.834139711350361357e-02
6.541600000000000000e+04,5.768695780688157249e-02,1.675585436206519785e-02
6.541700000000000000e+04,4.816873175912798205e-02,3.753161203895688525e-02
6.541800000000000000e+04,5.099798621647159969e-02,1.450306747955867892e-02
6.541900000000000000e+04,5.944029506480714292e-02,1.194134260604551301e-03
6.542000000000000000e+04,4.580400238011545638e-02,2.447471274378321127e-02
6.542100000000000000e+04,6.160363500125367459e-02,4.311940407642900208e-02
6.542200000000000000e+04,6.510176786017424222e-02,4.477097363783144601e-02
6.542300000000000000e+04,5.380982188392704341e-02,5.261256191767760271e-03
6.542400000000000000e+04,5.805901195691384048e-02,1.418462560157274233e-02
6.542500000000000000e+04,4.819363000253257256e-02,1.856228088303102375e-02
6.542600000000000000e+04,5.558470700908426515e-02,1.737821281495155468e-02
6.542700000000000000e+04,6.073656794665045072e-02,2.035636141916619124e-02
6.542800000000000000e+04,2.367322829812212176e-02,3.746543253459355682e-02
6.542900000000000000e+04,1.286186879398541760e-02,4.426781176771843462e-02
6.543000000000000000e+04,1.695216636325254725e-02,4.772162802326063158e-02
6.543100000000000000e+04,4.376030775477249626e-03,9.754594709142194731e-03
6.543200000000000000e+04,2.531707168348722344e-03,5.865044310041422904e-03
6.543300000000000000e+04,2.559917886090216487e-03,1.042568337051874572e-02
6.543400000000000000e+04,5.086018699494644808e-03,1.586841979166386807e-02
6.543500000000000000e+04,5.070454456627277937e-03,1.650945078146337508e-03
6.543600000000000000e+04,7.235383828308851809e-03,2.331827336438752063e-02
6.543700000000000000e+04,6.731550237315372422e-03,2.392870683053027747e-02
6.543800000000000000e+04,5.414303327758845756e-03,2.872647334060118851e-03
6.543900000000000000e+04,2.884674251848172357e-03,1.818574019480934112e-03
6.544000000000000000e+04,4.395075707725620319e-03,1.957249900736068859e-02
6.544100000000000000e+04,3.437544323842220027e-04,1.834257057142241187e-03
6.544200000000000000e+04,4.127587320741873977e-04,2.981086322989590087e-02
6.544300000000000000e+04,3.522585777311551449e-03,1.169757705335339182e-02
6.544400000000000000e+04,1.235088250660617334e-03,9.312693865071053345e-03
6.544500000000000000e+04,4.989645140154380307e-03,2.156308257109157411e-02
6.544600000000000000e+04,6.555800861907122579e-03,2.628204003417144996e-02
6.544700000000000000e+04,5.279090490717837196e-03,1.861411971626561468e-02
6.544800000000000000e+04,6.894196521542207863e-03,1.015576489973947505e-02
6.544900000000000000e+04,7.141900875322402739e-03,2.179488757657235820e-03
6.545000000000000000e+04,7.184805608666981237e-03,1.641026291181374441e-03
6.545100000000000000e+04,6.240737891555275460e-03,6.280276618302632619e-03
6.545200000000000000e+04,7.098883364904028277e-03,5.091358407206036940e-03
6.545300000000000000e+04,6.571923556823895500e-03,4.160637292065574866e-03
6.545400000000000000e+04,6.328906857345090349e-03,3.428046855313768293e-03
6.545500000000000000e+04,8.327862590410165314e-03,5.733422833784973527e-03
6.545600000000000000e+04,1.346046439373612888e-02,1.218731894095825830e-02
6.545700000000000000e+04,1.098695569330330329e-02,5.444267796197048426e-03
6.545800000000000000e+04,9.784544996985508961e-03,1.340246823273424058e-02
6.545900000000000000e+04,9.836704924340810424e-03,1.614301010003201323e-02
6.546000000000000000e+04,3.356683368484800461e-03,7.726076874680387271e-03
6.546100000000000000e+04,5.776155474901664699e-03,4.239074822838533214e-03
6.546200000000000000e+04,4.764504028187359699e-03,2.645667005073962068e-03
6.546300000000000000e+04,3.805929804393503625e-03,5.398929193947396565e-03
6.546400000000000000e+04,7.125032410947823407e-03,8.893386143783363340e-05
6.546500000000000000e+04,5.715346852106576760e-03,6.428102837717761253e-03
6.546600000000000000e+04,1.651094313668124546e-03,5.010306703459366240e-03
6.546700000000000000e+04,7.465398654163313621e-03,1.051225387630028152e-02
6.546800000000000000e+04,6.366575321744944241e-03,2.313286351673604635e-03
6.546900000000000000e+04,8.003308905020540057e-03,7.315079810387703496e-03
6.547000000000000000e+04,7.120133748154091474e-03,1.560893399282914373e-02
6.547100000000000000e+04,6.488744161718344727e-03,1.185271498727447081e-02
6.547200000000000000e+04,1.075644740680893260e-02,9.324368913641301049e-03
6.547300000000000000e+04,1.062601655323844492e-02,1.516087052670567203e-02
6.547400000000000000e+04,1.342406549187800946e-02,1.222779776413229769e-02
6.547500000000000000e+04,2.650348684547411664e-03,3.147388656822602826e-02
6.547600000000000000e+04,1.202898703946490670e-02,5.434608817076025389e-03
6.547700000000000000e+04,1.286874750012578089e-02,5.609508763090964578e-03
6.547800000000000000e+04,1.326776588644656800e-02,1.222825267010740902e-02
6.547900000000000000e+04,1.342672208683717318e-02,1.566962666958282568e-02
6.548000000000000000e+04,1.359480281301275219e-02,1.422231231632942183e-02
6.548100000000000000e+04,1.491714570873537565e-02,1.196468667681127585e-02
6.548200000000000000e+04,1.220881591694151884e-02,4.205088602516227070e-03
6.548300000000000000e+04,1.241586802165132487e-02,5.282882285612799933e-03
6.548400000000000000e+04,1.281854863476854581e-02,5.256223676664006916e-03
6.548500000000000000e+04,1.259742490123993454e-02,1.274430504382806362e-02
6.548600000000000000e+04,6.264221327616227054e-03,2.214113533634964881e-02
6.548700000000000000e+04,2.744553973831436768e-03,1.525312901064701521e-02
6.548800000000000000e+04,5.776045812151331046e-03,1.093005745340924761e-02
6.548900000000000000e+04,1.676381048496332002e-02,3.376949588323796547e-03
6.549000000000000000e+04,8.565522161502091975e-03,7.366388426275349843e-03
6.549100000000000000e+04,8.823171918272207717e-03,3.376324752768589121e-02
6.549200000000000000e+04,7.972846633910662256e-03,1.246006222244488981e-02
6.549300000000000000e+04,4.390120490828233052e-03,2.453263966767593729e-02
6.549400000000000000e+04,6.555272365710481004e-03,1.921935096359739248e-02
6.549500000000000000e+04,2.248377558077250399e-03,2.352674825336364961e-02
6.549600000000000000e+04,3.901882947003680515e-03,2.569727155511003502e-02
6.549700000000000000e+04,5.550537306876933939e-03,2.530976180868904635e-02
6.549800000000000000e+04,7.171609861410466191e-03,3.448588744568148456e-02
6.549900000000000000e+04,5.977839234092150594e-03,3.709265082372859013e-02
6.550000000000000000e+04,5.572850344593898407e-03,3.103051370370479844e-02
6.550100000000000000e+04,1.025447997986173206e-02,3.985610530167882359e-02
6.550200000000000000e+04,9.851839190584729677e-03,3.614927024059433336e-02
6.550300000000000000e+04,1.223149806493016578e-02,4.237625107182019235e-02
6.550400000000000000e+04,1.066103643690805187e-02,3.830302998935586345e-02
6.550500000000000000e+04,6.970546861720054894e-03,2.329408370808394579e-02
6.550600000000000000e+04,6.486255188925030800e-03,3.086024653625152325e-02
6.550700000000000000e+04,7.049004637537811813e-03,5.541235022318069525e-02
6.550800000000000000e+04,1.310983139731214733e-02,4.106841864628130168e-02
6.550900000000000000e+04,1.014322653923332811e-02,5.195049435881671229e-02
6.551000000000000000e+04,1.292729550463411585e-02,5.086890484409423152e-02
6.551100000000000000e+04,1.497448954350480074e-02,5.370598067005971643e-02
6.551200000000000000e+04,2.091197813618178927e-02,5.021111003772738002e-02
6.551300000000000000e+04,1.412712074858556849e-02,3.612625172587158318e-02
6.551400000000000000e+04,9.003514731626985346e-03,3.509868754531808577e-02
6.551500000000000000e+04,7.241938332837702559e-03,7.678245562069108132e-02
6.551600000000000000e+04,8.329079408178608618e-03,5.779463766431192084e-02
6.551700000000000000e+04,1.919326736361221669e-02,9.943079508172303349e-03
6.551800000000000000e+04,2.914294925874361120e-02,1.210656119932451702e-02
6.551900000000000000e+04,8.849231710850719371e-03,2.388088539452581927e-02
6.552000000000000000e+04,1.584338999376032342e-02,1.568251244113127996e-02
6.552100000000000000e+04,3.678142648350057366e-03,2.909718603757838196e-02
6.552200000000000000e+04,7.384375374765832396e-03,3.704025844013258961e-02
6.552300000000000000e+04,4.132286865668738721e-03,2.694594366218083792e-02
6.552400000000000000e+04,6.618168763275810405e-03,2.745015961725982834e-02
6.552500000000000000e+04,8.515712059284155644e-03,2.202876834017075680e-02
6.552600000000000000e+04,1.241612486901714184e-02,3.247497543218358373e-02
6.552700000000000000e+04,1.016108770004191079e-02,2.883826966585445462e-02
6.552800000000000000e+04,1.103651007930664049e-02,3.955079966159402716e-02
6.552900000000000000e+04,1.134536480923930939e-02,2.872190350341341514e-02
6.553000000000000000e+04,8.110886580856535924e-03,2.831314270231288788e-02
6.553100000000000000e+04,8.978160131350304551e-03,3.259642906265725060e-02
6.553200000000000000e+04,9.602197096447292676e-03,2.832927695470033314e-02
6.553300000000000000e+04,1.010556080541992995e-02,3.111075218676973009e-02
6.553400000000000000e+04,1.088294433651367486e-02,3.622947267833609430e-02
6.553500000000000000e+04,1.179328346089302849e-02,3.709338157053920781e-02
6.553600000000000000e+04,1.332613364299600756e-02,3.791367536199174992e-02
6.553700000000000000e+04,1.533008835969258341e-02,4.008368275951568194e-02
6.553800000000000000e+04,1.647643515097907060e-02,3.858363298033395949e-02
6.553900000000000000e+04,1.697707237589333659e-02,3.785065778227547639e-02
6.554000000000000000e+04,1.764594350717297450e-02,3.646193831746558089e-02
6.554100000000000000e+04,1.868308926943870740e-02,3.648262812511404718e-02
6.554200000000000000e+04,1.813213104560901581e-02,3.475827143525833662e-02
6.554300000000000000e+04,1.709916607634286156e-02,3.266495410741399041e-02
6.554400000000000000e+04,1.507434840569855071e-02,2.978896340820824662e-02
6.554500000000000000e+04,1.690710945466572523e-02,3.048211302654024735e-02
6.554600000000000000e+04,1.748007788466558743e-02,3.413296396389853271e-02
6.554700000000000000e+04,2.542039741725279217e-02,2.422403781807247469e-02
6.554800000000000000e+04,3.272504485595167933e-02,2.726458855689983807e-02
6.554900000000000000e+04,3.903207933004630009e-02,4.500510154920789319e-02
6.555000000000000000e+04,3.624118835275338957e-02,5.176863256411934344e-02
6.555100000000000000e+04,1.173983955343667167e-02,3.376317944585949249e-02
6.555200000000000000e+04,1.103507100034809528e-02,3.535062113489217950e-02
6.555300000000000000e+04,1.147804680485576406e-02,2.425913607410024042e-02
6.555400000000000000e+04,9.813112431884367381e-03,2.285864030944750880e-02
6.555500000000000000e+04,1.537645530114767518e-02,3.942700792390851916e-02
6.555600000000000000e+04,2.272797248984359531e-02,6.037598100690999559e-02
6.555700000000000000e+04,5.734172684353982391e-02,1.181212679781857844e-01
6.555800000000000000e+04,1.825900521639730115e-02,2.137368830979369250e-02
6.555900000000000000e+04,5.489025423905515705e-02,9.168041017631267664e-02
6.556000000000000000e+04,6.511096327311212927e-03,1.245019693599758170e-02
6.556100000000000000e+04,4.403591269306118133e-02,3.677353410998307481e-02
6.556200000000000000e+04,7.815513061575500575e-02,6.878254722717258574e-02
6.556300000000000000e+04,1.929549561596688098e-02,3.680872087993058983e-02
6.556400000000000000e+04,7.298516953681079104e-03,2.605982001722928487e-02
6.556500000000000000e+04,2.046122433280317052e-02,4.674298609507943070e-02
6.556600000000000000e+04,2.647288452496350530e-02,4.863128557195750545e-02
6.556700000000000000e+04,9.442333724933839323e-03,4.838639645309150694e-02
6.556800000000000000e+04,1.274960903996217101e-02,4.360257645084253397e-02
6.556900000000000000e+04,6.882631802057699935e-03,1.125364858438615556e-04
6.557000000000000000e+04,9.558577278433417340e-03,7.607128642357352533e-03
6.557100000000000000e+04,8.582834997163658192e-03,1.293659922869316858e-02
6.557200000000000000e+04,1.407827552982754415e-02,9.923002147973036813e-03
6.557300000000000000e+04,1.604228923575161045e-02,2.622809628105571278e-03
6.557400000000000000e+04,1.118444496782486537e-02,2.148454585421255558e-02
6.557500000000000000e+04,7.267701550598299268e-03,7.080071838410972873e-03
6.557600000000000000e+04,5.225146708349148392e-03,9.724309036140965645e-03
6.557700000000000000e+04,3.342083415976765393e-02,2.712438083287160850e-02
6.557800000000000000e+04,1.518337687997263659e-02,1.066503282005015762e-02
6.557900000000000000e+04,9.786327186812647863e-03,1.386268380987942805e-02
6.558000000000000000e+04,1.258902946934134688e-02,1.180707303442218858e-02
6.558100000000000000e+04,8.636220307998081908e-03,6.473825816764033902e-03
6.558200000000000000e+04,5.958788185924667608e-03,1.264395585589994653e-03
6.558300000000000000e+04,7.055015923978976431e-04,4.538759406603531943e-03
6.558400000000000000e+04,1.711638405925792463e-03,1.560227358116961227e-02
6.558500000000000000e+04,4.491729170639837190e-03,1.527173128277681258e-02
6.558600000000000000e+04,5.901190243884493064e-03,1.683206829789973824e-02
6.558700000000000000e+04,1.797979337824669828e-03,9.211739986358935539e-03
6.558800000000000000e+04,2.661841717471043374e-03,1.602440872244770276e-02
6.558900000000000000e+04,1.256080248650893842e-02,5.086271691930477346e-02
6.559000000000000000e+04,1.648814353356280876e-02,3.091281035278470313e-02
6.559100000000000000e+04,1.219413142032065890e-02,2.567395792530469123e-02
6.559200000000000000e+04,1.392333914258711905e-02,2.968785995383171894e-02
6.559300000000000000e+04,1.549348669535719966e-02,2.460314975860100617e-02
6.559400000000000000e+04,7.643527099114720558e-03,1.381068167967569593e-02
6.559500000000000000e+04,3.211847818132140819e-02,6.434155187455381508e-02
6.559600000000000000e+04,2.118567048275202952e-02,4.397683830414500505e-02
6.559700000000000000e+04,2.154930778000856487e-02,1.827560564438002189e-02
6.559800000000000000e+04,1.106517253903763209e-02,3.782389191735369138e-02
6.559900000000000000e+04,1.408431661391969236e-02,9.396264373311424833e-03
6.560000000000000000e+04,2.811452136010875874e-02,1.340462841638156988e-02
6.560100000000000000e+04,8.540176674158980394e-03,1.881954081551029390e-02
6.560200000000000000e+04,1.809942729585937993e-02,8.577976836773970604e-03
6.560300000000000000e+04,3.845326232146863144e-02,5.902526469151680999e-03
6.560400000000000000e+04,2.822001208249975621e-02,8.861251789525681488e-03
6.560500000000000000e+04,5.160643013750628588e-03,2.285896968467326928e-02
6.560600000000000000e+04,9.290101303725463444e-03,4.840986075649311715e-05
6.560700000000000000e+04,1.233654926660270393e-02,2.184725518469932126e-03
6.560800000000000000e+04,1.390693434383633020e-02,9.869864840181818977e-03
6.560900000000000000e+04,1.338051326436570827e-02,2.231164459685786028e-02
6.561000000000000000e+04,1.532546090551016940e-02,2.939165042265123873e-02
6.561100000000000000e+04,4.681987221802006750e-03,4.835283163031967035e-02
6.561200000000000000e+04,4.237926186349016446e-03,3.890934455492534028e-02
6.561300000000000000e+04,9.382215082462371306e-03,3.574459885900438394e-02
6.561400000000000000e+04,1.605339111762886387e-03,1.878255218558777528e-02
6.561500000000000000e+04,3.392204099136555528e-03,2.429889059576950672e-02
6.561600000000000000e+04,5.388997364444618118e-03,3.087412640517861462e-02
6.561700000000000000e+04,2.743782583506362317e-03,2.229110996837491143e-02
6.561800000000000000e+04,8.238556044366199694e-04,2.546382931440760444e-02
6.561900000000000000e+04,9.456669309350175046e-04,2.340964186862848351e-02
6.562000000000000000e+04,1.413991302015641304e-03,2.518318887242187998e-02
6.562100000000000000e+04,1.232259066817022880e-02,4.809974983241716018e-02
6.562200000000000000e+04,2.841079301710083133e-02,9.563416175128125474e-02
6.562300000000000000e+04,2.370194381866551694e-02,6.132074902312467657e-02
6.562400000000000000e+04,1.629941555710516868e-02,4.649895788820401776e-02
6.562500000000000000e+04,1.847238019554671429e-02,5.888771007176885064e-02
6.562600000000000000e+04,1.644571951558522482e-02,5.482458592405947684e-02
6.562700000000000000e+04,1.796628012747312347e-02,4.387741077835727310e-02
6.562800000000000000e+04,1.989687182438882457e-02,3.668547500609520284e-02
6.562900000000000000e+04,1.660940943162823522e-02,3.732983254046473576e-02
6.563000000000000000e+04,1.589076268409401679e-02,3.091700230502425484e-02
6.563100000000000000e+04,1.392494104626979673e-02,3.038729443895249460e-02
6.563200000000000000e+04,1.114820736333839608e-02,3.890943621553333287e-02
6.563300000000000000e+04,1.415635347536105260e-02,4.231004391808212972e-02
6.563400000000000000e+04,1.191317484259639056e-02,1.968374504991032836e-02
6.563500000000000000e+04,1.033409984932668821e-02,2.565750108063014068e-02
6.563600000000000000e+04,1.169889783988178715e-02,4.494301899165620284e-02
6.563700000000000000e+04,1.039113453809565116e-02,4.049537492491950275e-02
6.563800000000000000e+04,7.828359041892199791e-03,4.050135974185664622e-02
6.563900000000000000e+04,4.517685534707601563e-03,4.127825029295806303e-02
6.564000000000000000e+04,1.029031047168607951e-02,4.371363204580802631e-02
6.564100000000000000e+04,3.239991129621659117e-03,3.511347301088107997e-02
6.564200000000000000e+04,1.170017868650395469e-02,2.978012491476533796e-02
6.564300000000000000e+04,5.695029242717148353e-03,3.056686316925905089e-02
6.564400000000000000e+04,1.187611018159492361e-02,3.023357356413569619e-02
6.564500000000000000e+04,1.396922257962267440e-02,2.976166695638937654e-02
6.564600000000000000e+04,1.656214685531975234e-02,3.860904236327300509e-02
6.564700000000000000e+04,1.710390934705696697e-02,2.576601207214679334e-02
6.564800000000000000e+04,1.630308814331648745e-02,2.762979138178778271e-02
6.564900000000000000e+04,1.968447490577410197e-02,2.381931644002932558e-02
6.565000000000000000e+04,1.566906780565393426e-02,3.311222710560102200e-02
6.565100000000000000e+04,1.011520675408072827e-02,3.139335279794153166e-02
6.565200000000000000e+04,6.641095809428857778e-03,3.559910130402244022e-02
6.565300000000000000e+04,1.119065501707733334e-02,3.469385720144302354e-02
6.565400000000000000e+04,6.708602270466266712e-03,3.940548531209842054e-02
6.565500000000000000e+04,2.919831644973855042e-03,5.149649498104835743e-02
6.565600000000000000e+04,8.488372503396665603e-03,5.294381315150786804e-02
6.565700000000000000e+04,7.643428584596823495e-04,3.596861040501764251e-02
6.565800000000000000e+04,3.409653165281015339e-03,3.502769174243169914e-02
6.565900000000000000e+04,4.580095466505082133e-03,5.182429834558632820e-02
6.566000000000000000e+04,3.321135723746672375e-02,2.577021989882410935e-03
6.566100000000000000e+04,1.513393547644433304e-02,3.132686802782558289e-02
6.566200000000000000e+04,4.547878669504815813e-02,8.157813760128362901e-02
6.566300000000000000e+04,3.679977124346731771e-02,5.093622384961804528e-03
6.566400000000000000e+04,7.854735387778882805e-02,1.557175013516598483e-03
6.566500000000000000e+04,1.336668687425168756e-01,1.885290029222019825e-02
6.566600000000000000e+04,1.513143707439155716e-01,5.032064142169900833e-02
6.566700000000000000e+04,1.748416153617338709e-01,7.092606464457240634e-02
6.566800000000000000e+04,2.121689852298870860e-01,6.014210604981862218e-02
6.566900000000000000e+04,1.928787564968971746e-01,4.717057818185210749e-02
6.567000000000000000e+04,2.109925353675624893e-01,4.196483161669739559e-02
6.567100000000000000e+04,1.193495813003657077e-02,2.683348101727034418e-02
6.567200000000000000e+04,6.512822012743462244e-03,2.578448516520026601e-02
6.567300000000000000e+04,1.461082914332362953e-02,6.026475392316044122e-03
6.567400000000000000e+04,1.170752909216751445e-02,5.424848578591934256e-03
6.567500000000000000e+04,1.237728818025554851e-02,8.817082863707526030e-03
6.567600000000000000e+04,6.183874298318225819e-03,1.118679987110482443e-02
6.567700000000000000e+04,6.720521925745828219e-03,1.324912517845255877e-02
6.567800000000000000e+04,8.610148016128702300e-03,1.936767462157007458e-02
6.567900000000000000e+04,1.134722464293316802e-02,2.194965950260829857e-02
6.568000000000000000e+04,1.229533633344951152e-02,1.949055672136346118e-02
6.568100000000000000e+04,1.669352273545228471e-02,1.998907690356688249e-02
6.568200000000000000e+04,2.468137878378490538e-02,4.710381118968598457e-03
6.568300000000000000e+04,1.122720164797420817e-02,1.035995867199623888e-02
6.568400000000000000e+04,1.100758801959831647e-02,1.805327203969397942e-02
6.568500000000000000e+04,1.944165194581470857e-02,7.816555188373541796e-03
6.568600000000000000e+04,2.940280807430435336e-02,2.886177765888042757e-02
6.568700000000000000e+04,3.544204542584658557e-02,4.938453413677557080e-02
6.568800000000000000e+04,3.441582610284980165e-02,4.551494169830494485e-02
6.568900000000000000e+04,3.226536574311756472e-02,3.272615510166421160e-02
6.569000000000000000e+04,2.756136922688404850e-02,3.714354808066744340e-02
6.569100000000000000e+04,2.060507172168624113e-02,1.152945975858710170e-02
6.569200000000000000e+04,1.833628103641434318e-02,1.009701421121889098e-02
6.569300000000000000e+04,2.644569244940184541e-02,1.846341416604957431e-02
6.569400000000000000e+04,2.047534383567220159e-02,4.964469616193234458e-03
6.569500000000000000e+04,2.609097981503914754e-02,7.376046561160976012e-03
6.569600000000000000e+04,2.924369084712924102e-02,9.629272478055117546e-03
6.569700000000000000e+04,2.777266280091745740e-02,8.091159968110162026e-03
6.569800000000000000e+04,1.046691038186889182e-02,2.370278543554427131e-02
6.569900000000000000e+04,1.103985400532533738e-02,4.309481449385899055e-02
6.570000000000000000e+04,5.236114517313452538e-03,5.926823725904739604e-02
6.570100000000000000e+04,5.222004292459073160e-03,7.442096616914506413e-02
6.570200000000000000e+04,3.150987520472967734e-03,9.417700047229571325e-02
6.570300000000000000e+04,9.061300486435092507e-04,1.174499996628406429e-01
6.570400000000000000e+04,1.745750889250619400e-02,2.856890150918545146e-02
6.570500000000000000e+04,1.100565633310689705e-02,2.801797009268724992e-02
6.570600000000000000e+04,3.971144562145111946e-03,1.932964577809004325e-02
6.570700000000000000e+04,1.175571698605910528e-02,2.096434843612371424e-02
6.570800000000000000e+04,8.566915804532147100e-03,1.612696461604867793e-02
6.570900000000000000e+04,5.068201826414159804e-03,1.321297141480792803e-02
6.571000000000000000e+04,4.152461180154054521e-03,1.434189376496197710e-02
6.571100000000000000e+04,9.201064276761936403e-03,6.821453468079496929e-03
6.571200000000000000e+04,9.174965609077398096e-03,4.494425551760272697e-03
6.571300000000000000e+04,6.952944217213237812e-03,6.409149288932880495e-04
6.571400000000000000e+04,7.860067511874313864e-03,7.340031063108209963e-03
6.571500000000000000e+04,6.371162269594301403e-03,1.516798239776351309e-02
6.571600000000000000e+04,7.689183574165961779e-03,2.990370351820814676e-04
6.571700000000000000e+04,4.749737538026954121e-03,5.275126272596963872e-03
6.571800000000000000e+04,7.514770028712674209e-03,7.092958233366974952e-03
6.571900000000000000e+04,7.453621841767626641e-03,1.417517310620630688e-02
6.572000000000000000e+04,7.249898165686306101e-03,2.287327349745882366e-02
6.572100000000000000e+04,1.045074024959192181e-02,1.535385337641814729e-02
6.572200000000000000e+04,9.672580608885346723e-03,2.200204420937068583e-02
6.572300000000000000e+04,7.847003918713039636e-03,1.755569840534121351e-02
6.572400000000000000e+04,1.199822237094636500e-02,1.568531625180802358e-02
6.572500000000000000e+04,1.133886156811058331e-02,2.560045937372679159e-02
6.572600000000000000e+04,3.553220563676554727e-02,1.410409185209748895e-02
6.572700000000000000e+04,5.853574066578654672e-02,2.384839199049731961e-02
6.572800000000000000e+04,6.156142184641535953e-02,5.706130926190988717e-03
6.572900000000000000e+04,1.474081903902553850e-02,7.641848250687038879e-02
6.573000000000000000e+04,3.238563841045735692e-02,9.804825791022139803e-02
6.573100000000000000e+04,1.251228521228477802e-02,3.781400008200835883e-02
6.573200000000000000e+04,7.693362921517500792e-03,3.334814367926314249e-02
6.573300000000000000e+04,1.456634312473219575e-02,2.967388335420712009e-02
6.573400000000000000e+04,7.275096107764599321e-03,6.288878727078728303e-04
6.573500000000000000e+04,8.764262259732067545e-03,3.457655265274306444e-03
6.573600000000000000e+04,4.743035453566836479e-03,4.970025439696712510e-04
6.573700000000000000e+04,2.793636558484327743e-03,2.162898759637099655e-03
6.573800000000000000e+04,3.228086938396992293e-03,7.628355174922996085e-03
6.573900000000000000e+04,5.296425715744588168e-03,1.384166699656780297e-02
6.574000000000000000e+04,6.051991244731934859e-03,1.874523943795258774e-02
6.574100000000000000e+04,5.279013048340028096e-03,2.085841088246997987e-02
6.574200000000000000e+04,7.864369769200388674e-03,2.305961619532304052e-02
6.574300000000000000e+04,1.051350488950146891e-02,2.340369607743963964e-02
6.574400000000000000e+04,1.263182219130386946e-02,2.632469738489479072e-02
6.574500000000000000e+04,1.538569969053162241e-02,2.882327346737556528e-02
6.574600000000000000e+04,1.488852642982889385e-02,2.888738918332406369e-02
6.574700000000000000e+04,1.776359190279496597e-02,3.143846149469553541e-02
6.574800000000000000e+04,2.079741729482137078e-02,3.302954289468940097e-02
6.574900000000000000e+04,1.471077928117262533e-02,3.653439467001806662e-02
6.575000000000000000e+04,1.510514847217743484e-02,3.745174758964536776e-02
6.575100000000000000e+04,1.654310937832099634e-02,3.922435884507191606e-02
6.575200000000000000e+04,1.681321454329106485e-02,4.254567392086300304e-02
6.575300000000000000e+04,1.840172686523608436e-02,4.442099566166568536e-02
6.575400000000000000e+04,7.078264784600213355e-02,7.342591995554625939e-02
6.575500000000000000e+04,6.450956883727140823e-02,7.286976110848614185e-02
6.575600000000000000e+04,6.862694048056587615e-02,7.706189130583113167e-02
6.575700000000000000e+04,6.438659083190570454e-02,7.512155280253224321e-02
6.575800000000000000e+04,1.467173591853865311e-02,4.272360071965503048e-02
6.575900000000000000e+04,1.701740657776039389e-02,4.044516235766620893e-02
6.576000000000000000e+04,1.716899242358401953e-02,3.794876639610950120e-02
6.576100000000000000e+04,1.294717846337130329e-02,3.170917851171428659e-02
6.576200000000000000e+04,1.554144938318371624e-02,3.402205513918343804e-02
6.576300000000000000e+04,1.735892255518355770e-02,2.833551820873214666e-02
6.576400000000000000e+04,1.234704830120333073e-02,1.996370500673544379e-02
6.576500000000000000e+04,1.534724451922241453e-02,1.738693667499402462e-02
6.576600000000000000e+04,1.880669981270450403e-02,9.827557403698172767e-03
6.576700000000000000e+04,1.663919307650666909e-02,1.940239899062640161e-02
6.576800000000000000e+04,1.394278015635706108e-02,1.859513248160404864e-02
6.576900000000000000e+04,1.677377131826619794e-02,2.456933378844849969e-02
6.577000000000000000e+04,1.604118192987984831e-02,2.334468969610137279e-02
6.577100000000000000e+04,2.694700497287147098e-02,1.016298052688857645e-02
6.577200000000000000e+04,3.016672861875554015e-02,2.217705005077186264e-02
6.577300000000000000e+04,3.368961319800208715e-02,2.609801685163937179e-02
6.577400000000000000e+04,3.965962655495439138e-02,2.013422381567875341e-02
6.577500000000000000e+04,3.863120534705939690e-02,1.832164098415667297e-02
6.577600000000000000e+04,4.785171540564215481e-02,6.737719668868735745e-02
6.577700000000000000e+04,3.868287751625575088e-02,8.639161779657178464e-02
6.577800000000000000e+04,2.845498015537444372e-02,6.591945836537393966e-02
6.577900000000000000e+04,3.114277588857051679e-02,7.604480855300232989e-02
6.578000000000000000e+04,1.455628124582153925e-02,5.453054008648661188e-02
6.578100000000000000e+04,4.775606753128696508e-03,7.052187267576837115e-03
6.578200000000000000e+04,1.042816383826392600e-02,4.242331661930909270e-02
6.578300000000000000e+04,1.287867640424055979e-02,6.398145894817863777e-02
6.578400000000000000e+04,1.473037928169977639e-02,4.802364840690032111e-02
6.578500000000000000e+04,1.981989726778687205e-02,3.467909869701468750e-03
6.578600000000000000e+04,5.199842170296669480e-02,1.055256443555352419e-02
6.578700000000000000e+04,1.678585708570396254e-02,1.924259574788145244e-03
6.578800000000000000e+04,4.973553468131580724e-02,6.642799502336282913e-02
6.578900000000000000e+04,4.849506360244502934e-02,7.253021637703804814e-02
6.579000000000000000e+04,4.909641085178136077e-02,7.062098316318676794e-02
6.579100000000000000e+04,5.312090398854457662e-02,7.682025240349066308e-02
6.579200000000000000e+04,1.826782101166302651e-03,4.127827157971442062e-03
6.579300000000000000e+04,8.290114715979391563e-03,1.324715723704983361e-02
6.579400000000000000e+04,1.054586930336470253e-02,2.619962196385383635e-02
6.579500000000000000e+04,3.664207241552225325e-03,3.617913689974239233e-02
6.579600000000000000e+04,4.743202042728033967e-03,3.017931289261799321e-02
6.579700000000000000e+04,6.084274749442525158e-03,3.755311887387291492e-02
6.579800000000000000e+04,5.623736777313961301e-03,1.956041617864112681e-02
6.579900000000000000e+04,1.303337636309066620e-02,1.143645708975027375e-02
6.580000000000000000e+04,1.687791269360851623e-02,2.162614499973436466e-02
6.580100000000000000e+04,1.627652317639982291e-02,2.434994764813769308e-02
6.580200000000000000e+04,2.059185966690688097e-02,3.197727967933294835e-02
6.580300000000000000e+04,1.339376986144317876e-02,2.857623892517135999e-02
6.580400000000000000e+04,7.550203562758755517e-03,1.580235722438327883e-02
6.580500000000000000e+04,9.878881384581547978e-03,1.297298395818158312e-02
6.580600000000000000e+04,9.627781726298138137e-03,2.917663825116312282e-02
6.580700000000000000e+04,1.479445585962630913e-02,3.869064527758059313e-02
6.580800000000000000e+04,2.450405030741368423e-02,6.424744745916344257e-02
6.580900000000000000e+04,2.889076214919892444e-02,3.353292198283952530e-02
6.581000000000000000e+04,1.725325703685190101e-02,4.842804461336225330e-03
6.581100000000000000e+04,2.941929004442764978e-02,2.202875190283082318e-02
6.581200000000000000e+04,1.371585735435194159e-02,6.111663904257103042e-03
6.581300000000000000e+04,8.429650690324324083e-03,1.409864051623799241e-03
6.581400000000000000e+04,1.978438415883820162e-02,1.821312280126452521e-02
6.581500000000000000e+04,2.066437544071045643e-02,1.046780975888150778e-02
6.581600000000000000e+04,1.154654330749442862e-02,1.074233404581192985e-02
6.581700000000000000e+04,1.305977944646770708e-02,1.162674382639750092e-02
6.581800000000000000e+04,2.945176679372948567e-02,5.248745366230878062e-03
6.581900000000000000e+04,2.434547515597012754e-02,1.191678485687841516e-02
6.582000000000000000e+04,2.795673003645449128e-02,1.898481546280184062e-02
6.582100000000000000e+04,1.873226555773839855e-02,1.586329616630433037e-02
6.582200000000000000e+04,1.856546330770526831e-02,1.934223270116941507e-02
6.582300000000000000e+04,1.767266326692665257e-02,2.679388382330483154e-02
6.582400000000000000e+04,2.254481212482696215e-02,4.559965669347931794e-02
6.582500000000000000e+04,2.133091327280580221e-02,4.317981933858217047e-02
6.582600000000000000e+04,2.452278951917393965e-02,3.207123145270163178e-02
6.582700000000000000e+04,3.105512515614885019e-02,2.807345844514053113e-02
6.582800000000000000e+04,3.690771684310301809e-02,3.023110699037179216e-02
6.582900000000000000e+04,3.992211944842116722e-02,3.574667730968617008e-02
6.583000000000000000e+04,4.283417568239519108e-02,3.956049282326201677e-02
6.583100000000000000e+04,4.645424029249495268e-02,3.922872581039538176e-02
6.583200000000000000e+04,4.391582833241852030e-02,4.366053851319584567e-02
6.583300000000000000e+04,4.569288604231708240e-02,5.445503129667983444e-02
6.583400000000000000e+04,4.648872858913506712e-02,3.529017982623816607e-02
6.583500000000000000e+04,4.332947264462817111e-02,2.482134340366126679e-02
6.583600000000000000e+04,4.025948890198174229e-02,2.094666508740417044e-02
6.583700000000000000e+04,5.169455339246459280e-02,8.549573757797190865e-03
6.583800000000000000e+04,3.110162815219063778e-02,9.328421036070011496e-05
6.583900000000000000e+04,2.981901328428425424e-02,1.766823589119326243e-02
6.584000000000000000e+04,1.691511426157465275e-02,1.255448395315905685e-02
6.584100000000000000e+04,2.564530337719614361e-02,5.330783839009978209e-03
6.584200000000000000e+04,2.984841326328463787e-02,2.015260457026890606e-02
6.584300000000000000e+04,5.119932770187331922e-02,3.902892546779046512e-02
6.584400000000000000e+04,8.625101374169018287e-02,4.449658850451898573e-02
6.584500000000000000e+04,4.248856694248215327e-02,4.607271646615007654e-03
6.584600000000000000e+04,4.268445160221647633e-02,2.237267558188049676e-02
6.584700000000000000e+04,4.480371863534546306e-02,2.506054667291968130e-02
6.584800000000000000e+04,3.890184543444941134e-02,2.647118480606902580e-02
6.584900000000000000e+04,3.325521467094071787e-02,2.247145560017527188e-02
6.585000000000000000e+04,3.885377157083574895e-02,1.974311560846020441e-02
6.585100000000000000e+04,1.744744617835008310e-02,1.546667274807678183e-02
6.585200000000000000e+04,2.149096103174289937e-02,2.000803343817469937e-02
6.585300000000000000e+04,1.019865405031642261e-02,3.424391204628696173e-02
6.585400000000000000e+04,1.774137591208757581e-02,4.412487664145325894e-02
6.585500000000000000e+04,2.395364464310613048e-02,6.251797718428786510e-02
6.585600000000000000e+04,5.088006962215439050e-02,3.473328149204757409e-02
6.585700000000000000e+04,7.153725960890974789e-02,1.370368228059115623e-01
6.585800000000000000e+04,4.250954361987528685e-02,9.137840239511696439e-02
6.585900000000000000e+04,4.925987158984691805e-02,7.537508837561057717e-02
6.586000000000000000e+04,3.312024026991327447e-02,5.630299993491227895e-02
6.586100000000000000e+04,2.340185815586075940e-02,5.903547679652287883e-03
6.586200000000000000e+04,2.203176015437523921e-02,2.306347761790394912e-03
6.586300000000000000e+04,3.019742710714284906e-02,1.104467902320216410e-03
6.586400000000000000e+04,2.634206426278111468e-02,9.606252638018286660e-03
6.586500000000000000e+04,2.177676254136898595e-02,7.590530496325964549e-03
6.586600000000000000e+04,3.730939646677442628e-02,3.983064176367534515e-02
6.586700000000000000e+04,4.851391781276408882e-02,3.772763141166501910e-02
6.586800000000000000e+04,1.605545367142661647e-02,9.539693339732924215e-03
6.586900000000000000e+04,1.733357162385241665e-02,1.104177486489188453e-02
6.587000000000000000e+04,2.587207992833427325e-02,5.227417067169026765e-02
6.587100000000000000e+04,2.716802551430884741e-02,7.006848991830683104e-02
6.587200000000000000e+04,2.639031399427407137e-02,8.605042688845054855e-02
6.587300000000000000e+04,4.800646839727960163e-02,1.270173491969535107e-01
6.587400000000000000e+04,8.959395098204593622e-02,1.809199542420931728e-01
6.587500000000000000e+04,2.242809865053943183e-02,2.803772077834576493e-02
6.587600000000000000e+04,1.200368966724666038e-02,1.245252607062807826e-02
6.587700000000000000e+04,1.952443989918145259e-02,4.588342106962706168e-02
6.587800000000000000e+04,2.081322747300998546e-02,5.367450157687247980e-02
6.587900000000000000e+04,1.806523743774895996e-02,6.176861673036437850e-02
6.588000000000000000e+04,2.715235362423150042e-02,6.666973262700981451e-02
6.588100000000000000e+04,4.534530037062350222e-02,7.320745816857265886e-02
6.588200000000000000e+04,2.129800730880707788e-02,2.223947244093338327e-02
6.588300000000000000e+04,1.481705694621068825e-02,1.177131853213664314e-02
6.588400000000000000e+04,1.730126171914734071e-02,1.410878964527695345e-02
6.588500000000000000e+04,1.484911372764949680e-02,1.829242809785869284e-02
6.588600000000000000e+04,1.648703580312904302e-02,2.169737421570205882e-02
6.588700000000000000e+04,1.498973295627060998e-02,2.917460415027095522e-02
6.588800000000000000e+04,1.333236971516436019e-02,2.038008136289315431e-02
6.588900000000000000e+04,1.084926046068392103e-02,1.880395339199569804e-02
6.589000000000000000e+04,1.562868554986747080e-02,3.310877184272897900e-02
6.589100000000000000e+04,8.639866160174819107e-03,2.562437182032040184e-02
6.589200000000000000e+04,3.842666146474437404e-03,1.746986547932238842e-02
6.589300000000000000e+04,6.385664239438846451e-03,3.524766138704449325e-02
6.589400000000000000e+04,6.028164513992285284e-03,4.647469402504600389e-02
6.589500000000000000e+04,5.442218804229076966e-03,4.866765625134750195e-02
6.589600000000000000e+04,3.788793749880878248e-03,1.759413922123420626e-02
6.589700000000000000e+04,8.048364677707441073e-03,2.374978629060886526e-02
6.589800000000000000e+04,8.523760390810288662e-03,2.357526579589053206e-02
6.589900000000000000e+04,8.040646706268889110e-03,2.489874244436895978e-02
6.590000000000000000e+04,7.163162787892278158e-03,3.386216607618353081e-02
6.590100000000000000e+04,9.627597413243713445e-03,5.097082620577086942e-02
6.590200000000000000e+04,2.046037257012901529e-03,4.164336297350135219e-02
6.590300000000000000e+04,6.919999279374361998e-04,3.858412869570848613e-02
6.590400000000000000e+04,1.538590188435733216e-03,2.212521093811581352e-02
6.590500000000000000e+04,1.018656965863802555e-02,2.953738864408728126e-02
6.590600000000000000e+04,8.944184670367659809e-03,5.258125725594631206e-02
6.590700000000000000e+04,2.623437480135413710e-02,5.758327814487662621e-02
6.590800000000000000e+04,2.938431315378314465e-02,5.168363016921628805e-02
6.590900000000000000e+04,7.232282273507337905e-03,8.551324598546483635e-02
6.591000000000000000e+04,8.470812825779236097e-03,6.768554603125420677e-02
6.591100000000000000e+04,9.173014412215697508e-03,2.535217999256578203e-02
6.591200000000000000e+04,8.513721338626777796e-03,3.250453156929622445e-02
6.591300000000000000e+04,4.376960867217134094e-03,9.760083646113804079e-03
6.591400000000000000e+04,1.090733295898997819e-02,2.380374175668631409e-02
6.591500000000000000e+04,1.198389345785797616e-02,3.459006366798478282e-02
6.591600000000000000e+04,1.217499582350724946e-02,3.077297875820961259e-02
6.591700000000000000e+04,9.167776286700211191e-03,2.325094529437987667e-02
6.591800000000000000e+04,1.339978786113736782e-02,2.706410843962137047e-02
6.591900000000000000e+04,9.957970790393039229e-03,2.839025345608747752e-02
6.592000000000000000e+04,8.001761730024769398e-03,2.095919333985651889e-02
6.592100000000000000e+04,1.075622982617599997e-02,3.207111815552587952e-02
6.592200000000000000e+04,1.383355461300129520e-02,4.122973377104754977e-02
6.592300000000000000e+04,1.009246921512625336e-02,3.653945376732137262e-02
6.592400000000000000e+04,1.280690393388255778e-02,2.891830688777063951e-02
6.592500000000000000e+04,1.915023491182514179e-02,3.739969368199014266e-02
6.592600000000000000e+04,1.831188313572162940e-02,5.533699367742217490e-02
6.592700000000000000e+04,1.204471244842872900e-02,5.531982301523841183e-02
6.592800000000000000e+04,1.319008045466540067e-02,4.893596802920985311e-02
6.592900000000000000e+04,9.648418003361542566e-03,4.660870479234657804e-02
6.593000000000000000e+04,1.827885715363053096e-02,2.575216674378177917e-02
6.593100000000000000e+04,2.228259203416284653e-02,2.466035860274384817e-02
6.593200000000000000e+04,1.959893662366161277e-02,3.144031701814165025e-02
6.593300000000000000e+04,2.335445773313614068e-02,2.887776231442873431e-02
6.593400000000000000e+04,1.080241273740881330e-01,1.280128016906306176e-01
6.593500000000000000e+04,9.280262231965286449e-03,4.128521044321531441e-02
6.593600000000000000e+04,4.940050123349735978e-02,2.412818678599748523e-02
6.593700000000000000e+04,6.013019756400864169e-02,1.328927771810151093e-02
6.593800000000000000e+04,9.276491973512507316e-02,1.308024370153279548e-02
6.593900000000000000e+04,1.696651256436021160e-01,4.107018771336562457e-02
6.594000000000000000e+04,1.947745820899649538e-01,3.834741539448210251e-02
6.594100000000000000e+04,2.033768699655582601e-01,2.680631936258420084e-02
6.594200000000000000e+04,1.532243015387735330e-01,1.294319705498156448e-02
6.594300000000000000e+04,1.527719288159366529e-01,3.688952809830513095e-03
6.594400000000000000e+04,2.202632039810975828e-01,1.688286503888335455e-01
6.594500000000000000e+04,4.873290290901371308e-02,2.008965487007338124e-01
6.594600000000000000e+04,1.449444539183558089e-01,2.334056081313323761e-01
6.594700000000000000e+04,2.262966749485015860e-01,2.406265086738015868e-01
6.594800000000000000e+04,2.926386247715142552e-01,2.222561441946268590e-01
6.594900000000000000e+04,2.762150561508174285e-01,1.811907972387952759e-01
6.595000000000000000e+04,3.389124071269286054e-01,1.263395720958585544e-01
6.595100000000000000e+04,3.417412261773233872e-01,9.150073868397978760e-02
6.595200000000000000e+04,2.959316062161489458e-01,1.187668521623885809e-01
6.595300000000000000e+04,3.158006148718109918e-01,1.289854320497153539e-01
6.595400000000000000e+04,3.217317923385256129e-01,1.043815855474430343e-01
6.595500000000000000e+04,3.736654720052902667e-01,6.749906164042795975e-02
6.595600000000000000e+04,4.342476027444170938e-01,1.017403335118113317e-01
6.595700000000000000e+04,4.249389591953255385e-01,1.331161897223744894e-01
6.595800000000000000e+04,4.138423939391079887e-01,1.067308721096011936e-01
6.595900000000000000e+04,6.163828003343416358e-03,4.046789632687164406e-02
6.596000000000000000e+04,9.123403611452460260e-03,5.034007162546672021e-02
6.596100000000000000e+04,2.237505857361129016e-02,1.846550793236545474e-02
6.596200000000000000e+04,8.941352462656365976e-03,3.183928143872893912e-02
6.596300000000000000e+04,1.437061423975421678e-02,2.461209127713925859e-02
6.596400000000000000e+04,1.228145146050669927e-02,8.218413023109993887e-03
6.596500000000000000e+04,1.297807465880698036e-02,1.820886347580241704e-02
6.596600000000000000e+04,1.147644449734150883e-02,5.457567593190737476e-02
6.596700000000000000e+04,6.672270159109364683e-03,3.557040908666586621e-02
6.596800000000000000e+04,1.085518878491078740e-02,3.447113264653411946e-03
6.596900000000000000e+04,1.939309908461193596e-02,9.032561649094161815e-03
6.597000000000000000e+04,2.313166886177463882e-02,3.298058057939368126e-03
6.597100000000000000e+04,5.056836105092669259e-03,1.126439507768139947e-02
6.597200000000000000e+04,7.786511478351580001e-03,4.970898235390874831e-03
6.597300000000000000e+04,7.601076775671959836e-03,8.141272014327016748e-03
6.597400000000000000e+04,5.467507140321820926e-03,1.340382897961567288e-02
6.597500000000000000e+04,5.357898986725718321e-03,9.750628410557293790e-03
6.597600000000000000e+04,1.535413858564311541e-02,1.662860972124913239e-02
6.597700000000000000e+04,2.250809332761707221e-02,3.796845502339052381e-02
6.597800000000000000e+04,1.672039890485945562e-02,1.672332372074469831e-02
6.597900000000000000e+04,1.392270615693952732e-02,1.682397039688421359e-03
6.598000000000000000e+04,2.391698296422007861e-03,1.009883880123574329e-02
6.598100000000000000e+04,2.655472126913219211e-02,1.484785966168900018e-02
6.598200000000000000e+04,3.184972530534194851e-02,2.269578149938267231e-02
6.598300000000000000e+04,2.692338973912001068e-02,4.389118992942675490e-02
6.598400000000000000e+04,2.635130808611626727e-02,8.900624624580544264e-02
6.598500000000000000e+04,3.192784367177863014e-02,1.011406220530677302e-01
6.598600000000000000e+04,3.432394857986306724e-02,9.075342603176173029e-02
6.598700000000000000e+04,5.768991580815820142e-02,3.533516016565929618e-02
6.598800000000000000e+04,5.284294037048666015e-02,4.268417526093859493e-03
6.598900000000000000e+04,3.264198247645273138e-02,3.453745879962322185e-02
6.599000000000000000e+04,6.496499880889544665e-02,1.578827089771217551e-01
6.599100000000000000e+04,8.678730789173616511e-02,1.528742045239201985e-01
6.599200000000000000e+04,9.075384354455155733e-02,1.587860669661902424e-01
6.599300000000000000e+04,1.088665008674025020e-01,1.693729788672910797e-01
6.599400000000000000e+04,1.420314795548903442e-01,2.255432703400981342e-01
6.599500000000000000e+04,3.602561802870057894e-02,1.319524794893167652e-03
6.599600000000000000e+04,3.134412192778855688e-02,5.075818945276977523e-03
6.599700000000000000e+04,2.685951562115444780e-02,6.256379186727756281e-02
6.599800000000000000e+04,3.504679283621327246e-02,4.408665638631237282e-02
6.599900000000000000e+04,3.799666375952377717e-02,4.555345435949442745e-02
6.600000000000000000e+04,4.267863968988033080e-02,7.548422217426187242e-02
6.600100000000000000e+04,3.018005848146450634e-02,3.543651002724046428e-02
6.600200000000000000e+04,1.655557909887344845e-02,1.939165751379756664e-02
6.600300000000000000e+04,2.275425230863268450e-02,6.591118231789039328e-04
6.600400000000000000e+04,1.929807741203231133e-02,1.943234771008750528e-02
6.600500000000000000e+04,3.269520578726594490e-02,4.104178289597526508e-02
6.600600000000000000e+04,2.168864785132007186e-02,2.232461764245541325e-02
6.600700000000000000e+04,1.627078218667045786e-02,3.057704672405003876e-02
6.600800000000000000e+04,3.048645248985032419e-02,1.413858160534009478e-02
6.600900000000000000e+04,3.556643054238422391e-02,1.225785756170294505e-02
6.601000000000000000e+04,3.564012325799897907e-02,5.006608183779626131e-03
6.601100000000000000e+04,2.853246671232609333e-02,1.599119719764430236e-02
6.601200000000000000e+04,4.894847213083404480e-02,4.305714038904739915e-02
6.601300000000000000e+04,2.819045074997911932e-02,4.020302574916878591e-02
6.601400000000000000e+04,2.269274918020661516e-02,4.797128949128470765e-02
6.601500000000000000e+04,2.167185090643128018e-02,4.247360286871804114e-02
6.601600000000000000e+04,2.494460455595442008e-02,2.168360282592973753e-02
6.601700000000000000e+04,1.777575189988569310e-02,2.528468772116232444e-02
6.601800000000000000e+04,2.587131645677244463e-02,2.087038364025017856e-03
6.601900000000000000e+04,2.275885431812369950e-02,1.232682133161699944e-02
6.602000000000000000e+04,2.455171348589396327e-02,1.842877865228698120e-02
6.602100000000000000e+04,2.683676871821933860e-02,1.745219244779638856e-02
6.602200000000000000e+04,1.989967696288753862e-02,9.169535662602479320e-03
6.602300000000000000e+04,1.276193580660970293e-02,1.713464803877062792e-02
6.602400000000000000e+04,2.100525053930125605e-02,3.165064458297162098e-02
6.602500000000000000e+04,1.580578997545780892e-02,3.153926648552696221e-02
6.602600000000000000e+04,1.839581963609368195e-02,4.840376725970685357e-02
6.602700000000000000e+04,1.808481165720670844e-02,5.908939879297769870e-02
6.602800000000000000e+04,5.476490914419196269e-03,2.272477321746779744e-02
6.602900000000000000e+04,2.063176345753360216e-02,2.657922760686992625e-02
6.603000000000000000e+04,3.302301452411371407e-02,7.766165230760435634e-02
6.603100000000000000e+04,2.336243794770715906e-02,3.025226278907622302e-02
6.603200000000000000e+04,2.065459022852456430e-02,4.607791896296897782e-02
6.603300000000000000e+04,1.867990186390753454e-03,8.392914180546973135e-02
6.603400000000000000e+04,3.328177399795471253e-02,9.750133178296249703e-02
6.603500000000000000e+04,9.915048654435086595e-02,1.211681687578121114e-01
6.603600000000000000e+04,1.405108053144298874e-01,1.541361733166015657e-01
6.603700000000000000e+04,2.639082774451901106e-02,4.005891843195019675e-02
6.603800000000000000e+04,6.756365661222883678e-02,8.780901562294696205e-02
6.603900000000000000e+04,9.413335510263623473e-02,1.149696893430411926e-01
6.604000000000000000e+04,7.681455167961011299e-02,1.287802900293018027e-01
6.604100000000000000e+04,7.346374679449145517e-02,1.342341594547153960e-01
6.604200000000000000e+04,8.154350573882800102e-02,1.377433688084455099e-01
6.604300000000000000e+04,4.983908937682417217e-02,5.073653088062890504e-02
6.604400000000000000e+04,4.620822398721270013e-02,3.159300143816912154e-02
6.604500000000000000e+04,3.804512135719528843e-02,2.056064807028468167e-02
6.604600000000000000e+04,3.311616313411137880e-02,3.017627296779767931e-02
6.604700000000000000e+04,2.794970035517352347e-02,4.126201181933542017e-02
6.604800000000000000e+04,1.117674880033862200e-02,3.506236905615001120e-02
6.604900000000000000e+04,1.004277695100018984e-02,4.071856281543917433e-02
6.605000000000000000e+04,5.303094415446053811e-03,6.395226739579218389e-02
6.605100000000000000e+04,2.682108232555633839e-02,4.520355142534704385e-02
6.605200000000000000e+04,2.369241257030128486e-02,3.156904186479092544e-02
6.605300000000000000e+04,2.038593285467513172e-02,2.296637429716641421e-02
6.605400000000000000e+04,3.325879077679832346e-02,2.298204735581466096e-02
6.605500000000000000e+04,3.883963866837558676e-02,1.701194936557692827e-02
6.605600000000000000e+04,1.682421082631360004e-02,6.468105738342000421e-02
6.605700000000000000e+04,4.418258719869031653e-02,1.182679896338321157e-01
6.605800000000000000e+04,4.383437518351136070e-02,3.097837098580402682e-02
6.605900000000000000e+04,4.614472955941018723e-02,3.646591769354046164e-02
6.606000000000000000e+04,4.591462775866966828e-02,3.865656519504234723e-02
6.606100000000000000e+04,4.098329079008317805e-02,5.322222078500882247e-02
6.606200000000000000e+04,4.181835360270768492e-02,6.063302346358012684e-02
6.606300000000000000e+04,4.689093440195072487e-02,9.262844668980818597e-02
6.606400000000000000e+04,4.408674507921918340e-02,1.137005235316705942e-01
6.606500000000000000e+04,5.024020130305022203e-02,1.284220310496788642e-01
6.606600000000000000e+04,4.489152644696327993e-02,1.306534963049106324e-01
6.606700000000000000e+04,7.315041421380713560e-02,1.216880174525107883e-01
6.606800000000000000e+04,8.485633540842517364e-02,1.043592054625985810e-01
6.606900000000000000e+04,8.464136873587929655e-02,1.066973071393775285e-01
6.607000000000000000e+04,5.099462456405669253e-02,1.220517812993113793e-01
6.607100000000000000e+04,2.115078854833532876e-02,1.248420246898001018e-01
6.607200000000000000e+04,4.766402263413138662e-02,1.275986947260450144e-01
6.607300000000000000e+04,5.919533218723795759e-02,1.184024832796191085e-01
6.607400000000000000e+04,6.005130521117221787e-02,1.155189285271616129e-01
6.607500000000000000e+04,7.008027759260607170e-02,7.302444233347982205e-02
6.607600000000000000e+04,7.735622936753272505e-02,7.399177542808033081e-02
6.607700000000000000e+04,8.809493222819504699e-02,6.593979661371340839e-02
6.607800000000000000e+04,9.473976899620048520e-02,6.212343112846863136e-02
6.607900000000000000e+04,1.009716804936019036e-01,5.603260531862375160e-02
6.608000000000000000e+04,1.013323122491359557e-01,5.579640118384432412e-02
6.608100000000000000e+04,1.041887250644088492e-01,4.554033722290240505e-02
6.608200000000000000e+04,9.717663607975243756e-02,4.935275388771742655e-02
6.608300000000000000e+04,9.325889590873454038e-02,5.328748600520460954e-02
6.608400000000000000e+04,8.615682686028922066e-02,5.865125405400872793e-02
6.608500000000000000e+04,8.119546783986858474e-02,6.520971508595252430e-02
6.608600000000000000e+04,7.841011782939383279e-02,7.319274887911975114e-02
6.608700000000000000e+04,7.174713431845779199e-02,7.987668860289653949e-02
6.608800000000000000e+04,7.052133098651509890e-02,8.088908568629715745e-02
6.608900000000000000e+04,6.943039351773222512e-02,8.156187738396614151e-02
6.609000000000000000e+04,7.237087022750247900e-02,7.989502983643603784e-02
6.609100000000000000e+04,7.409676861075893683e-02,7.512118082466923141e-02
6.609200000000000000e+04,7.498097331807723753e-02,8.045010012771180996e-02
6.609300000000000000e+04,8.028385335164835157e-02,7.830250246239423007e-02
6.609400000000000000e+04,6.911497349856705885e-02,8.806195947243411482e-02
6.609500000000000000e+04,6.086737865826972321e-02,8.743049503830668812e-02
6.609600000000000000e+04,5.233911765945983841e-02,8.992418766841714373e-02
6.609700000000000000e+04,4.471018154255888832e-02,1.566474927882386403e-01
6.609800000000000000e+04,4.704403320512510339e-02,1.435302617852340923e-01
6.609900000000000000e+04,5.865615946416982696e-02,1.130733271426302977e-01
6.610000000000000000e+04,6.266067851855279536e-02,9.228400819158411039e-02
6.610100000000000000e+04,7.220493232901319114e-02,8.379893992636722189e-02
6.610200000000000000e+04,7.746765583736815730e-02,8.145818571234020311e-02
6.610300000000000000e+04,8.007494611260505823e-02,7.461101893299781906e-02
6.610400000000000000e+04,8.134923177195517441e-02,7.329727223766813182e-02
6.610500000000000000e+04,7.903524308589572611e-02,6.685489037622582842e-02
6.610600000000000000e+04,7.669977726032982390e-02,6.776173322423639789e-02
6.610700000000000000e+04,7.885554399181000929e-02,6.269939181193473487e-02
6.610800000000000000e+04,7.640925440101703492e-02,6.192926488147687536e-02
6.610900000000000000e+04,7.489541197643559411e-02,5.978140799955777851e-02
6.611000000000000000e+04,7.029159178516866668e-02,6.078531050073676667e-02
6.611100000000000000e+04,6.816506203017112797e-02,5.951411713910914614e-02
6.611200000000000000e+04,6.243585645322704408e-02,5.784203193585657488e-02
6.611300000000000000e+04,6.169573062577692057e-02,5.384157707003911497e-02
6.611400000000000000e+04,5.907982529684833312e-02,5.798185675358036306e-02
6.611500000000000000e+04,5.623092654467044815e-02,5.459197476564137119e-02
6.611600000000000000e+04,6.042777150722875024e-02,5.930176614501547760e-02
6.611700000000000000e+04,5.533595553730168842e-02,5.698179870780739620e-02
6.611800000000000000e+04,5.483243087146600497e-02,5.991718573196047615e-02
6.611900000000000000e+04,5.459959107015651542e-02,6.223363274082593932e-02
6.612000000000000000e+04,5.029889666335857212e-02,5.833116776658364699e-02
6.612100000000000000e+04,4.412871830597100281e-02,6.752130255341137754e-02
6.612200000000000000e+04,4.351486591058677939e-02,6.414876478035713703e-02
6.612300000000000000e+04,4.470963665787715258e-02,6.196029416631043674e-02
6.612400000000000000e+04,4.930328985430974115e-02,6.152329528432920469e-02
6.612500000000000000e+04,4.841995569122375248e-02,6.416054266339799028e-02
6.612600000000000000e+04,4.139311813102081877e-02,5.806039859107103851e-02
6.612700000000000000e+04,4.224025115413954784e-02,4.391437921237839603e-02
6.612800000000000000e+04,3.121388464256105028e-02,2.747225047027734846e-02
6.612900000000000000e+04,6.703002200063222504e-02,3.527170638997656482e-03
6.613000000000000000e+04,6.088549260665195029e-02,6.115648311814059213e-02
6.613100000000000000e+04,6.136247240106732642e-02,5.076733889410744993e-02
6.613200000000000000e+04,4.600373938513654254e-02,8.149658639670942506e-02
6.613300000000000000e+04,2.207839090138112581e-02,7.852418893458779081e-02
6.613400000000000000e+04,3.448465688268504553e-02,3.751411494037570904e-02
6.613500000000000000e+04,4.648299993091255244e-02,2.772838068217220453e-02
6.613600000000000000e+04,5.546129845375524087e-02,4.171604821517460593e-02
6.613700000000000000e+04,3.771590359627204070e-02,1.203785355971280779e-01
6.613800000000000000e+04,4.203477733649928910e-02,1.155096433714382087e-01
6.613900000000000000e+04,4.676328402990633654e-02,1.344889779074778247e-01
6.614000000000000000e+04,4.064758091834493048e-02,1.670205236823512074e-01
6.614100000000000000e+04,3.080839049978641164e-02,7.264801035969847831e-02
6.614200000000000000e+04,2.521808590264525488e-02,6.488661964651321057e-02
6.614300000000000000e+04,3.312341553692411955e-02,4.998205006792533212e-02
6.614400000000000000e+04,5.355768067493967693e-02,8.924347886945538377e-02
6.614500000000000000e+04,6.635574452758187525e-02,1.038309729432396189e-01
6.614600000000000000e+04,3.691711692897961528e-02,1.087864687401296493e-01
6.614700000000000000e+04,5.434076582069612138e-02,5.522307505310886100e-02
6.614800000000000000e+04,1.304094049771575281e-01,1.110931935529770875e-01
6.614900000000000000e+04,2.055507330190672055e-01,1.831150222015356377e-01
6.615000000000000000e+04,3.218145999495329868e-01,2.695240122922064607e-01
6.615100000000000000e+04,3.035430880311063562e-01,3.476690558520720842e-01
6.615200000000000000e+04,4.168676783707946365e-01,4.554538549806408376e-01
6.615300000000000000e+04,4.536964353219092305e-01,5.848957162712165037e-01
6.615400000000000000e+04,4.419750027281570404e-01,6.916730321661677117e-01
6.615500000000000000e+04,4.069821879249004848e-01,7.701925117240135954e-01
6.615600000000000000e+04,4.119434022934955197e-01,9.524011788727064776e-01
6.615700000000000000e+04,3.786070481352827310e-01,1.014553174663933799e+00
6.615800000000000000e+04,3.590488959958089143e-01,1.250995037676088550e+00
6.615900000000000000e+04,3.888884170828197373e-01,1.365634341517316663e+00
6.616000000000000000e+04,4.469981509545063458e-01,1.458315253241547538e+00
6.616100000000000000e+04,4.728439772158401500e-01,1.528252540371420665e+00
6.616200000000000000e+04,5.265547298325845560e-01,1.594261530192069287e+00
6.616300000000000000e+04,5.134162644744494353e-01,1.642474311253346642e+00
6.616400000000000000e+04,4.955987154162834196e-01,1.607428392892141122e+00
6.616500000000000000e+04,5.581249999636381798e-01,1.724730520911826215e+00
6.616600000000000000e+04,5.329726535765801909e-01,1.297876447193677674e+00
6.616700000000000000e+04,4.594102562280079627e-01,1.237587536116014242e+00
6.616800000000000000e+04,4.222820979026503663e-01,1.199506081305234062e+00
6.616900000000000000e+04,4.187550676003392036e-01,1.219196230620075205e+00
6.617000000000000000e+04,4.176487071014224894e-01,1.219298501880893060e+00
6.617100000000000000e+04,4.412816398152226149e-01,1.258674024309966111e+00
6.617200000000000000e+04,4.688553521115004230e-01,1.309566292698473688e+00
6.617300000000000000e+04,4.721778527321564556e-01,1.361152846404308114e+00
6.617400000000000000e+04,4.840042033744305638e-01,1.427825945216648851e+00
6.617500000000000000e+04,4.617692178208398501e-01,1.550678497075594020e+00
6.617600000000000000e+04,5.320727712507874463e-01,1.566654938059548918e+00
6.617700000000000000e+04,5.213094332199483816e-01,1.669281320534716340e+00
6.617800000000000000e+04,5.289156980816244191e-01,1.699077044743785070e+00
6.617900000000000000e+04,5.308681127076638750e-01,1.769654251696482827e+00
6.618000000000000000e+04,5.305502604438199210e-01,1.790004344223834032e+00
6.618100000000000000e+04,6.020416260809969833e-01,1.800824847091815339e+00
6.618200000000000000e+04,6.549864345873385174e-01,1.890423007284844914e+00
6.618300000000000000e+04,6.700839480436732165e-01,1.871876169789271849e+00
6.618400000000000000e+04,7.050013913021391243e-01,1.934343805650998505e+00
6.618500000000000000e+04,7.370123109178758902e-01,1.993848126975619639e+00
6.618600000000000000e+04,7.589257286131688707e-01,2.026604358700244912e+00
6.618700000000000000e+04,8.150530656244225902e-01,2.101944690697488571e+00
6.618800000000000000e+04,9.165800187395655163e-01,2.255684006075822090e+00
6.618900000000000000e+04,1.007772224925895799e+00,2.276639494723077917e+00
6.619000000000000000e+04,1.072175621783793664e+00,2.244153846484814974e+00
6.619100000000000000e+04,1.100440553951124389e+00,2.262087129026780108e+00
6.619200000000000000e+04,1.079241790841469539e+00,2.288873305179429440e+00
6.619300000000000000e+04,1.027873426040248672e+00,2.222100233314869833e+00
6.619400000000000000e+04,1.007383859509323187e+00,2.160227061383395153e+00
6.619500000000000000e+04,1.004113933445947460e+00,2.204328134462543609e+00
6.619600000000000000e+04,9.933890833294675149e-01,2.209999074895582005e+00
6.619700000000000000e+04,9.841430819350908132e-01,2.259704520951999918e+00
6.619800000000000000e+04,9.511238867178201106e-01,2.238636413168235251e+00
6.619900000000000000e+04,9.149552493772602491e-01,2.228238653804062608e+00
6.620000000000000000e+04,9.108792426912983853e-01,2.210148928615231156e+00
6.620100000000000000e+04,9.537434612362207798e-01,2.183786193098317341e+00
6.620200000000000000e+04,9.625959581968644985e-01,2.189685616335681928e+00
6.620300000000000000e+04,9.840813055347246152e-01,2.137989535982407041e+00
6.620400000000000000e+04,9.931422648327170588e-01,2.093730764974266023e+00
6.620500000000000000e+04,1.014983765984613484e+00,2.169485993429597137e+00
6.620600000000000000e+04,1.044870225810925923e+00,2.183258928589123293e+00
6.620700000000000000e+04,1.066494624290849513e+00,2.214598910383429597e+00
6.620800000000000000e+04,1.042371220526902897e+00,2.211833256445154383e+00
6.620900000000000000e+04,1.012521283184086185e+00,2.228773706145454447e+00
6.621000000000000000e+04,1.009395090652669191e+00,2.198412371114402575e+00
6.621100000000000000e+04,9.567187202791790357e-01,2.219640593122997885e+00
6.621200000000000000e+04,1.072992678585471538e+00,2.123163745655582524e+00
6.621300000000000000e+04,1.100758468978132010e+00,2.159501180193925229e+00
6.621400000000000000e+04,1.122301589897115370e+00,2.161117251032236730e+00
6.621500000000000000e+04,1.113360499481446997e+00,2.170884057458286165e+00
6.621600000000000000e+04,1.129475911889658457e+00,2.130561008111868659e+00
6.621700000000000000e+04,1.062442206094322161e+00,2.033478800409067588e+00
6.621800000000000000e+04,1.079854858603163104e+00,2.091798242096825078e+00
6.621900000000000000e+04,1.070017264376051491e+00,2.050996246666613843e+00
6.622000000000000000e+04,1.059973619277353896e+00,2.011548723399103622e+00
6.622100000000000000e+04,1.067616436230791832e+00,2.020874877090289345e+00
6.622200000000000000e+04,1.058541530854645529e+00,2.024048573870073753e+00
6.622300000000000000e+04,1.045985810450774656e+00,2.007614211273770266e+00
6.622400000000000000e+04,1.048698073964987598e+00,2.012913538195718388e+00
6.622500000000000000e+04,1.037982825454459190e+00,2.011962447519012542e+00
6.622600000000000000e+04,1.019928728292139875e+00,2.012683639768745536e+00
6.622700000000000000e+04,1.004919963166393870e+00,2.005000443120426468e+00
6.622800000000000000e+04,1.018006530289587319e+00,2.044290928416316433e+00
6.622900000000000000e+04,1.023329667005777432e+00,2.070392792175706376e+00
6.623000000000000000e+04,1.022770389824464221e+00,2.068509760670590225e+00
6.623100000000000000e+04,9.962185304174462352e-01,2.056024211514829503e+00
6.623200000000000000e+04,9.803726633921026057e-01,2.029244167235621177e+00
6.623300000000000000e+04,9.706508752844718035e-01,2.011256816018617499e+00
6.623400000000000000e+04,9.525806762287153395e-01,1.985954352510947984e+00
6.623500000000000000e+04,9.199976397350042578e-01,1.944526037406280494e+00
6.623600000000000000e+04,9.106073026069713139e-01,1.891067641702223412e+00
6.623700000000000000e+04,8.926213404243493743e-01,1.848608969884871556e+00
6.623800000000000000e+04,8.743298397799440513e-01,1.807009479914146510e+00
6.623900000000000000e+04,8.613084560876874685e-01,1.777310764063667392e+00
6.624000000000000000e+04,8.505944935655868067e-01,1.752746089772893257e+00
6.624100000000000000e+04,8.285745584949086862e-01,1.741826395308889275e+00
6.624200000000000000e+04,8.203829152387281942e-01,1.735766238704762543e+00
6.624300000000000000e+04,8.153793944026895835e-01,1.737211722740175546e+00
6.624400000000000000e+04,8.098036414777217695e-01,1.733891681751170921e+00
6.624500000000000000e+04,8.036773531741114862e-01,1.728796519264998111e+00
6.624600000000000000e+04,7.953774385304515082e-01,1.717814976148453354e+00
6.624700000000000000e+04,7.822638296592636653e-01,1.703100126182649277e+00
6.624800000000000000e+04,7.672893119737319578e-01,1.690002878504310857e+00
6.624900000000000000e+04,7.523983228788297950e-01,1.672519228775250610e+00
6.625000000000000000e+04,7.398093741246577482e-01,1.655126291016973283e+00
6.625100000000000000e+04,7.283911717359670135e-01,1.634829514430578001e+00
6.625200000000000000e+04,7.171465426034705493e-01,1.620495542801201339e+00
6.625300000000000000e+04,7.074272330928146335e-01,1.608060016649593749e+00
6.625400000000000000e+04,6.950621804213650279e-01,1.588911175655624675e+00
6.625500000000000000e+04,6.851647623071499549e-01,1.566871205650675947e+00
6.625600000000000000e+04,6.740212661440816433e-01,1.539688504299487448e+00
6.625700000000000000e+04,6.616431176348599452e-01,1.512381923109622051e+00
6.625800000000000000e+04,6.484496004545483583e-01,1.483443563537448995e+00
6.625900000000000000e+04,6.355207922155847733e-01,1.456155942956868898e+00
6.626000000000000000e+04,6.234133822973320083e-01,1.433891385456151468e+00
6.626100000000000000e+04,6.122997192417856116e-01,1.408868425750801734e+00
6.626200000000000000e+04,6.005017261416022434e-01,1.385498831298537681e+00
6.626300000000000000e+04,5.894406420491279386e-01,1.361741513278719395e+00
6.626400000000000000e+04,5.833238871365402645e-01,1.337421950286600492e+00
6.626500000000000000e+04,5.747280034120224590e-01,1.303910251794688335e+00
6.626600000000000000e+04,5.709997712062682140e-01,1.283291682450840909e+00
6.626700000000000000e+04,5.658595734831592949e-01,1.259570396545344195e+00
6.626800000000000000e+04,5.565921877032253828e-01,1.241389444050907898e+00
6.626900000000000000e+04,5.468459558512027696e-01,1.222559193397323440e+00
6.627000000000000000e+04,5.368180702743365895e-01,1.210941261206475161e+00
6.627100000000000000e+04,5.356552448528542065e-01,1.172608666412600087e+00
6.627200000000000000e+04,5.283636525272983331e-01,1.154653183264390037e+00
6.627300000000000000e+04,5.142488436022885079e-01,1.151949015352451866e+00
6.627400000000000000e+04,5.048317200610683564e-01,1.153643548705424848e+00
6.627500000000000000e+04,4.915394316940697172e-01,1.141160567744798016e+00
6.627600000000000000e+04,4.809730341062332659e-01,1.131584018548331017e+00
6.627700000000000000e+04,4.717481525908148732e-01,1.119114619322200355e+00
6.627800000000000000e+04,4.617556292463898537e-01,1.101893025679991922e+00
6.627900000000000000e+04,4.513049524807092872e-01,1.085408529027439783e+00
6.628000000000000000e+04,4.382693380303775421e-01,1.070925264248762332e+00
6.628100000000000000e+04,4.285892379292509102e-01,1.062060655732745218e+00
6.628200000000000000e+04,4.177304662420580073e-01,1.048480597366408418e+00
6.628300000000000000e+04,4.044441038139211519e-01,1.040316297444348947e+00
6.628400000000000000e+04,3.927502941190387231e-01,1.033372424336635120e+00
6.628500000000000000e+04,3.793332508209915632e-01,1.025979557030160194e+00
6.628600000000000000e+04,3.665461481640222008e-01,1.021238634005866786e+00
6.628700000000000000e+04,3.565176918211592216e-01,1.008349806522073067e+00
6.628800000000000000e+04,3.484998868846860831e-01,9.993921661542142232e-01
6.628900000000000000e+04,3.406286000035885220e-01,9.877398101047365486e-01
6.629000000000000000e+04,3.345700060097127060e-01,9.736469510535581406e-01
6.629100000000000000e+04,3.269199098082578581e-01,9.643311666063603127e-01
6.629200000000000000e+04,3.193566366188987926e-01,9.545241514143771866e-01
6.629300000000000000e+04,3.127527024064753469e-01,9.456232363111318762e-01
6.629400000000000000e+04,3.073695923706667998e-01,9.391327273799685571e-01
6.629500000000000000e+04,3.031642573022557130e-01,9.315369777101629722e-01
6.629600000000000000e+04,2.993668537662406703e-01,9.301391993857031082e-01
6.629700000000000000e+04,2.935279618002990532e-01,9.278036782376481995e-01
6.629800000000000000e+04,2.887180049988696817e-01,9.266845410759927404e-01
6.629900000000000000e+04,2.834263289081159765e-01,9.223239128337556991e-01
6.630000000000000000e+04,2.792106029054170491e-01,9.163127247569420319e-01
6.630100000000000000e+04,2.787106485594483818e-01,8.785677275078587201e-01
6.630200000000000000e+04,2.736546435300342139e-01,8.749161542249250800e-01
6.630300000000000000e+04,2.719171220657520260e-01,8.764333647377373637e-01
6.630400000000000000e+04,2.674297668257591964e-01,8.741010823106929450e-01
6.630500000000000000e+04,2.637519486532160506e-01,8.639418579335682580e-01
6.630600000000000000e+04,2.578895975837141030e-01,8.568663905277098536e-01
6.630700000000000000e+04,2.519368499826813990e-01,8.504141205805186843e-01
6.630800000000000000e+04,2.417259859335182948e-01,8.429722071968228647e-01
6.630900000000000000e+04,2.392743016975212023e-01,8.380463320148034967e-01
6.631000000000000000e+04,2.417898888077385788e-01,8.283344526038032285e-01
6.631100000000000000e+04,2.254970033010053054e-01,8.079128273785105563e-01
6.631200000000000000e+04,2.238180207510962194e-01,8.003439105158118849e-01
6.631300000000000000e+04,2.263671366972321575e-01,7.910369068836704542e-01
6.631400000000000000e+04,2.256816990509829535e-01,7.705673315002847801e-01
6.631500000000000000e+04,2.289452697390184921e-01,7.752004231840530224e-01
6.631600000000000000e+04,2.206724715188751740e-01,7.685218486205815935e-01
6.631700000000000000e+04,2.287651260286224508e-01,7.560973701448805429e-01
6.631800000000000000e+04,2.230400752252980345e-01,7.493115678212980413e-01
6.631900000000000000e+04,2.235443169438704747e-01,7.367880496452841044e-01
6.632000000000000000e+04,2.203022122128545923e-01,7.165946484146665796e-01
6.632100000000000000e+04,2.141142426357350581e-01,6.964075694064622013e-01
6.632200000000000000e+04,2.117912791849370369e-01,7.026338520551540512e-01
6.632300000000000000e+04,2.152521816809724042e-01,6.970745885386104845e-01
6.632400000000000000e+04,2.250181913207047468e-01,7.025659163129045481e-01
6.632500000000000000e+04,2.258070644750904965e-01,7.083076831719594679e-01
6.632600000000000000e+04,2.314489059692852735e-01,7.109518596684161196e-01
6.632700000000000000e+04,2.330065719088698362e-01,7.132790178064229991e-01
6.632800000000000000e+04,2.301330816647861599e-01,7.191300290734012890e-01
6.632900000000000000e+04,2.332966448518075941e-01,7.106219538290492466e-01
6.633000000000000000e+04,2.368300104673477791e-01,6.887730440348551753e-01
6.633100000000000000e+04,3.221434365598579291e-02,1.037223987995794516e-02
6.633200000000000000e+04,2.762939866240533143e-02,2.835297684823601116e-03
6.633300000000000000e+04,2.295631479205659589e-02,1.581478340984965314e-02
6.633400000000000000e+04,2.267181857458939326e-02,6.015849407850382136e-03
6.633500000000000000e+04,2.752395855225440308e-02,2.967178382499824352e-03
6.633600000000000000e+04,3.192534448291980270e-02,7.711647397155019235e-03
6.633700000000000000e+04,3.093301214302795685e-02,1.507699398058015561e-02
6.633800000000000000e+04,3.038518586311495309e-02,5.861776117388473040e-03
6.633900000000000000e+04,2.653539876844999978e-02,4.327110574120496267e-04
6.634000000000000000e+04,2.850461875486269558e-02,2.006422634909910130e-03
6.634100000000000000e+04,4.231019754681605155e-02,3.388446873326955711e-03
6.634200000000000000e+04,3.248266448342367052e-02,3.222600262066777077e-03
6.634300000000000000e+04,2.155868407746716273e-02,3.901124650500520374e-04
6.634400000000000000e+04,2.529223882555220806e-02,5.438516934054504759e-03
6.634500000000000000e+04,2.106035037791452111e-02,9.832625433272568216e-03
6.634600000000000000e+04,1.533616203909167822e-02,1.692009304976416217e-02
6.634700000000000000e+04,3.494614024956483461e-02,1.908242660024228599e-02
6.634800000000000000e+04,4.057114534137051115e-02,8.430776022002817172e-03
6.634900000000000000e+04,3.759894759434301292e-02,2.278459988434278216e-02
6.635000000000000000e+04,2.745956982304143326e-02,3.876496523685801776e-02
6.635100000000000000e+04,2.992623446297267009e-02,3.182574902167267794e-02
6.635200000000000000e+04,3.949469356029575162e-02,4.308878322875209221e-02
6.635300000000000000e+04,2.814782573674330310e-02,8.483265136826645403e-02
6.635400000000000000e+04,4.505303076501282478e-02,9.182102816050274896e-02
6.635500000000000000e+04,4.828587932537287825e-02,3.608220628670899544e-02
6.635600000000000000e+04,3.952233477882488577e-02,4.661652608180943957e-02
6.635700000000000000e+04,6.658542707130477023e-02,3.933507246142653457e-02
6.635800000000000000e+04,4.394080907517649431e-02,2.778115194016628209e-02
6.635900000000000000e+04,3.306823554041991853e-02,4.013191406055227617e-02
6.636000000000000000e+04,2.833814697637683858e-02,2.695896413685261450e-02
6.636100000000000000e+04,3.179410289774605575e-02,4.372998439588471342e-02
6.636200000000000000e+04,3.632846656987042538e-02,3.304435131428640204e-02
6.636300000000000000e+04,4.155300842350727331e-02,1.227539026507429298e-02
6.636400000000000000e+04,4.496744124539132220e-02,1.489291472924136883e-02
6.636500000000000000e+04,4.773886850216162159e-02,1.451233851412681020e-02
6.636600000000000000e+04,4.945387525261795564e-02,1.137233561120964964e-02
6.636700000000000000e+04,4.503990339166034917e-02,3.488729148200420127e-02
6.636800000000000000e+04,4.591604675369681532e-02,5.642557242144974339e-02
6.636900000000000000e+04,4.622151191049175822e-02,5.146547230355835723e-02
6.637000000000000000e+04,4.769168963780386072e-02,4.038406501989300068e-02
6.637100000000000000e+04,4.159847730201787080e-02,3.452939696975576567e-02
6.637200000000000000e+04,4.033394182916984899e-02,2.493481324002644328e-02
6.637300000000000000e+04,4.059002712568075821e-02,2.728915690714828202e-02
6.637400000000000000e+04,4.109381277062078286e-02,2.750715163872996527e-02
6.637500000000000000e+04,4.045419205317399292e-02,2.778094171978295890e-02
6.637600000000000000e+04,3.905239441372541920e-02,2.406572703334575181e-02
6.637700000000000000e+04,3.998847835532798323e-02,2.301449827431767403e-02
6.637800000000000000e+04,3.985213707643255054e-02,2.248406252582313414e-02
6.637900000000000000e+04,3.818026974529076939e-02,2.253497452736752393e-02
6.638000000000000000e+04,3.762369218682035110e-02,1.958690883778402281e-02
6.638100000000000000e+04,3.543926515529632892e-02,2.411126981230182764e-02
6.638200000000000000e+04,3.319354891080481679e-02,2.489883859416153200e-02
6.638300000000000000e+04,3.324034458660633795e-02,2.325785672640989787e-02
6.638400000000000000e+04,3.114305634840305870e-02,2.165521682929139047e-02
6.638500000000000000e+04,2.879903347209841064e-02,2.377610534475849136e-02
6.638600000000000000e+04,2.685175002317201354e-02,2.074681334260120025e-02
6.638700000000000000e+04,2.803383002807305693e-02,2.325493781810550331e-02
6.638800000000000000e+04,3.736844274943476596e-02,2.115616551568777481e-02
6.638900000000000000e+04,3.371391196869419349e-02,1.431417613022389901e-02
6.639000000000000000e+04,2.876083118880511449e-02,2.550497990677058624e-02
6.639100000000000000e+04,2.704961063278038536e-02,2.249478192374354535e-02
6.639200000000000000e+04,2.454446416536069930e-02,2.886143092249682240e-02
6.639300000000000000e+04,2.979429775992367690e-02,1.913582882918518635e-02
6.639400000000000000e+04,3.338352271055196330e-02,1.701989833388495299e-02
6.639500000000000000e+04,3.739263033102137312e-02,3.294523081479994175e-02
6.639600000000000000e+04,4.017518235695033413e-02,5.941758876868874495e-03
6.639700000000000000e+04,6.106249707581947600e-02,1.542166022879598586e-02
6.639800000000000000e+04,3.870368536686738525e-02,7.724926835508938439e-02
6.639900000000000000e+04,1.689365819244379244e-02,1.566995425994441860e-01
6.640000000000000000e+04,2.765801475446581434e-02,2.035220462116065221e-01
6.640100000000000000e+04,1.286148997823011002e-02,2.585985183818451105e-01
6.640200000000000000e+04,4.742708057422880680e-02,2.775107690468168187e-01
6.640300000000000000e+04,1.845336762380421769e-01,3.068294623676344202e-01
6.640400000000000000e+04,1.068205888038750856e-01,3.732295631933695290e-01
6.640500000000000000e+04,1.361205650219105001e-01,3.990049798372155010e-01
6.640600000000000000e+04,4.722620606390291048e-02,4.602562715944884530e-01
6.640700000000000000e+04,4.090705044906545879e-02,4.463937989046513621e-01
6.640800000000000000e+04,5.078917174052431649e-02,4.374310594621171333e-01
6.640900000000000000e+04,6.074348256987889549e-02,4.458144920412081547e-01
6.641000000000000000e+04,8.393069377209333437e-02,4.311345519766334178e-01
6.641100000000000000e+04,8.500127296330178828e-02,4.243389527826337826e-01
6.641200000000000000e+04,7.727602524049848043e-02,4.272843855827410664e-01
6.641300000000000000e+04,7.133936304945563689e-02,4.329893645380487044e-01
6.641400000000000000e+04,6.887253969081116867e-02,4.392279761064870058e-01
6.641500000000000000e+04,6.773173261639144072e-02,4.423167928654798686e-01
6.641600000000000000e+04,6.844652927393753139e-02,4.428737803709914544e-01
6.641700000000000000e+04,7.077994181221661241e-02,4.419479613652619321e-01
6.641800000000000000e+04,2.680196953781258454e-02,1.309135298368317990e-01
6.641900000000000000e+04,1.157457247927754646e-02,8.503098397082808901e-02
6.642000000000000000e+04,5.991188207094600739e-03,4.405216762716435142e-02
6.642100000000000000e+04,6.795163889036167498e-03,4.460362749915702807e-02
6.642200000000000000e+04,8.729113572758842240e-03,4.470408271024695068e-02
6.642300000000000000e+04,8.904979367441822127e-03,4.185640829737735658e-02
6.642400000000000000e+04,6.526121693784075507e-03,4.063938744297601602e-02
6.642500000000000000e+04,7.150235653549829283e-03,3.833666898261611777e-02
6.642600000000000000e+04,6.169089032811402029e-03,3.744679100526582260e-02
6.642700000000000000e+04,2.888013631430352487e-03,3.717756713463415963e-02
6.642800000000000000e+04,3.771646945721837674e-03,3.615786944156695881e-02
6.642900000000000000e+04,6.571316203435603222e-03,3.133647216067814156e-02
6.643000000000000000e+04,7.018942570655987111e-03,2.857841465796084890e-02
6.643100000000000000e+04,6.738227850726062791e-03,2.528127316272588132e-02
6.643200000000000000e+04,6.696738108721528131e-03,2.221357098613552239e-02
6.643300000000000000e+04,6.719131705951215602e-03,1.891952691141440823e-02
6.643400000000000000e+04,4.714821696982307922e-03,1.452905724380926245e-02
6.643500000000000000e+04,5.935702672191168344e-03,1.226380551306149869e-02
6.643600000000000000e+04,4.467440554315246087e-03,9.830077356276945011e-03
6.643700000000000000e+04,5.348012181234260316e-03,5.551521242953327828e-03
6.643800000000000000e+04,9.090628948337795348e-03,7.722235032083801798e-04
6.643900000000000000e+04,1.056003938592986989e-02,2.468412219016613562e-03
6.644000000000000000e+04,1.007540534212431581e-02,6.960875791008902524e-03
6.644100000000000000e+04,8.877721359310617594e-03,8.651002852595013337e-03
6.644200000000000000e+04,1.168140201807334189e-02,1.066295273537321009e-02
6.644300000000000000e+04,1.314826426592639701e-02,1.976628863432239314e-02
6.644400000000000000e+04,1.337039411844060353e-02,2.905865049470435224e-02
6.644500000000000000e+04,1.049288805751176501e-02,3.269385247971712261e-02
6.644600000000000000e+04,1.017858700661928607e-02,3.271722651004083104e-02
6.644700000000000000e+04,1.074556811732728379e-02,3.619117539042093767e-02
6.644800000000000000e+04,6.513642267301359041e-03,3.309321165621881278e-02
6.644900000000000000e+04,7.994872665403151071e-03,3.264599843638649190e-02
6.645000000000000000e+04,9.010684677632812417e-03,3.221484996372936394e-02
6.645100000000000000e+04,1.454008545792091246e-02,2.183465300760900618e-02
6.645200000000000000e+04,1.244327823524362525e-02,2.087135446514309933e-02
6.645300000000000000e+04,1.057758361161553057e-02,1.856934789241293515e-02
6.645400000000000000e+04,1.003523648095137194e-02,1.805444522950239161e-02
6.645500000000000000e+04,1.078015607584070085e-02,1.222424340661731890e-02
6.645600000000000000e+04,8.110115545220926772e-03,1.161210388990596698e-02
6.645700000000000000e+04,6.991123211935094950e-02,1.405632638855891514e-02
6.645800000000000000e+04,1.121008790940823396e-01,1.237008992112365036e-02
6.645900000000000000e+04,2.544176767327622699e-02,1.185516088024129999e-02
6.646000000000000000e+04,3.642457619622571641e-02,2.855711073983968618e-02
6.646100000000000000e+04,5.822885254203726685e-02,4.297819913578493356e-02
6.646200000000000000e+04,6.085681522352148071e-02,5.418654651492360586e-02
6.646300000000000000e+04,9.444198751952875837e-02,7.047856272362906793e-02
6.646400000000000000e+04,3.960976817999874861e-02,9.591069701671273151e-02
6.646500000000000000e+04,7.995314576821219155e-02,1.095133665821883540e-01
6.646600000000000000e+04,9.416710483573431656e-02,1.202552308148483462e-01
6.646700000000000000e+04,1.310850797328534101e-01,1.354328382992591173e-01
6.646800000000000000e+04,1.771750011210151410e-01,1.505254609214929928e-01
6.646900000000000000e+04,2.201192119190826246e-01,1.863475355478740880e-01
6.647000000000000000e+04,2.666437085514759553e-01,2.035874382053108889e-01
6.647100000000000000e+04,3.226619892442639803e-01,2.157873770395468682e-01
6.647200000000000000e+04,4.085047418079852388e-01,2.504313310308532436e-01
6.647300000000000000e+04,4.872017615275755498e-01,3.000700325650349498e-01
6.647400000000000000e+04,5.690532164314655583e-01,3.419183651331074714e-01
6.647500000000000000e+04,5.590711890652150240e-01,4.442053402078656177e-01
6.647600000000000000e+04,5.793972362166931456e-01,5.283298079429634697e-01
6.647700000000000000e+04,9.179678299790859919e-01,2.941668665602925614e-01
6.647800000000000000e+04,1.081401823462231571e+00,3.024703035400477802e-01
6.647900000000000000e+04,1.250393674541853350e+00,3.193744075053679410e-01
6.648000000000000000e+04,1.402936944373530226e+00,3.452871197772608980e-01
6.648100000000000000e+04,1.053893215125505600e+00,2.630363290969768286e-01
6.648200000000000000e+04,4.410186118621117757e-01,1.582509131311518047e-01
6.648300000000000000e+04,3.826907415578400529e-01,9.385673900921887025e-02
6.648400000000000000e+04,2.463630834792147062e-01,3.263979478279317448e-01
6.648500000000000000e+04,6.132840529706435478e-02,4.552878289918282917e-02
6.648600000000000000e+04,6.625095507260189698e-02,5.888355476368900554e-03
6.648700000000000000e+04,8.473508081417940874e-02,3.314184714520607145e-02
6.648800000000000000e+04,5.671796707187712339e-02,3.482414390349575228e-02
6.648900000000000000e+04,3.792169168815193170e-02,4.504814016116753805e-02
6.649000000000000000e+04,2.419391332326070732e-02,4.043403071982609731e-02
6.649100000000000000e+04,2.117119769142642577e-02,2.103466060923508962e-02
6.649200000000000000e+04,1.055872681200781260e-02,3.521871451742342174e-02
6.649300000000000000e+04,1.056608655891722384e-02,4.134049731084843415e-02
6.649400000000000000e+04,1.428804184634027523e-02,2.025007915171528339e-02
6.649500000000000000e+04,2.641749057022365829e-02,7.883495339960688852e-03
6.649600000000000000e+04,4.203722522855114080e-02,1.537404124456642762e-02
6.649700000000000000e+04,2.168808534854989659e-02,2.494184368934782015e-03
6.649800000000000000e+04,2.251455540763794977e-02,2.125185743214608181e-02
6.649900000000000000e+04,2.492448061130097398e-02,4.351236992207319076e-02
6.650000000000000000e+04,3.076156654417123645e-02,3.135047372118116016e-02
6.650100000000000000e+04,2.260761461413616710e-02,2.698420989203142994e-02
6.650200000000000000e+04,2.540265193142630940e-02,2.749700174254421370e-02
6.650300000000000000e+04,4.005109893057315351e-02,2.838269227878420509e-02
6.650400000000000000e+04,4.826172240429935090e-02,1.794458918981511886e-02
6.650500000000000000e+04,5.739894670102754087e-02,8.502466350655524252e-02
6.650600000000000000e+04,3.668085566252252128e-02,4.997093465061830386e-02
6.650700000000000000e+04,5.258473153892895269e-02,5.431227010085848406e-02
6.650800000000000000e+04,6.829738826221741499e-02,8.774199704144081124e-02
6.650900000000000000e+04,3.344212251777634037e-02,5.184640737549273126e-02
6.651000000000000000e+04,2.519716328728020469e-02,3.964128433156943743e-02
6.651100000000000000e+04,1.083757828609343415e-02,1.527068946802856431e-02
6.651200000000000000e+04,2.626414961241734652e-02,1.716744665763059174e-02
6.651300000000000000e+04,1.728551892176131977e-02,4.198097324721317136e-03
6.651400000000000000e+04,2.379469306349190141e-02,2.947759942224692509e-02
6.651500000000000000e+04,2.881025290976771749e-02,1.763904592361598134e-02
6.651600000000000000e+04,2.090440428885668306e-02,1.877626729662651428e-02
6.651700000000000000e+04,1.280971778916228238e-02,3.723532913848970338e-03
6.651800000000000000e+04,6.082841967156713513e-03,1.378642663166118609e-02
6.651900000000000000e+04,1.112002841771740462e-02,3.264646577443741648e-02
6.652000000000000000e+04,9.393747438306745967e-03,4.442227798293174601e-03
6.652100000000000000e+04,1.981639092463597512e-02,5.991832993288426223e-03
6.652200000000000000e+04,2.866267569221003092e-02,7.840242416005338555e-03
6.652300000000000000e+04,1.773329312110078979e-02,1.090102381535729137e-02
6.652400000000000000e+04,1.105301460901535714e-02,9.401924759625757133e-03
6.652500000000000000e+04,1.661616094155969961e-02,1.225430163576746168e-02
6.652600000000000000e+04,1.331200998246821927e-02,1.572216045518004535e-02
6.652700000000000000e+04,1.756278889926813497e-02,1.070247838003623997e-02
6.652800000000000000e+04,1.221251101341519138e-02,5.668661832029187053e-03
6.652900000000000000e+04,1.408850836436113113e-02,1.498109801263680652e-02
6.653000000000000000e+04,1.784126124015434495e-02,1.545338812878327417e-02
6.653100000000000000e+04,1.393015821001476577e-02,4.031002099271319139e-03
6.653200000000000000e+04,1.142633260151123230e-02,1.829574656742494199e-03
6.653300000000000000e+04,1.624489514617270813e-02,1.251797031272872118e-03
6.653400000000000000e+04,1.722224255596727441e-02,1.325677673643355092e-02
6.653500000000000000e+04,2.059175228485243120e-02,4.932310382674387483e-03
6.653600000000000000e+04,3.194344270713430495e-02,1.931453157092377637e-02
6.653700000000000000e+04,6.519958476666386227e-02,1.696645133116447823e-02
6.653800000000000000e+04,6.667992179945021747e-02,2.997801856281157029e-02
6.653900000000000000e+04,7.130833415828620458e-02,1.413100421737567558e-02
6.654000000000000000e+04,6.530671216574514271e-02,1.921081214509712254e-02
6.654100000000000000e+04,5.064176409663143086e-02,3.636476417561240737e-02
6.654200000000000000e+04,4.655659171376864275e-02,2.630887669719683686e-02
6.654300000000000000e+04,1.993928859467012510e-02,2.613247467852986006e-02
6.654400000000000000e+04,1.467284404832726319e-02,4.549844192983698576e-02
6.654500000000000000e+04,1.610624380252083723e-02,5.024460202078628868e-02
6.654600000000000000e+04,5.788978944537321800e-03,6.358392187759420722e-02
6.654700000000000000e+04,1.925118842313363818e-02,7.776825422637756446e-02
6.654800000000000000e+04,1.902668029356551285e-02,7.276134082538376902e-02
6.654900000000000000e+04,1.819865367057309918e-02,8.178147826340875781e-02
6.655000000000000000e+04,1.900694017995991150e-02,7.908190936583281427e-02
6.655100000000000000e+04,1.670708684814951189e-02,7.783081807236769123e-02
6.655200000000000000e+04,1.580694504503791717e-02,7.615941611035026426e-02
6.655300000000000000e+04,1.328597204707220557e-02,7.349725712331078853e-02
6.655400000000000000e+04,6.959324213482470656e-03,6.962219211943221353e-02
6.655500000000000000e+04,5.208453609287217942e-03,6.775539892030835176e-02
6.655600000000000000e+04,2.229400753837486229e-03,6.560238253390338059e-02
6.655700000000000000e+04,3.371071098696979199e-03,6.231620202562382360e-02
6.655800000000000000e+04,4.725721456907476699e-03,6.225602485518066942e-02
6.655900000000000000e+04,7.651876917483098339e-03,5.924692064271752656e-02
6.656000000000000000e+04,1.247234453410329784e-02,5.244311927373601634e-02
6.656100000000000000e+04,2.172621767574623580e-02,5.026582702770809874e-02
6.656200000000000000e+04,1.876610584229881570e-02,2.693857931371468339e-02
6.656300000000000000e+04,3.426973206600353317e-02,1.895926440912631961e-02
6.656400000000000000e+04,7.031510861181376748e-02,4.553496424190228709e-03
6.656500000000000000e+04,6.601106495198166835e-02,1.410181584387970588e-02
6.656600000000000000e+04,9.531847728501667560e-02,2.895114392194741981e-02
6.656700000000000000e+04,8.418809402587254520e-02,5.993564766108150366e-02
6.656800000000000000e+04,8.960956385799534463e-02,7.760199379002230557e-02
6.656900000000000000e+04,1.163372780154125069e-01,6.716674635431729712e-02
6.657000000000000000e+04,2.704944904200056940e-02,6.199237232733167957e-02
6.657100000000000000e+04,1.309839061069153002e-02,3.032272527293500275e-02
6.657200000000000000e+04,1.367543219850996319e-02,2.397148594066322858e-02
6.657300000000000000e+04,1.325334425676863263e-02,2.151062576427165141e-02
6.657400000000000000e+04,1.332283110305852378e-02,2.407098503904592235e-02
6.657500000000000000e+04,1.350380498242408599e-02,2.928227664055427226e-02
6.657600000000000000e+04,1.409871374377398567e-02,2.367038267414400821e-02
6.657700000000000000e+04,1.494338009652014521e-02,3.870691870923081979e-02
6.657800000000000000e+04,1.465850246769751820e-02,3.947221339129569628e-02
6.657900000000000000e+04,1.564251842612763427e-02,2.905795395036392392e-02
6.658000000000000000e+04,1.063172720927348970e-02,3.798013989035098348e-02
6.658100000000000000e+04,4.935201846165417419e-03,5.164371925520683249e-02
6.658200000000000000e+04,1.570069839288393623e-02,6.139205590968899173e-02
6.658300000000000000e+04,8.189927677847756715e-03,3.961439045223613675e-02
6.658400000000000000e+04,9.158911139881679639e-03,2.657300967198850117e-02
6.658500000000000000e+04,9.693807572108558909e-03,2.199096045011827982e-02
6.658600000000000000e+04,9.332411905826941759e-03,1.837252194826533014e-02
6.658700000000000000e+04,1.214018530413514887e-02,2.011523475684739992e-02
6.658800000000000000e+04,1.219077086899405388e-02,1.543055138881399557e-02
6.658900000000000000e+04,1.079821309195357765e-02,1.176417394582074394e-02
6.659000000000000000e+04,1.003146136162050804e-02,8.171410819432622930e-03
6.659100000000000000e+04,8.400205961256604695e-03,6.593856348242610466e-03
6.659200000000000000e+04,1.659594785981111792e-02,8.852782184831653467e-03
6.659300000000000000e+04,2.099031559772357794e-02,1.239830442609246575e-02
6.659400000000000000e+04,3.138952915968886564e-02,1.830183090113735034e-03
6.659500000000000000e+04,2.139003380549787600e-02,6.541882471676530031e-03
6.659600000000000000e+04,2.004603056379853157e-02,1.723020520514495502e-02
6.659700000000000000e+04,2.623014098578080322e-02,1.693829000327440326e-02
6.659800000000000000e+04,2.465647682359111900e-02,1.266398412016300767e-02
6.659900000000000000e+04,2.302327317434932352e-02,1.462416638874941555e-02
6.660000000000000000e+04,2.639749830707110306e-02,1.843285102470559877e-02
6.660100000000000000e+04,1.376651526106228464e-02,2.448676047261599820e-02
6.660200000000000000e+04,2.128795396332336040e-02,3.966647036977377638e-02
6.660300000000000000e+04,1.695958755018603728e-02,3.047617309730554780e-02
6.660400000000000000e+04,1.296524658330815843e-02,1.584251209663634086e-02
6.660500000000000000e+04,6.320767121218228736e-03,3.231983660031900740e-02
6.660600000000000000e+04,2.054073783542986753e-02,1.387847372169659366e-02
6.660700000000000000e+04,1.252036366671366481e-02,2.290151067872514545e-02
6.660800000000000000e+04,9.300726980168800770e-03,1.249536336423417993e-02
6.660900000000000000e+04,1.214492136900010254e-02,2.279514471855748070e-02
6.661000000000000000e+04,5.886158097559266930e-03,2.676431912370702548e-02
6.661100000000000000e+04,1.152807048967318879e-02,3.147073571208736098e-02
6.661200000000000000e+04,3.572912752312462897e-03,3.276320956360834202e-02
6.661300000000000000e+04,1.570555071625547678e-03,2.721590181081268156e-02
6.661400000000000000e+04,8.854204573849057749e-03,5.244918950063492957e-02
6.661500000000000000e+04,3.662538384273693499e-03,5.494448658701855948e-02
6.661600000000000000e+04,6.874012616097386306e-03,2.881311181225854057e-02
6.661700000000000000e+04,7.917732765962423938e-03,2.875380298968721604e-02
6.661800000000000000e+04,1.866873598771361716e-03,2.530586217917019098e-02
6.661900000000000000e+04,8.300185480045312383e-03,2.813228819647406453e-02
6.662000000000000000e+04,1.063918633576276494e-02,2.110591511408088650e-02
6.662100000000000000e+04,5.827578407954332566e-03,1.670163940301705452e-02
6.662200000000000000e+04,9.232074406940189715e-03,1.206627330329368419e-02
6.662300000000000000e+04,6.593839538717665739e-03,1.493600299287223265e-02
6.662400000000000000e+04,1.351770574872384473e-02,1.252441177991769905e-02
6.662500000000000000e+04,1.450618763444010834e-02,2.372485568930216004e-03
6.662600000000000000e+04,1.342336711267684210e-02,5.772491691228509580e-03
6.662700000000000000e+04,7.637953302508313815e-03,1.314523715306137319e-02
6.662800000000000000e+04,1.932149431868672744e-03,2.961006021677903277e-02
6.662900000000000000e+04,8.718629941557465984e-03,1.199954446278894693e-02
6.663000000000000000e+04,4.494388270055257005e-03,1.280111437105801997e-02
6.663100000000000000e+04,1.970546452346962421e-02,2.587862236879345801e-03
6.663200000000000000e+04,1.901795547546209289e-02,1.002939966646820835e-02
6.663300000000000000e+04,2.695615791485777429e-02,2.559920209629851229e-02
6.663400000000000000e+04,2.037024375825918776e-02,3.708250893212294841e-02
6.663500000000000000e+04,3.666060826198810213e-02,2.705453990352424398e-02
6.663600000000000000e+04,3.069889834189685335e-02,4.506464709302093752e-02
6.663700000000000000e+04,4.841181846147766393e-02,7.074983107457910592e-05
6.663800000000000000e+04,3.086778641708013901e-02,1.872992251659155727e-03
6.663900000000000000e+04,2.147563361380674940e-02,1.892217103787174892e-03
6.664000000000000000e+04,2.562577270049891040e-02,8.243226812503223755e-03
6.664100000000000000e+04,1.820692296684733175e-02,4.761544210083457074e-03
6.664200000000000000e+04,2.203773379636898497e-02,1.955324577567907340e-02
6.664300000000000000e+04,1.056111170276734235e-02,3.372644577865457904e-03
6.664400000000000000e+04,1.048133888308699739e-02,1.051609159154764939e-02
6.664500000000000000e+04,1.348079651506852578e-02,7.910559847132958566e-03
6.664600000000000000e+04,2.399728717209491033e-02,2.227994469202343453e-02
6.664700000000000000e+04,3.214583109886487433e-02,3.215927328497514281e-02
6.664800000000000000e+04,4.486678503490673653e-02,5.909915643825058851e-02
6.664900000000000000e+04,5.116013938513304382e-02,8.355994321571813543e-02
6.665000000000000000e+04,5.865024198581185455e-02,9.162748004682441660e-02
6.665100000000000000e+04,6.823314627515300601e-02,9.207929180450946660e-02
6.665200000000000000e+04,7.754328149659561742e-02,1.224694066989187036e-01
6.665300000000000000e+04,6.672636605302836865e-02,8.749195850993629620e-02
6.665400000000000000e+04,6.407205509839057622e-02,7.590581319781364300e-02
6.665500000000000000e+04,4.622790194095834082e-02,3.127809859719832275e-02
6.665600000000000000e+04,3.710617272678386896e-02,8.047178104938268461e-03
6.665700000000000000e+04,2.763206298423973375e-02,2.728151666310907331e-02
6.665800000000000000e+04,1.828861692080741008e-02,2.987677828762969057e-03
6.665900000000000000e+04,2.319957122510835079e-02,1.117187767841443247e-02
6.666000000000000000e+04,7.017427251419242756e-03,1.782348352437423955e-02
6.666100000000000000e+04,2.046805217537385480e-02,3.247330644244073028e-02
6.666200000000000000e+04,1.404874440385943911e-02,1.592539417724481154e-02
6.666300000000000000e+04,1.227388601361917644e-02,9.942934111215606663e-03
6.666400000000000000e+04,1.303782702115659393e-02,1.550257930152554309e-02
6.666500000000000000e+04,1.282757148078519233e-02,1.268597515533542719e-02
6.666600000000000000e+04,1.027884598924183775e-02,4.617462635373215107e-03
6.666700000000000000e+04,8.466078032578915405e-03,5.717964913671380600e-03
6.666800000000000000e+04,5.542998308869677600e-03,5.167555254587341551e-03
6.666900000000000000e+04,7.303221490457305343e-03,1.016210122017469075e-02
6.667000000000000000e+04,1.512932026840321451e-02,2.370060526459383254e-03
6.667100000000000000e+04,1.797138774148778276e-02,4.954530247900379436e-03
6.667200000000000000e+04,1.577103601528494908e-02,1.152111677202327655e-02
6.667300000000000000e+04,2.226159539528085526e-02,1.547377338256694657e-02
6.667400000000000000e+04,1.491906051792571061e-02,3.016477742924905669e-03
6.667500000000000000e+04,1.565342094647687032e-02,1.688809190902418322e-03
6.667600000000000000e+04,4.747619220774601523e-02,4.602821646348331797e-02
6.667700000000000000e+04,1.930648341813243161e-03,2.197158116779007742e-03
6.667800000000000000e+04,5.089071678199349677e-03,5.647119682997470136e-03
6.667900000000000000e+04,6.178879539912161822e-03,1.983073915275213039e-02
6.668000000000000000e+04,7.288835608709009865e-03,7.007362586104903812e-03
6.668100000000000000e+04,9.760298335970930481e-03,4.146584361734539925e-03
6.668200000000000000e+04,1.623000673600617436e-02,2.472725841871792340e-02
6.668300000000000000e+04,1.574130838314811293e-02,1.980269442137227998e-02
6.668400000000000000e+04,1.009030178707143004e-02,1.490033349699970699e-02
6.668500000000000000e+04,1.624578539705375316e-02,8.041977643230779904e-03
6.668600000000000000e+04,2.367304782086061821e-02,3.100320375850884602e-02
6.668700000000000000e+04,1.310396983312068185e-02,5.949521181292993788e-03
6.668800000000000000e+04,1.501616757779023793e-02,2.137524740862417616e-02
6.668900000000000000e+04,1.446313152077106055e-02,1.687754031286559098e-02
6.669000000000000000e+04,1.026682241263266425e-02,9.714575190976404429e-03
6.669100000000000000e+04,1.471982783416472644e-02,1.482271832433923464e-02
6.669200000000000000e+04,2.066042634479595824e-02,1.865457811832982316e-02
6.669300000000000000e+04,2.036170795339233008e-02,9.864006912213341138e-03
6.669400000000000000e+04,1.596328830247537023e-02,1.949043175203613032e-02
6.669500000000000000e+04,2.051533859765825724e-02,1.200888552664736153e-02
6.669600000000000000e+04,2.198176702086842779e-02,2.224035256317336007e-02
6.669700000000000000e+04,1.783268287840044861e-02,1.803573365496191627e-02
6.669800000000000000e+04,1.923378593932024636e-02,1.801523235975466264e-02
6.669900000000000000e+04,2.068128518905274979e-02,1.273860639971502451e-02
6.670000000000000000e+04,1.713311229552286208e-02,3.853796465508096958e-02
6.670100000000000000e+04,2.752909484964026141e-02,3.137719363154545249e-02
6.670200000000000000e+04,1.845895284067157818e-02,1.126457071207909166e-02
6.670300000000000000e+04,1.429566313195104049e-02,1.093143617178782279e-02
6.670400000000000000e+04,1.361077482519706255e-02,7.893018088878989147e-03
6.670500000000000000e+04,1.033913585400551491e-02,1.017830636330074867e-02
6.670600000000000000e+04,1.301360316807799976e-02,8.701219713501018305e-03
6.670700000000000000e+04,1.254595792165528155e-02,1.586678961427168133e-03
6.670800000000000000e+04,1.210104710467453486e-02,1.400739713610832382e-02
6.670900000000000000e+04,1.057338450339933775e-02,5.811681538570923067e-03
6.671000000000000000e+04,1.145918282811394379e-02,5.447242158673759604e-04
6.671100000000000000e+04,9.878478181258365520e-03,4.205001049296441806e-03
6.671200000000000000e+04,1.108985557587513320e-02,3.768324531669975386e-03
6.671300000000000000e+04,1.184422297191392755e-02,4.371446685965452161e-03
6.671400000000000000e+04,6.010122388343915739e-03,1.468018114367097837e-02
6.671500000000000000e+04,1.252365314741195855e-02,1.263618353926432292e-02
6.671600000000000000e+04,1.906882196429250838e-03,3.189845463295881700e-02
6.671700000000000000e+04,1.324551072843193700e-03,2.702416622652847877e-02
6.671800000000000000e+04,6.374664678135929727e-03,2.211177878591996659e-02
6.671900000000000000e+04,4.484940696749557115e-03,2.415626180155072689e-02
6.672000000000000000e+04,1.140067990655562608e-03,1.255700814831328671e-02
6.672100000000000000e+04,2.321371652743940348e-02,8.265829969285931611e-03
6.672200000000000000e+04,1.253436282531138202e-02,2.514212217270994643e-03
6.672300000000000000e+04,1.551364184744601776e-02,7.711566879223141768e-03
6.672400000000000000e+04,1.644223904506722858e-02,2.144289738843596638e-02
6.672500000000000000e+04,1.753761645721516049e-02,1.743579011048268512e-03
6.672600000000000000e+04,2.210158716554416064e-02,1.523142103830465999e-02
6.672700000000000000e+04,2.315649977157646297e-02,1.467568073099911885e-02
6.672800000000000000e+04,2.003290934338810420e-02,1.406705271537944668e-02
6.672900000000000000e+04,1.716667676235639553e-02,1.693994934468889824e-02
6.673000000000000000e+04,2.619175222121776503e-02,3.288802650145683515e-02
6.673100000000000000e+04,1.524764828745349583e-02,1.320780626738127239e-02
6.673200000000000000e+04,2.411876533404234621e-02,5.898312319050802444e-03
6.673300000000000000e+04,2.269475186289864402e-02,2.180771215779842009e-02
6.673400000000000000e+04,2.061332558802429771e-02,1.198726287377027688e-02
6.673500000000000000e+04,1.981186717610419062e-02,2.855797192388820349e-03
6.673600000000000000e+04,2.438911314519128654e-02,1.354557257556621153e-02
6.673700000000000000e+04,1.857994790306400842e-02,1.180870997195881955e-03
6.673800000000000000e+04,1.074845554975136647e-02,1.608309004054220281e-02
6.673900000000000000e+04,1.205577934120270582e-02,8.730076793483476649e-03
6.674000000000000000e+04,1.936408627716014463e-02,1.971496974194764107e-02
6.674100000000000000e+04,1.499968674496080651e-02,3.775183522710179318e-02
6.674200000000000000e+04,1.356666963386355708e-02,5.058244043969040149e-03
6.674300000000000000e+04,7.583571045653275666e-02,5.337821478448745438e-03
6.674400000000000000e+04,2.875083578451913605e-02,1.727687794251409059e-02
6.674500000000000000e+04,3.449622679375660694e-02,1.317399136766539414e-03
6.674600000000000000e+04,3.882240083810581388e-02,1.574071200271731641e-02
6.674700000000000000e+04,3.281987112416483166e-02,3.886210015089375247e-03
6.674800000000000000e+04,2.388251632426273419e-02,1.117664772045046107e-02
6.674900000000000000e+04,1.405237957147911776e-02,4.065890287755280497e-03
6.675000000000000000e+04,7.117649633280119514e-03,4.788641672028859375e-04
6.675100000000000000e+04,1.311715609481502870e-02,2.533786619647315774e-03
6.675200000000000000e+04,7.262092400639170650e-03,1.121873987549903973e-02
6.675300000000000000e+04,3.018247250959707473e-02,3.785432504986374624e-02
6.675400000000000000e+04,4.736662834789166082e-02,4.621093994369829261e-02
6.675500000000000000e+04,5.606966305539221040e-02,6.480462746737458701e-02
6.675600000000000000e+04,4.174395699442175894e-02,5.255135624454609911e-02
6.675700000000000000e+04,6.016281149824284635e-02,4.451166743407597437e-02
6.675800000000000000e+04,1.814887908428203800e-01,8.995936932261727748e-02
6.675900000000000000e+04,1.652802162134826836e-01,9.808391799427340629e-02
6.676000000000000000e+04,1.748152532541750459e-01,8.570820339516060926e-02
6.676100000000000000e+04,1.950606893019890264e-01,5.568432880404827756e-02
6.676200000000000000e+04,2.243384428196704972e-01,2.074215926504052732e-02
6.676300000000000000e+04,2.719804788945496057e-02,7.287684317745402041e-03
6.676400000000000000e+04,2.740898514258893054e-02,7.646085565980342835e-03
6.676500000000000000e+04,2.862632267291453925e-02,6.738641636637510146e-03
6.676600000000000000e+04,2.898172074869958398e-02,1.054280082020397913e-02
6.676700000000000000e+04,2.701648310576062681e-02,1.513343453769167013e-02
6.676800000000000000e+04,2.612203259932267124e-02,1.248149117726882196e-02
6.676900000000000000e+04,2.547334690018293948e-02,5.011813142740351168e-03
6.677000000000000000e+04,2.681380992118466422e-02,6.552656106251220081e-03
6.677100000000000000e+04,2.628008415650531088e-02,2.974243737007498112e-03
6.677200000000000000e+04,2.847471388050502872e-02,4.982451867178383509e-03
6.677300000000000000e+04,2.812823605576509137e-02,6.663661574496160256e-03
6.677400000000000000e+04,2.661775728842638924e-02,4.296253569055608068e-03
6.677500000000000000e+04,2.595844409361225749e-02,4.191110926161201178e-03
6.677600000000000000e+04,2.434577551697112222e-02,3.941654488375689880e-03
6.677700000000000000e+04,2.525924640234021232e-02,2.157070211847411656e-03
6.677800000000000000e+04,2.502087943922328209e-02,3.242472953147057524e-03
6.677900000000000000e+04,2.581017270508122533e-02,2.948711706309836700e-03
6.678000000000000000e+04,2.437297391020950416e-02,5.451429382304695537e-03
6.678100000000000000e+04,2.052100779635462890e-02,5.675176102005963230e-03
6.678200000000000000e+04,1.976649686220687679e-02,6.130729927093625520e-03
6.678300000000000000e+04,2.366899732994215758e-02,1.005950809198807860e-02
6.678400000000000000e+04,2.002809396065353270e-02,1.418145061563436116e-02
6.678500000000000000e+04,1.266677003016926199e-02,7.580212172754841049e-03
6.678600000000000000e+04,1.468751608641243218e-02,1.329385273439598336e-02
6.678700000000000000e+04,1.228021559208148684e-02,9.593707696673448027e-03
6.678800000000000000e+04,4.056258366393689779e-02,2.920159016615642145e-02
6.678900000000000000e+04,1.025893488767540274e-02,1.397075421454729849e-03
6.679000000000000000e+04,2.938815307226062823e-02,2.328480581081748824e-02
6.679100000000000000e+04,2.039008540316878879e-02,2.104242845341630641e-02
6.679200000000000000e+04,1.497438424848590056e-02,1.242051996526427615e-02
6.679300000000000000e+04,1.763879327044969025e-02,6.655186980598415403e-03
6.679400000000000000e+04,1.295189640511944761e-02,3.834931835523747168e-03
6.679500000000000000e+04,1.565311081337695739e-02,9.971606390504206274e-03
6.679600000000000000e+04,1.977404175388231336e-02,1.579801059641283700e-04
6.679700000000000000e+04,3.216449074163868493e-02,9.979367390336335575e-03
6.679800000000000000e+04,2.370051146908554868e-02,8.674287705726868580e-03
6.679900000000000000e+04,2.718964132014217716e-02,7.984534874015736250e-03
6.680000000000000000e+04,2.610967259969241075e-02,2.413578283359640864e-03
6.680100000000000000e+04,2.531620765601788961e-02,1.211339257354637766e-02
6.680200000000000000e+04,2.232073655554864949e-02,5.283408874586115189e-03
6.680300000000000000e+04,1.864872754161260582e-02,7.893298460786013493e-04
6.680400000000000000e+04,1.710049230213142590e-02,5.329739586890980263e-03
6.680500000000000000e+04,1.734364089063432368e-02,9.717701392940369942e-03
6.680600000000000000e+04,1.311221886377470988e-02,3.333534424729833745e-03
6.680700000000000000e+04,1.128518894967157210e-02,3.569678940834819514e-03
6.680800000000000000e+04,1.387858442105930137e-02,3.397281205906210744e-03
6.680900000000000000e+04,1.084005154273437813e-02,5.043908780642425427e-03
6.681000000000000000e+04,1.322725777905717388e-02,9.704433442824011991e-03
6.681100000000000000e+04,5.829509042183504165e-03,4.918234974660151693e-04
6.681200000000000000e+04,5.180427998067771260e-03,1.234853038710070905e-03
6.681300000000000000e+04,3.084015489097787291e-03,2.630696891984030117e-03
6.681400000000000000e+04,3.419422072954720476e-03,2.914961684759020955e-03
6.681500000000000000e+04,2.815278177786005153e-03,3.750670992715754437e-03
6.681600000000000000e+04,3.296151087796011549e-03,6.053133522005538225e-03
6.681700000000000000e+04,4.386877081703753969e-03,5.832818787016691431e-03
6.681800000000000000e+04,1.981911374155013658e-03,5.231381594189343787e-03
6.681900000000000000e+04,8.642331593949228834e-04,3.281687542326494622e-03
6.682000000000000000e+04,1.517762416505877288e-03,1.470098660870888807e-03
6.682100000000000000e+04,1.373687618561113093e-03,5.040789698185221823e-04
6.682200000000000000e+04,1.472733890223444598e-03,3.247374743828856936e-04
6.682300000000000000e+04,1.036514036795108291e-03,1.005649445133371955e-03
6.682400000000000000e+04,1.551361464205707743e-03,1.732345376993293939e-03
6.682500000000000000e+04,1.976578222204677070e-03,2.602141314259398541e-03
6.682600000000000000e+04,2.087358200303434524e-03,3.982238954272077081e-03
6.682700000000000000e+04,1.142933728041280531e-03,4.177229190673870107e-03
6.682800000000000000e+04,2.241214011474660685e-03,2.111473003708397300e-03
6.682900000000000000e+04,1.793056737344232666e-03,3.157640351240331711e-03
6.683000000000000000e+04,1.862519878241765533e-03,1.483296485847773738e-03
6.683100000000000000e+04,1.282439978775756859e-03,1.072721505238405371e-03
6.683200000000000000e+04,1.881673556229407308e-03,1.935021591730645696e-03
6.683300000000000000e+04,1.869332663053310415e-03,2.841076916343610037e-03
6.683400000000000000e+04,4.052603788311160381e-03,4.488294297832595703e-03
6.683500000000000000e+04,2.699321393715976673e-03,3.944515469147091835e-03
6.683600000000000000e+04,4.100544729592211536e-03,2.358406797132062138e-03
6.683700000000000000e+04,4.322484838824681291e-03,3.608755716491884868e-03
6.683800000000000000e+04,4.640820704237448233e-03,3.574498129587766471e-03
6.683900000000000000e+04,6.562687395765621871e-03,3.386345438869398095e-03
6.684000000000000000e+04,6.651446312968992830e-03,2.384991429806859742e-03
6.684100000000000000e+04,2.748527186243421034e-03,1.451129500665615524e-03
6.684200000000000000e+04,2.838549502714756648e-03,1.294683794100137675e-03
6.684300000000000000e+04,3.744944912062155885e-03,7.797327293630473832e-04
6.684400000000000000e+04,4.229630734750423546e-03,9.165552759888839773e-04
6.684500000000000000e+04,6.377253238194813961e-03,4.571564725502241799e-03
6.684600000000000000e+04,7.004989345101279678e-03,5.971955458399236250e-03
6.684700000000000000e+04,7.041789177099004420e-03,6.231323647451603165e-03
6.684800000000000000e+04,8.278562369753862671e-03,3.869788545951990955e-03
6.684900000000000000e+04,7.112536335394958366e-03,7.048196804838369189e-03
6.685000000000000000e+04,7.681419502453301282e-03,1.546654305941785879e-02
6.685100000000000000e+04,8.221559705057409836e-03,5.292362435021402689e-03
6.685200000000000000e+04,1.553660888588854344e-02,3.620518469205080692e-04
6.685300000000000000e+04,8.292298393359534212e-03,2.056921494432373265e-03
6.685400000000000000e+04,8.330720093709718596e-03,1.617883924028262754e-02
6.685500000000000000e+04,6.736478615229100908e-03,1.634325658357482780e-02
6.685600000000000000e+04,3.284143732647299384e-03,7.386113624569645708e-03
6.685700000000000000e+04,9.840076313117073620e-03,8.805925169468764580e-03
6.685800000000000000e+04,8.607839044092667827e-03,8.210577847187039424e-03
6.685900000000000000e+04,4.770443167462382582e-03,1.723623229214155117e-03
6.686000000000000000e+04,1.058593645331074029e-02,1.918957446258673372e-02
6.686100000000000000e+04,6.754233753840718259e-03,5.198388944769760656e-03
6.686200000000000000e+04,9.714683116723424328e-03,1.494571773620023691e-02
6.686300000000000000e+04,2.167094467855326147e-03,1.009070153689961558e-02
6.686400000000000000e+04,9.722857512266864025e-03,4.758324851849238257e-03
6.686500000000000000e+04,1.013383833985970553e-02,8.069309782154476807e-03
6.686600000000000000e+04,2.660083234618401682e-02,2.203123240221316337e-02
6.686700000000000000e+04,1.610433228673441644e-02,7.995678916159931759e-03
6.686800000000000000e+04,1.439006078190541854e-02,9.040781424403121491e-04
6.686900000000000000e+04,6.092770019550108884e-03,1.287224116079244141e-02
6.687000000000000000e+04,4.983055655237323724e-03,1.991422064582692997e-02
6.687100000000000000e+04,1.350674132052563994e-02,2.264881932892492955e-02
6.687200000000000000e+04,1.677379488554192610e-02,3.884993779168155470e-02
6.687300000000000000e+04,2.125231292459802898e-02,5.473933708668354825e-02
6.687400000000000000e+04,1.272518423830131147e-02,2.238037447447993600e-02
6.687500000000000000e+04,9.419707788613868038e-03,5.976665901972211259e-03
6.687600000000000000e+04,3.820256431687061444e-02,3.276902257422165121e-03
6.687700000000000000e+04,4.548765258229500036e-02,4.857010005803630293e-03
6.687800000000000000e+04,1.665007675630881742e-02,2.694100750807493228e-02
6.687900000000000000e+04,3.429960527180848928e-02,3.299467464669447736e-02
6.688000000000000000e+04,2.963397790469110907e-02,5.462797516778294948e-02
6.688100000000000000e+04,4.112759220736249971e-02,4.770531387407928037e-02
6.688200000000000000e+04,3.722172029928517978e-02,4.797811381139638343e-02
6.688300000000000000e+04,2.068018158544068785e-02,3.921474844775474367e-02
6.688400000000000000e+04,3.107582854947797679e-02,3.350890230914416179e-02
6.688500000000000000e+04,3.695929427106769277e-02,4.403922633500201300e-02
6.688600000000000000e+04,3.311684693877371688e-02,6.332183287279846695e-02
6.688700000000000000e+04,3.213680351139597963e-02,6.888462610088197380e-02
6.688800000000000000e+04,2.616493222991878378e-02,4.018315373442860050e-02
6.688900000000000000e+04,3.197535497913683855e-02,4.523512153296849192e-02
6.689000000000000000e+04,4.802154836528294002e-02,3.960206229372431608e-02
6.689100000000000000e+04,5.035600790103376967e-02,5.310826643654920076e-02
6.689200000000000000e+04,4.981488499700791051e-02,4.575235450597503473e-02
6.689300000000000000e+04,5.019734170715581950e-02,2.507735561944457459e-02
6.689400000000000000e+04,5.438003510041093669e-02,2.801820719734493537e-02
6.689500000000000000e+04,5.062452760968435411e-02,4.195946005800266221e-02
6.689600000000000000e+04,4.195620794571296164e-02,4.385016218453685610e-02
6.689700000000000000e+04,3.569726338460640913e-02,4.602776289891608030e-02
6.689800000000000000e+04,3.128875418386068558e-02,4.193157340824882340e-02
6.689900000000000000e+04,3.090213203440257683e-02,4.345653748314148856e-02
6.690000000000000000e+04,3.264183605379583630e-02,4.969623551041379983e-02
6.690100000000000000e+04,3.238756140943331585e-02,2.141265013554516372e-02
6.690200000000000000e+04,3.399813310537985744e-02,1.541221274194271018e-02
6.690300000000000000e+04,3.403586960977122294e-02,1.399532282928106497e-02
6.690400000000000000e+04,2.486887588574550334e-02,1.551204523586591222e-02
6.690500000000000000e+04,3.086489103817051730e-02,6.481287416768566345e-03
6.690600000000000000e+04,1.919825857795517954e-02,8.616328056461952656e-03
6.690700000000000000e+04,1.725277698856273519e-03,2.897540738650761227e-02
6.690800000000000000e+04,5.848355498779426141e-03,1.835321019719771130e-02
6.690900000000000000e+04,1.667149550393202603e-02,4.515635970257392273e-03
6.691000000000000000e+04,3.237983038057497265e-02,1.563128888285802987e-03
6.691100000000000000e+04,1.518398391987047652e-02,2.110161852329639487e-02
6.691200000000000000e+04,2.737420894393763002e-02,2.005142601295162308e-02
6.691300000000000000e+04,9.912030550642991766e-02,8.228237977222363497e-02
6.691400000000000000e+04,8.531458419918805380e-02,7.798507987420677523e-02
6.691500000000000000e+04,9.725598464866228032e-02,7.947713279012802445e-02
6.691600000000000000e+04,2.693952613267695806e-02,7.009086439232703469e-03
6.691700000000000000e+04,3.275556452007768321e-02,1.863245115296408017e-02
6.691800000000000000e+04,2.428876966132359830e-02,3.471388767288985377e-02
6.691900000000000000e+04,1.779210625309099805e-02,5.406558299705821469e-02
6.692000000000000000e+04,1.284914596454193349e-02,6.755806520756379996e-02
6.692100000000000000e+04,4.198195017126269551e-02,6.129653180250826949e-02
6.692200000000000000e+04,3.354410737468150466e-02,6.351730698227342486e-02
6.692300000000000000e+04,3.708688547352688436e-02,1.097946480743061670e-02
6.692400000000000000e+04,4.574515997404018236e-02,1.309742829430859956e-02
6.692500000000000000e+04,1.630657318931053729e-02,9.764002154943796086e-02
6.692600000000000000e+04,4.775728518032095610e-02,1.376639184721000220e-01
6.692700000000000000e+04,8.078708362602775306e-02,1.305070402384238548e-01
6.692800000000000000e+04,7.769154378052203769e-02,1.265019629582724292e-01
6.692900000000000000e+04,9.925489142757809580e-02,1.496181996120604651e-01
6.693000000000000000e+04,1.157593681179673456e-01,1.652094861921469260e-01
6.693100000000000000e+04,3.770903220993959692e-02,1.965618100119925771e-02
6.693200000000000000e+04,5.067067146095143026e-02,3.446821897292551284e-02
6.693300000000000000e+04,3.887877263568625952e-02,2.906680217013857259e-02
6.693400000000000000e+04,1.966164128250316723e-02,1.862738421905874020e-03
6.693500000000000000e+04,1.603025532408045017e-02,9.662090985429472312e-04
6.693600000000000000e+04,2.612944767780884039e-02,3.457853225480533865e-03
6.693700000000000000e+04,2.358540384530345355e-02,1.188203238245577609e-02
6.693800000000000000e+04,1.985248311547004041e-02,1.933407446546908659e-03
6.693900000000000000e+04,2.614612899546050334e-02,4.506432321779385575e-03
6.694000000000000000e+04,2.901742391225288140e-02,6.392507793190560506e-03
6.694100000000000000e+04,3.171099747875085612e-02,1.013717712504558222e-02
6.694200000000000000e+04,3.210725375378206681e-02,1.478556929004781750e-02
6.694300000000000000e+04,3.394448450403712847e-02,1.752764970443365655e-02
6.694400000000000000e+04,3.656907472081928623e-02,2.045114597754960073e-02
6.694500000000000000e+04,3.690771313909344681e-02,2.178894506088369099e-02
6.694600000000000000e+04,3.657415167071584317e-02,1.891121343563995083e-02
6.694700000000000000e+04,3.679324882788014006e-02,2.096994179155942106e-02
6.694800000000000000e+04,2.436107119063832954e-02,1.645796189706416612e-02
6.694900000000000000e+04,3.013306938217193837e-02,1.197883808235644665e-02
6.695000000000000000e+04,1.700005344804249308e-02,1.635259807073907723e-02
6.695100000000000000e+04,1.912260798536042847e-02,1.367957060568869565e-02
6.695200000000000000e+04,1.900455257384034424e-02,1.624375259021348938e-02
6.695300000000000000e+04,2.086545119997114395e-02,1.799715368563781226e-02
6.695400000000000000e+04,2.424740190089480843e-02,1.706343530511844619e-02
6.695500000000000000e+04,2.372111051427452239e-02,1.569234207699921058e-02
6.695600000000000000e+04,2.392669886304356341e-02,1.452033776841332724e-02
6.695700000000000000e+04,2.174866033444488450e-02,1.036531545621244277e-02
6.695800000000000000e+04,2.736322211817265523e-02,9.622246633774977909e-03
6.695900000000000000e+04,2.999490157907816132e-02,1.015621466191163336e-02
6.696000000000000000e+04,3.192128421349192668e-02,4.666173094037162628e-03
6.696100000000000000e+04,1.367881521312959078e-02,8.714389089661267462e-04
6.696200000000000000e+04,3.480126571290751564e-02,1.717662726434809883e-04
6.696300000000000000e+04,8.025651038699826295e-03,1.835348607493969553e-02
6.696400000000000000e+04,1.034881835933527429e-02,2.071456386205383637e-02
6.696500000000000000e+04,3.634582353019247866e-03,2.244893885045939896e-02
6.696600000000000000e+04,2.843357645766840178e-02,2.950789871450254509e-02
6.696700000000000000e+04,2.364838032016669533e-02,3.881771619249718697e-02
6.696800000000000000e+04,4.102977580085059861e-02,1.152833728018762827e-01
6.696900000000000000e+04,1.084207814604036119e-01,1.862868141869498118e-01
6.697000000000000000e+04,2.632361133837180997e-02,7.070691635663806096e-02
6.697100000000000000e+04,3.479953099483550777e-02,1.122527191068272145e-01
6.697200000000000000e+04,6.506909400511738661e-02,2.013480483504785923e-01
6.697300000000000000e+04,5.359322182183889199e-02,1.652429301064373135e-02
6.697400000000000000e+04,5.111090531068549631e-02,1.790752894333280665e-03
6.697500000000000000e+04,5.813456739534456075e-02,2.080490029606707481e-02
6.697600000000000000e+04,4.342065937834947015e-02,1.704938448852999500e-02
6.697700000000000000e+04,3.367088175431860730e-02,3.150574477562884113e-02
6.697800000000000000e+04,4.690843750028939052e-02,4.981948707137462407e-02
6.697900000000000000e+04,3.671013424135924352e-02,3.029208011021111702e-02
6.698000000000000000e+04,3.463925865685830302e-02,3.301666077832976498e-02
6.698100000000000000e+04,4.244862248436347130e-02,3.997957592461176546e-02
6.698200000000000000e+04,3.955740747622169678e-02,4.021864938086139318e-02
6.698300000000000000e+04,3.598935043454962873e-02,4.651884961419838760e-02
6.698400000000000000e+04,3.222138607562435864e-02,5.796303554608783770e-02
6.698500000000000000e+04,2.865775384532265324e-02,6.465458112523947420e-02
6.698600000000000000e+04,2.705201256044705363e-02,7.176200238242458340e-02
6.698700000000000000e+04,2.616436033349753276e-02,6.370439023680063428e-02
6.698800000000000000e+04,2.807270304452363571e-02,5.950874035207576185e-02
6.698900000000000000e+04,2.755367452976084652e-02,6.021781032892903340e-02
6.699000000000000000e+04,2.699466547100747710e-02,5.878747037031573086e-02
6.699100000000000000e+04,3.383951567983210784e-02,4.904436764740438548e-02
6.699200000000000000e+04,3.411496692717719270e-02,4.527524955204853541e-02
6.699300000000000000e+04,3.440883964640253923e-02,4.116006099268076923e-02
6.699400000000000000e+04,3.566628234471996145e-02,3.719201747292544269e-02
6.699500000000000000e+04,3.382497907396358333e-02,3.693396835458173655e-02
6.699600000000000000e+04,3.359206815155290488e-02,3.587795623305112258e-02
6.699700000000000000e+04,3.246649652715391521e-02,3.544761623227898895e-02
6.699800000000000000e+04,3.343533503496873283e-02,3.425767995106809849e-02
6.699900000000000000e+04,3.380324903326019370e-02,3.326307874980471979e-02
6.700000000000000000e+04,3.216980101706101020e-02,3.658692442649780219e-02
6.700100000000000000e+04,3.129725519766263231e-02,3.779491568883486252e-02
6.700200000000000000e+04,3.024995223752730000e-02,3.489051486040040118e-02
6.700300000000000000e+04,3.138025152577698235e-02,3.563678141325610227e-02
6.700400000000000000e+04,3.157779022870450120e-02,3.464757716188060499e-02
6.700500000000000000e+04,3.048399486140162748e-02,3.445394700572990132e-02
6.700600000000000000e+04,3.113154090761514892e-02,3.402046620000120924e-02
6.700700000000000000e+04,3.162903238568946784e-02,3.406512870737898879e-02
6.700800000000000000e+04,3.185542220599547891e-02,3.842564364433087576e-02
6.700900000000000000e+04,3.177064117685960559e-02,3.709986634634532265e-02
6.701000000000000000e+04,3.122741317648503045e-02,3.835513060216300119e-02
6.701100000000000000e+04,3.009532027640831470e-02,3.784877340176961980e-02
6.701200000000000000e+04,2.912423018114437476e-02,4.281246634245050586e-02
6.701300000000000000e+04,2.715523666151835672e-02,4.469339607688382898e-02
6.701400000000000000e+04,3.006517147524524758e-02,4.229038736021095701e-02
6.701500000000000000e+04,2.937441333508260949e-02,4.322293740184690591e-02
6.701600000000000000e+04,2.846209884121023159e-02,4.618424553906308461e-02
6.701700000000000000e+04,2.730542707373858138e-02,4.500475669320280758e-02
6.701800000000000000e+04,2.050093454314329960e-02,4.558439630817545662e-02
6.701900000000000000e+04,2.416283136678410576e-02,4.220720726544158197e-02
6.702000000000000000e+04,2.231070949479645529e-02,3.091045043732165709e-02
6.702100000000000000e+04,2.759763461495440967e-02,1.731558819138001581e-02
6.702200000000000000e+04,2.548994021216692898e-02,1.168494761076388500e-02
6.702300000000000000e+04,3.255010269124255368e-02,2.604306541157797028e-02
6.702400000000000000e+04,3.609594208744873467e-02,2.676331247667462776e-02
6.702500000000000000e+04,3.275537720923702573e-02,1.340257236180875111e-02
6.702600000000000000e+04,3.034925923804037556e-02,2.213167595057896619e-02
6.702700000000000000e+04,3.294230674727397640e-02,5.333481066806911031e-02
6.702800000000000000e+04,6.357850957869391750e-02,3.554736576482042665e-02
6.702900000000000000e+04,6.929503764359390416e-02,1.782897669956895470e-02
6.703000000000000000e+04,6.460826823347798342e-02,7.373770455479800034e-02
6.703100000000000000e+04,9.185408182439987190e-02,1.520663147572278717e-01
6.703200000000000000e+04,1.130854358200024945e-01,2.098185256589495395e-01
6.703300000000000000e+04,8.226490463677173237e-02,2.644903175827657549e-01
6.703400000000000000e+04,2.764924173927377216e-02,3.250264509665932167e-01
6.703500000000000000e+04,1.997803063112237321e-01,3.566632536697120770e-01
6.703600000000000000e+04,3.404837176078019390e-01,5.390558897653683346e-01
6.703700000000000000e+04,4.129473228949211983e-01,6.435357813576771946e-01
6.703800000000000000e+04,4.209914243260343136e-01,7.012857825857921057e-01
6.703900000000000000e+04,8.366176255082299895e-02,8.891060380710769095e-02
6.704000000000000000e+04,1.834658034764861598e-02,1.798082143136525701e-02
6.704100000000000000e+04,2.030718653564872467e-02,1.727439403022756892e-02
6.704200000000000000e+04,1.906785308162821380e-02,2.326315773991538549e-02
6.704300000000000000e+04,2.949643987083050770e-02,4.556878568145705799e-02
6.704400000000000000e+04,1.802923022043580181e-02,2.546915355137713277e-02
6.704500000000000000e+04,1.819239100557155930e-02,2.310712939968695423e-02
6.704600000000000000e+04,2.857353161193939076e-02,1.539716893679354826e-02
6.704700000000000000e+04,3.289406956156971235e-02,3.938376867276005555e-02
6.704800000000000000e+04,2.598895000347300338e-02,1.296218168463525444e-02
6.704900000000000000e+04,2.727322770176840785e-02,1.538488594366782536e-03
6.705000000000000000e+04,2.391757266867562334e-02,2.301505566581596440e-03
6.705100000000000000e+04,7.133564236239280966e-03,5.986663995194874133e-03
6.705200000000000000e+04,4.540115234988763640e-03,4.948531930054400618e-03
6.705300000000000000e+04,4.186088027099706295e-03,1.890241523653912736e-03
6.705400000000000000e+04,2.950332037603418597e-03,3.279713931476635480e-03
6.705500000000000000e+04,1.032254163292535727e-02,5.658738854439349097e-03
6.705600000000000000e+04,1.679147738965934208e-02,5.239629443565263500e-04
6.705700000000000000e+04,1.766989223498559997e-02,1.475829833298902827e-02
6.705800000000000000e+04,1.881133010376385278e-02,2.265369179115239717e-02
6.705900000000000000e+04,1.911952759701788032e-02,2.099401970635383918e-02
6.706000000000000000e+04,1.992953040611977061e-02,1.682842406147244674e-02
6.706100000000000000e+04,1.073583420265808441e-02,1.712343435764651645e-02
6.706200000000000000e+04,1.433246114439650290e-02,2.469454359375689023e-02
6.706300000000000000e+04,2.723196561630814722e-02,1.969580656546554565e-02
6.706400000000000000e+04,3.185410015768524311e-02,5.360272284271161425e-02
6.706500000000000000e+04,2.067376662652490454e-02,5.581800591717112070e-02
6.706600000000000000e+04,3.622844882248574955e-02,5.573147691902491374e-02
6.706700000000000000e+04,1.521275598208377683e-02,5.335054519730419997e-02
6.706800000000000000e+04,4.228368282759300406e-02,2.922085149656084013e-02
6.706900000000000000e+04,1.424198920597105102e-02,2.676159595175420236e-03
6.707000000000000000e+04,1.152281021665061550e-02,1.545191714636118263e-02
6.707100000000000000e+04,2.716767974453299442e-03,1.414626678079500266e-02
6.707200000000000000e+04,2.806935730437234554e-03,7.830950251356938452e-03
6.707300000000000000e+04,7.142846041675796065e-04,1.598618212695868124e-02
6.707400000000000000e+04,3.598631165360099016e-03,2.197383515884610006e-02
6.707500000000000000e+04,7.008649920318969946e-03,2.415131364344702547e-02
6.707600000000000000e+04,7.032221770764302167e-03,1.282065260479470226e-02
6.707700000000000000e+04,9.028354925890706706e-03,9.289931676839557895e-03
6.707800000000000000e+04,5.574537072120661074e-03,8.627112454934859898e-03
6.707900000000000000e+04,8.153071837473872818e-03,1.173037642068663899e-02
6.708000000000000000e+04,1.343355357147660821e-02,2.241399886423423027e-02
6.708100000000000000e+04,7.005394980427807373e-03,1.733367462173163176e-02
6.708200000000000000e+04,4.519944142481430865e-03,1.916002598766652909e-02
6.708300000000000000e+04,9.914124065724175955e-03,2.180970084463851322e-02
6.708400000000000000e+04,4.733837289694828310e-03,2.458619269376782768e-02
6.708500000000000000e+04,1.398950573734422534e-03,1.867335313854567858e-02
6.708600000000000000e+04,3.530752918417858540e-03,2.710469356574662925e-02
6.708700000000000000e+04,5.991748845750362838e-03,1.316118249972575427e-02
6.708800000000000000e+04,7.375404411412982142e-03,1.378273913674732398e-02
6.708900000000000000e+04,6.367869870463384492e-03,4.742187294521471586e-03
6.709000000000000000e+04,7.118908932896656806e-03,2.817745313240394012e-02
6.709100000000000000e+04,2.007028169221732224e-03,1.650666684875901069e-02
6.709200000000000000e+04,2.628952984185679940e-03,3.555516070966291409e-02
6.709300000000000000e+04,1.134200838729531105e-02,2.598105153828811353e-02
6.709400000000000000e+04,1.284936541773127987e-02,2.240334803597932023e-02
6.709500000000000000e+04,1.793997639049555934e-02,1.147292040354130904e-03
6.709600000000000000e+04,6.633354940412010577e-03,7.584861939360365568e-03
6.709700000000000000e+04,4.884301918611916316e-03,5.819335809036374485e-04
6.709800000000000000e+04,4.331985574882359080e-02,3.442739807704597865e-02
6.709900000000000000e+04,3.190725602878786982e-02,3.987802333539036681e-02
6.710000000000000000e+04,1.548684461550600688e-02,4.190831718205956236e-02
6.710100000000000000e+04,2.652572507978819688e-02,9.964346498431808641e-03
6.710200000000000000e+04,2.893159668105395321e-02,2.357741370119015301e-02
6.710300000000000000e+04,4.042746911857975772e-02,5.976444726583451938e-02
6.710400000000000000e+04,4.345432345588330636e-02,6.199385617465935638e-02
6.710500000000000000e+04,1.807298494599017188e-02,2.726184327884340064e-02
6.710600000000000000e+04,1.507982172076435118e-02,3.157350768069022706e-02
6.710700000000000000e+04,1.382264726737292629e-02,2.597417246355959719e-02
6.710800000000000000e+04,1.551339362484059105e-02,3.857223442914659017e-02
6.710900000000000000e+04,1.106782233513275288e-02,3.636232893564894653e-02
6.711000000000000000e+04,1.477769888126380209e-02,5.924764733177312337e-02
6.711100000000000000e+04,7.926760113251059281e-03,1.438944937200403729e-02
6.711200000000000000e+04,1.115345472271448909e-02,4.359000959407666187e-03
6.711300000000000000e+04,9.916313663592572769e-03,6.826686281439009463e-03
6.711400000000000000e+04,1.048541309260804001e-02,6.818762670814493276e-03
6.711500000000000000e+04,1.025767540936435053e-02,4.958770323145955672e-03
6.711600000000000000e+04,1.051591930382999619e-02,1.311460322227375741e-02
6.711700000000000000e+04,7.992323122351471798e-03,5.683089571736132939e-03
6.711800000000000000e+04,7.273746818424055294e-03,1.008783850874905852e-02
6.711900000000000000e+04,8.714774551541612513e-03,1.870386973900295402e-02
6.712000000000000000e+04,9.365199375075987029e-03,2.725643881800365875e-02
6.712100000000000000e+04,8.629599434962524282e-03,2.779008126431037340e-02
6.712200000000000000e+04,9.031548079600841897e-03,3.104775839588924669e-02
6.712300000000000000e+04,1.250991446806557113e-02,3.878759246504870362e-02
6.712400000000000000e+04,1.064647090511333313e-02,4.260706110767387145e-02
6.712500000000000000e+04,1.285458028598661546e-02,5.337341560240460581e-02
6.712600000000000000e+04,1.792176668857295083e-02,4.921740538044616642e-02
6.712700000000000000e+04,1.652384010056466221e-02,4.275266441401015527e-02
6.712800000000000000e+04,1.963622148971887540e-02,5.910457391787815595e-02
6.712900000000000000e+04,1.808415344827119312e-02,5.155816003938085146e-02
6.713000000000000000e+04,1.252371436317301079e-02,4.246301688405651475e-02
6.713100000000000000e+04,1.362800165040507772e-02,4.741147881498619654e-02
6.713200000000000000e+04,1.706235261292238584e-02,4.973394766821215285e-02
6.713300000000000000e+04,1.442745258188610560e-02,1.740955384189035726e-02
6.713400000000000000e+04,2.248339949601832130e-02,3.198333856877866310e-02
6.713500000000000000e+04,2.118758540940782892e-02,2.170352754698612330e-02
6.713600000000000000e+04,1.654543678944995350e-02,1.603032486518429778e-02
6.713700000000000000e+04,1.706160058880808877e-02,1.119736600809417837e-02
6.713800000000000000e+04,3.832875040741484662e-02,8.513888634059441074e-03
6.713900000000000000e+04,4.717639823773282781e-02,4.878561379369728002e-02
6.714000000000000000e+04,2.443733034570095414e-02,1.612006739152960222e-02
6.714100000000000000e+04,7.950289830273983560e-02,6.407041775768362868e-02
6.714200000000000000e+04,1.800589055876539168e-02,4.879403547342064940e-04
6.714300000000000000e+04,3.055451513339113231e-02,1.589926487794812715e-02
6.714400000000000000e+04,3.144967486784635419e-02,3.376909278850703799e-02
6.714500000000000000e+04,2.101308838577454693e-02,1.264057985268607354e-02
6.714600000000000000e+04,1.225530088757860805e-02,1.403529181082774357e-03
6.714700000000000000e+04,1.466082096708495007e-02,6.299905034712338647e-03
6.714800000000000000e+04,1.642737699249021549e-02,9.071046255527903668e-03
6.714900000000000000e+04,1.934070033238525360e-02,4.048552162135621302e-03
6.715000000000000000e+04,2.094039384263453665e-02,5.575018660604058596e-03
6.715100000000000000e+04,2.131985173868084296e-02,3.030223880408300374e-03
6.715200000000000000e+04,2.137226240602728075e-02,5.610744144604495887e-03
6.715300000000000000e+04,2.281967188533553376e-02,8.102403078915187962e-03
6.715400000000000000e+04,2.058959328109200015e-02,5.609608156085243991e-03
6.715500000000000000e+04,2.224137588987547612e-02,5.997983264478534693e-03
6.715600000000000000e+04,2.095701208597620241e-02,3.597666604992610928e-03
6.715700000000000000e+04,1.836073402815301819e-02,1.917833527038226293e-03
6.715800000000000000e+04,1.568426668784247274e-02,1.121953723266955194e-03
6.715900000000000000e+04,1.316405392526096181e-02,4.472663251775088611e-03
6.716000000000000000e+04,1.274614035406928733e-02,3.498342175813462518e-03
6.716100000000000000e+04,8.209459342984535418e-03,3.579229433291786222e-02
6.716200000000000000e+04,3.266336712552200816e-02,2.582187423751491906e-02
6.716300000000000000e+04,4.381918698722530453e-02,1.457669829686381036e-02
6.716400000000000000e+04,1.716731199662739279e-02,1.156552031051205631e-02
6.716500000000000000e+04,2.156700035528095680e-02,5.468209656498856930e-03
6.716600000000000000e+04,4.228358707135561681e-03,7.959081836009573863e-03
6.716700000000000000e+04,1.135558269950060449e-02,1.708970788293129317e-03
6.716800000000000000e+04,2.771633138327115817e-02,4.899120534798129256e-03
6.716900000000000000e+04,1.509736436162890591e-02,3.688774588486154471e-03
6.717000000000000000e+04,9.520903231960999719e-03,1.154994703317768767e-02
6.717100000000000000e+04,5.074502214249291751e-03,1.033537316960320140e-03
6.717200000000000000e+04,6.250459138471088638e-03,2.041378220837941626e-03
6.717300000000000000e+04,7.126809593864556064e-03,4.739253812484633954e-03
6.717400000000000000e+04,2.457931109735516165e-02,6.173425386705844176e-03
6.717500000000000000e+04,1.479456576484906166e-02,1.115998402542572876e-02
6.717600000000000000e+04,1.832839862104641837e-02,7.604147504380875944e-03
6.717700000000000000e+04,1.847225981568883027e-02,7.478491376712526062e-03
6.717800000000000000e+04,2.655633353360925888e-02,2.685749609814891414e-02
6.717900000000000000e+04,2.910711792264719308e-02,3.745217842566717081e-02
6.718000000000000000e+04,3.143596873035701955e-02,2.415457461170333886e-02
6.718100000000000000e+04,3.919105285078466894e-02,9.195020953170640610e-02
6.718200000000000000e+04,3.987975471729393595e-02,1.165531271589266282e-01
6.718300000000000000e+04,7.994447923322860194e-02,6.242587616518946447e-02
6.718400000000000000e+04,1.181181547723254427e-01,6.390123610824360867e-03
6.718500000000000000e+04,7.004357734337288144e-02,7.638860286791882004e-02
6.718600000000000000e+04,5.200130370617818409e-02,5.815820290487039301e-02
6.718700000000000000e+04,5.480784006788037843e-02,2.347060852705951106e-02
6.718800000000000000e+04,4.896178003824556285e-02,4.322366879996408784e-02
6.718900000000000000e+04,5.596236081993138239e-02,6.392731117441030619e-02
6.719000000000000000e+04,9.217533181859884767e-03,5.467444552981604033e-02
6.719100000000000000e+04,1.408113000998089184e-02,5.409411752294701614e-02
6.719200000000000000e+04,1.978684827387770795e-02,6.016759261688875426e-02
6.719300000000000000e+04,3.410344022352190807e-02,6.728079877785120289e-02
6.719400000000000000e+04,2.561319964238183491e-02,7.421913758438591913e-02
6.719500000000000000e+04,2.000263941232891321e-02,9.473842540105081866e-02
6.719600000000000000e+04,4.157618858045919463e-02,8.308251861706139607e-02
6.719700000000000000e+04,2.211467783602542522e-02,7.359051767355495599e-02
6.719800000000000000e+04,3.983200428750485050e-02,9.522409503482620607e-02
6.719900000000000000e+04,4.017877313304961395e-02,8.850014611412504451e-02
6.720000000000000000e+04,3.480364422636400556e-02,6.750632260093780701e-02
6.720100000000000000e+04,9.243506332941058695e-03,4.074043282923867082e-02
6.720200000000000000e+04,5.672530491999514327e-03,4.669849636709244578e-02
6.720300000000000000e+04,1.043297964256301516e-02,2.136181368529221913e-02
6.720400000000000000e+04,7.848356824904785881e-03,2.553322220306952772e-02
6.720500000000000000e+04,2.569978541376442913e-03,3.317210961258609814e-02
6.720600000000000000e+04,2.607743242547178129e-03,3.341637201611291630e-02
6.720700000000000000e+04,7.949754118820186177e-03,3.602158180320813585e-02
6.720800000000000000e+04,9.006671996403158714e-03,4.126498938910572178e-02
6.720900000000000000e+04,1.240893188500760518e-02,4.207408161554226922e-02
6.721000000000000000e+04,1.445333148667855491e-02,5.055020462470594111e-02
6.721100000000000000e+04,1.217703950670035243e-02,4.519419892252329873e-02
6.721200000000000000e+04,1.556254254034717711e-02,2.522677550331309249e-02
6.721300000000000000e+04,9.074780357982658446e-03,3.578535669513627226e-02
6.721400000000000000e+04,1.152216334210482904e-02,2.132524510025035624e-02
6.721500000000000000e+04,5.882990963094992046e-03,1.174572865742362637e-02
6.721600000000000000e+04,8.370968626829664028e-03,3.942820418966874740e-02
6.721700000000000000e+04,1.206774099625587335e-02,7.540233617913827402e-02
6.721800000000000000e+04,2.018318952330731483e-02,5.456449778806060635e-02
6.721900000000000000e+04,8.537816701618041598e-03,6.547327082594023295e-02
6.722000000000000000e+04,1.232027645692063481e-02,3.387192759877777348e-02
6.722100000000000000e+04,1.563836184392827441e-02,2.165906703747566553e-02
6.722200000000000000e+04,2.225046125894592983e-02,2.366284280764219261e-02
6.722300000000000000e+04,3.239708907029877072e-02,4.123334045577209395e-02
6.722400000000000000e+04,3.976124093646647012e-02,4.950305370022078932e-02
6.722500000000000000e+04,1.436949318456616498e-02,2.166023895332358506e-02
6.722600000000000000e+04,2.356890280330648998e-02,7.318350022834962942e-02
6.722700000000000000e+04,2.643933597324631818e-02,6.468682401731129517e-02
6.722800000000000000e+04,2.485056268677769339e-02,2.766675675889729291e-02
6.722900000000000000e+04,1.595337401563795901e-02,1.768268585861676456e-02
6.723000000000000000e+04,1.213017110868470742e-02,1.743783670383436402e-02
6.723100000000000000e+04,6.614107756765423909e-03,1.458341297977128193e-02
6.723200000000000000e+04,4.646416504233415873e-03,2.526482757616577146e-03
6.723300000000000000e+04,3.002188728030395336e-03,4.147185852826140717e-03
6.723400000000000000e+04,1.323561532552971522e-02,2.855742337902711370e-02
6.723500000000000000e+04,2.013165176191165310e-03,4.443867851273353153e-02
6.723600000000000000e+04,1.552651082635217623e-02,3.372410268853442972e-02
6.723700000000000000e+04,4.159612485766974593e-02,7.821125396073824732e-03
6.723800000000000000e+04,5.161120624257094919e-02,5.865706426412486962e-03
6.723900000000000000e+04,7.757327419069319496e-02,1.038920293680334339e-02
6.724000000000000000e+04,6.735804742203860274e-02,2.741065402519637928e-02
6.724100000000000000e+04,7.047706199647317538e-02,7.419625412719454971e-03
6.724200000000000000e+04,8.984416342227401209e-02,2.701006925713400619e-02
6.724300000000000000e+04,1.187163739028808673e-01,1.569637348100627605e-02
6.724400000000000000e+04,1.389824795355827924e-01,4.237804683369006398e-02
6.724500000000000000e+04,1.529659675882823755e-01,6.627486033104901253e-02
6.724600000000000000e+04,2.097375526036325821e-01,7.456695247749678401e-02
6.724700000000000000e+04,2.391276656509319087e-01,9.917014159189818656e-02
6.724800000000000000e+04,2.242012569603853978e-01,1.094867924160674022e-01
6.724900000000000000e+04,2.511366317315227858e-01,1.301987715913845989e-01
6.725000000000000000e+04,2.654011416632841569e-01,1.772527666481487074e-01
6.725100000000000000e+04,2.646549514513646395e-01,2.103630478399800552e-01
6.725200000000000000e+04,2.841159316170033255e-01,2.105713800814079661e-01
6.725300000000000000e+04,2.786497902296101725e-01,2.222835925480524111e-01
6.725400000000000000e+04,2.303512250023623253e-01,2.548924225877584604e-01
6.725500000000000000e+04,2.112199142155047893e-01,2.520673524081260553e-01
6.725600000000000000e+04,2.140332156208988035e-01,2.646037045141156341e-01
6.725700000000000000e+04,2.160182809518995661e-01,2.725854849754441034e-01
6.725800000000000000e+04,2.186294878937614927e-01,2.775836342769721909e-01
6.725900000000000000e+04,2.234422180938706592e-01,2.803626382558022101e-01
6.726000000000000000e+04,2.300209329019271276e-01,2.810725503232447409e-01
6.726100000000000000e+04,2.270263334012467826e-01,2.928811407302305270e-01
6.726200000000000000e+04,2.240107021389017572e-01,2.945270157364063834e-01
6.726300000000000000e+04,2.304080223156912410e-01,2.969693399125503674e-01
6.726400000000000000e+04,2.312622013790477937e-01,2.710395395779627847e-01
6.726500000000000000e+04,2.180688375122744327e-01,2.716978168936101667e-01
6.726600000000000000e+04,2.041560567628854794e-01,2.821403242153834867e-01
6.726700000000000000e+04,2.372634547913892444e-01,3.227728662308173568e-01
6.726800000000000000e+04,2.728553051499352233e-01,2.719300735496048560e-01
6.726900000000000000e+04,3.210820159513239624e-01,2.634281946921106510e-01
6.727000000000000000e+04,3.485572291912990006e-01,2.658404112032890509e-01
6.727100000000000000e+04,3.334537476478277029e-01,3.484727764969477448e-01
6.727200000000000000e+04,3.673920329115701877e-01,4.119334034403969724e-01
6.727300000000000000e+04,4.894743349890981476e-01,6.028916490913367454e-01
6.727400000000000000e+04,5.590470527083063468e-01,6.589123032527304247e-01
6.727500000000000000e+04,6.170981849610999159e-01,6.876420267820719801e-01
6.727600000000000000e+04,6.857705956626710675e-01,7.528885853732774081e-01
6.727700000000000000e+04,7.499711458231866912e-01,6.901924404375954225e-01
6.727800000000000000e+04,7.931121361281932014e-01,6.887941434945332730e-01
6.727900000000000000e+04,8.505064010197007640e-01,7.130641814382592258e-01
6.728000000000000000e+04,8.300472042963311647e-01,9.379680050271304026e-01
6.728100000000000000e+04,8.799090036265746484e-01,1.033849499942636641e+00
6.728200000000000000e+04,5.934719567949852115e-01,1.582208543446281368e+00
6.728300000000000000e+04,4.352257123655072779e-01,1.551879223624965221e+00
6.728400000000000000e+04,4.133252497359943822e-01,1.650796247987106113e+00
6.728500000000000000e+04,3.998893768015457928e-01,1.792132802140169900e+00
6.728600000000000000e+04,4.148736004533113975e-01,2.122499113581994834e+00
6.728700000000000000e+04,4.348592315386837215e-01,2.335826837830150993e+00
6.728800000000000000e+04,4.311428370915841302e-01,2.510070784757683526e+00
6.728900000000000000e+04,5.425209820314637055e-01,3.078878697654896968e+00
6.729000000000000000e+04,6.387806455709473807e-01,3.406842414588886925e+00
6.729100000000000000e+04,7.167726261173082980e-01,3.478753977663590291e+00
6.729200000000000000e+04,7.603105369439440153e-01,3.645837945754369258e+00
6.729300000000000000e+04,8.188433526971747867e-01,3.638051076019173991e+00
6.729400000000000000e+04,8.842371173195318068e-01,3.610732804285916586e+00
6.729500000000000000e+04,7.509586051343948299e-01,3.513145523229805889e+00
6.729600000000000000e+04,4.965389500751992147e-01,3.450364646938680835e+00
6.729700000000000000e+04,1.091245986236944798e+00,3.127559836583149178e+00
6.729800000000000000e+04,1.136600782384850516e+00,2.521373785836843240e+00
6.729900000000000000e+04,1.082040544369631929e+00,1.793684697109863890e+00
6.730000000000000000e+04,1.103584110201186297e+00,1.638144206983238149e+00
6.730100000000000000e+04,1.127098272146145108e+00,1.653017766308092718e+00
6.730200000000000000e+04,1.125485462072373988e+00,1.670512918887414600e+00
6.730300000000000000e+04,1.101190695750496218e+00,1.691527723769269187e+00
6.730400000000000000e+04,1.070869207243061672e+00,1.751487794588978630e+00
6.730500000000000000e+04,1.026718626571669901e+00,1.746367848187830418e+00
6.730600000000000000e+04,9.976043575454794921e-01,1.727097638002305757e+00
6.730700000000000000e+04,9.809656548938787690e-01,1.755362945367991756e+00
6.730800000000000000e+04,9.701575010539055244e-01,1.750731854054627945e+00
6.730900000000000000e+04,9.564286686918138658e-01,1.785952795001570337e+00
6.731000000000000000e+04,9.328091512323660739e-01,1.786107043242097348e+00
6.731100000000000000e+04,8.970101571321700273e-01,1.706855055883465866e+00
6.731200000000000000e+04,8.568453729087950332e-01,1.622887515177573903e+00
6.731300000000000000e+04,8.486237906330788006e-01,1.644980959814759558e+00
6.731400000000000000e+04,8.343235633394651130e-01,1.655565094670990334e+00
6.731500000000000000e+04,8.224988235910101197e-01,1.622624215623893917e+00
6.731600000000000000e+04,7.910346221370052611e-01,1.600910289515269369e+00
6.731700000000000000e+04,7.719416144538623348e-01,1.555493821826772205e+00
6.731800000000000000e+04,7.703993463676763742e-01,1.565827649239309949e+00
6.731900000000000000e+04,7.671395637596064576e-01,1.569311886876825213e+00
6.732000000000000000e+04,7.642319597495991212e-01,1.549595448616244653e+00
6.732100000000000000e+04,7.712050789969950859e-01,1.520983787439206480e+00
6.732200000000000000e+04,7.607842300249840761e-01,1.491092758102340099e+00
6.732300000000000000e+04,7.507312596787015790e-01,1.453722812089104366e+00
6.732400000000000000e+04,7.480324843017073233e-01,1.461773047959603389e+00
6.732500000000000000e+04,7.636742614741787172e-01,1.452990616891021602e+00
6.732600000000000000e+04,7.353436176931856805e-01,1.423593315830949280e+00
6.732700000000000000e+04,6.988043597500059878e-01,1.368065279054327732e+00
6.732800000000000000e+04,6.652687514469151076e-01,1.321309826714021085e+00
6.732900000000000000e+04,6.299795921670965360e-01,1.316943829121726139e+00
6.733000000000000000e+04,6.010264869210721894e-01,1.299266695695521889e+00
6.733100000000000000e+04,5.684017734627931917e-01,1.260530156149229697e+00
6.733200000000000000e+04,5.485634338208208449e-01,1.207110279642769513e+00
6.733300000000000000e+04,5.289485741520445483e-01,1.150346080020632655e+00
6.733400000000000000e+04,5.208131362574260903e-01,1.127598082043206773e+00
6.733500000000000000e+04,5.194945573001029659e-01,1.094607605155431429e+00
6.733600000000000000e+04,4.765364463591975630e-01,1.049300357168633013e+00
6.733700000000000000e+04,4.927734524789864623e-01,1.054542589137966502e+00
6.733800000000000000e+04,5.100596075125516382e-01,1.081368858283546786e+00
6.733900000000000000e+04,4.867090700394551273e-01,1.089319582151844656e+00
6.734000000000000000e+04,4.697263826209957527e-01,1.065630346896838887e+00
6.734100000000000000e+04,4.442401912843860212e-01,1.011613497303493148e+00
6.734200000000000000e+04,3.143770421299618700e-01,8.756330676455874595e-01
6.734300000000000000e+04,2.815333951193516038e-01,8.674197047916791803e-01
6.734400000000000000e+04,2.980318291782943496e-01,8.462456663464266171e-01
6.734500000000000000e+04,3.150732314266709300e-01,8.254177692427759894e-01
6.734600000000000000e+04,3.071233764792381526e-01,7.869130711946468182e-01
6.734700000000000000e+04,3.633352201614341026e-01,7.836235376194551350e-01
6.734800000000000000e+04,3.730111902455046646e-01,7.660239608778951492e-01
6.734900000000000000e+04,3.793445801961221608e-01,7.433272682076434990e-01
6.735000000000000000e+04,3.296806588085038903e-01,6.989653000845379438e-01
6.735100000000000000e+04,2.735636121080408656e-01,7.115763358923530291e-01
6.735200000000000000e+04,3.136539117266240462e-01,8.857046190396715701e-01
6.735300000000000000e+04,3.879567399299538866e-01,1.192421411494684946e+00
6.735400000000000000e+04,3.885727682133559013e-01,1.414370626422257970e+00
6.735500000000000000e+04,4.276858406256507372e-01,1.493191572179942028e+00
6.735600000000000000e+04,4.409487717715404043e-01,1.538888023212578560e+00
6.735700000000000000e+04,4.244692295886622335e-01,1.556833194176785895e+00
6.735800000000000000e+04,3.588136716581958874e-01,1.574562306101867648e+00
6.735900000000000000e+04,3.744751552810435258e-01,1.635647218832747996e+00
6.736000000000000000e+04,3.973200764737436219e-01,1.701612088493604347e+00
6.736100000000000000e+04,4.244723967447812107e-01,1.794261375132659708e+00
6.736200000000000000e+04,4.222564984350686279e-01,1.852924525208045736e+00
6.736300000000000000e+04,3.589313825667072022e-01,1.818944546565376186e+00
6.736400000000000000e+04,3.387974734239602714e-01,1.580069280700879375e+00
6.736500000000000000e+04,2.883002110946472629e-01,1.623051050845969456e+00
6.736600000000000000e+04,3.063316347605135048e-01,1.657126823140025351e+00
6.736700000000000000e+04,2.587550456877916183e-01,1.676638000384350846e+00
6.736800000000000000e+04,2.647463139525447762e-01,1.727204665280233087e+00
6.736900000000000000e+04,3.290296464345568994e-01,1.883330468584709649e+00
6.737000000000000000e+04,3.650550232039307397e-01,1.994622043210526385e+00
6.737100000000000000e+04,3.361839136449401022e-01,2.124586052622984056e+00
6.737200000000000000e+04,2.417304306903124422e-01,2.209225065993951631e+00
6.737300000000000000e+04,1.870598717849542014e-01,2.204061296527463298e+00
6.737400000000000000e+04,3.205870620050212394e-01,1.982727556261000501e+00
6.737500000000000000e+04,2.850555470909363898e-01,2.082404960708114317e+00
6.737600000000000000e+04,3.372790630511641741e-01,2.202141219111634740e+00
6.737700000000000000e+04,3.970584826986071070e-01,2.336014379508267069e+00
6.737800000000000000e+04,4.975393791628866524e-01,2.317617458003066844e+00
6.737900000000000000e+04,6.086174222078915008e-01,2.514721128172840992e+00
6.738000000000000000e+04,6.218994480796065094e-01,2.513445088368900571e+00
6.738100000000000000e+04,6.416141743992489488e-01,2.516286143338810177e+00
6.738200000000000000e+04,6.976693057096057249e-01,2.573155560684266874e+00
6.738300000000000000e+04,7.101752511146015578e-01,2.577267860779471675e+00
6.738400000000000000e+04,6.762151283781930866e-01,2.471679127205934634e+00
6.738500000000000000e+04,6.642182994508647464e-01,2.432650642485025827e+00
6.738600000000000000e+04,7.953163313922662070e-01,2.647753648469560517e+00
6.738700000000000000e+04,7.857868770769617095e-01,2.705265417477143330e+00
6.738800000000000000e+04,7.671557066462708629e-01,2.833287480876506947e+00
6.738900000000000000e+04,7.208263590390034947e-01,2.903609860845005386e+00
6.739000000000000000e+04,6.367992963843005505e-01,2.975472849430019551e+00
6.739100000000000000e+04,5.212871045958731298e-01,3.008187740582012992e+00
6.739200000000000000e+04,5.703025416577198747e-01,2.947634633296445372e+00
6.739300000000000000e+04,5.222929025951005277e-01,2.663183991484292079e+00
6.739400000000000000e+04,4.636676291987074094e-01,2.535966857046286549e+00
6.739500000000000000e+04,4.156934644921966848e-01,2.508318980828033062e+00
6.739600000000000000e+04,3.649980696467768904e-01,2.466507622726993532e+00
6.739700000000000000e+04,3.242387532550610740e-01,2.440024655124258146e+00
6.739800000000000000e+04,3.117626986780116516e-01,2.378865793035686238e+00
6.739900000000000000e+04,2.937551873640653621e-01,2.357858637979308725e+00
6.740000000000000000e+04,2.552754690099555135e-01,2.316850573890597786e+00
6.740100000000000000e+04,2.447424908461854620e-01,2.247305640182858610e+00
6.740200000000000000e+04,2.422942334141148790e-01,2.198750571025101408e+00
6.740300000000000000e+04,2.391103150267623600e-01,2.162469356409275179e+00
6.740400000000000000e+04,2.130453456070451057e-01,2.138388508228402429e+00
6.740500000000000000e+04,2.289483739339549240e-01,2.119728796991473985e+00
6.740600000000000000e+04,2.367219195680901611e-01,2.114968768616762418e+00
6.740700000000000000e+04,2.367480548602599044e-01,2.111115971134225333e+00
6.740800000000000000e+04,2.293979999501300493e-01,2.091908111478730348e+00
6.740900000000000000e+04,2.236296510186624176e-01,2.074051009807789114e+00
6.741000000000000000e+04,2.210750999359082092e-01,2.055993194845761707e+00
6.741100000000000000e+04,2.130090003790134634e-01,2.048570235068751799e+00
6.741200000000000000e+04,2.030313767057652929e-01,2.050831501790050027e+00
6.741300000000000000e+04,1.946475145157382236e-01,2.057838589450184941e+00
6.741400000000000000e+04,1.853405493332460074e-01,2.060755969852891667e+00
6.741500000000000000e+04,1.764734398684901506e-01,2.063845195165065149e+00
6.741600000000000000e+04,1.701316698868747257e-01,2.059674059505148591e+00
6.741700000000000000e+04,1.680367574961653121e-01,2.051793052258652494e+00
6.741800000000000000e+04,1.580484628582113915e-01,2.028120602468149514e+00
6.741900000000000000e+04,1.437023309497394985e-01,2.056839066719653886e+00
6.742000000000000000e+04,1.277653713218853126e-01,2.058079216990087446e+00
6.742100000000000000e+04,1.194881949406655375e-01,2.038034440288285509e+00
6.742200000000000000e+04,1.098215968012123955e-01,2.102610889188376575e+00
6.742300000000000000e+04,1.433755833271347369e-01,2.205764297273724139e+00
6.742400000000000000e+04,1.897564759201246509e-01,2.308877277817693141e+00
6.742500000000000000e+04,1.105165540820154529e-01,2.381633727924125310e+00
6.742600000000000000e+04,5.498875724891758715e-02,2.474415843877530108e+00
6.742700000000000000e+04,4.037088687630835393e-02,2.573895954093536886e+00
6.742800000000000000e+04,6.187456994522765041e-02,2.652194349359646708e+00
6.742900000000000000e+04,6.954090023323790393e-02,2.708481196073833530e+00
6.743000000000000000e+04,8.935997012786477123e-02,2.747853840664483016e+00
6.743100000000000000e+04,1.081067474653603089e-01,2.760209102974648943e+00
6.743200000000000000e+04,1.201341660433389996e-01,2.737455366179304406e+00
6.743300000000000000e+04,1.009201422858706509e-01,2.714393827659016267e+00
6.743400000000000000e+04,9.737441436860157229e-02,2.704227294494728540e+00
6.743500000000000000e+04,1.000439295651975313e-01,2.703274158860217824e+00
6.743600000000000000e+04,1.017761602827471079e-01,2.700890185741535277e+00
6.743700000000000000e+04,1.046855344911000185e-01,2.698920681954938061e+00
6.743800000000000000e+04,1.075058019995892705e-01,2.696865758273830238e+00
6.743900000000000000e+04,1.107812303169960072e-01,2.694911567412255238e+00
6.744000000000000000e+04,1.141430007001767583e-01,2.691405088587373484e+00
6.744100000000000000e+04,1.177319581457396819e-01,2.687542910834594068e+00
6.744200000000000000e+04,1.195260187672061575e-01,2.685164657690023660e+00
6.744300000000000000e+04,1.223210970037912487e-01,2.682991939379441249e+00
6.744400000000000000e+04,1.246399077924061488e-01,2.682088813818211293e+00
6.744500000000000000e+04,1.273669471259851749e-01,2.680680259136416055e+00
6.744600000000000000e+04,1.300842655131699832e-01,2.679513457578977409e+00
6.744700000000000000e+04,1.298355872666007993e-01,2.679078835870434716e+00
6.744800000000000000e+04,1.313051114029389899e-01,2.677665334269455855e+00
6.744900000000000000e+04,1.345094743730452236e-01,2.677130886374875729e+00
6.745000000000000000e+04,1.370852573316665990e-01,2.675537648869919849e+00
6.745100000000000000e+04,1.393503560476014591e-01,2.673553743267532923e+00
6.745200000000000000e+04,1.421505400052699153e-01,2.671753482876383146e+00
6.745300000000000000e+04,1.458346248636291642e-01,2.670272208136772463e+00
6.745400000000000000e+04,1.515080969918099485e-01,2.667311331288566123e+00
6.745500000000000000e+04,1.566347958539284213e-01,2.660367724215923602e+00
6.745600000000000000e+04,1.601831554737439545e-01,2.654395592686711325e+00
6.745700000000000000e+04,1.672838581578222628e-01,2.646012946838823154e+00
6.745800000000000000e+04,1.763305861628728932e-01,2.637034049842775119e+00
6.745900000000000000e+04,1.816495618413713209e-01,2.621777683007849191e+00
6.746000000000000000e+04,1.872607042760716101e-01,2.634048731223906259e+00
6.746100000000000000e+04,1.764223802818719045e-01,2.621987875389116596e+00
6.746200000000000000e+04,1.353538726122096580e-01,2.581717380008335283e+00
6.746300000000000000e+04,1.708969163176939088e-01,2.603077302445576890e+00
6.746400000000000000e+04,1.620613805203257041e-01,2.609677022330288310e+00
6.746500000000000000e+04,1.543013514000340924e-01,2.619977864118041566e+00
6.746600000000000000e+04,1.467881106604121411e-01,2.609415167429105509e+00
6.746700000000000000e+04,1.341432220746637538e-01,2.649773509298697149e+00
6.746800000000000000e+04,1.615265140264047772e-01,2.639016342161607298e+00
6.746900000000000000e+04,1.857247765453105270e-01,2.663337961843389223e+00
6.747000000000000000e+04,1.692252609697810217e-01,2.643245043486384560e+00
6.747100000000000000e+04,1.854278405730329649e-01,2.659872944272553497e+00
6.747200000000000000e+04,2.024439474530367877e-01,2.699545827272583409e+00
6.747300000000000000e+04,4.560479695513202647e-01,2.817438198030185248e+00
6.747400000000000000e+04,4.617247909710708864e-01,2.801137542921079415e+00
6.747500000000000000e+04,4.436794392276700028e-01,2.786626563468733053e+00
6.747600000000000000e+04,4.460894177997389853e-01,2.785019052852209853e+00
6.747700000000000000e+04,4.456603492488069307e-01,2.791604599561665623e+00
6.747800000000000000e+04,4.408194804718610915e-01,2.783640125385115738e+00
6.747900000000000000e+04,4.353757760939251376e-01,2.765822179914032120e+00
6.748000000000000000e+04,4.462903077902695137e-01,2.784132530032643160e+00
6.748100000000000000e+04,4.346762846053558449e-01,2.803325122102094724e+00
6.748200000000000000e+04,4.440215090743688253e-01,2.795779919444939310e+00
6.748300000000000000e+04,4.332202673030319806e-01,2.785185013704964518e+00
6.748400000000000000e+04,4.300640462453836355e-01,2.776055351163492446e+00
6.748500000000000000e+04,4.145490271475243960e-01,2.806306255909028380e+00
6.748600000000000000e+04,4.093572760139486677e-01,2.783441358446641090e+00
6.748700000000000000e+04,4.110620416825412904e-01,2.785122088984053335e+00
6.748800000000000000e+04,4.029919237197629456e-01,2.760333188223462741e+00
6.748900000000000000e+04,4.140373668202998458e-01,2.758892927616926727e+00
6.749000000000000000e+04,3.953250782235563920e-01,2.724343440165689856e+00
6.749100000000000000e+04,4.000666172525864650e-01,2.735271503036365459e+00
6.749200000000000000e+04,4.243097724440683116e-01,2.749368747445394945e+00
6.749300000000000000e+04,4.314700628087306811e-01,2.782322183724339482e+00
6.749400000000000000e+04,4.309811838726843036e-01,2.808623369229692912e+00
6.749500000000000000e+04,4.384044585057880750e-01,2.780582981499897244e+00
6.749600000000000000e+04,4.669991750412100795e-01,2.741526183499289004e+00
6.749700000000000000e+04,4.549015015125132955e-01,2.762214450049874870e+00
6.749800000000000000e+04,4.068464690449074550e-01,2.733669702543167546e+00
6.749900000000000000e+04,3.889856548025434346e-01,2.660827441621599121e+00
6.750000000000000000e+04,3.724250679907451511e-01,2.685696781805376077e+00
6.750100000000000000e+04,4.291417752977447209e-01,2.735189716231971602e+00
6.750200000000000000e+04,3.503994880279908131e-01,2.762606030846470162e+00
6.750300000000000000e+04,3.406943540642287660e-01,2.669604813834091317e+00
6.750400000000000000e+04,3.513075210774657120e-01,2.687039976678576636e+00
6.750500000000000000e+04,3.512724189174272760e-01,2.671035860817909224e+00
6.750600000000000000e+04,3.584244211750625131e-01,2.703677327335334724e+00
6.750700000000000000e+04,3.907856648912838016e-01,2.707772643650784516e+00
6.750800000000000000e+04,4.101148363211539194e-01,2.721428055606800456e+00
6.750900000000000000e+04,3.825899036262150887e-01,2.775621518712462432e+00
6.751000000000000000e+04,3.433740866870637065e-01,2.694704026415564613e+00
6.751100000000000000e+04,3.480420610214251531e-01,2.704528898653947522e+00
6.751200000000000000e+04,3.705317510742668907e-01,2.706893211781988384e+00
6.751300000000000000e+04,3.750565946974822595e-01,2.684078289297225695e+00
6.751400000000000000e+04,3.873249160483178688e-01,2.658086835585422136e+00
6.751500000000000000e+04,3.954430364564096023e-01,2.672049589534978509e+00
6.751600000000000000e+04,3.880278724748435493e-01,2.628892910223015633e+00
6.751700000000000000e+04,3.953024870619830100e-01,2.612517678448199376e+00
6.751800000000000000e+04,3.973655719301030231e-01,2.603003216879201887e+00
6.751900000000000000e+04,3.729599757733415011e-01,2.585346396420469262e+00
6.752000000000000000e+04,3.687673296173586968e-01,2.583968251262518834e+00
6.752100000000000000e+04,3.344294660349829140e-01,2.625908805021460068e+00
6.752200000000000000e+04,3.175803420197437776e-01,2.671767713714480408e+00
6.752300000000000000e+04,3.162998818561256753e-01,2.666377528723465673e+00
6.752400000000000000e+04,3.242299582624117438e-01,2.662889843529725908e+00
6.752500000000000000e+04,3.417978644368535601e-01,2.653839958135208121e+00
6.752600000000000000e+04,3.577816036117015819e-01,2.596817477822341402e+00
6.752700000000000000e+04,3.546425024945785154e-01,2.560953472096613837e+00
6.752800000000000000e+04,3.311972968841024323e-01,2.551244618697239730e+00
6.752900000000000000e+04,2.780073859894393595e-01,2.582165251410749818e+00
6.753000000000000000e+04,2.810543666349885616e-01,2.589578887182028666e+00
6.753100000000000000e+04,2.985562196236024590e-01,2.595118240857154035e+00
6.753200000000000000e+04,3.081629481786965497e-01,2.588826440102614868e+00
6.753300000000000000e+04,2.855473477737014987e-01,2.628098047407021909e+00
6.753400000000000000e+04,2.724689400019399965e-01,2.670938159721757188e+00
6.753500000000000000e+04,2.482329171151244074e-01,2.714008467848778139e+00
6.753600000000000000e+04,2.266765632913351480e-01,2.774534367600139717e+00
6.753700000000000000e+04,2.301449013911152919e-01,2.778569193528504400e+00
6.753800000000000000e+04,2.449229414366606850e-01,2.790697613310122449e+00
6.753900000000000000e+04,2.363557684212162779e-01,2.784140351250442791e+00
6.754000000000000000e+04,2.398770635305267351e-01,2.789640051750680527e+00
6.754100000000000000e+04,2.559352537048798504e-01,2.831900655406606404e+00
6.754200000000000000e+04,2.433386741171177925e-01,2.881889548308471660e+00
6.754300000000000000e+04,2.728923580590443820e-01,2.901658210589154407e+00
6.754400000000000000e+04,3.139591411631906803e-01,2.935659553711786884e+00
6.754500000000000000e+04,3.315041237490219395e-01,2.956450082283936354e+00
6.754600000000000000e+04,3.001462667614663293e-01,2.964771198803369145e+00
6.754700000000000000e+04,3.206130407746077826e-01,3.025906748128988966e+00
6.754800000000000000e+04,3.513950375312073771e-01,3.060545009348047074e+00
6.754900000000000000e+04,4.089988464693893877e-01,3.065681473813761215e+00
6.755000000000000000e+04,4.056980363011796209e-01,3.110534065829220651e+00
6.755100000000000000e+04,3.268242628876936728e-01,2.977668958902967233e+00
6.755200000000000000e+04,3.678403345591758633e-01,2.986604161274293290e+00
6.755300000000000000e+04,3.783264431616460977e-01,2.991481343348617372e+00
6.755400000000000000e+04,3.900513341062680217e-01,2.990176683563319671e+00
6.755500000000000000e+04,3.962619712525328186e-01,3.009047772550793809e+00
6.755600000000000000e+04,3.926848543130140867e-01,3.036680561638938514e+00
6.755700000000000000e+04,3.905255536346234901e-01,3.044295950569413378e+00
6.755800000000000000e+04,4.020759221145792650e-01,3.077780958009910250e+00
6.755900000000000000e+04,3.753746937423824703e-01,3.093898147052435377e+00
6.756000000000000000e+04,3.726840241715779767e-01,3.091967739890669975e+00
6.756100000000000000e+04,3.855116286216618282e-01,3.121428701805442074e+00
6.756200000000000000e+04,3.876426446619598010e-01,3.162248044711425621e+00
6.756300000000000000e+04,4.021374020951530848e-01,3.204280426017881211e+00
6.756400000000000000e+04,4.023915196366001923e-01,3.241861000477527455e+00
6.756500000000000000e+04,3.952745061160708451e-01,3.263752700328410583e+00
6.756600000000000000e+04,3.515420932191902770e-01,3.261481600872301101e+00
6.756700000000000000e+04,3.047964213333040351e-01,3.271811384701038605e+00
6.756800000000000000e+04,3.079656673447212500e-01,3.284906285273009985e+00
6.756900000000000000e+04,3.353855981107300432e-01,3.290731001560942559e+00
6.757000000000000000e+04,3.377134014922945071e-01,3.306840241117583901e+00
6.757100000000000000e+04,2.899459103466608401e-01,3.317944559188163112e+00
6.757200000000000000e+04,3.051010074283767581e-01,3.349136158335348057e+00
6.757300000000000000e+04,2.447013550038545371e-01,3.404855839845509990e+00
6.757400000000000000e+04,2.571425107445973191e-01,3.221268499984553557e+00
6.757500000000000000e+04,2.579534661000828510e-01,3.135609653519331630e+00
6.757600000000000000e+04,2.304936187476047671e-01,3.160143080417533668e+00
6.757700000000000000e+04,2.174935298997236754e-01,3.160452003919509423e+00
6.757800000000000000e+04,2.143912805997584270e-01,3.160129910964407429e+00
6.757900000000000000e+04,1.975218048865969578e-01,3.144256803209067641e+00
6.758000000000000000e+04,1.992540942557017580e-01,3.158975789796706124e+00
6.758100000000000000e+04,2.017360522851656679e-01,3.158754108494967738e+00
6.758200000000000000e+04,2.127565311592884978e-01,3.171751065133626923e+00
6.758300000000000000e+04,2.077055974278431694e-01,3.166573801573534297e+00
6.758400000000000000e+04,1.939471241946220947e-01,3.159552188225120517e+00
6.758500000000000000e+04,2.066879139187988157e-01,3.138540788679989646e+00
6.758600000000000000e+04,2.173570562467852796e-01,3.145719140127653191e+00
6.758700000000000000e+04,2.258068736053358838e-01,3.148323424378688173e+00
6.758800000000000000e+04,2.246341555297955983e-01,3.139198104393507549e+00
6.758900000000000000e+04,2.124188394112859202e-01,3.132294295523813332e+00
6.759000000000000000e+04,2.326035875743248105e-01,3.144333249692145671e+00
6.759100000000000000e+04,1.914831097867904508e-01,3.098635841939056945e+00
6.759200000000000000e+04,1.604079789673575895e-01,3.046754456693108182e+00
6.759300000000000000e+04,1.794934044832914022e-01,3.045050239547464344e+00
6.759400000000000000e+04,1.811449776580359716e-01,3.057299774634017808e+00
6.759500000000000000e+04,1.845361954126199799e-01,3.119093566272482576e+00
6.759600000000000000e+04,1.670618430291742618e-01,3.068147789051124619e+00
6.759700000000000000e+04,1.694387330571747174e-01,3.054470487654121769e+00
6.759800000000000000e+04,1.750772476529966759e-01,3.008023818942547223e+00
6.759900000000000000e+04,1.720944790070068897e-01,2.989415616460838976e+00
6.760000000000000000e+04,1.722720643673751884e-01,2.985605123868857902e+00
6.760100000000000000e+04,1.740046043325171599e-01,2.988004384323609486e+00
6.760200000000000000e+04,1.846026464005852130e-01,2.971144266511323906e+00
6.760300000000000000e+04,1.908831282243729777e-01,2.960558750535845718e+00
6.760400000000000000e+04,1.907251290538881650e-01,2.953150128814051811e+00
6.760500000000000000e+04,1.983377852791955442e-01,2.925990521619510787e+00
6.760600000000000000e+04,1.873573726600274991e-01,2.934297434038292351e+00
6.760700000000000000e+04,1.887292113437404328e-01,2.913320056987039663e+00
6.760800000000000000e+04,1.936867596094699884e-01,2.910858009493992427e+00
6.760900000000000000e+04,1.847745561459597785e-01,2.925224195454127596e+00
6.761000000000000000e+04,1.909944576483658674e-01,2.951557131558814717e+00
6.761100000000000000e+04,2.018894736791162214e-01,2.949775420514001212e+00
6.761200000000000000e+04,2.160516529602894975e-01,2.952418373397392770e+00
6.761300000000000000e+04,2.038469442459087122e-01,2.891311028385565862e+00
6.761400000000000000e+04,2.256794186882370989e-01,2.880325875249234002e+00
6.761500000000000000e+04,2.357875352496697219e-01,2.874388510238389927e+00
6.761600000000000000e+04,2.532196051461348407e-01,2.810450849868544765e+00
6.761700000000000000e+04,2.602806538072875986e-01,2.808640873333629884e+00
6.761800000000000000e+04,2.597723210265702742e-01,2.812143961398128056e+00
6.761900000000000000e+04,2.560488023528691426e-01,2.795700789328982694e+00
6.762000000000000000e+04,2.636409648725565602e-01,2.792203244774633220e+00
6.762100000000000000e+04,2.388348026851522532e-01,2.748285528855475945e+00
6.762200000000000000e+04,2.264140403694553105e-01,2.728606466955149301e+00
6.762300000000000000e+04,2.138476374048511597e-01,2.726279311962599650e+00
6.762400000000000000e+04,2.141395815544527015e-01,2.721072578377118134e+00
6.762500000000000000e+04,2.116298321792240700e-01,2.706595131030447021e+00
6.762600000000000000e+04,2.109933077286845760e-01,2.694936181710396284e+00
6.762700000000000000e+04,2.108601354605816602e-01,2.677055694088281257e+00
6.762800000000000000e+04,2.106417707278237239e-01,2.658883102296762502e+00
6.762900000000000000e+04,2.104348800561318400e-01,2.638976541369629558e+00
6.763000000000000000e+04,2.108649974045270215e-01,2.620084315835192967e+00
6.763100000000000000e+04,2.112428535060426604e-01,2.596372580095049898e+00
6.763200000000000000e+04,2.137088226560097115e-01,2.579099931525668410e+00
6.763300000000000000e+04,2.166635736356129771e-01,2.558829289337609225e+00
6.763400000000000000e+04,2.194473559351281244e-01,2.537946128241145516e+00
6.763500000000000000e+04,2.210552048337220687e-01,2.524484098117213193e+00
6.763600000000000000e+04,2.218411071387258737e-01,2.501480819205042394e+00
6.763700000000000000e+04,2.293004565896328006e-01,2.493793944455511280e+00
6.763800000000000000e+04,2.456408013523803113e-01,2.477990526774590307e+00
6.763900000000000000e+04,2.444860589582147359e-01,2.465180222784042030e+00
6.764000000000000000e+04,2.407319853344075111e-01,2.458807537553383327e+00
6.764100000000000000e+04,2.389369955590935901e-01,2.477667050508408408e+00
6.764200000000000000e+04,2.385368870867048963e-01,2.461324060980864203e+00
6.764300000000000000e+04,2.540520563629553585e-01,2.461790818863079267e+00
6.764400000000000000e+04,2.424847731312079757e-01,2.459718304256043098e+00
6.764500000000000000e+04,2.332972825631036140e-01,2.431977900382278790e+00
6.764600000000000000e+04,2.320414114817671014e-01,2.442355229969308539e+00
6.764700000000000000e+04,2.333777327109332611e-01,2.434584058429209108e+00
6.764800000000000000e+04,2.290000345915125246e-01,2.432578844805256324e+00
6.764900000000000000e+04,2.375175190545977810e-01,2.436812757660064221e+00
6.765000000000000000e+04,2.495148144639738330e-01,2.457635430260587839e+00
6.765100000000000000e+04,2.579389128827908051e-01,2.480665444425547150e+00
6.765200000000000000e+04,2.235826421907018136e-01,2.457896966806082162e+00
6.765300000000000000e+04,2.092975406250058290e-01,2.409103669302993467e+00
6.765400000000000000e+04,2.023501140374803220e-01,2.422757620973719384e+00
6.765500000000000000e+04,2.037730902428852020e-01,2.436487556291879741e+00
6.765600000000000000e+04,1.900944635111146974e-01,2.427331406939387648e+00
6.765700000000000000e+04,1.530443665531534270e-01,2.420769881019502634e+00
6.765800000000000000e+04,1.367398778993302588e-01,2.425222189825589680e+00
6.765900000000000000e+04,1.049072492631398373e-01,2.416166549945607755e+00
6.766000000000000000e+04,1.246763770185398273e-01,2.408581574204539777e+00
6.766100000000000000e+04,1.356635389078099663e-01,2.405026407060489646e+00
6.766200000000000000e+04,1.330456837202219911e-01,2.402159803183103293e+00
6.766300000000000000e+04,1.293740829266960823e-01,2.396879722901026355e+00
6.766400000000000000e+04,1.308054280705029937e-01,2.387362354917804907e+00
6.766500000000000000e+04,1.467986837587864080e-01,2.381342270742941025e+00
6.766600000000000000e+04,1.544079846526637267e-01,2.372248076746558354e+00
6.766700000000000000e+04,1.932955255650099513e-01,2.356136114817168448e+00
6.766800000000000000e+04,1.896254294225810377e-01,2.279965766517648262e+00
6.766900000000000000e+04,1.916500785108151417e-01,2.322099989536148712e+00
6.767000000000000000e+04,1.545171124282597452e-01,2.310341134604172453e+00
6.767100000000000000e+04,1.612268333407282650e-01,2.339945580625595767e+00
6.767200000000000000e+04,1.911671424059649960e-01,2.348023814104799101e+00
6.767300000000000000e+04,1.783939462861954817e-01,2.334303925292829263e+00
6.767400000000000000e+04,1.710514715840401878e-01,2.315747699176760932e+00
6.767500000000000000e+04,1.768211941460325620e-01,2.287194566243634597e+00
6.767600000000000000e+04,1.577941242412889411e-01,2.294484735127788610e+00
6.767700000000000000e+04,1.370720211966346413e-01,2.306481258386533284e+00
6.767800000000000000e+04,1.441519180333729055e-01,2.330743889171664307e+00
6.767900000000000000e+04,1.350568270081163313e-01,2.333691776345652613e+00
6.768000000000000000e+04,1.238038034568203216e-01,2.321104019385451522e+00
6.768100000000000000e+04,1.243956381292734836e-01,2.322501596757732045e+00
6.768200000000000000e+04,1.149700398058347284e-01,2.334422797839664554e+00
6.768300000000000000e+04,1.011066657468130126e-01,2.332867312825619877e+00
6.768400000000000000e+04,9.056604374330166907e-02,2.334931764577262925e+00
6.768500000000000000e+04,8.415841215574292045e-02,2.337141963315808368e+00
6.768600000000000000e+04,8.146956580288249039e-02,2.337787844063775822e+00
6.768700000000000000e+04,8.038057449935229193e-02,2.333713313997598959e+00
6.768800000000000000e+04,8.031830164839778852e-02,2.327612306396261488e+00
6.768900000000000000e+04,7.746938046356749430e-02,2.321074337101570961e+00
6.769000000000000000e+04,7.641453424547733908e-02,2.314240173786203059e+00
6.769100000000000000e+04,7.602002662787249454e-02,2.305895059362789823e+00
6.769200000000000000e+04,6.824143760785322810e-02,2.302168422645166856e+00
6.769300000000000000e+04,6.042181115879359521e-02,2.302449286199546918e+00
6.769400000000000000e+04,5.213458186471672806e-02,2.304579264859498267e+00
6.769500000000000000e+04,4.345026040021505304e-02,2.307064582318254509e+00
6.769600000000000000e+04,4.427181802810183087e-02,2.295839217498823359e+00
6.769700000000000000e+04,1.039641003563565938e-02,2.323588680839691278e+00
6.769800000000000000e+04,1.407376441570529040e-02,2.320802395670128249e+00
6.769900000000000000e+04,1.569971897027864008e-02,2.311236265647607979e+00
6.770000000000000000e+04,2.644140867574917148e-02,2.278283388035070800e+00
6.770100000000000000e+04,5.347647680332900250e-02,2.301550330003479417e+00
6.770200000000000000e+04,5.565463080084953607e-02,2.322902651807339680e+00
6.770300000000000000e+04,7.650577501327415764e-02,2.283869214748676768e+00
6.770400000000000000e+04,7.686658198871011705e-02,2.282475275435331241e+00
6.770500000000000000e+04,7.390029735583600323e-02,2.271175099797673624e+00
6.770600000000000000e+04,7.642730869295240315e-02,2.267970543677435558e+00
6.770700000000000000e+04,7.273341989057546808e-02,2.257283535528401330e+00
6.770800000000000000e+04,7.597120253278000224e-02,2.250151882956146210e+00
6.770900000000000000e+04,8.072367511963515763e-02,2.250807647757980590e+00
6.771000000000000000e+04,7.617493349860775254e-02,2.256222114714454108e+00
6.771100000000000000e+04,7.802864577975227034e-02,2.251713256981645372e+00
6.771200000000000000e+04,7.271059428423591597e-02,2.239096081331780397e+00
6.771300000000000000e+04,7.546548095503094467e-02,2.236586881654332615e+00
6.771400000000000000e+04,7.715568298127745139e-02,2.234014328190454535e+00
6.771500000000000000e+04,7.892040845443115682e-02,2.229879616930361408e+00
6.771600000000000000e+04,8.048814918480558245e-02,2.226516450621922161e+00
6.771700000000000000e+04,8.544665796501027533e-02,2.225099409977453035e+00
6.771800000000000000e+04,8.546693063633406529e-02,2.224926949816968147e+00
6.771900000000000000e+04,8.676430615184704820e-02,2.222107464930395793e+00
6.772000000000000000e+04,9.003785471822890740e-02,2.219678121238061408e+00
6.772100000000000000e+04,8.724701386022347405e-02,2.219552146241376533e+00
6.772200000000000000e+04,9.028785817332561636e-02,2.217864880175362430e+00
6.772300000000000000e+04,9.598029343287982351e-02,2.215835152478220493e+00
6.772400000000000000e+04,8.919944543919705593e-02,2.212472169419903878e+00
6.772500000000000000e+04,8.276322826663892740e-02,2.210863799229564108e+00
6.772600000000000000e+04,8.571596245003941517e-02,2.188301688268005307e+00
6.772700000000000000e+04,8.633311106470101248e-02,2.189530970774498542e+00
6.772800000000000000e+04,8.906618270056367026e-02,2.160141627023264732e+00
6.772900000000000000e+04,9.840335059324803457e-02,2.180536089482423279e+00
6.773000000000000000e+04,9.650744036790812053e-02,2.175514871965049224e+00
6.773100000000000000e+04,1.063820356373667841e-01,2.148035504054043088e+00
6.773200000000000000e+04,9.383469874663583066e-02,2.123018594484598509e+00
6.773300000000000000e+04,8.808714708894564704e-02,2.109501557366577629e+00
6.773400000000000000e+04,1.448220439360904943e-01,2.086129018414517589e+00
6.773500000000000000e+04,1.923315399801965031e-01,2.071407656518218232e+00
6.773600000000000000e+04,2.529652341871558852e-01,2.060952450504181854e+00
6.773700000000000000e+04,2.877472564079619488e-01,2.055856572019955308e+00
6.773800000000000000e+04,3.209002424073594817e-01,2.059207979521794130e+00
6.773900000000000000e+04,3.536750507730414550e-01,2.055059872044708413e+00
6.774000000000000000e+04,4.085725582686471347e-01,2.026402556239581543e+00
6.774100000000000000e+04,4.526065730777090179e-01,2.043033126976879998e+00
6.774200000000000000e+04,3.461501641561514631e-01,1.631209657803808000e+00
6.774300000000000000e+04,3.395868154802995087e-01,1.629091601140856937e+00
6.774400000000000000e+04,3.407602556290268425e-01,1.628369581879475447e+00
6.774500000000000000e+04,3.417795207469959129e-01,1.622827418744691386e+00
6.774600000000000000e+04,3.417610634677020198e-01,1.616602009659658279e+00
6.774700000000000000e+04,3.396690538279808491e-01,1.611571322042749443e+00
6.774800000000000000e+04,3.376999646077160633e-01,1.607194900711725438e+00
6.774900000000000000e+04,3.358718793733578845e-01,1.600005553739983100e+00
6.775000000000000000e+04,3.333273359525811275e-01,1.592717397207820795e+00
6.775100000000000000e+04,3.319160233361945211e-01,1.585938301008383178e+00
6.775200000000000000e+04,3.288649286535473837e-01,1.580652281981073770e+00
6.775300000000000000e+04,3.300013775663551141e-01,1.576300157295953852e+00
6.775400000000000000e+04,3.286367811703388986e-01,1.572267535060987598e+00
6.775500000000000000e+04,3.308149991575402571e-01,1.570765394965711437e+00
6.775600000000000000e+04,3.289788028023372113e-01,1.568472252123292776e+00
6.775700000000000000e+04,3.305031962147879643e-01,1.567665133957923729e+00
6.775800000000000000e+04,3.257742731769831535e-01,1.563164180421722449e+00
6.775900000000000000e+04,3.273533891506621440e-01,1.557237743188338186e+00
6.776000000000000000e+04,3.230286976189281067e-01,1.549088112866613187e+00
6.776100000000000000e+04,3.268956055281766471e-01,1.547630786399210479e+00
6.776200000000000000e+04,3.237809335749578521e-01,1.536001670947634068e+00
6.776300000000000000e+04,3.131197648784894150e-01,1.474016914856591143e+00
6.776400000000000000e+04,3.059681118260584309e-01,1.477077887736726325e+00
6.776500000000000000e+04,3.124526536244210950e-01,1.501683471570871120e+00
6.776600000000000000e+04,2.902214906790830939e-01,1.413864388247581871e+00
6.776700000000000000e+04,2.687200457789080676e-01,1.328781923305044188e+00
6.776800000000000000e+04,2.643288821939397959e-01,1.298892869013073437e+00
6.776900000000000000e+04,2.637515548477581406e-01,1.320622286308207549e+00
6.777000000000000000e+04,2.638076490249349759e-01,1.314289324500684586e+00
6.777100000000000000e+04,2.840747811861247807e-01,1.320025404544971082e+00
6.777200000000000000e+04,2.842063000861745903e-01,1.318711584658416314e+00
6.777300000000000000e+04,2.707717655615776708e-01,1.321618944297135556e+00
6.777400000000000000e+04,2.301285019677752064e-01,1.292452094406868923e+00
6.777500000000000000e+04,1.772854783438791437e-01,1.215466495929881319e+00
6.777600000000000000e+04,1.458156267505006376e-01,1.165526818666364761e+00
6.777700000000000000e+04,1.698272426014359737e-01,9.924532916632671231e-01
6.777800000000000000e+04,1.728655790198075082e-01,9.396175456478843557e-01
6.777900000000000000e+04,1.845003801746760708e-01,1.019579097563820369e+00
6.778000000000000000e+04,1.921873396118772281e-01,1.047212008730589616e+00
6.778100000000000000e+04,2.052696196531675621e-01,1.044203324190632998e+00
6.778200000000000000e+04,1.925333686538709677e-01,1.033789937277404647e+00
6.778300000000000000e+04,1.961318646603197879e-01,1.036366130874789349e+00
6.778400000000000000e+04,1.872708606977650792e-01,1.031988915474272517e+00
6.778500000000000000e+04,2.143098145820435396e-01,1.085658158597354372e+00
6.778600000000000000e+04,2.186245394657314045e-01,1.122225741791289977e+00
6.778700000000000000e+04,2.124736920136021390e-01,1.153571343477587163e+00
6.778800000000000000e+04,2.244039564899285022e-01,1.150933970754927316e+00
6.778900000000000000e+04,2.220876734688459753e-01,1.152128483187567554e+00
6.779000000000000000e+04,2.224106480991138446e-01,1.148291609360654775e+00
6.779100000000000000e+04,2.281600119129747195e-01,1.181505746830588066e+00
6.779200000000000000e+04,2.232118257146090134e-01,1.187005039130845319e+00
6.779300000000000000e+04,2.217209390121589185e-01,1.193248187580024933e+00
6.779400000000000000e+04,2.238637134630237502e-01,1.204563889843065283e+00
6.779500000000000000e+04,2.257454229014955460e-01,1.193523983650429443e+00
6.779600000000000000e+04,2.280158970992010314e-01,1.184099089375706626e+00
6.779700000000000000e+04,2.445383870683642547e-01,1.205343851089757834e+00
6.779800000000000000e+04,2.333066126595632894e-01,1.209792431989463068e+00
6.779900000000000000e+04,2.364271519743123828e-01,1.216877412273277059e+00
6.780000000000000000e+04,2.423542689275075546e-01,1.222042446149430361e+00
6.780100000000000000e+04,2.728284427491801667e-01,1.244309051330169780e+00
6.780200000000000000e+04,2.807904526468202322e-01,1.230757695251604389e+00
6.780300000000000000e+04,3.903809937365249616e-01,1.115925166537181212e+00
6.780400000000000000e+04,3.918861382832524165e-01,1.113651296871914553e+00
6.780500000000000000e+04,3.807583921379676384e-01,1.147401098635924654e+00
6.780600000000000000e+04,3.719015819727018446e-01,1.191070478712930480e+00
6.780700000000000000e+04,3.456335279725460952e-01,1.269529802567369359e+00
6.780800000000000000e+04,3.284726710987003750e-01,1.324088110264142415e+00
6.780900000000000000e+04,3.002717504878710808e-01,1.340425455528787779e+00
6.781000000000000000e+04,3.402216160863748007e-01,1.434714408229062599e+00
6.781100000000000000e+04,3.559072388044326463e-01,1.520854961546703521e+00
6.781200000000000000e+04,3.368948667019645571e-01,1.615711609440793950e+00
6.781300000000000000e+04,3.042359379136414521e-01,1.700888601636812325e+00
6.781400000000000000e+04,3.569691633534244346e-01,1.755332539577942441e+00
6.781500000000000000e+04,3.666989652119502230e-01,1.803866740929834123e+00
6.781600000000000000e+04,3.826894325036444555e-01,1.817136049709880297e+00
6.781700000000000000e+04,3.848028225496805677e-01,1.846582140631937818e+00
6.781800000000000000e+04,3.951251751559790026e-01,1.866104873421804200e+00
6.781900000000000000e+04,4.004216363142600876e-01,1.875114171862406920e+00
6.782000000000000000e+04,4.233992044672335031e-01,1.827859920384980796e+00
6.782100000000000000e+04,4.375911365315592327e-01,1.732639613422790603e+00
6.782200000000000000e+04,4.431788121496380572e-01,1.740376926026613091e+00
6.782300000000000000e+04,4.377484889512831545e-01,1.767684660439527988e+00
6.782400000000000000e+04,4.354446354090669158e-01,1.793622104791957383e+00
6.782500000000000000e+04,4.394896051402720216e-01,1.818440822665181145e+00
6.782600000000000000e+04,4.292542975979363740e-01,1.911440430450788597e+00
6.782700000000000000e+04,4.111801080082770343e-01,2.015910171711759347e+00
6.782800000000000000e+04,4.018654495432348317e-01,2.096485892503416437e+00
6.782900000000000000e+04,3.753394172591175693e-01,2.206215913705214859e+00
6.783000000000000000e+04,3.848649087397202351e-01,2.302993646562924823e+00
6.783100000000000000e+04,4.096118478520987538e-01,2.387476125488056766e+00
6.783200000000000000e+04,3.796964957044761113e-01,2.484205175619180750e+00
6.783300000000000000e+04,4.049987603147022774e-01,2.545905082979103895e+00
6.783400000000000000e+04,4.105599111819653313e-01,2.544904394854100360e+00
6.783500000000000000e+04,4.282645947466728331e-01,2.609520803206009987e+00
6.783600000000000000e+04,4.652691210907821673e-01,2.639834299305277909e+00
6.783700000000000000e+04,4.995273412261331258e-01,2.672679815372660528e+00
6.783800000000000000e+04,5.264905815723915916e-01,2.654294074491929223e+00
6.783900000000000000e+04,5.350610311757387771e-01,2.578513138905108804e+00
6.784000000000000000e+04,5.558759829919401874e-01,2.486443623909025291e+00
6.784100000000000000e+04,5.748101756265778794e-01,2.257418040065232390e+00
6.784200000000000000e+04,5.785568702986922940e-01,2.170457947628413820e+00
6.784300000000000000e+04,5.407177061005897789e-01,2.139339325287487270e+00
6.784400000000000000e+04,5.060933325236115499e-01,2.146791689227811162e+00
6.784500000000000000e+04,5.002440580610525434e-01,2.150671679427972549e+00
6.784600000000000000e+04,4.903597749282809226e-01,2.114073951798687290e+00
6.784700000000000000e+04,4.854385664166933623e-01,2.085788141107137506e+00
6.784800000000000000e+04,5.076518135173330171e-01,2.041335307520760978e+00
6.784900000000000000e+04,4.830396314400533520e-01,1.981709531055244611e+00
6.785000000000000000e+04,4.164222204242027381e-01,1.993744983587070863e+00
6.785100000000000000e+04,3.438591266701974125e-01,1.998583257037438443e+00
6.785200000000000000e+04,3.250670601204603827e-01,1.996135561618650911e+00
6.785300000000000000e+04,3.256547208312861041e-01,1.967744861824400004e+00
6.785400000000000000e+04,3.356378410561798864e-01,1.956257220641383299e+00
6.785500000000000000e+04,3.451045630066387204e-01,1.950489084234135362e+00
6.785600000000000000e+04,3.725824306177409895e-01,1.935832169060823560e+00
6.785700000000000000e+04,3.954073024913777878e-01,1.916327575188958576e+00
6.785800000000000000e+04,3.818655477986755420e-01,1.923543387769711899e+00
6.785900000000000000e+04,4.702147374282921732e-01,1.860627956973011976e+00
6.786000000000000000e+04,5.385322327653276897e-01,1.836276691432807695e+00
6.786100000000000000e+04,5.642489726858471721e-01,1.854146636502967738e+00
6.786200000000000000e+04,5.941124988166338605e-01,1.862796248914087016e+00
6.786300000000000000e+04,6.086494931771401218e-01,1.856717521535294679e+00
6.786400000000000000e+04,6.017521689588311018e-01,1.831130206061224897e+00
6.786500000000000000e+04,5.785565641334842191e-01,1.814395821017591004e+00
6.786600000000000000e+04,5.582730007990350796e-01,1.804909038350508865e+00
6.786700000000000000e+04,5.449510781791978564e-01,1.796625882155360898e+00
6.786800000000000000e+04,5.349831583882851405e-01,1.787066773868204450e+00
6.786900000000000000e+04,5.251444155783921985e-01,1.777888978585266955e+00
6.787000000000000000e+04,5.175656104614324571e-01,1.767481213224840531e+00
6.787100000000000000e+04,5.085021135558477345e-01,1.759706406104626808e+00
6.787200000000000000e+04,4.972247749056097343e-01,1.757260260132937901e+00
6.787300000000000000e+04,4.874704567078589901e-01,1.755218899566706625e+00
6.787400000000000000e+04,4.854601300585034140e-01,1.753562584046839845e+00
6.787500000000000000e+04,4.799868054572366538e-01,1.747479280159467407e+00
6.787600000000000000e+04,4.655845234575414771e-01,1.736194114965300628e+00
6.787700000000000000e+04,4.531484762923283505e-01,1.723609849786051029e+00
6.787800000000000000e+04,4.421592106231859165e-01,1.713961943187470638e+00
6.787900000000000000e+04,4.283587765256426927e-01,1.704063278157647687e+00
6.788000000000000000e+04,4.196250662948306509e-01,1.699949501979311606e+00
6.788100000000000000e+04,4.106866643849308995e-01,1.690682884194977476e+00
6.788200000000000000e+04,4.012319058885593925e-01,1.684488893283756283e+00
6.788300000000000000e+04,3.988675573022927301e-01,1.673409122588630282e+00
6.788400000000000000e+04,3.968060080006395873e-01,1.670400430900016886e+00
6.788500000000000000e+04,3.966840193730198361e-01,1.669224380073522696e+00
6.788600000000000000e+04,4.013286440450820058e-01,1.671878879157105757e+00
6.788700000000000000e+04,4.050137834264315173e-01,1.672527105787615653e+00
6.788800000000000000e+04,4.152975453724582211e-01,1.672896227432758565e+00
6.788900000000000000e+04,4.147762911961175303e-01,1.665388295307337785e+00
6.789000000000000000e+04,4.110071423481209685e-01,1.663385384905090802e+00
6.789100000000000000e+04,4.130982687143827659e-01,1.658744562876258044e+00
6.789200000000000000e+04,4.050058645616328445e-01,1.647861019957154838e+00
6.789300000000000000e+04,4.024478645084211270e-01,1.638892427646695182e+00
6.789400000000000000e+04,4.030247624589238242e-01,1.629519723895583638e+00
6.789500000000000000e+04,4.069140964432528262e-01,1.618887778782536202e+00
6.789600000000000000e+04,4.110993942731532291e-01,1.602377841687896876e+00
6.789700000000000000e+04,4.086494339448270563e-01,1.591843382897188519e+00
6.789800000000000000e+04,4.076624483495548956e-01,1.570319261503755115e+00
6.789900000000000000e+04,4.015429645424547500e-01,1.577488156115727236e+00
6.790000000000000000e+04,3.990621491721640934e-01,1.547889966226868808e+00
6.790100000000000000e+04,3.713833533182691049e-01,1.531649346376248388e+00
6.790200000000000000e+04,4.156284243719715055e-01,1.546999596605125760e+00
6.790300000000000000e+04,4.044971441135603030e-01,1.547640305668288363e+00
6.790400000000000000e+04,4.089114899583154439e-01,1.526575195563445675e+00
6.790500000000000000e+04,4.053815792192969059e-01,1.494935448348726936e+00
6.790600000000000000e+04,4.103497074831005120e-01,1.486707682156847454e+00
6.790700000000000000e+04,4.091680883377560307e-01,1.517019038697689837e+00
6.790800000000000000e+04,3.987015806885390590e-01,1.520188629439523709e+00
6.790900000000000000e+04,4.004847285096618248e-01,1.520301246882148405e+00
6.791000000000000000e+04,4.363077483841221738e-01,1.516792306030424697e+00
6.791100000000000000e+04,4.458744704621739885e-01,1.518632059287256197e+00
6.791200000000000000e+04,4.421947628806800479e-01,1.520356025728041516e+00
6.791300000000000000e+04,4.619636124668288768e-01,1.512060703307270160e+00
6.791400000000000000e+04,4.919886318171813322e-01,1.499640124167420652e+00
6.791500000000000000e+04,5.267394354737949813e-01,1.503193913144194482e+00
6.791600000000000000e+04,5.706924006692533080e-01,1.494772475314945837e+00
6.791700000000000000e+04,5.902249432083443992e-01,1.497664324477696596e+00
6.791800000000000000e+04,6.689300402678654001e-01,1.496794449557654616e+00
6.791900000000000000e+04,7.009965208039460327e-01,1.480324576133128289e+00
6.792000000000000000e+04,7.313753157547930872e-01,1.459852592687155948e+00
6.792100000000000000e+04,7.506715486697390638e-01,1.453407436851108514e+00
6.792200000000000000e+04,7.464407410775570906e-01,1.450242158615623111e+00
6.792300000000000000e+04,7.411682491120195060e-01,1.439374283320184134e+00
6.792400000000000000e+04,7.376049879531160203e-01,1.436891216104243085e+00
6.792500000000000000e+04,7.349584648708457069e-01,1.431337447732509816e+00
6.792600000000000000e+04,7.326293126591569838e-01,1.423888162398966983e+00
6.792700000000000000e+04,7.307509826776721340e-01,1.416572789506048480e+00
6.792800000000000000e+04,7.289744780224809428e-01,1.412605139966750301e+00
6.792900000000000000e+04,7.237815330837907846e-01,1.404123354331140661e+00
6.793000000000000000e+04,7.185958563108919561e-01,1.397553755324487668e+00
6.793100000000000000e+04,7.167061570298600692e-01,1.392197464366063286e+00
6.793200000000000000e+04,7.149276075655450757e-01,1.389593915993636131e+00
6.793300000000000000e+04,6.962049444319817759e-01,1.394459746962276370e+00
6.793400000000000000e+04,6.774158252049122808e-01,1.406640412739960766e+00
6.793500000000000000e+04,6.744359833247738356e-01,1.407861056347528006e+00
6.793600000000000000e+04,6.805505092943581191e-01,1.405896458174957786e+00
6.793700000000000000e+04,6.813763724159095370e-01,1.400085611748991710e+00
6.793800000000000000e+04,6.833986021026308144e-01,1.390896432819673123e+00
6.793900000000000000e+04,7.044353946402870381e-01,1.385706455334236864e+00
6.794000000000000000e+04,7.167036764740077892e-01,1.376377882796212759e+00
6.794100000000000000e+04,7.211148604877463120e-01,1.373526116479652615e+00
6.794200000000000000e+04,7.534787453854586703e-01,1.376603492331433642e+00
6.794300000000000000e+04,7.550075727684257831e-01,1.368403235344672453e+00
6.794400000000000000e+04,7.446581925695321402e-01,1.324878757009408048e+00
6.794500000000000000e+04,7.485993468953621166e-01,1.327540136353540845e+00
6.794600000000000000e+04,7.498441761966541108e-01,1.216694560978936579e+00
6.794700000000000000e+04,7.368813101541358268e-01,1.167526548738855752e+00
6.794800000000000000e+04,7.596015390775054943e-01,1.207290002816129970e+00
6.794900000000000000e+04,7.537847907967454297e-01,1.089430357209558053e+00
6.795000000000000000e+04,7.411815579265941256e-01,1.063921047543765042e+00
6.795100000000000000e+04,7.322548125992993651e-01,1.033725635307078505e+00
6.795200000000000000e+04,7.453281855541011858e-01,1.102828187390080927e+00
6.795300000000000000e+04,7.745227429610503922e-01,1.143207816431207391e+00
6.795400000000000000e+04,7.875194322445320250e-01,1.156340830870654202e+00
6.795500000000000000e+04,8.144559404204243513e-01,1.163562610128167307e+00
6.795600000000000000e+04,8.077900608538860494e-01,1.190422888631765375e+00
6.795700000000000000e+04,8.426675226875538494e-01,1.188404402595921283e+00
6.795800000000000000e+04,7.779712622087624485e-01,1.056950343388734836e+00
6.795900000000000000e+04,7.251827907643958460e-01,1.050522259470248798e+00
6.796000000000000000e+04,6.839430073955000688e-01,1.080458019296507644e+00
6.796100000000000000e+04,6.884543692205148391e-01,1.063306279506576857e+00
6.796200000000000000e+04,6.871507597471037121e-01,1.059185211817073480e+00
6.796300000000000000e+04,7.052140605207759538e-01,1.038415063630800717e+00
6.796400000000000000e+04,6.222475095155153291e-01,1.036222533602689566e+00
6.796500000000000000e+04,6.080383754012975706e-01,1.026074641502091822e+00
6.796600000000000000e+04,6.083093921877344989e-01,1.012805202049186448e+00
6.796700000000000000e+04,6.132366664561114122e-01,9.983000694840384881e-01
6.796800000000000000e+04,5.948060389184990360e-01,9.999864362058659140e-01
6.796900000000000000e+04,5.706502418854543235e-01,1.002206311139985928e+00
6.797000000000000000e+04,5.687789171314867609e-01,9.997998091744193516e-01
6.797100000000000000e+04,5.678198432563005271e-01,9.959666661328085979e-01
6.797200000000000000e+04,5.647952421998241324e-01,9.943580946469126047e-01
6.797300000000000000e+04,5.566297744804366010e-01,9.940330997497923704e-01
6.797400000000000000e+04,5.516011911727780603e-01,9.950166805601980968e-01
6.797500000000000000e+04,5.454484692730363626e-01,9.944978248895495199e-01
6.797600000000000000e+04,5.394116275753110257e-01,9.921066417113877378e-01
6.797700000000000000e+04,5.338126609839197734e-01,9.930500611483950024e-01
6.797800000000000000e+04,5.257206735401015463e-01,9.928777169684579462e-01
6.797900000000000000e+04,5.192174271115156392e-01,9.925366127516284109e-01
6.798000000000000000e+04,5.090244675012899345e-01,9.951846999396707361e-01
6.798100000000000000e+04,5.112764487089694887e-01,9.904639985649410505e-01
6.798200000000000000e+04,5.140166615435095565e-01,9.853026820874717373e-01
6.798300000000000000e+04,5.065367148540291797e-01,9.945442089011109488e-01
6.798400000000000000e+04,5.009851819296740061e-01,9.992876426412706792e-01
6.798500000000000000e+04,4.970163020429797518e-01,1.004850678747736481e+00
6.798600000000000000e+04,4.931670255262067259e-01,1.013003602603347986e+00
6.798700000000000000e+04,4.913494081977963224e-01,1.019526869601136809e+00
6.798800000000000000e+04,4.878624883990932970e-01,1.028147482473492857e+00
6.798900000000000000e+04,4.859243062164493865e-01,1.035906215626994253e+00
6.799000000000000000e+04,4.853148572192167443e-01,1.044193497985929753e+00
6.799100000000000000e+04,4.855698670186341936e-01,1.047986545600195996e+00
6.799200000000000000e+04,4.870685964716657823e-01,1.053648078903087537e+00
6.799300000000000000e+04,4.866222978891763806e-01,1.053220054033999986e+00
6.799400000000000000e+04,4.839055852397030622e-01,1.055070118883094210e+00
6.799500000000000000e+04,4.808869098236346340e-01,1.052792493033017251e+00
6.799600000000000000e+04,4.765619405207626169e-01,1.049444671506975624e+00
6.799700000000000000e+04,4.698677786486110119e-01,1.048254480694126300e+00
6.799800000000000000e+04,4.649269590958201581e-01,1.042614458000691968e+00
6.799900000000000000e+04,4.555451260439070116e-01,1.038109957372547854e+00
6.800000000000000000e+04,4.521277842641821532e-01,1.035662517850177267e+00
6.800100000000000000e+04,4.469276070889750541e-01,1.038182044671053461e+00
6.800200000000000000e+04,4.430932479959485137e-01,1.037334500446888796e+00
6.800300000000000000e+04,4.435983028075559664e-01,1.034943181917626021e+00
6.800400000000000000e+04,4.397197498515431069e-01,1.034369669545803561e+00
6.800500000000000000e+04,4.399055927699416779e-01,1.036100581140246391e+00
6.800600000000000000e+04,4.394446474168183236e-01,1.040740824870596271e+00
6.800700000000000000e+04,4.401355031136556240e-01,1.044621585171590539e+00
6.800800000000000000e+04,4.412030635336123829e-01,1.049862305698638920e+00
6.800900000000000000e+04,4.375404333033743320e-01,1.056197338354387227e+00
6.801000000000000000e+04,4.349545935092489768e-01,1.059704044866187189e+00
6.801100000000000000e+04,4.400445115778752192e-01,1.047315163675762051e+00
6.801200000000000000e+04,4.365874165433647480e-01,1.029855302647987969e+00
6.801300000000000000e+04,4.330454136347818284e-01,1.031422164737101355e+00
6.801400000000000000e+04,4.296870554031613776e-01,1.030260094814238414e+00
6.801500000000000000e+04,4.299798737808053217e-01,1.025430495086851579e+00
6.801600000000000000e+04,4.247480556450675127e-01,1.019547486323332919e+00
6.801700000000000000e+04,4.259164539620449164e-01,1.013104507477635252e+00
6.801800000000000000e+04,4.192313417092559669e-01,1.008522947301123907e+00
6.801900000000000000e+04,4.174895115315302996e-01,1.006550929110183290e+00
6.802000000000000000e+04,4.144667868900880348e-01,1.005993962780628692e+00
6.802100000000000000e+04,4.116616267988802980e-01,1.006386430654394815e+00
6.802200000000000000e+04,4.060733368421632350e-01,1.007035869478585255e+00
6.802300000000000000e+04,4.047595782538877529e-01,1.007918201488934073e+00
6.802400000000000000e+04,4.000743585997443286e-01,1.006779439755810301e+00
6.802500000000000000e+04,3.940305728127865281e-01,1.004846650948621800e+00
6.802600000000000000e+04,3.906675718661078434e-01,1.004197355656224033e+00
6.802700000000000000e+04,3.852480074571588697e-01,1.000823663214376325e+00
6.802800000000000000e+04,3.807805229711357375e-01,1.001059203650576990e+00
6.802900000000000000e+04,3.755879055973345149e-01,9.990035171845548234e-01
6.803000000000000000e+04,3.671517892104268488e-01,9.933759265129040728e-01
6.803100000000000000e+04,3.720891113480882528e-01,9.856386573221271874e-01
6.803200000000000000e+04,3.684576542420247569e-01,9.791336883304566641e-01
6.803300000000000000e+04,3.575000609380913907e-01,9.735197563877591165e-01
6.803400000000000000e+04,3.588481375525284789e-01,9.738878216667288257e-01
6.803500000000000000e+04,3.622304374876594291e-01,9.641638211239751399e-01
6.803600000000000000e+04,3.616477589989555708e-01,9.521883376329682847e-01
6.803700000000000000e+04,3.695595655150557546e-01,9.603048603466248778e-01
6.803800000000000000e+04,3.587363301903581103e-01,9.639397265416107530e-01
6.803900000000000000e+04,3.583198157102139847e-01,9.850245033742552891e-01
6.804000000000000000e+04,3.622863820609246166e-01,9.549391248744214522e-01
6.804100000000000000e+04,3.671077720241629483e-01,9.359949980671800063e-01
6.804200000000000000e+04,3.614330150250202878e-01,9.297112392574220507e-01
6.804300000000000000e+04,3.573916697979633295e-01,9.516859613848396293e-01
6.804400000000000000e+04,3.516833868579641864e-01,9.646286824906979973e-01
6.804500000000000000e+04,3.691928898346976684e-01,9.517604243634991690e-01
6.804600000000000000e+04,3.745103260511776222e-01,9.459730274470032896e-01
6.804700000000000000e+04,3.519939603375623616e-01,1.045737729844049113e+00
6.804800000000000000e+04,3.728588430550077160e-01,1.042798996147674018e+00
6.804900000000000000e+04,4.072481285853360999e-01,9.700561415947674959e-01
6.805000000000000000e+04,4.993098521336749585e-01,1.036914859596997474e+00
6.805100000000000000e+04,5.858794915580997076e-01,9.909259631331863716e-01
6.805200000000000000e+04,6.759481498774361219e-01,9.751820789251084420e-01
6.805300000000000000e+04,7.903613700935503417e-01,9.706107070409828452e-01
6.805400000000000000e+04,8.463331189876590610e-01,9.625665135325434107e-01
6.805500000000000000e+04,9.090186327743848826e-01,9.886603413841328347e-01
6.805600000000000000e+04,8.822392485895605985e-01,1.029895191859985459e+00
6.805700000000000000e+04,9.370115226053652435e-01,1.003593950120446721e+00
6.805800000000000000e+04,1.006370786238290904e+00,9.903215707657082589e-01
6.805900000000000000e+04,1.044666908460034849e+00,9.828622459116687082e-01
6.806000000000000000e+04,1.072749215069328965e+00,9.610045969236935548e-01
6.806100000000000000e+04,1.064231014755843807e+00,1.007716192934481114e+00
6.806200000000000000e+04,1.079856092267826417e+00,9.951134550203661888e-01
6.806300000000000000e+04,1.077893830137492293e+00,9.880687466334308056e-01
6.806400000000000000e+04,1.039874370592092090e+00,9.929521481701542029e-01
6.806500000000000000e+04,1.133939448818884088e+00,9.784114228015283743e-01
6.806600000000000000e+04,1.168333882119721334e+00,1.006408304425626454e+00
6.806700000000000000e+04,1.220256373703545005e+00,1.026747811226172757e+00
6.806800000000000000e+04,1.227865492511756251e+00,1.055302069070563675e+00
6.806900000000000000e+04,1.228471516346185011e+00,1.082901552666257317e+00
6.807000000000000000e+04,1.253330622366185088e+00,1.098781432206905606e+00
6.807100000000000000e+04,1.283411071499989786e+00,1.116246306229953689e+00
6.807200000000000000e+04,1.312423587323934715e+00,1.118825162299927456e+00
6.807300000000000000e+04,1.339774245160225474e+00,1.139042066492692129e+00
6.807400000000000000e+04,1.348657396816526521e+00,1.141876955621590639e+00
6.807500000000000000e+04,1.362487040154063189e+00,1.145697148433491463e+00
6.807600000000000000e+04,1.370047411369755386e+00,1.162115829840800529e+00
6.807700000000000000e+04,1.374565567418797984e+00,1.171047705728199162e+00
6.807800000000000000e+04,1.380481892021986567e+00,1.174336995186855859e+00
6.807900000000000000e+04,1.385847894002567138e+00,1.177148416268629205e+00
6.808000000000000000e+04,1.392237643217366871e+00,1.181909927118852011e+00
6.808100000000000000e+04,1.400610934110579464e+00,1.183876719646100639e+00
6.808200000000000000e+04,1.407526234227443496e+00,1.186974309645378867e+00
6.808300000000000000e+04,1.414361776044856578e+00,1.190678789874326071e+00
6.808400000000000000e+04,1.420316277506432412e+00,1.195848591680274353e+00
6.808500000000000000e+04,1.425953898451832735e+00,1.201829487507815486e+00
6.808600000000000000e+04,1.428568008366460917e+00,1.209514197082320663e+00
6.808700000000000000e+04,1.410737057708065345e+00,1.218979098541169037e+00
6.808800000000000000e+04,1.443016953917003908e+00,1.224160246344993652e+00
6.808900000000000000e+04,1.492571420456124454e+00,1.426195481396440812e+00
6.809000000000000000e+04,1.511926438504917591e+00,1.747174906017058049e+00
6.809100000000000000e+04,1.505658835242359661e+00,1.891559342744542960e+00
6.809200000000000000e+04,1.505818219511470657e+00,2.032258601494064010e+00
6.809300000000000000e+04,1.467182978799971949e+00,2.197988614698012100e+00
6.809400000000000000e+04,1.447591417062607411e+00,2.397675621670899204e+00
6.809500000000000000e+04,1.441616229835500862e+00,2.602638784675455952e+00
6.809600000000000000e+04,1.402217478944387086e+00,2.784270272049909067e+00
6.809700000000000000e+04,1.428967236811550690e+00,2.966811166088838547e+00
6.809800000000000000e+04,1.417338782717144197e+00,3.154272890897843240e+00
6.809900000000000000e+04,1.443411734279489211e+00,3.296018143359489727e+00
6.810000000000000000e+04,1.496031554058828261e+00,3.425738078685881760e+00
6.810100000000000000e+04,1.471799530987977667e+00,3.535745772992271441e+00
6.810200000000000000e+04,1.473503785851491443e+00,3.593483734479285374e+00
6.810300000000000000e+04,1.473051007736807305e+00,3.604386979743850361e+00
6.810400000000000000e+04,1.468759713541940348e+00,3.606164454921454876e+00
6.810500000000000000e+04,1.444070605966082832e+00,3.598977724266838152e+00
6.810600000000000000e+04,1.412996504872138681e+00,3.595619808510548410e+00
6.810700000000000000e+04,1.395347051049708798e+00,3.624402556143621723e+00
6.810800000000000000e+04,1.363981187462061540e+00,3.691031356446508482e+00
6.810900000000000000e+04,1.378419115730923350e+00,3.797517041858085918e+00
6.811000000000000000e+04,1.386303128301971554e+00,3.518379288085100143e+00
6.811100000000000000e+04,1.380476543245411136e+00,3.251797582097800898e+00
6.811200000000000000e+04,1.352248370212341344e+00,3.092593325397956505e+00
6.811300000000000000e+04,1.339283067379057668e+00,3.120783625623467117e+00
6.811400000000000000e+04,1.335937229914779589e+00,3.169141575674011335e+00
6.811500000000000000e+04,1.330077251490984214e+00,3.179153607114834301e+00
6.811600000000000000e+04,1.341406279061642337e+00,3.164936353624334231e+00
6.811700000000000000e+04,1.340673515680345540e+00,3.156797066111430183e+00
6.811800000000000000e+04,1.332817626507458941e+00,3.174438128191965802e+00
6.811900000000000000e+04,1.310845982050661940e+00,3.198757069485850479e+00
6.812000000000000000e+04,1.315879585061217050e+00,3.194612529649518251e+00
6.812100000000000000e+04,1.324846096800877948e+00,3.201751290738606315e+00
6.812200000000000000e+04,1.312706359886805174e+00,3.210487653019150400e+00
6.812300000000000000e+04,1.292291193991413678e+00,3.213547710678120950e+00
6.812400000000000000e+04,1.280392189110885148e+00,3.220919070595329003e+00
6.812500000000000000e+04,1.272183423183173234e+00,3.223711793151920801e+00
6.812600000000000000e+04,1.265264500452537355e+00,3.221624263739677474e+00
6.812700000000000000e+04,1.251463000874485809e+00,3.218168903630832745e+00
6.812800000000000000e+04,1.236429960665783145e+00,3.213073481365562145e+00
6.812900000000000000e+04,1.218444042320387499e+00,3.201681328476766453e+00
6.813000000000000000e+04,1.207413614255191892e+00,3.201978848081779461e+00
6.813100000000000000e+04,1.209166308016026203e+00,3.198808572524718841e+00
6.813200000000000000e+04,1.216642123175588619e+00,3.225822749473195472e+00
6.813300000000000000e+04,1.214199727410952612e+00,3.186173093639190768e+00
6.813400000000000000e+04,1.234081754011228993e+00,3.223722255989066809e+00
6.813500000000000000e+04,1.245288110027291006e+00,3.241061407686707696e+00
6.813600000000000000e+04,1.247671359599190621e+00,3.226459269542040431e+00
6.813700000000000000e+04,1.250965999509157101e+00,3.220702122441501558e+00
6.813800000000000000e+04,1.252521070740245879e+00,3.231594021846454723e+00
6.813900000000000000e+04,1.260139777168889808e+00,3.253114368698440728e+00
6.814000000000000000e+04,1.250131182894564041e+00,3.258576054709301673e+00
6.814100000000000000e+04,1.283044865696668202e+00,3.296850719234711846e+00
6.814200000000000000e+04,1.307794430023069054e+00,3.335547787705216649e+00
6.814300000000000000e+04,1.322758687606629069e+00,3.370106329065230000e+00
6.814400000000000000e+04,1.350718906910761907e+00,3.412628689087313205e+00
6.814500000000000000e+04,1.345898654967331520e+00,3.433427353638180080e+00
6.814600000000000000e+04,1.356091596373583119e+00,3.476892812901766661e+00
6.814700000000000000e+04,1.345568548096850670e+00,3.506748458100609867e+00
6.814800000000000000e+04,1.304041470280309145e+00,3.544101686792906492e+00
6.814900000000000000e+04,1.188070469813903518e+00,3.564803309083593774e+00
6.815000000000000000e+04,1.178284408728073274e+00,3.603958943116211344e+00
6.815100000000000000e+04,1.152548012405026912e+00,3.640043501498446687e+00
6.815200000000000000e+04,1.098857407834278987e+00,3.662995631553037867e+00
6.815300000000000000e+04,1.053711617348548790e+00,3.677609777473961117e+00
6.815400000000000000e+04,1.038555303727417556e+00,3.666740753765616034e+00
6.815500000000000000e+04,1.016187142229524776e+00,3.635779154575494942e+00
6.815600000000000000e+04,9.636572311930925450e-01,3.603176529502277958e+00
6.815700000000000000e+04,9.383947408468524820e-01,3.571036357023857022e+00
6.815800000000000000e+04,9.647417834291662775e-01,3.610483238639076831e+00
6.815900000000000000e+04,9.466118244394892134e-01,3.575738934833061933e+00
6.816000000000000000e+04,9.372773299753890397e-01,3.571676190395450590e+00
6.816100000000000000e+04,9.288198883813709728e-01,3.569087806895488768e+00
6.816200000000000000e+04,9.189124733134886869e-01,3.571514740258486142e+00
6.816300000000000000e+04,9.013742744175282651e-01,3.579427802894954880e+00
6.816400000000000000e+04,8.827479724705126207e-01,3.591264660903121353e+00
6.816500000000000000e+04,8.518555675960776119e-01,3.603113616280133158e+00
6.816600000000000000e+04,8.339129352239290638e-01,3.615887330406579281e+00
6.816700000000000000e+04,8.093473232104504422e-01,3.624811334171759825e+00
6.816800000000000000e+04,7.838146716255015578e-01,3.633894712087005985e+00
6.816900000000000000e+04,7.496822492788334236e-01,3.643496258380210406e+00
6.817000000000000000e+04,7.266429896344523964e-01,3.650875586406492346e+00
6.817100000000000000e+04,7.062541201153893500e-01,3.656702354792912502e+00
6.817200000000000000e+04,6.869871593910303886e-01,3.661954700537329188e+00
6.817300000000000000e+04,6.689036344264409628e-01,3.661219620116554552e+00
6.817400000000000000e+04,6.514213238499545477e-01,3.655629655382149679e+00
6.817500000000000000e+04,6.836307275244237758e-01,3.665133911732361582e+00
6.817600000000000000e+04,6.325578390763902936e-01,3.693685053743045898e+00
6.817700000000000000e+04,6.517187431910721473e-01,3.675652823333123820e+00
6.817800000000000000e+04,6.429207196140449554e-01,3.715974397213614111e+00
6.817900000000000000e+04,6.147032916881458586e-01,3.669988390184776961e+00
6.818000000000000000e+04,6.065014687913747871e-01,3.652342212380411013e+00
6.818100000000000000e+04,5.896467781236397476e-01,3.668143601141935051e+00
6.818200000000000000e+04,5.830093933807630746e-01,3.688263979882790977e+00
6.818300000000000000e+04,6.031620208494219426e-01,3.698951149981667186e+00
6.818400000000000000e+04,6.288226051775011038e-01,3.709723722232808996e+00
6.818500000000000000e+04,5.785739446245361517e-01,3.696335033239513734e+00
6.818600000000000000e+04,5.421680076513533120e-01,3.696202430002081485e+00
6.818700000000000000e+04,5.191329623692714224e-01,3.691522039383087872e+00
6.818800000000000000e+04,4.408030126763117229e-01,3.658409314028084225e+00
6.818900000000000000e+04,4.303766032007547704e-01,3.667691228160933292e+00
6.819000000000000000e+04,3.873555173679799624e-01,3.668473402043396447e+00
6.819100000000000000e+04,3.605563295029318160e-01,3.644837251123149713e+00
6.819200000000000000e+04,2.976419617457666256e-01,3.676471701692214822e+00
6.819300000000000000e+04,1.328508252401238987e-01,3.806951765871048110e+00
6.819400000000000000e+04,1.181965428399120999e-01,3.811744811131873689e+00
6.819500000000000000e+04,1.572929666110168268e-01,3.798091915966914200e+00
6.819600000000000000e+04,1.912594338654980963e-01,3.762146746202397196e+00
6.819700000000000000e+04,1.799499973295772826e-01,3.744440396886645317e+00
6.819800000000000000e+04,1.684655613852833189e-01,3.708352020603577159e+00
6.819900000000000000e+04,1.559231148042084514e-01,3.718811030222134661e+00
6.820000000000000000e+04,1.906434153372467966e-01,3.738815700057287472e+00
6.820100000000000000e+04,2.538753494339546779e-01,3.755441905947144221e+00
6.820200000000000000e+04,2.788760813957329998e-01,3.767938161200667935e+00
6.820300000000000000e+04,2.907004894751519797e-01,3.665394946892590156e+00
6.820400000000000000e+04,3.176459508625737449e-01,3.687883423719135578e+00
6.820500000000000000e+04,3.618329901374575663e-01,3.725856294268595548e+00
6.820600000000000000e+04,4.031045260726467405e-01,3.746580692710864469e+00
6.820700000000000000e+04,4.521457328911143159e-01,3.577844709562008063e+00
6.820800000000000000e+04,4.503178746777998787e-01,3.593931500893333464e+00
6.820900000000000000e+04,4.382883969684855940e-01,3.542110987211131601e+00
6.821000000000000000e+04,6.226236322910926324e-01,3.214955823126487644e+00
6.821100000000000000e+04,6.430469075918580080e-01,3.174181755209396272e+00
6.821200000000000000e+04,6.531907264959654347e-01,3.212687074669375420e+00
6.821300000000000000e+04,6.673030984394201504e-01,3.215992909336335970e+00
6.821400000000000000e+04,6.957965781159898278e-01,3.202137253802582961e+00
6.821500000000000000e+04,7.089817425346269797e-01,3.146839323748032768e+00
6.821600000000000000e+04,7.111776055685499198e-01,3.144512665330871926e+00
6.821700000000000000e+04,7.170208209941879574e-01,3.127969742854190827e+00
6.821800000000000000e+04,4.406359138300665612e-01,3.230754160665853192e+00
6.821900000000000000e+04,6.063913040158654955e-01,3.136050290533020757e+00
6.822000000000000000e+04,6.873196741366637275e-01,3.316987078810690548e+00
6.822100000000000000e+04,6.979999910872528579e-01,3.400471376795209721e+00
6.822200000000000000e+04,1.029020640120079211e+00,3.316452146813595903e+00
6.822300000000000000e+04,9.555493862791601956e-01,3.271078822237285522e+00
6.822400000000000000e+04,8.089670883060761097e-01,3.310856179722847514e+00
6.822500000000000000e+04,8.798542893386284147e-01,3.304091757593170087e+00
6.822600000000000000e+04,9.394071833894360735e-01,3.296953783760301349e+00
6.822700000000000000e+04,9.436183611368931246e-01,3.087444486883491379e+00
6.822800000000000000e+04,9.377324529816771781e-01,2.962732618474376522e+00
6.822900000000000000e+04,9.703482617061588433e-01,2.903100761599148427e+00
6.823000000000000000e+04,9.126451173759380087e-01,2.860390997702701554e+00
6.823100000000000000e+04,8.627628306159439431e-01,2.788736763176189015e+00
6.823200000000000000e+04,8.221324464875677807e-01,2.802145290584633130e+00
6.823300000000000000e+04,7.730168280005315085e-01,2.763185265105875033e+00
6.823400000000000000e+04,7.453569902870545993e-01,2.742224050663956803e+00
6.823500000000000000e+04,7.153810737873151915e-01,2.689895551433409082e+00
6.823600000000000000e+04,6.824381431444102031e-01,2.625576473453925530e+00
6.823700000000000000e+04,6.697254816495785690e-01,2.598267480183217515e+00
6.823800000000000000e+04,6.732893321650086360e-01,2.578307679640474248e+00
6.823900000000000000e+04,6.887733452720163907e-01,2.561417626599613584e+00
6.824000000000000000e+04,6.746760138540708329e-01,2.532413965172246151e+00
6.824100000000000000e+04,6.652547812912428249e-01,2.450380257410380125e+00
6.824200000000000000e+04,6.491776273682379195e-01,2.383126119810654586e+00
6.824300000000000000e+04,6.466422078409832519e-01,2.350589746841379224e+00
6.824400000000000000e+04,6.298056291027341880e-01,2.310057604345722382e+00
6.824500000000000000e+04,6.225908902807303358e-01,2.238075277631182303e+00
6.824600000000000000e+04,6.335090245495184069e-01,2.247013130627280475e+00
6.824700000000000000e+04,6.641957291107838390e-01,2.384137135183884482e+00
6.824800000000000000e+04,6.576514310456080814e-01,2.375323963181720899e+00
6.824900000000000000e+04,6.610687890587957360e-01,2.337718565663735149e+00
6.825000000000000000e+04,6.519365044698837153e-01,2.341831065528261036e+00
6.825100000000000000e+04,6.146546380376652907e-01,2.378074895697437796e+00
6.825200000000000000e+04,5.818781341276110242e-01,2.509761180393105917e+00
6.825300000000000000e+04,5.530574703569732797e-01,2.499863124419057669e+00
6.825400000000000000e+04,5.094957648472707712e-01,2.453039682856548609e+00
6.825500000000000000e+04,5.069399847121962566e-01,2.446372536743673720e+00
6.825600000000000000e+04,5.060247295824369385e-01,2.397715745018487610e+00
6.825700000000000000e+04,5.813082913304643551e-01,2.343797084534990915e+00
6.825800000000000000e+04,6.180297698986157995e-01,2.311689744866001206e+00
6.825900000000000000e+04,6.431502759523798352e-01,2.277547190726494364e+00
6.826000000000000000e+04,6.627171679033984075e-01,2.238946908561381122e+00
6.826100000000000000e+04,7.003727731753882635e-01,2.224967136184318406e+00
6.826200000000000000e+04,7.328673019057851956e-01,2.247494238418475732e+00
6.826300000000000000e+04,7.622593116132472257e-01,2.255889731347572535e+00
6.826400000000000000e+04,8.094155087509323776e-01,2.272124279728828355e+00
6.826500000000000000e+04,8.165429942321223988e-01,2.298584021075065209e+00
6.826600000000000000e+04,8.241735797163930455e-01,2.307256323731799341e+00
6.826700000000000000e+04,8.199047565892132461e-01,2.294852686337129910e+00
6.826800000000000000e+04,8.184847681110056783e-01,2.272867783807903663e+00
6.826900000000000000e+04,8.097173043667368342e-01,2.235238328695601240e+00
6.827000000000000000e+04,7.966756852086843699e-01,2.175981054678608473e+00
6.827100000000000000e+04,7.817976517477678300e-01,2.106539077135025195e+00
6.827200000000000000e+04,7.665868938196899185e-01,2.029765691990263576e+00
6.827300000000000000e+04,7.507229433509912120e-01,1.954474113225174392e+00
6.827400000000000000e+04,7.386104455118723822e-01,1.881841797273082761e+00
6.827500000000000000e+04,7.285480923281614229e-01,1.812882117955837202e+00
6.827600000000000000e+04,7.229158254317236132e-01,1.755576473918168290e+00
6.827700000000000000e+04,7.068773285003698836e-01,1.673565246105219728e+00
6.827800000000000000e+04,6.936605546963527935e-01,1.598588927847863772e+00
6.827900000000000000e+04,6.826599868085639899e-01,1.533584562458287337e+00
6.828000000000000000e+04,6.712985069492054535e-01,1.472435334301025023e+00
6.828100000000000000e+04,6.585976005403013644e-01,1.408191785593508882e+00
6.828200000000000000e+04,6.566678832481392947e-01,1.337157029255621410e+00
6.828300000000000000e+04,6.543535653584466871e-01,1.267294907694669348e+00
6.828400000000000000e+04,6.535216753468797712e-01,1.206422870528768954e+00
6.828500000000000000e+04,6.475596401350147691e-01,1.153141027041641564e+00
6.828600000000000000e+04,6.420157849540936157e-01,1.105753406994971044e+00
6.828700000000000000e+04,6.364577604601719951e-01,1.061919235564872110e+00
6.828800000000000000e+04,6.329007367336828560e-01,1.020838484919728728e+00
6.828900000000000000e+04,6.269635636508547050e-01,9.785378211944717464e-01
6.829000000000000000e+04,6.176549147653330740e-01,9.140470873413946151e-01
6.829100000000000000e+04,6.154800159877946708e-01,8.664715758318521921e-01
6.829200000000000000e+04,6.085372995777545979e-01,8.384780167572856158e-01
6.829300000000000000e+04,5.932479181793453016e-01,8.229358209254939993e-01
6.829400000000000000e+04,5.933267150903627218e-01,8.214448751914815716e-01
6.829500000000000000e+04,5.583280883792846039e-01,8.221674195513060113e-01
6.829600000000000000e+04,5.413225248051647398e-01,9.144503607865814843e-01
6.829700000000000000e+04,4.915752682738269153e-01,1.045183098503372321e+00
6.829800000000000000e+04,5.066266848989813276e-01,1.156498238822642577e+00
6.829900000000000000e+04,5.403597178568839698e-01,1.194951208286830990e+00
6.830000000000000000e+04,5.751841384111244793e-01,1.205954356768700109e+00
6.830100000000000000e+04,5.721232685134445273e-01,1.193465398295664670e+00
6.830200000000000000e+04,5.643945672793710955e-01,1.307709761670125204e+00
6.830300000000000000e+04,5.819000506659861571e-01,1.336336794118373916e+00
6.830400000000000000e+04,5.937817122212296628e-01,1.341154138230301385e+00
6.830500000000000000e+04,5.473514770218355086e-01,1.293357253083577518e+00
6.830600000000000000e+04,5.127888955751958022e-01,1.236584420082088798e+00
6.830700000000000000e+04,5.056615578072377604e-01,1.226854784757144046e+00
6.830800000000000000e+04,5.099065903895172447e-01,1.225752607689891249e+00
6.830900000000000000e+04,5.135807500546276660e-01,1.231616004721189483e+00
6.831000000000000000e+04,5.221182645282340662e-01,1.243646397463834319e+00
6.831100000000000000e+04,5.014074822375315099e-01,1.279005159345423692e+00
6.831200000000000000e+04,4.941638971909862454e-01,1.284783261451558189e+00
6.831300000000000000e+04,5.041919617161474410e-01,1.312163585669594568e+00
6.831400000000000000e+04,4.785686144237232265e-01,1.309877589542466580e+00
6.831500000000000000e+04,4.939865130682533079e-01,1.301144840590616525e+00
6.831600000000000000e+04,5.041578369481815036e-01,1.267143874988711616e+00
6.831700000000000000e+04,5.107160199029534553e-01,1.269879405958342034e+00
6.831800000000000000e+04,4.707539695877768771e-01,1.291962089502213473e+00
6.831900000000000000e+04,4.445919757082534285e-01,1.302834028547358969e+00
6.832000000000000000e+04,4.930009129886502861e-01,1.281623815812359624e+00
6.832100000000000000e+04,4.800643879525067770e-01,1.320322487743617046e+00
6.832200000000000000e+04,4.892387206102457031e-01,1.297361423715202022e+00
6.832300000000000000e+04,4.863789490279177286e-01,1.285299153885574697e+00
6.832400000000000000e+04,4.890218162695740833e-01,1.282070221737143356e+00
6.832500000000000000e+04,4.682471793520924241e-01,1.276709743233411132e+00
6.832600000000000000e+04,4.766891947087362746e-01,1.286091568932469897e+00
6.832700000000000000e+04,4.785775148002831547e-01,1.288419350287220766e+00
6.832800000000000000e+04,4.567520162912944715e-01,1.283041268291533754e+00
6.832900000000000000e+04,4.538709678351512400e-01,1.291746580714672632e+00
6.833000000000000000e+04,4.544747964225561709e-01,1.302525421784032744e+00
6.833100000000000000e+04,4.523929324318146650e-01,1.310838392230657234e+00
6.833200000000000000e+04,4.504692140470789585e-01,1.317158262682255554e+00
6.833300000000000000e+04,4.466507376782171135e-01,1.324546171929341654e+00
6.833400000000000000e+04,4.465335112653770477e-01,1.330395315118764188e+00
6.833500000000000000e+04,4.466028722739056045e-01,1.332502051842418211e+00
6.833600000000000000e+04,4.448349790529378955e-01,1.332770665133338639e+00
6.833700000000000000e+04,4.442063754786105267e-01,1.332111485786803939e+00
6.833800000000000000e+04,4.428400905746892602e-01,1.332388861334301566e+00
6.833900000000000000e+04,4.428931635869506889e-01,1.333478608048721981e+00
6.834000000000000000e+04,4.436661540035989892e-01,1.334296659481083225e+00
6.834100000000000000e+04,3.995793456399286403e-01,1.340954430551910548e+00
6.834200000000000000e+04,3.336508922936391452e-01,1.351162359062001883e+00
6.834300000000000000e+04,3.511332432514335244e-01,1.352977648941589450e+00
6.834400000000000000e+04,3.467437139480277208e-01,1.338250450687418436e+00
6.834500000000000000e+04,3.538934115104448996e-01,1.335112501243258976e+00
6.834600000000000000e+04,3.685347424467705912e-01,1.324673796076567100e+00
6.834700000000000000e+04,3.364763881358671660e-01,1.319018919517056077e+00
6.834800000000000000e+04,3.255243141048366207e-01,1.311646072402865570e+00
6.834900000000000000e+04,3.203651921501648459e-01,1.314381764342691383e+00
6.835000000000000000e+04,3.261431350853185029e-01,1.321165594894289086e+00
6.835100000000000000e+04,3.802915479355785111e-01,1.326971980223625280e+00
6.835200000000000000e+04,3.548499007628925783e-01,1.334229102518229126e+00
6.835300000000000000e+04,3.884457502190892808e-01,1.348033889721463652e+00
6.835400000000000000e+04,4.166740671165467536e-01,1.320563403496159083e+00
6.835500000000000000e+04,4.732041932942578910e-01,1.265874201435728708e+00
6.835600000000000000e+04,5.211753903854996484e-01,1.235703607776471813e+00
6.835700000000000000e+04,5.538474993582577222e-01,1.242762348193870992e+00
6.835800000000000000e+04,5.480945526298139914e-01,1.258258614637995265e+00
6.835900000000000000e+04,5.769464228372607195e-01,1.256190506968287934e+00
6.836000000000000000e+04,6.275666158377664061e-01,1.247985768358326197e+00
6.836100000000000000e+04,6.457511126419532843e-01,1.258718413549516413e+00
6.836200000000000000e+04,6.954883030281810985e-01,1.257036650249638399e+00
6.836300000000000000e+04,6.939336034249863339e-01,1.271210433765851633e+00
6.836400000000000000e+04,7.427179245993466017e-01,1.242640911579179885e+00
6.836500000000000000e+04,7.601759738274517231e-01,1.246036923922360984e+00
6.836600000000000000e+04,7.760441046146258071e-01,1.240483354574834607e+00
6.836700000000000000e+04,7.856595064575898624e-01,1.239020722754233361e+00
6.836800000000000000e+04,7.865041082732506794e-01,1.230352710494130974e+00
6.836900000000000000e+04,8.065601134888169543e-01,1.203362457929735285e+00
6.837000000000000000e+04,8.015970488927258719e-01,1.182954552867663267e+00
6.837100000000000000e+04,7.861029570314598258e-01,1.153735885534594274e+00
6.837200000000000000e+04,8.164576681963653382e-01,1.114289896930308998e+00
6.837300000000000000e+04,8.303597043548485157e-01,1.102389176100409429e+00
6.837400000000000000e+04,8.661712482535937063e-01,1.063360056462087755e+00
6.837500000000000000e+04,8.941900691018626057e-01,1.054711635535454661e+00
6.837600000000000000e+04,8.847783928896655326e-01,1.052872541528721229e+00
6.837700000000000000e+04,8.721810449906126639e-01,1.094309144185302785e+00
6.837800000000000000e+04,8.678834332640126270e-01,1.141508690669184034e+00
6.837900000000000000e+04,8.556110229087747765e-01,1.208277280561731004e+00
6.838000000000000000e+04,8.428579833080077632e-01,1.263476908424287615e+00
6.838100000000000000e+04,8.398163748980116416e-01,1.331400277022929401e+00
6.838200000000000000e+04,8.429052102527941903e-01,1.399254324786106451e+00
6.838300000000000000e+04,8.407865270672429947e-01,1.461437762631398130e+00
6.838400000000000000e+04,9.551243392041919300e-01,1.418669714545110594e+00
6.838500000000000000e+04,8.894991341068777535e-01,1.384244367572904366e+00
6.838600000000000000e+04,9.591863455729853216e-01,1.319485328598545948e+00
6.838700000000000000e+04,1.077812326386775821e+00,1.272213308938596299e+00
6.838800000000000000e+04,1.228517735760443541e+00,1.201865058549692833e+00
6.838900000000000000e+04,1.292032204663375206e+00,1.091553865906810472e+00
6.839000000000000000e+04,1.213819857041613659e+00,9.163600772653879289e-01
6.839100000000000000e+04,1.085663465308660758e+00,9.879734318704720408e-01
6.839200000000000000e+04,1.009182417591717007e+00,1.040633133903327234e+00
6.839300000000000000e+04,9.447368082281226709e-01,9.742887557854373881e-01
6.839400000000000000e+04,9.317888262463475124e-01,1.115550011190563851e+00
6.839500000000000000e+04,9.978532405352119605e-01,1.234626271127055475e+00
6.839600000000000000e+04,1.036227542496249265e+00,1.259998357644313671e+00
6.839700000000000000e+04,7.727872635987876881e-01,7.603001953249801659e-01
6.839800000000000000e+04,8.046790924764702924e-01,8.559512179670107912e-01
6.839900000000000000e+04,9.340961126914838486e-01,1.161907388404657127e+00
6.840000000000000000e+04,9.393569779532178199e-01,1.245216525225465887e+00
6.840100000000000000e+04,9.721838487025207254e-01,1.331968533716029413e+00
6.840200000000000000e+04,8.821149627750135558e-01,1.223339125896558244e+00
6.840300000000000000e+04,8.513552343737967876e-01,1.249762262970932625e+00
6.840400000000000000e+04,8.393072567899398928e-01,1.244712374042578062e+00
6.840500000000000000e+04,8.095094908347740814e-01,1.271832291979613672e+00
6.840600000000000000e+04,8.022416229089347484e-01,1.293680322116777859e+00
6.840700000000000000e+04,8.005949696507872471e-01,1.354023113814513124e+00
6.840800000000000000e+04,7.973492031352695797e-01,1.371951580251824510e+00
6.840900000000000000e+04,7.612910010106410663e-01,1.354606013911840989e+00
6.841000000000000000e+04,7.278751227136834867e-01,1.333168009362317719e+00
6.841100000000000000e+04,7.089976051301716264e-01,1.337475724669111798e+00
6.841200000000000000e+04,6.821386619543844398e-01,1.370343107967286755e+00
6.841300000000000000e+04,6.786108889992913396e-01,1.360649989240350521e+00
6.841400000000000000e+04,6.616031704900000587e-01,1.322770472625265370e+00
6.841500000000000000e+04,2.352396104002974289e-02,9.898792876968087739e-02
6.841600000000000000e+04,2.446901464299494275e-02,1.075760119114406166e-01
6.841700000000000000e+04,1.440601930717874853e-02,1.121643462212844611e-01
6.841800000000000000e+04,3.074632913668884707e-02,1.043066175393647654e-01
6.841900000000000000e+04,2.018560078314473455e-02,6.916166536325363268e-02
6.842000000000000000e+04,1.690791281651463085e-02,5.483932003586033943e-02
6.842100000000000000e+04,5.967408218313582056e-03,2.194568616610581557e-02
6.842200000000000000e+04,1.420778595408281331e-02,1.171026365380356538e-02
6.842300000000000000e+04,1.900317271204699301e-02,5.128980755678469450e-03
6.842400000000000000e+04,2.087569025750175139e-02,4.759316412753378245e-02
6.842500000000000000e+04,3.306597792399240676e-02,2.912507608027681272e-02
6.842600000000000000e+04,3.307748288991458480e-02,1.996578575725038718e-02
6.842700000000000000e+04,4.789815485885334789e-02,4.426053787611294865e-03
6.842800000000000000e+04,8.488424587897816509e-02,1.770127993022185819e-02
6.842900000000000000e+04,6.789368984937189933e-02,9.199592944712975395e-02
6.843000000000000000e+04,6.471017682113103242e-02,8.586186039038778972e-02
6.843100000000000000e+04,3.614630580087599410e-02,4.415671351315353377e-02
6.843200000000000000e+04,5.172922557337215205e-02,4.330925093274373694e-02
6.843300000000000000e+04,4.437487554972938120e-02,2.408897730966685913e-02
6.843400000000000000e+04,5.122446681464961488e-02,2.718099836365439614e-02
6.843500000000000000e+04,4.932649602707176589e-02,2.052604643544242435e-02
6.843600000000000000e+04,3.476032324584958644e-02,1.362177493625438274e-03
6.843700000000000000e+04,4.025081786379936660e-02,3.498627706335355469e-03
6.843800000000000000e+04,4.191965391620568193e-02,2.481856551696637325e-03
6.843900000000000000e+04,4.471253584201989595e-02,6.962087600250299602e-03
6.844000000000000000e+04,4.536692836695048470e-02,8.894802644910271283e-03
6.844100000000000000e+04,4.564440447419502306e-02,1.094182165254409256e-02
6.844200000000000000e+04,4.460224237965770833e-02,9.729530930826513213e-03
6.844300000000000000e+04,4.164730126125930354e-02,7.506908279879098700e-03
6.844400000000000000e+04,4.079159872789371588e-02,5.269970800839018921e-03
6.844500000000000000e+04,3.925989763055037080e-02,2.097537794995218974e-03
6.844600000000000000e+04,3.596705237195702010e-02,2.407705991764430564e-03
6.844700000000000000e+04,3.078208281367207297e-02,8.261046382564529722e-03
6.844800000000000000e+04,2.522037565996641806e-02,1.559635327167541163e-02
6.844900000000000000e+04,2.431471199878452658e-02,1.863732603005985311e-02
6.845000000000000000e+04,3.958894868840052289e-02,2.119912353320785314e-02
6.845100000000000000e+04,1.568238599045258808e-02,3.405305183838436278e-02
6.845200000000000000e+04,1.295934060444675455e-02,3.603076285854456273e-02
6.845300000000000000e+04,1.598858677248332291e-02,3.720324011207054582e-02
6.845400000000000000e+04,1.714489511318674497e-02,3.699256757137447948e-02
6.845500000000000000e+04,2.024316693612366810e-02,3.736732027016387292e-02
6.845600000000000000e+04,2.383936051760394970e-02,3.935161383231644550e-02
6.845700000000000000e+04,3.025307895349544848e-02,4.067278805081997461e-02
6.845800000000000000e+04,3.389539174895348644e-02,4.077657795599520796e-02
6.845900000000000000e+04,3.455815608190838245e-02,4.239555645740722412e-02
6.846000000000000000e+04,3.555988153431348386e-02,4.298880022315643146e-02
6.846100000000000000e+04,3.450353956690301732e-02,4.612312927731210266e-02
6.846200000000000000e+04,3.497653946869348773e-02,4.920282661837660498e-02
6.846300000000000000e+04,3.413519951707804506e-02,4.936587185014218448e-02
6.846400000000000000e+04,3.238641137570174439e-02,5.110487657890416813e-02
6.846500000000000000e+04,3.430321482088742602e-02,5.141659649414975775e-02
6.846600000000000000e+04,3.264039484096895732e-02,5.687818836184277416e-02
6.846700000000000000e+04,3.301647079400919782e-02,5.449848508624199894e-02
6.846800000000000000e+04,3.509915401237732185e-02,5.486976055485115467e-02
6.846900000000000000e+04,3.246786150584229924e-02,5.282845958343074244e-02
6.847000000000000000e+04,2.692754388970374294e-02,5.037069319315179428e-02
6.847100000000000000e+04,2.731515382044717374e-02,5.017550355448463506e-02
6.847200000000000000e+04,2.418967052604642509e-02,4.839548989000519441e-02
6.847300000000000000e+04,2.543114318345855024e-02,4.498974221354501424e-02
6.847400000000000000e+04,2.448537869757673111e-02,4.397111336906078805e-02
6.847500000000000000e+04,2.233048702562156693e-02,4.489371021183075072e-02
6.847600000000000000e+04,2.326774285751418217e-02,4.709470103492208182e-02
6.847700000000000000e+04,2.473451176549647246e-02,4.726038212189109800e-02
6.847800000000000000e+04,2.708283720514078133e-02,4.941128247840964605e-02
6.847900000000000000e+04,2.719851451490981620e-02,5.120584319485743663e-02
6.848000000000000000e+04,2.897556914164261740e-02,5.409133131692556162e-02
6.848100000000000000e+04,3.012169178555733698e-02,5.761355395194556195e-02
6.848200000000000000e+04,3.135126327575762928e-02,6.096462630814158956e-02
6.848300000000000000e+04,2.864465507907636502e-02,6.418931259188553895e-02
6.848400000000000000e+04,2.740006366605422100e-02,6.609176113622083903e-02
6.848500000000000000e+04,2.933378678783043689e-02,6.488256181338414308e-02
6.848600000000000000e+04,2.410308260649520265e-02,6.365519692938192975e-02
6.848700000000000000e+04,2.184024894800457722e-02,6.691672043636032186e-02
6.848800000000000000e+04,2.288807442220089014e-02,6.470721807314561147e-02
6.848900000000000000e+04,1.937242753551984831e-02,6.040761911260261741e-02
6.849000000000000000e+04,2.090783888037694646e-02,5.879739886916013347e-02
6.849100000000000000e+04,1.287010890190255774e-02,5.110638122054922405e-02
6.849200000000000000e+04,1.274760846254967793e-02,4.058329475374478079e-02
6.849300000000000000e+04,1.430752295895271545e-02,4.057340144809984395e-02
6.849400000000000000e+04,1.798928365745863095e-02,4.978741991943991252e-02
6.849500000000000000e+04,1.950527317649493331e-02,4.972919381933849081e-02
6.849600000000000000e+04,1.593726627875331064e-02,4.766309825919989862e-02
6.849700000000000000e+04,1.733512484440596912e-02,4.381721713676967056e-02
6.849800000000000000e+04,1.639890961136121830e-02,4.242781920621041536e-02
6.849900000000000000e+04,1.498275309906991169e-02,4.540591213538647253e-02
6.850000000000000000e+04,1.333399837972526307e-02,4.385744743434116799e-02
6.850100000000000000e+04,9.938691402558211957e-03,4.254295720875234110e-02
6.850200000000000000e+04,9.068367385234950631e-03,4.151522683468300556e-02
6.850300000000000000e+04,7.792901103726375227e-03,4.042025184351416556e-02
6.850400000000000000e+04,6.390605165006255778e-03,3.980736122904460217e-02
6.850500000000000000e+04,8.143486122794372020e-03,3.770113086405757485e-02
6.850600000000000000e+04,8.678592350216864787e-03,3.706726177965435909e-02
6.850700000000000000e+04,8.698252456287422843e-03,3.741831039636167588e-02
6.850800000000000000e+04,9.164551399220070144e-03,3.801036429090487445e-02
6.850900000000000000e+04,1.122447944749246918e-02,3.831493565334653795e-02
6.851000000000000000e+04,1.217750197367372007e-02,3.832880889588352602e-02
6.851100000000000000e+04,1.608218483274961863e-02,3.764213036329522311e-02
6.851200000000000000e+04,1.699472906624314994e-02,3.612659718564970035e-02
6.851300000000000000e+04,1.518270494947814714e-02,3.528430427928697100e-02
6.851400000000000000e+04,1.565714038280019427e-02,3.275981247242754080e-02
6.851500000000000000e+04,1.619432220618930232e-02,3.034304000742338303e-02
6.851600000000000000e+04,1.677639247928188262e-02,2.860110116129277458e-02
6.851700000000000000e+04,1.790088649140394311e-02,2.575706094327756546e-02
6.851800000000000000e+04,1.880174443914415724e-02,2.276572123236064726e-02
6.851900000000000000e+04,1.666606106027023609e-02,1.946171370190796779e-02
6.852000000000000000e+04,1.785537739476716901e-02,2.029955578178288533e-02
6.852100000000000000e+04,1.136370441228607732e-02,4.203342894211914427e-02
6.852200000000000000e+04,1.120044189411791534e-02,6.309234754761661179e-02
6.852300000000000000e+04,3.433860909643567799e-02,8.985394747966779505e-02
6.852400000000000000e+04,5.201891974331997875e-02,1.077778544788756676e-01
6.852500000000000000e+04,6.512990704692772637e-02,1.114958662244944776e-01
6.852600000000000000e+04,5.888588804560920126e-02,1.242896060165818994e-01
6.852700000000000000e+04,7.502355957273735589e-03,5.747257628159019305e-02
6.852800000000000000e+04,2.014015446524054787e-02,2.495568086170152355e-02
6.852900000000000000e+04,3.060052480558956428e-02,1.705793662966925694e-02
6.853000000000000000e+04,2.003649955368906957e-02,3.250728427386206931e-02
6.853100000000000000e+04,8.659885308665278211e-03,2.869898600282994039e-02
6.853200000000000000e+04,1.459434746023096328e-02,2.028071123459085356e-02
6.853300000000000000e+04,5.285918482867025571e-03,2.118026642888537481e-02
6.853400000000000000e+04,1.178769925224921675e-02,4.406020661342324729e-03
6.853500000000000000e+04,6.824546063030022952e-03,1.769863183420028463e-02
6.853600000000000000e+04,2.143329585521411978e-03,3.322073430787497728e-02
6.853700000000000000e+04,4.612313033344160595e-03,2.609450908125410251e-02
6.853800000000000000e+04,9.968629580867601966e-03,3.779458997838958112e-02
6.853900000000000000e+04,1.349674456939766592e-02,2.036027066081658177e-02
6.854000000000000000e+04,1.383351487208919067e-02,1.695659252072090339e-02
6.854100000000000000e+04,1.059572979827484371e-02,2.315642966028264027e-02
6.854200000000000000e+04,1.242803675864576247e-02,2.243882147683251560e-02
6.854300000000000000e+04,1.063685398187544373e-02,2.270936968096748387e-02
6.854400000000000000e+04,1.147374850904173127e-02,2.181387733674711171e-02
6.854500000000000000e+04,1.498333410443322689e-02,1.355804405849170280e-02
6.854600000000000000e+04,1.292944774914156318e-02,1.538023044313518994e-02
6.854700000000000000e+04,1.452019096189341961e-02,1.742558674136063246e-02
6.854800000000000000e+04,9.852778976792006191e-03,2.115062652403310040e-02
6.854900000000000000e+04,1.294649571782998526e-02,2.029280951428091839e-02
6.855000000000000000e+04,1.070265366794946951e-02,1.622847874470778606e-02
6.855100000000000000e+04,1.623290650069710017e-02,4.603084105781363178e-03
6.855200000000000000e+04,2.361686892153195411e-02,8.400277827931290631e-04
6.855300000000000000e+04,2.522207803506524085e-02,6.286947407829757140e-04
6.855400000000000000e+04,2.391888203626537854e-02,5.710810029256663256e-03
6.855500000000000000e+04,2.652598572642117861e-02,2.752358952633926492e-03
6.855600000000000000e+04,2.933384017437414004e-02,2.930465094074463650e-03
6.855700000000000000e+04,3.655161053439606733e-02,2.904871845011314235e-03
6.855800000000000000e+04,1.744998580785149869e-02,7.769233582095580459e-04
6.855900000000000000e+04,1.627676126704413750e-02,8.468569022497263177e-03
6.856000000000000000e+04,1.678648772700797390e-02,1.685297881072500559e-02
6.856100000000000000e+04,1.560694817707601253e-02,1.995563809496303520e-02
6.856200000000000000e+04,1.855261034709178997e-02,1.667465733378747927e-02
6.856300000000000000e+04,2.105764638728839511e-02,1.146828661266852123e-02
6.856400000000000000e+04,1.762306137473637277e-02,9.200991986091366925e-04
6.856500000000000000e+04,8.718152451512016857e-03,1.676241367123054715e-02
6.856600000000000000e+04,5.714919246385436954e-03,2.050039235459166775e-02
6.856700000000000000e+04,6.279065502583386707e-03,2.251767804532534001e-02
6.856800000000000000e+04,6.141260290195520340e-03,2.483622188986345236e-02
6.856900000000000000e+04,7.814588150930808566e-03,2.781976885097492413e-02
6.857000000000000000e+04,1.181567214711112118e-02,2.691755566521436549e-02
6.857100000000000000e+04,1.435998592439162447e-02,2.202993904628414157e-02
6.857200000000000000e+04,1.932309115099365565e-02,1.956111672205196328e-02
6.857300000000000000e+04,3.589372479175972908e-02,1.112493482209231388e-02
6.857400000000000000e+04,3.332521791187473270e-02,2.268893101131652656e-05
6.857500000000000000e+04,3.115412456468654584e-02,2.622771868724527167e-02
6.857600000000000000e+04,3.404302703492104870e-02,4.186257122632497385e-02
6.857700000000000000e+04,2.017555847712301093e-02,7.030785815884144085e-02
6.857800000000000000e+04,4.027642182065069992e-02,5.077660675157602554e-02
6.857900000000000000e+04,3.507146652230527795e-02,4.710453889573074093e-02
6.858000000000000000e+04,4.555357674829207948e-02,6.214080425873902414e-02
6.858100000000000000e+04,8.308645254731040000e-03,2.282924776011441281e-03
6.858200000000000000e+04,1.381411533495494927e-02,1.692029639610836966e-02
6.858300000000000000e+04,2.088999796313487436e-02,2.035263755521299345e-02
6.858400000000000000e+04,2.106877901183505306e-02,2.227777153937893218e-02
6.858500000000000000e+04,1.110571311352137949e-02,2.500570720992811857e-02
6.858600000000000000e+04,4.583933751339514147e-03,2.387657155090039396e-02
6.858700000000000000e+04,5.683958400033431967e-03,1.993824924078069216e-02
6.858800000000000000e+04,7.018077206424012601e-03,5.472967693314956250e-03
6.858900000000000000e+04,2.172776731126281613e-02,6.994584342590570714e-02
6.859000000000000000e+04,3.701386964870790469e-02,8.895949242398160095e-02
6.859100000000000000e+04,3.497580654667665351e-02,7.608186327487942435e-04
6.859200000000000000e+04,1.264193706048677077e-02,2.155844405942275444e-02
6.859300000000000000e+04,6.903194261287589305e-03,4.968097198961629601e-03
6.859400000000000000e+04,7.553662183169847395e-03,1.559123287886166054e-02
6.859500000000000000e+04,1.063362534657092198e-02,1.358849262959438420e-02
6.859600000000000000e+04,8.084373466582625567e-03,1.376817196319279901e-02
6.859700000000000000e+04,9.436800861196163390e-03,2.689649825434514696e-02
6.859800000000000000e+04,1.277720390442633330e-02,3.292855126915839037e-02
6.859900000000000000e+04,1.761986814002605359e-02,3.759666895046365198e-02
6.860000000000000000e+04,1.196676964270620286e-02,8.269909435767885952e-03
6.860100000000000000e+04,2.085122643653021871e-02,3.879027714511096292e-03
6.860200000000000000e+04,2.610048288733301386e-02,2.252163839003884505e-02
6.860300000000000000e+04,1.976933503858588001e-02,2.614020868029598432e-02
6.860400000000000000e+04,3.808974096661336961e-02,7.561241601514723243e-03
6.860500000000000000e+04,4.206782001761730921e-02,2.773647073313156852e-02
6.860600000000000000e+04,1.775371197497251086e-02,4.034600029878987471e-02
6.860700000000000000e+04,2.208785836641654135e-02,5.704916082282096568e-02
6.860800000000000000e+04,9.453373617805594167e-03,5.886346670955333593e-02
6.860900000000000000e+04,9.842128788699337077e-03,6.508239457484421564e-02
6.861000000000000000e+04,1.505912177683175861e-02,6.499412056426479012e-02
6.861100000000000000e+04,2.114903416694400087e-02,7.646066886329805357e-02
6.861200000000000000e+04,9.004266843869136380e-03,1.016018056026268823e-02
6.861300000000000000e+04,1.210676513757368879e-02,4.930299444616537130e-03
6.861400000000000000e+04,1.136551324652609191e-02,1.388679836225037434e-04
6.861500000000000000e+04,7.899589207969100538e-03,1.902551852936085197e-03
6.861600000000000000e+04,9.213867029287482746e-03,4.770955590238656896e-03
6.861700000000000000e+04,1.496734478465884186e-02,2.495886446098438682e-03
6.861800000000000000e+04,5.680619797975062363e-03,1.088526312575055499e-02
6.861900000000000000e+04,4.721412720550933508e-03,9.704891205302601520e-03
6.862000000000000000e+04,5.217008196874212654e-03,8.745967877231919374e-03
6.862100000000000000e+04,4.499959350498500439e-03,9.452007235864812174e-03
6.862200000000000000e+04,6.324373061919616673e-04,1.193881025857734812e-02
6.862300000000000000e+04,2.610178548420643424e-03,8.948348180801701801e-03
6.862400000000000000e+04,3.066681283952692552e-04,8.067236929065302320e-03
6.862500000000000000e+04,1.547128971879919686e-03,7.734808087782596431e-03
6.862600000000000000e+04,1.585280104914969833e-03,3.593901434200574840e-03
6.862700000000000000e+04,3.738207214051540717e-03,5.835583783124320689e-03
6.862800000000000000e+04,4.555404896420584340e-03,1.276922688710158127e-02
6.862900000000000000e+04,1.143171877542194584e-02,8.797269082563730080e-03
6.863000000000000000e+04,1.215819785157010689e-02,1.196388168484929793e-02
6.863100000000000000e+04,2.996429170189825186e-02,1.801733850489739552e-02
6.863200000000000000e+04,2.817289534622114539e-02,1.256845590729938067e-02
6.863300000000000000e+04,2.631565197928625519e-02,7.651789733387204251e-04
6.863400000000000000e+04,2.742538779206296976e-02,7.182332117039891273e-03
6.863500000000000000e+04,3.644872501976220702e-02,7.077592148739597633e-03
6.863600000000000000e+04,2.811073353922135046e-02,7.490773791182903096e-03
6.863700000000000000e+04,2.912869182057740980e-02,1.889766601523490408e-02
6.863800000000000000e+04,1.931391510196555847e-02,8.355153119403269102e-03
6.863900000000000000e+04,3.192919801700845606e-02,2.570207455458017876e-02
6.864000000000000000e+04,2.710909766305223678e-02,1.189286521610029013e-01
6.864100000000000000e+04,7.715309241672094198e-02,2.477149837725676207e-01
6.864200000000000000e+04,1.266704759808544578e-01,2.956575238774519221e-01
6.864300000000000000e+04,7.258288876757199026e-02,3.025018389956102283e-01
6.864400000000000000e+04,8.514600158726498558e-02,2.927591806567448884e-01
6.864500000000000000e+04,3.226657011464363622e-02,6.514713700758534287e-02
6.864600000000000000e+04,4.612904407295201348e-02,7.593587659830092207e-02
6.864700000000000000e+04,7.046163059893317815e-02,8.633620836436506352e-02
6.864800000000000000e+04,8.749434333096245409e-02,9.299645272837153698e-02
6.864900000000000000e+04,1.012748561525356611e-01,1.025409771290100025e-01
6.865000000000000000e+04,1.097975474502398963e-01,1.085995880604500030e-01
6.865100000000000000e+04,1.207476411205875289e-01,1.166526403339318563e-01
6.865200000000000000e+04,1.484849349989516010e-01,1.246699496576795241e-01
6.865300000000000000e+04,1.880876424094651000e-01,1.223558180929771311e-01
6.865400000000000000e+04,1.865312400740440635e-01,1.210213658908898537e-01
6.865500000000000000e+04,1.859021502149355576e-01,1.081102381048495431e-01
6.865600000000000000e+04,1.864210901435857659e-01,9.571393986607290572e-02
6.865700000000000000e+04,1.816852058743407827e-01,9.802046607548930979e-02
6.865800000000000000e+04,1.801651595197784894e-01,9.887390117123118216e-02
6.865900000000000000e+04,1.756691709234314835e-01,1.070191324915938935e-01
6.866000000000000000e+04,1.701521724526377233e-01,9.241792845708829418e-02
6.866100000000000000e+04,1.656922157798399187e-01,7.411230240889210563e-02
6.866200000000000000e+04,1.711213904296060850e-01,7.587358973842839305e-02
6.866300000000000000e+04,1.723683913950489477e-01,4.408964706256313093e-02
6.866400000000000000e+04,1.756406387427415505e-01,3.419882704618970592e-02
6.866500000000000000e+04,2.069293795977882322e-01,1.078659602359977043e-02
6.866600000000000000e+04,2.105243434813332259e-01,1.294569569556145439e-01
6.866700000000000000e+04,2.575167852782050959e-01,2.121332698780094006e-01
6.866800000000000000e+04,2.521355132370051155e-01,2.994813991516451779e-01
6.866900000000000000e+04,1.752096947808405303e-01,3.891494004982192223e-01
6.867000000000000000e+04,1.882351131776790476e-01,4.931188253204936700e-01
6.867100000000000000e+04,1.877231983333335352e-01,6.077732212597624084e-01
6.867200000000000000e+04,1.540456696982502871e-01,7.259372073386032298e-01
6.867300000000000000e+04,1.748332355307942731e-01,8.821599671478708160e-01
6.867400000000000000e+04,1.586003057903442870e-01,1.047065183491213247e+00
6.867500000000000000e+04,1.988784146768280969e-01,1.217639135506679793e+00
6.867600000000000000e+04,1.847932589834683781e-01,1.303867606629211195e+00
6.867700000000000000e+04,3.199119293463645874e-01,1.390700276809766933e+00
6.867800000000000000e+04,3.903742215639092183e-01,1.531319261307210411e+00
6.867900000000000000e+04,3.136789885429940306e-01,1.761001412678730560e+00
6.868000000000000000e+04,3.121208361415214738e-01,2.042109426584630683e+00
6.868100000000000000e+04,3.055712721008084776e-01,2.175312990445064543e+00
6.868200000000000000e+04,3.773561143396634843e-01,2.346764702853278095e+00
6.868300000000000000e+04,3.868250073958404700e-01,2.461969953047294268e+00
6.868400000000000000e+04,4.039715858186631037e-01,2.569362866442162385e+00
6.868500000000000000e+04,4.207739384509356917e-01,2.702801346257260207e+00
6.868600000000000000e+04,4.464381323525071221e-01,2.881185901667208782e+00
6.868700000000000000e+04,4.779477844637480266e-01,3.027338536795085133e+00
6.868800000000000000e+04,7.625617728178595289e-01,3.135658918452897126e+00
6.868900000000000000e+04,1.210657731482214450e+00,3.315595887754504645e+00
6.869000000000000000e+04,1.455755925604519385e+00,3.448330750728452188e+00
6.869100000000000000e+04,1.599256707502666464e+00,3.587542240942504179e+00
6.869200000000000000e+04,1.396567420532508041e+00,3.665642972046533998e+00
6.869300000000000000e+04,9.477143020500726767e-01,3.829539081684558255e+00
6.869400000000000000e+04,8.794550145127394414e-01,2.870841224705294792e+00
6.869500000000000000e+04,7.671713057919203882e-01,2.754289040808188815e+00
6.869600000000000000e+04,7.014192646357141347e-01,2.547670077914823139e+00
6.869700000000000000e+04,6.727659554693667943e-01,2.558251352172774773e+00
6.869800000000000000e+04,6.189529978398070620e-01,2.514419527664252030e+00
6.869900000000000000e+04,6.054602041018576353e-01,2.545652471261419691e+00
6.870000000000000000e+04,6.189132643327356353e-01,2.382927015652427372e+00
6.870100000000000000e+04,6.355662195746786258e-01,2.291349178157197741e+00
6.870200000000000000e+04,6.158507032238972334e-01,2.228842690285844697e+00
6.870300000000000000e+04,6.132464797610468477e-01,2.216521622108707845e+00
6.870400000000000000e+04,6.119304276922123975e-01,2.154258120111812502e+00
6.870500000000000000e+04,5.909286565919278367e-01,2.087030059704908069e+00
6.870600000000000000e+04,5.819404038283079172e-01,2.088490905964135891e+00
6.870700000000000000e+04,5.875352745352229178e-01,2.099811531469079284e+00
6.870800000000000000e+04,5.825042514064002752e-01,2.124471610386493126e+00
6.870900000000000000e+04,5.755310091118363003e-01,2.134561272198197912e+00
6.871000000000000000e+04,5.752154800709257110e-01,2.118657377662074737e+00
6.871100000000000000e+04,5.597691378526731265e-01,2.082861648281031819e+00
6.871200000000000000e+04,5.419295402367674264e-01,2.070072106040441895e+00
6.871300000000000000e+04,5.038964183467002922e-01,2.073755346564787772e+00
6.871400000000000000e+04,4.850118663742214453e-01,2.045696524099248848e+00
6.871500000000000000e+04,4.678089989072734545e-01,2.030581466897977805e+00
6.871600000000000000e+04,4.571520387704124944e-01,1.989326018406792684e+00
6.871700000000000000e+04,4.541259180616286084e-01,1.999855809300214560e+00
6.871800000000000000e+04,4.435460972754105002e-01,1.990419283157912389e+00
6.871900000000000000e+04,4.338514259061379552e-01,1.969508114228119666e+00
6.872000000000000000e+04,4.228490550938957537e-01,1.943791422227675980e+00
6.872100000000000000e+04,4.099708779674826054e-01,1.926916727368030990e+00
6.872200000000000000e+04,3.950877967982338035e-01,1.907757326077522464e+00
6.872300000000000000e+04,3.867753418669125920e-01,1.893815672613435197e+00
6.872400000000000000e+04,3.795235309277339986e-01,1.893485994974994924e+00
6.872500000000000000e+04,3.755877972457475900e-01,1.900565833898191670e+00
6.872600000000000000e+04,3.744842253903443718e-01,1.909785783987970831e+00
6.872700000000000000e+04,3.733790898860935292e-01,1.919540535743344378e+00
6.872800000000000000e+04,3.729247442972134507e-01,1.926662906529394093e+00
6.872900000000000000e+04,3.730202755749871257e-01,1.927509376314901601e+00
6.873000000000000000e+04,3.764335048341694856e-01,1.924795089567730599e+00
6.873100000000000000e+04,3.762923182436734293e-01,1.893165470343461720e+00
6.873200000000000000e+04,3.771554691536104231e-01,1.835046796073932285e+00
6.873300000000000000e+04,3.708471264038434856e-01,1.806531486928811603e+00
6.873400000000000000e+04,3.502456263115261148e-01,1.807939618219606359e+00
6.873500000000000000e+04,3.362103360919954653e-01,1.796677346630751515e+00
6.873600000000000000e+04,3.235226851246386093e-01,1.770929251604947297e+00
6.873700000000000000e+04,3.150725412736029574e-01,1.746778141433324549e+00
6.873800000000000000e+04,3.095081406925426770e-01,1.740629465488055416e+00
6.873900000000000000e+04,3.065855978737396237e-01,1.711624795786846676e+00
6.874000000000000000e+04,2.967482494389680481e-01,1.688310313012614472e+00
6.874100000000000000e+04,2.976472806451945230e-01,1.704734536863803385e+00
6.874200000000000000e+04,2.954723813483703387e-01,1.722053334584991546e+00
6.874300000000000000e+04,2.746665919573961223e-01,1.706609839639639858e+00
6.874400000000000000e+04,2.628816970001233155e-01,1.703490430051310511e+00
6.874500000000000000e+04,2.587132885127003679e-01,1.714283563245537323e+00
6.874600000000000000e+04,2.570048110976930755e-01,1.714625016221219767e+00
6.874700000000000000e+04,2.518658748748349163e-01,1.708147982373340312e+00
6.874800000000000000e+04,2.543960482542338419e-01,1.660111278994357065e+00
6.874900000000000000e+04,2.443807703027454925e-01,1.639018386041648512e+00
6.875000000000000000e+04,2.552133276499126135e-01,1.607351489994300664e+00
6.875100000000000000e+04,2.524461681956878256e-01,1.579514451558637234e+00
6.875200000000000000e+04,2.471391579639979907e-01,1.558190045518330180e+00
6.875300000000000000e+04,2.510187557479428011e-01,1.499170213727040846e+00
6.875400000000000000e+04,2.491781408747406612e-01,1.484726987652514651e+00
6.875500000000000000e+04,2.527197672544774232e-01,1.459202257201564379e+00
6.875600000000000000e+04,2.695085142290123970e-01,1.476315328449008035e+00
6.875700000000000000e+04,2.751154994606621607e-01,1.484899529414200003e+00
6.875800000000000000e+04,2.608865196771456008e-01,1.459816352322924615e+00
6.875900000000000000e+04,2.271014544810570635e-01,1.454072434263171232e+00
6.876000000000000000e+04,2.612464365432926039e-01,1.461986373230555358e+00
6.876100000000000000e+04,2.837624788333434900e-01,1.507315682326030526e+00
6.876200000000000000e+04,2.962700009514428467e-01,1.523262407620915582e+00
6.876300000000000000e+04,2.995091721433736920e-01,1.525331690922829608e+00
6.876400000000000000e+04,3.042404350724593476e-01,1.546467678627518438e+00
6.876500000000000000e+04,3.082044152081076516e-01,1.561857415733552301e+00
6.876600000000000000e+04,3.105323367358027165e-01,1.533969849946277719e+00
6.876700000000000000e+04,2.866489101693657227e-01,1.538316208167273658e+00
6.876800000000000000e+04,2.834045508870834951e-01,1.534000303354822847e+00
6.876900000000000000e+04,2.625571457252401375e-01,1.540890696328972354e+00
6.877000000000000000e+04,1.762087214557592207e-01,1.538107793961785319e+00
6.877100000000000000e+04,1.257844604332147564e-01,1.541011992452890667e+00
6.877200000000000000e+04,1.184435423095729634e-01,1.552633202422480707e+00
6.877300000000000000e+04,1.113460677001137933e-01,1.570247464586635999e+00
6.877400000000000000e+04,8.729921887478810094e-02,1.621404573402983829e+00
6.877500000000000000e+04,1.424400186781819566e-01,1.620046548365795758e+00
6.877600000000000000e+04,1.731580794002526846e-01,1.636109308755973046e+00
6.877700000000000000e+04,1.690429241395863813e-01,1.649394859197400365e+00
6.877800000000000000e+04,1.494412550485617330e-01,1.653388628809086214e+00
6.877900000000000000e+04,1.906567491537878023e-01,1.630636771220320469e+00
6.878000000000000000e+04,1.875625905311847363e-01,1.629030785014382587e+00
6.878100000000000000e+04,1.767229905682063673e-01,1.629090277334121595e+00
6.878200000000000000e+04,1.749224862579749906e-01,1.624819126944249348e+00
6.878300000000000000e+04,1.679957039492987747e-01,1.623254411118736584e+00
6.878400000000000000e+04,1.648539478833167260e-01,1.624370131360496572e+00
6.878500000000000000e+04,1.666383874822481570e-01,1.624426470032467762e+00
6.878600000000000000e+04,1.668693050054264326e-01,1.625135774786883758e+00
6.878700000000000000e+04,1.687612508976970016e-01,1.622782756284735228e+00
6.878800000000000000e+04,1.737264950605193758e-01,1.612738420699159292e+00
6.878900000000000000e+04,1.855556121594642005e-01,1.597349649229581559e+00
6.879000000000000000e+04,1.992569163846592550e-01,1.577744917838195704e+00
6.879100000000000000e+04,2.165470005183969815e-01,1.554170029725938207e+00
6.879200000000000000e+04,2.335929409815687696e-01,1.539490270126858462e+00
6.879300000000000000e+04,2.389455192784161186e-01,1.529528314376079834e+00
6.879400000000000000e+04,2.540502085816608857e-01,1.515590818502360548e+00
6.879500000000000000e+04,2.587841910570817250e-01,1.513017885054683376e+00
6.879600000000000000e+04,2.574088167039988995e-01,1.515511652456808633e+00
6.879700000000000000e+04,2.572177023594318657e-01,1.520595542273035505e+00
6.879800000000000000e+04,2.529244154810873502e-01,1.531140921788129106e+00
6.879900000000000000e+04,2.458984547555607969e-01,1.544514842594249870e+00
6.880000000000000000e+04,2.458411268703265817e-01,1.546514235746073496e+00
6.880100000000000000e+04,2.398182063556645316e-01,1.545749546259507667e+00
6.880200000000000000e+04,2.380060780391407838e-01,1.546373306405641301e+00
6.880300000000000000e+04,2.376487732173278300e-01,1.545972598074460080e+00
6.880400000000000000e+04,2.360624297776569847e-01,1.544043092316481847e+00
6.880500000000000000e+04,2.380077567573150588e-01,1.544544435022583428e+00
6.880600000000000000e+04,2.378965782682121166e-01,1.542746146193326950e+00
6.880700000000000000e+04,2.390852430228202763e-01,1.542785802559926367e+00
6.880800000000000000e+04,2.370118587238936037e-01,1.543590890837037932e+00
6.880900000000000000e+04,2.367403227681142974e-01,1.543485733838561913e+00
6.881000000000000000e+04,2.404254382219839226e-01,1.544814404097255789e+00
6.881100000000000000e+04,2.379289982586814955e-01,1.545714544415911718e+00
6.881200000000000000e+04,2.362302202765214354e-01,1.547164446623288114e+00
6.881300000000000000e+04,2.366209236689644779e-01,1.549763846508902532e+00
6.881400000000000000e+04,2.353359707035067028e-01,1.549163616295434309e+00
6.881500000000000000e+04,2.379064545281448784e-01,1.550122693058664680e+00
6.881600000000000000e+04,2.348160917360583855e-01,1.551261883234779759e+00
6.881700000000000000e+04,2.318134017858731466e-01,1.555683401913761088e+00
6.881800000000000000e+04,2.316649518938050378e-01,1.557539521869355070e+00
6.881900000000000000e+04,2.278495700941855218e-01,1.562248755684780832e+00
6.882000000000000000e+04,2.284021418033579665e-01,1.566547176704879973e+00
6.882100000000000000e+04,2.256268774311367686e-01,1.566645430574912012e+00
6.882200000000000000e+04,2.223260804488097764e-01,1.569210663030968789e+00
6.882300000000000000e+04,2.239403302560880882e-01,1.572448371305441128e+00
6.882400000000000000e+04,2.107332261893998804e-01,1.569934487280107760e+00
6.882500000000000000e+04,2.102131375598657870e-01,1.573314188724417306e+00
6.882600000000000000e+04,2.233074357963757972e-01,1.564364732492428800e+00
6.882700000000000000e+04,2.282216542318565577e-01,1.675845071517844787e+00
6.882800000000000000e+04,2.272997446009515088e-01,1.709737578624736187e+00
6.882900000000000000e+04,2.219977209444295718e-01,1.758656779391763791e+00
6.883000000000000000e+04,2.077998954730854997e-01,1.800828829825398714e+00
6.883100000000000000e+04,2.273154956476156896e-01,1.691938489826373626e+00
6.883200000000000000e+04,2.168170850064805588e-01,1.730310199653576575e+00
6.883300000000000000e+04,2.047446981750592476e-01,1.765137616983317059e+00
6.883400000000000000e+04,2.128434819083054597e-01,1.795995709061990908e+00
6.883500000000000000e+04,2.430056050261000522e-01,1.819168575573243629e+00
6.883600000000000000e+04,2.757352926467452892e-01,1.835424090309388134e+00
6.883700000000000000e+04,2.738904852428250547e-01,1.856905506135881012e+00
6.883800000000000000e+04,2.899395359789516680e-01,1.872538187869523085e+00
6.883900000000000000e+04,3.533930435351069210e-01,1.869449873539036133e+00
6.884000000000000000e+04,3.327090699004929819e-01,1.898087193220259650e+00
6.884100000000000000e+04,4.051206952195296473e-01,1.883131974039553569e+00
6.884200000000000000e+04,3.467727884726954923e-01,1.919277545810903263e+00
6.884300000000000000e+04,3.524302019290773136e-01,1.922291580844287751e+00
6.884400000000000000e+04,3.656899860145511605e-01,1.922808761968088476e+00
6.884500000000000000e+04,3.660742218060178965e-01,1.921336156762148306e+00
6.884600000000000000e+04,3.555983061580301752e-01,1.933043877319391868e+00
6.884700000000000000e+04,3.475878031312469307e-01,1.944152913944257932e+00
6.884800000000000000e+04,3.666332761438543808e-01,1.951570426052740004e+00
6.884900000000000000e+04,3.547910719668472268e-01,1.901603643363575458e+00
6.885000000000000000e+04,3.593995215556480827e-01,1.892478455326529030e+00
6.885100000000000000e+04,3.435084828482619090e-01,1.713621513932103824e+00
6.885200000000000000e+04,3.370171530074047572e-01,1.671469994784764879e+00
6.885300000000000000e+04,3.174818808713137375e-01,1.663639912014524214e+00
6.885400000000000000e+04,3.217567106061916538e-01,1.668679545342904191e+00
6.885500000000000000e+04,3.110466811642635943e-01,1.786641158255076078e+00
6.885600000000000000e+04,3.047160026412331635e-01,1.788422266143371075e+00
6.885700000000000000e+04,2.924670965048343785e-01,1.808037232708386455e+00
6.885800000000000000e+04,2.752918216783271088e-01,1.821412310289243663e+00
6.885900000000000000e+04,2.710815847548446178e-01,1.814377782986358767e+00
6.886000000000000000e+04,2.658831321497134859e-01,1.838288542328360364e+00
6.886100000000000000e+04,2.601636773489713894e-01,1.847248224540745554e+00
6.886200000000000000e+04,2.597874380969343311e-01,1.889712459738060346e+00
6.886300000000000000e+04,2.526358590753934874e-01,1.907170829060330419e+00
6.886400000000000000e+04,2.546556909330319196e-01,1.934444652499429651e+00
6.886500000000000000e+04,2.440985685052059206e-01,1.949841694122834923e+00
6.886600000000000000e+04,2.335296599349301894e-01,1.954659173190179899e+00
6.886700000000000000e+04,2.252315813581667325e-01,1.962447021498253008e+00
6.886800000000000000e+04,2.140995795869945761e-01,1.961739262069979617e+00
6.886900000000000000e+04,1.833778448865741595e-01,1.987759477750326909e+00
6.887000000000000000e+04,1.770725864502166735e-01,2.009587085200738699e+00
6.887100000000000000e+04,1.765591516856976073e-01,1.993414942962811409e+00
6.887200000000000000e+04,1.711640528064506950e-01,1.976856909509120186e+00
6.887300000000000000e+04,1.660829966019106152e-01,1.968631758074465665e+00
6.887400000000000000e+04,1.581226202420444038e-01,1.959109709247762510e+00
6.887500000000000000e+04,1.525716327094158442e-01,1.979005948234306089e+00
6.887600000000000000e+04,1.428496215460992314e-01,1.990729995903762983e+00
6.887700000000000000e+04,1.583542474619853979e-01,1.980160156179074704e+00
6.887800000000000000e+04,1.595418313834711110e-01,2.017470032321654116e+00
6.887900000000000000e+04,1.658851664030674689e-01,2.047967848209044206e+00
6.888000000000000000e+04,1.613350090471094844e-01,2.029219883387451517e+00
6.888100000000000000e+04,1.757252740009195291e-01,2.035650308134997033e+00
6.888200000000000000e+04,1.920335917365584011e-01,2.045337223506155766e+00
6.888300000000000000e+04,1.688338654629418512e-01,2.026895379368763628e+00
6.888400000000000000e+04,1.785615142197654881e-01,1.993018474725715805e+00
6.888500000000000000e+04,1.835105821634195056e-01,1.975075966233193370e+00
6.888600000000000000e+04,1.806072843130921701e-01,1.947864229067304720e+00
6.888700000000000000e+04,1.551769822494395157e-01,1.923828128316152686e+00
6.888800000000000000e+04,1.585725451477290049e-01,1.882657937336318810e+00
6.888900000000000000e+04,1.583566693415784654e-01,1.882097777046773501e+00
6.889000000000000000e+04,1.480331164311699532e-01,1.844120236733800766e+00
6.889100000000000000e+04,1.465091510968584143e-01,1.843253195492845720e+00
6.889200000000000000e+04,1.441626074922721934e-01,1.833250469223091983e+00
6.889300000000000000e+04,1.557432534685337377e-01,1.811503046059666389e+00
6.889400000000000000e+04,1.551594480908400631e-01,1.801355109782331709e+00
6.889500000000000000e+04,1.437460260173596127e-01,1.799425206302114333e+00
6.889600000000000000e+04,1.644641623665713814e-01,1.800051619502859523e+00
6.889700000000000000e+04,1.498396241609254720e-01,1.784134745814053957e+00
6.889800000000000000e+04,1.471648491159802119e-01,1.765394122164362756e+00
6.889900000000000000e+04,1.322740730761039485e-01,1.775072886529294180e+00
6.890000000000000000e+04,1.380772964019217341e-01,1.789030336616601602e+00
6.890100000000000000e+04,1.379559303051331731e-01,1.732838002674192524e+00
6.890200000000000000e+04,1.252923508885494530e-01,1.738664092568622976e+00
6.890300000000000000e+04,1.175087661420260721e-01,1.722136388434687859e+00
6.890400000000000000e+04,1.184776098131677252e-01,1.697700953029233517e+00
6.890500000000000000e+04,1.159127961695415043e-01,1.704425845112176319e+00
6.890600000000000000e+04,1.162499198246270127e-01,1.710191864529537753e+00
6.890700000000000000e+04,1.108544702206123028e-01,1.711751959922157340e+00
6.890800000000000000e+04,9.640618068900856652e-02,1.770920561836334173e+00
6.890900000000000000e+04,8.645440200664958330e-02,1.813516282674381586e+00
6.891000000000000000e+04,8.657964254065007859e-02,1.803138173106077602e+00
6.891100000000000000e+04,1.023283004919160744e-01,1.796698904712673794e+00
6.891200000000000000e+04,1.698283610112939768e-01,1.400851170749042751e+00
6.891300000000000000e+04,1.865117789833951600e-01,1.376833140422942137e+00
6.891400000000000000e+04,1.500401061969171002e-01,1.456538607410376329e+00
6.891500000000000000e+04,1.196586529484584965e-01,1.452289249111696989e+00
6.891600000000000000e+04,1.066275240499467980e-01,1.429511563648595995e+00
6.891700000000000000e+04,2.021496724822880453e-01,1.657833329552484969e+00
6.891800000000000000e+04,2.000076050264989747e-01,1.690991397731835377e+00
6.891900000000000000e+04,1.771631000953810542e-01,1.694933056616402922e+00
6.892000000000000000e+04,1.783468409311571024e-01,1.696531358078125606e+00
6.892100000000000000e+04,1.729353444638830894e-01,1.688707741405785612e+00
6.892200000000000000e+04,1.809561761098590071e-01,1.700383797812769160e+00
6.892300000000000000e+04,1.916172003943698854e-01,1.711546914768948824e+00
6.892400000000000000e+04,1.775516849076460846e-01,1.722440149396422981e+00
6.892500000000000000e+04,1.840940486158495759e-01,1.698806489341812664e+00
6.892600000000000000e+04,1.909548900993361109e-01,1.716728838372617361e+00
6.892700000000000000e+04,1.891832531926699035e-01,1.721674709978120887e+00
6.892800000000000000e+04,1.967304249418319329e-01,1.740986536709083765e+00
6.892900000000000000e+04,1.936854357902557666e-01,1.729381511504168856e+00
6.893000000000000000e+04,1.975117300618265404e-01,1.725857774879091977e+00
6.893100000000000000e+04,1.856064242888274263e-01,1.713912387201816045e+00
6.893200000000000000e+04,1.801452373167526655e-01,1.709355545954146294e+00
6.893300000000000000e+04,1.799006595863587299e-01,1.709272033193904861e+00
6.893400000000000000e+04,2.310318600702257474e-01,1.793705338279156791e+00
6.893500000000000000e+04,2.348482149635800487e-01,1.828831140317401349e+00
6.893600000000000000e+04,2.325947332572225468e-01,1.812014186430715768e+00
6.893700000000000000e+04,2.339032094231167924e-01,1.825307721800900396e+00
6.893800000000000000e+04,2.295864317315897130e-01,1.801937572874148685e+00
6.893900000000000000e+04,2.417783488766734323e-01,1.855855417984475508e+00
6.894000000000000000e+04,2.480817281956117226e-01,1.906586682325450255e+00
6.894100000000000000e+04,2.394661632442643129e-01,1.865669361895609057e+00
6.894200000000000000e+04,2.339537067652285307e-01,1.816771998795854159e+00
6.894300000000000000e+04,2.281591637892318725e-01,1.801754073467865425e+00
6.894400000000000000e+04,2.266880029281201914e-01,1.797905214120305573e+00
6.894500000000000000e+04,2.291744680082981045e-01,1.790260690380481634e+00
6.894600000000000000e+04,2.298258095420406266e-01,1.781775425228417475e+00
6.894700000000000000e+04,2.336665670752477997e-01,1.769053867484153386e+00
6.894800000000000000e+04,2.351491190708006329e-01,1.769106736468327057e+00
6.894900000000000000e+04,2.416417164963841069e-01,1.768155914646335702e+00
6.895000000000000000e+04,2.338854477035131607e-01,1.775572460431984467e+00
6.895100000000000000e+04,2.349771826115872042e-01,1.776096940368535826e+00
6.895200000000000000e+04,2.372742776582964230e-01,1.775262873291055143e+00
6.895300000000000000e+04,2.431855283905998422e-01,1.774612448261596143e+00
6.895400000000000000e+04,2.528064704380397210e-01,1.774234200256920246e+00
6.895500000000000000e+04,2.417263702827193994e-01,1.773427394595952222e+00
6.895600000000000000e+04,2.454166899395150980e-01,1.777870217056968016e+00
6.895700000000000000e+04,2.434919431263297407e-01,1.775820726780743541e+00
6.895800000000000000e+04,2.472321424391670797e-01,1.779450957254177013e+00
6.895900000000000000e+04,2.600757760667716245e-01,1.777948966920142482e+00
6.896000000000000000e+04,2.446528478714181387e-01,1.772166730110114941e+00
6.896100000000000000e+04,2.510138789258066772e-01,1.775873187273862897e+00
6.896200000000000000e+04,2.493671752804923480e-01,1.768224766940079462e+00
6.896300000000000000e+04,2.563938274496946335e-01,1.767191260695952337e+00
6.896400000000000000e+04,2.694557103179038293e-01,1.770961104971799926e+00
6.896500000000000000e+04,2.562309388238206420e-01,1.763480208654538473e+00
6.896600000000000000e+04,2.549703408077527711e-01,1.762763413651150302e+00
6.896700000000000000e+04,2.510355386184323079e-01,1.758432858334856519e+00
6.896800000000000000e+04,2.505504482888259443e-01,1.757916723219292265e+00
6.896900000000000000e+04,2.520502994485497861e-01,1.757442473098482338e+00
6.897000000000000000e+04,2.495542340540604642e-01,1.757127301370832839e+00
6.897100000000000000e+04,2.397918785439057399e-01,1.758597857497147032e+00
6.897200000000000000e+04,2.337223543195289244e-01,1.780393941015830706e+00
6.897300000000000000e+04,2.290400560258125107e-01,1.805935531399772032e+00
6.897400000000000000e+04,2.293829750871858308e-01,1.835166895585032876e+00
6.897500000000000000e+04,2.346693348479384766e-01,1.855272354252996081e+00
6.897600000000000000e+04,2.310941557951364245e-01,1.863901008211648502e+00
6.897700000000000000e+04,1.882485438573311132e-01,1.733124041308357732e+00
6.897800000000000000e+04,1.968227939730788356e-01,1.739804653158781633e+00
6.897900000000000000e+04,1.902029081358521112e-01,1.714594672366690276e+00
6.898000000000000000e+04,1.961502170448655713e-01,1.715845605655772488e+00
6.898100000000000000e+04,2.023957482112979378e-01,1.676769991500602686e+00
6.898200000000000000e+04,2.006033651897320691e-01,1.710032720676107232e+00
6.898300000000000000e+04,1.987345147402349577e-01,1.633815844384489679e+00
6.898400000000000000e+04,1.947280916873561363e-01,1.630004100309839998e+00
6.898500000000000000e+04,1.892558916816083070e-01,1.359830342934280623e+00
6.898600000000000000e+04,1.891383467323518863e-01,1.332495980709655470e+00
6.898700000000000000e+04,1.906065740057306668e-01,1.227698690564562156e+00
6.898800000000000000e+04,2.020597118000487247e-01,1.127718473728592130e+00
6.898900000000000000e+04,1.943062069217625365e-01,1.022916161640686994e+00
6.899000000000000000e+04,1.978948185654956504e-01,9.073777501886688412e-01
6.899100000000000000e+04,2.085419940723189092e-01,8.312257216248326586e-01
6.899200000000000000e+04,2.239606358471332159e-01,7.311024340674059374e-01
6.899300000000000000e+04,2.105091585765099249e-01,6.692039691943172386e-01
6.899400000000000000e+04,2.269336813850968693e-01,5.705347883975981915e-01
6.899500000000000000e+04,2.158697153589603790e-01,5.328776604108398374e-01
6.899600000000000000e+04,2.326937694701942116e-01,4.719006138380521520e-01
6.899700000000000000e+04,2.471991166618224545e-01,3.965820913884456900e-01
6.899800000000000000e+04,2.460226003689857943e-01,3.516268524993435562e-01
6.899900000000000000e+04,2.307330209567905466e-01,3.794655738897283470e-01
6.900000000000000000e+04,2.367747983747425233e-01,3.378357645112224361e-01
6.900100000000000000e+04,2.444688477206156674e-01,4.742805887247847352e-01
6.900200000000000000e+04,2.643620528240899215e-01,5.013702729183044937e-01
6.900300000000000000e+04,2.342533007503073972e-01,7.196059107251002729e-01
6.900400000000000000e+04,2.132148270476671159e-01,1.075504624863782510e+00
6.900500000000000000e+04,2.095281141626417210e-01,1.072057405100977689e+00
6.900600000000000000e+04,2.061400282111637561e-01,1.083126851090483456e+00
6.900700000000000000e+04,2.051602390111649798e-01,1.073517197514586741e+00
6.900800000000000000e+04,2.085925398361940519e-01,1.043447662350494909e+00
6.900900000000000000e+04,2.064776046605897308e-01,1.036782115921297986e+00
6.901000000000000000e+04,1.996267316451584561e-01,1.046761523539085914e+00
6.901100000000000000e+04,2.102913575077986208e-01,1.052602976603555618e+00
6.901200000000000000e+04,2.368577410810111528e-01,1.049670908897819999e+00
6.901300000000000000e+04,2.383994546113978041e-01,9.985468874645171411e-01
6.901400000000000000e+04,1.815989163557275854e-01,1.003783561996403506e+00
6.901500000000000000e+04,3.251400933141527227e-01,1.180311665324758508e+00
6.901600000000000000e+04,3.297332404792455152e-01,1.165965593856732596e+00
6.901700000000000000e+04,3.217050506217669081e-01,1.161118141587124342e+00
6.901800000000000000e+04,3.223790411468197004e-01,1.155471883178471160e+00
6.901900000000000000e+04,3.250397495745818155e-01,1.141642750285257080e+00
6.902000000000000000e+04,3.271058165944158991e-01,1.124243653977604396e+00
6.902100000000000000e+04,3.259302571663381665e-01,1.118570852740681687e+00
6.902200000000000000e+04,3.204665876754911880e-01,1.113720339281542238e+00
6.902300000000000000e+04,3.227349082112661582e-01,1.111236172451196325e+00
6.902400000000000000e+04,3.283628659623422652e-01,1.118439851617853975e+00
6.902500000000000000e+04,3.291833522909149989e-01,1.124227793531588304e+00
6.902600000000000000e+04,3.212234266257343318e-01,1.109331304479130864e+00
6.902700000000000000e+04,3.214679031269770393e-01,1.112173788998394031e+00
6.902800000000000000e+04,3.212282053742351873e-01,1.116389502033200642e+00
6.902900000000000000e+04,3.389225794061934138e-01,1.138167624743054773e+00
6.903000000000000000e+04,3.421807053819319600e-01,1.151595287506104626e+00
6.903100000000000000e+04,3.459211202140310970e-01,1.148734718395648002e+00
6.903200000000000000e+04,3.453438782588404976e-01,1.146755365972275342e+00
6.903300000000000000e+04,3.461671330590754270e-01,1.145764537815843198e+00
6.903400000000000000e+04,3.450686379262991599e-01,1.146213205621709363e+00
6.903500000000000000e+04,3.461352370339968454e-01,1.147777533514087622e+00
6.903600000000000000e+04,3.461347126213039638e-01,1.145965485754647517e+00
6.903700000000000000e+04,4.486403859083586410e-01,1.179194510264302664e+00
6.903800000000000000e+04,3.602912474725293857e-01,1.147412639228587494e+00
6.903900000000000000e+04,3.542937566508555514e-01,1.149381576560976725e+00
6.904000000000000000e+04,3.505945370527455140e-01,1.144089250851767048e+00
6.904100000000000000e+04,3.499687390391537090e-01,1.133887152740562954e+00
6.904200000000000000e+04,3.501225752004032410e-01,1.132987171367865642e+00
6.904300000000000000e+04,3.481375829327854055e-01,1.128459848752374484e+00
6.904400000000000000e+04,3.496001461999926896e-01,1.130232997374140069e+00
6.904500000000000000e+04,3.479399088209766955e-01,1.129510480610765200e+00
6.904600000000000000e+04,3.481959383786040751e-01,1.130130513725109864e+00
6.904700000000000000e+04,3.495637329833032880e-01,1.130176346171769097e+00
6.904800000000000000e+04,3.480971502025483333e-01,1.128432029256238422e+00
6.904900000000000000e+04,3.495472767229364508e-01,1.130238385620302211e+00
6.905000000000000000e+04,3.179194766722601151e-01,1.135228389963923945e+00
6.905100000000000000e+04,3.121202490120847939e-01,1.135674937096311510e+00
6.905200000000000000e+04,3.080671366402239486e-01,1.135188814470648566e+00
6.905300000000000000e+04,3.061079194966284667e-01,1.134535246489722482e+00
6.905400000000000000e+04,3.212632837192330171e-01,1.137872401577151749e+00
6.905500000000000000e+04,3.061157415047416896e-01,1.130339045259173503e+00
6.905600000000000000e+04,3.005157858372615176e-01,1.128455575461341454e+00
6.905700000000000000e+04,2.992091227444801937e-01,1.124603671699180296e+00
6.905800000000000000e+04,3.013144805793475656e-01,1.124979242840772997e+00
6.905900000000000000e+04,3.089635103472908040e-01,1.128499829175751756e+00
6.906000000000000000e+04,2.984059616781022939e-01,1.127133082672862940e+00
6.906100000000000000e+04,2.824724956843998602e-01,1.130919938105158451e+00
6.906200000000000000e+04,2.722961600969015517e-01,1.127437163015471810e+00
6.906300000000000000e+04,2.590666227800396682e-01,1.132232858320950442e+00
6.906400000000000000e+04,2.742666797243382137e-01,1.135322620446338249e+00
6.906500000000000000e+04,3.013369686528842295e-01,1.139869004668646824e+00
6.906600000000000000e+04,2.962147188521506713e-01,1.138208068732609490e+00
6.906700000000000000e+04,2.957512805138816092e-01,1.138301014832652669e+00
6.906800000000000000e+04,3.030297461296185269e-01,1.139924966221329328e+00
6.906900000000000000e+04,3.043610015359128340e-01,1.148124672295356419e+00
6.907000000000000000e+04,3.427017012082630432e-01,1.155316306844913044e+00
6.907100000000000000e+04,3.494194794866770648e-01,1.163855467959042045e+00
6.907200000000000000e+04,3.415818264675314908e-01,1.156831113877288431e+00
6.907300000000000000e+04,3.421087476440943242e-01,1.155430552476040873e+00
6.907400000000000000e+04,3.354783997047631749e-01,1.155103678279875368e+00
6.907500000000000000e+04,3.361055923188128736e-01,1.154102515657836392e+00
6.907600000000000000e+04,3.353988472196207105e-01,1.154557285868829553e+00
6.907700000000000000e+04,3.347974342809136861e-01,1.154248188067260372e+00
6.907800000000000000e+04,3.352049797169219802e-01,1.153617315673695742e+00
6.907900000000000000e+04,3.354188352706261034e-01,1.155169189275795816e+00
6.908000000000000000e+04,3.435954174947323803e-01,1.131517392795316823e+00
6.908100000000000000e+04,3.564067437873150168e-01,1.124411782974004126e+00
6.908200000000000000e+04,3.409663820962423042e-01,1.126171039074737479e+00
6.908300000000000000e+04,3.687071977206745066e-01,1.122696009509869697e+00
6.908400000000000000e+04,3.734667634199793640e-01,1.129801662045530009e+00
6.908500000000000000e+04,3.797705641541680444e-01,1.119052982831863829e+00
6.908600000000000000e+04,3.791746652274208262e-01,1.131536313381467096e+00
6.908700000000000000e+04,3.550990827609561973e-01,1.025090561461585281e+00
6.908800000000000000e+04,3.643414056065550910e-01,9.939620952913017504e-01
6.908900000000000000e+04,3.730592711727110378e-01,9.837643061400136446e-01
6.909000000000000000e+04,3.626541593586023460e-01,1.003932053846902761e+00
6.909100000000000000e+04,3.438950116591427131e-01,1.011814488327253514e+00
6.909200000000000000e+04,3.380453663709901968e-01,9.907373601023614640e-01
6.909300000000000000e+04,3.455919215912407472e-01,1.036279089195168979e+00
6.909400000000000000e+04,3.514497036175067701e-01,1.060056644873363041e+00
6.909500000000000000e+04,3.531138181424382516e-01,1.075801770674168267e+00
6.909600000000000000e+04,3.467882710360847276e-01,1.059188562389188348e+00
6.909700000000000000e+04,3.526831927026256586e-01,1.049506543083719379e+00
6.909800000000000000e+04,3.513917506085017517e-01,9.366240838623589582e-01
6.909900000000000000e+04,3.309594386776441577e-01,8.863868671679533406e-01
6.910000000000000000e+04,3.374514863081381488e-01,9.081595941844575748e-01
6.910100000000000000e+04,3.413356289929714849e-01,9.183302040279919254e-01
6.910200000000000000e+04,3.504407217285529508e-01,8.938038851390892603e-01
6.910300000000000000e+04,3.637110915904793185e-01,9.208341829098394271e-01
6.910400000000000000e+04,2.896271273224159115e-01,8.390580337369257791e-01
6.910500000000000000e+04,3.259368887758913313e-01,8.583082581089840346e-01
6.910600000000000000e+04,3.382391884780602820e-01,8.807827268602252957e-01
6.910700000000000000e+04,3.460794595087220982e-01,8.555635767530134217e-01
6.910800000000000000e+04,5.028860778103670937e-01,9.312632237208440245e-01
6.910900000000000000e+04,5.137024274388505285e-01,8.453785400626010471e-01
6.911000000000000000e+04,5.134984084324160092e-01,7.721708808227809584e-01
6.911100000000000000e+04,5.102506018015695588e-01,6.918573594587620335e-01
6.911200000000000000e+04,5.233229295802106495e-01,6.677245203352093483e-01
6.911300000000000000e+04,4.630857733695784573e-01,8.109435354072047630e-01
6.911400000000000000e+04,4.299822943239469120e-01,7.047866141740151136e-01
6.911500000000000000e+04,5.093306603257620191e-01,8.929638569741200627e-01
6.911600000000000000e+04,5.070009967101480886e-01,8.902284426291053876e-01
6.911700000000000000e+04,5.044057144334938014e-01,8.852190666860160206e-01
6.911800000000000000e+04,5.106024922195973037e-01,8.659197752422294059e-01
6.911900000000000000e+04,5.035711118974094402e-01,8.718365133049772453e-01
6.912000000000000000e+04,5.179877148284250943e-01,8.442349532186774752e-01
6.912100000000000000e+04,4.735622366654473336e-01,8.363651727541494552e-01
6.912200000000000000e+04,4.326498970570785696e-01,9.220368574507489257e-01
6.912300000000000000e+04,3.370873379176520523e-01,9.266313568738091533e-01
6.912400000000000000e+04,3.385601542734367198e-01,9.117915883041689540e-01
6.912500000000000000e+04,3.763748465314354363e-01,8.716222169929572772e-01
6.912600000000000000e+04,3.634727382908398141e-01,8.493341087660724043e-01
6.912700000000000000e+04,3.644818828459027160e-01,8.439283155368819678e-01
6.912800000000000000e+04,3.640254510028799739e-01,8.301977024062203725e-01
6.912900000000000000e+04,3.638060425087047967e-01,8.219417033877931544e-01
6.913000000000000000e+04,3.648152620238603316e-01,8.192503216144366718e-01
6.913100000000000000e+04,3.643127359935877108e-01,8.310026968271664316e-01
6.913200000000000000e+04,3.647051611498853263e-01,8.272770017209936100e-01
6.913300000000000000e+04,3.646698999242145023e-01,8.183434761407575309e-01
6.913400000000000000e+04,3.593832047163554311e-01,8.159992106180737892e-01
6.913500000000000000e+04,3.571560912787481445e-01,8.207879004240474785e-01
6.913600000000000000e+04,4.668113412189209277e-01,6.326311066105603231e-01
6.913700000000000000e+04,4.999008122732039872e-01,6.513913802420283616e-01
6.913800000000000000e+04,5.454929414037711366e-01,6.017726948148265365e-01
6.913900000000000000e+04,5.458276511674150511e-01,6.288128110363970791e-01
6.914000000000000000e+04,4.947103422165846642e-01,6.232167313042218382e-01
6.914100000000000000e+04,5.234775230100927601e-01,6.061770253271383524e-01
6.914200000000000000e+04,5.320051447492916141e-01,6.006437750310595902e-01
6.914300000000000000e+04,5.303131622141682433e-01,5.902872275097408306e-01
6.914400000000000000e+04,5.285855126503725687e-01,5.868033535924048749e-01
6.914500000000000000e+04,4.729380182084338968e-01,5.784108134427334846e-01
6.914600000000000000e+04,4.739268392598094959e-01,5.762962353647758107e-01
6.914700000000000000e+04,4.628849009270057935e-01,5.998932900332611950e-01
6.914800000000000000e+04,4.996444691957149242e-01,6.653669730643336777e-01
6.914900000000000000e+04,5.085634285260863807e-01,6.879074041971584563e-01
6.915000000000000000e+04,4.707671987081074039e-01,6.556535176496041117e-01
6.915100000000000000e+04,4.730066678200270935e-01,6.589405768556915177e-01
6.915200000000000000e+04,4.819092332727972217e-01,6.779636954135739302e-01
6.915300000000000000e+04,4.549838637274489783e-01,6.754149689367174858e-01
6.915400000000000000e+04,4.173284914837870896e-01,6.653520218506194794e-01
6.915500000000000000e+04,4.285538238233012054e-01,6.620606875693120230e-01
6.915600000000000000e+04,4.397260853808260261e-01,6.621824071313824334e-01
6.915700000000000000e+04,4.325643655690248890e-01,6.558820907476174966e-01
6.915800000000000000e+04,4.423844309875891168e-01,6.525790474886541404e-01
6.915900000000000000e+04,4.333791557373203318e-01,6.477473268683908714e-01
6.916000000000000000e+04,4.269131707823720090e-01,6.524298119546187991e-01
6.916100000000000000e+04,4.409661794608893404e-01,6.352054019991655309e-01
6.916200000000000000e+04,4.533808436181994694e-01,6.306247045856281375e-01
6.916300000000000000e+04,4.449536397407732879e-01,6.269387449573322613e-01
6.916400000000000000e+04,4.361726047825175701e-01,6.204014509816602185e-01
6.916500000000000000e+04,4.393659035945832181e-01,6.067435929263709227e-01
6.916600000000000000e+04,4.361686798611315585e-01,6.011617781199767307e-01
6.916700000000000000e+04,4.368848134077684686e-01,5.961990628356019783e-01
6.916800000000000000e+04,4.290399589912873846e-01,5.969438858480522470e-01
6.916900000000000000e+04,4.298623686958848999e-01,5.952175838973516875e-01
6.917000000000000000e+04,4.259662839421106129e-01,5.863652453153065380e-01
6.917100000000000000e+04,4.486944686289591755e-01,5.868365914854436483e-01
6.917200000000000000e+04,4.613846246806908580e-01,5.820106098225572566e-01
6.917300000000000000e+04,4.878609526964414744e-01,5.892420519167380633e-01
6.917400000000000000e+04,4.887545564041652635e-01,5.763028589003624802e-01
6.917500000000000000e+04,4.833857756460298583e-01,5.439225225906341166e-01
6.917600000000000000e+04,4.935621280504061681e-01,5.175460938795630739e-01
6.917700000000000000e+04,4.793695298210764455e-01,4.979688679048450695e-01
6.917800000000000000e+04,4.591348656415716878e-01,5.075706060425737576e-01
6.917900000000000000e+04,4.666127391314082717e-01,4.778703000122099809e-01
6.918000000000000000e+04,4.716502942235364926e-01,4.821668510646013317e-01
6.918100000000000000e+04,4.539479801152699334e-01,4.896795679278120872e-01
6.918200000000000000e+04,4.435294908386764323e-01,5.036174941610411793e-01
6.918300000000000000e+04,4.589605558007182617e-01,6.192972567187702282e-01
6.918400000000000000e+04,4.641183658427068814e-01,6.355890327220201641e-01
6.918500000000000000e+04,4.487584448191985209e-01,6.532310534283141124e-01
6.918600000000000000e+04,4.695832366363005828e-01,6.137108275842031446e-01
6.918700000000000000e+04,4.810192741492690383e-01,5.866131766818867277e-01
6.918800000000000000e+04,4.875091813481143843e-01,5.194212113832676891e-01
6.918900000000000000e+04,4.787901500858234294e-01,5.193819711998202138e-01
6.919000000000000000e+04,4.666602195180021284e-01,5.216918521385949248e-01
6.919100000000000000e+04,4.367172576940134832e-01,5.701395782123768186e-01
6.919200000000000000e+04,4.323262016741167835e-01,5.960169343230319328e-01
6.919300000000000000e+04,4.298236362694313750e-01,5.794634718406861396e-01
6.919400000000000000e+04,4.344286735868730931e-01,5.404854460836645558e-01
6.919500000000000000e+04,4.733036959700330226e-01,5.612119854112549433e-01
6.919600000000000000e+04,4.910457694244210192e-01,4.594927918888451757e-01
6.919700000000000000e+04,4.699852415711601172e-01,4.507414901593769230e-01
6.919800000000000000e+04,4.626681391592843973e-01,4.333351196166006503e-01
6.919900000000000000e+04,4.877882275936277767e-01,3.080341800376089623e-01
6.920000000000000000e+04,5.040887153232065376e-01,2.926371387142303604e-01
6.920100000000000000e+04,4.993797174656530724e-01,2.163864434746542997e-01
6.920200000000000000e+04,4.803074010539491456e-01,1.891510584711788567e-01
6.920300000000000000e+04,4.570966697182303196e-01,1.374276731136703233e-01
6.920400000000000000e+04,4.429208961259985533e-01,7.592564691143621758e-02
6.920500000000000000e+04,4.359688804868904199e-01,4.024873896861080880e-02
6.920600000000000000e+04,4.157761426164250373e-01,7.328847331754673178e-02
6.920700000000000000e+04,4.220383858523940601e-01,8.829413611734437950e-02
6.920800000000000000e+04,4.286118173028763967e-01,7.200486672794070842e-02
6.920900000000000000e+04,4.192988363635978821e-01,7.372514622327486222e-02
6.921000000000000000e+04,4.074245068552373450e-01,9.866518165367565985e-02
6.921100000000000000e+04,3.264218964435661174e-01,1.790271382386130483e-01
6.921200000000000000e+04,3.331875189205562582e-01,1.970106681451504471e-01
6.921300000000000000e+04,3.450213087594485306e-01,1.755002695484790820e-01
6.921400000000000000e+04,3.524274987980758889e-01,1.926976005934903924e-01
6.921500000000000000e+04,3.749411043729263815e-01,2.098988761938116454e-01
6.921600000000000000e+04,3.549014539506323285e-01,2.060468682788574313e-01
6.921700000000000000e+04,3.597921310734369937e-01,1.967310602651188844e-01
6.921800000000000000e+04,3.629336991365158527e-01,1.907756262546129733e-01
6.921900000000000000e+04,3.792074803306034192e-01,1.638886258828335940e-01
6.922000000000000000e+04,4.087237101250371651e-01,1.683955946229183098e-01
6.922100000000000000e+04,3.967677705866423654e-01,1.620708701219406578e-01
6.922200000000000000e+04,3.976478870890834960e-01,1.521708439771778387e-01
6.922300000000000000e+04,3.903455379319611396e-01,1.641242051214568676e-01
6.922400000000000000e+04,3.972468994430813360e-01,1.413190825510142190e-01
6.922500000000000000e+04,4.004014215450149017e-01,1.508057743560229369e-01
6.922600000000000000e+04,3.959551325275553202e-01,1.592550665920811070e-01
6.922700000000000000e+04,4.001090104662184954e-01,1.670627312876682424e-01
6.922800000000000000e+04,3.951593241197713380e-01,1.621987125675872221e-01
6.922900000000000000e+04,2.954447032500168158e-01,9.255169506804961088e-02
6.923000000000000000e+04,2.891588713474260719e-01,1.080402936573285899e-01
6.923100000000000000e+04,3.481205258669614055e-01,9.755824559558945452e-02
6.923200000000000000e+04,3.927744063765060134e-01,9.728566842115782265e-02
6.923300000000000000e+04,3.909055609522101848e-01,1.006518688447712861e-01
6.923400000000000000e+04,3.848628739694086032e-01,1.173677081745019279e-01
6.923500000000000000e+04,3.786118450551946846e-01,1.092968872218946785e-01
6.923600000000000000e+04,3.332486267964015481e-01,1.006608446514860589e-01
6.923700000000000000e+04,2.960347632439153109e-01,8.998909740639504662e-02
6.923800000000000000e+04,3.734716232688668480e-01,1.120308926547934902e-01
6.923900000000000000e+04,3.734945920337889302e-01,1.068650090984171186e-01
6.924000000000000000e+04,3.786550407261652373e-01,9.661370937851998519e-02
6.924100000000000000e+04,3.696744701810810718e-01,2.602748183345582333e-02
6.924200000000000000e+04,3.629009224210714701e-01,2.914685409515271886e-02
6.924300000000000000e+04,3.586276370023839255e-01,5.180714516449924645e-02
6.924400000000000000e+04,3.600904141552770388e-01,6.098416259417405172e-02
6.924500000000000000e+04,5.310973738615037965e-01,6.260162306788075171e-02
6.924600000000000000e+04,6.377069081919239935e-01,7.918375170850211475e-02
6.924700000000000000e+04,4.298797631964977328e-01,7.399688586723840444e-02
6.924800000000000000e+04,3.237933643787800908e-01,2.808350955629634882e-02
6.924900000000000000e+04,3.483418401320264590e-01,6.112906792663963529e-02
6.925000000000000000e+04,3.463644180976047093e-01,6.450127869169364203e-02
6.925100000000000000e+04,3.360783700752257852e-01,8.419619526151222999e-02
6.925200000000000000e+04,3.328927173495860870e-01,8.093611435175063207e-02
6.925300000000000000e+04,3.321782722574910252e-01,9.358175829675730029e-02
6.925400000000000000e+04,3.267510726667772758e-01,9.727780079569470217e-02
6.925500000000000000e+04,3.133916815578485227e-01,1.279704728528052726e-01
6.925600000000000000e+04,2.939241387651644333e-01,1.062432899613980908e-01
6.925700000000000000e+04,2.870603378823938234e-01,1.068720463177754709e-01
6.925800000000000000e+04,3.232840770348016646e-01,1.035998261804991216e-01
6.925900000000000000e+04,3.322067227824303526e-01,1.051135649458636578e-01
6.926000000000000000e+04,3.291490990816197670e-01,9.759558298759429817e-02
6.926100000000000000e+04,3.684877266078854241e-01,3.454097174618198096e-02
6.926200000000000000e+04,3.703047992516446674e-01,2.457027487907481600e-02
6.926300000000000000e+04,3.657135835638946619e-01,3.706850571829178875e-02
6.926400000000000000e+04,3.261526440273073146e-01,1.304309423527314493e-01
6.926500000000000000e+04,3.241477354117796583e-01,1.972993864115437646e-01
6.926600000000000000e+04,3.345954984253992071e-01,1.703081756740090213e-01
6.926700000000000000e+04,3.466982558498556410e-01,7.685660798361482193e-02
6.926800000000000000e+04,3.474973664856067512e-01,1.539089215758124851e-01
6.926900000000000000e+04,3.369078577182976764e-01,1.975027434837741680e-01
6.927000000000000000e+04,3.449219038342901666e-01,1.517330071852178719e-01
6.927100000000000000e+04,3.665748391496413960e-01,6.300237666341246268e-02
6.927200000000000000e+04,3.672243839662752696e-01,6.866722769452593411e-02
6.927300000000000000e+04,3.714341961938157910e-01,2.172530308057574189e-02
6.927400000000000000e+04,3.544909518030816553e-01,9.657259564797016083e-04
6.927500000000000000e+04,3.386665366909102359e-01,4.402186803461205500e-02
6.927600000000000000e+04,3.422752539737235478e-01,3.666997960519680078e-02
6.927700000000000000e+04,3.447168051620587703e-01,2.227139503693820188e-02
6.927800000000000000e+04,3.417259805752929092e-01,1.228511526136344401e-03
6.927900000000000000e+04,3.416212303109456561e-01,1.813297327716156815e-02
6.928000000000000000e+04,3.172287682478199811e-01,7.656280823493588628e-02
6.928100000000000000e+04,3.158199114124682905e-01,8.012953317064486214e-02
6.928200000000000000e+04,3.313491462504214446e-01,9.805931242344101406e-02
6.928300000000000000e+04,3.344918656672375423e-01,7.423917962375981006e-02
6.928400000000000000e+04,3.262521028740225648e-01,4.790696216295486920e-02
6.928500000000000000e+04,3.366952787622187748e-01,2.276237482131904244e-02
6.928600000000000000e+04,3.135307656539360610e-01,9.537553125682407540e-02
6.928700000000000000e+04,3.055040074884318169e-01,1.096844103540099979e-01
6.928800000000000000e+04,2.989928826844882592e-01,1.326384640474458365e-01
6.928900000000000000e+04,2.906706049767650013e-01,2.162436799354114925e-01
6.929000000000000000e+04,3.309880370752444900e-01,8.018104279613424978e-02
6.929100000000000000e+04,3.486349079049956834e-01,4.021386395455905927e-03
6.929200000000000000e+04,3.113953988631507075e-01,1.816043173457870807e-02
6.929300000000000000e+04,3.106830573989218802e-01,1.883169337692436329e-02
6.929400000000000000e+04,3.217619090743171761e-01,5.722607211707142483e-03
6.929500000000000000e+04,3.409384586786770033e-01,2.196598892647294576e-02
6.929600000000000000e+04,3.497853042529533996e-01,4.006292422498880512e-02
6.929700000000000000e+04,3.530278965809893199e-01,3.610380693327108759e-02
6.929800000000000000e+04,3.501657502053777682e-01,6.576640477369011251e-02
6.929900000000000000e+04,3.632032841206802587e-01,7.786353455775341104e-02
6.930000000000000000e+04,3.817070835394324457e-01,1.150794249766491362e-01
6.930100000000000000e+04,3.442307945601327801e-01,1.246836824383557030e-02
6.930200000000000000e+04,3.446464848425948579e-01,5.890192007816530406e-02
6.930300000000000000e+04,3.350906979392326290e-01,8.749532045154495563e-02
6.930400000000000000e+04,3.521691505127977906e-01,8.179804322489303559e-02
6.930500000000000000e+04,3.453864043248220383e-01,9.521178605937130612e-02
6.930600000000000000e+04,3.534381283016106434e-01,8.922425639829967281e-02
6.930700000000000000e+04,3.560124382953148703e-01,8.701291040036984725e-02
6.930800000000000000e+04,3.539406779920993285e-01,7.692107975216444515e-02
6.930900000000000000e+04,3.418802483196016206e-01,7.232997928241147179e-02
6.931000000000000000e+04,2.623226538162780064e-01,3.470509175232550092e-02
6.931100000000000000e+04,1.987127689564793520e-01,4.020033079751961225e-02
6.931200000000000000e+04,1.949946950837217197e-01,9.126758291297853987e-02
6.931300000000000000e+04,2.175073191826084607e-01,1.037965200908157470e-01
6.931400000000000000e+04,2.243404053864156422e-01,1.536577839274038126e-01
6.931500000000000000e+04,2.508453583413485788e-01,7.169956811748967596e-02
6.931600000000000000e+04,2.504444243967552386e-01,2.476959038056314455e-02
6.931700000000000000e+04,2.385655631250777897e-01,9.688719868723616457e-02
6.931800000000000000e+04,2.197354917966461985e-01,1.577829630088913859e-01
6.931900000000000000e+04,5.962247652748769305e-02,5.633923020485198663e-02
6.932000000000000000e+04,2.973325885434046634e-01,1.912429140495408575e-01
6.932100000000000000e+04,2.983682662900257743e-01,3.126477593972332159e-01
6.932200000000000000e+04,3.421956727350614624e-01,4.032858857447791934e-01
6.932300000000000000e+04,3.569810131072719273e-01,4.182379537840006378e-01
6.932400000000000000e+04,4.016639072515637010e-01,5.066073051391395410e-01
6.932500000000000000e+04,3.739854123653185702e-01,4.314524175625180646e-01
6.932600000000000000e+04,3.545672901452160963e-01,3.741150058983020443e-01
6.932700000000000000e+04,3.429434573726048985e-01,3.159048090651719320e-01
6.932800000000000000e+04,3.408022421560308324e-01,3.058971800616561154e-01
6.932900000000000000e+04,3.574893069317594541e-01,3.447353469676901483e-01
6.933000000000000000e+04,3.611562898014605838e-01,3.350506394655319298e-01
6.933100000000000000e+04,3.483189414913545057e-01,3.977393512920812668e-01
6.933200000000000000e+04,2.969494413547398293e-01,4.096519952125614594e-01
6.933300000000000000e+04,2.312248551135842878e-01,4.157341909760141618e-01
6.933400000000000000e+04,2.591325574394343079e-01,4.874670889753414116e-01
6.933500000000000000e+04,2.594277200916655368e-01,4.457737988531960127e-01
6.933600000000000000e+04,2.546833474887467696e-01,4.112503272875667193e-01
6.933700000000000000e+04,2.502746646529529495e-01,3.800293609075637846e-01
6.933800000000000000e+04,2.427268351113578693e-01,3.807077506252252164e-01
6.933900000000000000e+04,2.361247754454517678e-01,3.833096367892103729e-01
6.934000000000000000e+04,2.344631661314016680e-01,3.662996134759524125e-01
6.934100000000000000e+04,2.356581106042396623e-01,3.534720833846467514e-01
6.934200000000000000e+04,2.367227383604673108e-01,3.385323982345660454e-01
6.934300000000000000e+04,2.293930376813470562e-01,3.130925754990041554e-01
6.934400000000000000e+04,2.275894945851820450e-01,3.142288992102155731e-01
6.934500000000000000e+04,2.258334359056383134e-01,3.139450332222999407e-01
6.934600000000000000e+04,2.263056363595731535e-01,3.126452812725641905e-01
6.934700000000000000e+04,2.262526109826207832e-01,3.103418926332874861e-01
6.934800000000000000e+04,2.252294743550666278e-01,3.068216936780405746e-01
6.934900000000000000e+04,2.157044580143593349e-01,2.862382152298366123e-01
6.935000000000000000e+04,2.139506621156282151e-01,2.856851620833431582e-01
6.935100000000000000e+04,2.158835653043903180e-01,2.882046982143986469e-01
6.935200000000000000e+04,2.167958687928934758e-01,2.877746360951736193e-01
6.935300000000000000e+04,2.229043697868438312e-01,2.817897021143256353e-01
6.935400000000000000e+04,2.226973937996404862e-01,2.749619158434395416e-01
6.935500000000000000e+04,2.158429754639226983e-01,2.755832080997606681e-01
6.935600000000000000e+04,2.183112149170786664e-01,2.614848433022629592e-01
6.935700000000000000e+04,2.174917448607298076e-01,2.505427719026087630e-01
6.935800000000000000e+04,2.156878399793961676e-01,2.501397683315378373e-01
6.935900000000000000e+04,2.101997260064023820e-01,2.656688668938915754e-01
6.936000000000000000e+04,2.126002295699837008e-01,2.652489498436452209e-01
6.936100000000000000e+04,2.188113951466059970e-01,2.726273238323280168e-01
6.936200000000000000e+04,2.592841462653682760e-01,3.096220909738338634e-01
6.936300000000000000e+04,2.839869809023117253e-01,2.722054241840590194e-01
6.936400000000000000e+04,2.708088759107523669e-01,2.587895710309355835e-01
6.936500000000000000e+04,2.724325562156200697e-01,2.753667754197985928e-01
6.936600000000000000e+04,2.719900903285142335e-01,2.741234922946560459e-01
6.936700000000000000e+04,2.715941260042016858e-01,2.703089107645961775e-01
6.936800000000000000e+04,2.709745012520603513e-01,2.563743551757564632e-01
6.936900000000000000e+04,2.696157444863205299e-01,2.465196507999349862e-01
6.937000000000000000e+04,2.682118367541225235e-01,2.497916852579784575e-01
6.937100000000000000e+04,2.659344301366679542e-01,2.401697918018146360e-01
6.937200000000000000e+04,2.667369795745854755e-01,2.241016383144081026e-01
6.937300000000000000e+04,2.713834675707196831e-01,2.122674709307812435e-01
6.937400000000000000e+04,2.555580956350520516e-01,2.217698254562860960e-01
6.937500000000000000e+04,2.582121416443907136e-01,2.130130485524865946e-01
6.937600000000000000e+04,2.689963811624146994e-01,1.862504799848696546e-01
6.937700000000000000e+04,2.753243363002232380e-01,1.777867146599679815e-01
6.937800000000000000e+04,2.682562399103894935e-01,1.658028184410087480e-01
6.937900000000000000e+04,2.246879748362639317e-01,1.842668965781308898e-01
6.938000000000000000e+04,2.323580930035132885e-01,2.056073846869874711e-01
6.938100000000000000e+04,2.435522030925499071e-01,1.767512198535746704e-01
6.938200000000000000e+04,2.395387608694332648e-01,1.559214970087825503e-01
6.938300000000000000e+04,2.441124931699356071e-01,1.365937338425087244e-01
6.938400000000000000e+04,2.357509289881425385e-01,1.529124998144055780e-01
6.938500000000000000e+04,2.205933226084185184e-01,1.505105844256333647e-01
6.938600000000000000e+04,2.321592705400478407e-01,1.244876783537594012e-01
6.938700000000000000e+04,2.376661186671199244e-01,1.115020081439890287e-01
6.938800000000000000e+04,2.395714786440929500e-01,9.753882220043408324e-02
6.938900000000000000e+04,2.440590944475749813e-01,8.626225752522675982e-02
6.939000000000000000e+04,2.366366829899642088e-01,8.257950626882237799e-02
6.939100000000000000e+04,2.494969601155583305e-01,6.211189605847855510e-02
6.939200000000000000e+04,2.513988576731160385e-01,1.550449648631693211e-01
6.939300000000000000e+04,2.434968807111876354e-01,1.759213857579849383e-01
6.939400000000000000e+04,2.510311839172983950e-01,1.844906284593713641e-01
6.939500000000000000e+04,2.463710513469306029e-01,2.036773220357012970e-01
6.939600000000000000e+04,2.421400082111824503e-01,2.153269690130821534e-01
6.939700000000000000e+04,4.280411064849330358e-03,3.744877434047200887e-02
6.939800000000000000e+04,5.363561405054850968e-03,2.348222565918911542e-02
6.939900000000000000e+04,7.938068947512118625e-03,2.058843839840037229e-02
6.940000000000000000e+04,7.345735335473326140e-03,2.709600322523451899e-02
6.940100000000000000e+04,1.740175037462840177e-02,1.739584500799961492e-02
6.940200000000000000e+04,1.853668804803621992e-02,1.467335483420899311e-02
6.940300000000000000e+04,2.059599171676707724e-02,1.187309235888860809e-02
6.940400000000000000e+04,2.110181613255898009e-02,1.096762757209018141e-02
6.940500000000000000e+04,2.300510782806481150e-02,9.988082563290270888e-03
6.940600000000000000e+04,2.439102671359720184e-02,1.019499912610211112e-02
6.940700000000000000e+04,2.535082326917818818e-02,1.119528813534385880e-02
6.940800000000000000e+04,2.573710720020203763e-02,9.305934712568547651e-03
6.940900000000000000e+04,2.594812629571270277e-02,8.564270524073228086e-03
6.941000000000000000e+04,2.664544588962378460e-02,1.220003275569027379e-02
6.941100000000000000e+04,2.827057807367158726e-02,4.720988690312601099e-03
6.941200000000000000e+04,3.094164705277021449e-02,8.144668415739304834e-03
6.941300000000000000e+04,3.291969667716110326e-02,6.365054693024015109e-03
6.941400000000000000e+04,3.524512920758648277e-02,1.403360872666042924e-03
6.941500000000000000e+04,2.830748619085118184e-02,2.725562991962901527e-03
6.941600000000000000e+04,3.014889609248010485e-02,9.696978798018618395e-03
6.941700000000000000e+04,2.740242282607650501e-02,1.416314711880407168e-02
6.941800000000000000e+04,2.831702191025485191e-02,1.666212000337479598e-02
6.941900000000000000e+04,2.639838598155492058e-02,3.463317507809324930e-02
