utc_sec,hor_err_m(nan=no solution),ver_err_m
6.538000000000000000e+04,3.057507079834069774e-01,2.091282906263454144e-01
6.538100000000000000e+04,2.578272910049969058e-01,2.479742256610855400e-01
6.538200000000000000e+04,2.435925810750908804e-01,2.109378373274483631e-01
6.538300000000000000e+04,2.362480692937746485e-01,2.103546750027256995e-01
6.538400000000000000e+04,2.218231461899689838e-01,1.910643611072986026e-01
6.538500000000000000e+04,2.251294479645170321e-01,1.699368487696012175e-01
6.538600000000000000e+04,1.017703806499566654e-01,5.382964210931922427e-02
6.538700000000000000e+04,9.982767695756676607e-02,5.774306584878383108e-02
6.538800000000000000e+04,1.022411054712793338e-01,4.836675290488803847e-02
6.538900000000000000e+04,1.069009530636482186e-01,4.254943340363318699e-02
6.539000000000000000e+04,1.041450229002954669e-01,3.965455043185002471e-02
6.539100000000000000e+04,1.099714769602608416e-01,3.178673112499655340e-02
6.539200000000000000e+04,1.115965463387308815e-01,2.983526880097043393e-02
6.539300000000000000e+04,1.116462992576731234e-01,2.821528568504793819e-02
6.539400000000000000e+04,1.152298832793278716e-01,2.552227627568315338e-02
6.539500000000000000e+04,1.144425352258379019e-01,2.520471152558514949e-02
6.539600000000000000e+04,1.198526827470546979e-01,1.624789724164382720e-02
6.539700000000000000e+04,1.216068127433535956e-01,1.304380991538596837e-02
6.539800000000000000e+04,1.223692297157110975e-01,1.349710349616995569e-02
6.539900000000000000e+04,1.350594273080461538e-01,1.814038597957381982e-03
6.540000000000000000e+04,1.320886678703108164e-01,5.918170304435976803e-03
6.540100000000000000e+04,1.103631773139509276e-01,2.546240622538817333e-02
6.540200000000000000e+04,1.552661783709352421e-02,3.337240347842979071e-02
6.540300000000000000e+04,1.241575757296086574e-02,3.848700818297101645e-02
6.540400000000000000e+04,1.665511540727568005e-02,3.342898042897085586e-02
6.540500000000000000e+04,3.695228971070082385e-02,2.876493756745768238e-02
6.540600000000000000e+04,2.397866288304824345e-02,1.262109316358739353e-02
6.540700000000000000e+04,2.842611515688091631e-02,1.235479507809644772e-02
6.540800000000000000e+04,3.406372019850045785e-02,1.193462874014228348e-03
6.540900000000000000e+04,2.097545090070997847e-02,1.206886542238705395e-02
6.541000000000000000e+04,3.309446036455726547e-02,2.048087093982808859e-02
6.541100000000000000e+04,2.512282072213353756e-02,1.936085846276114353e-02
6.541200000000000000e+04,2.194476351321511531e-02,1.851997400869687116e-02
6.541300000000000000e+04,1.520509377633989800e-02,9.917161564093723847e-03
6.541400000000000000e+04,2.080233505688717371e-02,7.951815916330318146e-03
6.541500000000000000e+04,2.835075097092282573e-02,1.012095941394425269e-02
6.541600000000000000e+04,3.369472931125468140e-02,2.416416311139129441e-03
6.541700000000000000e+04,4.128012512761979058e-02,7.163935609327556908e-03
6.541800000000000000e+04,4.217160340209182706e-02,1.066272713208399336e-02
6.541900000000000000e+04,7.197935669916109835e-02,2.017716178526601789e-02
6.542000000000000000e+04,7.971564705617076307e-02,4.444720414675096265e-02
6.542100000000000000e+04,6.195814566370701215e-02,4.919414982155934091e-02
6.542200000000000000e+04,6.314430143462193556e-02,6.642601381062596122e-02
6.542300000000000000e+04,5.821598491466706965e-02,3.704574473347821417e-02
6.542400000000000000e+04,5.570000657305729241e-02,3.306162098042242370e-02
6.542500000000000000e+04,5.129247718743178142e-02,4.772525643242730986e-02
6.542600000000000000e+04,5.053815075240773030e-02,4.502207446079298236e-02
6.542700000000000000e+04,6.561635947341573627e-02,3.388878296656971933e-02
6.542800000000000000e+04,6.157345004619749901e-02,2.926059276938541842e-02
6.542900000000000000e+04,5.643068457689012080e-02,3.447818623154463857e-02
6.543000000000000000e+04,2.175462259140967247e-02,1.260256753261579377e-03
6.543100000000000000e+04,5.263919404804125700e-03,1.310504235048393085e-02
6.543200000000000000e+04,1.971215439628444446e-03,1.345962716205462151e-02
6.543300000000000000e+04,2.204608777486784417e-03,1.930152201029722292e-02
6.543400000000000000e+04,4.480741487154635966e-03,2.632685557961722544e-02
6.543500000000000000e+04,6.503466681389381832e-03,1.217577263100055873e-02
6.543600000000000000e+04,7.567513493521789945e-03,2.106193450749849205e-02
6.543700000000000000e+04,1.157175175814420878e-02,5.560899173292810360e-02
6.543800000000000000e+04,3.624141865378576518e-03,5.276302294585644148e-04
6.543900000000000000e+04,4.150539365690867309e-03,7.106706893149183912e-03
6.544000000000000000e+04,7.886979118379953968e-03,2.459650623738496300e-02
6.544100000000000000e+04,3.904603669134759300e-03,2.428726392687874380e-03
6.544200000000000000e+04,8.379079570792468193e-03,3.065569137234203101e-02
6.544300000000000000e+04,1.473458704457253181e-02,7.338239890486097927e-03
6.544400000000000000e+04,2.002214568829666086e-03,6.043651965056573427e-03
6.544500000000000000e+04,1.137859371200073202e-02,1.715074461466870037e-02
6.544600000000000000e+04,1.419355416807907555e-02,1.707385278898429504e-02
6.544700000000000000e+04,2.244655065101695129e-02,1.304032377573666190e-02
6.544800000000000000e+04,3.594735796421668489e-02,2.031016792223336309e-02
6.544900000000000000e+04,4.133300958926794388e-02,4.106353901460693678e-02
6.545000000000000000e+04,3.917338525669950000e-02,1.877899472629424027e-02
6.545100000000000000e+04,4.256402664525740787e-02,2.359432634038288734e-02
6.545200000000000000e+04,4.647844462607441524e-02,2.744119952330525969e-02
6.545300000000000000e+04,5.326228508509433385e-02,3.330921198413258622e-02
6.545400000000000000e+04,5.533443147873420148e-02,3.821210806080185818e-02
6.545500000000000000e+04,4.952831171996017329e-02,3.422655248102034198e-02
6.545600000000000000e+04,5.493740587251611657e-02,3.569261702732223762e-02
6.545700000000000000e+04,5.259743013738634593e-02,4.861080672186905011e-02
6.545800000000000000e+04,6.354332000526187463e-02,6.563482285508207004e-02
6.545900000000000000e+04,6.720263896221173594e-02,6.647557768990683402e-02
6.546000000000000000e+04,5.968347167607566950e-02,4.984068922163061716e-02
6.546100000000000000e+04,3.112353627366402226e-02,4.077424610114661896e-02
6.546200000000000000e+04,4.796122331440288294e-03,1.293382561590722315e-03
6.546300000000000000e+04,3.531619865289119600e-03,1.068111015939951242e-03
6.546400000000000000e+04,6.806134205470506203e-03,5.067177681526095073e-03
6.546500000000000000e+04,5.094964974057250226e-03,5.666465940022846759e-03
6.546600000000000000e+04,1.641933160875178564e-03,3.388065775977999738e-03
6.546700000000000000e+04,7.910578986649185670e-03,1.182894927921174233e-02
6.546800000000000000e+04,6.421595163509900492e-03,1.454205071477088218e-03
6.546900000000000000e+04,8.317525457485399482e-03,7.196222228244453234e-03
6.547000000000000000e+04,7.113817727690349528e-03,1.571714636520837871e-02
6.547100000000000000e+04,5.691644017322397900e-03,1.308087441507899129e-02
6.547200000000000000e+04,1.177686079451849624e-02,1.083912752800619828e-02
6.547300000000000000e+04,1.168191917113059822e-02,1.232446409251952701e-02
6.547400000000000000e+04,1.299885250316928746e-02,1.325073718329816685e-02
6.547500000000000000e+04,5.467289212018150608e-03,3.888496653384976298e-02
6.547600000000000000e+04,1.351708233932798729e-02,8.301210651245227723e-03
6.547700000000000000e+04,1.370678579093820640e-02,9.275109909014922493e-03
6.547800000000000000e+04,1.790055637015347534e-02,1.885085791776930364e-02
6.547900000000000000e+04,1.718572673480631141e-02,1.780584426960096778e-02
6.548000000000000000e+04,1.441470084678949694e-02,1.802379408937149208e-02
6.548100000000000000e+04,1.571775718254506821e-02,1.538201269655559145e-02
6.548200000000000000e+04,1.195284356660268263e-02,4.804962507369836544e-03
6.548300000000000000e+04,1.604433194511224736e-02,1.146246925107163861e-02
6.548400000000000000e+04,3.563427125772019449e-02,4.715763717587506676e-02
6.548500000000000000e+04,1.447116670368837725e-02,2.091948746931038272e-02
6.548600000000000000e+04,1.055562815612056532e-02,2.734146889553379367e-02
6.548700000000000000e+04,4.274783916660928468e-02,6.061659296647370354e-02
6.548800000000000000e+04,5.484529540069604109e-02,8.105746824005244378e-02
6.548900000000000000e+04,5.947629791197030918e-02,8.315699661602060644e-02
6.549000000000000000e+04,4.732020405100365035e-02,8.526117896216689473e-02
6.549100000000000000e+04,2.674354137663133985e-02,5.408432873316648681e-02
6.549200000000000000e+04,2.464183589921641396e-02,2.545643630915961353e-02
6.549300000000000000e+04,1.889233541825387219e-02,3.625776424285476196e-02
6.549400000000000000e+04,6.766632878581852958e-03,1.906906753978532265e-02
6.549500000000000000e+04,3.110962812518928110e-03,2.574766292850583227e-02
6.549600000000000000e+04,9.021399295455468509e-03,3.048821795091960496e-02
6.549700000000000000e+04,1.091642649187469193e-02,3.029685464487741342e-02
6.549800000000000000e+04,9.289554647354546918e-03,3.543061063552066514e-02
6.549900000000000000e+04,7.922452478629096392e-03,3.615418533305714277e-02
6.550000000000000000e+04,9.067314554770151622e-03,3.106714009519961905e-02
6.550100000000000000e+04,1.090772505553788511e-02,4.096395104206251858e-02
6.550200000000000000e+04,1.206159887231866498e-02,3.690138679935728305e-02
6.550300000000000000e+04,1.502935258431536969e-02,4.163433844970576558e-02
6.550400000000000000e+04,1.332242402695424897e-02,3.896649908278249086e-02
6.550500000000000000e+04,1.371333796807244244e-02,2.569146735291205630e-02
6.550600000000000000e+04,2.090111392068257426e-02,3.916425258668709830e-02
6.550700000000000000e+04,5.696338915054276718e-03,5.682376341914441298e-02
6.550800000000000000e+04,6.548210879311309150e-03,4.428957647193243474e-02
6.550900000000000000e+04,1.081057415372413399e-02,5.464154576857183088e-02
6.551000000000000000e+04,2.415137885497176812e-02,5.687476064692376099e-02
6.551100000000000000e+04,3.164989934952469608e-02,7.334186356849592414e-02
6.551200000000000000e+04,2.966953480916765390e-02,6.162326993635680594e-02
6.551300000000000000e+04,3.998780023896661429e-02,6.961218644791600241e-02
6.551400000000000000e+04,3.937077095724269421e-02,9.208560097695794866e-02
6.551500000000000000e+04,2.090466530937332493e-02,8.952905105447328538e-02
6.551600000000000000e+04,5.997558834351882778e-03,7.006083947722530070e-02
6.551700000000000000e+04,5.303574794045042007e-02,6.235613079388002689e-02
6.551800000000000000e+04,5.012211212220885753e-02,8.549899823842466162e-02
6.551900000000000000e+04,6.554935065223913004e-02,6.065475931941222143e-02
6.552000000000000000e+04,6.692024835783634551e-02,5.618939441049519701e-02
6.552100000000000000e+04,4.807443165328180619e-03,3.387199395972118054e-02
6.552200000000000000e+04,6.651634885829438466e-03,3.221156984613671170e-02
6.552300000000000000e+04,6.303033039885421775e-03,2.661980545265762998e-02
6.552400000000000000e+04,7.076163281813136960e-03,2.872653784434575641e-02
6.552500000000000000e+04,8.508754368385941860e-03,2.298438430311122715e-02
6.552600000000000000e+04,1.258098426824804349e-02,2.846395248101174502e-02
6.552700000000000000e+04,1.058995237322389593e-02,2.700157579403139607e-02
6.552800000000000000e+04,1.147138728201742112e-02,4.055991056742414003e-02
6.552900000000000000e+04,1.167730314995056931e-02,3.070107849077174933e-02
6.553000000000000000e+04,8.531529044793078470e-03,2.899358075739755236e-02
6.553100000000000000e+04,9.947823524900709438e-03,3.301116324421826675e-02
6.553200000000000000e+04,1.260063939597431612e-02,3.177652751152493238e-02
6.553300000000000000e+04,2.093053271923710212e-02,3.797189052755101102e-02
6.553400000000000000e+04,2.502089882241958010e-02,3.791253325606902536e-02
6.553500000000000000e+04,1.535423241911082134e-02,4.224223638661328550e-02
6.553600000000000000e+04,1.792626240163324239e-02,4.334466743436493630e-02
6.553700000000000000e+04,1.930763145800483416e-02,4.524235204189253068e-02
6.553800000000000000e+04,2.531050108780586935e-02,4.548227684837868878e-02
6.553900000000000000e+04,3.066128947644337910e-02,4.918790222058788686e-02
6.554000000000000000e+04,2.864630480676794155e-02,4.676490061000748710e-02
6.554100000000000000e+04,3.545085717530286479e-02,5.076697943230001897e-02
6.554200000000000000e+04,3.542420777345507699e-02,5.247199618708009439e-02
6.554300000000000000e+04,3.636936632942357195e-02,5.430029147948189916e-02
6.554400000000000000e+04,3.915366009369328215e-02,5.759599215982902365e-02
6.554500000000000000e+04,3.341852625370140412e-02,5.071310573611498285e-02
6.554600000000000000e+04,4.781587643609699206e-02,6.389163890981919280e-02
6.554700000000000000e+04,5.176343484885340823e-02,6.472687286435174769e-02
6.554800000000000000e+04,6.463877019449257300e-02,6.732954182740868987e-02
6.554900000000000000e+04,6.478168147020436918e-02,9.413371922026669836e-02
6.555000000000000000e+04,4.410244544596315236e-02,6.668620581036321937e-02
6.555100000000000000e+04,1.127572002036130415e-02,3.147095258879417656e-02
6.555200000000000000e+04,9.990347139297320322e-03,3.334133502852765218e-02
6.555300000000000000e+04,2.084512563955794040e-02,4.143859098579838474e-02
6.555400000000000000e+04,9.971442079523077859e-03,2.613390758416400672e-02
6.555500000000000000e+04,1.266717029693925634e-02,3.392820526679685145e-02
6.555600000000000000e+04,2.402113773940579497e-02,5.587073479808069010e-02
6.555700000000000000e+04,6.584645912938036361e-02,1.160377058556960606e-01
6.555800000000000000e+04,1.341383253715369879e-02,5.875100146969458592e-03
6.555900000000000000e+04,2.534194753460481189e-02,3.872030297357298423e-02
6.556000000000000000e+04,6.585080954807020007e-03,8.581680850834771945e-03
6.556100000000000000e+04,4.063231220650576070e-02,6.310396880046198476e-03
6.556200000000000000e+04,6.609475979473009022e-02,1.335072616331345330e-02
6.556300000000000000e+04,7.902630603732132761e-03,4.860751793417605882e-02
6.556400000000000000e+04,1.731260048487371500e-02,4.096628982039440814e-02
6.556500000000000000e+04,1.729418353846353187e-02,5.253614265686401552e-02
6.556600000000000000e+04,2.186994429962604153e-02,5.430390506861115796e-02
6.556700000000000000e+04,4.433703538813759011e-03,4.293049426398454216e-02
6.556800000000000000e+04,1.312628521437184982e-02,4.288916628230587946e-02
6.556900000000000000e+04,3.787153856874364566e-03,5.076007133506088564e-02
6.557000000000000000e+04,2.418280653824306584e-02,4.296132886113213090e-02
6.557100000000000000e+04,1.013949599278024007e-02,2.591247369981175552e-03
6.557200000000000000e+04,4.131149769284658130e-02,1.572624634000874266e-04
6.557300000000000000e+04,4.202456710612373358e-02,4.665878600343020821e-02
6.557400000000000000e+04,1.308235662934630929e-02,1.775712337537171948e-02
6.557500000000000000e+04,9.360109154276161428e-03,1.871499095067896690e-02
6.557600000000000000e+04,5.849402971095579024e-03,4.176197385337587775e-02
6.557700000000000000e+04,3.595881188153378372e-02,1.095482604937014770e-01
6.557800000000000000e+04,7.270536564587706807e-02,1.311353519371856180e-01
6.557900000000000000e+04,8.120791126708910845e-02,1.848488901855578348e-01
6.558000000000000000e+04,8.342009345352429869e-03,2.549039724791413164e-02
6.558100000000000000e+04,8.641823407613951138e-03,4.123030042231690118e-03
6.558200000000000000e+04,6.013799459000312812e-03,3.039071025559891837e-03
6.558300000000000000e+04,7.986579489842220766e-04,4.824800100999837582e-03
6.558400000000000000e+04,1.733793546728932058e-03,1.558480698211184290e-02
6.558500000000000000e+04,4.503034099780153267e-03,1.507580019676346694e-02
6.558600000000000000e+04,5.897233677500550442e-03,1.665100328337132396e-02
6.558700000000000000e+04,1.789292260113154809e-03,9.115379064727591185e-03
6.558800000000000000e+04,2.663129756970478244e-03,1.596731924174221717e-02
6.558900000000000000e+04,1.291616891001367250e-02,5.446886687842322772e-02
6.559000000000000000e+04,1.648670007797106360e-02,4.902448344617305054e-02
6.559100000000000000e+04,1.277260111820750256e-02,3.130147234279867519e-02
6.559200000000000000e+04,1.428391793744417104e-02,3.100872487597250426e-02
6.559300000000000000e+04,1.458982502236587722e-02,2.457984933969292740e-02
6.559400000000000000e+04,7.905138645333376068e-03,7.275344369338299089e-03
6.559500000000000000e+04,4.479341875169452064e-02,8.370062720046966831e-02
6.559600000000000000e+04,2.791406035936831384e-02,6.240108310925585045e-02
6.559700000000000000e+04,4.394028250812939684e-02,1.234958300360844419e-02
6.559800000000000000e+04,1.034576615986750742e-02,1.010831854302907118e-02
6.559900000000000000e+04,2.715294859705004449e-02,2.896282808212369275e-02
6.560000000000000000e+04,2.966317134828491686e-02,3.250796340729067424e-02
6.560100000000000000e+04,8.469436579415182825e-03,2.076244243634839393e-02
6.560200000000000000e+04,2.956398474129008982e-02,9.757510019323234474e-03
6.560300000000000000e+04,6.563258042716628438e-02,4.615443032027322090e-02
6.560400000000000000e+04,5.715772599369002560e-02,4.297617662866848320e-02
6.560500000000000000e+04,1.230863915844831145e-02,8.442014948180087686e-03
6.560600000000000000e+04,2.580131543838064690e-03,3.994945950354100717e-02
6.560700000000000000e+04,1.605211962965996664e-02,6.404787345981866054e-02
6.560800000000000000e+04,2.178091123240662522e-02,4.654563434101532948e-02
6.560900000000000000e+04,1.961635128513760859e-02,3.501859615022695493e-02
6.561000000000000000e+04,1.478754268421724957e-02,1.663513469144284329e-02
6.561100000000000000e+04,4.535447662214501727e-03,4.574276578919800329e-02
6.561200000000000000e+04,2.399775742999248757e-03,3.519101291234250084e-02
6.561300000000000000e+04,9.162173099410792984e-03,3.500162493831027177e-02
6.561400000000000000e+04,1.892312661676727892e-03,1.854641960575875714e-02
6.561500000000000000e+04,3.114278919893088624e-03,2.325289568822341835e-02
6.561600000000000000e+04,5.339520724323715967e-03,3.033873948589693725e-02
6.561700000000000000e+04,1.815174102974295017e-02,5.550735117289740117e-02
6.561800000000000000e+04,4.017491699382582868e-03,2.877151376316788856e-02
6.561900000000000000e+04,9.741155545932754989e-04,2.382108844647490287e-02
6.562000000000000000e+04,1.930908870135138048e-03,2.003457852375589709e-02
6.562100000000000000e+04,1.016929234781428770e-02,4.170587510516554630e-02
6.562200000000000000e+04,4.152341667167858130e-02,8.891972864616093375e-02
6.562300000000000000e+04,4.192155454127794584e-02,8.835227598230943613e-02
6.562400000000000000e+04,1.898240368803329192e-02,4.165420319513657432e-02
6.562500000000000000e+04,1.676713216452729513e-02,4.068422296920815029e-02
6.562600000000000000e+04,1.739213906070525423e-02,4.443733781903347335e-02
6.562700000000000000e+04,1.804429505328970090e-02,1.362655184043504164e-02
6.562800000000000000e+04,2.155348102372067406e-02,3.296265779456319933e-02
6.562900000000000000e+04,1.772389100454396099e-02,4.542952227033936197e-02
6.563000000000000000e+04,1.924691967638526846e-02,4.431102355520977198e-02
6.563100000000000000e+04,1.403711635907934664e-02,4.182063725311024882e-02
6.563200000000000000e+04,1.289385185303006283e-02,5.150918213311683758e-02
6.563300000000000000e+04,1.587466791284208520e-02,5.224896840860893121e-02
6.563400000000000000e+04,1.710614395283562711e-02,3.659238709318657357e-02
6.563500000000000000e+04,1.654636539838012094e-02,4.127548697566396640e-02
6.563600000000000000e+04,1.830793059088765135e-02,5.636287003054007982e-02
6.563700000000000000e+04,1.817612130363093978e-02,6.449354346459301723e-02
6.563800000000000000e+04,1.514221441804365111e-02,6.076290059335320848e-02
6.563900000000000000e+04,1.273760328430722198e-02,6.061336552966523072e-02
6.564000000000000000e+04,2.049199246698858029e-02,6.182503607552547464e-02
6.564100000000000000e+04,3.309978211813510620e-03,3.637069258022762597e-02
6.564200000000000000e+04,1.170390969536763866e-02,2.867636230985226575e-02
6.564300000000000000e+04,6.112182850803845637e-03,2.939139117720657168e-02
6.564400000000000000e+04,1.249004793676723041e-02,3.090864940856974385e-02
6.564500000000000000e+04,1.468882970408084965e-02,3.175076756552286383e-02
6.564600000000000000e+04,1.775827479926408992e-02,3.254927889376091343e-02
6.564700000000000000e+04,1.766065604856334459e-02,2.391811633597029640e-02
6.564800000000000000e+04,1.634921037424712578e-02,2.761633243167693763e-02
6.564900000000000000e+04,2.093387185940001616e-02,1.897462761480284144e-02
6.565000000000000000e+04,1.369486513813917422e-02,2.655082906660766184e-02
6.565100000000000000e+04,6.477186104636892261e-03,3.100302794640441562e-02
6.565200000000000000e+04,4.982211174767214000e-03,3.072733441271680022e-02
6.565300000000000000e+04,7.266309793357856282e-03,3.655194769181946413e-02
6.565400000000000000e+04,7.791226207883104014e-03,4.462300223800497179e-02
6.565500000000000000e+04,1.665018537105543428e-02,6.376550561304483722e-02
6.565600000000000000e+04,9.294751462291911751e-03,7.237032257751607744e-02
6.565700000000000000e+04,6.201602689882691841e-04,4.359830692106214656e-02
6.565800000000000000e+04,3.517784745991573130e-03,4.251726521231802280e-02
6.565900000000000000e+04,7.870706475929217794e-03,5.665827290838976182e-02
6.566000000000000000e+04,1.643855038896594942e-02,4.733401272564918827e-02
6.566100000000000000e+04,2.699785533038249336e-02,3.535098878331055516e-02
6.566200000000000000e+04,4.660448820812437831e-02,7.620572006674564136e-02
6.566300000000000000e+04,1.142842372324535810e-01,1.564205279756194500e-01
6.566400000000000000e+04,4.165281058217913668e-02,1.667556039662478895e-01
6.566500000000000000e+04,5.284070266368030150e-03,1.667047454636261250e-02
6.566600000000000000e+04,4.525999999971983684e-02,4.606109905540556326e-02
6.566700000000000000e+04,2.749475265524879003e-02,5.113124091674237093e-02
6.566800000000000000e+04,3.379576598586447878e-02,2.896342661768258608e-02
6.566900000000000000e+04,3.261411007379918375e-02,1.283921652451347484e-02
6.567000000000000000e+04,7.866687022422821918e-02,8.409197223732789439e-03
6.567100000000000000e+04,1.151609832772210532e-02,2.693536864805601283e-02
6.567200000000000000e+04,6.185950803401207496e-03,2.630384381579276010e-02
6.567300000000000000e+04,1.473132214636875201e-02,6.091720174396186849e-03
6.567400000000000000e+04,1.171681449541167076e-02,5.287615137751444649e-03
6.567500000000000000e+04,1.237074848537364491e-02,8.814363952494019827e-03
6.567600000000000000e+04,6.168217801112309447e-03,1.134624010058793431e-02
6.567700000000000000e+04,6.703689174026366757e-03,1.355319927862375096e-02
6.567800000000000000e+04,8.588097153828497948e-03,1.986337005485339091e-02
6.567900000000000000e+04,1.139523469972570507e-02,2.231750163738865922e-02
6.568000000000000000e+04,1.231294205631290259e-02,1.962937081362348124e-02
6.568100000000000000e+04,1.475173324202228888e-02,2.097672335088063278e-02
6.568200000000000000e+04,2.426658394737267813e-02,5.515404814959268265e-03
6.568300000000000000e+04,1.122163373044886975e-02,1.046747609540155111e-02
6.568400000000000000e+04,9.597067328950300083e-03,3.557087675411807481e-02
6.568500000000000000e+04,1.400194233041559405e-02,9.923891254183558885e-02
6.568600000000000000e+04,2.841828840009335069e-02,2.251631524692676578e-02
6.568700000000000000e+04,4.092312734789289863e-02,6.248198603851662369e-02
6.568800000000000000e+04,3.875722058298686212e-02,5.494109432117344483e-02
6.568900000000000000e+04,1.267700091713305603e-02,4.220483712398426235e-02
6.569000000000000000e+04,1.550055827792084541e-02,6.900741962119294470e-02
6.569100000000000000e+04,1.882026725845318757e-02,8.126846424361833243e-02
6.569200000000000000e+04,1.817953542397151775e-02,4.368745777348692627e-03
6.569300000000000000e+04,1.011377018891303561e-02,8.621808890039117657e-02
6.569400000000000000e+04,1.401043220382656128e-02,9.134383080430641400e-02
6.569500000000000000e+04,1.772641953764053646e-02,5.165553409564305198e-02
6.569600000000000000e+04,2.327459121235039494e-02,9.386300323978291615e-02
6.569700000000000000e+04,1.819446807638372063e-02,1.067240080658651280e-01
6.569800000000000000e+04,3.233672702018197675e-02,6.928608188555873681e-02
6.569900000000000000e+04,3.927545109913822829e-02,6.307602575391069166e-02
6.570000000000000000e+04,1.786083130606371666e-02,1.244275640789815895e-01
6.570100000000000000e+04,3.902597359873902910e-02,1.350542903093452374e-01
6.570200000000000000e+04,3.148537381435026483e-02,1.561317996115336726e-01
6.570300000000000000e+04,3.109694242892282329e-02,1.796454547410637481e-01
6.570400000000000000e+04,1.793982560494861850e-02,3.255481482456801245e-02
6.570500000000000000e+04,1.003595189748174819e-02,2.945721094004127849e-02
6.570600000000000000e+04,2.477367125559174887e-03,2.628665179926503725e-02
6.570700000000000000e+04,1.000129953590644070e-02,2.252928094045536511e-02
6.570800000000000000e+04,8.129970170710302049e-03,1.904053821415097048e-02
6.570900000000000000e+04,3.036633450707035015e-03,2.679033553155285574e-02
6.571000000000000000e+04,1.126033155242680758e-02,2.460658306360929970e-02
6.571100000000000000e+04,7.323523601407345117e-03,1.805309921456910160e-02
6.571200000000000000e+04,8.916025643467375902e-03,1.524101989807924440e-02
6.571300000000000000e+04,1.635348040800325975e-02,1.410807597799212942e-02
6.571400000000000000e+04,1.926169408964396174e-02,8.113324820257616921e-03
6.571500000000000000e+04,1.246093677159082480e-02,2.124728583188506548e-02
6.571600000000000000e+04,9.514404729617330705e-03,1.791127391322699935e-03
6.571700000000000000e+04,1.273921482537254506e-02,1.235882637909080373e-02
6.571800000000000000e+04,1.794673582197242948e-02,2.026887473525951222e-02
6.571900000000000000e+04,1.346679048741644680e-02,1.648304891790264293e-02
6.572000000000000000e+04,9.622000380268717901e-03,3.186474926969062871e-02
6.572100000000000000e+04,1.552514853341051097e-02,2.107834643626493865e-02
6.572200000000000000e+04,1.813442022519485067e-02,3.285131680338881921e-02
6.572300000000000000e+04,1.705038255259719651e-02,2.303070826657382941e-02
6.572400000000000000e+04,3.033816839982206651e-02,2.086093552914569660e-02
6.572500000000000000e+04,2.595116742353583555e-02,2.908041996210952718e-02
6.572600000000000000e+04,1.594543342069754122e-02,2.274636310513411530e-02
6.572700000000000000e+04,2.585856719307100260e-02,3.245556387296250067e-02
6.572800000000000000e+04,3.609803987014992277e-02,2.776802876675321663e-02
6.572900000000000000e+04,2.017614237167433475e-02,6.819793711780838819e-02
6.573000000000000000e+04,1.124535357936146118e-02,8.438351318864381612e-02
6.573100000000000000e+04,2.150727593130313461e-02,3.819248968459554305e-02
6.573200000000000000e+04,9.210481065693405106e-03,3.382494655495121849e-02
6.573300000000000000e+04,2.207369764132499287e-03,2.875672662623124376e-02
6.573400000000000000e+04,1.948819123086902722e-02,2.257101988274978766e-02
6.573500000000000000e+04,2.538455902230845121e-02,1.922283610096242601e-02
6.573600000000000000e+04,2.909723051311587268e-03,5.334334202029000771e-03
6.573700000000000000e+04,5.952844052303244739e-03,1.336308468705854624e-02
6.573800000000000000e+04,6.851536366141327411e-03,2.162565912808656066e-02
6.573900000000000000e+04,6.513186573699284929e-03,3.072444403237695187e-02
6.574000000000000000e+04,6.144270724884099213e-03,3.247156705047166136e-02
6.574100000000000000e+04,5.426143573828339471e-03,3.321169511565719157e-02
6.574200000000000000e+04,7.264185817030723719e-03,3.457879591541301867e-02
6.574300000000000000e+04,9.967516748629928064e-03,3.804738657872619445e-02
6.574400000000000000e+04,1.250359447829735293e-02,4.115721367519992180e-02
6.574500000000000000e+04,1.511143211103042200e-02,4.541639324231133701e-02
6.574600000000000000e+04,1.548500679384044038e-02,4.601493017572672040e-02
6.574700000000000000e+04,1.742483551150506016e-02,4.918259328896379401e-02
6.574800000000000000e+04,2.074954444091605885e-02,5.139343818065372771e-02
6.574900000000000000e+04,2.063711807496277501e-02,5.311139373913803530e-02
6.575000000000000000e+04,2.124594788366847981e-02,5.216835011988973925e-02
6.575100000000000000e+04,2.294865435233884449e-02,5.432889191410533725e-02
6.575200000000000000e+04,2.317512557549246399e-02,5.654082325276260645e-02
6.575300000000000000e+04,1.815395654850216617e-02,5.641760237533416378e-02
6.575400000000000000e+04,1.471622784426866205e-02,5.726723206517758680e-02
6.575500000000000000e+04,1.607792544483419711e-02,5.620217332741050953e-02
6.575600000000000000e+04,1.708232924045808773e-02,5.693653767580086900e-02
6.575700000000000000e+04,1.994598539190479969e-02,5.540969454961020002e-02
6.575800000000000000e+04,1.545715708378926807e-02,5.213850478764231466e-02
6.575900000000000000e+04,1.746518632021611811e-02,5.053929401924656117e-02
6.576000000000000000e+04,1.434337624803241895e-02,4.878699831166571910e-02
6.576100000000000000e+04,8.926009234757135979e-03,4.705654401317221902e-02
6.576200000000000000e+04,1.087145527350901267e-02,5.039480233326054659e-02
6.576300000000000000e+04,1.570372304555922929e-02,4.025282162508803108e-02
6.576400000000000000e+04,1.314764192362556303e-02,2.868842102767288349e-02
6.576500000000000000e+04,1.877113907320803604e-02,2.268394190367900576e-02
6.576600000000000000e+04,2.342347400012270708e-02,1.154179187739606816e-02
6.576700000000000000e+04,1.738916884195697635e-02,1.434262271853586901e-02
6.576800000000000000e+04,1.336359792116600248e-02,2.370770160109414437e-02
6.576900000000000000e+04,1.676018557619166072e-02,2.538326977725890998e-02
6.577000000000000000e+04,1.826332983410547395e-02,1.966071669620494955e-02
6.577100000000000000e+04,2.964402843813376820e-02,1.052185744401035183e-02
6.577200000000000000e+04,3.208865393301660318e-02,2.238254514651272231e-02
6.577300000000000000e+04,1.641979578759025782e-02,3.821162475458061980e-02
6.577400000000000000e+04,2.302834760485256496e-02,5.223984527841540881e-02
6.577500000000000000e+04,2.305329220158958484e-02,5.418075931141586032e-02
6.577600000000000000e+04,2.232580602302172007e-02,5.844982062513492949e-02
6.577700000000000000e+04,2.018006495036190825e-02,8.967588964316308697e-02
6.577800000000000000e+04,2.965160453822917805e-02,1.174750464337201983e-01
6.577900000000000000e+04,2.637127970472371088e-02,1.105981810871490278e-01
6.578000000000000000e+04,1.502136447995953104e-02,1.635500269376048976e-01
6.578100000000000000e+04,4.268925449523187227e-02,1.433883882202255933e-01
6.578200000000000000e+04,4.671231575926405172e-02,1.488481732427560100e-01
6.578300000000000000e+04,6.710667853216864542e-02,1.900411053746160484e-01
6.578400000000000000e+04,8.865711101053083687e-02,2.360501543867392638e-01
6.578500000000000000e+04,1.947509816789000370e-02,5.627292152354135268e-02
6.578600000000000000e+04,5.660748515923454127e-02,2.779706343715648842e-02
6.578700000000000000e+04,2.297151728512043453e-02,3.225855592490578516e-02
6.578800000000000000e+04,4.866747590511318750e-02,6.438558356218493373e-02
6.578900000000000000e+04,5.026694744697204204e-02,7.506640131146546935e-02
6.579000000000000000e+04,5.202392510023174516e-02,7.568013191094991043e-02
6.579100000000000000e+04,5.789195770314950473e-02,7.850235710855946181e-02
6.579200000000000000e+04,1.569674299136760137e-03,4.012492659261290839e-03
6.579300000000000000e+04,8.216737117103670510e-03,8.729545672844007953e-03
6.579400000000000000e+04,1.055442737749447829e-02,2.433983204002077017e-02
6.579500000000000000e+04,5.350614311101523947e-03,3.070593447252134567e-02
6.579600000000000000e+04,4.112398443532741532e-03,2.659302781423455997e-02
6.579700000000000000e+04,6.600594600778173296e-03,3.253865356952534427e-02
6.579800000000000000e+04,3.399581646629809203e-03,1.502776730023791529e-02
6.579900000000000000e+04,1.241047158199107964e-02,2.905047805992655441e-03
6.580000000000000000e+04,1.707051314761724031e-02,1.971691956446086635e-02
6.580100000000000000e+04,1.686268719642053382e-02,2.227414538470506855e-02
6.580200000000000000e+04,2.103262165186427571e-02,3.097762271310688931e-02
6.580300000000000000e+04,1.123130790550424217e-02,2.527171255410687323e-02
6.580400000000000000e+04,1.034548492978732033e-02,2.222788361301564208e-02
6.580500000000000000e+04,1.172160561060593340e-02,2.124914726944959753e-02
6.580600000000000000e+04,1.598901795012453927e-02,1.023187028835526036e-02
6.580700000000000000e+04,2.978638455312155459e-02,2.983286736654600091e-02
6.580800000000000000e+04,3.637172213392949466e-02,4.208508816325107205e-02
6.580900000000000000e+04,4.886907373071443933e-02,3.667835928617657615e-02
6.581000000000000000e+04,3.619385732549766643e-02,3.358750226097617642e-02
6.581100000000000000e+04,8.163463951142211142e-03,2.022684177940003991e-02
6.581200000000000000e+04,2.082431453387286607e-02,1.586930370520445166e-02
6.581300000000000000e+04,4.829718910080393196e-03,2.130301633245723636e-02
6.581400000000000000e+04,2.076186931297044000e-02,3.957182090286037734e-02
6.581500000000000000e+04,1.087401484573766001e-02,6.913952702649472926e-02
6.581600000000000000e+04,3.079460170691247431e-02,6.588685460473620026e-02
6.581700000000000000e+04,2.122557831728334385e-02,5.882143463447153664e-02
6.581800000000000000e+04,3.172739581393427266e-02,8.850599323165297960e-02
6.581900000000000000e+04,9.727430575824790038e-02,1.150835945530008786e-01
6.582000000000000000e+04,2.205215199734387316e-02,8.901917064648090516e-02
6.582100000000000000e+04,2.452832235218213586e-02,9.229605389416750683e-02
6.582200000000000000e+04,2.857768264322263496e-02,4.638286573878414032e-02
6.582300000000000000e+04,1.852526582850705719e-02,8.695410202292919166e-03
6.582400000000000000e+04,2.255571109031859894e-02,4.030471999773244107e-02
6.582500000000000000e+04,2.220254594246932195e-02,4.284860539379664601e-02
6.582600000000000000e+04,2.483148163059614028e-02,3.253198892987096968e-02
6.582700000000000000e+04,3.168146209334735813e-02,2.999758365167615182e-02
6.582800000000000000e+04,3.764039811707124011e-02,3.196108903133154655e-02
6.582900000000000000e+04,3.990083575852396841e-02,3.663650103728599561e-02
6.583000000000000000e+04,4.261310022632804062e-02,3.978893970237251665e-02
6.583100000000000000e+04,4.629084194565007832e-02,3.930679354944732751e-02
6.583200000000000000e+04,4.820041452057721720e-02,4.241296490759349780e-02
6.583300000000000000e+04,4.390489052776454237e-02,5.128364827329523479e-02
6.583400000000000000e+04,5.216718041968616132e-02,5.177667928137719144e-02
6.583500000000000000e+04,4.248774567889180426e-02,2.930428350372071833e-02
6.583600000000000000e+04,4.237552406692484536e-02,1.713915151095424250e-02
6.583700000000000000e+04,4.518543650069008905e-02,1.980416979525223553e-03
6.583800000000000000e+04,2.829613136009901525e-02,5.107553850330681655e-03
6.583900000000000000e+04,3.659166949834743998e-02,2.168219570829421627e-02
6.584000000000000000e+04,2.902128605622963931e-02,4.500690167506293804e-02
6.584100000000000000e+04,1.139621766270181892e-02,6.407117937027617671e-02
6.584200000000000000e+04,2.700675448887360913e-02,3.221383222942808544e-02
6.584300000000000000e+04,5.551259378790678739e-02,4.063186838936605483e-02
6.584400000000000000e+04,8.829289405523364775e-02,6.165090729148969828e-02
6.584500000000000000e+04,5.861017725521912303e-02,4.804101659863224683e-03
6.584600000000000000e+04,4.355547068107919889e-02,2.412145439108881462e-02
6.584700000000000000e+04,4.423548714086850131e-02,2.947221157765245181e-02
6.584800000000000000e+04,5.071518712063185358e-02,1.395494140992603604e-02
6.584900000000000000e+04,3.491865925223543166e-02,2.316234453170817886e-02
6.585000000000000000e+04,9.220291230610928868e-02,1.096069319451515867e-01
6.585100000000000000e+04,1.794456899150336307e-02,1.972263299099763501e-02
6.585200000000000000e+04,2.247758886430960626e-02,3.439152330691941373e-02
6.585300000000000000e+04,1.040622194529084929e-02,3.195839498261943135e-02
6.585400000000000000e+04,2.028270082403939994e-02,5.916949700349549701e-02
6.585500000000000000e+04,2.521658964048281715e-02,6.762362842461033807e-02
6.585600000000000000e+04,4.261634948948168217e-02,3.963702961658421842e-02
6.585700000000000000e+04,6.336230726035464722e-02,1.127443688109983633e-01
6.585800000000000000e+04,3.462643039299802272e-02,1.062545608664264840e-01
6.585900000000000000e+04,4.634624499691365057e-02,7.584365141064042248e-02
6.586000000000000000e+04,3.754652021021168129e-02,5.829962124665222234e-02
6.586100000000000000e+04,2.562355916250363963e-02,1.620178674976324729e-02
6.586200000000000000e+04,2.190417746343157820e-02,9.811061164159529113e-03
6.586300000000000000e+04,3.093882227377239835e-02,2.851059445876380494e-04
6.586400000000000000e+04,4.055560620889866325e-02,2.554506503940112694e-02
6.586500000000000000e+04,7.535089508875650322e-02,8.174757877326843669e-02
6.586600000000000000e+04,7.502640923596907811e-03,1.439748166395471429e-02
6.586700000000000000e+04,1.305197549239082815e-02,3.938742462574218450e-02
6.586800000000000000e+04,4.572691831004516150e-02,8.815773587335629102e-02
6.586900000000000000e+04,3.019568711314003784e-02,2.337969887002788738e-02
6.587000000000000000e+04,3.002709868853946709e-02,6.012934474804376705e-02
6.587100000000000000e+04,2.428630018917618191e-02,6.247347950631265689e-02
6.587200000000000000e+04,1.250480293148015405e-02,7.495125693215998197e-02
6.587300000000000000e+04,4.331587934861305667e-02,1.067408475164572934e-01
6.587400000000000000e+04,9.413482521704487349e-02,1.506072944318899154e-01
6.587500000000000000e+04,2.326643783780994387e-02,3.550774294426561895e-02
6.587600000000000000e+04,4.394202778888477157e-02,1.552492849385433971e-02
6.587700000000000000e+04,3.427395995425980280e-02,1.782544810290254134e-02
6.587800000000000000e+04,3.050386377617553615e-02,2.354961773524300028e-02
6.587900000000000000e+04,3.503200102787127485e-02,4.490487829244793616e-02
6.588000000000000000e+04,2.859138337378538605e-02,7.157108081547702838e-02
6.588100000000000000e+04,4.459932512790940051e-02,7.982166317647476639e-02
6.588200000000000000e+04,2.091773770737756152e-02,2.312123808777810652e-02
6.588300000000000000e+04,1.296942651591347084e-02,1.183429098625898845e-02
6.588400000000000000e+04,1.615991448802008013e-02,1.691267374113358812e-02
6.588500000000000000e+04,1.345338430452374702e-02,2.118472360096435025e-02
6.588600000000000000e+04,1.598493597826675106e-02,2.363176275382228297e-02
6.588700000000000000e+04,1.638913886546326110e-02,3.383864774152867128e-02
6.588800000000000000e+04,1.350636073786734212e-02,2.122169444573396291e-02
6.588900000000000000e+04,9.642562368268497650e-03,2.124637580490107425e-02
6.589000000000000000e+04,1.348579616847371543e-02,3.794661333619342436e-02
6.589100000000000000e+04,5.460461278133529016e-03,2.665205761077249491e-02
6.589200000000000000e+04,5.858439532742803222e-04,3.179695562733741987e-02
6.589300000000000000e+04,1.395037396405253600e-02,6.052355195850367409e-02
6.589400000000000000e+04,2.461059784362070596e-02,8.593871191323865233e-02
6.589500000000000000e+04,2.608988031294495052e-02,8.713185998265360332e-02
6.589600000000000000e+04,1.245393996158196057e-02,3.816176898360756908e-02
6.589700000000000000e+04,2.123882270237024972e-02,3.085868732168273176e-02
6.589800000000000000e+04,2.064019459205831269e-02,3.123079181520238556e-02
6.589900000000000000e+04,3.428597096650307791e-02,5.344267268876445875e-02
6.590000000000000000e+04,3.309806293493983836e-02,7.517462024867982429e-02
6.590100000000000000e+04,1.069542467430167204e-02,6.334951415252221274e-02
6.590200000000000000e+04,2.293925023685903716e-02,6.500495219945645609e-02
6.590300000000000000e+04,2.881585886129214499e-02,8.684167065960757270e-02
6.590400000000000000e+04,3.426549901748521948e-02,8.340965461862714925e-02
6.590500000000000000e+04,2.840926851653910457e-02,1.059804810027098476e-01
6.590600000000000000e+04,7.486129808081960942e-03,8.064008680304635135e-02
6.590700000000000000e+04,1.681495643999953923e-02,7.840876538278274133e-02
6.590800000000000000e+04,2.689065101242251246e-02,6.726366353074753057e-02
6.590900000000000000e+04,1.576678052070005359e-02,1.028012978844980996e-01
6.591000000000000000e+04,9.942619275398259515e-04,8.697241734804150859e-02
6.591100000000000000e+04,1.314628683998971849e-02,5.275684271868663622e-02
6.591200000000000000e+04,8.291583614834381263e-03,3.591941221276950813e-02
6.591300000000000000e+04,4.371353939370417954e-03,8.795034414572633352e-03
6.591400000000000000e+04,1.084806220606451127e-02,2.302864038833329907e-02
6.591500000000000000e+04,1.194944016625523915e-02,3.425952805830845271e-02
6.591600000000000000e+04,1.217306382585979507e-02,3.061157860075658377e-02
6.591700000000000000e+04,8.742657386877534381e-03,2.650288683114254695e-02
6.591800000000000000e+04,1.343931482417044104e-02,2.759013028233525677e-02
6.591900000000000000e+04,9.969806560968706710e-03,2.833754989578052275e-02
6.592000000000000000e+04,7.999792699164499227e-03,2.271686996746269394e-02
6.592100000000000000e+04,1.046098146194506667e-02,3.315170351583152097e-02
6.592200000000000000e+04,1.375389558160942070e-02,4.130888715738234573e-02
6.592300000000000000e+04,9.905890575818148899e-03,4.223193782617862269e-02
6.592400000000000000e+04,1.011613061250048358e-02,3.635414529796321403e-02
6.592500000000000000e+04,1.754047223021453980e-02,4.131679823904155224e-02
6.592600000000000000e+04,1.431731755209256218e-02,5.301738245842790853e-02
6.592700000000000000e+04,8.397540022615610986e-03,7.018497296589709666e-02
6.592800000000000000e+04,9.648714777776234985e-03,5.009459159641183046e-02
6.592900000000000000e+04,9.880313220007062858e-03,4.821353655185667275e-02
6.593000000000000000e+04,8.384140608174037168e-03,4.123793414958387693e-02
6.593100000000000000e+04,2.477447385914132577e-02,3.156472338597127170e-02
6.593200000000000000e+04,4.659138362423554530e-02,3.319849687265530314e-02
6.593300000000000000e+04,7.515472819610914679e-02,1.203695725757983892e-01
6.593400000000000000e+04,9.770331377253087257e-02,1.766270486913588678e-01
6.593500000000000000e+04,8.655841273407446912e-03,5.589208524994299099e-02
6.593600000000000000e+04,2.953581730511490450e-02,8.117997368833868022e-02
6.593700000000000000e+04,6.031829953690993201e-02,1.181631673987841302e-01
6.593800000000000000e+04,8.146675920758106315e-02,1.354441911215303884e-01
6.593900000000000000e+04,1.369020887479592552e-01,1.335538365432698271e-01
6.594000000000000000e+04,1.608042222678278399e-01,1.649420522608402162e-01
6.594100000000000000e+04,2.062973304861654422e-01,2.453261276690965331e-01
6.594200000000000000e+04,1.799503965270919104e-01,1.588807650300678997e-01
6.594300000000000000e+04,1.994047005015380514e-01,1.571137339620597706e-01
6.594400000000000000e+04,2.510950227178392336e-01,6.758325366720784044e-02
6.594500000000000000e+04,1.291976619194980767e-02,3.299846181507992138e-01
6.594600000000000000e+04,1.618312545809868497e-01,4.637206286345469941e-01
6.594700000000000000e+04,2.515100461444082502e-01,4.802615045579104458e-01
6.594800000000000000e+04,3.126559446406347864e-01,4.700275457786012856e-01
6.594900000000000000e+04,2.777662542125114986e-01,4.386527401730886400e-01
6.595000000000000000e+04,3.122879556138553059e-01,3.926636535290631835e-01
6.595100000000000000e+04,3.297156069601153150e-01,3.783375690551449844e-01
6.595200000000000000e+04,2.891476464326547813e-01,4.032232172732248543e-01
6.595300000000000000e+04,3.233396014857572442e-01,4.151247187381401083e-01
6.595400000000000000e+04,3.195967111753353906e-01,3.949783905826427244e-01
6.595500000000000000e+04,3.614812906393296554e-01,3.616700106373288426e-01
6.595600000000000000e+04,4.231124702501828372e-01,3.981844669616055876e-01
6.595700000000000000e+04,4.098233587100721942e-01,4.306324902425351375e-01
6.595800000000000000e+04,3.952204175691765853e-01,4.040532311737691229e-01
6.595900000000000000e+04,7.740011158011705049e-03,5.006008534061145987e-02
6.596000000000000000e+04,7.844727790916043719e-03,4.699544017239598581e-02
6.596100000000000000e+04,9.250516954280484788e-03,2.011293405683733937e-02
6.596200000000000000e+04,9.362262575996604247e-03,2.688010352858749563e-02
6.596300000000000000e+04,1.340189769411707921e-02,3.469009907750297828e-02
6.596400000000000000e+04,2.287586997089480212e-02,9.117843208635623142e-03
6.596500000000000000e+04,1.823363041465860673e-02,1.244129723102282981e-02
6.596600000000000000e+04,1.013545114475687160e-02,4.057139245950469597e-02
6.596700000000000000e+04,4.516405638662619564e-03,3.066197646747736982e-02
6.596800000000000000e+04,1.090411538310146790e-02,4.008834148132578434e-03
6.596900000000000000e+04,8.718437883104033365e-03,4.694787976884162717e-03
6.597000000000000000e+04,1.849395487524967824e-02,1.907660205597017100e-02
6.597100000000000000e+04,5.271451116643208028e-03,1.470248031041310188e-02
6.597200000000000000e+04,4.409506841798615726e-03,2.439934277228439363e-03
6.597300000000000000e+04,9.662446889792584981e-03,3.198110880625826269e-03
6.597400000000000000e+04,1.000199818614120641e-02,2.158745921415672342e-02
6.597500000000000000e+04,6.854625072791080062e-03,1.454699949961968386e-02
6.597600000000000000e+04,1.461170981398121453e-02,1.385174606856387491e-02
6.597700000000000000e+04,2.136412350208825861e-02,3.758986573514788709e-02
6.597800000000000000e+04,2.226402398030830065e-02,3.080287269114245774e-02
6.597900000000000000e+04,3.328853388974694488e-02,1.376819147279872979e-02
6.598000000000000000e+04,8.205232971200284928e-03,2.602623618885191448e-02
6.598100000000000000e+04,4.355045231927685487e-03,1.153387898293045666e-02
6.598200000000000000e+04,7.956110190023498200e-04,1.125869147956803928e-02
6.598300000000000000e+04,2.027638472846036294e-02,1.957131891683783209e-02
6.598400000000000000e+04,1.231770189542687015e-02,3.976930392584554497e-02
6.598500000000000000e+04,3.291880299775809537e-02,8.456003596023498048e-02
6.598600000000000000e+04,3.099858797229024590e-02,8.723321510864412431e-02
6.598700000000000000e+04,2.431648755458009140e-02,1.611499313555744273e-01
6.598800000000000000e+04,8.115600287801585933e-02,2.351469814375872769e-01
6.598900000000000000e+04,1.327139240384221375e-01,3.262818854295679305e-01
6.599000000000000000e+04,7.312573476316486243e-02,3.399284441872763018e-01
6.599100000000000000e+04,9.676728213249935484e-02,4.385653897915462451e-01
6.599200000000000000e+04,1.433052955323709521e-01,5.202388103108421813e-01
6.599300000000000000e+04,2.058125814242587615e-01,6.245829710800090417e-01
6.599400000000000000e+04,2.567459369450510454e-01,7.245985179352093519e-01
6.599500000000000000e+04,2.349741664913975736e-01,6.488040815782338822e-01
6.599600000000000000e+04,8.948934161857449721e-02,3.478313938171617714e-01
6.599700000000000000e+04,3.003644019235291937e-02,9.119730075605914088e-02
6.599800000000000000e+04,3.668993698543556586e-02,6.197667953924557160e-02
6.599900000000000000e+04,3.749034618009568220e-02,5.389965871563184852e-02
6.600000000000000000e+04,2.899223040848767849e-02,3.808475715767867253e-02
6.600100000000000000e+04,1.443995876237315346e-02,3.281897836499181320e-02
6.600200000000000000e+04,1.653525719803248042e-02,8.355862686459047950e-03
6.600300000000000000e+04,2.146549256418879559e-02,1.108426520767458179e-02
6.600400000000000000e+04,1.226131365999667822e-02,2.999482871684189256e-02
6.600500000000000000e+04,1.731724144246854849e-02,8.663723624928953981e-03
6.600600000000000000e+04,1.867075016427033329e-02,3.851819689108770817e-02
6.600700000000000000e+04,1.953935660470173738e-02,4.469159116765464290e-02
6.600800000000000000e+04,3.140093875418985964e-02,1.141556085579309432e-02
6.600900000000000000e+04,2.680584517842715328e-02,3.005869871506638979e-02
6.601000000000000000e+04,2.827721726656787574e-02,2.153070231181719585e-02
6.601100000000000000e+04,3.186694535246033244e-02,3.192522249199392093e-02
6.601200000000000000e+04,3.030513408955074969e-02,4.795381555183841904e-02
6.601300000000000000e+04,3.005069897836562531e-02,4.574615215545030367e-02
6.601400000000000000e+04,3.021235611706033289e-02,4.959578122004471012e-02
6.601500000000000000e+04,2.688741755056506602e-02,3.523103904652469254e-02
6.601600000000000000e+04,3.803329019250349663e-02,1.251587852557878300e-02
6.601700000000000000e+04,4.145368448675004064e-02,1.452186984460768215e-02
6.601800000000000000e+04,4.166704412781505745e-02,2.408272810188361035e-02
6.601900000000000000e+04,3.903126428776632767e-02,2.376122600190888612e-02
6.602000000000000000e+04,3.534202376801862805e-02,1.817926571584260742e-02
6.602100000000000000e+04,3.009260159435787202e-02,1.036894850472580565e-02
6.602200000000000000e+04,2.601988773553586334e-02,6.783080608562030989e-03
6.602300000000000000e+04,1.801675325221424942e-02,1.564828578883536991e-02
6.602400000000000000e+04,1.627926663721902464e-02,3.019520025499544680e-02
6.602500000000000000e+04,1.211324727256989087e-02,3.472319172108084828e-02
6.602600000000000000e+04,1.418164297141376665e-02,4.078694481102274061e-02
6.602700000000000000e+04,1.604955289004758243e-02,4.244922588569766120e-02
6.602800000000000000e+04,9.522634404641853317e-03,1.421877865617382497e-02
6.602900000000000000e+04,2.410214736223354609e-02,6.133067327722674378e-04
6.603000000000000000e+04,2.310210279398479741e-02,2.742118392299053298e-02
6.603100000000000000e+04,6.467689762247681717e-02,1.028512971712691737e-02
6.603200000000000000e+04,7.595785656017524368e-02,6.086188521467361667e-03
6.603300000000000000e+04,3.932799200333095269e-02,1.785234278881890901e-01
6.603400000000000000e+04,3.967270550314863295e-03,2.091438558097038491e-01
6.603500000000000000e+04,4.763043936191185129e-02,2.554374106066803485e-01
6.603600000000000000e+04,8.638148900998532387e-02,3.180283294471686339e-01
6.603700000000000000e+04,3.281445355662856306e-02,2.289540470907747149e-02
6.603800000000000000e+04,6.575181103475014055e-02,6.875556480812994309e-02
6.603900000000000000e+04,8.247738112386150677e-02,9.775081708843469386e-02
6.604000000000000000e+04,6.625570849989646793e-02,1.094445095206957319e-01
6.604100000000000000e+04,6.861877287483875154e-02,1.103999285801773311e-01
6.604200000000000000e+04,7.512578846710979419e-02,1.120351944724400362e-01
6.604300000000000000e+04,4.933437180701864821e-02,5.177601077634230720e-02
6.604400000000000000e+04,4.768746615321097643e-02,4.573181129750514273e-02
6.604500000000000000e+04,5.678538230842074264e-02,8.221425282911010157e-02
6.604600000000000000e+04,5.381528354365246181e-02,9.453342742529491360e-02
6.604700000000000000e+04,4.337001342582910007e-02,1.019744111361240435e-01
6.604800000000000000e+04,3.310753685554303910e-02,9.325462761986580418e-02
6.604900000000000000e+04,2.621434448550796076e-02,9.879899906968825363e-02
6.605000000000000000e+04,2.807638883473882047e-02,1.242190829559346454e-01
6.605100000000000000e+04,4.543797086124819196e-02,1.666341522588834501e-01
6.605200000000000000e+04,4.022804815787765081e-02,1.808671066325246990e-01
6.605300000000000000e+04,2.528893888485277130e-02,1.219724951254606005e-01
6.605400000000000000e+04,3.394653757032144864e-02,6.081995398160477961e-02
6.605500000000000000e+04,3.955497314530467129e-02,5.998321939004735981e-03
6.605600000000000000e+04,4.844788835990567616e-02,3.455125623565713511e-02
6.605700000000000000e+04,6.332828308319735089e-02,4.891451165620752661e-02
6.605800000000000000e+04,8.589070985338741193e-02,8.433283929794477274e-02
6.605900000000000000e+04,1.239984945983968467e-01,1.175303026563074837e-01
6.606000000000000000e+04,1.488573222077175517e-01,1.648229083390146954e-01
6.606100000000000000e+04,1.298029187820765873e-01,2.151755565177508878e-01
6.606200000000000000e+04,1.627181547698126618e-01,2.446678002076785319e-01
6.606300000000000000e+04,1.537268212843002912e-01,3.013896028838312091e-01
6.606400000000000000e+04,1.635822955966589887e-01,3.201891878068705566e-01
6.606500000000000000e+04,1.757899823895259228e-01,3.173142832133399871e-01
6.606600000000000000e+04,1.488889644389451150e-01,3.374583570812412781e-01
6.606700000000000000e+04,1.170088355997555146e-01,3.543318558230197368e-01
6.606800000000000000e+04,1.024668143439928653e-01,3.701454088480176097e-01
6.606900000000000000e+04,9.746577379332581337e-02,3.736429178196480905e-01
6.607000000000000000e+04,1.310237935495280337e-01,3.605677179538426813e-01
6.607100000000000000e+04,1.682859628146149700e-01,3.580518367905951571e-01
6.607200000000000000e+04,1.697928814625934146e-01,3.504892315537668779e-01
6.607300000000000000e+04,1.847606525168606073e-01,3.524764671408466832e-01
6.607400000000000000e+04,1.962202511848142039e-01,3.611886494499674249e-01
6.607500000000000000e+04,6.767659528887597087e-02,7.109081062525524075e-02
6.607600000000000000e+04,7.574326201100234357e-02,7.670973672383452069e-02
6.607700000000000000e+04,8.802375092267337997e-02,7.278602324653515865e-02
6.607800000000000000e+04,9.328514047130498366e-02,7.023571075405365960e-02
6.607900000000000000e+04,1.028504942774521591e-01,6.278285653296533653e-02
6.608000000000000000e+04,1.013896404080218139e-01,6.338345536668432700e-02
6.608100000000000000e+04,1.080021938734553877e-01,5.414694439813816373e-02
6.608200000000000000e+04,1.000197409570751511e-01,5.845078075438436827e-02
6.608300000000000000e+04,9.476458202090372318e-02,6.260980413203887096e-02
6.608400000000000000e+04,8.819304500461659646e-02,6.822681311404821258e-02
6.608500000000000000e+04,8.266184137889932837e-02,7.497502123028443322e-02
6.608600000000000000e+04,7.937860316929064297e-02,8.267378945317460648e-02
6.608700000000000000e+04,7.278544070588896520e-02,8.931081578561395062e-02
6.608800000000000000e+04,7.170340165622827999e-02,9.039760552283571116e-02
6.608900000000000000e+04,7.103911048925910798e-02,9.132035248424363871e-02
6.609000000000000000e+04,7.804709566404358090e-02,9.157458208757773832e-02
6.609100000000000000e+04,7.720514278680173925e-02,8.648223074326732984e-02
6.609200000000000000e+04,7.470439945565343631e-02,8.192478779568590497e-02
6.609300000000000000e+04,7.849557059775068291e-02,8.397283695755319854e-02
6.609400000000000000e+04,5.939811755757846284e-02,9.400981207168790377e-02
6.609500000000000000e+04,5.548695228008720254e-02,9.190916266706983251e-02
6.609600000000000000e+04,4.736380094572969351e-02,9.495636261631590358e-02
6.609700000000000000e+04,3.701347070630416070e-02,1.703224715509614740e-01
6.609800000000000000e+04,3.701227277542015054e-02,1.648507816471429521e-01
6.609900000000000000e+04,3.991499919884031883e-02,1.488497271111750564e-01
6.610000000000000000e+04,3.842580888811601703e-02,1.486210265977940814e-01
6.610100000000000000e+04,3.571559416443016721e-02,1.504919608652621754e-01
6.610200000000000000e+04,3.837683459598306701e-02,1.558490930301106303e-01
6.610300000000000000e+04,4.744673365715233043e-02,1.531157057725804904e-01
6.610400000000000000e+04,7.261000368154606199e-02,1.105778723292409893e-01
6.610500000000000000e+04,3.616395801181371272e-02,1.702092207058281126e-01
6.610600000000000000e+04,3.699595195307037870e-02,1.672144602229703736e-01
6.610700000000000000e+04,6.628785548574823994e-02,1.094471673261572242e-01
6.610800000000000000e+04,7.545114736032268454e-02,7.202433976295852247e-02
6.610900000000000000e+04,7.526689510754781820e-02,6.597734320396853036e-02
6.611000000000000000e+04,7.140083401743628488e-02,6.806827815196880849e-02
6.611100000000000000e+04,6.994092146942036681e-02,6.783037059707508476e-02
6.611200000000000000e+04,6.325674277906873089e-02,6.511366954827257914e-02
6.611300000000000000e+04,6.273127783288764969e-02,6.109185742003964137e-02
6.611400000000000000e+04,6.132195978991551027e-02,6.607280857172304067e-02
6.611500000000000000e+04,6.134535773963610550e-02,6.591286593592693421e-02
6.611600000000000000e+04,6.432905986921214070e-02,6.961686039749626076e-02
6.611700000000000000e+04,6.196348298838139784e-02,6.929677531895395148e-02
6.611800000000000000e+04,6.080870387057445842e-02,7.040163948444222441e-02
6.611900000000000000e+04,5.780422120538616232e-02,7.007032551345604432e-02
6.612000000000000000e+04,5.905853784354202218e-02,7.159949027749190620e-02
6.612100000000000000e+04,4.909788652065125852e-02,7.649401916559073200e-02
6.612200000000000000e+04,5.202641715039819925e-02,7.373697797215106320e-02
6.612300000000000000e+04,5.372269872358667597e-02,7.236009222010508779e-02
6.612400000000000000e+04,5.525570813442520768e-02,7.278368045117522556e-02
6.612500000000000000e+04,5.376841165967850833e-02,7.502050074387511813e-02
6.612600000000000000e+04,5.407303393803848668e-02,7.366486811308270433e-02
6.612700000000000000e+04,4.968555610393175781e-02,5.859364675419476143e-02
6.612800000000000000e+04,3.050552370243651140e-02,3.323951921434309398e-02
6.612900000000000000e+04,3.010552756998566282e-02,7.126746845982401268e-02
6.613000000000000000e+04,5.686883546938872186e-02,8.109075287300671064e-02
6.613100000000000000e+04,5.897774187060398493e-02,5.001418830766679591e-02
6.613200000000000000e+04,4.204602667438087776e-02,7.777791925166033238e-02
6.613300000000000000e+04,5.038444312461776847e-02,2.630468109204420202e-02
6.613400000000000000e+04,3.927679346183179238e-02,4.975247784785752359e-02
6.613500000000000000e+04,3.744627793113052688e-02,7.627982296571644838e-02
6.613600000000000000e+04,2.083524697689202732e-02,1.342355638163552634e-01
6.613700000000000000e+04,3.522905883368687707e-02,1.358656581270065722e-01
6.613800000000000000e+04,4.187683571673483235e-02,1.150779080119974651e-01
6.613900000000000000e+04,4.668282016919043237e-02,1.296825167102930720e-01
6.614000000000000000e+04,4.070155630522809265e-02,1.622949248846210502e-01
6.614100000000000000e+04,4.164041749434771456e-02,8.658844011773325633e-02
6.614200000000000000e+04,3.807575380363658474e-02,8.178328810381207958e-02
6.614300000000000000e+04,3.513110500745879328e-02,4.894551707033834020e-02
6.614400000000000000e+04,3.656097433956987525e-02,5.945249404073926769e-02
6.614500000000000000e+04,2.815622042793512747e-02,9.119613815849092475e-02
6.614600000000000000e+04,1.360845995846939049e-01,8.209104902301334050e-02
6.614700000000000000e+04,1.414978362488635566e-01,6.160579927778808695e-02
6.614800000000000000e+04,2.245994548203494867e-01,1.022043418440121698e-01
6.614900000000000000e+04,3.310790983621557659e-01,1.847492530337491168e-01
6.615000000000000000e+04,4.394633914092158644e-01,2.770294019527352880e-01
6.615100000000000000e+04,4.109390134331768474e-01,3.736289632104883296e-01
6.615200000000000000e+04,4.980099914133839234e-01,4.823895777570990084e-01
6.615300000000000000e+04,5.265622815044624927e-01,6.070432506675542683e-01
6.615400000000000000e+04,4.817875431272885534e-01,7.117789471822284497e-01
6.615500000000000000e+04,4.092445538554744244e-01,7.857904304521827754e-01
6.615600000000000000e+04,4.301541609204282968e-01,9.639391908692083177e-01
6.615700000000000000e+04,3.486187796611701639e-01,1.023692870718213577e+00
6.615800000000000000e+04,3.244460941767456919e-01,1.277470804749478273e+00
6.615900000000000000e+04,3.670196114324441594e-01,1.384901245607333742e+00
6.616000000000000000e+04,4.033904443958153951e-01,1.473859155424095846e+00
6.616100000000000000e+04,4.173427891196371253e-01,1.540275341068879644e+00
6.616200000000000000e+04,4.587728044460351318e-01,1.606209471693546664e+00
6.616300000000000000e+04,4.456846237334105010e-01,1.655325784143069967e+00
6.616400000000000000e+04,4.259078721169435866e-01,1.624461878771176870e+00
6.616500000000000000e+04,4.892742091389538639e-01,1.750391232174467682e+00
6.616600000000000000e+04,4.486727301196999917e-01,1.549662339023900159e+00
6.616700000000000000e+04,4.157797291050510657e-01,1.391463915561992781e+00
6.616800000000000000e+04,3.848381892667445681e-01,1.320976932392113667e+00
6.616900000000000000e+04,3.759720211334757756e-01,1.364303029743944684e+00
6.617000000000000000e+04,3.840201787382094833e-01,1.393245239870768870e+00
6.617100000000000000e+04,4.017835941398967270e-01,1.427373290966291286e+00
6.617200000000000000e+04,4.232208003930484352e-01,1.473075802401990320e+00
6.617300000000000000e+04,4.275674227145068729e-01,1.519896922817041585e+00
6.617400000000000000e+04,4.365096437405626140e-01,1.583073896266266711e+00
6.617500000000000000e+04,4.127341680364314813e-01,1.703440251528755667e+00
6.617600000000000000e+04,4.709285423874247090e-01,1.716427042301748696e+00
6.617700000000000000e+04,4.545230300939739898e-01,1.815111316232131511e+00
6.617800000000000000e+04,4.615387778881060998e-01,1.841646369488535662e+00
6.617900000000000000e+04,4.617303627590797488e-01,1.907862783810593488e+00
6.618000000000000000e+04,4.610718778833689524e-01,1.926354056859524100e+00
6.618100000000000000e+04,5.382006833767114529e-01,1.928962481236455417e+00
6.618200000000000000e+04,5.878468516353696494e-01,2.027787687017989615e+00
6.618300000000000000e+04,6.042717688665795173e-01,2.012135345283928789e+00
6.618400000000000000e+04,6.395953478614858634e-01,2.077066384359778084e+00
6.618500000000000000e+04,6.709852036054008151e-01,2.128528668813565172e+00
6.618600000000000000e+04,6.929034088433277949e-01,2.158249308403472178e+00
6.618700000000000000e+04,7.523347559914507210e-01,2.229549372020593889e+00
6.618800000000000000e+04,8.569000660852952311e-01,2.441232489440921860e+00
6.618900000000000000e+04,9.560352509005858312e-01,2.406645643862689088e+00
6.619000000000000000e+04,1.057128699205026168e+00,2.368169457704170977e+00
6.619100000000000000e+04,1.063446738793433433e+00,2.403398231559909171e+00
6.619200000000000000e+04,1.045200511980152402e+00,2.430685063142473457e+00
6.619300000000000000e+04,9.981827503815177138e-01,2.367631785513117038e+00
6.619400000000000000e+04,9.788425961082286575e-01,2.302188418173309881e+00
6.619500000000000000e+04,9.935153732390985537e-01,2.289535511025094117e+00
6.619600000000000000e+04,1.015281061343489721e+00,2.268165703654465126e+00
6.619700000000000000e+04,1.011299428340688422e+00,2.321199795755002349e+00
6.619800000000000000e+04,9.937066442732486182e-01,2.282461194059982823e+00
6.619900000000000000e+04,9.776713460784587362e-01,2.252975292797874118e+00
6.620000000000000000e+04,1.007334374131059862e+00,2.205128899993828107e+00
6.620100000000000000e+04,1.064437990235140630e+00,2.152110145739397851e+00
6.620200000000000000e+04,1.086841949448193789e+00,2.146138286733019207e+00
6.620300000000000000e+04,1.116688847969344867e+00,2.081793387787333138e+00
6.620400000000000000e+04,1.125318584622872820e+00,2.026842426182856371e+00
6.620500000000000000e+04,1.149092670882208900e+00,2.091949861594732063e+00
6.620600000000000000e+04,1.183710741906961017e+00,2.100573455818861568e+00
6.620700000000000000e+04,1.205339176949095981e+00,2.128851883460153971e+00
6.620800000000000000e+04,1.181496875223652099e+00,2.125087391300611195e+00
6.620900000000000000e+04,1.153612243934579951e+00,2.138702598479119921e+00
6.621000000000000000e+04,1.152508527888568945e+00,2.099911389422798536e+00
6.621100000000000000e+04,1.077747340476275628e+00,2.114086326951201578e+00
6.621200000000000000e+04,1.150137263228552698e+00,2.032698369707118147e+00
6.621300000000000000e+04,1.185196067239740580e+00,2.139899106141338159e+00
6.621400000000000000e+04,1.173218027069214742e+00,2.105328547865167543e+00
6.621500000000000000e+04,1.157333799093630988e+00,2.072201452374601516e+00
6.621600000000000000e+04,1.148191825939755439e+00,2.022187486375779386e+00
6.621700000000000000e+04,1.095955205744017835e+00,1.984006659368773740e+00
6.621800000000000000e+04,1.091308039594215851e+00,1.985849460813829737e+00
6.621900000000000000e+04,1.081357000490952291e+00,1.944724102200220628e+00
6.622000000000000000e+04,1.047376210229840288e+00,1.857116421514108495e+00
6.622100000000000000e+04,1.050465962853494029e+00,1.868784484598043250e+00
6.622200000000000000e+04,1.095905659658133802e+00,2.037611109638802986e+00
6.622300000000000000e+04,1.080284344028414667e+00,2.033832474255303779e+00
6.622400000000000000e+04,1.077559469002838943e+00,2.037941714263974191e+00
6.622500000000000000e+04,1.065446803210769122e+00,2.043201720451204295e+00
6.622600000000000000e+04,1.043318447722027864e+00,2.041499924556825718e+00
6.622700000000000000e+04,1.025782733202785790e+00,2.031775727937404241e+00
6.622800000000000000e+04,1.040720035163022805e+00,2.074396390796096057e+00
6.622900000000000000e+04,1.044431479260644835e+00,2.098654837198182577e+00
6.623000000000000000e+04,1.042285072246751376e+00,2.096184396361872260e+00
6.623100000000000000e+04,1.013939744045893043e+00,2.080421742360957893e+00
6.623200000000000000e+04,9.967397920104076325e-01,2.050725287377561656e+00
6.623300000000000000e+04,9.855522618409114921e-01,2.030700231984875259e+00
6.623400000000000000e+04,9.671181888005963012e-01,1.996530162915941986e+00
6.623500000000000000e+04,9.311695503924316553e-01,1.958227254590518385e+00
6.623600000000000000e+04,9.208038051776185062e-01,1.901873566479007849e+00
6.623700000000000000e+04,9.018157450976644895e-01,1.857042133908169745e+00
6.623800000000000000e+04,8.823874405809217780e-01,1.813678414403240069e+00
6.623900000000000000e+04,8.685459759104388056e-01,1.782474394567570286e+00
6.624000000000000000e+04,8.571707222523149428e-01,1.756652058407246031e+00
6.624100000000000000e+04,8.348607555714097073e-01,1.743830277152438768e+00
6.624200000000000000e+04,8.300804686926698261e-01,1.739725813519298114e+00
6.624300000000000000e+04,8.266349794853647959e-01,1.729348990646409234e+00
6.624400000000000000e+04,8.184137632519603578e-01,1.721171673127704693e+00
6.624500000000000000e+04,8.109053195185180751e-01,1.716190585321056616e+00
6.624600000000000000e+04,8.025187597216796309e-01,1.704782951542016534e+00
6.624700000000000000e+04,7.891924998432473526e-01,1.689815824762352037e+00
6.624800000000000000e+04,7.739631561893628442e-01,1.676510698253014908e+00
6.624900000000000000e+04,7.588245073476131974e-01,1.658835699666747487e+00
6.625000000000000000e+04,7.459426569884880509e-01,1.641254891684349460e+00
6.625100000000000000e+04,7.342292291398638815e-01,1.620796983234514599e+00
6.625200000000000000e+04,7.226992257284062804e-01,1.606518430636748818e+00
6.625300000000000000e+04,7.127588998231475514e-01,1.594107915172266132e+00
6.625400000000000000e+04,7.001735017601257161e-01,1.574856652761218001e+00
6.625500000000000000e+04,6.900672548996635847e-01,1.552515450660052920e+00
6.625600000000000000e+04,6.788027260320245171e-01,1.524966328918829106e+00
6.625700000000000000e+04,6.662277969488553664e-01,1.497258709195977033e+00
6.625800000000000000e+04,6.528559577324648533e-01,1.467994594545869447e+00
6.625900000000000000e+04,6.397697533787155555e-01,1.440416318733111822e+00
6.626000000000000000e+04,6.274973049894373434e-01,1.417906546929856404e+00
6.626100000000000000e+04,6.162003207526952631e-01,1.392654279163341613e+00
6.626200000000000000e+04,6.042651629941528935e-01,1.369066260109420341e+00
6.626300000000000000e+04,5.931089964667923820e-01,1.345140905684885979e+00
6.626400000000000000e+04,5.868453747415927069e-01,1.320578054157897085e+00
6.626500000000000000e+04,5.781695552326809873e-01,1.286780732454445797e+00
6.626600000000000000e+04,5.743117352904451023e-01,1.265910281406215532e+00
6.626700000000000000e+04,5.691167333145751295e-01,1.241902511894535266e+00
6.626800000000000000e+04,5.597477418943320737e-01,1.223692466000382950e+00
6.626900000000000000e+04,5.498937717133144387e-01,1.204883915302040975e+00
6.627000000000000000e+04,5.397952651739743590e-01,1.193406936473675017e+00
6.627100000000000000e+04,5.205628956405869978e-01,1.150164559141877874e+00
6.627200000000000000e+04,5.124009248122528559e-01,1.133926000746249940e+00
6.627300000000000000e+04,5.011064085718439642e-01,1.131814128730884050e+00
6.627400000000000000e+04,4.945838709738852867e-01,1.124354989351536105e+00
6.627500000000000000e+04,4.947757909638719753e-01,1.126048852673479317e+00
6.627600000000000000e+04,4.804113811792040667e-01,1.118602654512638850e+00
6.627700000000000000e+04,4.703794292068774752e-01,1.106041297517524669e+00
6.627800000000000000e+04,4.601095531917496206e-01,1.089181277588746610e+00
6.627900000000000000e+04,4.494940204062726208e-01,1.072627210495102901e+00
6.628000000000000000e+04,4.361295201671382404e-01,1.058002514785474801e+00
6.628100000000000000e+04,4.262329155051733931e-01,1.048814460119416481e+00
6.628200000000000000e+04,4.152100213975680743e-01,1.035112538575281960e+00
6.628300000000000000e+04,4.017472386209842705e-01,1.026915494902100434e+00
6.628400000000000000e+04,3.899196722879306187e-01,1.020073692472356797e+00
6.628500000000000000e+04,3.762813815011212815e-01,1.012722556573448784e+00
6.628600000000000000e+04,3.633711920693393216e-01,1.007991429739895750e+00
6.628700000000000000e+04,3.532482448705762113e-01,9.951136501444199922e-01
6.628800000000000000e+04,3.451737147217842638e-01,9.860813185967671757e-01
6.628900000000000000e+04,3.372673529103817347e-01,9.743271928190129216e-01
6.629000000000000000e+04,3.311518875349248603e-01,9.601507526399544190e-01
6.629100000000000000e+04,3.234850382774283051e-01,9.507990090533162686e-01
6.629200000000000000e+04,3.159166632899105265e-01,9.410118643623217594e-01
6.629300000000000000e+04,3.093103004297933500e-01,9.321368190240395535e-01
6.629400000000000000e+04,3.039291287262103625e-01,9.257006269662433340e-01
6.629500000000000000e+04,2.997180320314198343e-01,9.181713687707873106e-01
6.629600000000000000e+04,2.959243023521955784e-01,9.168447781276611863e-01
6.629700000000000000e+04,2.900987711081349785e-01,9.146049729499949876e-01
6.629800000000000000e+04,2.853094139132894558e-01,9.136250132624823550e-01
6.629900000000000000e+04,2.800531552470009733e-01,9.093662323937756753e-01
6.630000000000000000e+04,2.758724259991348071e-01,9.034293190534423701e-01
6.630100000000000000e+04,2.425863505548457588e-01,8.636942618524550142e-01
6.630200000000000000e+04,2.379948676497394833e-01,8.554804228266998933e-01
6.630300000000000000e+04,2.412616053150958562e-01,8.511649372278835557e-01
6.630400000000000000e+04,2.418764534898480145e-01,8.452856420251233516e-01
6.630500000000000000e+04,2.577660348232769238e-01,8.518319991007246017e-01
6.630600000000000000e+04,2.479304394570188974e-01,8.441431390185361039e-01
6.630700000000000000e+04,2.410835043493713692e-01,8.368476457068592111e-01
6.630800000000000000e+04,2.309124059798733364e-01,8.290812306371950768e-01
6.630900000000000000e+04,1.950058830595445269e-01,8.279201090015533282e-01
6.631000000000000000e+04,2.318641891172917302e-01,8.154502946518551454e-01
6.631100000000000000e+04,2.150362880577218749e-01,7.947055221433245720e-01
6.631200000000000000e+04,2.133660295992932110e-01,7.866906409222842456e-01
6.631300000000000000e+04,2.161843348242453444e-01,7.777300484892606391e-01
6.631400000000000000e+04,2.157197162192169837e-01,7.645443613206115430e-01
6.631500000000000000e+04,2.194215657738040892e-01,7.629610584055033229e-01
6.631600000000000000e+04,2.113110172956732535e-01,7.589785440357506019e-01
6.631700000000000000e+04,2.195529397643077862e-01,7.410121231272590592e-01
6.631800000000000000e+04,2.138734126632055033e-01,7.360271261485440419e-01
6.631900000000000000e+04,3.079995168266896552e-02,2.878196495259821575e-02
6.632000000000000000e+04,2.700507537746898307e-02,1.954626512471513422e-02
6.632100000000000000e+04,2.667286161936438527e-02,1.410160276835981108e-02
6.632200000000000000e+04,2.585447210496460979e-02,5.127034690488585511e-04
6.632300000000000000e+04,3.789092032115686653e-02,4.351282199721140387e-03
6.632400000000000000e+04,5.616306147088312439e-02,1.210986133134994702e-02
6.632500000000000000e+04,5.289469676793237540e-02,2.647823883224731389e-02
6.632600000000000000e+04,1.365553940818036056e-02,1.108086268950714270e-02
6.632700000000000000e+04,5.123036505620497116e-02,5.438452834729545771e-02
6.632800000000000000e+04,5.766078820668413263e-02,8.282144748049091731e-02
6.632900000000000000e+04,6.629705104079902656e-02,8.540676980449646294e-02
6.633000000000000000e+04,6.642590567780402855e-02,8.996365200288813924e-02
6.633100000000000000e+04,2.784148412602539813e-02,3.803504289087911161e-02
6.633200000000000000e+04,2.586366750779264118e-02,7.534714609066739399e-03
6.633300000000000000e+04,2.863405802855942262e-02,2.094689059945231691e-02
6.633400000000000000e+04,3.490908180093715840e-02,2.395346473706894130e-02
6.633500000000000000e+04,3.119499745334338922e-02,3.749081952866717415e-03
6.633600000000000000e+04,3.286480217862902675e-02,1.004675835091717317e-02
6.633700000000000000e+04,3.455991324586731722e-02,1.820748670437311034e-02
6.633800000000000000e+04,3.708291645290479749e-02,1.872137951692565139e-02
6.633900000000000000e+04,3.902885953691540011e-02,3.580341026048827757e-02
6.634000000000000000e+04,3.266766413042103412e-02,1.028406553782801325e-02
6.634100000000000000e+04,5.115595481675062201e-02,1.737140052817132130e-02
6.634200000000000000e+04,4.014104389665131695e-02,3.674683064607009442e-02
6.634300000000000000e+04,3.939286455583414226e-02,5.259455123190726056e-02
6.634400000000000000e+04,4.594534632976012001e-02,6.023612715564574671e-02
6.634500000000000000e+04,4.346175556482224228e-02,7.682870831076904494e-02
6.634600000000000000e+04,3.731909232296336948e-02,6.907446193882904595e-02
6.634700000000000000e+04,4.458948025879477112e-02,5.905190078859057223e-02
6.634800000000000000e+04,5.487869074121911467e-02,8.570378678180823329e-02
6.634900000000000000e+04,4.874222287262656300e-02,9.081779726188798918e-02
6.635000000000000000e+04,3.713825208381418830e-02,1.052609925423535486e-01
6.635100000000000000e+04,4.276569394171653160e-02,8.318115808815029766e-02
6.635200000000000000e+04,5.139718445203898117e-02,1.049932176278485230e-01
6.635300000000000000e+04,5.756395927235655186e-02,1.223797304425318089e-01
6.635400000000000000e+04,7.178432290603026233e-02,1.075160995184756274e-01
6.635500000000000000e+04,2.565133538083173015e-01,5.931723746796500052e-01
6.635600000000000000e+04,2.567821059947551499e-01,6.595372118304396736e-01
6.635700000000000000e+04,2.713209543371989385e-01,7.177690440392989757e-01
6.635800000000000000e+04,2.781187854283395655e-01,7.963553005233361404e-01
6.635900000000000000e+04,2.668665675057136921e-01,8.479529988733141010e-01
6.636000000000000000e+04,3.271951200010023708e-01,8.273708395307455277e-01
6.636100000000000000e+04,3.328317065643716655e-01,9.267631444589952139e-01
6.636200000000000000e+04,3.313218017499976464e-01,9.237451087379042747e-01
6.636300000000000000e+04,3.373353026964103218e-01,9.487721881419837189e-01
6.636400000000000000e+04,3.417284656185528013e-01,9.698465910746012497e-01
6.636500000000000000e+04,3.310957768639731791e-01,9.482974179293428563e-01
6.636600000000000000e+04,3.286723879763505107e-01,9.352140644546285131e-01
6.636700000000000000e+04,3.344227162191335534e-01,9.363920124343891871e-01
6.636800000000000000e+04,3.423360642011414878e-01,9.553431587199199271e-01
6.636900000000000000e+04,3.468396357395524543e-01,9.548035647812476157e-01
6.637000000000000000e+04,3.410097560935494987e-01,9.340437268309571550e-01
6.637100000000000000e+04,3.568933951650809511e-01,9.802077024382871429e-01
6.637200000000000000e+04,3.600360947727745398e-01,9.776450653797912338e-01
6.637300000000000000e+04,3.598902048999036429e-01,9.792180868887694345e-01
6.637400000000000000e+04,3.560099668138887452e-01,9.773741447643935487e-01
6.637500000000000000e+04,3.550332285424872003e-01,9.746432211598641260e-01
6.637600000000000000e+04,3.524989713167219763e-01,9.720498451885344338e-01
6.637700000000000000e+04,3.532601920457153488e-01,9.704122863652013820e-01
6.637800000000000000e+04,3.534773291568244491e-01,9.699330017612606269e-01
6.637900000000000000e+04,3.519447537149012484e-01,9.684665550953130975e-01
6.638000000000000000e+04,3.505380028470872489e-01,9.662880901017167901e-01
6.638100000000000000e+04,3.511920717713994389e-01,9.642586678836586600e-01
6.638200000000000000e+04,3.513472769848159927e-01,9.655575455963774090e-01
6.638300000000000000e+04,3.535298116396882184e-01,9.634414300199907188e-01
6.638400000000000000e+04,3.532860267844766256e-01,9.614746195808994145e-01
6.638500000000000000e+04,3.516000736153897521e-01,9.590135611161620943e-01
6.638600000000000000e+04,3.530366140667522412e-01,9.538507112094851692e-01
6.638700000000000000e+04,3.536500948023142410e-01,9.455782712446847427e-01
6.638800000000000000e+04,3.608557416222929470e-01,9.447471706710679484e-01
6.638900000000000000e+04,3.611550382704982742e-01,9.471238603014171531e-01
6.639000000000000000e+04,3.591768052721637794e-01,9.470107347759579852e-01
6.639100000000000000e+04,3.793559050154207690e-01,1.013174222699966265e+00
6.639200000000000000e+04,3.690763959651480186e-01,1.082463094059573194e+00
6.639300000000000000e+04,3.755790894543009628e-01,1.067196267300570156e+00
6.639400000000000000e+04,3.778855037134898898e-01,1.051342135850219961e+00
6.639500000000000000e+04,3.835096360820535177e-01,1.045421578794179851e+00
6.639600000000000000e+04,3.971898872354869825e-01,1.043078217524300300e+00
6.639700000000000000e+04,3.633845953468730072e-01,1.012832390158873608e+00
6.639800000000000000e+04,3.746472289028890956e-01,1.032446050254307579e+00
6.639900000000000000e+04,4.762722809663261780e-01,1.115723665177284829e+00
6.640000000000000000e+04,5.096882191549189089e-01,1.160501518838458423e+00
6.640100000000000000e+04,5.688036838121965921e-01,1.185272146935297144e+00
6.640200000000000000e+04,6.331529322622875267e-01,1.240442562633237600e+00
6.640300000000000000e+04,6.392565035664613537e-01,1.273601184584872925e+00
6.640400000000000000e+04,6.900691217527089583e-01,1.260636598426820854e+00
6.640500000000000000e+04,7.661951692075121834e-01,1.287169963490224944e+00
6.640600000000000000e+04,8.325935526520925611e-01,1.266066489409151785e+00
6.640700000000000000e+04,8.484897560805654271e-01,1.310623985481118581e+00
6.640800000000000000e+04,8.682238989278464603e-01,1.332169135394615012e+00
6.640900000000000000e+04,8.839119608246508442e-01,1.326313098260222034e+00
6.641000000000000000e+04,9.001557795489811831e-01,1.335523147919417397e+00
6.641100000000000000e+04,8.940329275344551796e-01,1.336044758850228220e+00
6.641200000000000000e+04,8.814668275161561262e-01,1.330222645695950945e+00
6.641300000000000000e+04,8.730364667744771046e-01,1.322600276086681959e+00
6.641400000000000000e+04,8.688997175130084294e-01,1.315117676060097551e+00
6.641500000000000000e+04,9.763000396778134249e-01,1.140447136744487722e+00
6.641600000000000000e+04,9.741910056584078825e-01,1.135556941536453479e+00
6.641700000000000000e+04,9.606758140831129777e-01,1.133744644970700932e+00
6.641800000000000000e+04,8.885649130730752798e-01,1.057797772741494668e+00
6.641900000000000000e+04,8.896789911693137043e-01,1.058231098961893935e+00
6.642000000000000000e+04,8.912450130580612528e-01,1.064020385242589128e+00
6.642100000000000000e+04,8.834529711990078971e-01,1.062459379702243467e+00
6.642200000000000000e+04,8.824967831252850115e-01,1.063499013763525625e+00
6.642300000000000000e+04,8.771875299271864046e-01,1.063248363096718663e+00
6.642400000000000000e+04,8.817760592075266635e-01,1.068126535351524353e+00
6.642500000000000000e+04,8.823393636608741764e-01,1.072804539747146180e+00
6.642600000000000000e+04,8.815075515463777212e-01,1.076378603392480926e+00
6.642700000000000000e+04,8.863913614296570209e-01,1.077223189783872215e+00
6.642800000000000000e+04,8.872060549848130862e-01,1.078300120871556800e+00
6.642900000000000000e+04,8.841607050320546834e-01,1.085297984735838384e+00
6.643000000000000000e+04,8.843242249884203376e-01,1.086174854405193457e+00
6.643100000000000000e+04,8.868633354700476978e-01,1.088694547073682628e+00
6.643200000000000000e+04,8.888363506800316394e-01,1.090544824353631981e+00
6.643300000000000000e+04,8.895621715846555588e-01,1.092895794401457010e+00
6.643400000000000000e+04,8.931481127700922062e-01,1.096287431333468732e+00
6.643500000000000000e+04,8.937468544610290833e-01,1.099027901652764427e+00
6.643600000000000000e+04,8.962698724305208087e-01,1.100030274821389042e+00
6.643700000000000000e+04,8.976063748884031135e-01,1.103075167152454128e+00
6.643800000000000000e+04,8.930967483414758989e-01,1.105101848403965192e+00
6.643900000000000000e+04,8.928651259630200343e-01,1.105797019118448077e+00
6.644000000000000000e+04,8.949128055103472423e-01,1.107334259314459501e+00
6.644100000000000000e+04,8.977743175665795494e-01,1.108694072938142483e+00
6.644200000000000000e+04,8.970341964423614867e-01,1.111215685416031107e+00
6.644300000000000000e+04,8.995372736810397507e-01,1.115481252756744368e+00
6.644400000000000000e+04,9.012485999751151944e-01,1.119008389496240596e+00
6.644500000000000000e+04,9.047749042859312141e-01,1.122201340094310495e+00
6.644600000000000000e+04,9.022900091439567394e-01,1.121974816254954987e+00
6.644700000000000000e+04,9.068591363423474938e-01,1.122575829712399553e+00
6.644800000000000000e+04,9.057155889555563721e-01,1.127714040334293344e+00
6.644900000000000000e+04,9.081986402735727770e-01,1.139200244616436208e+00
6.645000000000000000e+04,9.089264818105513566e-01,1.153219341301838341e+00
6.645100000000000000e+04,9.111479971174687442e-01,1.148192431561493976e+00
6.645200000000000000e+04,9.177137431646504862e-01,1.158538391621782182e+00
6.645300000000000000e+04,9.193419449321743597e-01,1.162408854850735196e+00
6.645400000000000000e+04,9.150000101719366619e-01,1.160187049362246370e+00
6.645500000000000000e+04,9.142581712521692383e-01,1.155797255287197345e+00
6.645600000000000000e+04,9.120038883383306816e-01,1.154773804088844003e+00
6.645700000000000000e+04,8.765343986634734907e-01,1.156399817664592433e+00
6.645800000000000000e+04,8.722040287702863548e-01,1.156573917220761416e+00
6.645900000000000000e+04,9.108632607987467988e-01,1.132236278881329383e+00
6.646000000000000000e+04,9.460752382690688078e-01,1.115096661267187983e+00
6.646100000000000000e+04,9.883811447100672165e-01,1.100174687986552158e+00
6.646200000000000000e+04,1.007385388359124168e+00,1.089586939248828656e+00
6.646300000000000000e+04,1.028227706796218444e+00,1.073764471703178458e+00
6.646400000000000000e+04,1.057950944662986892e+00,1.069633327666128508e+00
6.646500000000000000e+04,1.105777032225296885e+00,1.069490693399561820e+00
6.646600000000000000e+04,1.135437830472056264e+00,1.065679161717270063e+00
6.646700000000000000e+04,1.196641592984241775e+00,1.056275077230584003e+00
6.646800000000000000e+04,1.252747528800972177e+00,1.046985935558566894e+00
6.646900000000000000e+04,1.335811488584319751e+00,1.019697100909919385e+00
6.647000000000000000e+04,1.424882745335783296e+00,1.013522842852797368e+00
6.647100000000000000e+04,1.511225122375132957e+00,1.015172171566330661e+00
6.647200000000000000e+04,1.642459995413461771e+00,9.939690478425831088e-01
6.647300000000000000e+04,1.784902465653459780e+00,9.592346369829307662e-01
6.647400000000000000e+04,1.927730347781829723e+00,9.335349501599843336e-01
6.647500000000000000e+04,1.945913609368129737e+00,8.313306012235770481e-01
6.647600000000000000e+04,2.013427819086147430e+00,7.579953732217639129e-01
6.647700000000000000e+04,2.309194161075547758e+00,9.374701112285102056e-01
6.647800000000000000e+04,2.507624505255811709e+00,9.562400953466685394e-01
6.647900000000000000e+04,2.714242891506224442e+00,9.481174372832690267e-01
6.648000000000000000e+04,2.907004088821421917e+00,9.306398724468927242e-01
6.648100000000000000e+04,2.481424920162364156e+00,1.037509097966061944e+00
6.648200000000000000e+04,1.942207859516739132e+00,1.340340940198622377e+00
6.648300000000000000e+04,1.689073102511131408e+00,1.187374084745268732e+00
6.648400000000000000e+04,1.500386493030951174e+00,9.107931390495345170e-01
6.648500000000000000e+04,1.458686723346860115e+00,9.194116427275638159e-01
6.648600000000000000e+04,1.410720333059905629e+00,9.170941908895997585e-01
6.648700000000000000e+04,1.304835508109308595e+00,8.982956606338703409e-01
6.648800000000000000e+04,1.215724520128597774e+00,9.268905306155623691e-01
6.648900000000000000e+04,1.129615071064652421e+00,8.607740798948633199e-01
6.649000000000000000e+04,1.067694710217224729e+00,8.408347922148386999e-01
6.649100000000000000e+04,1.005995470441172435e+00,8.297849509548562708e-01
6.649200000000000000e+04,9.550068519004492051e-01,8.182294360933894950e-01
6.649300000000000000e+04,8.999444561099625428e-01,8.097461237896794728e-01
6.649400000000000000e+04,8.545955813991588101e-01,7.824039233310742247e-01
6.649500000000000000e+04,8.093826939269614940e-01,7.394540734881509536e-01
6.649600000000000000e+04,8.189985844704316120e-01,7.313841525639137586e-01
6.649700000000000000e+04,7.905185067703588420e-01,7.352379128151689258e-01
6.649800000000000000e+04,8.064913465096492651e-01,7.770215139634260026e-01
6.649900000000000000e+04,7.747832280812558814e-01,7.792241513951552179e-01
6.650000000000000000e+04,7.574160836858854218e-01,7.295277250792704393e-01
6.650100000000000000e+04,7.245484210504236078e-01,7.142881543214461004e-01
6.650200000000000000e+04,7.019197554700866704e-01,6.922010755544949490e-01
6.650300000000000000e+04,7.060430333696539051e-01,7.036703080248809528e-01
6.650400000000000000e+04,7.020209520817315418e-01,7.013325091958630964e-01
6.650500000000000000e+04,7.322726238321191072e-01,7.529371975472649581e-01
6.650600000000000000e+04,6.698453651618400118e-01,6.611577033772455536e-01
6.650700000000000000e+04,6.569859404440828721e-01,6.522604357043775281e-01
6.650800000000000000e+04,6.845108583615227005e-01,7.002082472837560800e-01
6.650900000000000000e+04,6.821886253843547632e-01,7.115451051535099936e-01
6.651000000000000000e+04,6.933759029916267691e-01,7.588466750343219047e-01
6.651100000000000000e+04,6.725425154112301129e-01,7.819751270172545787e-01
6.651200000000000000e+04,6.006723990290616655e-01,6.061240003906362972e-01
6.651300000000000000e+04,5.597058941425214762e-01,5.103196909818947802e-01
6.651400000000000000e+04,5.501428374386428954e-01,4.824504241778662106e-01
6.651500000000000000e+04,5.568001091402058345e-01,5.082049318268282434e-01
6.651600000000000000e+04,5.680890324182699125e-01,5.291137852124698782e-01
6.651700000000000000e+04,5.667780963880356682e-01,5.771889377742596139e-01
6.651800000000000000e+04,5.521077348097098714e-01,5.981619012611947284e-01
6.651900000000000000e+04,5.405480054031016612e-01,6.126482084282081075e-01
6.652000000000000000e+04,5.198290572521991892e-01,5.989845349089115700e-01
6.652100000000000000e+04,5.111738538712043978e-01,5.890196122920787758e-01
6.652200000000000000e+04,4.931944849592611591e-01,5.972234173771884258e-01
6.652300000000000000e+04,4.880345840352382503e-01,5.991792140106166897e-01
6.652400000000000000e+04,4.749356724921308670e-01,5.872487308161602471e-01
6.652500000000000000e+04,4.503677241710928314e-01,5.802789369369421024e-01
6.652600000000000000e+04,4.546078488229651215e-01,5.765552231613177980e-01
6.652700000000000000e+04,4.450098268381540989e-01,5.488819660246804233e-01
6.652800000000000000e+04,4.253873309370923561e-01,5.142347838249357039e-01
6.652900000000000000e+04,4.028917862208259981e-01,5.133262955904527303e-01
6.653000000000000000e+04,3.880238026404259633e-01,5.118354415353074671e-01
6.653100000000000000e+04,3.754587296723687073e-01,5.122829726693822749e-01
6.653200000000000000e+04,3.584977740366369070e-01,5.207474500076898494e-01
6.653300000000000000e+04,3.519165110985469358e-01,5.104303465127060235e-01
6.653400000000000000e+04,3.395415130345036947e-01,5.097064247985549912e-01
6.653500000000000000e+04,3.166186598751691283e-01,5.026472089746540917e-01
6.653600000000000000e+04,3.156472277522863190e-01,5.055951679149082167e-01
6.653700000000000000e+04,3.064791111789712530e-01,4.940132444248774846e-01
6.653800000000000000e+04,2.957760690448296148e-01,4.987244852912269266e-01
6.653900000000000000e+04,2.926809256672519011e-01,4.821520440972797417e-01
6.654000000000000000e+04,6.513661043391844041e-02,2.208557686337542236e-02
6.654100000000000000e+04,5.073333039786519227e-02,3.547884239937459938e-02
6.654200000000000000e+04,3.846656220923398706e-02,4.101205994794554499e-02
6.654300000000000000e+04,4.938794121603795606e-02,2.924227820625446839e-02
6.654400000000000000e+04,3.827013607056719419e-02,4.473062081300227533e-02
6.654500000000000000e+04,3.016625254579632584e-02,5.153208347467597150e-02
6.654600000000000000e+04,2.047278826036041596e-02,6.351552366752244438e-02
6.654700000000000000e+04,1.767771942873382421e-02,7.563220860336272722e-02
6.654800000000000000e+04,1.213119652075599075e-02,7.900669271573335095e-02
6.654900000000000000e+04,1.352264723726601635e-02,7.630971832646338271e-02
6.655000000000000000e+04,1.887657185815592997e-02,5.500551304617573578e-02
6.655100000000000000e+04,1.500393288368691638e-02,6.582504357628593539e-02
6.655200000000000000e+04,1.135478916783766272e-02,7.395743663984788441e-02
6.655300000000000000e+04,8.374989836231071585e-03,7.401881197950999081e-02
6.655400000000000000e+04,9.803620115158800767e-04,7.173615389571352807e-02
6.655500000000000000e+04,5.765284484622852992e-03,7.110132385337308847e-02
6.655600000000000000e+04,5.826416360462220896e-03,6.896439136314569396e-02
6.655700000000000000e+04,7.959286593765151074e-03,6.964901183343741309e-02
6.655800000000000000e+04,8.716571638430266333e-03,7.133833994380012200e-02
6.655900000000000000e+04,9.962377200508710021e-03,7.204270642817789394e-02
6.656000000000000000e+04,1.481480083572055649e-02,6.561093612188884094e-02
6.656100000000000000e+04,2.519244877175663352e-02,8.298157812047790571e-02
6.656200000000000000e+04,2.281117875908405049e-02,5.961709431420914029e-02
6.656300000000000000e+04,2.049141316353451925e-02,4.104677162539616120e-02
6.656400000000000000e+04,3.903653243356562663e-02,3.562316285874445043e-02
6.656500000000000000e+04,3.199652241437022510e-02,3.566497955447189838e-02
6.656600000000000000e+04,1.148563193902788285e-02,4.717208949891471548e-04
6.656700000000000000e+04,4.021751879195385737e-02,1.772609636984867620e-02
6.656800000000000000e+04,5.866305319639093102e-02,4.567549201127008018e-03
6.656900000000000000e+04,1.622150284949353677e-02,1.016359926405741021e-02
6.657000000000000000e+04,2.175086270938604918e-02,6.333647188106539261e-02
6.657100000000000000e+04,2.175041438089723653e-02,3.197001923594555706e-02
6.657200000000000000e+04,1.751354960088390839e-02,2.259460775989552417e-02
6.657300000000000000e+04,1.631318720577110484e-02,2.794180219221331640e-02
6.657400000000000000e+04,1.655786994999073128e-02,2.564852982231258238e-02
6.657500000000000000e+04,1.574683070289405878e-02,3.876168289685466561e-02
6.657600000000000000e+04,1.897981773846708214e-02,3.286102023632508917e-02
6.657700000000000000e+04,1.712922082204041893e-02,4.265844511543193107e-02
6.657800000000000000e+04,1.744005244971628260e-02,4.340483478315704247e-02
6.657900000000000000e+04,1.645174246076069532e-02,3.411507329210650141e-02
6.658000000000000000e+04,1.461200510273059569e-02,2.893736057041351728e-02
6.658100000000000000e+04,5.079718972154676632e-03,5.050019023959961828e-02
6.658200000000000000e+04,1.400860360809977681e-02,6.349716913803860052e-02
6.658300000000000000e+04,8.581431047961754835e-03,6.253679403773659828e-02
6.658400000000000000e+04,9.525211961338935981e-03,5.636766034437457051e-02
6.658500000000000000e+04,1.100924791627640696e-02,4.353498109601261490e-02
6.658600000000000000e+04,1.402774342087239473e-02,3.796332241558530995e-02
6.658700000000000000e+04,1.350495945156805072e-02,3.715557346418307816e-02
6.658800000000000000e+04,1.660979463618243723e-02,2.771765344240151308e-02
6.658900000000000000e+04,1.383076167801831902e-02,2.571109761195344845e-02
6.659000000000000000e+04,8.859076865501445269e-03,2.624816498251902885e-02
6.659100000000000000e+04,1.269855704453547694e-02,2.180132926356748158e-02
6.659200000000000000e+04,1.768803241607646085e-02,2.359155311226857066e-02
6.659300000000000000e+04,2.664088632472642534e-02,1.770964733777447009e-02
6.659400000000000000e+04,2.343118724160164756e-02,2.151059644738850807e-02
6.659500000000000000e+04,1.694253879597978560e-02,2.501562928856415624e-02
6.659600000000000000e+04,1.863656539772832327e-02,2.363493277254846703e-02
6.659700000000000000e+04,2.376327193022518061e-02,3.488369938023438976e-02
6.659800000000000000e+04,2.285389288003456323e-02,2.773242706004808156e-02
6.659900000000000000e+04,2.338333074214749008e-02,1.893481724193080140e-02
6.660000000000000000e+04,2.549246805388187195e-02,3.298018628572307875e-02
6.660100000000000000e+04,1.495620279545408458e-02,2.435008011203976253e-02
6.660200000000000000e+04,3.758528188733067932e-02,2.796658743000079994e-02
6.660300000000000000e+04,7.981762986440785190e-02,1.635228923075260354e-02
6.660400000000000000e+04,5.295922144544122634e-02,1.177394233994633055e-02
6.660500000000000000e+04,3.990474373637407923e-02,2.472434839671677764e-02
6.660600000000000000e+04,1.845102664602533624e-02,1.912558914505169128e-02
6.660700000000000000e+04,1.673807039870172861e-02,1.280248299871544759e-02
6.660800000000000000e+04,3.089330454507505444e-02,7.511111464594932841e-03
6.660900000000000000e+04,1.551981553208479046e-02,1.743561214505717771e-02
6.661000000000000000e+04,1.729564135022905805e-02,2.556615483155511015e-02
6.661100000000000000e+04,1.132657853819449625e-02,3.155384111081360743e-02
6.661200000000000000e+04,1.232755298559366991e-03,3.564605991975255961e-02
6.661300000000000000e+04,1.554564616596015598e-03,3.125330958681260540e-02
6.661400000000000000e+04,1.159097485409766280e-02,3.548931333046212444e-02
6.661500000000000000e+04,8.810907570159638019e-03,2.693711465162706986e-02
6.661600000000000000e+04,1.066517453222391373e-02,2.444671463544523249e-02
6.661700000000000000e+04,1.103452887696280450e-02,2.741856945935694512e-02
6.661800000000000000e+04,5.318495733256026550e-03,2.544210877495345358e-02
6.661900000000000000e+04,8.391589151889261231e-03,2.858349232585766231e-02
6.662000000000000000e+04,6.730960835517814031e-03,2.568611484532468126e-02
6.662100000000000000e+04,4.587451561531522004e-03,2.898059848482148482e-02
6.662200000000000000e+04,6.397452518256446959e-03,1.296877278280916812e-02
6.662300000000000000e+04,7.812042549220765165e-03,1.210485330664567982e-02
6.662400000000000000e+04,1.298378538255836462e-02,9.930015086336396735e-03
6.662500000000000000e+04,8.512829696848009386e-03,7.045422376634746797e-04
6.662600000000000000e+04,1.788258023214319564e-02,6.378578793899691846e-04
6.662700000000000000e+04,1.152172379406855851e-02,8.669222382732044707e-03
6.662800000000000000e+04,2.667029519937820677e-03,2.832596233787754159e-02
6.662900000000000000e+04,8.685839548646186528e-03,1.141498515073280373e-02
6.663000000000000000e+04,4.432460823285451143e-03,1.279683664074937610e-02
6.663100000000000000e+04,3.016002709431131468e-02,2.743124061389323742e-03
6.663200000000000000e+04,2.029130570574044085e-02,2.130775320074462797e-02
6.663300000000000000e+04,2.710867418419496064e-02,2.000728010121832767e-02
6.663400000000000000e+04,2.280107203702216173e-02,3.340761065256714346e-02
6.663500000000000000e+04,4.174986019690933581e-02,1.396992521840445534e-04
6.663600000000000000e+04,2.866180108139254612e-02,1.851153835131924552e-02
6.663700000000000000e+04,3.691849413766207927e-02,4.724970899361125021e-02
6.663800000000000000e+04,2.945541588654035023e-02,3.597917340581346934e-03
6.663900000000000000e+04,2.073799803450907323e-02,6.298992087856447597e-03
6.664000000000000000e+04,2.580840754300726264e-02,6.587926294514545589e-03
6.664100000000000000e+04,1.812418193260535368e-02,4.545928753735495320e-03
6.664200000000000000e+04,2.047614437523399486e-02,1.409037403698931712e-02
6.664300000000000000e+04,1.033757538990476982e-02,4.546418096317950130e-03
6.664400000000000000e+04,1.056524679634117218e-02,1.261853639456944620e-02
6.664500000000000000e+04,1.361025555733468353e-02,1.292850899242381502e-02
6.664600000000000000e+04,2.600855599567890655e-02,2.677039341040199361e-02
6.664700000000000000e+04,3.611122283825802387e-02,3.645645190064783492e-02
6.664800000000000000e+04,4.505020729167707322e-02,6.018240230091720377e-02
6.664900000000000000e+04,5.090453292514533074e-02,8.671347160526465814e-02
6.665000000000000000e+04,5.578235811044950782e-02,9.653662871784973731e-02
6.665100000000000000e+04,6.194927048416248860e-02,9.085696375213103693e-02
6.665200000000000000e+04,8.825272142985193802e-02,1.137574299982802017e-01
6.665300000000000000e+04,7.706577895873041595e-02,1.062355259952312281e-01
6.665400000000000000e+04,7.334920040348567871e-02,8.473047491112595253e-02
6.665500000000000000e+04,4.458293614773130992e-02,3.671469306852515047e-02
6.665600000000000000e+04,3.316684895034589797e-02,1.414424208796560833e-03
6.665700000000000000e+04,2.720373361394536407e-02,6.439093488028646561e-02
6.665800000000000000e+04,9.250290700590281523e-03,2.824996549976077631e-02
6.665900000000000000e+04,2.884146423891583225e-02,2.766225000090827280e-02
6.666000000000000000e+04,6.251881130657703511e-02,2.285224074144309725e-02
6.666100000000000000e+04,2.197939151822756593e-02,2.816800455290291438e-02
6.666200000000000000e+04,1.728292172520837569e-02,2.242608732850470687e-02
6.666300000000000000e+04,1.265252997052106546e-02,6.202888927333560787e-04
6.666400000000000000e+04,1.409548371318367598e-02,2.354803021219709080e-03
6.666500000000000000e+04,1.344153287352265434e-02,1.358436865452006259e-03
6.666600000000000000e+04,9.542258819494196104e-03,7.981517585207598131e-03
6.666700000000000000e+04,9.726598268597135347e-03,2.279106287191012825e-02
6.666800000000000000e+04,5.117647749290204010e-03,1.390503912115548246e-02
6.666900000000000000e+04,1.065952016478521024e-02,2.702897549354332796e-02
6.667000000000000000e+04,1.420828959630765671e-02,2.139779030505195578e-02
6.667100000000000000e+04,1.932951250473240526e-02,1.193903824294295646e-02
6.667200000000000000e+04,1.863737831497919162e-02,2.782584546449129448e-02
6.667300000000000000e+04,2.752596664163617368e-02,2.480456987364476618e-02
6.667400000000000000e+04,1.658546419516477438e-02,2.648650884263759053e-02
6.667500000000000000e+04,1.344540400555979155e-02,6.503807561720975627e-03
6.667600000000000000e+04,5.828282316492464088e-02,3.067223836305998930e-02
6.667700000000000000e+04,1.243626627230593751e-01,7.506007865768538068e-02
6.667800000000000000e+04,1.268371406788849076e-01,1.228935623494962215e-01
6.667900000000000000e+04,8.124160273317764316e-03,2.800235392442118609e-02
6.668000000000000000e+04,1.079291787790747671e-02,7.453402320543034421e-03
6.668100000000000000e+04,1.392415870026494223e-02,1.152651253293512923e-02
6.668200000000000000e+04,3.225263634034758638e-03,1.495952618131113354e-02
6.668300000000000000e+04,7.136977428847688341e-03,7.909292050985783362e-03
6.668400000000000000e+04,1.393818024229700721e-03,1.543284860866123154e-02
6.668500000000000000e+04,5.235468702536888105e-03,2.271730900453050594e-02
6.668600000000000000e+04,1.601061218156380611e-02,1.269647419536923394e-02
6.668700000000000000e+04,4.744001978865383141e-03,1.724279472487566522e-02
6.668800000000000000e+04,2.191108041984613040e-03,1.089466922893223000e-02
6.668900000000000000e+04,3.394591872415839411e-03,1.483883964717236381e-02
6.669000000000000000e+04,1.518272262167543081e-03,4.210735696027256836e-03
6.669100000000000000e+04,1.675388318337249841e-02,1.976034539032411885e-02
6.669200000000000000e+04,1.607777113144117156e-02,1.382374661513807723e-03
6.669300000000000000e+04,2.755835859938443946e-02,2.017147132447405511e-02
6.669400000000000000e+04,2.223579545948022734e-02,2.317386180708780330e-02
6.669500000000000000e+04,2.277546998722974544e-02,2.221234516851566809e-02
6.669600000000000000e+04,2.916417612390196160e-02,3.036224571282630791e-02
6.669700000000000000e+04,2.439435374818793231e-02,1.532456844926599615e-02
6.669800000000000000e+04,1.776585854423068725e-02,2.472829453824942902e-02
6.669900000000000000e+04,1.985821639130132960e-02,3.240796065288975569e-02
6.670000000000000000e+04,2.353130924613033512e-02,5.019499667163884737e-02
6.670100000000000000e+04,1.248895576793578564e-02,2.098143129717655597e-02
6.670200000000000000e+04,1.546589375493897731e-02,1.661425191580079286e-02
6.670300000000000000e+04,1.174927479862887189e-02,1.689553404681021220e-02
6.670400000000000000e+04,1.442870050505903889e-02,2.633727299512855780e-02
6.670500000000000000e+04,6.030694246887076393e-03,1.711769962831510838e-02
6.670600000000000000e+04,1.005673620441309944e-02,1.402043142553566213e-02
6.670700000000000000e+04,1.040665015834269826e-02,1.581801583294506486e-02
6.670800000000000000e+04,7.542602386873283223e-03,2.156771075230778933e-02
6.670900000000000000e+04,4.096146780000827110e-03,1.857329208559121980e-02
6.671000000000000000e+04,5.914939743515481956e-03,8.886304827363744607e-03
6.671100000000000000e+04,4.033635861113040941e-03,1.374345982998903537e-03
6.671200000000000000e+04,2.931853527572636075e-03,5.897287308997078981e-03
6.671300000000000000e+04,1.381120581564152091e-03,1.111656096307811481e-02
6.671400000000000000e+04,1.802866052598412362e-03,1.175482850764808518e-02
6.671500000000000000e+04,4.069592899569800075e-03,1.059662954655493650e-02
6.671600000000000000e+04,1.146126881079509397e-03,1.949476516006498628e-02
6.671700000000000000e+04,4.921289250712531163e-03,2.408176847337628601e-02
6.671800000000000000e+04,8.206224272336446607e-03,2.670444603265309524e-02
6.671900000000000000e+04,7.371922152277130512e-03,1.606216750699829277e-02
6.672000000000000000e+04,3.434438666065307670e-03,7.346753188770094312e-03
6.672100000000000000e+04,2.453251890688497652e-02,2.921027261244546480e-03
6.672200000000000000e+04,1.788479366239094370e-02,1.832718616426376457e-02
6.672300000000000000e+04,1.728336587810044844e-02,1.651759251569373532e-02
6.672400000000000000e+04,2.577463464139438318e-02,1.255207004168923390e-02
6.672500000000000000e+04,2.213857054279919426e-02,1.205074294120933587e-02
6.672600000000000000e+04,2.458700704537827159e-02,2.412255645515770652e-02
6.672700000000000000e+04,2.536813246817853224e-02,1.799609759149944921e-02
6.672800000000000000e+04,2.023843919301778621e-02,1.541997428013175409e-02
6.672900000000000000e+04,1.904068629612544819e-02,2.823749503993155940e-02
6.673000000000000000e+04,2.143313952616487938e-02,3.864447405667448265e-02
6.673100000000000000e+04,1.569402112888191106e-02,1.798543361383764250e-02
6.673200000000000000e+04,2.330714664499269548e-02,2.190345211609212583e-03
6.673300000000000000e+04,2.261935329775810466e-02,2.595736945858462263e-02
6.673400000000000000e+04,1.829697228331400582e-02,7.574532310172799043e-03
6.673500000000000000e+04,1.093812118204446661e-02,1.057434846433125131e-02
6.673600000000000000e+04,3.172523258254778683e-02,1.685820807534099686e-02
6.673700000000000000e+04,3.315378199672795040e-02,2.783924665829928813e-02
6.673800000000000000e+04,3.293429029307783085e-02,3.977297133294754872e-02
6.673900000000000000e+04,2.144860354611440034e-02,1.532776842879712831e-02
6.674000000000000000e+04,3.199706846319523568e-02,2.777363902261242856e-02
6.674100000000000000e+04,3.615135305663755294e-02,3.627054525739126234e-02
6.674200000000000000e+04,5.869131869036651322e-02,9.522347488492144407e-02
6.674300000000000000e+04,6.572046858946779813e-02,7.852558591810065991e-02
6.674400000000000000e+04,6.306818280779222241e-02,9.304963326156823200e-02
6.674500000000000000e+04,3.448311532311084532e-02,4.862869817632287095e-03
6.674600000000000000e+04,4.604658001696518982e-02,1.338890461526531794e-02
6.674700000000000000e+04,3.264440927795005110e-02,6.220804441340987978e-03
6.674800000000000000e+04,2.386060860868258540e-02,1.131599225880464132e-02
6.674900000000000000e+04,1.551226781583054867e-02,3.775724239297062468e-03
6.675000000000000000e+04,6.966563437423710370e-03,1.614283644862268829e-03
6.675100000000000000e+04,6.776739808461553286e-03,2.262965757481083529e-03
6.675200000000000000e+04,1.304169669028415642e-02,2.464608252365252383e-02
6.675300000000000000e+04,3.047720915212270495e-02,5.613353537204091026e-02
6.675400000000000000e+04,4.213266177283013503e-02,6.572554796418117462e-02
6.675500000000000000e+04,5.507872017159796962e-02,6.516817721164613886e-02
6.675600000000000000e+04,4.274389959689978841e-02,5.401915038612514763e-02
6.675700000000000000e+04,7.187928068075459531e-02,4.631524413451870714e-02
6.675800000000000000e+04,1.328233304130512771e-01,3.035757910215863831e-02
6.675900000000000000e+04,1.035754326670284553e-01,2.341695644183516833e-02
6.676000000000000000e+04,9.652265637173258750e-02,1.248705447174103256e-02
6.676100000000000000e+04,1.201034271825135030e-01,4.380657804681931111e-02
6.676200000000000000e+04,1.656160222481240507e-01,7.821561216157491003e-02
6.676300000000000000e+04,2.820957925192167648e-02,5.535669967279943648e-03
6.676400000000000000e+04,2.836373349426645971e-02,7.476543566159676857e-03
6.676500000000000000e+04,2.907433735610815903e-02,3.216165782255586691e-03
6.676600000000000000e+04,2.964921909757944896e-02,9.127697692104419502e-03
6.676700000000000000e+04,2.704993046502349868e-02,1.481307603481596402e-02
6.676800000000000000e+04,2.609030053551571887e-02,1.231763915811256993e-02
6.676900000000000000e+04,2.566558653408217150e-02,6.009398234510854309e-03
6.677000000000000000e+04,2.738815157230337430e-02,6.695931519988818081e-03
6.677100000000000000e+04,2.711685251179355924e-02,1.993311717377821424e-03
6.677200000000000000e+04,2.888925389145734907e-02,4.384234995555402747e-03
6.677300000000000000e+04,2.875291479073918688e-02,5.823050210004510063e-03
6.677400000000000000e+04,2.747726907583180125e-02,3.470842850301636417e-03
6.677500000000000000e+04,2.657484916361636113e-02,3.369220726444410730e-03
6.677600000000000000e+04,2.498641804297234079e-02,3.297411900689439790e-03
6.677700000000000000e+04,2.577382344079917967e-02,3.461102863592913081e-03
6.677800000000000000e+04,2.512129376915348336e-02,4.034691044402904936e-03
6.677900000000000000e+04,2.545448324725340175e-02,4.574838113164503284e-03
6.678000000000000000e+04,2.391015485403567842e-02,7.241664215971610474e-03
6.678100000000000000e+04,1.756366018526790349e-02,5.574264284728513985e-03
6.678200000000000000e+04,1.773089316705212318e-02,5.318366828358733756e-03
6.678300000000000000e+04,3.361068276895826795e-02,1.710736120034539454e-02
6.678400000000000000e+04,2.339452484787020448e-02,1.616406299813277769e-02
6.678500000000000000e+04,2.219879592195966519e-02,2.783752745014922425e-02
6.678600000000000000e+04,1.943630560955340175e-02,3.756767234324698279e-02
6.678700000000000000e+04,1.587707521256881069e-02,3.351370318915058988e-02
6.678800000000000000e+04,2.344810976610822717e-02,3.894720991454292403e-02
6.678900000000000000e+04,1.022393707312377852e-02,8.356891954456102667e-03
6.679000000000000000e+04,1.547184774352676484e-02,2.542034063968046098e-02
6.679100000000000000e+04,1.923895024770339371e-02,3.964884108419397535e-02
6.679200000000000000e+04,1.282429221934093533e-02,2.774008225641466652e-02
6.679300000000000000e+04,1.541049369031750882e-02,2.191937414427158615e-02
6.679400000000000000e+04,1.050510021528762092e-02,1.478224357597923699e-02
6.679500000000000000e+04,1.021837011926774071e-02,1.528825263618571739e-02
6.679600000000000000e+04,1.740848173690213302e-02,1.754124022388126036e-02
6.679700000000000000e+04,3.141428834422807514e-02,8.759457404487136500e-03
6.679800000000000000e+04,2.173060342084277147e-02,1.313709757895864527e-02
6.679900000000000000e+04,2.139015137241456060e-02,1.112858565620200579e-02
6.680000000000000000e+04,1.639966617810070110e-02,8.130620124195075960e-03
6.680100000000000000e+04,1.848903617350501627e-02,1.168575912538827311e-02
6.680200000000000000e+04,2.335675908157971992e-02,2.718932818658714723e-02
6.680300000000000000e+04,1.758981073035051010e-02,2.110905531511519939e-02
6.680400000000000000e+04,1.545633922220883763e-02,9.035160101014128031e-03
6.680500000000000000e+04,1.487163814741274299e-02,2.489472798725245184e-02
6.680600000000000000e+04,1.182521048018323091e-02,2.753823522964182757e-02
6.680700000000000000e+04,1.273403206689705663e-02,2.915441189013634471e-02
6.680800000000000000e+04,9.736673136596304956e-03,1.016963824548255957e-02
6.680900000000000000e+04,5.940355405018296273e-03,5.054205350948137720e-03
6.681000000000000000e+04,4.130730011512306725e-03,1.894666040814740882e-02
6.681100000000000000e+04,5.753912101050996479e-03,6.858760609180336587e-03
6.681200000000000000e+04,4.312438615515397367e-03,8.723728893222926217e-04
6.681300000000000000e+04,2.719823221685907597e-03,5.286519411669132751e-04
6.681400000000000000e+04,3.608396666211569244e-03,2.478768108193918351e-03
6.681500000000000000e+04,3.137270390454575952e-03,3.284400567928003056e-03
6.681600000000000000e+04,3.546574267171035116e-03,5.882883340284195128e-03
6.681700000000000000e+04,3.557731533797061415e-03,6.781883947137856694e-03
6.681800000000000000e+04,2.354156092547777645e-03,6.951533840695134359e-03
6.681900000000000000e+04,1.627515895670559373e-03,5.977248808125779078e-03
6.682000000000000000e+04,1.983875838445690442e-03,4.791216005259002486e-03
6.682100000000000000e+04,1.136764290410554289e-03,4.675616654655101456e-03
6.682200000000000000e+04,1.765755250979586001e-03,4.541544485768156392e-03
6.682300000000000000e+04,1.006237715384315041e-03,4.395449001794560218e-03
6.682400000000000000e+04,1.039195813151912260e-03,4.586320421694267679e-03
6.682500000000000000e+04,2.340352383567542716e-03,6.465981084048166849e-03
6.682600000000000000e+04,2.064130336513571740e-03,7.999759125510763624e-03
6.682700000000000000e+04,3.789734659964894697e-03,8.889374462210497541e-03
6.682800000000000000e+04,4.648008707093412815e-03,7.686364900997944005e-03
6.682900000000000000e+04,4.692094698681158020e-03,8.846188580346137087e-03
6.683000000000000000e+04,5.268283193855907362e-03,7.058471891227213746e-03
6.683100000000000000e+04,4.077331627257334626e-03,4.867341967777605305e-03
6.683200000000000000e+04,3.275939750941925244e-03,4.342325718052819639e-03
6.683300000000000000e+04,3.130406945143148715e-03,4.844005898824832457e-03
6.683400000000000000e+04,8.284702439055058060e-04,3.858827022487076874e-03
6.683500000000000000e+04,3.540784603418192528e-03,4.173255487316396284e-03
6.683600000000000000e+04,5.545511077737294396e-03,7.445986078870703295e-03
6.683700000000000000e+04,6.699201629887860734e-03,7.473145390580526737e-03
6.683800000000000000e+04,7.600857219581006081e-03,7.897156233585889140e-03
6.683900000000000000e+04,5.687006190669845022e-03,6.991738464492414096e-03
6.684000000000000000e+04,9.150618041062310790e-03,9.636482863033535295e-03
6.684100000000000000e+04,4.506243955255266435e-03,1.017700497459017583e-02
6.684200000000000000e+04,3.349291042220983988e-03,5.386512176190905166e-03
6.684300000000000000e+04,4.724331325975203444e-03,6.967151810183480620e-03
6.684400000000000000e+04,4.871210524496885977e-03,6.980911083982022092e-03
6.684500000000000000e+04,7.691117473788227320e-03,1.381424756090154915e-02
6.684600000000000000e+04,9.136429362946979493e-03,1.649200233085679201e-02
6.684700000000000000e+04,9.701309078619775594e-03,1.767474902277399451e-02
6.684800000000000000e+04,1.247634545561700746e-02,1.892122420664321680e-02
6.684900000000000000e+04,2.116316907999822583e-02,2.218155096474205834e-02
6.685000000000000000e+04,2.739891637262811819e-02,2.836031768048030699e-02
6.685100000000000000e+04,2.482448225539273315e-02,9.173918280904302947e-03
6.685200000000000000e+04,2.854518111261885455e-02,1.251368485561954458e-03
6.685300000000000000e+04,9.866205773333185103e-03,6.038856156560967747e-03
6.685400000000000000e+04,6.004069961366167996e-03,1.036321922974181575e-02
6.685500000000000000e+04,7.639640834423343414e-03,4.017147114406327546e-02
6.685600000000000000e+04,4.088451875063603413e-02,5.128510094160532162e-02
6.685700000000000000e+04,1.206244364969993182e-02,1.504039118823641275e-02
6.685800000000000000e+04,1.130915620622191878e-02,1.840798438932367276e-02
6.685900000000000000e+04,1.338145198263681517e-03,1.141930593195894517e-03
6.686000000000000000e+04,3.581378267962443546e-02,3.189557990652147623e-02
6.686100000000000000e+04,2.163973135314323573e-02,2.469253754648903509e-02
6.686200000000000000e+04,3.147693785710548725e-02,2.843247636805301681e-02
6.686300000000000000e+04,1.426110686762639690e-02,3.025793440014368230e-02
6.686400000000000000e+04,1.253074712263883318e-02,2.183757597867241884e-02
6.686500000000000000e+04,1.447544936088705422e-02,1.629254758405451753e-02
6.686600000000000000e+04,2.139683185056870038e-02,1.782688673988985784e-02
6.686700000000000000e+04,1.249854714861599499e-02,3.409192892740620096e-02
6.686800000000000000e+04,5.598605804939595434e-03,4.273429217377255895e-02
6.686900000000000000e+04,2.422995108374756922e-03,2.920282794832118611e-02
6.687000000000000000e+04,2.070008114360796445e-02,6.272971675074856535e-02
6.687100000000000000e+04,2.028759856128553932e-02,2.424643669173676130e-02
6.687200000000000000e+04,1.351350850838584430e-02,1.232454918222813944e-02
6.687300000000000000e+04,2.151909223193663317e-02,3.508430402915507784e-02
6.687400000000000000e+04,1.396015304649457847e-02,1.008836596073692249e-02
6.687500000000000000e+04,9.893194910192181293e-03,2.843889578656444428e-04
6.687600000000000000e+04,3.622556320697929710e-02,7.450884283020542398e-03
6.687700000000000000e+04,4.027703285370837910e-02,1.234345078961140985e-02
6.687800000000000000e+04,4.354948157930480651e-02,1.052569690751781195e-02
6.687900000000000000e+04,7.712461634990423753e-02,5.779339360643120926e-03
6.688000000000000000e+04,2.687248169089696478e-02,5.584527615918943866e-02
6.688100000000000000e+04,4.108802061683664714e-02,4.549584130708694829e-02
6.688200000000000000e+04,4.339566839279571792e-02,5.628094201057365353e-02
6.688300000000000000e+04,2.632080373562347905e-02,5.714747608615766694e-02
6.688400000000000000e+04,2.797653557118831569e-02,4.303205393328113360e-02
6.688500000000000000e+04,3.431091985448141146e-02,4.360635132005796777e-02
6.688600000000000000e+04,3.066453091241684928e-02,5.911048466966306592e-02
6.688700000000000000e+04,2.839371469509335139e-02,5.656580226423102431e-02
6.688800000000000000e+04,2.657781406601354007e-02,3.309101104467160326e-02
6.688900000000000000e+04,3.201261086143172840e-02,3.714653730120787145e-02
6.689000000000000000e+04,4.656542850352462376e-02,3.134886205598519382e-02
6.689100000000000000e+04,4.922902613170293540e-02,4.491852298862397674e-02
6.689200000000000000e+04,4.731825816865493223e-02,3.788088170531267451e-02
6.689300000000000000e+04,4.616959064687298220e-02,1.737970947237243990e-02
6.689400000000000000e+04,5.108208839723734490e-02,2.047325723301796074e-02
6.689500000000000000e+04,5.553412659166225701e-02,1.880132369261744429e-02
6.689600000000000000e+04,4.719280403931422341e-02,1.684122059028325680e-02
6.689700000000000000e+04,3.846662240594728860e-02,2.911693498775491662e-02
6.689800000000000000e+04,3.022667430397345603e-02,3.601587242702564140e-02
6.689900000000000000e+04,2.988967473483496173e-02,4.152485815671624891e-02
6.690000000000000000e+04,3.344046238479881500e-02,4.572512281998086792e-02
6.690100000000000000e+04,3.320541975697235970e-02,1.715164531424306915e-02
6.690200000000000000e+04,3.403361531014904157e-02,1.305715842412169536e-02
6.690300000000000000e+04,3.575066248506020283e-02,9.013246313067213578e-03
6.690400000000000000e+04,3.382188107890579665e-02,9.834091813779366476e-03
6.690500000000000000e+04,3.675339759308200033e-02,6.110735327442995413e-03
6.690600000000000000e+04,2.880721537724590872e-02,1.878863859857560215e-02
6.690700000000000000e+04,4.800101288212015212e-03,4.514435600365374057e-02
6.690800000000000000e+04,1.871840299027312292e-03,3.910774844065656453e-02
6.690900000000000000e+04,8.026808362581168074e-03,5.811306353417577952e-02
6.691000000000000000e+04,1.710047954898795061e-02,3.825388008816332785e-02
6.691100000000000000e+04,1.678969246164969259e-02,3.675551825600820166e-02
6.691200000000000000e+04,3.539769991728121401e-02,3.609688192576498977e-02
6.691300000000000000e+04,1.045526859778723450e-01,9.993431516629058819e-02
6.691400000000000000e+04,9.668529861017348404e-02,1.030983061462613648e-01
6.691500000000000000e+04,1.085089762553338583e-01,1.063514370386933194e-01
6.691600000000000000e+04,2.711101823804662123e-02,1.362347505256877866e-02
6.691700000000000000e+04,3.437498182401558383e-02,2.290746065997240066e-02
6.691800000000000000e+04,2.742438843465535431e-02,1.558848680232571837e-02
6.691900000000000000e+04,2.437840883983996565e-02,6.721674278107769851e-03
6.692000000000000000e+04,1.695767178109670176e-02,1.836784985669126513e-02
6.692100000000000000e+04,4.338048832914379732e-02,5.864947161955669230e-02
6.692200000000000000e+04,3.774836907171096045e-02,6.950807568189887320e-02
6.692300000000000000e+04,3.919014265597389052e-02,6.972904480477382094e-03
6.692400000000000000e+04,1.127335957622272247e-02,6.401892417405719016e-02
6.692500000000000000e+04,1.870878335254328936e-02,1.000133191326284532e-01
6.692600000000000000e+04,4.248018263873509087e-02,1.116284498942370362e-01
6.692700000000000000e+04,3.660950842133280092e-02,9.184167728989578450e-02
6.692800000000000000e+04,5.543429514732422375e-02,8.691415167387006591e-02
6.692900000000000000e+04,4.814646715704191948e-02,1.148699788934059995e-01
6.693000000000000000e+04,4.718188492240905224e-02,1.232674137060740804e-01
6.693100000000000000e+04,3.765379766297035496e-02,1.934753208850636952e-02
6.693200000000000000e+04,5.059770750540328044e-02,3.452666607681820210e-02
6.693300000000000000e+04,3.558968432875597721e-02,2.126530383823421744e-02
6.693400000000000000e+04,2.428101025754461281e-02,1.388648249722734818e-04
6.693500000000000000e+04,1.286061419379789378e-02,4.297142541886955769e-03
6.693600000000000000e+04,2.416850449576275067e-02,7.294946263190382751e-03
6.693700000000000000e+04,2.229265598682666008e-02,7.886172963104343125e-03
6.693800000000000000e+04,3.641898622054579038e-02,6.141326986384143538e-03
6.693900000000000000e+04,2.894626211885826389e-02,8.179598925753595040e-03
6.694000000000000000e+04,3.002556296091437107e-02,8.534711797452132487e-03
6.694100000000000000e+04,3.223602635155468216e-02,1.191926350693961467e-02
6.694200000000000000e+04,3.269172749652067556e-02,1.653806304067728661e-02
6.694300000000000000e+04,3.439626164275390308e-02,1.922231111800698500e-02
6.694400000000000000e+04,3.785705664693529704e-02,2.231528421385675642e-02
6.694500000000000000e+04,3.794347444120212132e-02,2.352509710938122112e-02
6.694600000000000000e+04,3.878370769138703156e-02,2.153635723489344400e-02
6.694700000000000000e+04,1.988335868030824752e-02,2.534855611972375300e-02
6.694800000000000000e+04,2.430237174171766268e-02,1.770633812599342605e-02
6.694900000000000000e+04,3.052529241970555751e-02,1.180123339818450745e-02
6.695000000000000000e+04,1.745770729470674451e-02,1.622646343769673649e-02
6.695100000000000000e+04,1.859923216381599922e-02,1.368999513998048201e-02
6.695200000000000000e+04,1.878376840871033918e-02,1.640905017886851169e-02
6.695300000000000000e+04,2.056230908331802693e-02,1.817228702977047305e-02
6.695400000000000000e+04,2.409483993471515234e-02,1.745678592372357230e-02
6.695500000000000000e+04,2.355296122935058092e-02,1.596096091858711929e-02
6.695600000000000000e+04,2.379305717769757827e-02,1.473295118221429334e-02
6.695700000000000000e+04,2.164872728573319013e-02,1.052685852772228259e-02
6.695800000000000000e+04,2.665564733483387697e-02,1.020771543005238868e-02
6.695900000000000000e+04,2.978325220554079583e-02,1.042913738548278957e-02
6.696000000000000000e+04,3.188603054603156295e-02,4.763348325464988875e-03
6.696100000000000000e+04,1.379684081433091986e-02,1.510524246082667332e-03
6.696200000000000000e+04,3.700192645702611582e-02,4.547222386293015006e-04
6.696300000000000000e+04,8.606026212114811086e-03,3.525339324080789538e-02
6.696400000000000000e+04,7.305679789442191124e-03,4.010887881856461945e-02
6.696500000000000000e+04,1.294930345717430764e-02,4.098486055542949202e-02
6.696600000000000000e+04,3.136035153718288310e-02,5.283688743771719487e-02
6.696700000000000000e+04,2.239644494761497753e-02,3.748648144995669895e-02
6.696800000000000000e+04,4.160006823136395276e-02,1.173629260845316935e-01
6.696900000000000000e+04,1.098611017531073430e-01,2.160954041343750021e-01
6.697000000000000000e+04,2.272444812133867786e-01,2.716214191501862274e-01
6.697100000000000000e+04,3.758094041666298207e-02,1.131407524741625537e-01
6.697200000000000000e+04,1.171450361171886764e-02,2.228655654195286218e-01
6.697300000000000000e+04,4.162177861745906815e-02,2.853177037591763110e-01
6.697400000000000000e+04,6.020013182376109107e-02,2.593870029167888447e-02
6.697500000000000000e+04,5.765623752637726029e-02,2.291816775452915067e-02
6.697600000000000000e+04,4.294973077135738615e-02,1.652496030813210837e-02
6.697700000000000000e+04,3.347254399689703758e-02,3.309796123327046757e-02
6.697800000000000000e+04,5.411766313702187636e-02,4.819627919601288113e-02
6.697900000000000000e+04,6.351150049258187658e-02,4.708337196093737020e-02
6.698000000000000000e+04,4.334794997487832063e-02,5.394090566781173379e-02
6.698100000000000000e+04,4.499896755315172664e-02,5.149351161907489427e-02
6.698200000000000000e+04,4.261358671559060951e-02,5.204226493719588120e-02
6.698300000000000000e+04,4.192989399074834034e-02,5.424697102466424781e-02
6.698400000000000000e+04,4.183908493074486867e-02,5.920582969540788554e-02
6.698500000000000000e+04,4.794529508202890339e-02,5.499638617872193436e-02
6.698600000000000000e+04,4.720092967889563673e-02,5.328736679526357989e-02
6.698700000000000000e+04,5.130252722744337718e-02,5.070940262038803326e-02
6.698800000000000000e+04,5.329041450765591853e-02,4.733414002747693416e-02
6.698900000000000000e+04,5.411063288529397580e-02,4.536960911259768636e-02
6.699000000000000000e+04,5.687812089781852515e-02,4.389026511408289366e-02
6.699100000000000000e+04,5.143297207913625352e-02,3.998747903796484593e-02
6.699200000000000000e+04,5.313833580379329763e-02,3.915867278648832439e-02
6.699300000000000000e+04,5.139862810060834980e-02,3.505638562695878591e-02
6.699400000000000000e+04,5.140820152969717560e-02,3.444907092896798417e-02
6.699500000000000000e+04,4.913582685651808613e-02,3.244116388894013880e-02
6.699600000000000000e+04,4.765176244701695846e-02,3.128920793610490136e-02
6.699700000000000000e+04,4.613608649449630478e-02,2.928630281134658730e-02
6.699800000000000000e+04,4.590000133940443788e-02,2.654036771452439325e-02
6.699900000000000000e+04,4.678838090148825651e-02,2.706454363857346834e-02
6.700000000000000000e+04,4.643625409402390991e-02,2.572443212901731613e-02
6.700100000000000000e+04,4.471503245558492573e-02,2.443198414043123989e-02
6.700200000000000000e+04,4.361443356645477304e-02,2.515991029628850129e-02
6.700300000000000000e+04,4.382516730696381368e-02,2.136167245317821539e-02
6.700400000000000000e+04,4.266211731203025520e-02,2.082504913001415048e-02
6.700500000000000000e+04,4.528868778952815227e-02,2.299754353304450660e-02
6.700600000000000000e+04,4.524817189588581368e-02,2.020941962485878207e-02
6.700700000000000000e+04,4.682313218876930222e-02,2.112265266815427367e-02
6.700800000000000000e+04,4.843638408370592313e-02,2.382852488858233642e-02
6.700900000000000000e+04,4.559727612290877252e-02,1.903695330258159402e-02
6.701000000000000000e+04,4.439071666230801072e-02,2.270611311270087640e-02
6.701100000000000000e+04,4.239648847949394062e-02,2.253429177045518372e-02
6.701200000000000000e+04,4.330665846300456312e-02,1.781073700544766325e-02
6.701300000000000000e+04,4.477993670787723535e-02,1.711520714255243547e-02
6.701400000000000000e+04,4.330371800779403424e-02,1.393258813583386768e-02
6.701500000000000000e+04,4.054814245585464799e-02,1.170814373537609754e-02
6.701600000000000000e+04,3.899808461116128361e-02,1.164132929227790214e-02
6.701700000000000000e+04,3.699723334615195175e-02,1.347789640098184805e-02
6.701800000000000000e+04,2.434521016400056220e-02,1.763551529584717059e-02
6.701900000000000000e+04,2.489400342629671456e-02,2.353578554282265145e-02
6.702000000000000000e+04,2.453880396046022316e-02,1.230755460867172246e-02
6.702100000000000000e+04,2.762284772324929277e-02,1.285465172773569975e-02
6.702200000000000000e+04,2.465281433721648596e-02,9.977880318125187387e-03
6.702300000000000000e+04,3.196560386700914719e-02,2.515527560284169795e-02
6.702400000000000000e+04,3.574328955987360334e-02,2.433625108780645974e-02
6.702500000000000000e+04,3.666274678703924234e-02,1.096927117372104021e-02
6.702600000000000000e+04,3.559593520531089544e-02,3.376769762973808042e-02
6.702700000000000000e+04,3.650307758825768745e-02,7.156028237514533430e-02
6.702800000000000000e+04,7.058772832649246043e-02,5.879572530330534619e-02
6.702900000000000000e+04,7.063048901963145387e-02,1.297501448759419418e-02
6.703000000000000000e+04,7.659863726962964914e-02,4.130707232688735075e-02
6.703100000000000000e+04,1.061453905903132350e-01,1.187751628901416723e-01
6.703200000000000000e+04,1.292880660731654252e-01,1.743019266342784590e-01
6.703300000000000000e+04,9.583108581314973839e-02,2.224469214440745191e-01
6.703400000000000000e+04,3.521111036709501096e-02,2.756486548031809036e-01
6.703500000000000000e+04,1.929191487996046173e-01,3.065679461989070376e-01
6.703600000000000000e+04,3.117907419144422265e-01,4.717404851141928646e-01
6.703700000000000000e+04,3.709201054052415625e-01,5.614610107710831244e-01
6.703800000000000000e+04,3.773439532285515208e-01,6.164818668276197400e-01
6.703900000000000000e+04,7.673931708842676724e-02,7.411498330753829578e-02
6.704000000000000000e+04,3.312946610915085133e-02,1.262926138126729825e-02
6.704100000000000000e+04,2.945645379112635937e-02,2.369887369013667922e-03
6.704200000000000000e+04,2.115545819417182644e-02,6.382225922752837732e-03
6.704300000000000000e+04,2.055483006197212151e-02,2.005295581475863287e-02
6.704400000000000000e+04,1.707088307276688477e-02,3.835316565854895998e-03
6.704500000000000000e+04,6.327829554742058805e-03,1.018234248308047540e-02
6.704600000000000000e+04,1.757482774409662579e-02,6.790186053802216293e-03
6.704700000000000000e+04,2.432609398506956067e-02,3.440092723730359126e-02
6.704800000000000000e+04,1.916331630247401080e-02,3.274834114424862719e-02
6.704900000000000000e+04,1.639363872816909998e-02,3.140659395171141455e-02
6.705000000000000000e+04,1.040107472050979046e-02,3.234785929137018456e-02
6.705100000000000000e+04,6.415477997053280375e-03,1.187290355404968523e-02
6.705200000000000000e+04,4.403442712265926394e-03,5.667785908066491629e-03
6.705300000000000000e+04,4.284272564458623499e-03,3.198220123330486331e-04
6.705400000000000000e+04,2.564287928619867363e-03,4.252138073265854246e-03
6.705500000000000000e+04,1.111404721328991714e-02,6.718108746383677499e-03
6.705600000000000000e+04,2.660885442860907307e-02,4.149188458516306355e-03
6.705700000000000000e+04,1.543552042855874870e-02,1.495911438867025822e-02
6.705800000000000000e+04,1.680746283084685530e-02,1.534048158447731680e-02
6.705900000000000000e+04,1.756660786508123379e-02,2.746236090317921708e-02
6.706000000000000000e+04,1.948713041341042229e-02,1.865290731663904467e-02
6.706100000000000000e+04,2.167035739465703829e-03,1.413413421910902912e-02
6.706200000000000000e+04,2.269899143014684692e-02,4.138378729214764462e-02
6.706300000000000000e+04,2.391805682646018505e-02,3.046047692392050976e-02
6.706400000000000000e+04,3.429258858273920990e-02,4.720765052103814696e-02
6.706500000000000000e+04,4.223988454149864985e-02,5.257209327719181147e-02
6.706600000000000000e+04,4.902296656566369759e-02,3.426116182022553858e-02
6.706700000000000000e+04,4.704931611695593353e-03,6.116747564100322165e-02
6.706800000000000000e+04,1.621019651829899363e-02,2.743617652061658418e-02
6.706900000000000000e+04,1.279932180673578820e-02,8.227426209341359709e-03
6.707000000000000000e+04,1.117483397910423552e-02,1.611875097182036143e-02
6.707100000000000000e+04,3.917673743556829812e-03,1.460958929234834613e-02
6.707200000000000000e+04,1.994155170236547141e-03,4.722742848137784222e-03
6.707300000000000000e+04,1.140860761447740198e-03,1.400580796722294963e-02
6.707400000000000000e+04,5.907839571901016794e-03,2.100995902722146980e-02
6.707500000000000000e+04,7.194926249543607058e-03,2.251212733942153932e-02
6.707600000000000000e+04,1.388528312575140061e-02,3.877943569684205727e-02
6.707700000000000000e+04,1.838296868491911748e-02,5.019385575489820894e-02
6.707800000000000000e+04,1.173949982878227938e-02,3.062583193903734013e-02
6.707900000000000000e+04,6.736509211021775474e-03,2.418572654589112858e-02
6.708000000000000000e+04,1.137511471118788677e-02,3.295910835693405261e-02
6.708100000000000000e+04,7.334470254410939416e-03,1.406604743276673730e-02
6.708200000000000000e+04,4.733093561230552332e-03,1.913019995967246700e-02
6.708300000000000000e+04,8.237474610697842828e-03,2.797203248982427226e-02
6.708400000000000000e+04,3.217683339705847481e-03,2.929393398799007286e-02
6.708500000000000000e+04,3.712133815316475197e-03,2.580256929411817168e-02
6.708600000000000000e+04,8.871736406715886522e-03,3.408784580312484991e-02
6.708700000000000000e+04,7.883604343770327094e-03,2.586310651301104713e-02
6.708800000000000000e+04,7.341422210604639856e-03,2.760052785599498293e-02
6.708900000000000000e+04,1.633107357076133206e-02,5.172657676519776260e-02
6.709000000000000000e+04,1.847725388813223346e-02,5.603930849221328003e-02
6.709100000000000000e+04,1.100481303344458782e-02,3.042420677534707352e-02
6.709200000000000000e+04,3.447453867286400745e-03,3.341898715817848142e-02
6.709300000000000000e+04,4.374808877442648049e-03,3.589120864916495179e-02
6.709400000000000000e+04,9.046064844765951130e-03,3.247298630320827328e-02
6.709500000000000000e+04,1.053389142622983103e-02,2.190473786075841645e-02
6.709600000000000000e+04,6.132241626143452272e-03,1.990494825388466893e-02
6.709700000000000000e+04,9.842390343118689183e-04,8.599857420247047912e-03
6.709800000000000000e+04,1.477181099599455052e-02,1.742966858998684643e-02
6.709900000000000000e+04,6.609956497725912733e-03,2.636233003274313091e-02
6.710000000000000000e+04,1.210523931874550943e-02,3.648795283087480357e-02
6.710100000000000000e+04,2.945348962719392810e-02,1.039657360807311193e-02
6.710200000000000000e+04,3.013760364823885041e-02,2.533034419607105292e-02
6.710300000000000000e+04,4.284000684205320486e-02,6.346706426844761495e-02
6.710400000000000000e+04,4.274216755697098080e-02,6.156187911329880080e-02
6.710500000000000000e+04,1.789020797737662580e-02,2.669338803406162697e-02
6.710600000000000000e+04,1.658330435334397571e-02,4.440562704729345000e-02
6.710700000000000000e+04,2.317697360891538688e-02,6.776015646199695652e-02
6.710800000000000000e+04,1.602878197621848688e-02,4.207902826263421048e-02
6.710900000000000000e+04,1.135920081789290430e-02,3.605811512544576658e-02
6.711000000000000000e+04,1.470639168906651834e-02,5.884998252526330020e-02
6.711100000000000000e+04,7.927292895564071532e-03,1.661057922015984900e-02
6.711200000000000000e+04,1.105002402639042834e-02,5.458326818651215717e-03
6.711300000000000000e+04,9.930790467440518687e-03,8.856729285849240796e-03
6.711400000000000000e+04,1.047544225533554932e-02,8.523862741824927980e-03
6.711500000000000000e+04,1.031665779812140915e-02,6.518954271928834032e-03
6.711600000000000000e+04,1.044386989096033648e-02,1.486893561180480106e-02
6.711700000000000000e+04,7.876312918761795706e-03,8.887241529336620260e-03
6.711800000000000000e+04,7.080035938795660282e-03,1.283594962350775859e-02
6.711900000000000000e+04,6.861729612980711768e-03,1.971297397703253296e-02
6.712000000000000000e+04,7.453483416192405522e-03,2.585594159113213664e-02
6.712100000000000000e+04,6.694600540029150941e-03,2.532044223172746911e-02
6.712200000000000000e+04,5.694112382840632765e-03,2.378033966832759916e-02
6.712300000000000000e+04,9.052800253522319193e-03,2.861024567250680661e-02
6.712400000000000000e+04,6.875771651573901744e-03,3.597286514839836968e-02
6.712500000000000000e+04,9.552651199966248965e-03,4.999924081199935699e-02
6.712600000000000000e+04,1.163207203419362561e-02,4.345049277375778729e-02
6.712700000000000000e+04,1.518982340196367228e-02,4.001281206393159096e-02
6.712800000000000000e+04,4.065334480931127176e-02,1.100921939291659157e-01
6.712900000000000000e+04,8.727792515352228442e-02,1.066562164058808548e-01
6.713000000000000000e+04,1.345774293966735084e-02,4.771675414789200431e-02
6.713100000000000000e+04,1.486602895340680651e-02,5.128369914114117023e-02
6.713200000000000000e+04,1.776450670525035053e-02,4.999871265799882281e-02
6.713300000000000000e+04,2.767346283079043234e-02,3.844793761245313135e-02
6.713400000000000000e+04,1.835958628285828953e-02,2.042604205081488544e-02
6.713500000000000000e+04,1.534268515380751013e-02,8.595854489527710030e-03
6.713600000000000000e+04,1.690752301035272284e-02,1.828027263393394719e-02
6.713700000000000000e+04,1.883873970108489518e-02,9.031330034179774202e-03
6.713800000000000000e+04,3.959802998070683505e-02,1.025318934892283096e-02
6.713900000000000000e+04,4.088687838373668976e-02,4.502520001193133226e-02
6.714000000000000000e+04,2.718912046797659909e-03,2.741354354368397139e-02
6.714100000000000000e+04,5.317051616583132884e-02,4.984232232558838405e-03
6.714200000000000000e+04,1.736924681445343663e-02,1.032974038004397244e-04
6.714300000000000000e+04,3.043905383065997894e-02,1.603831506559671993e-02
6.714400000000000000e+04,3.142177547084714501e-02,3.379577717649695501e-02
6.714500000000000000e+04,2.603991997104479136e-02,1.690597219593215073e-02
6.714600000000000000e+04,1.411314988334178878e-02,6.409523263585015229e-03
6.714700000000000000e+04,1.831924855267983224e-02,1.107777344350324711e-02
6.714800000000000000e+04,1.945138403236859950e-02,1.319250968053609085e-02
6.714900000000000000e+04,2.197674747842567888e-02,7.552048497981189712e-03
6.715000000000000000e+04,2.449324621020982848e-02,1.000995449546948635e-02
6.715100000000000000e+04,2.584271072124897511e-02,8.150039539277287304e-03
6.715200000000000000e+04,2.490552782477578955e-02,9.148945189970447700e-03
6.715300000000000000e+04,2.517692106019418091e-02,1.132250492605990644e-02
6.715400000000000000e+04,2.369582921562765621e-02,8.937670470452019345e-03
6.715500000000000000e+04,2.588762859645026351e-02,9.937047415405686479e-03
6.715600000000000000e+04,2.431682117193407697e-02,6.909794552345971397e-03
6.715700000000000000e+04,2.187184270480804771e-02,4.435061635351900122e-03
6.715800000000000000e+04,1.890048077519897868e-02,1.314173659888950851e-03
6.715900000000000000e+04,1.646520169110719453e-02,1.686417999184897099e-03
6.716000000000000000e+04,1.366553361944266264e-02,5.223018524290523601e-03
6.716100000000000000e+04,2.548336287628682594e-03,1.960178525921563164e-02
6.716200000000000000e+04,3.424778838511774448e-02,2.388322714172019801e-02
6.716300000000000000e+04,4.343153939908320216e-02,6.539857444106900175e-03
6.716400000000000000e+04,1.668396647069635141e-02,1.394868707799901131e-02
6.716500000000000000e+04,1.969876567204971451e-02,7.175670142785861572e-03
6.716600000000000000e+04,3.825761836298032566e-03,8.759711714162676799e-03
6.716700000000000000e+04,1.167919393902870639e-02,5.626180121474533280e-03
6.716800000000000000e+04,1.349356886589807812e-02,1.364692791732124988e-04
6.716900000000000000e+04,1.777095843866128080e-02,7.001331990103665248e-03
6.717000000000000000e+04,1.254464447597996267e-02,9.644109740666095831e-03
6.717100000000000000e+04,5.877386308288238756e-03,3.187574680559634999e-03
6.717200000000000000e+04,5.576065730817556486e-03,3.228347657703523055e-03
6.717300000000000000e+04,2.356128735429133692e-03,1.106340937389305168e-02
6.717400000000000000e+04,2.174589561011234032e-02,6.611433116603393501e-03
6.717500000000000000e+04,1.460023139471931450e-02,1.110044925743736144e-02
6.717600000000000000e+04,1.875750636377111064e-02,6.019865026708259848e-03
6.717700000000000000e+04,2.189309861856984785e-02,1.378715991791068518e-03
6.717800000000000000e+04,2.041016728825764681e-02,2.926197276371667044e-02
6.717900000000000000e+04,2.750827445083996875e-02,4.020221531495238310e-02
6.718000000000000000e+04,2.427064593952925689e-02,4.023800179766467977e-02
6.718100000000000000e+04,3.812559392774009931e-02,9.190105357131272967e-02
6.718200000000000000e+04,4.309354439275484699e-02,1.206778825206953343e-01
6.718300000000000000e+04,8.716012201938989901e-02,6.143465250980995052e-02
6.718400000000000000e+04,2.076985860956410690e-01,2.753506811179207148e-02
6.718500000000000000e+04,3.425809683226404001e-01,1.234436343283817905e-02
6.718600000000000000e+04,1.227746612701551415e-01,2.691758999813131936e-01
6.718700000000000000e+04,1.020112916399769365e-01,3.032420112453166894e-01
6.718800000000000000e+04,1.374346442504615073e-01,3.070026472522258132e-01
6.718900000000000000e+04,1.589589720937736039e-01,3.172417046751476732e-01
6.719000000000000000e+04,1.719679348274698663e-02,7.890609308225648988e-02
6.719100000000000000e+04,2.826698758790057928e-02,4.900700499172572222e-02
6.719200000000000000e+04,1.033485320352197784e-01,5.064230953873405383e-02
6.719300000000000000e+04,2.924931305606694176e-02,9.024766372550629967e-02
6.719400000000000000e+04,2.374889973534374116e-02,8.795750651247047358e-02
6.719500000000000000e+04,4.435340353069478631e-02,5.927779528691345945e-02
6.719600000000000000e+04,5.758390775234688286e-02,3.440021474893129039e-02
6.719700000000000000e+04,1.863565559861269857e-02,7.740785161486840593e-02
6.719800000000000000e+04,4.371381724640686223e-02,1.057602682804379413e-01
6.719900000000000000e+04,3.702926800487257863e-02,1.014692935450014488e-01
6.720000000000000000e+04,3.270621640202122510e-02,8.200394464714477749e-02
6.720100000000000000e+04,1.201324759070195036e-02,5.307301971868838564e-02
6.720200000000000000e+04,1.607615153744316669e-02,5.329716963425212839e-02
6.720300000000000000e+04,1.357892763254940974e-02,1.610430676957008700e-02
6.720400000000000000e+04,1.149138293657592583e-02,1.793700520259378095e-02
6.720500000000000000e+04,5.604793858887987916e-03,2.557421168530282785e-02
6.720600000000000000e+04,1.763230344942752709e-03,2.556676939958535399e-02
6.720700000000000000e+04,4.429165114920903187e-03,2.787164339823533510e-02
6.720800000000000000e+04,5.609690929259679264e-03,3.270258011650639673e-02
6.720900000000000000e+04,6.655071115443159623e-03,3.556927717410118817e-02
6.721000000000000000e+04,1.107675417619776240e-02,3.882015356810697426e-02
6.721100000000000000e+04,1.168683384835739365e-02,4.311919232079119979e-02
6.721200000000000000e+04,1.564255739382239968e-02,2.552724079196622142e-02
6.721300000000000000e+04,9.172063898739689705e-03,3.652757976695042430e-02
6.721400000000000000e+04,1.152879165305332847e-02,2.182176868616281240e-02
6.721500000000000000e+04,5.643791389996180748e-03,8.672618359749861838e-03
6.721600000000000000e+04,1.314044333688260506e-02,1.519701188646749301e-02
6.721700000000000000e+04,1.557662822446059629e-02,7.154098862985591722e-02
6.721800000000000000e+04,1.858874827143561920e-02,5.346836712918090484e-02
6.721900000000000000e+04,1.778344744622201157e-02,6.968659772825347432e-02
6.722000000000000000e+04,1.963608474852020225e-02,2.977311421150119486e-02
6.722100000000000000e+04,2.322293173715083564e-02,1.131313566650149482e-02
6.722200000000000000e+04,2.899534555683743950e-02,1.871001880551759200e-02
6.722300000000000000e+04,3.812186423915613076e-02,3.391589058055544115e-02
6.722400000000000000e+04,4.503005481178430636e-02,4.302918950137168963e-02
6.722500000000000000e+04,8.953308029945037869e-03,1.288650390787182687e-02
6.722600000000000000e+04,1.810156264600120204e-02,7.444091725557910877e-02
6.722700000000000000e+04,2.104308828310653967e-02,6.242811079068033564e-02
6.722800000000000000e+04,2.258143766149479578e-02,2.073736528161163051e-02
6.722900000000000000e+04,1.628257196729182565e-02,8.852567408830225304e-03
6.723000000000000000e+04,1.772499162328169259e-02,8.155240546447117822e-03
6.723100000000000000e+04,1.414053337587533807e-02,5.456307966657192310e-03
6.723200000000000000e+04,1.403770157815617016e-02,6.402696137506325158e-03
6.723300000000000000e+04,1.222182062683392807e-02,1.329440166678352853e-02
6.723400000000000000e+04,8.792520121205484734e-03,2.281330620035149082e-02
6.723500000000000000e+04,5.618278281114253390e-03,1.929175407200034442e-02
6.723600000000000000e+04,2.159685326412892278e-02,1.480874320836278457e-02
6.723700000000000000e+04,4.354847236629163371e-02,9.123407284270967921e-03
6.723800000000000000e+04,5.586074004848663732e-02,4.536571560279867299e-03
6.723900000000000000e+04,8.332532934499889410e-02,9.565637962239748049e-03
6.724000000000000000e+04,7.102652084569166524e-02,2.703489156024829754e-02
6.724100000000000000e+04,7.333484005120827209e-02,6.836365852759485051e-03
6.724200000000000000e+04,9.181729481703915230e-02,2.532748185057798196e-02
6.724300000000000000e+04,1.168803889691910347e-01,1.408216519347504914e-02
6.724400000000000000e+04,1.361776008857739917e-01,3.740091240502962933e-02
6.724500000000000000e+04,1.511099934245627441e-01,6.227272638067660182e-02
6.724600000000000000e+04,2.086992350364754167e-01,6.867621019632963453e-02
6.724700000000000000e+04,2.376606061934370129e-01,9.218592362463340351e-02
6.724800000000000000e+04,2.224947158021048643e-01,1.014986455420618938e-01
6.724900000000000000e+04,2.492695923981044226e-01,1.214710827516398695e-01
6.725000000000000000e+04,2.635885875984812499e-01,1.683843368825783671e-01
6.725100000000000000e+04,2.623211157391098780e-01,2.020572689215072160e-01
6.725200000000000000e+04,2.818305086124816561e-01,2.023175769967373583e-01
6.725300000000000000e+04,2.763798164171912819e-01,2.141641687953566020e-01
6.725400000000000000e+04,2.278056721179713973e-01,2.470516172773145058e-01
6.725500000000000000e+04,2.083958984408441628e-01,2.443111312868708751e-01
6.725600000000000000e+04,2.112303594240787785e-01,2.572164672745387293e-01
6.725700000000000000e+04,2.131581573708272725e-01,2.652373456208678704e-01
6.725800000000000000e+04,2.156800710909934637e-01,2.702627596347539907e-01
6.725900000000000000e+04,2.204350074334762155e-01,2.731507714955832000e-01
6.726000000000000000e+04,2.266697135862544843e-01,2.741913209744417657e-01
6.726100000000000000e+04,2.239067152734552923e-01,2.858016585176628155e-01
6.726200000000000000e+04,2.209083526957325849e-01,2.874012771368015251e-01
6.726300000000000000e+04,2.273275541563530844e-01,2.898166312769490105e-01
6.726400000000000000e+04,2.281163298331192191e-01,2.636923524351857395e-01
6.726500000000000000e+04,2.147698837142157646e-01,2.641653119855718046e-01
6.726600000000000000e+04,2.006816938431570940e-01,2.743075642164320982e-01
6.726700000000000000e+04,2.327892086137563210e-01,3.140782828398691606e-01
6.726800000000000000e+04,2.667187325170847223e-01,2.614699305526997364e-01
6.726900000000000000e+04,3.140630687018753364e-01,2.522285202121601344e-01
6.727000000000000000e+04,3.408318810134791099e-01,2.542599747702851687e-01
6.727100000000000000e+04,3.250169552766404846e-01,3.372632480194006632e-01
6.727200000000000000e+04,3.587119734763221102e-01,4.011102619459236962e-01
6.727300000000000000e+04,4.809989724063207794e-01,5.933540744103886766e-01
6.727400000000000000e+04,5.499975060749986433e-01,6.491632438235512836e-01
6.727500000000000000e+04,6.073729857234066998e-01,6.773442746573579143e-01
6.727600000000000000e+04,6.755081446901612940e-01,7.420589545653690777e-01
6.727700000000000000e+04,7.432501325897981070e-01,6.708775038353884668e-01
6.727800000000000000e+04,7.814134433180561778e-01,6.765331178495159747e-01
6.727900000000000000e+04,8.379761000195814491e-01,7.005690780977360532e-01
6.728000000000000000e+04,8.166816570412528398e-01,9.261323778566321607e-01
6.728100000000000000e+04,8.666228794299134508e-01,1.022264915815330966e+00
6.728200000000000000e+04,6.346884086484242404e-01,1.490019021224608053e+00
6.728300000000000000e+04,4.627695945634004437e-01,1.448868272654465272e+00
6.728400000000000000e+04,4.374151127142450468e-01,1.547493941366425929e+00
6.728500000000000000e+04,4.161656744939461472e-01,1.691399148686450360e+00
6.728600000000000000e+04,4.298367061650094634e-01,2.023405754949543223e+00
6.728700000000000000e+04,4.473871227549667817e-01,2.236468503340397262e+00
6.728800000000000000e+04,4.434669562389048636e-01,2.408947417685656234e+00
6.728900000000000000e+04,5.452950278488284397e-01,2.950160762456423669e+00
6.729000000000000000e+04,6.451832869195041065e-01,3.251639179241774258e+00
6.729100000000000000e+04,7.186882810555442758e-01,3.451328042896172121e+00
6.729200000000000000e+04,7.491679158141522077e-01,3.612517248963428074e+00
6.729300000000000000e+04,8.055296513832457261e-01,3.605050546900780972e+00
6.729400000000000000e+04,8.697034615088150566e-01,3.566570505485007203e+00
6.729500000000000000e+04,7.374217264543458938e-01,3.467130949945545382e+00
6.729600000000000000e+04,4.811468878225557133e-01,3.404210245592434347e+00
6.729700000000000000e+04,7.056466121620946774e-01,3.107971037129352965e+00
6.729800000000000000e+04,9.031646335239155166e-01,2.893499282248114923e+00
6.729900000000000000e+04,6.959012329656202311e-01,1.745156683408168874e+00
6.730000000000000000e+04,7.607396645094944843e-01,1.582391132826270308e+00
6.730100000000000000e+04,8.480752652470103792e-01,1.594642528695857209e+00
6.730200000000000000e+04,8.877693106892460273e-01,1.614212166168293550e+00
6.730300000000000000e+04,8.992088244993240442e-01,1.637513065597040907e+00
6.730400000000000000e+04,8.904933530324580238e-01,1.701014291871359774e+00
6.730500000000000000e+04,8.646831402940249323e-01,1.697113058434901234e+00
6.730600000000000000e+04,8.513279788911425339e-01,1.678153783771875851e+00
6.730700000000000000e+04,8.472928496244286345e-01,1.702658765008017383e+00
6.730800000000000000e+04,8.508503980986986681e-01,1.696615288228237262e+00
6.730900000000000000e+04,8.405184560735048382e-01,1.724402108413826795e+00
6.731000000000000000e+04,8.239278072413753762e-01,1.723111351711388295e+00
6.731100000000000000e+04,7.990063136073248806e-01,1.648266198883248990e+00
6.731200000000000000e+04,7.685244925540988259e-01,1.569401711544713862e+00
6.731300000000000000e+04,7.654236779288540182e-01,1.587986205795822059e+00
6.731400000000000000e+04,7.547102661985388705e-01,1.598029699282818683e+00
6.731500000000000000e+04,7.463342530822290044e-01,1.566049624710807109e+00
6.731600000000000000e+04,7.183363877983814927e-01,1.545266481601913711e+00
6.731700000000000000e+04,7.022969921722236331e-01,1.499311161659996117e+00
6.731800000000000000e+04,7.064329066253454137e-01,1.510264562554645806e+00
6.731900000000000000e+04,7.079400059044109739e-01,1.514489470209831268e+00
6.732000000000000000e+04,7.071262954306620774e-01,1.496083370279102098e+00
6.732100000000000000e+04,7.151858663311626563e-01,1.469569101108881171e+00
6.732200000000000000e+04,7.093343703146702817e-01,1.440892922892601291e+00
6.732300000000000000e+04,7.039724055785628876e-01,1.409406792534966257e+00
6.732400000000000000e+04,6.949808858679178414e-01,1.405068245830882745e+00
6.732500000000000000e+04,7.003808847875752086e-01,1.397551379954855122e+00
6.732600000000000000e+04,6.826102988336119060e-01,1.373853701076775735e+00
6.732700000000000000e+04,6.471783833971732625e-01,1.313681655501568457e+00
6.732800000000000000e+04,6.149242126815250842e-01,1.275152552165408792e+00
6.732900000000000000e+04,5.823818349744501743e-01,1.263857090978071085e+00
6.733000000000000000e+04,5.562255053471553135e-01,1.254199414296003567e+00
6.733100000000000000e+04,5.286167391599859711e-01,1.218479220129964347e+00
6.733200000000000000e+04,5.127803628933574887e-01,1.179158876364716946e+00
6.733300000000000000e+04,5.078885502674405084e-01,1.159098721782392261e+00
6.733400000000000000e+04,4.955568791860192612e-01,1.123193037821309304e+00
6.733500000000000000e+04,4.916203469975831131e-01,1.096286482500232751e+00
6.733600000000000000e+04,4.693028955878550956e-01,1.038794984705361912e+00
6.733700000000000000e+04,4.748643406171129122e-01,1.035239155532018174e+00
6.733800000000000000e+04,4.867012492534946166e-01,1.015670349792628713e+00
6.733900000000000000e+04,4.468970414376492450e-01,1.004381944999011012e+00
6.734000000000000000e+04,4.111041846147399093e-01,9.514126682239947286e-01
6.734100000000000000e+04,3.279621167657454373e-01,7.959853505292002751e-01
6.734200000000000000e+04,4.337846249884809158e-01,9.865960233238837418e-01
6.734300000000000000e+04,4.084961750594388041e-01,9.783759946237324812e-01
6.734400000000000000e+04,4.316270369489387804e-01,9.831339545535229263e-01
6.734500000000000000e+04,4.596855125517397833e-01,9.912738441681128165e-01
6.734600000000000000e+04,4.545770871800173807e-01,9.733035667552627501e-01
6.734700000000000000e+04,5.147999622381549401e-01,9.872211762181564154e-01
6.734800000000000000e+04,5.261752898775602372e-01,9.899825635052863504e-01
6.734900000000000000e+04,5.297391031845869458e-01,9.882595025190283877e-01
6.735000000000000000e+04,4.870297022270305143e-01,9.633047560943950316e-01
6.735100000000000000e+04,4.382645855534678669e-01,9.958978508242211092e-01
6.735200000000000000e+04,4.865796467437512596e-01,1.102183712900945523e+00
6.735300000000000000e+04,5.405222381427676748e-01,1.294013122454590103e+00
6.735400000000000000e+04,5.769746404332974921e-01,1.527492791998202648e+00
6.735500000000000000e+04,5.802539505009129961e-01,1.938070959651607694e+00
6.735600000000000000e+04,5.126173918130565443e-01,2.033321748738760704e+00
6.735700000000000000e+04,4.944067300652147390e-01,2.103286135356263742e+00
6.735800000000000000e+04,4.319179507330596079e-01,2.170536868613567094e+00
6.735900000000000000e+04,4.434162118211071313e-01,2.274687152010095303e+00
6.736000000000000000e+04,4.698716298650597589e-01,2.386808676169970056e+00
6.736100000000000000e+04,4.843578460447255929e-01,2.515501933327826123e+00
6.736200000000000000e+04,4.790353920863316683e-01,2.618434964482045046e+00
6.736300000000000000e+04,4.165159431501133658e-01,2.628790334246204452e+00
6.736400000000000000e+04,3.742140802659598697e-01,2.296112547116486269e+00
6.736500000000000000e+04,3.163016763727864999e-01,2.260938988766724833e+00
6.736600000000000000e+04,3.026743611800097877e-01,2.264227326969137977e+00
6.736700000000000000e+04,2.525312969212819558e-01,2.254616233703984562e+00
6.736800000000000000e+04,2.665462078631944398e-01,2.339781456491262901e+00
6.736900000000000000e+04,2.797731622317707889e-01,2.458546614804891561e+00
6.737000000000000000e+04,3.114455523340601273e-01,2.567303638090660201e+00
6.737100000000000000e+04,2.860582698766589438e-01,2.699356635807735216e+00
6.737200000000000000e+04,2.296526261020374327e-01,2.757128351875920202e+00
6.737300000000000000e+04,2.451824687201076824e-01,2.586563221198826312e+00
6.737400000000000000e+04,2.617455994126300367e-01,2.533153262338622369e+00
6.737500000000000000e+04,2.357001452022945698e-01,2.621148724222646109e+00
6.737600000000000000e+04,2.595936261039133996e-01,2.667849337824190314e+00
6.737700000000000000e+04,4.273457586651086548e-01,2.921712242107687985e+00
6.737800000000000000e+04,5.428122372540267193e-01,2.907617454505796672e+00
6.737900000000000000e+04,5.638261658055051528e-01,2.867420858461780853e+00
6.738000000000000000e+04,4.193289564013145121e-01,2.312897768539507126e+00
6.738100000000000000e+04,4.095842600692644053e-01,2.254636035082459244e+00
6.738200000000000000e+04,4.092109812735693630e-01,2.228310210021941629e+00
6.738300000000000000e+04,3.883604266506193170e-01,2.162942014099527910e+00
6.738400000000000000e+04,3.562741018126802661e-01,2.052072255305496640e+00
6.738500000000000000e+04,3.937932244200847420e-01,2.102231851616100045e+00
6.738600000000000000e+04,5.880598689061995454e-01,2.315969519841281965e+00
6.738700000000000000e+04,5.923433794872574598e-01,2.330771777393778166e+00
6.738800000000000000e+04,5.601616239850082390e-01,2.346605139108035587e+00
6.738900000000000000e+04,5.318342074330988378e-01,2.370742517041957598e+00
6.739000000000000000e+04,4.682897312874076401e-01,2.398995590282673618e+00
6.739100000000000000e+04,3.987430832652279489e-01,2.399379679126418807e+00
6.739200000000000000e+04,3.361667700029456474e-01,2.379234955656798434e+00
6.739300000000000000e+04,3.171810462518870888e-01,2.197685288611122445e+00
6.739400000000000000e+04,2.626528453129045038e-01,2.076180723249759552e+00
6.739500000000000000e+04,2.319883611603992535e-01,2.063106166919702389e+00
6.739600000000000000e+04,1.544409155480621354e-01,2.032573539671602703e+00
6.739700000000000000e+04,1.068960955686177605e-01,2.016843962647865141e+00
6.739800000000000000e+04,7.657863954474419810e-02,1.964615868489278938e+00
6.739900000000000000e+04,4.571645587129666288e-02,1.970089988187581298e+00
6.740000000000000000e+04,5.225883330924399606e-02,1.925883663960377135e+00
6.740100000000000000e+04,5.235728152634399474e-02,1.879402611910755638e+00
6.740200000000000000e+04,4.263500799430799404e-01,7.101970012982263825e-01
6.740300000000000000e+04,4.374777349399653903e-01,7.291562335093288993e-01
6.740400000000000000e+04,4.507630748071207449e-01,7.462083348608885558e-01
6.740500000000000000e+04,4.397481177195809998e-01,7.383804256992760884e-01
6.740600000000000000e+04,4.352150170296873455e-01,7.388349979979267346e-01
6.740700000000000000e+04,4.349275508233985676e-01,7.367240301978981165e-01
6.740800000000000000e+04,4.378998546945332415e-01,7.327438785588213932e-01
6.740900000000000000e+04,4.373318135751143032e-01,7.274690865293180764e-01
6.741000000000000000e+04,4.319381450635985664e-01,7.232842988117980099e-01
6.741100000000000000e+04,4.278146378044685449e-01,7.218864027259499494e-01
6.741200000000000000e+04,4.296561107673126378e-01,7.290555295406591085e-01
6.741300000000000000e+04,4.438576735498755421e-01,7.415366589921603691e-01
6.741400000000000000e+04,4.549878321668189285e-01,7.506844557882033087e-01
6.741500000000000000e+04,4.657806579557201010e-01,7.599659515391294917e-01
6.741600000000000000e+04,4.742134225651735702e-01,7.619522448159514738e-01
6.741700000000000000e+04,4.822382582171448884e-01,7.624280987055840342e-01
6.741800000000000000e+04,4.955747853563307603e-01,7.491718982367672197e-01
6.741900000000000000e+04,5.189355122038167289e-01,7.808064259108249416e-01
6.742000000000000000e+04,5.389245134980198415e-01,7.840921344869258292e-01
6.742100000000000000e+04,6.573833269262041590e-01,9.499912122673208614e-01
6.742200000000000000e+04,7.930893058434694831e-01,1.088550103335840902e+00
6.742300000000000000e+04,8.287617061538319341e-01,1.187021577231220704e+00
6.742400000000000000e+04,7.290070251089948439e-01,1.148654224193052187e+00
6.742500000000000000e+04,6.617560279404290924e-01,1.229343449967416291e+00
6.742600000000000000e+04,6.069023431281546088e-01,1.329203220291283571e+00
6.742700000000000000e+04,5.733741344942000495e-01,1.432606164256668535e+00
6.742800000000000000e+04,5.458285966265699063e-01,1.516847599420231063e+00
6.742900000000000000e+04,5.358334505444514173e-01,1.579942340376042864e+00
6.743000000000000000e+04,5.126766883447593237e-01,1.626339356673696557e+00
6.743100000000000000e+04,4.831517907194757266e-01,1.644381786046537286e+00
6.743200000000000000e+04,4.619102829335706706e-01,1.624982000227909396e+00
6.743300000000000000e+04,4.753234979723204301e-01,1.604319667291598250e+00
6.743400000000000000e+04,4.812445351368358493e-01,1.596098992086581347e+00
6.743500000000000000e+04,4.799758824084152664e-01,1.596280338538562660e+00
6.743600000000000000e+04,4.799615859634777104e-01,1.595063301650611720e+00
6.743700000000000000e+04,4.810200169798128367e-01,1.594417378832503118e+00
6.743800000000000000e+04,4.785316764476330587e-01,1.593677371516555752e+00
6.743900000000000000e+04,4.792255348546294869e-01,1.593172201704199153e+00
6.744000000000000000e+04,4.773026194104544873e-01,1.591008646921181935e+00
6.744100000000000000e+04,4.740031716940302231e-01,1.588476885166500097e+00
6.744200000000000000e+04,4.677745973012683023e-01,1.587188560113716562e+00
6.744300000000000000e+04,4.624787328229336136e-01,1.586075029289261806e+00
6.744400000000000000e+04,4.579753748138898350e-01,1.586208783827679270e+00
6.744500000000000000e+04,4.518820588306310393e-01,1.585899986737750567e+00
6.744600000000000000e+04,4.451092197858340649e-01,1.585770725666890257e+00
6.744700000000000000e+04,4.431747609265876409e-01,1.586347136290804372e+00
6.744800000000000000e+04,4.380101514896830861e-01,1.585917958779539561e+00
6.744900000000000000e+04,4.323673364957132392e-01,1.586276444060047197e+00
6.745000000000000000e+04,4.259707023830145434e-01,1.586073470840716482e+00
6.745100000000000000e+04,4.205607613570615522e-01,1.585137164598279469e+00
6.745200000000000000e+04,4.166334919756022326e-01,1.584389180510541451e+00
6.745300000000000000e+04,4.124623362092671996e-01,1.583960665959779135e+00
6.745400000000000000e+04,4.057600715323556040e-01,1.581970668170121996e+00
6.745500000000000000e+04,4.004743775706541276e-01,1.576459257831764660e+00
6.745600000000000000e+04,3.997454742108392245e-01,1.571175010617338330e+00
6.745700000000000000e+04,3.941570830820906868e-01,1.563378860641684298e+00
6.745800000000000000e+04,3.898144436984317118e-01,1.555019512698180506e+00
6.745900000000000000e+04,3.895373037282411355e-01,1.538422241907845489e+00
6.746000000000000000e+04,3.835306380876575827e-01,1.548502009544606040e+00
6.746100000000000000e+04,3.783360412051938737e-01,1.531365033482131821e+00
6.746200000000000000e+04,3.735087473071518893e-01,1.520800012009679847e+00
6.746300000000000000e+04,3.784946482475679552e-01,1.506558309440244159e+00
6.746400000000000000e+04,3.862191599328845260e-01,1.506056995113304708e+00
6.746500000000000000e+04,3.835428458873408331e-01,1.514820056607923959e+00
6.746600000000000000e+04,3.716860447275333601e-01,1.496103293210715890e+00
6.746700000000000000e+04,3.736963414445019782e-01,1.535521808130944521e+00
6.746800000000000000e+04,3.475918395015448192e-01,1.532991834595868852e+00
6.746900000000000000e+04,3.211257191983562520e-01,1.551128457355019918e+00
6.747000000000000000e+04,3.374998040628738871e-01,1.531588303333109025e+00
6.747100000000000000e+04,3.203790403575715873e-01,1.552472066081911350e+00
6.747200000000000000e+04,3.011097409811738790e-01,1.597361160792615919e+00
6.747300000000000000e+04,2.902686755338175773e-01,1.614632204528902548e+00
6.747400000000000000e+04,2.996443235302058694e-01,1.583034369732892799e+00
6.747500000000000000e+04,2.881134089557992328e-01,1.588895510949889456e+00
6.747600000000000000e+04,2.845781279571464872e-01,1.604343560780137068e+00
6.747700000000000000e+04,2.869681601294887807e-01,1.589830099874696145e+00
6.747800000000000000e+04,2.838776939868880578e-01,1.596542553491637761e+00
6.747900000000000000e+04,2.830417106497106761e-01,1.595238070058208280e+00
6.748000000000000000e+04,2.800130541473624946e-01,1.610221571235392446e+00
6.748100000000000000e+04,2.829958864526078144e-01,1.637910345139303558e+00
6.748200000000000000e+04,2.854798935514648583e-01,1.633212845038642058e+00
6.748300000000000000e+04,2.858788222435720283e-01,1.611497367405888781e+00
6.748400000000000000e+04,2.815460377238108713e-01,1.609824876848755082e+00
6.748500000000000000e+04,2.706762610339668029e-01,1.605246403384548159e+00
6.748600000000000000e+04,2.779397689196888011e-01,1.618237571042577372e+00
6.748700000000000000e+04,2.811788921828475285e-01,1.594334780859824718e+00
6.748800000000000000e+04,2.846115805551407973e-01,1.589337191755014089e+00
6.748900000000000000e+04,2.840122220361379624e-01,1.587441961517939149e+00
6.749000000000000000e+04,2.820400074218931685e-01,1.583549338217153490e+00
6.749100000000000000e+04,2.826033753621537969e-01,1.596359940396020249e+00
6.749200000000000000e+04,2.855336065043755367e-01,1.605788806134292201e+00
6.749300000000000000e+04,2.848394388423836632e-01,1.619173362055320808e+00
6.749400000000000000e+04,2.761488678812549780e-01,1.619105721653568253e+00
6.749500000000000000e+04,2.890956983806564073e-01,1.586708976916796132e+00
6.749600000000000000e+04,2.816556693612972673e-01,1.574640179108186544e+00
6.749700000000000000e+04,2.660068723394342638e-01,1.610590479013183085e+00
6.749800000000000000e+04,2.675595713026602818e-01,1.603492710276725575e+00
6.749900000000000000e+04,2.568509192847321376e-01,1.560647053205300949e+00
6.750000000000000000e+04,2.200274610768879202e-01,1.559193291520003299e+00
6.750100000000000000e+04,1.669651237367018870e-01,1.630128844566861801e+00
6.750200000000000000e+04,1.860074809202135471e-01,1.701597484324139486e+00
6.750300000000000000e+04,3.085381672261948705e-01,1.671359359494047681e+00
6.750400000000000000e+04,2.566846861649692557e-01,1.577864675527123950e+00
6.750500000000000000e+04,2.464752885139359084e-01,1.555620033965482207e+00
6.750600000000000000e+04,2.396364199443509480e-01,1.564568436535310525e+00
6.750700000000000000e+04,2.367966612560942763e-01,1.571664617559179078e+00
6.750800000000000000e+04,2.163466905294219311e-01,1.619945224328091626e+00
6.750900000000000000e+04,2.288483537003399848e-01,1.705960639998899353e+00
6.751000000000000000e+04,3.041681336410137493e-01,1.162431026462940054e+00
6.751100000000000000e+04,3.243443219685838708e-01,1.170188468986417263e+00
6.751200000000000000e+04,3.041989998935829553e-01,1.103283465346990511e+00
6.751300000000000000e+04,3.052975425507220009e-01,1.063768191803724505e+00
6.751400000000000000e+04,2.811040559144465933e-01,9.750554495996937021e-01
6.751500000000000000e+04,2.702222125233733063e-01,8.321029646104420863e-01
6.751600000000000000e+04,2.979801573531901115e-01,8.069444606137849973e-01
6.751700000000000000e+04,2.822836904218495868e-01,7.917562545593739287e-01
6.751800000000000000e+04,2.847682836872802992e-01,7.841448052413753089e-01
6.751900000000000000e+04,1.669335360394005041e-01,6.574874704783439938e-01
6.752000000000000000e+04,1.397705813140772690e-01,5.498654496578438966e-01
6.752100000000000000e+04,3.116991089572828180e-02,5.949690286142583773e-02
6.752200000000000000e+04,1.485820772644712018e-01,2.130443072006045213e-01
6.752300000000000000e+04,2.516185528764607326e-01,4.348355489032087462e-01
6.752400000000000000e+04,1.931885212162544052e-01,6.015348854039004323e-01
6.752500000000000000e+04,1.414844446676060130e-01,7.651625262386687609e-01
6.752600000000000000e+04,1.333626662961042708e-01,9.217284613100460433e-01
6.752700000000000000e+04,1.094482168292058438e-01,1.089414133878968016e+00
6.752800000000000000e+04,1.500213359220441967e-01,1.189293992802902267e+00
6.752900000000000000e+04,3.054512565553636483e-01,1.212509969532177934e+00
6.753000000000000000e+04,3.525934438545477168e-01,1.314224289373662202e+00
6.753100000000000000e+04,4.187288911858197960e-01,1.272904949142073860e+00
6.753200000000000000e+04,3.629971007873082911e-01,1.121158648552984971e+00
6.753300000000000000e+04,1.915622414065593429e-02,1.357883726151953852e-02
6.753400000000000000e+04,8.892539397677982210e-03,2.525689890831017692e-02
6.753500000000000000e+04,2.593899158656730753e-03,4.007144390896399955e-02
6.753600000000000000e+04,1.897584728290627187e-02,3.412422599474496110e-02
6.753700000000000000e+04,2.903145329204124755e-02,4.455902570875736046e-02
6.753800000000000000e+04,9.050759349742419288e-03,2.998099405035503651e-02
6.753900000000000000e+04,2.483836700653551874e-02,3.160311782320945895e-02
6.754000000000000000e+04,3.224757959228986837e-02,4.828079420399689070e-02
6.754100000000000000e+04,5.175680916855292940e-02,6.709187930122340049e-02
6.754200000000000000e+04,3.025700334637164771e-02,3.956779155360834466e-02
6.754300000000000000e+04,1.731370990959455250e-02,6.565212059278024981e-02
6.754400000000000000e+04,2.008537040937801235e-02,7.480402834740829121e-02
6.754500000000000000e+04,2.340429908325378922e-02,5.594715976082653697e-02
6.754600000000000000e+04,5.440711368420542149e-02,3.371797165560508347e-02
6.754700000000000000e+04,1.214222939373065663e-02,8.509695869278743885e-02
6.754800000000000000e+04,8.806868535380946855e-03,6.132309290108395317e-02
6.754900000000000000e+04,1.067828872709259552e-02,4.873867654952590556e-02
6.755000000000000000e+04,7.607965126446852508e-03,4.504841676770610093e-02
6.755100000000000000e+04,9.411483051621268026e-03,4.852973194697085546e-02
6.755200000000000000e+04,1.322675944533250117e-02,2.766704624156091086e-02
6.755300000000000000e+04,9.680991543221108622e-03,2.806984431067149899e-02
6.755400000000000000e+04,2.725390398608438028e-02,1.768787529336890429e-02
6.755500000000000000e+04,2.953605784225838554e-02,6.830272442343243711e-03
6.755600000000000000e+04,3.301292549825589340e-02,1.790476800618279185e-02
6.755700000000000000e+04,4.257023074148490877e-02,1.833081563108152068e-02
6.755800000000000000e+04,6.584524429778970678e-02,1.757488525562678205e-02
6.755900000000000000e+04,7.452106306451479478e-02,1.123381867799366773e-02
6.756000000000000000e+04,1.195223381407657243e-01,1.758168281540406497e-04
6.756100000000000000e+04,1.670495575607959249e-01,3.501138358209487933e-02
6.756200000000000000e+04,2.032847554441782056e-01,6.460480008300351074e-02
6.756300000000000000e+04,2.471611620608180904e-01,1.011902962096726810e-01
6.756400000000000000e+04,2.871914930810516853e-01,1.365511515501083295e-01
6.756500000000000000e+04,3.205868342983828057e-01,1.567998320045305150e-01
6.756600000000000000e+04,3.435032236820514950e-01,1.526515570639119801e-01
6.756700000000000000e+04,3.537800293404091412e-01,1.619302048363664426e-01
6.756800000000000000e+04,3.597321485530791119e-01,1.728463368337500583e-01
6.756900000000000000e+04,3.818231144997976112e-01,1.783372888449576976e-01
6.757000000000000000e+04,3.941850012981495399e-01,1.978961946104647041e-01
6.757100000000000000e+04,3.880726351377145611e-01,2.170023528915621114e-01
6.757200000000000000e+04,4.251089626277035904e-01,2.579341132913199885e-01
6.757300000000000000e+04,2.635688408203478231e-02,5.615931132116003255e-02
6.757400000000000000e+04,3.143857901929866805e-02,3.976388410145403896e-02
6.757500000000000000e+04,4.180884815888576134e-02,8.428268830371621334e-04
6.757600000000000000e+04,3.617713003023215884e-02,1.068757333261771691e-02
6.757700000000000000e+04,1.045088150220241721e-02,6.336422583714806933e-04
6.757800000000000000e+04,3.252096444329159036e-02,2.814342810260939132e-03
6.757900000000000000e+04,1.902821542733724655e-02,3.695146780465563552e-03
6.758000000000000000e+04,2.368159396303042355e-02,4.257857669415443524e-02
6.758100000000000000e+04,2.742732617129542069e-02,2.974042818028266311e-02
6.758200000000000000e+04,1.563228130037882732e-02,1.844613153346585932e-02
6.758300000000000000e+04,2.818168590616415559e-02,1.389411885167390892e-02
6.758400000000000000e+04,1.088272424237718763e-02,3.299569266873447759e-02
6.758500000000000000e+04,6.742075437805868966e-03,8.660184317832886336e-03
6.758600000000000000e+04,3.721450608572546151e-04,1.303436133601820757e-02
6.758700000000000000e+04,8.166923711158218663e-03,4.419278890480882183e-03
6.758800000000000000e+04,1.442674327932760327e-02,6.176301035210940427e-03
6.758900000000000000e+04,7.826311274318429809e-03,1.942559223095940979e-04
6.759000000000000000e+04,2.757893629173324701e-02,1.638011796808314102e-02
6.759100000000000000e+04,6.789866814333921086e-02,6.115200337845294598e-02
6.759200000000000000e+04,1.355397807904729773e-02,1.361468844635993491e-02
6.759300000000000000e+04,3.429675778183610690e-02,2.342653765487057171e-02
6.759400000000000000e+04,3.343791788615215615e-02,4.182192599138545575e-02
6.759500000000000000e+04,4.685899563837713638e-02,1.129950622671316296e-01
6.759600000000000000e+04,3.252996474828763473e-02,6.520134014381540055e-02
6.759700000000000000e+04,4.801025226728062451e-02,7.517033581384424679e-02
6.759800000000000000e+04,4.370962806559628572e-02,4.050940555582371871e-02
6.759900000000000000e+04,3.900478512498837397e-02,4.479221520316656324e-02
6.760000000000000000e+04,4.336525747442045858e-02,4.483425523321216133e-02
6.760100000000000000e+04,4.607036731195961188e-02,5.280078867560433764e-02
6.760200000000000000e+04,3.935506722542968239e-02,5.055037534446427117e-02
6.760300000000000000e+04,3.831120428271085621e-02,4.567474779278768438e-02
6.760400000000000000e+04,3.364665409778792859e-02,4.085881509428901381e-02
6.760500000000000000e+04,2.684598440371751063e-02,3.969775988166901470e-02
6.760600000000000000e+04,2.547812544731997003e-02,3.054070466227187808e-02
6.760700000000000000e+04,2.485613224606643065e-02,2.679284220046440623e-02
6.760800000000000000e+04,5.772634777271647664e-03,1.950001078328966742e-02
6.760900000000000000e+04,2.910006524382310195e-02,4.405492854496628752e-02
6.761000000000000000e+04,4.490459299059225418e-02,9.576605402106252996e-02
6.761100000000000000e+04,5.220426047259599245e-02,7.153577981950576259e-02
6.761200000000000000e+04,5.543914782156134785e-02,8.390530223724823600e-02
6.761300000000000000e+04,6.192999501951327451e-02,9.265811956621661238e-02
6.761400000000000000e+04,4.671944864927522756e-02,9.224181687126531415e-02
6.761500000000000000e+04,2.831533934760159521e-02,1.706935970245737622e-01
6.761600000000000000e+04,4.485592047886646783e-02,1.685361194775296667e-01
6.761700000000000000e+04,8.387532520898804619e-03,3.555894730488518007e-02
6.761800000000000000e+04,1.292875012929516759e-02,2.628660023425055670e-02
6.761900000000000000e+04,1.920534355961241862e-02,1.719562436889532364e-02
6.762000000000000000e+04,1.482070904466850116e-02,1.735043488574206094e-02
6.762100000000000000e+04,1.218619353696751180e-02,2.618471065942884479e-02
6.762200000000000000e+04,7.345588111748295630e-03,3.085598413876766699e-02
6.762300000000000000e+04,8.320546656847772199e-03,3.684484306954516342e-02
6.762400000000000000e+04,8.221330024452284599e-03,4.406283940004129818e-02
6.762500000000000000e+04,8.829252701273842055e-03,4.552489109160262615e-02
6.762600000000000000e+04,1.022579902915197840e-02,4.657539577762292993e-02
6.762700000000000000e+04,1.055901383426161196e-02,4.573347485026602044e-02
6.762800000000000000e+04,1.101344763738628524e-02,4.676841363362882475e-02
6.762900000000000000e+04,1.156338537045395118e-02,4.375853551053410229e-02
6.763000000000000000e+04,8.722047026019238980e-03,4.259139044911108840e-02
6.763100000000000000e+04,9.503806114319552148e-03,3.909090018071026407e-02
6.763200000000000000e+04,6.249788753112261834e-03,4.400955172638276736e-02
6.763300000000000000e+04,7.794493233164024974e-03,4.376358375113653665e-02
6.763400000000000000e+04,9.124134641622013223e-03,4.183643869527031711e-02
6.763500000000000000e+04,8.541088079494427165e-03,4.463147151773938504e-02
6.763600000000000000e+04,9.194128726060091586e-03,4.092241830910126055e-02
6.763700000000000000e+04,9.308884440314385555e-03,4.448731915231718403e-02
6.763800000000000000e+04,3.767566463530955777e-03,4.369865132829175991e-02
6.763900000000000000e+04,4.076113031670394737e-03,3.414143658116586266e-02
6.764000000000000000e+04,5.366853677146729736e-03,4.149351865751071955e-02
6.764100000000000000e+04,1.148143348220122435e-02,3.791605783514739869e-02
6.764200000000000000e+04,2.055945695680588478e-02,1.971962911854063805e-02
6.764300000000000000e+04,1.242552003573115134e-02,1.669877133794983592e-02
6.764400000000000000e+04,3.200775996468489121e-02,4.655242198888487337e-02
6.764500000000000000e+04,4.744779145984196617e-02,5.248750245154809591e-02
6.764600000000000000e+04,1.785662331213163159e-02,3.909057026094586718e-02
6.764700000000000000e+04,1.847282774613347861e-02,2.930996093091664534e-02
6.764800000000000000e+04,2.735251738238101554e-02,1.878596649691388620e-02
6.764900000000000000e+04,1.896657766219980029e-02,2.243685700800313043e-02
6.765000000000000000e+04,3.408583938207199182e-02,3.637422185389027618e-02
6.765100000000000000e+04,6.375837700878883574e-02,5.676202800302121432e-02
6.765200000000000000e+04,6.074357197363967897e-02,1.827788685792341994e-02
6.765300000000000000e+04,7.625696296098234683e-02,1.507728154661691633e-02
6.765400000000000000e+04,9.615861850800797028e-02,1.596089704555936351e-03
6.765500000000000000e+04,1.195015985434272898e-01,1.224976385501719278e-02
6.765600000000000000e+04,1.462056020604511064e-01,3.791075093317886058e-03
6.765700000000000000e+04,1.788586710122052337e-01,2.172289003993910228e-03
6.765800000000000000e+04,1.875255107619109296e-01,4.933186146018897489e-03
6.765900000000000000e+04,2.251070129294960032e-01,3.395111945749818005e-04
6.766000000000000000e+04,2.022832107954038727e-01,3.448523662534341838e-03
6.766100000000000000e+04,1.923291536831299997e-01,5.340746307474830701e-03
6.766200000000000000e+04,1.963142918647307889e-01,6.863597884809280458e-03
6.766300000000000000e+04,1.958151273991262931e-01,1.069481649578563065e-02
6.766400000000000000e+04,1.852349879996409154e-01,1.832727140091350293e-02
6.766500000000000000e+04,1.747840738849027742e-01,2.301236786136939827e-02
6.766600000000000000e+04,1.579271198331966553e-01,3.121031971532772786e-02
6.766700000000000000e+04,1.600808523297355956e-01,4.490477396799263943e-02
6.766800000000000000e+04,4.238040792555174824e-02,3.108681495758247593e-02
6.766900000000000000e+04,4.314283614853377247e-02,3.270606674022502602e-02
6.767000000000000000e+04,6.095702874844295682e-02,3.072112205769883531e-02
6.767100000000000000e+04,4.473335491186553048e-02,5.344859929385137320e-02
6.767200000000000000e+04,2.484717207970743927e-02,5.377915379921205385e-02
6.767300000000000000e+04,2.491810891427152438e-02,3.678453123775682343e-02
6.767400000000000000e+04,1.645592344977223065e-02,8.100439581653517962e-03
6.767500000000000000e+04,1.489011223600095538e-02,1.689046553146056340e-03
6.767600000000000000e+04,8.442056524113158988e-03,5.527763441826039070e-03
6.767700000000000000e+04,1.722328825612071818e-02,3.800641094954926302e-03
6.767800000000000000e+04,1.227151645648096034e-02,3.704381291506564367e-02
6.767900000000000000e+04,2.190497143083768375e-02,2.463479836684712154e-02
6.768000000000000000e+04,2.016869134765280833e-02,4.827545355752249634e-04
6.768100000000000000e+04,4.597307385160797483e-02,8.484836798537287450e-03
6.768200000000000000e+04,4.642134194199995512e-02,7.159606652848538033e-03
6.768300000000000000e+04,4.240506464191173830e-02,1.110691970217914104e-02
6.768400000000000000e+04,3.531436017563324009e-02,1.282679439114531306e-03
6.768500000000000000e+04,3.372843499451032290e-02,3.346685195744214525e-03
6.768600000000000000e+04,3.339870369327090777e-02,6.470750073198416885e-03
6.768700000000000000e+04,4.844791542420268625e-03,6.194652961177382622e-03
6.768800000000000000e+04,6.036214543926505215e-03,6.816357936564543252e-03
6.768900000000000000e+04,2.463682662461459411e-03,6.605559929610649306e-03
6.769000000000000000e+04,3.441554729539865898e-03,6.024831246705275589e-03
6.769100000000000000e+04,3.977146638628333356e-03,3.441231760199059408e-03
6.769200000000000000e+04,5.121421541238181142e-03,3.249115683694014933e-03
6.769300000000000000e+04,6.654091583363931812e-03,4.128497331677749571e-03
6.769400000000000000e+04,6.855337320351779368e-03,3.755785949998369233e-03
6.769500000000000000e+04,5.767090525082942294e-03,9.974628173452515512e-04
6.769600000000000000e+04,2.352533943501712577e-02,1.455784063753640112e-02
6.769700000000000000e+04,2.340830390515908840e-02,4.665323948877642124e-03
6.769800000000000000e+04,2.144194393411070695e-02,8.931027586029927079e-04
6.769900000000000000e+04,1.166981758143619506e-02,1.281184864798490253e-02
6.770000000000000000e+04,1.543844282479202475e-02,2.110482668633295589e-02
6.770100000000000000e+04,1.648199749907329828e-02,1.360622210181361424e-02
6.770200000000000000e+04,8.757299493740938745e-02,4.874820587934891591e-02
6.770300000000000000e+04,2.246326297089689880e-02,1.721651093907894392e-02
6.770400000000000000e+04,2.442080179273020679e-02,8.409569737835909109e-03
6.770500000000000000e+04,2.362874004414735468e-02,1.525154776488335528e-02
6.770600000000000000e+04,1.256551275610948842e-02,8.625263784040271275e-03
6.770700000000000000e+04,1.165543884611345248e-02,4.558494737132434693e-03
6.770800000000000000e+04,1.924029149041326173e-02,7.553389035763302672e-03
6.770900000000000000e+04,3.549834302663507773e-02,1.161956519482743033e-02
6.771000000000000000e+04,2.600497996150456098e-02,8.992276076781990923e-03
6.771100000000000000e+04,5.645459586383872255e-03,1.235407306131719452e-02
6.771200000000000000e+04,1.847601755360860814e-03,2.194061562083504668e-02
6.771300000000000000e+04,6.962639634746122484e-03,1.923840192051073927e-02
6.771400000000000000e+04,6.521070232073387755e-03,1.912219886640542654e-02
6.771500000000000000e+04,8.087618880578021502e-03,1.916488887740541713e-02
6.771600000000000000e+04,1.016754107799223983e-02,1.836555550302421125e-02
6.771700000000000000e+04,1.350380282216698605e-02,2.025771264937503702e-02
6.771800000000000000e+04,1.589043743939849360e-02,2.251968598250897458e-02
6.771900000000000000e+04,1.915908469066018513e-02,2.344903510039841876e-02
6.772000000000000000e+04,2.242073370360962020e-02,2.445817607407718697e-02
6.772100000000000000e+04,2.375690493269691853e-02,2.647751806828324561e-02
6.772200000000000000e+04,2.629325499541655328e-02,2.621022981302445487e-02
6.772300000000000000e+04,2.997014272088779907e-02,2.294801700998760907e-02
6.772400000000000000e+04,3.143376012852425877e-02,2.140901252268179178e-02
6.772500000000000000e+04,1.892994187156987057e-02,2.728561432547138565e-02
6.772600000000000000e+04,2.493851007647734236e-02,7.152598050552683162e-03
6.772700000000000000e+04,3.465638691799999976e-02,3.084195491792485200e-02
6.772800000000000000e+04,4.518954261302259023e-02,1.114685490890821029e-02
6.772900000000000000e+04,4.877823085378789336e-02,3.093446006160860406e-02
6.773000000000000000e+04,4.185954084996160868e-02,2.089164739773963220e-02
6.773100000000000000e+04,5.460746910197297743e-02,1.536302742700002000e-03
6.773200000000000000e+04,5.122042791413412843e-02,1.875406780956012653e-02
6.773300000000000000e+04,6.525011910724044795e-02,2.847388966463881843e-02
6.773400000000000000e+04,1.355631840814965905e-01,4.765042407777286826e-02
6.773500000000000000e+04,1.841226013495035341e-01,5.824308725927096475e-02
6.773600000000000000e+04,2.497580772904633428e-01,6.503746575597801893e-02
6.773700000000000000e+04,2.868839132320130658e-01,6.587271266565863925e-02
6.773800000000000000e+04,3.203275468974293716e-01,5.714778156476540971e-02
6.773900000000000000e+04,3.530945606217916199e-01,5.601868748095739647e-02
6.774000000000000000e+04,4.085188169867478569e-01,8.208273473682226040e-02
6.774100000000000000e+04,4.533217334267113374e-01,6.068873030552168757e-02
6.774200000000000000e+04,4.485561846725221180e-01,5.633793136432529991e-02
6.774300000000000000e+04,4.301875080643197125e-01,5.508719698468667048e-02
6.774400000000000000e+04,4.229358857094127622e-01,5.612136097143149982e-02
6.774500000000000000e+04,4.216495143600904605e-01,4.720033699948800177e-02
6.774600000000000000e+04,3.481785509326552619e-01,3.703896756935876056e-02
6.774700000000000000e+04,3.316644874015663436e-01,4.247761121825277542e-02
6.774800000000000000e+04,3.286826368833479228e-01,4.500777448657089508e-02
6.774900000000000000e+04,3.275566000516773046e-01,5.225558326769430550e-02
6.775000000000000000e+04,3.239858934735342366e-01,5.625538301652710516e-02
6.775100000000000000e+04,3.219060855238858321e-01,6.227729128321612961e-02
6.775200000000000000e+04,3.192991529082858104e-01,6.640952633268426553e-02
6.775300000000000000e+04,3.196451471171273817e-01,6.728554913119921821e-02
6.775400000000000000e+04,3.181674254572809390e-01,6.855300865876046146e-02
6.775500000000000000e+04,3.173861102713685933e-01,6.979719413022422714e-02
6.775600000000000000e+04,3.166784298921381802e-01,6.883938019921487239e-02
6.775700000000000000e+04,3.158922205155886842e-01,7.187771443616952638e-02
6.775800000000000000e+04,3.084993190608972258e-01,7.570593988537410723e-02
6.775900000000000000e+04,3.099498895272481125e-01,8.127814357357010522e-02
6.776000000000000000e+04,3.042143536264388382e-01,8.974767324738763818e-02
6.776100000000000000e+04,2.723349030906330182e-01,9.176250305128519358e-02
6.776200000000000000e+04,2.845058500960742642e-01,1.119346067815669699e-01
6.776300000000000000e+04,2.823779299925533448e-01,1.467208259962262673e-01
6.776400000000000000e+04,2.729523867794634295e-01,1.278042335613847058e-01
6.776500000000000000e+04,2.872912759771815150e-01,1.357444071826492404e-01
6.776600000000000000e+04,3.456633705525457012e-01,1.362097083649445040e-01
6.776700000000000000e+04,4.099312569198971246e-01,1.383221611104943349e-01
6.776800000000000000e+04,3.406704126172958591e-01,9.108245288106076032e-02
6.776900000000000000e+04,3.995392185330163271e-01,2.061663691875281756e-01
6.777000000000000000e+04,3.397800605812600905e-01,2.696716066830830982e-01
6.777100000000000000e+04,4.002379639852086113e-01,2.521118365329400035e-01
6.777200000000000000e+04,4.231181014449814093e-01,3.009271414976026904e-01
6.777300000000000000e+04,4.555292274798302676e-01,3.770497335380582626e-01
6.777400000000000000e+04,4.823840994572125562e-01,4.172611205644116694e-01
6.777500000000000000e+04,4.894280529905276067e-01,4.273476758522107843e-01
6.777600000000000000e+04,4.754435076339900146e-01,4.107894522797153058e-01
6.777700000000000000e+04,4.532519736367931484e-01,3.671301988995168131e-01
6.777800000000000000e+04,4.392569857097565755e-01,3.831432484354593271e-01
6.777900000000000000e+04,4.346046740161878530e-01,3.923556161742354220e-01
6.778000000000000000e+04,4.382762014169199194e-01,3.887536526934454173e-01
6.778100000000000000e+04,4.358628561101391963e-01,3.638110624502886026e-01
6.778200000000000000e+04,3.789385854430415423e-01,2.759789733485007446e-01
6.778300000000000000e+04,4.004580823672113099e-01,2.725177121573523209e-01
6.778400000000000000e+04,4.090913572307827151e-01,3.216774711439569501e-01
6.778500000000000000e+04,3.970147719350086701e-01,3.304449234581170458e-01
6.778600000000000000e+04,3.958998385706308798e-01,3.400227795781560758e-01
6.778700000000000000e+04,3.898041391922623111e-01,3.293846116572609617e-01
6.778800000000000000e+04,3.789582876762521146e-01,2.989924011483466870e-01
6.778900000000000000e+04,3.894495344723788999e-01,3.470890063612657173e-01
6.779000000000000000e+04,3.936545253029443137e-01,3.443066761948188059e-01
6.779100000000000000e+04,4.048159926122226748e-01,3.349794727762827051e-01
6.779200000000000000e+04,3.988511002542822204e-01,2.812969821083157740e-01
6.779300000000000000e+04,3.918628005971119266e-01,2.820131783743562437e-01
6.779400000000000000e+04,4.139462783765935905e-01,1.344873917427662491e-01
6.779500000000000000e+04,4.168508082783428659e-01,1.923648355069147442e-01
6.779600000000000000e+04,4.059757043290063705e-01,2.374833911921783169e-01
6.779700000000000000e+04,3.983086079571496185e-01,2.390008473801330524e-01
6.779800000000000000e+04,2.892498558152475918e-01,2.856812514537097059e-01
6.779900000000000000e+04,2.875685717575952594e-01,2.999378925205462565e-01
6.780000000000000000e+04,2.875660313864481510e-01,3.144908328892768168e-01
6.780100000000000000e+04,2.804816838534189283e-01,3.153822234485446074e-01
6.780200000000000000e+04,2.802245966854019499e-01,3.169943750034391883e-01
6.780300000000000000e+04,3.207524909227291166e-01,2.714844092400667819e-01
6.780400000000000000e+04,2.989072789156457799e-01,3.963477267160016027e-01
6.780500000000000000e+04,3.076326108924278269e-01,4.177237827536330883e-01
6.780600000000000000e+04,1.506812104536004171e-01,4.757290347775793293e-01
6.780700000000000000e+04,1.504104340711098775e-01,5.814697626883855719e-01
6.780800000000000000e+04,1.602316940452153116e-01,7.220212109623247443e-01
6.780900000000000000e+04,1.997694866512056411e-01,8.519494785580619123e-01
6.781000000000000000e+04,1.629133642287618200e-01,8.687586598202798882e-01
6.781100000000000000e+04,1.549870432250619878e-01,9.614824880940844309e-01
6.781200000000000000e+04,1.672221573538774098e-01,1.062366286481854161e+00
6.781300000000000000e+04,1.869009200277270411e-01,1.150973397946899013e+00
6.781400000000000000e+04,1.446092513503255128e-01,1.208832745506406070e+00
6.781500000000000000e+04,1.355608656097831155e-01,1.257370954246482597e+00
6.781600000000000000e+04,1.394037286458737757e-01,1.273700095430854162e+00
6.781700000000000000e+04,1.289242491063400942e-01,1.307401902720755515e+00
6.781800000000000000e+04,1.055472712304718758e-01,1.330356463837212289e+00
6.781900000000000000e+04,9.690996130665217867e-02,1.341691333417145415e+00
6.782000000000000000e+04,7.360439132017584929e-02,1.295634061801571590e+00
6.782100000000000000e+04,5.485486026922351682e-02,1.199063254164542514e+00
6.782200000000000000e+04,7.464329247748864582e-02,1.206578097014997297e+00
6.782300000000000000e+04,8.431916276128358090e-02,1.234833339613786052e+00
6.782400000000000000e+04,9.565772346078710298e-02,1.261624445288468621e+00
6.782500000000000000e+04,8.221462579495476819e-02,1.290788260585337355e+00
6.782600000000000000e+04,8.877798379916940208e-02,1.387336713474610406e+00
6.782700000000000000e+04,1.082680579850173325e-01,1.494710791595231569e+00
6.782800000000000000e+04,1.195221956398355573e-01,1.577469483797422356e+00
6.782900000000000000e+04,1.242453223753343522e-01,1.688275774589982348e+00
6.783000000000000000e+04,1.099461349469836036e-01,1.785037554978217145e+00
6.783100000000000000e+04,1.165098428724397339e-01,1.869602608131998522e+00
6.783200000000000000e+04,1.152048431020497310e-01,1.966456375781056920e+00
6.783300000000000000e+04,7.815282127295564152e-02,2.028657691982267863e+00
6.783400000000000000e+04,6.085187141151124357e-02,2.032746833553012777e+00
6.783500000000000000e+04,5.333848733295542405e-02,2.068381187853631786e+00
6.783600000000000000e+04,8.305737420694415951e-02,2.107691079063130246e+00
6.783700000000000000e+04,6.510706319314212009e-02,2.143575498685663661e+00
6.783800000000000000e+04,6.728002820012600471e-02,2.126788099246226693e+00
6.783900000000000000e+04,8.205677984403014769e-02,2.052303642206702250e+00
6.784000000000000000e+04,1.259455497605410923e-01,1.977045974215982937e+00
6.784100000000000000e+04,1.848404336128745273e-01,1.735954386461109777e+00
6.784200000000000000e+04,2.380955891656734158e-01,2.571652679579443657e+00
6.784300000000000000e+04,1.896853336919605559e-01,2.620778428225548851e+00
6.784400000000000000e+04,1.343656997791394248e-01,2.671826608519921820e+00
6.784500000000000000e+04,9.249493527511025437e-02,2.711622046404464470e+00
6.784600000000000000e+04,8.970835090213609420e-02,2.785555327855412600e+00
6.784700000000000000e+04,8.292855781339147914e-02,2.798100392570916028e+00
6.784800000000000000e+04,1.265725142605471087e-01,2.645221606825330696e+00
6.784900000000000000e+04,3.323604729280363324e-01,2.020125788654375754e+00
6.785000000000000000e+04,2.906403865956578292e-01,1.972921154270018462e+00
6.785100000000000000e+04,2.729483748036469759e-01,1.941275913496433247e+00
6.785200000000000000e+04,2.430870322818762808e-01,1.914259241666215416e+00
6.785300000000000000e+04,2.737552770822239689e-01,1.926621809881076786e+00
6.785400000000000000e+04,2.626782972950831851e-01,1.896258058959183757e+00
6.785500000000000000e+04,2.553444534309669556e-01,1.861998752124662815e+00
6.785600000000000000e+04,2.415095610049915742e-01,1.818710110027517146e+00
6.785700000000000000e+04,2.311100379069783717e-01,1.776541261171409758e+00
6.785800000000000000e+04,2.539185200998353431e-01,1.763578542072579580e+00
6.785900000000000000e+04,1.106601681648447105e-01,1.675615539105756113e+00
6.786000000000000000e+04,2.075045919076541623e-02,1.632107287952315744e+00
6.786100000000000000e+04,3.160837091330562926e-02,1.643193156326582027e+00
6.786200000000000000e+04,5.411568413647262210e-02,1.646753013889117767e+00
6.786300000000000000e+04,7.455138720414490605e-02,1.642070670756453410e+00
6.786400000000000000e+04,7.714403612077444516e-02,1.620694166880767284e+00
6.786500000000000000e+04,6.078086015705566614e-02,1.607089217301066242e+00
6.786600000000000000e+04,4.549428248061149205e-02,1.602451554806258116e+00
6.786700000000000000e+04,3.658595781187737317e-02,1.598961836270433423e+00
6.786800000000000000e+04,1.741685292492961834e-01,1.878269446765656880e+00
6.786900000000000000e+04,1.730027562795213025e-01,1.886998841629889512e+00
6.787000000000000000e+04,1.778376397609973125e-01,1.891264268255255843e+00
6.787100000000000000e+04,1.729662572582300883e-01,1.894973353082122003e+00
6.787200000000000000e+04,1.699468149093199820e-01,1.883547814654441765e+00
6.787300000000000000e+04,1.661834265156211521e-01,1.883828903564349844e+00
6.787400000000000000e+04,1.610639102750904550e-01,1.884063946514075383e+00
6.787500000000000000e+04,1.555617389449725496e-01,1.885209596142232158e+00
6.787600000000000000e+04,1.552438470931984116e-01,1.889919973647849361e+00
6.787700000000000000e+04,1.567820632987579621e-01,1.896399749124007883e+00
6.787800000000000000e+04,1.559576763204831018e-01,1.897246655813418670e+00
6.787900000000000000e+04,1.599732312254482369e-01,1.895564447150199783e+00
6.788000000000000000e+04,1.586015878630437359e-01,1.896693348967211534e+00
6.788100000000000000e+04,1.604347828620268646e-01,1.893838098978548601e+00
6.788200000000000000e+04,1.664910703055256236e-01,1.892505033600343722e+00
6.788300000000000000e+04,1.953595529905774175e-01,1.885200148178554969e+00
6.788400000000000000e+04,1.892457263217802443e-01,1.882905141582362774e+00
6.788500000000000000e+04,2.051244478983886288e-01,1.890671701896280865e+00
6.788600000000000000e+04,2.216072918347695431e-01,1.893991963381424171e+00
6.788700000000000000e+04,2.202181165076947111e-01,1.900562864063857660e+00
6.788800000000000000e+04,2.158571368569775495e-01,1.887002259440457408e+00
6.788900000000000000e+04,2.082200184247224584e-01,1.890856936856508241e+00
6.789000000000000000e+04,2.149917215776145640e-01,1.888537181774793794e+00
6.789100000000000000e+04,1.711676121444283272e-01,1.851181371280276267e+00
6.789200000000000000e+04,1.458357443758919181e-01,1.843793028743853313e+00
6.789300000000000000e+04,1.600522923800651587e-01,1.826564747714179759e+00
6.789400000000000000e+04,1.585797167594741874e-01,1.830600786346671782e+00
6.789500000000000000e+04,1.826705238223902128e-01,1.828905597948121908e+00
6.789600000000000000e+04,2.130664944214811785e-01,1.823039733482204383e+00
6.789700000000000000e+04,2.413031635604075964e-01,1.829202235662187093e+00
6.789800000000000000e+04,2.678597319975088431e-01,1.832333087134109917e+00
6.789900000000000000e+04,2.777205115212164066e-01,1.844486808802713540e+00
6.790000000000000000e+04,2.686878178422065777e-01,1.830088284015488398e+00
6.790100000000000000e+04,2.685902934911592044e-01,1.820883800066063429e+00
6.790200000000000000e+04,2.881737072822359580e-01,1.835602533030190386e+00
6.790300000000000000e+04,3.129690321014156895e-01,1.849530811318139456e+00
6.790400000000000000e+04,1.552313615647613054e-01,1.911415431650702601e+00
6.790500000000000000e+04,1.964348662864470185e-01,1.908188782100431524e+00
6.790600000000000000e+04,2.102234453336057629e-01,1.994783583630400869e+00
6.790700000000000000e+04,2.880821884253492171e-01,1.848173446012218335e+00
6.790800000000000000e+04,3.550442119853999268e-01,1.833908697185719916e+00
6.790900000000000000e+04,3.241221280769119861e-01,1.841233130363576720e+00
6.791000000000000000e+04,2.867348480376346598e-01,1.833405479198695787e+00
6.791100000000000000e+04,2.863128912409924620e-01,1.831303561325057672e+00
6.791200000000000000e+04,3.121569541334404674e-01,1.827452782057655156e+00
6.791300000000000000e+04,2.908821728141909313e-01,1.808379659452263866e+00
6.791400000000000000e+04,2.506028890625582872e-01,1.786512588412655589e+00
6.791500000000000000e+04,2.129486209588095924e-01,1.776861267174638215e+00
6.791600000000000000e+04,1.598236673119269591e-01,1.759826718634478482e+00
6.791700000000000000e+04,1.527258853320658805e-01,1.756537901777740274e+00
6.791800000000000000e+04,1.669596652829998529e-01,1.749594475712854091e+00
6.791900000000000000e+04,1.915346822192469101e-01,1.736468257658820846e+00
6.792000000000000000e+04,1.724752290126727872e-01,1.716023673609242906e+00
6.792100000000000000e+04,1.697468040547386869e-01,1.714146838963841901e+00
6.792200000000000000e+04,1.597502003624644840e-01,1.715694522120870147e+00
6.792300000000000000e+04,1.616189455041294187e-01,1.705872183893184513e+00
6.792400000000000000e+04,1.575780648052803601e-01,1.704393418726077414e+00
6.792500000000000000e+04,1.546097039606715573e-01,1.700094806362791644e+00
6.792600000000000000e+04,1.514766788777895667e-01,1.693782724803611472e+00
6.792700000000000000e+04,1.516038988999693082e-01,1.687527830349885960e+00
6.792800000000000000e+04,1.503238548140926889e-01,1.684572281007284289e+00
6.792900000000000000e+04,1.467891494963718679e-01,1.677398513931848356e+00
6.793000000000000000e+04,1.410856330243620005e-01,1.671887430673869801e+00
6.793100000000000000e+04,1.397148339755269753e-01,1.667348873794502140e+00
6.793200000000000000e+04,1.405057554833385181e-01,1.665456944293467245e+00
6.793300000000000000e+04,1.470923524670930682e-01,1.670873523357457202e+00
6.793400000000000000e+04,1.511752470830863837e-01,1.681860217452594952e+00
6.793500000000000000e+04,1.217990233173368159e-01,1.682421067959126049e+00
6.793600000000000000e+04,1.163754338312323194e-01,1.678628763335687779e+00
6.793700000000000000e+04,1.100656125644148553e-01,1.670533692404696069e+00
6.793800000000000000e+04,1.052270647652457508e-01,1.657714675982731478e+00
6.793900000000000000e+04,1.045018282516856079e-01,1.648079285212261880e+00
6.794000000000000000e+04,1.104806437350177167e-01,1.635391982190505189e+00
6.794100000000000000e+04,1.058817139465482587e-01,1.628998184299895513e+00
6.794200000000000000e+04,1.241537940055176953e-01,1.630278441250638366e+00
6.794300000000000000e+04,1.247244411133599795e-01,1.622626330806433259e+00
6.794400000000000000e+04,1.125233665144241973e-01,1.581828857071158723e+00
6.794500000000000000e+04,1.210190664492338114e-01,1.585105608361068619e+00
6.794600000000000000e+04,1.213601613947862257e-01,1.556054123180892645e+00
6.794700000000000000e+04,1.140412310145947766e-01,1.435338835919409917e+00
6.794800000000000000e+04,1.500529680796265364e-01,1.471772608805302696e+00
6.794900000000000000e+04,1.651371416521142388e-01,1.363197166587319487e+00
6.795000000000000000e+04,1.691847308844729170e-01,1.338374417996973875e+00
6.795100000000000000e+04,1.666652854032821818e-01,1.309131740667581312e+00
6.795200000000000000e+04,1.868820749314354379e-01,1.387548807694933828e+00
6.795300000000000000e+04,2.081174355610331539e-01,1.412363099648153764e+00
6.795400000000000000e+04,2.191209246220744422e-01,1.422260807132907701e+00
6.795500000000000000e+04,2.504002624530788923e-01,1.426304282098662668e+00
6.795600000000000000e+04,2.440233582306292059e-01,1.450219950972545746e+00
6.795700000000000000e+04,2.946262131732638734e-01,1.440939405718779653e+00
6.795800000000000000e+04,2.090670114052801676e-01,1.322482221224184684e+00
6.795900000000000000e+04,1.457743421517218307e-01,1.315573951805475872e+00
6.796000000000000000e+04,9.428594821346861221e-02,1.344713740544150937e+00
6.796100000000000000e+04,9.950759622397642445e-02,1.329310835838761307e+00
6.796200000000000000e+04,9.563972055484708246e-02,1.325728894543537706e+00
6.796300000000000000e+04,1.375082447286315734e-01,1.304933419129852723e+00
6.796400000000000000e+04,4.108527624421547814e-02,1.303459234865442795e+00
6.796500000000000000e+04,2.853109780796810394e-02,1.296110844223861136e+00
6.796600000000000000e+04,3.082137332644788175e-02,1.287886730193505969e+00
6.796700000000000000e+04,4.768846482495688044e-02,1.279395469986177147e+00
6.796800000000000000e+04,3.909179066184494816e-02,1.276943320921915870e+00
6.796900000000000000e+04,3.277889539925084306e-02,1.277049228343280163e+00
6.797000000000000000e+04,1.650710492964244380e-01,7.676983904684959725e-01
6.797100000000000000e+04,1.654890025463122694e-01,7.692387454748796927e-01
6.797200000000000000e+04,1.668991723962097440e-01,7.689343254808420625e-01
6.797300000000000000e+04,1.706229817481381139e-01,7.680034953769947492e-01
6.797400000000000000e+04,1.716483148460884733e-01,7.676647109236682809e-01
6.797500000000000000e+04,1.700590439204663351e-01,7.642168893925287421e-01
6.797600000000000000e+04,1.672502071748822594e-01,7.585281249876558718e-01
6.797700000000000000e+04,1.689827981722794858e-01,7.648967302097773313e-01
6.797800000000000000e+04,1.657871775660031133e-01,7.633428879563481928e-01
6.797900000000000000e+04,1.664377770166083348e-01,7.647487197749853749e-01
6.798000000000000000e+04,1.675553170878322506e-01,7.680504569556916294e-01
6.798100000000000000e+04,1.670302247007870722e-01,7.593042543916368459e-01
6.798200000000000000e+04,1.659440020221791823e-01,7.502693040159584825e-01
6.798300000000000000e+04,1.556306955433277295e-01,7.562969223885218639e-01
6.798400000000000000e+04,1.589714361723403580e-01,7.568353905336309140e-01
6.798500000000000000e+04,1.612202757714036871e-01,7.612118058362398187e-01
6.798600000000000000e+04,1.612800974344613669e-01,7.614363659947684937e-01
6.798700000000000000e+04,1.638151030143991660e-01,7.543356474826126146e-01
6.798800000000000000e+04,1.618096443074701074e-01,7.562398158859551245e-01
6.798900000000000000e+04,1.598046272463125861e-01,7.577233442968207555e-01
6.799000000000000000e+04,1.568680290025825375e-01,7.619284709383791210e-01
6.799100000000000000e+04,1.560529762264205866e-01,7.615463174339893726e-01
6.799200000000000000e+04,1.543087232699754674e-01,7.591800973571736222e-01
6.799300000000000000e+04,1.549755210494084545e-01,7.599925843455750396e-01
6.799400000000000000e+04,1.547225432228634678e-01,7.621411361802188367e-01
6.799500000000000000e+04,1.569345145114123263e-01,7.608413031129401816e-01
6.799600000000000000e+04,1.556163721792505894e-01,7.565303438138428760e-01
6.799700000000000000e+04,1.580953257792465372e-01,7.580076500567045628e-01
6.799800000000000000e+04,1.592114326739160757e-01,7.585759784858439048e-01
6.799900000000000000e+04,1.749141182607162059e-01,7.776959586910621169e-01
6.800000000000000000e+04,1.747740887781618901e-01,7.779238020209007232e-01
6.800100000000000000e+04,1.756127103243709797e-01,7.773899588212884737e-01
6.800200000000000000e+04,1.576067739042977534e-01,7.573297105511187510e-01
6.800300000000000000e+04,1.648230566074989079e-01,7.639920749278772405e-01
6.800400000000000000e+04,1.740631049901517902e-01,7.765284417657554172e-01
6.800500000000000000e+04,1.737851851766981093e-01,7.792901848608124737e-01
6.800600000000000000e+04,1.718921688008877013e-01,7.783749641215251813e-01
6.800700000000000000e+04,1.609161796237596753e-01,7.619920238005661872e-01
6.800800000000000000e+04,1.730078890764730204e-01,7.758275438099744292e-01
6.800900000000000000e+04,1.739193720524218889e-01,7.849344723602484919e-01
6.801000000000000000e+04,1.735015554422414119e-01,7.917250058554472503e-01
6.801100000000000000e+04,1.676195276432587700e-01,7.838589622214229280e-01
6.801200000000000000e+04,1.540586330221760392e-01,7.646367667105593569e-01
6.801300000000000000e+04,1.578601376669661049e-01,7.638045775131061532e-01
6.801400000000000000e+04,1.682051031676636277e-01,7.910168513384192579e-01
6.801500000000000000e+04,1.761751976945960529e-01,8.151290701285986984e-01
6.801600000000000000e+04,1.824444869130767699e-01,8.120582667300624280e-01
6.801700000000000000e+04,1.727527636244624853e-01,7.841129150599996933e-01
6.801800000000000000e+04,1.781734546003262420e-01,7.941851850493435450e-01
6.801900000000000000e+04,1.781576918268692744e-01,8.153083179675917336e-01
6.802000000000000000e+04,1.790306079113766768e-01,8.283977169656751016e-01
6.802100000000000000e+04,1.817886601425647564e-01,8.292879313356067428e-01
6.802200000000000000e+04,1.627976655210956469e-01,7.946161702253178305e-01
6.802300000000000000e+04,1.695035026728075878e-01,8.059363950311251301e-01
6.802400000000000000e+04,1.801954743573998818e-01,8.391573982332118931e-01
6.802500000000000000e+04,1.779377176783373538e-01,8.477234453026980532e-01
6.802600000000000000e+04,1.811046444957105650e-01,8.470733933663154858e-01
6.802700000000000000e+04,1.597288599883970039e-01,7.991265842126011876e-01
6.802800000000000000e+04,1.607923153812595707e-01,7.995981633135045286e-01
6.802900000000000000e+04,1.718043278058260792e-01,8.185080031118090460e-01
6.803000000000000000e+04,1.876954922793794278e-01,8.541337745624915101e-01
6.803100000000000000e+04,2.153345717804914794e-01,8.539314968537894401e-01
6.803200000000000000e+04,1.557087877196395298e-01,7.876969434264964320e-01
6.803300000000000000e+04,1.589095408921299968e-01,7.839665062785599048e-01
6.803400000000000000e+04,1.837095713881384818e-01,8.537765475700282991e-01
6.803500000000000000e+04,1.854505546021761320e-01,8.603030900526036362e-01
6.803600000000000000e+04,1.957990589468515952e-01,8.517438150415159726e-01
6.803700000000000000e+04,1.945014836293550431e-01,8.544742848675710434e-01
6.803800000000000000e+04,1.669378570390517014e-01,8.736456869955375737e-01
6.803900000000000000e+04,1.597848063021867215e-01,8.645116073818499558e-01
6.804000000000000000e+04,1.643923492814264309e-01,8.502058801190273130e-01
6.804100000000000000e+04,1.534729269886606906e-01,8.326811619631442341e-01
6.804200000000000000e+04,1.853065485439117921e-01,8.181935114822067590e-01
6.804300000000000000e+04,1.719686137534787718e-01,8.425896973280799784e-01
6.804400000000000000e+04,1.833590472414322325e-01,8.716507054085269601e-01
6.804500000000000000e+04,1.852631035718134422e-01,8.550024525540180775e-01
6.804600000000000000e+04,1.869337058895011172e-01,8.414487575743052616e-01
6.804700000000000000e+04,1.871564945974086569e-01,9.680398996239958365e-01
6.804800000000000000e+04,1.905478767633623227e-01,9.958256205077020695e-01
6.804900000000000000e+04,1.897877488697718440e-01,9.673539566140547663e-01
6.805000000000000000e+04,1.981716718026454160e-01,9.594594627138945953e-01
6.805100000000000000e+04,2.043696223011728930e-01,9.718197921755020730e-01
6.805200000000000000e+04,1.717871599765279644e-01,9.693966473576196563e-01
6.805300000000000000e+04,1.679533437407041141e-01,9.430622233801102539e-01
6.805400000000000000e+04,1.732702265715340417e-01,9.112597951366652183e-01
6.805500000000000000e+04,2.029448750277597080e-01,9.394795627606598032e-01
6.805600000000000000e+04,1.587821793534151815e-01,9.793784741707156627e-01
6.805700000000000000e+04,1.760436190685424895e-01,9.197399011735427621e-01
6.805800000000000000e+04,2.428762592318216285e-01,9.209717869311191407e-01
6.805900000000000000e+04,2.768081378602580966e-01,9.313574163002371620e-01
6.806000000000000000e+04,3.058221390233655246e-01,9.090422444994956663e-01
6.806100000000000000e+04,2.997436630540719626e-01,9.667869292390420810e-01
6.806200000000000000e+04,3.212064527590958174e-01,9.479162001391117087e-01
6.806300000000000000e+04,3.209144073600099789e-01,9.371901944612801572e-01
6.806400000000000000e+04,2.838071554517599404e-01,9.355807798627679972e-01
6.806500000000000000e+04,3.838295487000450423e-01,9.424121068460209472e-01
6.806600000000000000e+04,4.235464119652159742e-01,9.957029311219969259e-01
6.806700000000000000e+04,4.802371548839951543e-01,1.044828547199067259e+00
6.806800000000000000e+04,4.950093572802900521e-01,1.105615585542736312e+00
6.806900000000000000e+04,4.986392195273355310e-01,1.157734176703094420e+00
6.807000000000000000e+04,5.277620080086385945e-01,1.192406100654665124e+00
6.807100000000000000e+04,5.554940772152471284e-01,1.198068958913964366e+00
6.807200000000000000e+04,5.685684439477409757e-01,1.220864460816883934e+00
6.807300000000000000e+04,6.040920941883763939e-01,1.236152229305069739e+00
6.807400000000000000e+04,6.358562012097961347e-01,1.269641276132020380e+00
6.807500000000000000e+04,6.651511601860018441e-01,1.323456853811883605e+00
6.807600000000000000e+04,6.876365056724070834e-01,1.376035079780265846e+00
6.807700000000000000e+04,7.017475306965866855e-01,1.443472141732016212e+00
6.807800000000000000e+04,7.149428414582167379e-01,1.497781841590359875e+00
6.807900000000000000e+04,7.303864017700598676e-01,1.518961565408311287e+00
6.808000000000000000e+04,7.409995051719352466e-01,1.526436423647680840e+00
6.808100000000000000e+04,7.525042379847558527e-01,1.528761026168226067e+00
6.808200000000000000e+04,7.663956434962606590e-01,1.530999094794495363e+00
6.808300000000000000e+04,7.863968155791229986e-01,1.543675570334137603e+00
6.808400000000000000e+04,8.557947161176359119e-01,1.746666195596958460e+00
6.808500000000000000e+04,8.695378592828688635e-01,1.755541722678763961e+00
6.808600000000000000e+04,8.971350459614969575e-01,1.796027899819506501e+00
6.808700000000000000e+04,8.934458147437914777e-01,1.821066631867239494e+00
6.808800000000000000e+04,9.513801627376488046e-01,1.788132587927499628e+00
6.808900000000000000e+04,1.002140808455661114e+00,1.828248509595354676e+00
6.809000000000000000e+04,1.055536677929231670e+00,2.946348399922577244e+00
6.809100000000000000e+04,1.093015480262516492e+00,3.176042846865399838e+00
6.809200000000000000e+04,1.084570514084191029e+00,3.379253417096272472e+00
6.809300000000000000e+04,1.072802839672315489e+00,3.624137702697055374e+00
6.809400000000000000e+04,1.061162338179656883e+00,3.913230774111603694e+00
6.809500000000000000e+04,1.109172486581344597e+00,4.194545796929290304e+00
6.809600000000000000e+04,1.166401910059956304e+00,4.442672566296032244e+00
6.809700000000000000e+04,1.214434470427212087e+00,4.674442142844661419e+00
6.809800000000000000e+04,1.249093997295994907e+00,4.876647793235932227e+00
6.809900000000000000e+04,1.300177445347420857e+00,5.043464669395696376e+00
6.810000000000000000e+04,1.346513032516452935e+00,5.219560572360300910e+00
6.810100000000000000e+04,1.306055210412303769e+00,5.323519428251984209e+00
6.810200000000000000e+04,1.291408733462470426e+00,5.337759650910420817e+00
6.810300000000000000e+04,1.291379703901506915e+00,5.300163272433124462e+00
6.810400000000000000e+04,1.279931592912100013e+00,5.250077152398894498e+00
6.810500000000000000e+04,1.243267425269334536e+00,5.196686586579097877e+00
6.810600000000000000e+04,1.192826319865256668e+00,5.157357249195086979e+00
6.810700000000000000e+04,1.138642083167601626e+00,5.150143188933746785e+00
6.810800000000000000e+04,1.039241183259300927e+00,5.090599389150987975e+00
6.810900000000000000e+04,1.026905606212898059e+00,5.045957081977967107e+00
6.811000000000000000e+04,9.713672862119105966e-01,4.629363297803116950e+00
6.811100000000000000e+04,9.993369370818677710e-01,4.311322444094706441e+00
6.811200000000000000e+04,1.011705289460171464e+00,4.126105093188229489e+00
6.811300000000000000e+04,9.758845013095616139e-01,4.128221217475555704e+00
6.811400000000000000e+04,9.831737763240897543e-01,4.168483020524156757e+00
6.811500000000000000e+04,9.827292006868518781e-01,4.128455463367785683e+00
6.811600000000000000e+04,9.979716571427490468e-01,4.051302638959775493e+00
6.811700000000000000e+04,1.005378756242712557e+00,3.990910838109513747e+00
6.811800000000000000e+04,1.004160219874765003e+00,4.011495778366395371e+00
6.811900000000000000e+04,9.918179240593391066e-01,4.029603070854683722e+00
6.812000000000000000e+04,1.006858270690921264e+00,4.017007574634817502e+00
6.812100000000000000e+04,1.030586990995369989e+00,4.012242499271046370e+00
6.812200000000000000e+04,1.032745366580781976e+00,4.010793054085603160e+00
6.812300000000000000e+04,1.017241444735716316e+00,4.005698933147414209e+00
6.812400000000000000e+04,1.001181929123719172e+00,4.008900186352370554e+00
6.812500000000000000e+04,9.920204278939588338e-01,4.012290572784799281e+00
6.812600000000000000e+04,9.851719331098376387e-01,4.010420762341837531e+00
6.812700000000000000e+04,9.678693091895050893e-01,4.002474203559117427e+00
6.812800000000000000e+04,9.474934462192602380e-01,3.992693458165234688e+00
6.812900000000000000e+04,9.258896469642081684e-01,3.977301012426664784e+00
6.813000000000000000e+04,9.082136624588847962e-01,3.977300565604075189e+00
6.813100000000000000e+04,9.182390082005273957e-01,3.966769481456879021e+00
6.813200000000000000e+04,9.367369552133842925e-01,3.997067617971488573e+00
6.813300000000000000e+04,9.301110836336357046e-01,3.941743100440476155e+00
6.813400000000000000e+04,9.414221791354144830e-01,3.955488806297971394e+00
6.813500000000000000e+04,9.654656299806388953e-01,3.986098981153098464e+00
6.813600000000000000e+04,9.654429301973794786e-01,3.963963373789525235e+00
6.813700000000000000e+04,9.584208814785701858e-01,3.948587807800940652e+00
6.813800000000000000e+04,9.771200263612620507e-01,3.965707797491134556e+00
6.813900000000000000e+04,9.972230174686056436e-01,3.984047854482760442e+00
6.814000000000000000e+04,9.753235536997669763e-01,3.978274799858276367e+00
6.814100000000000000e+04,1.000247800632054540e+00,4.010460714815145877e+00
6.814200000000000000e+04,1.019828437540284183e+00,4.045648713246116301e+00
6.814300000000000000e+04,1.034694345287606954e+00,4.078380546056528999e+00
6.814400000000000000e+04,1.066548766293133443e+00,4.117192091515477159e+00
6.814500000000000000e+04,1.061121200086996730e+00,4.135361784922345407e+00
6.814600000000000000e+04,1.063042821382774061e+00,4.178235843331613353e+00
6.814700000000000000e+04,1.049894182662492126e+00,4.209248689343631611e+00
6.814800000000000000e+04,1.014081304448164689e+00,4.245702321434890791e+00
6.814900000000000000e+04,9.287705074197292188e-01,4.266292833672544305e+00
6.815000000000000000e+04,9.148614811620467968e-01,4.303589202116185675e+00
6.815100000000000000e+04,8.927978078896527947e-01,4.337005701726539542e+00
6.815200000000000000e+04,8.438075824161462846e-01,4.355959502900780933e+00
6.815300000000000000e+04,8.063823763967423730e-01,4.368296161074667339e+00
6.815400000000000000e+04,7.952777730009641388e-01,4.355270774340723960e+00
6.815500000000000000e+04,7.857231757207560063e-01,4.319398628484883318e+00
6.815600000000000000e+04,7.463280742240794297e-01,4.282841942379903344e+00
6.815700000000000000e+04,7.187990919968311188e-01,4.243555084726857274e+00
6.815800000000000000e+04,7.612539526542915214e-01,4.282694811141816160e+00
6.815900000000000000e+04,7.558381942348467719e-01,4.252767873271494636e+00
6.816000000000000000e+04,7.365620790716655986e-01,4.239302635261338992e+00
6.816100000000000000e+04,7.290700904137947802e-01,4.237586923724528276e+00
6.816200000000000000e+04,7.173365542865710598e-01,4.238053612148050320e+00
6.816300000000000000e+04,7.000578322829555944e-01,4.244162983934742783e+00
6.816400000000000000e+04,6.805078730565224943e-01,4.254281780365808174e+00
6.816500000000000000e+04,6.719411238794467112e-01,4.266766911043767152e+00
6.816600000000000000e+04,6.574080121153808021e-01,4.278018757476345968e+00
6.816700000000000000e+04,6.390446787126821127e-01,4.285452715348121444e+00
6.816800000000000000e+04,6.230327934990894656e-01,4.293149205253016021e+00
6.816900000000000000e+04,6.071022954192377696e-01,4.302679145448543352e+00
6.817000000000000000e+04,5.904296127646401215e-01,4.309520414701836444e+00
6.817100000000000000e+04,5.762560604150517296e-01,4.313192546208703959e+00
6.817200000000000000e+04,5.631981952965716687e-01,4.316407054109255625e+00
6.817300000000000000e+04,5.503558176637759480e-01,4.313670620557118696e+00
6.817400000000000000e+04,5.386629354645220413e-01,4.305955165469626422e+00
6.817500000000000000e+04,5.657161484612426294e-01,4.312480749637693123e+00
6.817600000000000000e+04,5.817424526855708988e-01,4.336975889736137901e+00
6.817700000000000000e+04,5.438850630114736573e-01,4.324225754647748943e+00
6.817800000000000000e+04,5.118129608086823268e-01,4.346029557705350044e+00
6.817900000000000000e+04,5.102891573678633996e-01,4.300021298994629149e+00
6.818000000000000000e+04,4.861410372599530016e-01,4.300835525006888815e+00
6.818100000000000000e+04,4.601613610357443984e-01,4.308304845207786116e+00
6.818200000000000000e+04,4.477672814469545459e-01,4.323808145215046750e+00
6.818300000000000000e+04,4.609008294135226724e-01,4.330461610737160072e+00
6.818400000000000000e+04,4.887251742048798198e-01,4.337288411376547970e+00
6.818500000000000000e+04,4.425197030738722281e-01,4.319667153274508564e+00
6.818600000000000000e+04,4.077108080691219105e-01,4.315456613394687224e+00
6.818700000000000000e+04,3.873502178018619624e-01,4.306691071753270705e+00
6.818800000000000000e+04,3.332205030849265115e-01,4.269653982052368235e+00
6.818900000000000000e+04,3.207856129823336566e-01,4.275350331663631209e+00
6.819000000000000000e+04,2.842425463041345912e-01,4.272836054477963330e+00
6.819100000000000000e+04,2.986896577583244561e-01,4.245880046024993248e+00
6.819200000000000000e+04,1.680806247347476634e-01,4.283128916698707656e+00
6.819300000000000000e+04,1.351280255523204799e-01,4.396285497656798213e+00
6.819400000000000000e+04,1.237158796189222754e-01,4.396838156968563283e+00
6.819500000000000000e+04,1.022506863526778526e-01,4.378857998854151390e+00
6.819600000000000000e+04,6.545763973111047573e-02,4.338410337632573999e+00
6.819700000000000000e+04,4.205880914022572248e-02,4.315939883031362001e+00
6.819800000000000000e+04,6.806940324751743765e-02,4.275774120131849543e+00
6.819900000000000000e+04,1.074849403028780431e-01,4.283425376115900463e+00
6.820000000000000000e+04,1.059449761400553247e-01,4.300145222160118408e+00
6.820100000000000000e+04,1.434364097153039697e-01,4.313087921339580078e+00
6.820200000000000000e+04,1.580884815117664655e-01,4.321252938501494612e+00
6.820300000000000000e+04,2.233598615869406001e-01,4.209755679489930458e+00
6.820400000000000000e+04,2.583802412689851224e-01,4.228041281831011133e+00
6.820500000000000000e+04,2.949603163640616144e-01,4.261568040133838053e+00
6.820600000000000000e+04,3.325567211852616945e-01,4.277995307089241805e+00
6.820700000000000000e+04,4.244161937646431793e-01,4.110626907765784210e+00
6.820800000000000000e+04,4.316654561315365624e-01,4.118066107214545468e+00
6.820900000000000000e+04,4.251242893580596816e-01,4.055847773335521822e+00
6.821000000000000000e+04,5.893641661953969990e-01,3.734721362346128615e+00
6.821100000000000000e+04,6.050899455187201958e-01,3.672821179238674461e+00
6.821200000000000000e+04,6.116330346343336055e-01,3.703920625320840543e+00
6.821300000000000000e+04,6.087400543204130043e-01,3.701122429029688021e+00
6.821400000000000000e+04,6.265387225612518707e-01,3.684392015042575963e+00
6.821500000000000000e+04,6.391400819744113004e-01,3.625749221656697330e+00
6.821600000000000000e+04,6.334417891437481574e-01,3.619441868468570078e+00
6.821700000000000000e+04,6.527437003973023399e-01,3.567913081393555785e+00
6.821800000000000000e+04,4.314674812382833236e-01,3.615468635673281028e+00
6.821900000000000000e+04,5.644098524473142309e-01,3.518641573600120864e+00
6.822000000000000000e+04,6.732142770186505532e-01,3.664152242525688052e+00
6.822100000000000000e+04,6.958942555113525330e-01,3.723494041768638851e+00
6.822200000000000000e+04,1.015767094296472051e+00,3.607206244892857683e+00
6.822300000000000000e+04,9.348069946927162199e-01,3.652265649196500874e+00
6.822400000000000000e+04,7.905421567371314628e-01,3.705565989422687778e+00
6.822500000000000000e+04,8.647437187919315704e-01,3.683046456619493370e+00
6.822600000000000000e+04,9.232962693128407006e-01,3.667548972072971480e+00
6.822700000000000000e+04,9.454894010546607275e-01,3.438003772815051207e+00
6.822800000000000000e+04,9.416426613695932923e-01,3.305196502726964525e+00
6.822900000000000000e+04,9.892260820729366078e-01,3.236226978066810034e+00
6.823000000000000000e+04,9.393108042608457886e-01,3.184404419542381959e+00
6.823100000000000000e+04,8.912657414707363390e-01,3.109853768089600123e+00
6.823200000000000000e+04,8.570735059045498927e-01,3.121095315521287716e+00
6.823300000000000000e+04,8.120993846186073117e-01,3.074390084562999448e+00
6.823400000000000000e+04,7.851454491278985204e-01,3.048298859458490995e+00
6.823500000000000000e+04,7.556787898956754956e-01,2.992078853126919569e+00
6.823600000000000000e+04,7.245148382091547434e-01,2.921168593306241235e+00
6.823700000000000000e+04,7.127050997934601950e-01,2.890268549213921290e+00
6.823800000000000000e+04,7.157471766987151263e-01,2.863923524917737495e+00
6.823900000000000000e+04,7.310148966393443803e-01,2.844527836407316101e+00
6.824000000000000000e+04,7.165414749840062214e-01,2.808243407323885776e+00
6.824100000000000000e+04,7.077263725847960929e-01,2.720246683819823375e+00
6.824200000000000000e+04,6.923966677134462122e-01,2.654357133295150106e+00
6.824300000000000000e+04,6.907281285348050304e-01,2.613401579782227202e+00
6.824400000000000000e+04,6.731949601143278894e-01,2.569191110001412426e+00
6.824500000000000000e+04,6.708606031461197272e-01,2.495606751890548480e+00
6.824600000000000000e+04,6.867926707705194200e-01,2.504240926163781467e+00
6.824700000000000000e+04,7.207380064866262259e-01,2.641958046432364426e+00
6.824800000000000000e+04,7.157147403585404355e-01,2.629807284099243248e+00
6.824900000000000000e+04,7.223815139115611350e-01,2.591306875036842428e+00
6.825000000000000000e+04,7.140710229403453013e-01,2.586703368412059945e+00
6.825100000000000000e+04,7.031670037176548371e-01,2.627900435493096154e+00
6.825200000000000000e+04,6.545276282993623962e-01,2.748325377424599480e+00
6.825300000000000000e+04,6.227760592638044157e-01,2.733337869236436291e+00
6.825400000000000000e+04,5.901100672987952267e-01,2.684630472856142092e+00
6.825500000000000000e+04,5.899791572112969007e-01,2.680907613008862711e+00
6.825600000000000000e+04,5.999864734631161767e-01,2.644469595879272106e+00
6.825700000000000000e+04,6.788700911470041399e-01,2.590974522606828145e+00
6.825800000000000000e+04,7.067805715006360012e-01,2.552032813281833512e+00
6.825900000000000000e+04,7.310896527100810838e-01,2.520097404710639921e+00
6.826000000000000000e+04,7.493107903314915053e-01,2.481426097029370226e+00
6.826100000000000000e+04,7.858385256824489407e-01,2.468106777508843663e+00
6.826200000000000000e+04,8.177000263510896261e-01,2.491453458863155390e+00
6.826300000000000000e+04,8.469628049245949697e-01,2.499808574181017207e+00
6.826400000000000000e+04,8.943874809171310503e-01,2.516263421838857539e+00
6.826500000000000000e+04,9.016718476132524751e-01,2.542826883615980194e+00
6.826600000000000000e+04,9.090915931747542977e-01,2.550269741715688099e+00
6.826700000000000000e+04,9.045654238588385354e-01,2.537682949569216362e+00
6.826800000000000000e+04,9.024302072236292105e-01,2.515134384433281411e+00
6.826900000000000000e+04,8.916911111056275985e-01,2.474583738784275511e+00
6.827000000000000000e+04,8.763714820152389562e-01,2.412147606988938264e+00
6.827100000000000000e+04,8.589508994335169900e-01,2.339322449010836635e+00
6.827200000000000000e+04,8.410207644059379817e-01,2.259161355298921592e+00
6.827300000000000000e+04,8.223043914468031179e-01,2.180522788797368605e+00
6.827400000000000000e+04,8.076912203721845485e-01,2.104835708828005636e+00
6.827500000000000000e+04,7.952359613957799001e-01,2.032993668060264270e+00
6.827600000000000000e+04,7.875033000042021003e-01,1.972985619185749329e+00
6.827700000000000000e+04,7.681928199093568388e-01,1.886766023337742126e+00
6.827800000000000000e+04,7.519067525665316110e-01,1.807585687859649681e+00
6.827900000000000000e+04,7.382651189108877521e-01,1.739326575605375069e+00
6.828000000000000000e+04,7.242221724308534059e-01,1.673909120946035500e+00
6.828100000000000000e+04,7.082316788006106645e-01,1.606014618910592162e+00
6.828200000000000000e+04,7.033926491505516632e-01,1.531342031149300453e+00
6.828300000000000000e+04,6.986054692755059303e-01,1.458022068032093443e+00
6.828400000000000000e+04,6.961594736633214264e-01,1.393960736927411403e+00
6.828500000000000000e+04,6.884360092980237322e-01,1.337620274390928898e+00
6.828600000000000000e+04,6.814663940825859134e-01,1.287572276023560391e+00
6.828700000000000000e+04,6.747788292901498730e-01,1.241127342024441305e+00
6.828800000000000000e+04,6.707899955612789400e-01,1.198165068860966187e+00
6.828900000000000000e+04,6.642669926384711099e-01,1.154917131338912384e+00
6.829000000000000000e+04,6.540066993932135420e-01,1.085408947504532762e+00
6.829100000000000000e+04,6.511341828710276447e-01,1.034359885119918943e+00
6.829200000000000000e+04,6.429676418695158269e-01,1.002380008554730750e+00
6.829300000000000000e+04,6.271975089555251737e-01,9.854331916688323645e-01
6.829400000000000000e+04,6.261393745949168643e-01,9.837830632469106718e-01
6.829500000000000000e+04,6.277871509395919203e-01,9.793485796796232989e-01
6.829600000000000000e+04,5.834456288481467690e-01,1.017933237944085079e+00
6.829700000000000000e+04,5.396470064536367239e-01,1.190915055084374785e+00
6.829800000000000000e+04,5.498666317710355633e-01,1.270966023620282215e+00
6.829900000000000000e+04,5.915419491144702224e-01,1.346144278694893615e+00
6.830000000000000000e+04,6.240735041864816646e-01,1.394899641321245554e+00
6.830100000000000000e+04,6.191090912639981569e-01,1.366580487203684413e+00
6.830200000000000000e+04,6.073208678972210617e-01,1.413195728740014090e+00
6.830300000000000000e+04,6.265260468469255883e-01,1.469095689037189345e+00
6.830400000000000000e+04,6.334195071692054757e-01,1.446025381403266863e+00
6.830500000000000000e+04,5.844486896597301806e-01,1.390828264805264780e+00
6.830600000000000000e+04,5.468139398472338097e-01,1.329791560648935445e+00
6.830700000000000000e+04,5.372271534663836112e-01,1.316903660727255954e+00
6.830800000000000000e+04,5.390729701418492947e-01,1.314905872536698439e+00
6.830900000000000000e+04,5.401652713730307198e-01,1.320293034095854523e+00
6.831000000000000000e+04,5.457996359883121595e-01,1.330955156174532306e+00
6.831100000000000000e+04,5.257216031349819518e-01,1.365469399343638202e+00
6.831200000000000000e+04,5.173430087210679762e-01,1.370540966720120934e+00
6.831300000000000000e+04,5.273738036412836117e-01,1.396836271386376893e+00
6.831400000000000000e+04,5.027645011641441730e-01,1.393431560578754613e+00
6.831500000000000000e+04,5.164539564022962992e-01,1.384047019714799376e+00
6.831600000000000000e+04,5.247326311122985087e-01,1.349633298425132466e+00
6.831700000000000000e+04,5.314704086414931972e-01,1.354125542434552187e+00
6.831800000000000000e+04,4.926465490877557363e-01,1.372111183729174400e+00
6.831900000000000000e+04,4.628912364051687711e-01,1.384315451014622056e+00
6.832000000000000000e+04,5.110612058893204690e-01,1.363777527561687464e+00
6.832100000000000000e+04,4.951285152832727299e-01,1.402822444571086180e+00
6.832200000000000000e+04,5.046974745234803494e-01,1.379173278199530728e+00
6.832300000000000000e+04,5.058086719131117404e-01,1.365689263337969805e+00
6.832400000000000000e+04,5.057952626007807817e-01,1.361331264564171306e+00
6.832500000000000000e+04,4.852762541043176281e-01,1.357142986281452579e+00
6.832600000000000000e+04,4.933712181749617676e-01,1.365884596008747565e+00
6.832700000000000000e+04,4.957417683704146150e-01,1.368398075988913831e+00
6.832800000000000000e+04,4.745344746760269405e-01,1.362688729217254036e+00
6.832900000000000000e+04,4.723013848326652053e-01,1.371276305864583378e+00
6.833000000000000000e+04,4.735108575522373187e-01,1.381985061270810888e+00
6.833100000000000000e+04,4.717956432407099943e-01,1.390236807036600908e+00
6.833200000000000000e+04,4.701532220975980780e-01,1.396497232162175806e+00
6.833300000000000000e+04,4.666473343383834016e-01,1.403825436794889470e+00
6.833400000000000000e+04,4.665627971467700696e-01,1.409613906206431011e+00
6.833500000000000000e+04,4.666619553021135736e-01,1.411659028260132231e+00
6.833600000000000000e+04,4.650342046045166100e-01,1.411866192908405537e+00
6.833700000000000000e+04,4.643154712875984802e-01,1.411117771474650340e+00
6.833800000000000000e+04,4.629633242736705956e-01,1.411305233014509497e+00
6.833900000000000000e+04,4.628156608798432714e-01,1.412302777643951401e+00
6.834000000000000000e+04,4.633553908303472135e-01,1.413029238063934656e+00
6.834100000000000000e+04,4.170818521143102031e-01,1.420267057292768698e+00
6.834200000000000000e+04,3.553399670370704366e-01,1.431484185177431812e+00
6.834300000000000000e+04,3.714811052375299183e-01,1.430237248194281108e+00
6.834400000000000000e+04,3.705822480976312394e-01,1.419601837695772417e+00
6.834500000000000000e+04,3.752368858780504302e-01,1.416214821397666412e+00
6.834600000000000000e+04,3.873837202078163622e-01,1.405471572243968126e+00
6.834700000000000000e+04,3.536022793591894198e-01,1.399462236222490219e+00
6.834800000000000000e+04,3.394046751730420697e-01,1.391615809623452549e+00
6.834900000000000000e+04,3.265193510539844413e-01,1.393330031877553665e+00
6.835000000000000000e+04,3.296530810245552612e-01,1.399284229745362040e+00
6.835100000000000000e+04,3.844118402537019530e-01,1.403740806483568804e+00
6.835200000000000000e+04,3.656573623610578361e-01,1.409733784057777939e+00
6.835300000000000000e+04,3.989332880107491208e-01,1.421649705992734880e+00
6.835400000000000000e+04,4.150721273070251405e-01,1.392366035767643950e+00
6.835500000000000000e+04,4.677053125518509935e-01,1.337047495518007167e+00
6.835600000000000000e+04,5.174754348480563593e-01,1.305068997584754698e+00
6.835700000000000000e+04,5.483521416011634120e-01,1.311680546446453377e+00
6.835800000000000000e+04,5.381419326194378794e-01,1.327106051226216721e+00
6.835900000000000000e+04,5.663186997396769673e-01,1.324321845841694767e+00
6.836000000000000000e+04,6.177004689602344500e-01,1.315466275304160604e+00
6.836100000000000000e+04,6.353209999166012922e-01,1.325611377631865651e+00
6.836200000000000000e+04,6.856763622333320596e-01,1.323283962975253303e+00
6.836300000000000000e+04,6.802092840208917579e-01,1.336888032661633474e+00
6.836400000000000000e+04,7.337648120139154129e-01,1.307927624709684267e+00
6.836500000000000000e+04,7.513737633727151088e-01,1.311023535369379545e+00
6.836600000000000000e+04,7.671930213196137549e-01,1.305197152121031934e+00
6.836700000000000000e+04,7.766703037256934561e-01,1.303496817012785414e+00
6.836800000000000000e+04,7.774492396874942424e-01,1.294638077045924263e+00
6.836900000000000000e+04,7.983990412799678582e-01,1.267425230403844694e+00
6.837000000000000000e+04,7.917432215224391445e-01,1.246672924391184267e+00
6.837100000000000000e+04,7.745160306883432932e-01,1.217424332375493634e+00
6.837200000000000000e+04,8.040686300488018023e-01,1.177566286361411585e+00
6.837300000000000000e+04,8.185140756322839550e-01,1.165026486575094111e+00
6.837400000000000000e+04,8.541484135261386834e-01,1.125396284571046124e+00
6.837500000000000000e+04,8.837258596651973441e-01,1.116300886325142017e+00
6.837600000000000000e+04,8.738508505303211882e-01,1.114016340228431545e+00
6.837700000000000000e+04,8.588026610470761435e-01,1.155126950037384859e+00
6.837800000000000000e+04,8.531641527829906257e-01,1.202194938650876566e+00
6.837900000000000000e+04,8.368403735011308298e-01,1.269069938860788227e+00
6.838000000000000000e+04,8.210272720053169992e-01,1.324474494790706558e+00
6.838100000000000000e+04,8.156242600500306361e-01,1.392584579991194005e+00
6.838200000000000000e+04,8.155075411786812944e-01,1.460619201964824754e+00
6.838300000000000000e+04,8.104699580525247526e-01,1.522974133389055851e+00
6.838400000000000000e+04,9.209777399280553167e-01,1.480261450602647244e+00
6.838500000000000000e+04,8.612868767600062592e-01,1.445824989326062848e+00
6.838600000000000000e+04,9.321914893164797711e-01,1.380748375197342170e+00
6.838700000000000000e+04,1.055792031364936934e+00,1.332432872373168209e+00
6.838800000000000000e+04,1.201481167954464579e+00,1.265131676246738834e+00
6.838900000000000000e+04,1.268056731818665961e+00,1.154008964748889809e+00
6.839000000000000000e+04,1.192492659448474379e+00,9.781956928453823252e-01
6.839100000000000000e+04,1.066976589075584236e+00,1.050127479299810318e+00
6.839200000000000000e+04,9.928954918150015851e-01,1.102391097086865557e+00
6.839300000000000000e+04,9.308193405729960901e-01,1.035314120945947991e+00
6.839400000000000000e+04,9.183080696144607646e-01,1.176158106947291060e+00
6.839500000000000000e+04,9.881788270131255381e-01,1.294690595867926675e+00
6.839600000000000000e+04,1.023938740129199498e+00,1.317402888654669368e+00
6.839700000000000000e+04,7.703827572253213463e-01,8.193256250200775526e-01
6.839800000000000000e+04,8.080131676309818545e-01,9.261575832669350916e-01
6.839900000000000000e+04,9.361324015847477531e-01,1.217400039690154756e+00
6.840000000000000000e+04,9.397032349566812881e-01,1.303144908679769287e+00
6.840100000000000000e+04,9.757683233659725230e-01,1.388976576676604680e+00
6.840200000000000000e+04,8.853831282243037615e-01,1.280816916810557871e+00
6.840300000000000000e+04,8.560399585795538391e-01,1.305241446160209762e+00
6.840400000000000000e+04,8.424082591214644422e-01,1.300165463162613833e+00
6.840500000000000000e+04,8.108365503016105036e-01,1.320846808705312014e+00
6.840600000000000000e+04,8.034991814546131872e-01,1.342458332125090692e+00
6.840700000000000000e+04,8.014313357690976414e-01,1.399580335918010121e+00
6.840800000000000000e+04,7.985643411281003745e-01,1.417288332369047055e+00
6.840900000000000000e+04,7.597989336970510932e-01,1.401019955522265548e+00
6.841000000000000000e+04,7.292491922565873530e-01,1.383004618879937198e+00
6.841100000000000000e+04,7.107414608058646444e-01,1.389141593690951026e+00
6.841200000000000000e+04,6.829917772624845007e-01,1.418772752214408683e+00
6.841300000000000000e+04,6.904215024352683416e-01,1.412541542361793745e+00
6.841400000000000000e+04,6.655766268245412176e-01,1.373461813081725325e+00
6.841500000000000000e+04,2.447888929351080267e-02,9.066985088754364597e-02
6.841600000000000000e+04,2.764884054109665104e-02,8.594230224585430733e-02
6.841700000000000000e+04,9.984089367985138699e-03,7.639487545047529693e-02
6.841800000000000000e+04,2.366342301222978603e-02,7.374064577442851487e-02
6.841900000000000000e+04,2.380961869200511755e-02,6.041079840011320812e-02
6.842000000000000000e+04,1.493738694100083843e-02,4.981030868404445755e-02
6.842100000000000000e+04,6.149172780994642713e-03,2.023020741487613350e-02
6.842200000000000000e+04,1.547584984763043445e-02,1.863505237116669377e-02
6.842300000000000000e+04,1.776720581608822944e-02,1.572869261688225606e-02
6.842400000000000000e+04,8.056685895577630346e-03,7.055334505132293543e-03
6.842500000000000000e+04,2.421833932319318247e-02,2.546224597568169656e-02
6.842600000000000000e+04,3.726991948463852233e-02,5.326380535455399468e-02
6.842700000000000000e+04,3.976987926199392065e-02,4.337205373945351994e-02
6.842800000000000000e+04,6.367535624344117240e-02,5.181259313570762970e-02
6.842900000000000000e+04,5.828175214876055860e-02,6.401209762942272619e-02
6.843000000000000000e+04,6.011325423137857393e-02,7.071519572558315758e-02
6.843100000000000000e+04,6.139703968396447581e-02,5.196083877638812965e-02
6.843200000000000000e+04,4.712029472875325919e-02,3.168331356896914031e-02
6.843300000000000000e+04,4.165453251214748520e-02,1.476838686194525962e-02
6.843400000000000000e+04,6.244645304147177639e-02,4.392368928971279729e-02
6.843500000000000000e+04,6.476686067988286777e-02,4.019800004527240844e-02
6.843600000000000000e+04,4.872481392174752429e-02,1.911175270606690901e-02
6.843700000000000000e+04,5.361426012384307854e-02,2.034953826025542867e-02
6.843800000000000000e+04,5.522286090476691278e-02,1.917515135541947302e-02
6.843900000000000000e+04,5.841415333941760851e-02,2.359726695466690671e-02
6.844000000000000000e+04,5.951551197911376934e-02,2.554103597009316218e-02
6.844100000000000000e+04,6.012491315760733201e-02,2.757074470258658039e-02
6.844200000000000000e+04,5.948284008057441036e-02,2.639093162030548001e-02
6.844300000000000000e+04,5.647050288707329557e-02,2.416035286818640770e-02
6.844400000000000000e+04,5.576862646767972304e-02,2.191149661494762313e-02
6.844500000000000000e+04,5.456018523597933045e-02,1.874230554973621565e-02
6.844600000000000000e+04,5.155615519425035820e-02,1.424493699501283572e-02
6.844700000000000000e+04,4.649886779526783698e-02,8.405685838091869755e-03
6.844800000000000000e+04,4.093498640241779313e-02,1.087722818063241448e-03
6.844900000000000000e+04,4.007315461575310794e-02,1.912670563385177047e-03
6.845000000000000000e+04,5.482744236859983522e-02,4.025484587401706449e-03
6.845100000000000000e+04,3.031479733986060937e-02,1.659032557256523432e-02
6.845200000000000000e+04,2.354258247586751493e-02,1.841374966890185760e-02
6.845300000000000000e+04,2.175934049347833313e-02,1.959216662351082050e-02
6.845400000000000000e+04,2.238820547257459187e-02,1.938347064450596235e-02
6.845500000000000000e+04,2.426995684088557523e-02,1.977180768722774928e-02
6.845600000000000000e+04,2.419202713869122653e-02,2.175761367040962568e-02
6.845700000000000000e+04,2.911504098743781382e-02,2.309210945931994274e-02
6.845800000000000000e+04,3.232901486660506168e-02,2.321090750199772401e-02
6.845900000000000000e+04,3.238259981170272389e-02,2.484236808207640479e-02
6.846000000000000000e+04,3.483023675985363193e-02,2.543705208271518359e-02
6.846100000000000000e+04,3.518962379849996380e-02,2.857597847262383084e-02
6.846200000000000000e+04,3.514034362606222039e-02,3.167001465495644652e-02
6.846300000000000000e+04,3.446777365662633680e-02,3.174630116748033970e-02
6.846400000000000000e+04,3.221509001472416811e-02,3.349363966637497469e-02
6.846500000000000000e+04,3.345693503626873816e-02,3.372037847338305028e-02
6.846600000000000000e+04,3.309871853056380736e-02,3.896608675150048384e-02
6.846700000000000000e+04,2.980194357816628656e-02,3.651503009042045278e-02
6.846800000000000000e+04,3.246335441881952055e-02,3.688734136055416002e-02
6.846900000000000000e+04,3.000446696557326418e-02,3.483609409548904523e-02
6.847000000000000000e+04,2.604993082026485496e-02,3.238841033860495600e-02
6.847100000000000000e+04,2.727154353316333518e-02,3.219300972519079096e-02
6.847200000000000000e+04,2.578711316098318898e-02,3.041980462706561639e-02
6.847300000000000000e+04,2.968334251360192980e-02,2.700755682594291329e-02
6.847400000000000000e+04,2.840243875087236636e-02,2.599236550275207946e-02
6.847500000000000000e+04,2.659379220283650952e-02,2.692262095057884608e-02
6.847600000000000000e+04,2.770468951084262277e-02,2.912610694541228895e-02
6.847700000000000000e+04,2.863101570014367839e-02,2.929733710380588718e-02
6.847800000000000000e+04,3.026958682452304469e-02,3.145036518639443557e-02
6.847900000000000000e+04,2.981071310531166821e-02,3.324792778646212810e-02
6.848000000000000000e+04,3.145827626194288434e-02,3.613668975387440696e-02
6.848100000000000000e+04,3.129731176703369477e-02,3.966317396611884760e-02
6.848200000000000000e+04,3.237528657832742379e-02,4.301645992083535930e-02
6.848300000000000000e+04,2.976988962511382605e-02,4.624404683247718140e-02
6.848400000000000000e+04,2.769257106110394051e-02,4.814689113212011762e-02
6.848500000000000000e+04,2.988114636523399315e-02,4.682512083410017567e-02
6.848600000000000000e+04,2.417781436249118523e-02,4.523183404357666859e-02
6.848700000000000000e+04,1.698903868112379770e-02,4.804657635197173704e-02
6.848800000000000000e+04,1.368321064957045592e-02,4.550475920354557502e-02
6.848900000000000000e+04,1.359663988019898032e-02,4.103203584018189076e-02
6.849000000000000000e+04,1.392111956477297408e-02,3.929708147445154509e-02
6.849100000000000000e+04,1.205738415478079147e-02,3.368014137446095901e-02
6.849200000000000000e+04,5.649945622254377332e-03,2.534622817979226284e-02
6.849300000000000000e+04,3.762863096921445234e-03,2.924835615127108213e-02
6.849400000000000000e+04,7.462979845660099899e-03,3.176570876955508993e-02
6.849500000000000000e+04,7.975994433734083511e-03,3.052447691888460213e-02
6.849600000000000000e+04,8.895692605179496976e-03,2.835845748429477453e-02
6.849700000000000000e+04,1.148170992231340934e-02,2.442662321240618439e-02
6.849800000000000000e+04,1.099701292146645047e-02,2.302785077683466852e-02
6.849900000000000000e+04,1.288438829322950500e-02,2.602787513989568424e-02
6.850000000000000000e+04,1.574856564246860519e-02,2.446720960880099938e-02
6.850100000000000000e+04,1.635950374557270520e-02,2.313826146752973045e-02
6.850200000000000000e+04,1.650678089296728906e-02,2.210494101915827514e-02
6.850300000000000000e+04,1.777615188801304896e-02,2.100701680391381387e-02
6.850400000000000000e+04,1.955852779251167697e-02,2.039316031118687533e-02
6.850500000000000000e+04,2.294231873128751639e-02,1.828560067705353731e-02
6.850600000000000000e+04,2.344189013586855594e-02,1.765166183080424389e-02
6.850700000000000000e+04,2.313075712116835492e-02,1.800191846658094619e-02
6.850800000000000000e+04,2.403146671100324719e-02,1.859644286434303240e-02
6.850900000000000000e+04,2.686590039302334462e-02,1.890157725279095757e-02
6.851000000000000000e+04,2.850320212420641083e-02,1.891762832169519015e-02
6.851100000000000000e+04,3.250180331094038033e-02,1.823197020747358010e-02
6.851200000000000000e+04,3.335453544752079585e-02,1.671615612609400614e-02
6.851300000000000000e+04,3.163760077483662031e-02,1.587535376695115019e-02
6.851400000000000000e+04,3.212885779009546500e-02,1.335301038512426430e-02
6.851500000000000000e+04,3.264395901195759481e-02,1.093668615665421839e-02
6.851600000000000000e+04,3.320688672704399935e-02,9.196051330356169728e-03
6.851700000000000000e+04,3.433036557559027840e-02,6.351429810173669921e-03
6.851800000000000000e+04,3.480301506160770469e-02,3.251647744917818272e-03
6.851900000000000000e+04,3.292942062725612989e-02,3.850415985340305269e-04
6.852000000000000000e+04,3.404515339271212138e-02,7.323236565355273342e-04
6.852100000000000000e+04,3.156876707900639623e-02,5.792645430709342236e-03
6.852200000000000000e+04,3.402277418816745946e-02,1.621334442175736967e-02
6.852300000000000000e+04,4.591419098136255428e-02,3.295563594744521652e-02
6.852400000000000000e+04,5.847703499076737504e-02,4.489436702675675406e-02
6.852500000000000000e+04,6.792324284336201390e-02,4.480016043913082058e-02
6.852600000000000000e+04,6.174688322940648927e-02,5.306583789305108212e-02
6.852700000000000000e+04,5.813241238037460644e-03,6.073052653307797755e-02
6.852800000000000000e+04,2.075973600902284236e-02,2.750850623309020193e-02
6.852900000000000000e+04,2.763532741216212507e-02,1.992995698430632956e-02
6.853000000000000000e+04,1.740194901467254085e-02,2.217793932745593111e-02
6.853100000000000000e+04,5.402082609915260548e-03,2.078724491209982261e-02
6.853200000000000000e+04,1.388528435221760698e-02,2.020046157378629914e-02
6.853300000000000000e+04,4.903629277507734301e-03,2.201820230726525551e-02
6.853400000000000000e+04,1.182468693996516738e-02,4.607993617483430171e-03
6.853500000000000000e+04,6.826411965626959580e-03,1.764345161874558698e-02
6.853600000000000000e+04,2.476984222392984887e-03,3.493492820194887827e-02
6.853700000000000000e+04,4.699539914807666224e-03,2.398916681464413614e-02
6.853800000000000000e+04,1.152393436198793919e-02,3.525326040492871016e-02
6.853900000000000000e+04,1.409486793097536154e-02,1.902409922388414998e-02
6.854000000000000000e+04,1.306138016929828290e-02,1.817253625002024364e-02
6.854100000000000000e+04,1.029786902525695914e-02,2.369382270969566662e-02
6.854200000000000000e+04,1.316496030420868414e-02,2.124030112615571397e-02
6.854300000000000000e+04,1.693224389096775057e-02,1.219329847769756725e-02
6.854400000000000000e+04,1.756509897539823908e-02,5.734752186384639572e-03
6.854500000000000000e+04,2.085083617629097594e-02,5.380913823884725389e-03
6.854600000000000000e+04,1.328383349762763885e-02,1.400679088843048703e-02
6.854700000000000000e+04,1.481682755159520297e-02,1.689538083382302602e-02
6.854800000000000000e+04,1.021698509415517112e-02,2.092807958511144761e-02
6.854900000000000000e+04,1.388586913007691312e-02,2.245928221523030288e-02
6.855000000000000000e+04,1.191100774762646891e-02,1.634575937876547869e-02
6.855100000000000000e+04,1.324181718147728233e-02,1.729182272784157703e-02
6.855200000000000000e+04,2.358000560700209899e-02,1.365612637222568537e-03
6.855300000000000000e+04,2.531289008122963521e-02,1.096657560829328304e-03
6.855400000000000000e+04,2.390608388850764404e-02,5.983548524987725159e-03
6.855500000000000000e+04,2.650096689424816937e-02,3.587323421655241873e-03
6.855600000000000000e+04,2.983276927737577369e-02,1.922151124254867227e-03
6.855700000000000000e+04,3.823146729579050829e-02,1.236509940852670297e-03
6.855800000000000000e+04,2.364390269487280649e-02,1.680705497584256136e-03
6.855900000000000000e+04,2.555759560056762927e-02,1.346270800987525718e-02
6.856000000000000000e+04,3.100878157556315184e-02,1.217115290685200080e-02
6.856100000000000000e+04,3.401902374344201174e-02,2.069033780011153567e-02
6.856200000000000000e+04,3.637174046843905106e-02,2.424335061697036053e-02
6.856300000000000000e+04,3.397896136374768672e-02,2.294576946929538508e-02
6.856400000000000000e+04,2.887992852799975765e-02,2.913041916897185502e-02
6.856500000000000000e+04,2.818457882572764431e-02,2.845671516565317916e-02
6.856600000000000000e+04,2.478589072672096258e-02,2.752328594823438834e-02
6.856700000000000000e+04,2.747374777138127805e-02,3.071318837461944895e-02
6.856800000000000000e+04,2.649338593307290490e-02,3.456376632578894714e-02
6.856900000000000000e+04,2.701054783202242945e-02,3.822133319819442931e-02
6.857000000000000000e+04,3.073462575385926474e-02,2.051313915721664216e-02
6.857100000000000000e+04,1.449418848477507064e-02,1.270336179501185825e-02
6.857200000000000000e+04,2.875165781192346934e-02,1.633297710875325492e-02
6.857300000000000000e+04,3.578772274930348829e-02,2.761765696772755518e-02
6.857400000000000000e+04,3.805457279204399468e-02,1.273495155901116505e-02
6.857500000000000000e+04,3.042731123897044615e-02,3.082109946058864125e-02
6.857600000000000000e+04,4.402548332356575472e-02,7.597980072915788696e-02
6.857700000000000000e+04,2.461776436129681223e-02,7.354578182189897007e-02
6.857800000000000000e+04,6.670302484645480867e-02,7.657116012971698638e-02
6.857900000000000000e+04,4.052621916044943373e-02,6.762022298151038058e-02
6.858000000000000000e+04,5.015302481243680277e-02,5.903333927269471815e-02
6.858100000000000000e+04,8.660527608905158395e-03,3.276906367403853437e-03
6.858200000000000000e+04,1.397232512056207493e-02,1.662396511684960387e-02
6.858300000000000000e+04,2.086818686799129727e-02,2.048407547170683074e-02
6.858400000000000000e+04,2.105896361525707444e-02,2.239339043830312903e-02
6.858500000000000000e+04,1.115409188015732689e-02,2.541555742680401409e-02
6.858600000000000000e+04,4.558705691125816868e-03,2.416720868514943277e-02
6.858700000000000000e+04,5.396965306826095876e-03,2.201053603182856477e-02
6.858800000000000000e+04,4.649480711915835417e-03,1.854506651420706476e-02
6.858900000000000000e+04,2.051064873642841416e-02,5.349945174778980572e-02
6.859000000000000000e+04,6.753884779589001963e-02,5.847641581386398002e-02
6.859100000000000000e+04,1.206029286087721836e-01,5.425009367838384833e-02
6.859200000000000000e+04,1.188067692749376209e-02,2.524560448237878063e-02
6.859300000000000000e+04,4.792384220515962488e-03,1.952224056746842962e-02
6.859400000000000000e+04,6.971500757857319701e-04,2.212967329875681344e-02
6.859500000000000000e+04,3.317624149506996981e-03,2.331783439966983451e-02
6.859600000000000000e+04,6.331721022219898021e-03,1.304988890134950452e-02
6.859700000000000000e+04,2.985902088203818295e-03,2.586630584109883557e-02
6.859800000000000000e+04,7.527294985274177695e-03,2.873220058352643491e-02
6.859900000000000000e+04,9.948611340410851850e-03,3.902986698971488977e-02
6.860000000000000000e+04,4.229304608489759150e-03,1.498442329246785221e-02
6.860100000000000000e+04,2.058762826189686548e-02,1.991188569220980753e-03
6.860200000000000000e+04,1.772388477088328654e-02,2.669530212639159572e-02
6.860300000000000000e+04,9.780068941797811014e-03,1.591644194528640810e-02
6.860400000000000000e+04,8.386735570290669919e-03,3.317206196594213452e-02
6.860500000000000000e+04,3.764595538250282286e-02,4.470407205488413638e-03
6.860600000000000000e+04,5.565831564745065199e-03,5.778589574766357373e-02
6.860700000000000000e+04,3.908155597346801846e-02,3.092480680884079902e-02
6.860800000000000000e+04,3.539436661733708078e-02,1.774834958906268412e-02
6.860900000000000000e+04,3.618852573179531101e-02,4.211914823152085319e-03
6.861000000000000000e+04,4.702590187694729446e-02,4.489885069329346834e-02
6.861100000000000000e+04,3.804136459102758910e-02,9.770277784654268771e-02
6.861200000000000000e+04,9.600066367169942869e-03,9.035304188657278246e-03
6.861300000000000000e+04,1.310080562835976709e-02,4.304845773930310315e-04
6.861400000000000000e+04,1.146515098344506010e-02,9.095980132229897208e-04
6.861500000000000000e+04,7.910653833860411405e-03,1.470582144008858450e-03
6.861600000000000000e+04,9.197107212146699018e-03,5.009601347218506362e-03
6.861700000000000000e+04,1.512051204892778111e-02,1.109214181852280490e-03
6.861800000000000000e+04,6.438115744139199376e-03,7.949841678950519963e-03
6.861900000000000000e+04,7.049672673356465954e-03,5.133544054700678316e-03
6.862000000000000000e+04,7.780690865081919989e-03,1.901552037409715012e-03
6.862100000000000000e+04,8.325608934551850804e-03,1.169905170520735282e-03
6.862200000000000000e+04,5.652865608174966090e-03,2.465124655991246527e-03
6.862300000000000000e+04,4.097394154002580516e-03,4.098250741790820939e-04
6.862400000000000000e+04,4.791645359971380587e-03,2.186493342968276465e-03
6.862500000000000000e+04,2.783336281854537943e-03,6.556609965940651819e-03
6.862600000000000000e+04,4.790741201355665918e-03,1.142020429495005374e-02
6.862700000000000000e+04,2.404130634868665434e-03,1.191057250189686556e-02
6.862800000000000000e+04,7.225131923699438206e-03,2.853518687714995394e-02
6.862900000000000000e+04,1.435644756606680242e-02,2.420633908873526252e-02
6.863000000000000000e+04,1.279725935484799480e-02,1.509840791481309452e-02
6.863100000000000000e+04,2.820640352700081246e-02,1.451839527405240915e-02
6.863200000000000000e+04,2.966597734264294836e-02,1.193978503490455978e-02
6.863300000000000000e+04,2.645293416343592885e-02,1.190538618189407316e-03
6.863400000000000000e+04,2.710617390854332814e-02,4.234516919645159305e-03
6.863500000000000000e+04,4.599508076900974546e-02,9.807556643501413873e-03
6.863600000000000000e+04,5.231520126832175238e-02,5.983993109254015508e-03
6.863700000000000000e+04,3.593649393549808169e-02,4.991525103658744911e-02
6.863800000000000000e+04,4.671515359272142287e-02,8.650800519021828450e-02
6.863900000000000000e+04,3.199488136503893937e-02,4.113897463763294127e-02
6.864000000000000000e+04,4.233430484093360369e-02,1.217674639610422105e-01
6.864100000000000000e+04,8.434741564637060485e-02,2.430546222977341131e-01
6.864200000000000000e+04,1.270501606122727833e-01,2.819542009504516500e-01
6.864300000000000000e+04,8.120232519595090015e-02,2.844014021836898110e-01
6.864400000000000000e+04,1.024469660280899475e-01,2.741554575188516196e-01
6.864500000000000000e+04,3.236537910723383954e-02,6.536595178305759646e-02
6.864600000000000000e+04,4.627204659534770587e-02,7.814753005699515143e-02
6.864700000000000000e+04,6.892153414353993646e-02,8.859349264571392268e-02
6.864800000000000000e+04,8.421652593642006690e-02,1.047991459070303222e-01
6.864900000000000000e+04,9.773315291378636971e-02,1.166480022871922984e-01
6.865000000000000000e+04,1.057145545022044192e-01,1.247605152712907284e-01
6.865100000000000000e+04,1.169878617335130128e-01,1.330338187080357670e-01
6.865200000000000000e+04,1.445323168100822453e-01,1.411585816545084526e-01
6.865300000000000000e+04,1.826437977809713398e-01,1.420710556024289417e-01
6.865400000000000000e+04,1.805445577720865558e-01,1.429431466736090783e-01
6.865500000000000000e+04,1.794699712395417535e-01,1.308341891895281606e-01
6.865600000000000000e+04,1.809506570689688176e-01,1.169789756215848797e-01
6.865700000000000000e+04,1.765451728170982781e-01,1.187748171593412394e-01
6.865800000000000000e+04,1.748391448292183070e-01,1.199823116952813962e-01
6.865900000000000000e+04,1.737764931723729256e-01,1.242944492276052415e-01
6.866000000000000000e+04,1.670829235961922010e-01,1.047611949877520487e-01
6.866100000000000000e+04,1.685733804264924751e-01,8.088005858933655645e-02
6.866200000000000000e+04,1.713331078427392518e-01,7.965648968175997879e-02
6.866300000000000000e+04,1.721390131448349292e-01,4.414201210333601466e-02
6.866400000000000000e+04,1.756127446408947967e-01,3.745416360182218796e-02
6.866500000000000000e+04,1.963218357605593656e-01,1.031791506618162657e-02
6.866600000000000000e+04,2.101945229140650684e-01,1.334307442232045560e-01
6.866700000000000000e+04,2.536250850701592952e-01,2.154589069942574042e-01
6.866800000000000000e+04,2.501227023383022496e-01,3.041237655938644480e-01
6.866900000000000000e+04,1.834254914653244417e-01,3.939163266516274575e-01
6.867000000000000000e+04,1.959387601916058874e-01,4.957588544546638332e-01
6.867100000000000000e+04,1.957554210306562403e-01,6.073737065889730502e-01
6.867200000000000000e+04,1.614217164296730400e-01,7.219080804525859207e-01
6.867300000000000000e+04,1.818696997246250224e-01,8.737720729573510425e-01
6.867400000000000000e+04,1.680019631543944736e-01,1.034027226609069317e+00
6.867500000000000000e+04,2.083580821330613952e-01,1.199574689872441979e+00
6.867600000000000000e+04,1.860072547513569041e-01,1.280626764181022281e+00
6.867700000000000000e+04,3.116167366067293942e-01,1.361798958023570094e+00
6.867800000000000000e+04,3.791621171540341395e-01,1.497432857335823542e+00
6.867900000000000000e+04,3.008078694578580903e-01,1.722823110919179612e+00
6.868000000000000000e+04,3.044242825171848410e-01,1.998820421584440510e+00
6.868100000000000000e+04,2.963629386716589154e-01,2.126883419372340711e+00
6.868200000000000000e+04,3.696637843273307689e-01,2.294242820106909164e+00
6.868300000000000000e+04,3.409406422342767806e-01,2.384557403774294926e+00
6.868400000000000000e+04,3.614899460268838904e-01,2.490888717481865910e+00
6.868500000000000000e+04,3.744614600205146138e-01,2.618779101724783231e+00
6.868600000000000000e+04,4.188853014811659836e-01,2.790784232261891873e+00
6.868700000000000000e+04,4.446264846497182677e-01,2.930459487817792308e+00
6.868800000000000000e+04,6.978743741128788924e-01,3.031860434062920717e+00
6.868900000000000000e+04,1.149786699025734382e+00,3.212180632417094728e+00
6.869000000000000000e+04,1.407821747186544181e+00,3.342405239388256177e+00
6.869100000000000000e+04,1.552691377736523215e+00,3.476002055086240716e+00
6.869200000000000000e+04,1.357174325939017434e+00,3.550755085071941153e+00
6.869300000000000000e+04,9.216744274358500411e-01,3.724619982244043115e+00
6.869400000000000000e+04,8.536025483288962601e-01,2.799041985916879582e+00
6.869500000000000000e+04,7.469681535878384127e-01,2.697025549685477586e+00
6.869600000000000000e+04,6.843848799891528722e-01,2.497867664740020643e+00
6.869700000000000000e+04,6.552075580066617499e-01,2.511784654017652940e+00
6.869800000000000000e+04,5.874805384331762692e-01,2.457377736068558249e+00
6.869900000000000000e+04,5.709539192848187561e-01,2.472349117289006415e+00
6.870000000000000000e+04,5.857288512202434294e-01,2.289333848455328280e+00
6.870100000000000000e+04,5.942224225214318700e-01,2.242126012863437268e+00
6.870200000000000000e+04,5.908599037121047282e-01,2.186448641410791538e+00
6.870300000000000000e+04,5.925244395859059487e-01,2.110965701680257212e+00
6.870400000000000000e+04,5.934941448744784909e-01,2.085971714345184580e+00
6.870500000000000000e+04,5.831698890720359296e-01,2.035527834152269122e+00
6.870600000000000000e+04,5.730716219323664928e-01,2.029689734788881594e+00
6.870700000000000000e+04,5.734458504333517226e-01,2.047608825453046677e+00
6.870800000000000000e+04,5.709652551736483783e-01,2.051131090932202028e+00
6.870900000000000000e+04,5.649118277414247880e-01,2.061208769706013300e+00
6.871000000000000000e+04,5.625761432404827733e-01,2.054639474842254288e+00
6.871100000000000000e+04,5.472643098518497062e-01,2.021543674321598871e+00
6.871200000000000000e+04,5.303781284807833618e-01,2.009453061613818647e+00
6.871300000000000000e+04,4.924957943516094505e-01,2.016667467487252452e+00
6.871400000000000000e+04,4.740755416898657093e-01,1.990647750400611926e+00
6.871500000000000000e+04,4.576321094255207389e-01,1.976520001487784839e+00
6.871600000000000000e+04,4.480754936776804587e-01,1.936561302398985163e+00
6.871700000000000000e+04,4.488802149837012312e-01,1.938967556456965724e+00
6.871800000000000000e+04,4.370771096077450957e-01,1.935118181600074649e+00
6.871900000000000000e+04,4.278706458750813346e-01,1.915612022757777311e+00
6.872000000000000000e+04,4.173605544420565527e-01,1.891188511854700494e+00
6.872100000000000000e+04,4.049792783803167762e-01,1.875370167378228814e+00
6.872200000000000000e+04,3.905437359520260165e-01,1.857076123505464693e+00
6.872300000000000000e+04,3.826118748132431024e-01,1.844718365494280476e+00
6.872400000000000000e+04,3.759980797336611169e-01,1.844027493099034132e+00
6.872500000000000000e+04,3.722439894668495564e-01,1.853227967861144521e+00
6.872600000000000000e+04,3.715237386340671244e-01,1.863561895078206021e+00
6.872700000000000000e+04,3.707667241311310979e-01,1.874419214489670082e+00
6.872800000000000000e+04,3.706508207755238593e-01,1.882467900551155537e+00
6.872900000000000000e+04,3.711033835326376096e-01,1.884001152164067605e+00
6.873000000000000000e+04,3.748003747648757655e-01,1.882029927011487302e+00
6.873100000000000000e+04,3.729580168205122725e-01,1.866347839217070259e+00
6.873200000000000000e+04,3.764665485678577173e-01,1.800327549187933585e+00
6.873300000000000000e+04,3.674280013707490467e-01,1.772021229009844490e+00
6.873400000000000000e+04,3.442669992326656270e-01,1.776570497827421491e+00
6.873500000000000000e+04,3.304973553443980028e-01,1.764181348094325585e+00
6.873600000000000000e+04,3.176003261835118052e-01,1.739815647024990142e+00
6.873700000000000000e+04,3.091002045981788293e-01,1.715796544789540690e+00
6.873800000000000000e+04,3.035809928722404960e-01,1.710145337783671948e+00
6.873900000000000000e+04,3.005434523818928949e-01,1.681513391524482870e+00
6.874000000000000000e+04,2.890694797501427438e-01,1.659378455955618392e+00
6.874100000000000000e+04,2.919452995271302753e-01,1.673263107920057280e+00
6.874200000000000000e+04,2.926410738304785486e-01,1.683339134024009809e+00
6.874300000000000000e+04,2.706558888459948964e-01,1.669330314764287948e+00
6.874400000000000000e+04,2.591328370316831053e-01,1.667308500481404110e+00
6.874500000000000000e+04,2.511536330099082281e-01,1.676892269719878925e+00
6.874600000000000000e+04,2.530232154554752921e-01,1.680355415862422319e+00
6.874700000000000000e+04,2.484522203357953651e-01,1.677918106905956108e+00
6.874800000000000000e+04,2.495330293963229640e-01,1.631880209659136938e+00
6.874900000000000000e+04,2.391716905797145742e-01,1.601675843345475414e+00
6.875000000000000000e+04,2.509329384320089784e-01,1.568828889840155227e+00
6.875100000000000000e+04,2.488942159668777743e-01,1.535844868110153527e+00
6.875200000000000000e+04,2.412430289556914131e-01,1.506082663035378744e+00
6.875300000000000000e+04,2.492192732635198360e-01,1.427563866593914099e+00
6.875400000000000000e+04,2.460905500608941976e-01,1.402247296255843878e+00
6.875500000000000000e+04,2.440812837135107327e-01,1.365366290482128875e+00
6.875600000000000000e+04,2.716161697972631073e-01,1.381082052643556324e+00
6.875700000000000000e+04,2.706571322840207738e-01,1.381349533858397649e+00
6.875800000000000000e+04,2.508314993893986378e-01,1.361864602200835606e+00
6.875900000000000000e+04,2.121430126509592784e-01,1.361791423221458075e+00
6.876000000000000000e+04,2.496945104394698023e-01,1.377922492898168372e+00
6.876100000000000000e+04,2.759521160791407191e-01,1.390414279537878883e+00
6.876200000000000000e+04,2.881577861688370823e-01,1.414403472596411859e+00
6.876300000000000000e+04,2.916939287985814144e-01,1.420617892693478268e+00
6.876400000000000000e+04,2.969456676611482160e-01,1.439698484339718476e+00
6.876500000000000000e+04,3.001843432358879959e-01,1.453828291098588466e+00
6.876600000000000000e+04,3.025996886479350723e-01,1.423798817592892618e+00
6.876700000000000000e+04,2.788297802583287188e-01,1.429906072363824165e+00
6.876800000000000000e+04,2.749116871599598944e-01,1.426326755760470633e+00
6.876900000000000000e+04,2.637098440514123454e-01,1.437396723113938179e+00
6.877000000000000000e+04,1.540504785176491642e-01,1.455574193260567029e+00
6.877100000000000000e+04,1.121695388130727472e-01,1.462288509472507769e+00
6.877200000000000000e+04,1.100956270482593563e-01,1.474405795041871414e+00
6.877300000000000000e+04,1.106149331823464560e-01,1.490616387492938344e+00
6.877400000000000000e+04,7.853203893348408016e-02,1.545062269832506274e+00
6.877500000000000000e+04,1.429554046285256008e-01,1.544354789711665177e+00
6.877600000000000000e+04,1.756564628436125264e-01,1.560559007042002122e+00
6.877700000000000000e+04,1.719912608436053869e-01,1.573540262586085703e+00
6.877800000000000000e+04,1.533332953526829190e-01,1.577353563319896068e+00
6.877900000000000000e+04,1.956278789471606883e-01,1.554585671776763434e+00
6.878000000000000000e+04,1.926575864600306442e-01,1.552929860300494624e+00
6.878100000000000000e+04,1.815810582096909487e-01,1.553012801791531672e+00
6.878200000000000000e+04,1.794608131333056411e-01,1.548535108243942915e+00
6.878300000000000000e+04,1.725891234034068189e-01,1.546969007385779804e+00
6.878400000000000000e+04,1.694163935899564155e-01,1.548078043921062630e+00
6.878500000000000000e+04,1.711317026089960724e-01,1.548140329039885188e+00
6.878600000000000000e+04,1.712611937023518494e-01,1.548862856645740749e+00
6.878700000000000000e+04,1.734088671219056466e-01,1.546848359997198941e+00
6.878800000000000000e+04,1.785795941734895642e-01,1.537642921641396043e+00
6.878900000000000000e+04,1.898120723053317582e-01,1.524507003571237362e+00
6.879000000000000000e+04,2.013568544956892137e-01,1.509124763839832184e+00
6.879100000000000000e+04,2.162065391207054210e-01,1.489439871470949583e+00
6.879200000000000000e+04,2.333966481709167373e-01,1.474632660207610968e+00
6.879300000000000000e+04,2.388607722542929468e-01,1.464731531063549141e+00
6.879400000000000000e+04,2.540554497819654811e-01,1.450812892732024295e+00
6.879500000000000000e+04,2.588920458072082598e-01,1.448383385966206305e+00
6.879600000000000000e+04,2.574147093971216882e-01,1.451244281577775297e+00
6.879700000000000000e+04,2.571148520031463769e-01,1.456636913676693013e+00
6.879800000000000000e+04,2.527351834952604737e-01,1.467733394927403623e+00
6.879900000000000000e+04,2.469541095128328367e-01,1.479276697491052062e+00
6.880000000000000000e+04,2.467605811883676337e-01,1.481731224281226389e+00
6.880100000000000000e+04,2.407095370058340011e-01,1.481046749113367866e+00
6.880200000000000000e+04,2.388985149336308456e-01,1.481752106239369482e+00
6.880300000000000000e+04,2.385128501505738574e-01,1.481435618889733519e+00
6.880400000000000000e+04,2.369024112082633582e-01,1.479583017446039150e+00
6.880500000000000000e+04,2.388446551781191474e-01,1.480154438273078910e+00
6.880600000000000000e+04,2.387018730145615553e-01,1.478428531082780495e+00
6.880700000000000000e+04,2.398675775908050423e-01,1.478540138780303437e+00
6.880800000000000000e+04,2.377223727587647328e-01,1.479417967853525084e+00
6.880900000000000000e+04,2.373590419012020225e-01,1.479391027776824075e+00
6.881000000000000000e+04,2.409578109876797936e-01,1.480800639275692276e+00
6.881100000000000000e+04,2.384143009369012189e-01,1.481778406837488404e+00
6.881200000000000000e+04,2.366999972164187394e-01,1.483305362179752507e+00
6.881300000000000000e+04,2.370230457814243574e-01,1.486040435750293653e+00
6.881400000000000000e+04,2.356535932967546709e-01,1.485564599532366969e+00
6.881500000000000000e+04,2.381617250172199107e-01,1.486664577306953561e+00
6.881600000000000000e+04,2.349948126192753506e-01,1.487997240097048035e+00
6.881700000000000000e+04,2.319235514304621992e-01,1.492554836059216683e+00
6.881800000000000000e+04,2.316847660712002266e-01,1.494588762828499284e+00
6.881900000000000000e+04,2.277859045048299114e-01,1.499476735459257526e+00
6.882000000000000000e+04,2.282981238385929368e-01,1.503935428693260690e+00
6.882100000000000000e+04,2.254974172510409436e-01,1.504205523396265676e+00
6.882200000000000000e+04,2.220884194949211687e-01,1.506927820640232341e+00
6.882300000000000000e+04,2.236397513209417154e-01,1.510321527329427482e+00
6.882400000000000000e+04,2.100136385965439556e-01,1.508230363172451405e+00
6.882500000000000000e+04,2.098527050422922813e-01,1.511760159598924957e+00
6.882600000000000000e+04,2.229233249016008556e-01,1.503114470888309739e+00
6.882700000000000000e+04,2.304650014279835124e-01,1.584443607778130314e+00
6.882800000000000000e+04,2.277248934297519400e-01,1.652246965060044204e+00
6.882900000000000000e+04,2.224083647128453356e-01,1.707612584029664760e+00
6.883000000000000000e+04,2.075976021860009291e-01,1.754492169648205646e+00
6.883100000000000000e+04,2.250695962040061282e-01,1.645803000968321328e+00
6.883200000000000000e+04,2.153158538760844287e-01,1.684418733021566084e+00
6.883300000000000000e+04,2.045428395242325503e-01,1.720694050881661497e+00
6.883400000000000000e+04,2.134879001536779120e-01,1.753106583602157542e+00
6.883500000000000000e+04,2.427257307607855463e-01,1.777664918143447181e+00
6.883600000000000000e+04,2.744108167230919770e-01,1.795655341251983117e+00
6.883700000000000000e+04,2.715106712096521102e-01,1.818667435340625360e+00
6.883800000000000000e+04,2.863788199893205766e-01,1.835415678260734040e+00
6.883900000000000000e+04,3.500561518077232037e-01,1.834219431494290120e+00
6.884000000000000000e+04,3.276625029305933468e-01,1.863806111791245002e+00
6.884100000000000000e+04,3.988384190747334412e-01,1.850177778708054888e+00
6.884200000000000000e+04,3.452107291589858185e-01,1.884722538844574302e+00
6.884300000000000000e+04,3.518696401358015202e-01,1.888887080680309083e+00
6.884400000000000000e+04,3.660989235658225205e-01,1.890170662294938353e+00
6.884500000000000000e+04,3.664656324562738376e-01,1.889516493936508112e+00
6.884600000000000000e+04,3.557810529110929654e-01,1.902394655282094504e+00
6.884700000000000000e+04,3.467437628056956878e-01,1.915101646709384653e+00
6.884800000000000000e+04,3.660379879173411011e-01,1.924334889970129581e+00
6.884900000000000000e+04,3.599535606681340538e-01,1.870463838959214087e+00
6.885000000000000000e+04,3.629707346687678915e-01,1.857124356036369051e+00
6.885100000000000000e+04,3.467223263012299550e-01,1.676489384610810873e+00
6.885200000000000000e+04,3.400916854023458002e-01,1.633754782129177130e+00
6.885300000000000000e+04,3.207181094794653298e-01,1.625651461604917358e+00
6.885400000000000000e+04,3.242653210457436819e-01,1.630548621881118265e+00
6.885500000000000000e+04,3.133712382431281807e-01,1.746296133794462691e+00
6.885600000000000000e+04,3.067809593268424062e-01,1.750553337905550677e+00
6.885700000000000000e+04,2.946861011567505906e-01,1.770200606862704973e+00
6.885800000000000000e+04,2.773315782843835953e-01,1.783369606660151874e+00
6.885900000000000000e+04,2.723502675216004087e-01,1.776219475024578998e+00
6.886000000000000000e+04,2.663970896636012053e-01,1.800137065123063707e+00
6.886100000000000000e+04,2.608286072064482930e-01,1.809281247511464130e+00
6.886200000000000000e+04,2.603552213300656670e-01,1.852075473762724300e+00
6.886300000000000000e+04,2.541273526766660851e-01,1.867309322244945946e+00
6.886400000000000000e+04,2.528619563132317172e-01,1.903675806192104858e+00
6.886500000000000000e+04,2.440826239530513031e-01,1.916415007584792107e+00
6.886600000000000000e+04,2.335957130584937758e-01,1.918288660296393999e+00
6.886700000000000000e+04,2.248166497962571786e-01,1.923353647539645550e+00
6.886800000000000000e+04,2.136630231634145394e-01,1.922316097285939662e+00
6.886900000000000000e+04,1.831896342888093276e-01,1.948262554159679638e+00
6.887000000000000000e+04,1.770970834828646812e-01,1.969688679317343372e+00
6.887100000000000000e+04,1.763356180111674276e-01,1.956972710093175749e+00
6.887200000000000000e+04,1.706839081721967522e-01,1.940157672473876715e+00
6.887300000000000000e+04,1.655205927036050295e-01,1.931860896105025205e+00
6.887400000000000000e+04,1.575023482459076973e-01,1.922364316181955246e+00
6.887500000000000000e+04,1.516489060620258567e-01,1.942348701390006482e+00
6.887600000000000000e+04,1.403638650802838672e-01,1.954282582553748426e+00
6.887700000000000000e+04,1.536529530608193028e-01,1.943807784138819272e+00
6.887800000000000000e+04,1.571029654252221464e-01,1.985240381346187633e+00
6.887900000000000000e+04,1.624961345414666636e-01,2.014548131510444762e+00
6.888000000000000000e+04,1.576983648880978806e-01,1.996365510900687923e+00
6.888100000000000000e+04,1.717168800295289788e-01,2.003041113379694593e+00
6.888200000000000000e+04,1.876462969738516839e-01,2.013396961830487442e+00
6.888300000000000000e+04,1.642396125691187592e-01,1.995205749247526583e+00
6.888400000000000000e+04,1.744276509046478185e-01,1.977859234955939627e+00
6.888500000000000000e+04,1.864469378753731976e-01,1.943375126945024789e+00
6.888600000000000000e+04,1.768832697984747682e-01,1.915634054228386063e+00
6.888700000000000000e+04,1.508731172851160429e-01,1.892028892927109851e+00
6.888800000000000000e+04,1.543023428359045490e-01,1.851043407495630788e+00
6.888900000000000000e+04,1.537707620263969177e-01,1.850617912282405797e+00
6.889000000000000000e+04,1.423892539334038199e-01,1.813114393130994983e+00
6.889100000000000000e+04,1.412347585271755412e-01,1.812902796836020514e+00
6.889200000000000000e+04,1.395068164897044494e-01,1.803077720568364128e+00
6.889300000000000000e+04,1.506189984818742389e-01,1.781269952779293675e+00
6.889400000000000000e+04,1.498636816656468695e-01,1.771592660554830445e+00
6.889500000000000000e+04,1.385123841475932038e-01,1.769773765079122541e+00
6.889600000000000000e+04,1.538572202453058202e-01,1.771283803399210655e+00
6.889700000000000000e+04,1.447338651061247927e-01,1.755035175449577878e+00
6.889800000000000000e+04,1.422816900760665859e-01,1.736397083721833212e+00
6.889900000000000000e+04,1.280461450056234185e-01,1.747177580220100168e+00
6.890000000000000000e+04,1.332637360601781618e-01,1.761279883196905871e+00
6.890100000000000000e+04,1.338748676779186464e-01,1.704544532615063446e+00
6.890200000000000000e+04,1.213776049365230952e-01,1.710268022717716718e+00
6.890300000000000000e+04,1.135154061972587780e-01,1.698680940651581039e+00
6.890400000000000000e+04,1.153216211408582825e-01,1.671393267345379741e+00
6.890500000000000000e+04,1.129968601184598437e-01,1.689471338131422584e+00
6.890600000000000000e+04,1.140903070109711009e-01,1.694806834482186275e+00
6.890700000000000000e+04,1.084337078962411272e-01,1.696692011340275030e+00
6.890800000000000000e+04,9.395716280322040370e-02,1.751540698955185604e+00
6.890900000000000000e+04,6.492485483125441659e-02,1.784512712936688672e+00
6.891000000000000000e+04,7.960940226683704823e-02,1.730337761759301429e+00
6.891100000000000000e+04,9.419618903049216396e-02,1.727887020620521241e+00
6.891200000000000000e+04,1.830310591421225597e-01,1.452600703342955768e+00
6.891300000000000000e+04,2.046232813548601315e-01,1.432518535852867814e+00
6.891400000000000000e+04,9.335362409205372192e-02,1.415216599668568165e+00
6.891500000000000000e+04,2.537744763394478853e-01,1.671021317061601508e+00
6.891600000000000000e+04,3.001380851215967316e-01,1.741097150345140676e+00
6.891700000000000000e+04,2.464960269408698335e-01,1.732788330781776409e+00
6.891800000000000000e+04,2.477520717928531901e-01,1.679930176151550825e+00
6.891900000000000000e+04,2.418511640212072378e-01,1.667262696251061271e+00
6.892000000000000000e+04,2.437409233480516413e-01,1.671133621388548818e+00
6.892100000000000000e+04,2.415623511963906345e-01,1.675927659367996370e+00
6.892200000000000000e+04,2.476995463932325503e-01,1.702735351790277463e+00
6.892300000000000000e+04,2.289464932454452761e-01,1.757429593184255623e+00
6.892400000000000000e+04,2.416427574810059431e-01,1.766163293031674186e+00
6.892500000000000000e+04,2.431226957318225745e-01,1.681821559919487896e+00
6.892600000000000000e+04,2.419804744241434435e-01,1.678515588841772654e+00
6.892700000000000000e+04,2.379684687642894536e-01,1.690591614863169667e+00
6.892800000000000000e+04,2.483307346005179661e-01,1.730657651879962344e+00
6.892900000000000000e+04,2.487043195434501808e-01,1.734868014001754943e+00
6.893000000000000000e+04,2.466604808368429713e-01,1.716548064568467424e+00
6.893100000000000000e+04,2.453912491290356768e-01,1.705216539963135602e+00
6.893200000000000000e+04,2.285595762928144814e-01,1.754883028234321074e+00
6.893300000000000000e+04,2.329990310744157467e-01,1.747082533308471852e+00
6.893400000000000000e+04,2.572956581483551441e-01,1.728808293145831954e+00
6.893500000000000000e+04,2.523624475501105024e-01,1.708073875130562413e+00
6.893600000000000000e+04,2.536895909535357707e-01,1.704397213042849302e+00
6.893700000000000000e+04,2.400023313657878576e-01,1.719923142462292276e+00
6.893800000000000000e+04,2.439188821664675377e-01,1.715141763641611306e+00
6.893900000000000000e+04,2.482984437872174932e-01,1.724504854903933904e+00
6.894000000000000000e+04,2.473444677957432336e-01,1.729418854415481377e+00
6.894100000000000000e+04,2.400355657488793815e-01,1.737602263849883144e+00
6.894200000000000000e+04,2.329723195658085222e-01,1.731970951366879063e+00
6.894300000000000000e+04,2.378838147577180262e-01,1.726569559569117729e+00
6.894400000000000000e+04,2.387760750709244650e-01,1.724528960817135470e+00
6.894500000000000000e+04,2.331256936510719691e-01,1.705676061908768304e+00
6.894600000000000000e+04,2.334867187104928132e-01,1.706972217453358809e+00
6.894700000000000000e+04,2.322852738512409254e-01,1.738637761173716711e+00
6.894800000000000000e+04,2.226742687178952795e-01,1.708547192042427554e+00
6.894900000000000000e+04,2.352343868777588554e-01,1.723007125828242891e+00
6.895000000000000000e+04,2.364001470215901513e-01,1.725868949156545540e+00
6.895100000000000000e+04,2.412311016875921532e-01,1.729235967712472899e+00
6.895200000000000000e+04,2.402244963623360874e-01,1.731278660729909546e+00
6.895300000000000000e+04,2.399600960909386849e-01,1.733024158709373097e+00
6.895400000000000000e+04,2.385361930286757914e-01,1.733977280708256075e+00
6.895500000000000000e+04,2.380793714140094774e-01,1.746185560141022108e+00
6.895600000000000000e+04,2.374173893459450846e-01,1.753874640414679220e+00
6.895700000000000000e+04,2.376764597514166300e-01,1.748608145629894750e+00
6.895800000000000000e+04,2.364960822401994400e-01,1.748124281922258660e+00
6.895900000000000000e+04,2.380484867009535210e-01,1.746849865948046698e+00
6.896000000000000000e+04,2.381965528985822422e-01,1.747070821466053303e+00
6.896100000000000000e+04,2.456555406783121065e-01,1.762218217256489083e+00
6.896200000000000000e+04,2.467278013108798462e-01,1.754598374454580778e+00
6.896300000000000000e+04,2.446484738896815003e-01,1.753837243731986462e+00
6.896400000000000000e+04,2.472022905009989002e-01,1.753912565053408201e+00
6.896500000000000000e+04,2.476816114982351158e-01,1.754099454875039044e+00
6.896600000000000000e+04,2.487454865922480995e-01,1.754920892935718513e+00
6.896700000000000000e+04,2.420982609590301149e-01,1.758106512260969367e+00
6.896800000000000000e+04,2.440976474171082378e-01,1.748489755636349230e+00
6.896900000000000000e+04,2.510632330233097398e-01,1.751034059543997046e+00
6.897000000000000000e+04,2.515201438848982951e-01,1.750200315312849142e+00
6.897100000000000000e+04,2.586155046165811711e-01,1.750291673075039967e+00
6.897200000000000000e+04,2.480190611407722956e-01,1.750549069617431286e+00
6.897300000000000000e+04,2.428203828907787853e-01,1.743906626852393060e+00
6.897400000000000000e+04,2.346214915873505447e-01,1.738340793449250299e+00
6.897500000000000000e+04,2.439258964694701326e-01,1.748226543097572971e+00
6.897600000000000000e+04,2.264098513822282444e-01,1.753700600292017242e+00
6.897700000000000000e+04,2.021820201915902893e-01,1.763246853793223323e+00
6.897800000000000000e+04,1.916277724799847482e-01,1.816903682420974775e+00
6.897900000000000000e+04,1.934811083361204498e-01,1.821453231711942067e+00
6.898000000000000000e+04,1.996493703470563486e-01,1.816675158152680325e+00
6.898100000000000000e+04,2.050538911125854846e-01,1.802364736056510708e+00
6.898200000000000000e+04,2.541090090617162400e-01,1.851602921486293241e+00
6.898300000000000000e+04,3.124849934882543701e-01,1.880399152339034430e+00
6.898400000000000000e+04,3.292867457895859440e-01,1.907290149147709002e+00
6.898500000000000000e+04,2.401699808753513243e-01,1.747009034989563503e+00
6.898600000000000000e+04,2.365316380579569333e-01,1.811303783453819705e+00
6.898700000000000000e+04,2.300151272205728792e-01,1.845630266508067052e+00
6.898800000000000000e+04,2.463418751578079491e-01,1.874758958113982743e+00
6.898900000000000000e+04,2.538345061458066598e-01,1.896653483569643583e+00
6.899000000000000000e+04,2.417260724369244551e-01,1.908970174618168869e+00
6.899100000000000000e+04,2.340361430850600721e-01,1.952714628945280140e+00
6.899200000000000000e+04,2.404281760532929468e-01,1.974281923434443087e+00
6.899300000000000000e+04,2.257729232209123582e-01,2.006751422728047629e+00
6.899400000000000000e+04,2.267673194159885719e-01,1.999892872815561162e+00
6.899500000000000000e+04,2.195649044996510757e-01,2.051566388023836396e+00
6.899600000000000000e+04,2.225070569584277902e-01,2.088623877650345406e+00
6.899700000000000000e+04,2.257647928115622260e-01,2.132441847961260351e+00
6.899800000000000000e+04,2.163138163707102879e-01,2.198527289466824186e+00
6.899900000000000000e+04,1.994267761906456937e-01,2.336664907493197774e+00
6.900000000000000000e+04,1.970577542964923878e-01,2.420557459207454798e+00
6.900100000000000000e+04,2.396514324051188805e-01,2.103177618116607306e+00
6.900200000000000000e+04,2.654884210635976571e-01,1.931976439351863917e+00
6.900300000000000000e+04,2.587511403969424140e-01,1.979753711430777940e+00
6.900400000000000000e+04,2.622081266504320274e-01,1.966040194283358744e+00
6.900500000000000000e+04,2.663551564728262600e-01,1.959503403074563721e+00
6.900600000000000000e+04,2.630176302658782661e-01,1.960636853600451701e+00
6.900700000000000000e+04,2.678393527929211482e-01,1.937617012352554013e+00
6.900800000000000000e+04,2.738972649345836063e-01,1.896069808104314802e+00
6.900900000000000000e+04,2.714723393015980868e-01,1.880236868604765021e+00
6.901000000000000000e+04,2.630636599643788598e-01,1.886708363768690333e+00
6.901100000000000000e+04,2.489104136721932703e-01,1.889018806626054925e+00
6.901200000000000000e+04,2.733013639269349926e-01,1.865347288319600949e+00
6.901300000000000000e+04,2.585270959661205570e-01,1.828559281243254730e+00
6.901400000000000000e+04,2.575988758827893466e-01,1.797425000805457529e+00
6.901500000000000000e+04,2.425181168539974896e-01,1.826803622273445171e+00
6.901600000000000000e+04,2.358703435006515026e-01,1.816542168720975070e+00
6.901700000000000000e+04,2.314442555375732236e-01,1.802569762112611329e+00
6.901800000000000000e+04,3.209999705702086259e-01,1.157412134723351471e+00
6.901900000000000000e+04,3.311016474311230251e-01,1.113268386300653390e+00
6.902000000000000000e+04,3.232579899655087519e-01,1.116525245970198199e+00
6.902100000000000000e+04,3.144843257250441448e-01,1.122801035839291472e+00
6.902200000000000000e+04,3.113236076053906842e-01,1.123250846918029566e+00
6.902300000000000000e+04,3.074049273204531585e-01,1.116754153062270660e+00
6.902400000000000000e+04,3.086759306213393561e-01,1.114215534829284593e+00
6.902500000000000000e+04,3.075647109812885138e-01,1.114913834828595185e+00
6.902600000000000000e+04,3.045522716869217272e-01,1.109927254844627953e+00
6.902700000000000000e+04,3.036569768583513018e-01,1.107956333791740633e+00
6.902800000000000000e+04,3.034219979548173352e-01,1.107578300537017668e+00
6.902900000000000000e+04,3.184696603431697026e-01,1.122635568844000176e+00
6.903000000000000000e+04,3.173501499161310302e-01,1.118086717934087204e+00
6.903100000000000000e+04,3.223343691620768614e-01,1.120304064215357442e+00
6.903200000000000000e+04,3.202192849174502198e-01,1.120262349620521292e+00
6.903300000000000000e+04,3.223385998077060721e-01,1.122428364015192415e+00
6.903400000000000000e+04,3.219499475095256580e-01,1.124025535197198167e+00
6.903500000000000000e+04,3.185517911592883888e-01,1.123871166944006461e+00
6.903600000000000000e+04,3.198869646100885866e-01,1.119757633634787197e+00
6.903700000000000000e+04,3.191896163881145498e-01,1.117884197218213416e+00
6.903800000000000000e+04,3.144337809655213811e-01,1.115869958450680599e+00
6.903900000000000000e+04,3.168636384018196361e-01,1.117767263433986358e+00
6.904000000000000000e+04,3.159506396574939258e-01,1.116159588174408412e+00
6.904100000000000000e+04,3.025341258168799952e-01,1.099790565269515241e+00
6.904200000000000000e+04,3.038183127108926018e-01,1.101091587985884246e+00
6.904300000000000000e+04,2.943374639703816853e-01,1.095738167859291678e+00
6.904400000000000000e+04,2.992583263807412353e-01,1.098220685383182627e+00
6.904500000000000000e+04,2.989059972370319285e-01,1.097471298654294714e+00
6.904600000000000000e+04,2.977730894031088704e-01,1.097757164021768261e+00
6.904700000000000000e+04,2.984139742882910284e-01,1.097129032892759426e+00
6.904800000000000000e+04,2.962466945502765792e-01,1.093233064429320223e+00
6.904900000000000000e+04,3.245957301099057224e-01,1.092768894322219353e+00
6.905000000000000000e+04,3.261241416285622363e-01,1.091500141679038194e+00
6.905100000000000000e+04,3.220602622888014133e-01,1.088526688294599865e+00
6.905200000000000000e+04,3.183028247711257031e-01,1.085597816732143173e+00
6.905300000000000000e+04,3.159592903178110035e-01,1.083774048634829512e+00
6.905400000000000000e+04,3.249174818232095641e-01,1.082735084217713251e+00
6.905500000000000000e+04,3.225616383624886341e-01,1.082245266758661728e+00
6.905600000000000000e+04,3.180974157572651340e-01,1.081641988922989128e+00
6.905700000000000000e+04,3.177816341987890203e-01,1.078363225730345931e+00
6.905800000000000000e+04,3.170200696149573227e-01,1.076578375709196678e+00
6.905900000000000000e+04,3.203612362510011580e-01,1.078473337246542485e+00
6.906000000000000000e+04,3.187797817634049347e-01,1.079527079553294300e+00
6.906100000000000000e+04,3.122136159966581448e-01,1.081599734312952421e+00
6.906200000000000000e+04,3.042620709559747394e-01,1.080452985943253452e+00
6.906300000000000000e+04,3.063017612672856993e-01,1.084004130158977119e+00
6.906400000000000000e+04,3.101004046134647196e-01,1.083269426025267990e+00
6.906500000000000000e+04,3.115979190791646203e-01,1.083919898252595715e+00
6.906600000000000000e+04,3.017635705574214788e-01,1.073737787038556490e+00
6.906700000000000000e+04,3.028578276269081604e-01,1.074376849299675030e+00
6.906800000000000000e+04,3.053277593283081903e-01,1.075937180968232099e+00
6.906900000000000000e+04,3.061376881902677094e-01,1.077345383971390902e+00
6.907000000000000000e+04,3.098316384297992720e-01,1.062739465069139300e+00
6.907100000000000000e+04,3.054116009820004862e-01,1.060015034473455131e+00
6.907200000000000000e+04,3.046379721609260849e-01,1.059311220594850056e+00
6.907300000000000000e+04,3.021829418076205087e-01,1.057420950269083448e+00
6.907400000000000000e+04,3.047743230356388389e-01,1.061054780707578971e+00
6.907500000000000000e+04,3.070109864063793603e-01,1.050047302841790042e+00
6.907600000000000000e+04,3.106771970627680290e-01,1.053469035212440730e+00
6.907700000000000000e+04,3.109886874366922793e-01,1.057436919080707582e+00
6.907800000000000000e+04,3.102595652549128280e-01,1.057612397035089913e+00
6.907900000000000000e+04,3.102018384856108368e-01,1.057183846013398210e+00
6.908000000000000000e+04,3.109207257757366505e-01,1.055006531911484302e+00
6.908100000000000000e+04,3.118046556406425251e-01,1.054384416496226606e+00
6.908200000000000000e+04,3.077031917044478759e-01,1.050529046728147620e+00
6.908300000000000000e+04,3.054654923972034974e-01,1.041878613227687822e+00
6.908400000000000000e+04,2.998080088653792830e-01,1.046629160385215584e+00
6.908500000000000000e+04,3.029826728507170053e-01,1.042921351991388690e+00
6.908600000000000000e+04,3.178382558506132605e-01,1.038822532113233166e+00
6.908700000000000000e+04,3.209452067099053951e-01,1.038886217231926423e+00
6.908800000000000000e+04,3.315414631073865248e-01,1.007674180791280349e+00
6.908900000000000000e+04,3.712731718827515515e-01,8.979700637275804809e-01
6.909000000000000000e+04,3.625763810478156435e-01,8.860952423539352196e-01
6.909100000000000000e+04,3.240645638496547076e-01,9.327060890202680810e-01
6.909200000000000000e+04,3.010255911927294248e-01,1.041432722473988548e+00
6.909300000000000000e+04,3.055107743214651728e-01,1.008411391040851868e+00
6.909400000000000000e+04,3.060802500618426958e-01,9.983360533917782220e-01
6.909500000000000000e+04,3.213496521985550469e-01,9.649645182896229301e-01
6.909600000000000000e+04,2.682773583308990517e-01,8.930529330808276711e-01
6.909700000000000000e+04,2.782180262927841929e-01,8.809009911665874881e-01
6.909800000000000000e+04,3.021117730085082775e-01,9.044452479064482020e-01
6.909900000000000000e+04,3.043609196096095371e-01,9.615613930619701932e-01
6.910000000000000000e+04,2.957758197666667255e-01,9.586129265636529340e-01
6.910100000000000000e+04,2.815320044763121032e-01,9.778892576456321706e-01
6.910200000000000000e+04,2.909768373988355084e-01,1.020433644274664431e+00
6.910300000000000000e+04,2.806572982013179063e-01,9.875833170623629087e-01
6.910400000000000000e+04,2.878075172355814004e-01,9.498952865401903978e-01
6.910500000000000000e+04,2.866033739699868077e-01,9.531961410599940621e-01
6.910600000000000000e+04,2.865410638472742355e-01,9.387917979777213873e-01
6.910700000000000000e+04,2.833122156226881017e-01,8.929674272478038688e-01
6.910800000000000000e+04,2.773407226751504751e-01,8.982754991508734577e-01
6.910900000000000000e+04,2.076834603583385674e-01,9.089644626176109909e-01
6.911000000000000000e+04,2.476414611084343798e-01,8.491166279900426161e-01
6.911100000000000000e+04,2.376131907382516562e-01,8.704799217689718205e-01
6.911200000000000000e+04,2.375169272675650145e-01,8.901538791059664391e-01
6.911300000000000000e+04,3.048146456319373865e-01,5.360012329493457628e-01
6.911400000000000000e+04,3.211121488767335053e-01,4.968090631002120006e-01
6.911500000000000000e+04,3.375466455790829823e-01,4.696498055652682524e-01
6.911600000000000000e+04,3.113282678835642692e-01,4.797777437685084578e-01
6.911700000000000000e+04,3.030293739185528912e-01,4.860969155290213450e-01
6.911800000000000000e+04,2.989758063022769363e-01,4.895252546269119875e-01
6.911900000000000000e+04,2.991365194803297656e-01,4.815400566422880502e-01
6.912000000000000000e+04,3.583625290945400832e-01,3.944095845069917061e-01
6.912100000000000000e+04,3.693319663054425717e-01,3.857754952864702602e-01
6.912200000000000000e+04,3.767993124108340308e-01,3.834383009458335323e-01
6.912300000000000000e+04,3.763038254367214730e-01,3.747862416881808656e-01
6.912400000000000000e+04,3.802578659422704010e-01,3.516989169347581878e-01
6.912500000000000000e+04,3.891933276540046061e-01,3.206031790757926103e-01
6.912600000000000000e+04,4.183751838147189983e-01,2.881611784459607861e-01
6.912700000000000000e+04,4.161010441372653967e-01,2.897213697583786995e-01
6.912800000000000000e+04,3.984593030573987948e-01,2.668799390341440869e-01
6.912900000000000000e+04,3.957654492087739895e-01,2.552022229654511420e-01
6.913000000000000000e+04,3.942173413257027415e-01,2.419059084393637704e-01
6.913100000000000000e+04,3.935878437765720772e-01,2.538723698112157479e-01
6.913200000000000000e+04,3.930393922562960274e-01,2.506275065057934626e-01
6.913300000000000000e+04,3.927391677448893725e-01,2.391171499860789140e-01
6.913400000000000000e+04,3.854520657895726954e-01,2.333376375701696759e-01
6.913500000000000000e+04,3.812556529421654017e-01,2.361877312885916069e-01
6.913600000000000000e+04,3.809087473600060170e-01,2.333040227862710481e-01
6.913700000000000000e+04,3.747806132298368564e-01,2.246709215009587979e-01
6.913800000000000000e+04,3.757359065017124022e-01,2.107280445887482756e-01
6.913900000000000000e+04,3.736449644737551146e-01,2.222525474235830245e-01
6.914000000000000000e+04,3.316568471259386808e-01,1.228547072962307141e-01
6.914100000000000000e+04,3.018820851479672163e-01,1.000544813877262129e-01
6.914200000000000000e+04,2.847704403441771448e-01,7.182176257952477272e-02
6.914300000000000000e+04,3.395986533592970646e-01,3.579899849961165614e-02
6.914400000000000000e+04,4.096054147478370711e-01,3.566758346008924718e-02
6.914500000000000000e+04,3.823530565729769126e-01,5.346824853691245494e-02
6.914600000000000000e+04,3.615914775080925625e-01,3.906882631602570655e-02
6.914700000000000000e+04,3.439678081750746075e-01,2.526673589087735650e-02
6.914800000000000000e+04,3.671673659133590228e-01,2.308168139260047269e-02
6.914900000000000000e+04,3.646796923458253681e-01,1.829298697824910391e-02
6.915000000000000000e+04,3.597461586601424233e-01,1.888608056312790495e-02
6.915100000000000000e+04,3.620896046045711802e-01,1.413207732660026750e-02
6.915200000000000000e+04,3.587083889004956672e-01,2.121660108324263661e-02
6.915300000000000000e+04,3.596711196974095581e-01,2.661991658044371434e-02
6.915400000000000000e+04,3.603770090980513707e-01,2.608914440615350827e-02
6.915500000000000000e+04,3.588955432594854722e-01,2.343854417697954773e-02
6.915600000000000000e+04,3.588839584319626352e-01,2.408346847827047554e-02
6.915700000000000000e+04,3.568195163811214710e-01,1.944875034834581129e-02
6.915800000000000000e+04,3.518627821011230394e-01,1.231712907402382484e-02
6.915900000000000000e+04,3.510607846708649893e-01,5.474887420884755329e-03
6.916000000000000000e+04,3.522906840669516870e-01,4.540251472043621561e-03
6.916100000000000000e+04,3.524987024185664009e-01,3.626249423803074023e-03
6.916200000000000000e+04,3.486669524770474871e-01,2.829444498008371056e-03
6.916300000000000000e+04,3.410199972554031622e-01,1.219155748443512266e-02
6.916400000000000000e+04,3.437647874492674727e-01,1.657368801309999640e-02
6.916500000000000000e+04,3.463494667365222823e-01,2.092787687671560093e-02
6.916600000000000000e+04,3.467737872923601361e-01,2.674865859481911912e-02
6.916700000000000000e+04,3.471011152772193742e-01,1.285469032195152295e-02
6.916800000000000000e+04,3.413609109580681977e-01,1.662205769141777978e-02
6.916900000000000000e+04,3.380067597413695113e-01,3.034391406315606332e-02
6.917000000000000000e+04,3.419958215200614715e-01,3.454558270701824085e-02
6.917100000000000000e+04,3.383452406748935770e-01,2.874593762823351994e-02
6.917200000000000000e+04,3.354197828095669687e-01,2.795903670044452838e-02
6.917300000000000000e+04,3.385018501335891883e-01,3.186680725521284785e-02
6.917400000000000000e+04,3.420547261372713921e-01,3.578699583997746458e-02
6.917500000000000000e+04,3.466815515452287277e-01,1.659747488819007799e-02
6.917600000000000000e+04,3.016598293360033822e-01,6.126657006059943456e-02
6.917700000000000000e+04,3.014971162118922354e-01,4.479300515318129783e-02
6.917800000000000000e+04,3.015722243477295672e-01,3.678093538010429597e-02
6.917900000000000000e+04,2.896491021073928640e-01,1.887971920246656055e-02
6.918000000000000000e+04,2.944686405724604161e-01,9.285060677633794057e-03
6.918100000000000000e+04,2.962655782660902348e-01,1.771111914617762295e-03
6.918200000000000000e+04,2.509617117749123882e-01,3.780464752008327878e-03
6.918300000000000000e+04,2.563408675098315381e-01,1.035895859420321585e-02
6.918400000000000000e+04,2.648944697588853647e-01,4.796091050529582844e-03
6.918500000000000000e+04,2.620207635469025131e-01,7.310963670718706453e-03
6.918600000000000000e+04,2.690128265285213760e-01,2.434553416994589270e-02
6.918700000000000000e+04,2.696563273773590064e-01,8.518255028334920098e-03
6.918800000000000000e+04,2.748037316310714129e-01,2.929790119765840473e-02
6.918900000000000000e+04,2.844379168151377479e-01,6.506727948192292388e-02
6.919000000000000000e+04,2.791503473059711582e-01,6.738907853144482374e-02
6.919100000000000000e+04,2.773566813452693069e-01,7.467792791246807838e-02
6.919200000000000000e+04,2.693867322553675225e-01,5.442930011184188288e-02
6.919300000000000000e+04,3.927552268447889738e-02,2.538312358228047572e-01
6.919400000000000000e+04,3.374457539729501521e-02,2.665210300314022618e-01
6.919500000000000000e+04,7.856104612831311951e-02,2.222546939154881329e-01
6.919600000000000000e+04,1.263850230924722651e-01,2.166771665923690193e-01
6.919700000000000000e+04,5.454637038689919698e-02,3.303338148793031337e-01
6.919800000000000000e+04,9.660645652431427977e-02,4.587243046301416882e-01
6.919900000000000000e+04,8.683366744663273407e-02,5.147384946053819021e-01
6.920000000000000000e+04,8.067306506547800016e-02,5.468431685413257526e-01
6.920100000000000000e+04,9.012904427081884495e-02,2.070669176994570648e-01
6.920200000000000000e+04,8.303271444347219699e-02,1.132689237298052376e-01
6.920300000000000000e+04,8.292202585074931465e-02,7.108721644685545016e-02
6.920400000000000000e+04,8.120066837206252330e-02,4.389915840382840884e-02
6.920500000000000000e+04,7.782502884643853480e-02,1.905677279332351759e-02
6.920600000000000000e+04,6.955170395778045855e-02,3.358034152302735720e-03
6.920700000000000000e+04,6.788551555021722639e-02,1.142681936548228805e-02
6.920800000000000000e+04,7.012459448521886352e-02,3.211938489767263150e-02
6.920900000000000000e+04,7.198100456237310762e-02,7.995266028260061830e-03
6.921000000000000000e+04,7.131719268324421268e-02,4.646020261972338972e-02
6.921100000000000000e+04,9.734511084204937326e-02,8.300589459594576169e-02
6.921200000000000000e+04,5.802521587368702875e-03,1.152392928295853380e-02
6.921300000000000000e+04,1.003076140548510124e-02,5.474405915141034029e-03
6.921400000000000000e+04,5.851275374081883925e-03,6.055023333253473083e-03
6.921500000000000000e+04,1.341550512211213755e-02,6.650123930409534978e-03
6.921600000000000000e+04,2.776860915894970722e-02,5.832504262894389058e-03
6.921700000000000000e+04,3.137426733862896944e-02,1.941096055319491143e-02
6.921800000000000000e+04,2.668843234883427895e-02,2.520711009211140663e-03
6.921900000000000000e+04,1.045076448500959800e-02,2.000388298471378334e-02
6.922000000000000000e+04,9.055974113018276650e-03,2.230170933874831007e-02
6.922100000000000000e+04,2.240028354016899634e-02,2.378513233296430940e-02
6.922200000000000000e+04,2.210561420271404953e-02,1.035210737369212097e-01
6.922300000000000000e+04,1.600527924478608449e-02,1.994599846653954955e-03
6.922400000000000000e+04,7.074257074631352775e-03,2.639611971261857093e-02
6.922500000000000000e+04,1.510974531035218921e-02,2.285608509494352347e-02
6.922600000000000000e+04,1.270524826942251266e-02,3.747295992918253660e-02
6.922700000000000000e+04,2.413050821968382859e-02,3.850069226267649469e-02
6.922800000000000000e+04,1.516736102504896190e-02,4.484552339787128972e-02
6.922900000000000000e+04,1.673490988652029041e-02,3.890742862929386092e-02
6.923000000000000000e+04,1.355363309845991626e-02,4.392172690679529978e-02
6.923100000000000000e+04,1.237524760622999744e-02,4.706530824635990484e-02
6.923200000000000000e+04,1.782355216392416883e-02,3.891204468263254057e-02
6.923300000000000000e+04,8.436507720182907788e-02,2.823474850334761754e-02
6.923400000000000000e+04,3.355690258735444936e-02,8.676973332801907191e-02
6.923500000000000000e+04,2.900938249819745574e-02,8.984429551660966240e-02
6.923600000000000000e+04,2.960324256601981965e-02,9.412799511546410258e-02
6.923700000000000000e+04,2.299746541115433446e-02,1.170187683641650267e-01
6.923800000000000000e+04,2.905567236389635169e-02,1.298094507023286326e-01
6.923900000000000000e+04,2.220782523064385866e-02,1.311066600844661423e-01
6.924000000000000000e+04,2.098488833888308147e-02,4.913077714939717566e-02
6.924100000000000000e+04,1.406748527311030457e-02,2.609360053339671026e-02
6.924200000000000000e+04,5.658191257279798075e-03,3.179985005272101262e-02
6.924300000000000000e+04,1.307045597065952316e-02,3.403117202444150280e-02
6.924400000000000000e+04,1.170103712454596996e-02,3.861007198918642302e-02
6.924500000000000000e+04,3.053413264203884703e-01,2.058301042972843220e-02
6.924600000000000000e+04,4.648265612593708296e-01,3.170458839955614394e-02
6.924700000000000000e+04,4.272714326211733971e-01,5.540976582121004412e-02
6.924800000000000000e+04,3.767416439851652421e-01,5.589741518173241275e-02
6.924900000000000000e+04,3.604837314870716902e-01,4.943966093867757650e-02
6.925000000000000000e+04,3.406912546337502179e-01,4.498428883047722593e-02
6.925100000000000000e+04,2.956038720223135852e-01,3.887056552042267299e-02
6.925200000000000000e+04,8.235436764085165423e-03,2.655929721040450886e-02
6.925300000000000000e+04,1.326538043861109385e-02,3.467605474342505545e-02
6.925400000000000000e+04,6.602705844292346485e-03,3.490124347308665165e-02
6.925500000000000000e+04,7.770916304771475526e-03,3.023814815937342360e-02
6.925600000000000000e+04,7.753493764730865628e-03,3.135385038099869348e-02
6.925700000000000000e+04,1.441060025525798573e-02,2.375904270664719320e-02
6.925800000000000000e+04,1.946986625592518616e-02,2.220904991700933806e-02
6.925900000000000000e+04,1.666854271605374554e-02,3.335562830279670266e-02
6.926000000000000000e+04,8.867464295694691204e-03,6.116573367027200447e-02
6.926100000000000000e+04,1.489881859897223236e-02,3.158287484982480464e-02
6.926200000000000000e+04,1.640109622741307491e-02,9.355896017120812758e-02
6.926300000000000000e+04,2.123649302227920491e-02,7.939971630244357925e-02
6.926400000000000000e+04,2.755012871841857822e-02,9.838424771059095519e-02
6.926500000000000000e+04,5.498931592114949390e-02,1.294106777514159035e-01
6.926600000000000000e+04,5.234023546392327364e-02,1.719035740413019653e-01
6.926700000000000000e+04,6.332450846151481405e-02,2.003405497629842102e-01
6.926800000000000000e+04,5.380781577422160539e-02,1.857186881632095776e-01
6.926900000000000000e+04,5.353018249305768750e-02,1.878603219903638433e-01
6.927000000000000000e+04,5.297038306063588803e-02,1.654480617276057330e-01
6.927100000000000000e+04,9.153445122441593307e-02,1.273640942152916011e-01
6.927200000000000000e+04,1.092395625724803532e-01,1.266350272144727285e-01
6.927300000000000000e+04,6.107463203989877548e-02,1.013132445670237303e-01
6.927400000000000000e+04,6.507757330576441346e-02,6.642673717183100734e-02
6.927500000000000000e+04,6.213340903914248842e-02,4.401771268522480796e-02
6.927600000000000000e+04,5.229509157448890971e-02,3.653509534913723655e-02
6.927700000000000000e+04,7.204966543484475627e-02,4.457265055858883329e-02
6.927800000000000000e+04,7.141029122634075244e-02,4.890321838969313717e-02
6.927900000000000000e+04,1.187804357390650871e-02,2.827456906068448461e-03
6.928000000000000000e+04,1.033846806870984160e-02,1.514550729082841940e-02
6.928100000000000000e+04,1.211039647401562953e-02,1.593592600958260164e-03
6.928200000000000000e+04,1.116052493015093870e-02,8.426565903711491501e-03
6.928300000000000000e+04,1.835785697962695126e-02,3.371602437024634469e-02
6.928400000000000000e+04,2.777926961438282119e-02,2.943180230568387401e-02
6.928500000000000000e+04,2.609313327666721097e-02,2.395866697289861236e-02
6.928600000000000000e+04,2.396835860327586540e-02,1.751078025306185282e-02
6.928700000000000000e+04,2.473228878173196893e-02,3.085263554751804804e-04
6.928800000000000000e+04,2.699838179392257884e-02,3.662469801493273280e-02
6.928900000000000000e+04,1.325389889457455339e-02,2.747204246186552012e-01
6.929000000000000000e+04,8.806442480757853061e-03,2.824772960148163037e-01
6.929100000000000000e+04,1.983052858724066586e-02,2.687776978968159369e-03
6.929200000000000000e+04,2.038169137699704161e-02,1.528595952285272119e-03
6.929300000000000000e+04,2.500797567992634612e-02,3.474637145989944997e-03
6.929400000000000000e+04,2.542578083924277796e-02,4.457614606879545249e-03
6.929500000000000000e+04,2.069553759209084853e-02,1.075591987036617070e-02
6.929600000000000000e+04,2.311464326590200596e-02,1.943578905134302204e-03
6.929700000000000000e+04,1.743095815115471708e-02,1.948555173951227459e-02
6.929800000000000000e+04,2.222904644555764864e-02,2.485962526689711183e-02
6.929900000000000000e+04,2.346212173730134395e-02,3.483117148139847075e-02
6.930000000000000000e+04,3.447716167112389873e-02,5.353644807876634104e-02
6.930100000000000000e+04,6.644734696402357507e-05,1.425743963986292329e-02
6.930200000000000000e+04,3.835539649671615339e-03,1.775665740045617724e-02
6.930300000000000000e+04,3.942878252143112300e-03,3.213839443361976578e-02
6.930400000000000000e+04,1.686414763547038759e-03,4.323176304771081391e-02
6.930500000000000000e+04,4.819323401961491359e-03,6.115626501511073343e-02
6.930600000000000000e+04,7.614307854404411650e-03,1.648284569815494649e-02
6.930700000000000000e+04,6.323010872254687317e-03,8.337634549315353638e-03
6.930800000000000000e+04,1.425045847673328233e-03,1.434415965692892314e-02
6.930900000000000000e+04,6.155051370847140248e-03,3.056362628377939927e-02
6.931000000000000000e+04,5.903936589095376032e-03,3.470299786688535448e-02
6.931100000000000000e+04,1.695385489607922902e-02,5.633867518779567263e-02
6.931200000000000000e+04,2.310208532557115127e-02,4.566850091012497614e-02
6.931300000000000000e+04,8.896743160689005864e-03,3.644194750795470839e-02
6.931400000000000000e+04,1.052711861121665565e-02,1.850673443066241930e-02
6.931500000000000000e+04,5.505675854942967268e-02,2.242028099374770989e-02
6.931600000000000000e+04,1.144760186783217761e-02,2.386457377240880362e-02
6.931700000000000000e+04,2.706537778683198309e-02,4.423040146965639963e-02
6.931800000000000000e+04,6.314310004564313572e-02,2.496768551560712979e-02
6.931900000000000000e+04,4.875958776631759278e-02,7.126369839326684996e-03
6.932000000000000000e+04,5.760986660602394199e-02,1.871961129358368225e-02
6.932100000000000000e+04,5.904160109055504868e-02,1.886201934207498709e-02
6.932200000000000000e+04,5.044111430490052367e-02,1.040619011719101650e-02
6.932300000000000000e+04,6.391678287046688445e-02,2.575964518231366185e-02
6.932400000000000000e+04,4.684436617200261888e-02,2.647965793852691263e-02
6.932500000000000000e+04,4.095330318970385325e-02,3.810138117108508027e-02
6.932600000000000000e+04,5.743862947662584095e-02,1.364395526203043829e-01
6.932700000000000000e+04,8.081029378422266429e-02,1.589333734159854572e-01
6.932800000000000000e+04,3.776203733794263745e-02,8.853533802481550197e-02
6.932900000000000000e+04,3.045315988574413130e-02,6.386743107397840902e-02
6.933000000000000000e+04,3.648122403136278002e-02,4.905514651580489272e-02
6.933100000000000000e+04,4.579791331536815086e-02,5.299202769434785409e-02
6.933200000000000000e+04,3.503898359764306969e-02,4.626018393045150390e-02
6.933300000000000000e+04,1.190322265429204773e-01,8.353229663828898310e-04
6.933400000000000000e+04,1.020573408188576170e-01,4.585084107610626347e-02
6.933500000000000000e+04,7.745186004825445857e-03,4.895698633578859926e-03
6.933600000000000000e+04,4.519166205650127811e-03,1.779942851308824459e-02
6.933700000000000000e+04,5.000892833381805243e-03,2.895570349897091944e-02
6.933800000000000000e+04,4.312913624021128857e-03,3.582220951658143804e-02
6.933900000000000000e+04,4.052500133220668550e-03,2.307838471709544592e-02
6.934000000000000000e+04,1.143539256497893945e-02,6.402218656872449287e-02
6.934100000000000000e+04,1.768197824137491062e-02,8.054842568749798204e-02
6.934200000000000000e+04,1.916361937701453744e-02,9.694478399374872879e-02
6.934300000000000000e+04,2.244741113299027896e-02,1.057308011278301763e-01
6.934400000000000000e+04,2.469388388307324281e-02,1.077725373653777297e-01
6.934500000000000000e+04,2.621703699076988539e-02,1.162486940779423605e-01
6.934600000000000000e+04,2.825681781575448831e-02,1.194648290617550401e-01
6.934700000000000000e+04,2.838926811556772775e-02,1.191507481473195185e-01
6.934800000000000000e+04,2.823263992999707275e-02,1.225826729643237911e-01
6.934900000000000000e+04,2.613097382867727095e-02,1.242657771115744936e-01
6.935000000000000000e+04,2.990559700963808798e-02,1.274148697916199779e-01
6.935100000000000000e+04,3.559695832761746587e-02,1.288287708716904234e-01
6.935200000000000000e+04,3.523875609289545130e-02,1.289984173940368350e-01
6.935300000000000000e+04,4.284434395305358745e-02,1.379115147204483804e-01
6.935400000000000000e+04,5.677544503047413094e-02,1.562398002345677384e-01
6.935500000000000000e+04,3.841440154364977877e-02,1.491860727872040826e-01
6.935600000000000000e+04,3.559787197526554509e-02,1.501581798561666403e-01
6.935700000000000000e+04,5.968535016020953127e-02,4.590531470038090589e-01
6.935800000000000000e+04,9.669983449937258335e-02,5.812832833722829662e-01
6.935900000000000000e+04,1.246638674732217789e-01,6.884275396241079648e-01
6.936000000000000000e+04,9.840679102016995639e-02,6.273535270669778896e-01
6.936100000000000000e+04,6.347044743782193077e-02,6.188184902424431755e-01
6.936200000000000000e+04,5.740997311055474894e-02,6.327676336487577657e-01
6.936300000000000000e+04,6.782945593800485118e-02,6.102915549870377987e-01
6.936400000000000000e+04,8.102853942821444666e-02,4.914123336390963104e-01
6.936500000000000000e+04,6.979728663877699489e-03,2.726449398728902906e-03
6.936600000000000000e+04,8.681667960115727056e-03,2.457041630478329353e-03
6.936700000000000000e+04,7.430657145138584545e-03,2.535241196881088399e-03
6.936800000000000000e+04,9.204954973695878701e-03,1.763045716675293306e-03
6.936900000000000000e+04,2.013797115325210215e-03,8.558848514841344013e-03
6.937000000000000000e+04,6.521928777790703124e-03,1.846287921561273748e-02
6.937100000000000000e+04,1.046739154139864590e-02,1.705983126651977599e-02
6.937200000000000000e+04,8.430692768486180988e-03,1.193932064162117612e-02
6.937300000000000000e+04,4.686948719205952414e-03,9.866616984606224605e-03
6.937400000000000000e+04,2.520120285983107333e-02,3.717622542096266081e-02
6.937500000000000000e+04,1.446653022166497805e-02,1.235285588673118440e-02
6.937600000000000000e+04,7.247095369569361498e-03,2.863103322683313579e-02
6.937700000000000000e+04,1.614638002824139024e-02,2.019957449414533368e-02
6.937800000000000000e+04,1.369761113821585212e-02,4.006984062714258332e-02
6.937900000000000000e+04,4.665759049438447659e-02,6.908231371273536314e-02
6.938000000000000000e+04,9.513341627829786928e-02,1.244540657450106669e-01
6.938100000000000000e+04,4.812048840795309090e-02,3.286048887510639727e-02
6.938200000000000000e+04,2.724146125148452918e-02,5.262042027088198459e-02
6.938300000000000000e+04,2.656680515909311951e-02,2.903440945934354644e-02
6.938400000000000000e+04,2.906351300761348885e-02,4.529027217244663284e-02
6.938500000000000000e+04,6.738127471110913480e-02,2.553708687942735089e-02
6.938600000000000000e+04,4.875906302915621743e-02,3.734301535023742957e-03
6.938700000000000000e+04,3.185314794174609609e-02,2.666414221219937097e-02
6.938800000000000000e+04,4.604767164535310958e-02,3.005572532494427129e-02
6.938900000000000000e+04,5.268764528572915384e-02,2.095199660494095895e-02
6.939000000000000000e+04,3.515710146804967851e-02,2.316745534324504696e-02
6.939100000000000000e+04,2.963979270200687785e-02,2.511857054698807268e-02
6.939200000000000000e+04,6.437391829948480590e-04,3.263604335779990429e-03
6.939300000000000000e+04,6.652507333816632534e-03,1.181664986903474546e-03
6.939400000000000000e+04,2.744192246358702868e-03,2.694173001062394324e-03
6.939500000000000000e+04,4.205709654021522886e-03,1.887362038309614576e-02
6.939600000000000000e+04,1.035891132212509759e-02,2.302368465094056793e-02
6.939700000000000000e+04,1.627026614523787579e-02,1.908853524268361301e-02
6.939800000000000000e+04,1.563025285478135060e-02,1.113681301355636498e-02
6.939900000000000000e+04,1.435925573055604754e-02,6.292769595549405071e-03
6.940000000000000000e+04,1.201899154102652537e-02,1.221501584588106232e-02
6.940100000000000000e+04,1.385596286524459764e-02,8.181914614415954079e-03
6.940200000000000000e+04,1.581447486389466958e-02,5.218473759434585912e-03
6.940300000000000000e+04,1.700256794343545097e-02,1.561409186593830378e-03
6.940400000000000000e+04,1.265302244391595943e-02,1.422651326095578095e-03
6.940500000000000000e+04,1.963474658433978989e-02,2.791579825290255168e-03
6.940600000000000000e+04,2.004386039226203203e-02,3.786236200940831798e-03
6.940700000000000000e+04,1.912540542258778925e-02,5.000153950181419893e-03
6.940800000000000000e+04,1.778936711186193328e-02,5.314421928631865577e-03
6.940900000000000000e+04,1.825214680178166224e-02,7.478388639004400484e-03
6.941000000000000000e+04,2.066566279071477621e-02,7.651580638048802868e-03
6.941100000000000000e+04,2.128296281257396200e-02,8.624319270689392858e-03
6.941200000000000000e+04,1.755264817409459693e-02,1.314795986781506706e-02
6.941300000000000000e+04,1.703634020528521295e-02,1.797270342121709205e-02
6.941400000000000000e+04,1.769415876423462500e-02,2.496144215263134541e-02
6.941500000000000000e+04,1.819774847707934448e-02,2.870453588791570254e-02
6.941600000000000000e+04,1.967205645921686619e-02,3.060159955579738050e-02
6.941700000000000000e+04,1.908435409199130822e-02,2.798272103371182012e-02
6.941800000000000000e+04,1.853820812517769506e-02,2.840727613877251992e-02
6.941900000000000000e+04,1.825969739447189794e-02,2.474740748950627137e-02
